Date,Close,High,Low,Open,Volume,Ticker
2018-01-02,78.69989013671875,79.02952375498265,78.28785160680647,78.8647069458507,22483800,MSFT
2018-01-03,79.06616973876953,79.21267670959426,78.71822616181606,78.80063109352733,26061400,MSFT
2018-01-04,79.7620620727539,80.2656710412665,79.26761153616974,79.28592141418987,21912000,MSFT
2018-01-05,80.75096893310547,80.95241253494737,80.05507475924358,80.26567679367027,23407100,MSFT
2018-01-08,80.83336639404297,81.10806345948694,80.21072576676166,80.76011291181304,22113000,MSFT
2018-01-09,80.77843475341797,81.24541699911678,80.44880104890551,81.17216351237246,19484300,MSFT
2018-01-10,80.41214752197266,80.75093954594306,80.03673575266434,80.44877425314525,18652200,MSFT
2018-01-11,80.6502456665039,80.69602385692144,79.88109801761614,80.69602385692144,17808900,MSFT
2018-01-12,82.04203033447266,82.2068471955099,80.9890341103924,81.19047771675316,24271500,MSFT
2018-01-16,80.89744567871094,83.13162755045599,80.58612891866001,82.49982861456591,36599700,MSFT
2018-01-17,82.53646850585938,82.66465860229602,81.26371898706964,81.56588435117158,25621200,MSFT
2018-01-18,82.49986267089844,83.02178162030839,82.09698240251196,82.22517253143103,24159700,MSFT
2018-01-19,82.40825653076172,82.96680193944808,82.09693980373494,82.53644659316504,36875000,MSFT
2018-01-22,83.88246154785156,83.89161997817749,82.17019834034734,82.4082686279732,23601600,MSFT
2018-01-23,84.14801025390625,84.51427066677205,83.81837658091067,84.14801025390625,23412800,MSFT
2018-01-24,84.07475280761719,85.54894583512001,83.85499936459995,84.74317855349946,33277500,MSFT
2018-01-25,84.54174041748047,85.37497605977458,84.17547999836634,84.66993051629495,26383200,MSFT
2018-01-26,86.12581634521484,86.12581634521484,84.77066172550174,85.26511229837129,29172200,MSFT
2018-01-29,85.99761962890625,87.39855931821482,85.81449290598047,87.11471080192887,31569900,MSFT
2018-01-30,84.91714477539062,85.75954576063309,84.33113095094811,85.42991211115469,38635100,MSFT
2018-01-31,86.99567413330078,87.35277611257865,85.62220283274401,85.84195628479893,48756300,MSFT
2018-02-01,86.3089370727539,87.96625684621124,85.68629648057518,86.79422913995393,47227900,MSFT
2018-02-02,84.03813934326172,86.04340991180412,83.78175912160712,85.74124451378103,47867800,MSFT
2018-02-05,80.57699584960938,85.3749877373471,80.57699584960938,82.92105167522095,51031500,MSFT
2018-02-06,83.6260757446289,83.76342424691147,78.05893807401105,79.56059919774107,67998600,MSFT
2018-02-07,82.05116271972656,84.02895743847557,81.67574393871682,82.85692990353762,41107600,MSFT
2018-02-08,77.83920288085938,82.29840213306117,77.61029098542112,82.14274372076396,55628700,MSFT
2018-02-09,80.74181365966797,81.42854942781467,76.75874760158462,79.02039851574841,63499100,MSFT
2018-02-12,81.61166381835938,82.20683612449804,80.51288954997754,81.25456183184346,35720300,MSFT
2018-02-13,82.25262451171875,82.40828292508755,80.39386102569787,81.42854028530053,26407700,MSFT
2018-02-14,83.54055786132812,83.70614894506195,81.33268610308124,81.42467958989934,34960900,MSFT
2018-02-15,85.24243927001953,85.297633939161,83.36574331405193,83.9085096103449,27823900,MSFT
2018-02-16,84.63526916503906,86.01519203186035,84.45128225692315,85.04924321762519,30596900,MSFT
2018-02-20,85.29765319824219,85.61043241886618,83.72454160466629,84.15691866030133,30911700,MSFT
2018-02-21,84.1661148071289,85.88642161151672,84.1661148071289,85.53684358982747,26922500,MSFT
2018-02-22,84.38691711425781,85.30686602983668,84.04653348877846,84.68130048649692,24392800,MSFT
2018-02-23,86.53038787841797,86.53958933227827,84.96647761750297,86.107212243331,26329200,MSFT
2018-02-26,87.78150177001953,87.80909910756385,86.70516349388218,86.84315720025525,30199800,MSFT
2018-02-27,86.65916442871094,88.16787972992923,86.65916442871094,88.07588626398207,25869100,MSFT
2018-02-28,86.26358795166016,88.04829070543867,86.13479569300105,87.24793279635567,31167300,MSFT
2018-03-01,85.41725158691406,86.99956477391478,84.48810125851891,86.4659927422698,37135600,MSFT
2018-03-02,85.60122680664062,85.69322027018512,83.58653696735456,84.24890113471719,32830400,MSFT
2018-03-05,86.14399719238281,86.723562356665,84.87447049119965,84.94806105429379,23901600,MSFT
2018-03-06,85.8496322631836,86.9259708067008,85.50005420302891,86.78797706604786,22175800,MSFT
2018-03-07,86.34639739990234,86.41999499048457,85.03087029751842,85.70243602893925,26716100,MSFT
2018-03-08,86.8707504272461,87.48711433207572,86.26358095539521,86.72355527577275,25887800,MSFT
2018-03-09,88.81184387207031,88.81184387207031,87.3951221031081,87.66190805492415,36937300,MSFT
2018-03-12,89.02342987060547,89.42820953211465,88.35187127072128,88.77504681745752,26073700,MSFT
2018-03-13,86.85235595703125,89.45580531859048,86.44757630253882,89.23501960643607,35387800,MSFT
2018-03-14,86.33719635009766,87.77232129855095,86.01521566311065,87.50553529543241,32132000,MSFT
2018-03-15,86.6407699584961,87.00875084694823,85.39884060129032,86.04280189209283,27611000,MSFT
2018-03-16,87.02716064453125,87.74471963145847,86.40159513975958,87.1007582377168,49081300,MSFT
2018-03-19,85.45404815673828,86.38319846091478,84.73648917637232,86.2360032758896,33344100,MSFT
2018-03-20,85.67484283447266,86.26360959855926,85.5552519981797,85.60125225295192,23075200,MSFT
2018-03-21,85.07685089111328,86.52116993401089,84.82846083494661,85.49082495985651,24457100,MSFT
2018-03-22,82.60218811035156,84.40528657812015,82.48259731548386,83.96370814868757,38604700,MSFT
2018-03-23,80.20111083984375,83.21854080924149,80.10911739319627,82.33539108785557,44068900,MSFT
2018-03-26,86.27281188964844,86.47520178276287,83.16338694800478,83.35657538634487,56396800,MSFT
2018-03-27,82.30780792236328,87.52391515207584,81.42465804897157,87.33992822711348,56569000,MSFT
2018-03-28,82.23419952392578,83.9269084891757,81.75582937078036,82.62977767732791,52501100,MSFT
2018-03-29,83.96371459960938,84.90206620225291,81.32346632761482,82.96097388748707,45867500,MSFT
2018-04-02,81.4338607788086,83.60494040408472,80.50471758883897,83.22776506388908,48515400,MSFT
2018-04-03,82.52862548828125,82.84141180381988,80.85431855777396,82.4090346427643,37213800,MSFT
2018-04-04,84.9388656616211,85.33444388572438,80.70710302013464,80.81749237285543,35560000,MSFT
2018-04-05,84.98486328125,85.61963016683214,84.08331743369332,85.04006497911713,29771900,MSFT
2018-04-06,83.0069808959961,85.05846272983517,82.31701931607986,84.16611129682583,38026000,MSFT
2018-04-09,83.50376892089844,85.71164795844938,83.36578218370785,83.75215908514943,31533900,MSFT
2018-04-10,85.4448471069336,85.81282805258338,84.30411249220671,84.99407413330529,26812000,MSFT
2018-04-11,84.50650024414062,85.82202735425955,84.15692221479844,84.64449397263053,24872100,MSFT
2018-04-12,86.08881378173828,86.62238579124602,85.03087121630813,85.03087121630813,26758900,MSFT
2018-04-13,85.62882995605469,86.64077216103442,85.0400633270246,86.52118135217425,23346100,MSFT
2018-04-16,86.63155364990234,87.08233349481252,85.9415922343689,86.53956019822797,20288100,MSFT
2018-04-17,88.3794937133789,88.81187083487742,87.28475223712974,87.39514863580597,26771000,MSFT
2018-04-18,88.71986389160156,88.97744843079862,87.87350566740112,88.51747403404606,21043300,MSFT
2018-04-19,88.4162826538086,89.29943268877997,87.70791812393453,88.71986745232604,23552500,MSFT
2018-04-20,87.39512634277344,88.4162699594285,86.52117788680634,88.23228302722013,31154400,MSFT
2018-04-23,87.71713256835938,88.58188684299937,87.0547681893716,88.07591210386882,22331800,MSFT
2018-04-24,85.66563415527344,88.74746120897072,85.01247135429568,88.53586989831345,34524800,MSFT
2018-04-25,84.92044830322266,85.83120242006444,83.05295387193462,85.83120242006444,33729300,MSFT
2018-04-26,86.71437072753906,87.53312454965037,85.64722681366479,86.06120796038577,42529000,MSFT
2018-04-27,88.14949035644531,90.06298547157677,86.39239186549489,89.78699803469455,48272800,MSFT
2018-04-30,86.0335922241211,88.68304875304986,85.69321572519416,88.618652630119,41523600,MSFT
2018-05-01,87.39512634277344,87.66191230753168,85.36204056166922,85.74841733049773,31408900,MSFT
2018-05-02,86.0244140625,87.55152541741505,85.73003072789876,87.38593435303609,27471000,MSFT
2018-05-03,86.5395736694336,87.33073011055954,85.04925425317623,85.51843005399547,31142500,MSFT
2018-05-04,87.5423355102539,87.73552392557835,85.48164504282109,85.84962598476643,22531300,MSFT
2018-05-07,88.5174789428711,88.96825191146401,87.48713371029172,87.55152984866214,24242000,MSFT
2018-05-08,88.1402816772461,88.46226933342734,87.45032016026029,88.17708046705685,23484600,MSFT
2018-05-09,89.17984008789062,89.20743742926828,87.44113739457332,88.3242874119208,27327400,MSFT
2018-05-10,90.07218170166016,90.10897347370249,89.28102524836812,89.6582005703413,22388100,MSFT
2018-05-11,89.87899017333984,90.03538679519943,89.27182764732414,89.9709906633697,16778300,MSFT
2018-05-14,90.18257904052734,90.78974861276431,89.52021478668784,90.08138411182118,19454100,MSFT
2018-05-15,89.52943420410156,90.01700603916228,88.62788111799884,89.45583660142916,24594000,MSFT
2018-05-16,89.76041412353516,89.99139820154268,89.27072900601117,89.95443990317251,17384700,MSFT
2018-05-17,88.86417388916016,90.12072754214597,88.54079766576079,89.40005851597796,17246700,MSFT
2018-05-18,89.0304946899414,89.55713805318216,88.70711842287673,88.70711842287673,17865800,MSFT
2018-05-21,90.1761703491211,90.55498756895888,89.43702562972157,89.62181004730303,19422500,MSFT
2018-05-22,90.08377838134766,90.70281393588282,89.80659470516018,90.2500871772454,15441200,MSFT
2018-05-23,91.15554809570312,91.22022334718686,88.99353374068117,89.35386829167254,21251200,MSFT
2018-05-24,90.83214569091797,91.41422988095681,89.44624169417368,91.22020416730128,26649300,MSFT
2018-05-25,90.87836456298828,91.45120754066518,90.41639646620573,90.82293064707797,18363900,MSFT
2018-05-29,90.55499267578125,91.35881269157285,89.83432353786847,90.39791815799778,28671000,MSFT
2018-05-30,91.42347717285156,91.70066083126555,90.46258980158247,90.83215861403677,22158500,MSFT
2018-05-31,91.32184600830078,92.38437399440679,91.10934464052364,91.7376215067284,34140900,MSFT
2018-06-01,93.1235122680664,93.18818750748015,91.62673337854075,91.72836690462985,28655600,MSFT
2018-06-04,93.93659210205078,94.11214223638947,93.17896469727292,93.55778192419876,27281600,MSFT
2018-06-05,94.41706848144531,94.54641902106759,93.80726703830399,94.24151829949692,23514400,MSFT
2018-06-06,94.69422149658203,94.79585504501118,94.14910250871115,94.68498720968772,21122900,MSFT
2018-06-07,93.20668029785156,94.87900959491209,92.74471220290945,94.84205130142787,28232200,MSFT
2018-06-08,93.8996353149414,94.19529462279282,92.8925482206917,93.40070891124078,22165100,MSFT
2018-06-11,93.36373901367188,93.86265826862545,93.01263880950212,93.32678072643967,23490900,MSFT
2018-06-12,93.60397338867188,93.73332389167138,93.08657137667386,93.40994763417261,18325200,MSFT
2018-06-13,93.17896270751953,94.25073206406556,92.91102036838303,93.98278972492905,29492900,MSFT
2018-06-14,93.70561218261719,94.26921385543073,93.3175606518822,93.91812062034776,25691800,MSFT
2018-06-15,92.51372528076172,93.80723731622108,92.45829136679475,93.78876169458992,65738600,MSFT
2018-06-18,93.18820190429688,93.41918594489863,91.85773157472727,92.40285757606563,23586000,MSFT
2018-06-19,93.18820190429688,93.31755240310798,91.93164815949747,92.07023999367321,28653100,MSFT
2018-06-20,94.12136840820312,94.72192120436118,93.42841636733827,93.65940038095988,26180800,MSFT
2018-06-21,93.4468994140625,94.66649482095606,93.20667404706239,94.31540163001222,23198200,MSFT
2018-06-22,92.77241516113281,93.10502562887889,92.051739175312,92.77241516113281,38923100,MSFT
2018-06-25,90.90608215332031,92.49525354515895,89.89899507888408,92.39361999923388,35433300,MSFT
2018-06-26,91.54358673095703,92.46752279312074,91.23868613866556,91.3033613810541,26897200,MSFT
2018-06-27,90.1207275390625,92.41208510684788,89.99137704970718,92.00555801847673,31298400,MSFT
2018-06-28,91.1278076171875,91.57130001082368,89.86201977421742,89.97288758582212,26650700,MSFT
2018-06-29,91.1093521118164,92.31047202922775,90.85065109553064,91.40501142315357,28053200,MSFT
2018-07-02,92.40287780761719,92.44907039640727,90.54576374082457,90.63815596747978,19564500,MSFT
2018-07-03,91.51587677001953,92.97569050249281,91.4142432314895,92.83710572183665,14670300,MSFT
2018-07-05,92.17188262939453,92.31970876444636,91.49740606269937,91.93165722972684,18977400,MSFT
2018-07-06,93.46540069580078,93.71486039842212,92.08873051572955,92.29199763220045,19234600,MSFT
2018-07-09,94.10289001464844,94.47246586304709,93.54852976658697,93.91810561498562,18212000,MSFT
2018-07-10,94.3523941040039,94.71272876051333,94.11216864997236,94.24151919081801,19293100,MSFT
2018-07-11,94.22300720214844,94.5556177151989,93.40993891736954,93.456138542304,19644600,MSFT
2018-07-12,96.2649154663086,96.46818255928501,94.91596945273413,94.95292069775363,24335900,MSFT
2018-07-13,97.41059112548828,97.56765858332078,96.17251298657227,96.43122103656377,24635200,MSFT
2018-07-16,96.93016052246094,97.77093888912599,96.56981888066215,97.38288733528057,21786900,MSFT
2018-07-17,97.8910140991211,98.39918170690767,96.3850009918832,96.65294327152776,25901700,MSFT
2018-07-18,97.1241683959961,97.98342927773305,96.75459253466573,97.88179573964037,29493900,MSFT
2018-07-19,96.45893096923828,97.29970916099111,95.98772158098339,96.94861597803883,40171600,MSFT
2018-07-20,98.18669128417969,99.9698883306532,98.01114820954078,99.8590205043704,56004000,MSFT
2018-07-23,99.75739288330078,99.91446034590324,98.05734660566769,98.21442111734395,29707000,MSFT
2018-07-24,99.47097778320312,100.54274014316849,99.10140188184216,100.31175608595214,26316600,MSFT
2018-07-25,102.39986419677734,102.69552353767459,99.41554677693898,99.74816441658271,30702100,MSFT
2018-07-26,101.28186798095703,102.55689713743203,101.17099312206133,102.31667180102752,31372100,MSFT
2018-07-27,99.48944091796875,101.799281200194,98.06657845822923,101.799281200194,37005300,MSFT
2018-07-30,97.35514831542969,99.35084660378827,96.79154673675168,99.03671171682569,34668300,MSFT
2018-07-31,98.0111312866211,98.60244975494174,97.36437186565827,98.38994137613643,27655200,MSFT
2018-08-01,98.1959457397461,98.35301321401542,97.40135998287572,97.96496167202969,23628700,MSFT
2018-08-02,99.38782501220703,99.86826877454448,96.86547587498092,97.38288498335321,26104300,MSFT
2018-08-03,99.82205200195312,99.83129333622254,98.69484888955505,99.60030932299581,18659600,MSFT
2018-08-06,99.90521240234375,100.17315472915924,99.37856908386456,99.89597811626528,20265900,MSFT
2018-08-07,100.59815216064453,100.80141921459484,99.942158426851,100.30249291373656,16080200,MSFT
2018-08-08,101.16177368164062,101.40199907003469,100.4873041956721,101.01394755352618,15487500,MSFT
2018-08-09,101.32807922363281,101.78081302741072,101.26340397296077,101.36503751674164,13677200,MSFT
2018-08-10,100.7090835571289,101.34660202984638,100.13624036069606,101.09713521483674,18183700,MSFT
2018-08-13,99.97913360595703,101.2449287154656,99.87750006181025,100.93078674744636,18472500,MSFT
2018-08-14,101.22645568847656,101.40200583583237,99.82207565685319,100.30251941662388,16788300,MSFT
2018-08-15,99.85377502441406,101.08733379534961,99.07467819814832,100.62358787472989,29982800,MSFT
2018-08-16,99.83521270751953,100.9667537894869,99.51986890497811,100.447360667089,21384300,MSFT
2018-08-17,99.77957916259766,100.07637628416549,98.95411194710579,99.57552981473196,18061500,MSFT
2018-08-20,99.12101745605469,100.07633255251346,98.75929634334113,99.71461143979991,17914200,MSFT
2018-08-21,98.29560089111328,99.56626034569261,98.17502240771962,99.1674385204256,22881900,MSFT
2018-08-22,99.29724884033203,99.55694535720907,98.11006071963736,98.17498484885662,18000600,MSFT
2018-08-23,99.7610092163086,100.33605664211588,99.1210447279977,99.38074128281376,18167700,MSFT
2018-08-24,100.54011535644531,100.68851036898491,99.76101854295902,99.86304320991796,17234000,MSFT
2018-08-27,101.65308380126953,101.69018431655091,100.64212129560093,101.34700985734794,19662300,MSFT
2018-08-28,102.26522827148438,102.48782427953392,101.82930607674602,101.9684312353518,19151500,MSFT
2018-08-29,103.89762878417969,103.90690568355716,102.27451812696678,102.44146693475672,20818000,MSFT
2018-08-30,103.83270263671875,104.44485061219955,103.35968692061168,103.57300606876959,22798700,MSFT
2018-08-31,104.18512725830078,104.60249562431373,103.43385429279894,103.59153323382954,23222700,MSFT
2018-09-04,103.61011505126953,103.84198801676146,102.22815415827401,102.8124714838812,22634600,MSFT
2018-09-05,100.62358093261719,103.34113212301044,100.26185970558538,102.96086417396192,32872400,MSFT
2018-09-06,100.85543060302734,101.08730349383193,99.71461994294025,100.40096171838609,23477600,MSFT
2018-09-07,100.3638916015625,100.83691442339288,99.45495355701134,100.3824454011173,22498600,MSFT
2018-09-10,101.44905853271484,101.69020840105836,100.50301993567709,100.94821207209435,20727900,MSFT
2018-09-11,103.17418670654297,103.49880742399567,100.99458237370227,101.00385927311548,24301800,MSFT
2018-09-12,103.61011505126953,103.7399633458489,102.49712764738881,103.3504184621108,18891100,MSFT
2018-09-13,104.72307586669922,105.4836186659779,103.99035668214307,103.99035668214307,26055600,MSFT
2018-09-14,105.1497573852539,105.48365502942725,104.28718965050632,105.14048048508201,19122300,MSFT
2018-09-17,104.0089340209961,105.45581902213574,103.74923743886345,105.44654919863183,20736500,MSFT
2018-09-18,105.00135803222656,105.4558270857092,103.61939707094982,104.05531939980531,22170900,MSFT
2018-09-19,103.60083770751953,105.1033770649033,102.98869676086775,104.85295737677333,21728400,MSFT
2018-09-20,105.33525085449219,105.5485770970305,103.81416476156244,104.13878549916305,23714500,MSFT
2018-09-21,105.97520446777344,106.93051979419361,105.27958568723056,105.73405464251586,71229700,MSFT
2018-09-24,106.35546112060547,106.56878730423303,104.08310950871767,104.83437544772885,27334500,MSFT
2018-09-25,106.15142059326172,106.75429160418047,105.50217924377999,106.47604834420258,22668000,MSFT
2018-09-26,105.71551513671875,106.71720087115094,105.49291201688881,106.16998412302043,19352000,MSFT
2018-09-27,106.1143569946289,106.57810296787449,105.91957745880802,106.45752448606136,19091300,MSFT
2018-09-28,106.07721710205078,106.26271259203028,105.4372456320826,105.91026833058949,21647800,MSFT
2018-10-01,107.22734069824219,107.29226484914663,106.41115036170034,106.42969708644372,18883100,MSFT
2018-10-02,106.80068969726562,107.44065427246214,106.14217132209161,106.93981489229142,20787200,MSFT
2018-10-03,106.81920623779297,107.75597473832165,106.59661023437009,107.05107913858328,16648000,MSFT
2018-10-04,104.61180877685547,106.43896889138293,103.53591481200017,106.2998436957618,34821700,MSFT
2018-10-05,103.99964141845703,104.96423363230741,102.61768077151183,104.46338726687355,29068900,MSFT
2018-10-08,102.81243896484375,103.90687929884795,101.41192471491146,103.5637119472308,29640600,MSFT
2018-10-09,104.12022399902344,104.88076693755482,102.7660869170627,103.08143070992189,26198600,MSFT
2018-10-10,98.4625244140625,103.41532680340741,98.11934993015274,103.17417697481676,61376300,MSFT
2018-10-11,98.23063659667969,101.03165805367716,96.64461976843303,97.71123650026357,63904300,MSFT
2018-10-12,101.6252670288086,103.1741764960841,99.35291515531817,101.10587393228512,47742100,MSFT
2018-10-15,99.79811096191406,101.54179998203043,99.19523990870789,101.01312996716973,32068100,MSFT
2018-10-16,102.95156860351562,103.33184355979802,101.05020797450246,101.59743170346016,31610200,MSFT
2018-10-17,102.6826171875,103.70285676079119,101.60673037012776,103.58228537321527,26548200,MSFT
2018-10-18,100.63286590576172,102.51567323245152,100.0114480634338,102.11685145318708,32506200,MSFT
2018-10-19,100.78126525878906,102.8217444465018,100.36388969116528,101.03168493840248,32785500,MSFT
2018-10-22,101.68091583251953,102.52493670356213,100.39170289366133,101.39339566054694,26545600,MSFT
2018-10-23,100.2618637084961,101.0687841343526,97.48866516513328,99.95578971149526,43770400,MSFT
2018-10-24,94.90095520019531,100.62357757668839,94.22388311185507,100.54938361489532,63897800,MSFT
2018-10-25,100.44738006591797,101.34704130490347,98.45327097702855,98.82426916876177,61646800,MSFT
2018-10-26,99.20449829101562,100.86470906406458,97.16401965077398,98.0265871009905,55523100,MSFT
2018-10-29,96.32001495361328,100.81834843860372,94.26098217636726,100.27113171329619,55162000,MSFT
2018-10-30,96.2087173461914,96.81158129143232,92.85119483807064,96.14379321011006,65350900,MSFT
2018-10-31,99.06539154052734,100.29895726615871,97.74835495398283,97.79473237195712,51062400,MSFT
2018-11-01,98.23992919921875,99.53841912707702,97.8782079653712,99.28799945602904,33384200,MSFT
2018-11-02,98.4625244140625,99.5384111298819,97.36808390116677,98.75932148148168,37680200,MSFT
2018-11-05,99.71466064453125,99.92797982847276,98.22139805213295,98.65732039697248,27922100,MSFT
2018-11-06,99.909423828125,100.94821017773944,98.57383329153355,99.59407291756256,24340200,MSFT
2018-11-07,103.84199523925781,104.10169184647917,101.46761817186042,101.50471869806374,37901700,MSFT
2018-11-08,103.64720916748047,104.07385454846649,102.8681194481671,103.69358658819236,25644100,MSFT
2018-11-09,101.6252670288086,103.36894890728041,100.87400100330854,102.81245529297665,32039200,MSFT
2018-11-12,99.12101745605469,101.98696274543101,98.40684505060597,101.48611649485876,33621800,MSFT
2018-11-13,99.18596649169922,100.85544733676987,98.90771614608732,99.75173700522988,35374600,MSFT
2018-11-14,97.77940368652344,100.84403476118644,97.31365441268596,100.69499158230887,39495100,MSFT
2018-11-15,99.93118286132812,100.41556618190283,96.79203668189662,97.7980499116069,38505200,MSFT
2018-11-16,100.87198638916016,101.42156716358255,99.48405543557858,99.74487391203466,33502100,MSFT
2018-11-19,97.45337677001953,101.12347607040829,96.45667364761479,100.85334064943153,44773900,MSFT
2018-11-20,94.74273681640625,95.91642722890786,92.54439920234928,94.82657539925638,64052500,MSFT
2018-11-21,96.04681396484375,97.27639173976333,95.23640768557661,96.50324625449615,28130600,MSFT
2018-11-23,96.00955963134766,96.69886659980608,95.01285642178213,95.17120947686023,13823100,MSFT
2018-11-26,99.17664337158203,99.32567943146275,97.41611182945199,97.61172565560318,32336200,MSFT
2018-11-27,99.80077362060547,99.97776065392796,98.14270701402002,98.99036716498132,29124500,MSFT
2018-11-28,103.50811004638672,103.70372386755272,100.47142311759002,100.49936693393244,46788500,MSFT
2018-11-29,102.64183807373047,103.50813209875449,101.56129623315398,102.77224731562478,28123200,MSFT
2018-11-30,103.29389190673828,103.36841350954096,101.86870001030037,103.11690487677474,33665600,MSFT
2018-12-03,104.41168975830078,105.65058478104164,103.14485801737449,105.2593570181039,34732800,MSFT
2018-12-04,101.08621215820312,104.92398846318406,100.79744990289637,104.27194236837224,45197000,MSFT
2018-12-06,101.7103271484375,101.75689781105125,97.8073460188522,98.57117453206196,49107400,MSFT
2018-12-07,97.6396713256836,101.95250677100626,97.15529523841703,100.95580367211875,45044900,MSFT
2018-12-10,100.21994018554688,100.58323121120763,96.773397891085,97.6210651063418,40801500,MSFT
2018-12-11,101.15142059326172,103.34975766286827,100.080202983667,102.27854005327356,42381900,MSFT
2018-12-12,101.60787200927734,103.64784917121867,101.57061121135904,103.29388225115048,36183000,MSFT
2018-12-13,101.9525146484375,103.27524800606902,101.1886861127655,102.07361400968807,31333400,MSFT
2018-12-14,98.76681518554688,101.77555939261788,98.27312196583516,100.83474362845172,47043100,MSFT
2018-12-17,95.84187316894531,98.55253701926615,94.74270473412314,98.1892531990661,56957300,MSFT
2018-12-18,96.847900390625,97.35091043452047,95.49722329865486,96.6429695831006,49319200,MSFT
2018-12-19,96.58708953857422,99.55856516091758,94.40737917704242,96.54982874275306,68198200,MSFT
2018-12-20,94.55644226074219,97.16463455621393,92.01344748821633,95.99095122129889,70334200,MSFT
2018-12-21,91.5011215209961,95.94436724609314,90.78386353363636,94.66821145341136,111242100,MSFT
2018-12-24,87.68194580078125,91.25890351414245,87.54222671987462,90.98876811310777,43935200,MSFT
2018-12-26,93.67150115966797,93.79260053145383,87.52361154419525,88.62278022595936,51634800,MSFT
2018-12-27,94.2490234375,94.25834041288216,89.79646151199734,92.4978087244599,49498500,MSFT
2018-12-28,93.51314544677734,95.3947766299849,92.70273909280928,95.09669025050847,38196300,MSFT
2018-12-31,94.61231994628906,95.38546555061806,93.55972900408138,94.35150145489395,33173800,MSFT
2019-01-02,94.19314575195312,94.77998734118098,92.16247841703095,92.73069316029616,35329300,MSFT
2019-01-03,90.72796630859375,93.32684829113309,90.54166232197043,93.24300972046,42579100,MSFT
2019-01-04,94.94763946533203,95.48791028431893,92.15314405138929,92.88902869653987,44060600,MSFT
2019-01-07,95.06873321533203,96.19584553067855,94.06272025150858,94.67750555680239,35656100,MSFT
2019-01-08,95.758056640625,96.84790827102704,94.7427194953017,95.98161430940154,31514400,MSFT
2019-01-09,97.12734985351562,97.69556453271322,96.167907492278,96.74543914679175,32280800,MSFT
2019-01-10,96.50322723388672,96.64295340715435,95.36679811457026,96.14926042080798,30067600,MSFT
2019-01-11,95.758056640625,96.35421516187587,94.67751487912646,96.12134051742568,28314200,MSFT
2019-01-14,95.05941772460938,95.82324615374536,94.32353311131985,94.91969153860799,28437100,MSFT
2019-01-15,97.81668090820312,97.85394170917995,94.90108541601377,95.48793414793488,31587600,MSFT
2019-01-16,98.16133880615234,98.98106228028657,97.77011102446376,98.049563500968,29853900,MSFT
2019-01-17,98.85063934326172,99.32569853811184,97.58380061011998,97.80735829633008,28393000,MSFT
2019-01-18,100.33172607421875,100.50871310482539,98.65503264569345,100.09885139469263,37427600,MSFT
2019-01-22,98.44076538085938,99.76349159382995,97.67693686706806,99.4374685282062,32371300,MSFT
2019-01-23,99.40019989013672,99.70759608779746,98.12404444051957,98.85061920956383,25874300,MSFT
2019-01-24,98.92515563964844,99.6703574163105,98.12406621710652,99.53994817141026,23164800,MSFT
2019-01-25,99.82870483398438,100.49006799762356,98.9251500406221,99.893909452744,31225600,MSFT
2019-01-28,97.88186645507812,99.18596580800073,97.49063878123226,98.98103499595679,29476700,MSFT
2019-01-29,95.88848114013672,97.77942241706069,95.17122314123856,97.69558383618954,31490500,MSFT
2019-01-30,99.09281921386719,99.09281921386719,97.18325133435708,97.45338678308951,49471900,MSFT
2019-01-31,97.27638244628906,98.01226706725222,96.11200939541745,96.68954098708664,55636400,MSFT
2019-02-01,95.73942565917969,96.96900353574821,95.3388809740294,96.67092426587615,35535700,MSFT
2019-02-04,98.49667358398438,98.55256834031151,95.73012122262988,95.82327678091801,31315100,MSFT
2019-02-05,99.87527465820312,99.92184532117027,98.70158450717521,98.79473293987935,27325400,MSFT
2019-02-06,98.76681518554688,99.6703701454442,98.30106579234386,99.6703701454442,20609800,MSFT
2019-02-07,98.05885314941406,98.35693241305287,97.14598851373218,97.98433866358202,29760700,MSFT
2019-02-08,98.43145751953125,98.53392293632469,97.11804816018798,97.23914042241182,21461100,MSFT
2019-02-11,98.04022979736328,99.27912466812353,97.77941132073386,98.92515064403747,18914100,MSFT
2019-02-12,99.56787109375,99.8007457117271,98.25446194387918,98.86924723981868,25056600,MSFT
2019-02-13,99.49337005615234,100.39692489757431,99.40022161107984,100.13610640866298,18394900,MSFT
2019-02-14,99.57720947265625,99.94049338624748,98.42215310910387,99.02762156057535,21784700,MSFT
2019-02-15,100.80679321289062,100.88131481655735,100.00570374040146,100.51803088214614,26606900,MSFT
2019-02-19,100.76020050048828,101.2166399252208,100.39691661991846,100.40623359568878,18038500,MSFT
2019-02-20,100.23632049560547,100.97534787622101,99.4318100375744,100.90050803428319,21607700,MSFT
2019-02-21,102.35053253173828,102.4160156301983,99.97442031499627,100.00248348046163,29063200,MSFT
2019-02-22,103.8098373413086,104.02499295816347,102.73403784567451,102.94920059964929,27763200,MSFT
2019-02-25,104.38984680175781,104.94178179394864,104.08114489937165,104.54888327300539,23750600,MSFT
2019-02-26,105.11019897460938,105.93341618626317,103.9969790323076,104.0811756757613,21536700,MSFT
2019-02-27,104.93243408203125,105.11017696322715,103.72566811747757,104.48340920138725,21487100,MSFT
2019-02-28,104.80146789550781,105.59662177185771,104.52082912938997,104.8108246621816,29083900,MSFT
2019-03-01,105.26920318603516,105.7275848197455,104.4646925668822,105.60597540508158,23501200,MSFT
2019-03-04,105.0166244506836,105.94274445681275,103.6508292196596,105.72758165886286,26608000,MSFT
2019-03-05,104.49276733398438,105.13824868169787,104.05309918423654,105.00728248609258,19538300,MSFT
2019-03-06,104.53953552246094,105.39082286170616,104.24018322300454,104.65179531117776,17687000,MSFT
2019-03-07,103.26728820800781,104.35244477254916,102.78084338960363,104.21212181856579,25339000,MSFT
2019-03-08,103.37952423095703,103.56661670183973,101.77986005241297,102.11663220969807,22818400,MSFT
2019-03-11,105.54984283447266,105.66209547609726,103.81921228392213,103.82856191264341,26491600,MSFT
2019-03-12,106.28886413574219,106.63498594344311,105.38145060408814,105.54047992855185,26132700,MSFT
2019-03-13,107.1120834350586,107.57982179067021,106.43853906103854,106.76595448254248,35513800,MSFT
2019-03-14,107.1962661743164,107.76690750325866,106.95304738341547,107.14949662396798,30763400,MSFT
2019-03-15,108.43111419677734,109.6846496238026,107.19627802741456,107.89788559430455,54681100,MSFT
2019-03-18,109.98399353027344,110.02141345411441,108.5620721099197,108.67432474432194,31207600,MSFT
2019-03-19,110.0588607788086,110.79788840013872,109.44144258739769,110.4704657692934,37588700,MSFT
2019-03-20,109.9372329711914,111.0878726024812,109.1794990293187,109.8156235537062,28113300,MSFT
2019-03-21,112.4630355834961,113.02432030367544,109.53498827907102,109.58176497955365,29854400,MSFT
2019-03-22,109.49757385253906,111.87367889467477,109.48821708515739,111.78948939960675,33624500,MSFT
2019-03-25,110.06819915771484,110.39561459673766,108.81465658630007,109.0391690106127,27067100,MSFT
2019-03-26,110.30206298828125,111.05044007866555,109.31045281626866,110.9662506000597,26097700,MSFT
2019-03-27,109.23563385009766,110.58272286229932,108.06628773176213,110.27401377414938,22733400,MSFT
2019-03-28,109.3852767944336,109.99333799891066,108.63689267552031,109.86237184866881,18334800,MSFT
2019-03-29,110.33014678955078,110.68562543870597,109.41337629619376,110.45175621599596,25399800,MSFT
2019-04-01,111.3404312133789,111.42462782580611,110.47979438145998,111.27494813132247,22789100,MSFT
2019-04-02,111.49948120117188,111.77077032749823,110.87270632587649,111.37786465036814,18142300,MSFT
2019-04-03,112.22914123535156,112.65945966240936,111.46205062414057,112.12623822702027,22860700,MSFT
2019-04-04,111.65849304199219,112.47236029340806,110.74172278854256,112.35074376166614,20112800,MSFT
2019-04-05,112.15431213378906,112.47237795468953,111.66786734179729,111.68657373732248,15826200,MSFT
2019-04-08,112.19174194335938,112.27593143632009,110.98497591773388,112.07948214895625,15116200,MSFT
2019-04-09,111.58365631103516,111.82688224418557,110.92882549538471,110.9755950467194,17612000,MSFT
2019-04-10,112.43494415283203,112.5846167099296,111.82688288503167,112.0326888960214,16477200,MSFT
2019-04-11,112.56591796875,113.05236273378559,112.18236907908332,112.76236722792521,14209100,MSFT
2019-04-12,113.14590454101562,113.17397483732881,112.60333347668178,112.85590904653368,19745100,MSFT
2019-04-15,113.23949432373047,113.73529599450045,112.79046222094223,113.13659128219824,15792600,MSFT
2019-04-16,112.97753143310547,113.80075559533735,112.35076368204014,113.79139882882426,14071800,MSFT
2019-04-17,113.91301727294922,113.98785713674188,112.76238469990653,113.41721566528675,19300900,MSFT
2019-04-18,115.4097671508789,115.55008295117011,113.47333059852848,114.30590432015464,27991000,MSFT
2019-04-22,115.77459716796875,115.99910957520437,114.6613776228442,114.70815431219863,15648700,MSFT
2019-04-23,117.34619903564453,117.47716520212103,115.84008098404394,116.09265655164269,24025500,MSFT
2019-04-24,116.9439468383789,117.72974385784991,116.4855581065665,117.67361753849369,31257000,MSFT
2019-04-25,120.81681823730469,122.89357779319953,120.51747309573709,121.66810551749202,38033900,MSFT
2019-04-26,121.50907135009766,122.0984262551426,120.69521116636285,121.33132848830684,23654900,MSFT
2019-04-29,121.39682006835938,121.78035468182438,121.00392155201622,121.51842233759561,16324200,MSFT
2019-04-30,122.17328643798828,122.266825561595,121.04135313066507,121.43425170799986,24166500,MSFT
2019-05-01,119.62873077392578,122.21999750660638,119.46034472051959,122.10774489574838,26821700,MSFT
2019-05-02,118.06649780273438,119.74100173026036,117.42101668140383,119.72229533907276,27350200,MSFT
2019-05-03,120.58296203613281,121.07876363201555,119.03943092053474,119.14233394652422,24911100,MSFT
2019-05-06,119.8813247680664,120.26487361328238,117.97295871806793,118.23489103327869,24239800,MSFT
2019-05-07,117.42105865478516,118.97395375189055,116.20494295352088,118.30040923445314,36017700,MSFT
2019-05-08,117.41169738769531,118.2162080218855,116.7007330078506,117.34621429594131,28419000,MSFT
2019-05-09,117.4023208618164,117.67360994974439,115.5968506220423,116.27039495936411,27235800,MSFT
2019-05-10,118.92716217041016,119.67554645994625,115.8307362682696,116.8504096843345,30915100,MSFT
2019-05-13,115.39105224609375,117.44910531703063,115.10105674611523,116.10201655329892,33944900,MSFT
2019-05-14,116.68201446533203,117.7578069839985,115.71846744822507,115.8775039148907,25266300,MSFT
2019-05-15,118.32515716552734,118.97302773764963,116.14681772871896,116.67262874004524,24722700,MSFT
2019-05-16,121.05747985839844,121.48001415439977,118.73830498508457,119.01059833794817,30112200,MSFT
2019-05-17,120.25000762939453,122.49407281564774,120.10915808590661,120.47534397564394,25770500,MSFT
2019-05-20,118.51295471191406,119.79929734944015,118.08104336554746,118.79463228726247,23706900,MSFT
2019-05-21,119.15143585205078,119.74296521710198,118.85097546866184,119.6490726904568,15293300,MSFT
2019-05-22,119.87440490722656,120.40960730217815,118.79462304356026,118.88852272491032,15396500,MSFT
2019-05-23,118.47537994384766,118.57866385630554,117.12330484515489,118.4941555808675,23603800,MSFT
2019-05-24,118.53172302246094,119.63967194282175,118.27821250396839,119.16081794527584,14123400,MSFT
2019-05-28,118.45663452148438,120.18428010955945,118.35335058268191,119.22656477939458,23128400,MSFT
2019-05-29,117.31111145019531,117.73363138869334,116.46606440965887,117.7242399872595,22763100,MSFT
2019-05-30,118.05287170410156,118.08103874417998,117.16087484155737,117.61156897343257,16829600,MSFT
2019-05-31,116.1280288696289,117.01063422525469,115.79001010209305,116.64444842101408,26646800,MSFT
2019-06-03,112.52252197265625,116.77592451967459,111.7432075229949,116.28767189983233,37983600,MSFT
2019-06-04,115.63980102539062,115.7524691892667,113.28306069593012,113.87459004690082,29382600,MSFT
2019-06-05,118.14675903320312,118.18431747283711,116.625674463956,117.3204876883351,24926100,MSFT
2019-06-06,120.01524353027344,120.15608588437492,117.9307967474827,118.71950963232716,21459000,MSFT
2019-06-07,123.37664031982422,124.17474459816778,120.42837096445183,121.3015921194578,33885600,MSFT
2019-06-10,124.50338745117188,125.89301394446198,123.94001800214821,124.31558808344383,26477100,MSFT
2019-06-11,124.03390502929688,126.04323484606017,123.26396781600276,125.70521607655425,23913700,MSFT
2019-06-12,123.46119689941406,123.9118839824841,122.72882501676872,123.37668143058264,17092500,MSFT
2019-06-13,124.240478515625,124.87895048320266,123.52687534353302,123.92122820475676,17200800,MSFT
2019-06-14,124.3625259399414,125.6207013508134,123.6019872860125,124.18412515404127,17821700,MSFT
2019-06-17,124.73811340332031,125.56437038843215,124.43764589813112,124.53154557527255,14517800,MSFT
2019-06-18,126.90705108642578,126.98216795669494,125.41414089840629,125.99627873414464,25934500,MSFT
2019-06-19,127.40467071533203,127.63000696881649,125.63946031863112,126.75680033241197,23744400,MSFT
2019-06-20,128.58775329589844,129.25440660145264,127.43286179759795,129.0572230153629,33042600,MSFT
2019-06-21,128.60653686523438,129.32012568533872,128.12768290626582,128.24035105494573,36727900,MSFT
2019-06-24,129.36709594726562,129.94923391012415,128.63472421106255,128.63472421106255,20628800,MSFT
2019-06-25,125.28266143798828,129.1886522870415,124.6254068064352,128.8694163698695,33327400,MSFT
2019-06-26,125.7521743774414,127.4516670966558,125.44233691572948,126.14654161923751,23657700,MSFT
2019-06-27,125.95877838134766,126.48459674560242,125.35785743499913,125.94939414035731,16557500,MSFT
2019-06-28,125.78034210205078,126.38126281077415,125.02918763437661,126.35309577185585,30043000,MSFT
2019-07-01,127.3953857421875,128.35310865465368,126.72874629513599,128.2873902978167,22613500,MSFT
2019-07-02,128.24038696289062,128.24977120221527,127.07609656790167,127.80846839354673,15237800,MSFT
2019-07-03,129.06663513183594,129.32953705617595,127.96806326510324,128.44693159857144,13629300,MSFT
2019-07-05,128.69105529785156,128.9445729935824,127.43287971131925,127.63944756308794,18141100,MSFT
2019-07-08,128.59716796875,128.7286189335835,127.10424318525715,128.0713497823353,16779700,MSFT
2019-07-09,128.12770080566406,128.60655483152837,127.5079972471943,127.69578229692064,19953100,MSFT
2019-07-10,129.43280029296875,130.1182220342368,128.6534788821229,128.75676278782726,24204400,MSFT
2019-07-11,129.94923400878906,130.71917135245343,129.45159717040355,129.7614489555064,22327900,MSFT
2019-07-12,130.41867065429688,130.63463702140237,129.58301520158614,130.3717351482177,18936800,MSFT
2019-07-15,130.41867065429688,131.01959126830147,130.00554937291923,130.92570592906557,16651500,MSFT
2019-07-16,128.70985412597656,130.55956645715375,128.1840501931291,130.47506532374956,22726100,MSFT
2019-07-17,127.94927215576172,129.50790062374924,127.90232232177488,129.29194857990313,20211000,MSFT
2019-07-18,128.0901336669922,128.27791871447187,126.44698942915373,127.2732608305612,30381800,MSFT
2019-07-19,128.27789306640625,132.0806004076441,128.11827509160875,131.65808055352386,48992400,MSFT
2019-07-22,129.97738647460938,130.69098965497278,128.94456163383649,129.0196785121421,25074900,MSFT
2019-07-23,130.78488159179688,131.4421507282906,129.60182293485272,131.2261843196345,18034600,MSFT
2019-07-24,132.1275634765625,132.14634627756064,130.3717512508396,130.41868676271594,20738300,MSFT
2019-07-25,131.6299591064453,132.0243120620076,130.81308615042934,131.8552954655764,18356900,MSFT
2019-07-26,132.70973205566406,133.02896811106558,131.7332410841175,131.79895941219067,19037600,MSFT
2019-07-29,132.4186248779297,132.86931178665947,130.85998200668604,132.85992755023454,16605900,MSFT
2019-07-30,131.78016662597656,132.59703941914336,131.26374702744815,131.5829830239639,16846500,MSFT
2019-07-31,127.94927215576172,131.91159744934438,126.83193201143268,131.7613637114176,38598800,MSFT
2019-08-01,129.62998962402344,132.33414006352837,128.56898336714653,128.63471601145017,40557500,MSFT
2019-08-02,128.54078674316406,129.87409318089007,127.00092683664633,129.6581268225238,30791600,MSFT
2019-08-05,124.13721466064453,125.75217764169568,122.79452354102021,125.16065541780964,42749600,MSFT
2019-08-06,126.46577453613281,127.39531555257098,125.07614796696842,125.63011888160464,32696700,MSFT
2019-08-07,127.01971435546875,127.36711733094295,123.78037645742594,125.62068956364755,33414500,MSFT
2019-08-08,130.40927124023438,130.50317089561892,127.63000476951689,128.25910667185676,27496500,MSFT
2019-08-09,129.3013916015625,130.86941917174013,128.12771698372748,130.1464315955706,23466700,MSFT
2019-08-12,127.49859619140625,129.44220795216162,126.98219089651707,128.7004520057545,20484300,MSFT
2019-08-13,130.1370391845703,130.3248242462156,126.75685076662751,127.74274024911765,25154600,MSFT
2019-08-14,126.21803283691406,128.98770992695256,125.92599459779127,128.46015512404816,32527300,MSFT
2019-08-15,125.9354019165039,126.78327011599423,124.58825415895623,126.6042752391644,28074400,MSFT
2019-08-16,128.2434539794922,128.55433749610148,126.9151374198307,127.0658714354207,24449100,MSFT
2019-08-19,130.391357421875,130.52324608578297,128.95941308888393,129.8638027662431,24355700,MSFT
2019-08-20,129.3079833984375,130.67399069770917,129.28915242691284,130.2029576634189,21170800,MSFT
2019-08-21,130.74937438964844,131.4088322941226,130.0051483436039,130.5232876793518,14970300,MSFT
2019-08-22,129.7978515625,131.13558354961538,128.39416805587712,130.62687423752948,18697000,MSFT
2019-08-23,125.66217803955078,130.3348315338705,125.10636257216989,129.24203156849444,38508600,MSFT
2019-08-26,127.60284423828125,127.70647207929308,126.14263897849162,127.16950190298608,20312600,MSFT
2019-08-27,127.87605285644531,128.79927357533785,126.85861978112426,128.48839004886858,23102100,MSFT
2019-08-28,127.70645141601562,127.89486172151894,125.81290412731232,127.06585350234741,17393300,MSFT
2019-08-29,130.11814880371094,130.4196168177783,128.9782570156357,129.2985559994927,20168700,MSFT
2019-08-30,129.87318420410156,131.11670351283882,128.37530311922936,131.08844269046634,23940100,MSFT
2019-09-03,128.15867614746094,129.2514763606266,127.8383770978469,128.69566076721597,18869300,MSFT
2019-09-04,129.65660095214844,129.7131226351878,128.57321598632237,129.3457173206397,17995900,MSFT
2019-09-05,131.9363555908203,132.2472391179814,130.7210823142099,131.0508111876561,26101800,MSFT
2019-09-06,131.04139709472656,132.05881580833838,130.19352900033334,131.9175116466666,20824500,MSFT
2019-09-09,129.552978515625,131.65378261396853,128.554390407214,131.50304853633855,25773900,MSFT
2019-09-10,128.19639587402344,128.95946734875338,126.71734474415543,128.87468482373725,28903400,MSFT
2019-09-11,128.2340545654297,128.37537312914318,127.26372746871645,128.03622870093727,24726100,MSFT
2019-09-12,129.552978515625,130.40083254640606,128.94062671580062,129.86386216018948,27010000,MSFT
2019-09-13,129.36447143554688,130.0615908677602,128.65792214628283,129.79781361641753,23363100,MSFT
2019-09-16,128.43191528320312,128.78047525465175,127.80073251405359,127.9608820786325,16731400,MSFT
2019-09-17,129.43048095703125,129.5529541689385,128.52609103600494,129.02539937116904,17814200,MSFT
2019-09-18,130.49502563476562,130.63632982739534,128.6203085553972,129.40222529579336,23982100,MSFT
2019-09-19,132.89727783203125,134.12195231938244,131.95521168804507,132.17188287622108,35772100,MSFT
2019-09-20,131.36172485351562,133.44368328988745,130.2406636763351,132.84076144352028,39167300,MSFT
2019-09-23,131.07907104492188,131.54068858935628,130.4196276777208,131.16385354039332,17139300,MSFT
2019-09-24,129.4210662841797,132.53930327795948,128.95003315823615,132.2284196898619,29773200,MSFT
2019-09-25,131.2863311767578,131.8515765819618,128.14924936492994,129.53408767037075,21382000,MSFT
2019-09-26,131.45591735839844,132.05883917954642,130.41965311490762,131.3617193588757,17456600,MSFT
2019-09-27,129.75076293945312,132.22840143988893,128.7333298028649,132.03056122939054,22477700,MSFT
2019-09-30,130.97547912597656,131.15447402647854,129.79789622771756,130.05225815868306,17280900,MSFT
2019-10-01,129.1290283203125,132.12479210777667,129.06307678264102,131.56897646793246,21466600,MSFT
2019-10-02,126.84920501708984,128.4695599919467,125.84120168232033,128.35651665060894,30521700,MSFT
2019-10-03,128.38479614257812,128.8275684602126,125.50207552124122,127.13184621978174,24132900,MSFT
2019-10-04,130.11814880371094,130.24062198127407,128.51663950963984,128.82752300860201,22897700,MSFT
2019-10-07,129.17608642578125,130.17467409436307,129.08188844984676,129.19493177088276,15303700,MSFT
2019-10-08,127.81011199951172,129.7790267900296,127.7630058173658,129.13842871216846,25550500,MSFT
2019-10-09,130.23121643066406,130.66455876545945,129.03478851759584,129.49640605880475,19749900,MSFT
2019-10-10,131.04139709472656,131.5783672838668,130.2406351791531,130.46673621261547,17654600,MSFT
2019-10-11,131.58782958984375,132.85962499655602,131.41826453550487,132.00234111128458,25446000,MSFT
2019-10-14,131.46531677246094,132.1624364316741,131.4370559416705,131.5972054410786,13304300,MSFT
2019-10-15,133.3683319091797,133.57557326869113,131.7102860347615,131.94580260785128,19695700,MSFT
2019-10-16,132.27549743652344,132.82189747010992,131.4464747131802,132.63347276041398,20751600,MSFT
2019-10-17,131.59722900390625,133.22699949537883,130.96604637859363,132.7842272340001,21460600,MSFT
2019-10-18,129.44931030273438,131.88925812815606,128.64854834275522,131.6631570821554,32273500,MSFT
2019-10-21,130.4102020263672,130.4761535526096,129.0724699026435,130.4290473731204,20078200,MSFT
2019-10-22,128.46954345703125,131.89866332588625,128.36591561587957,130.9189209525508,27431000,MSFT
2019-10-23,129.28919982910156,129.48702572615278,127.75362697438571,128.9500553450782,29844600,MSFT
2019-10-24,131.83273315429688,132.28492086017002,130.63630517491148,131.31459392111518,37029300,MSFT
2019-10-25,132.5769805908203,132.96323120692122,131.13562036467823,131.26750906593338,25959700,MSFT
2019-10-28,135.8365478515625,137.23080200968738,135.1959352655322,136.03437373306028,35280100,MSFT
2019-10-29,134.5552978515625,136.1285464558704,134.3857184848941,135.7328804333607,20589500,MSFT
2019-10-30,136.23219299316406,136.5995982341125,134.51762561887838,135.20534429087087,18496600,MSFT
2019-10-31,135.06405639648438,136.5336776938839,134.70608093608746,136.50541685161025,24605100,MSFT
2019-11-01,135.39376831054688,136.0532118384025,134.68721859324643,135.90247778209527,33128400,MSFT
2019-11-04,136.1756591796875,136.59958605455438,135.8082539714978,136.43943654070637,16912000,MSFT
2019-11-05,136.0908966064453,136.61845140572893,135.57275729472383,136.57134521833785,18250200,MSFT
2019-11-06,135.7140655517578,136.1474223640445,134.90388797862317,136.00610379763356,16575800,MSFT
2019-11-07,135.90245056152344,136.4865413190258,135.44084737187669,135.50678452405998,17786700,MSFT
2019-11-08,137.5039825439453,137.53224337866055,135.43142549956863,135.6386812040063,16732700,MSFT
2019-11-11,137.64527893066406,137.9373171227263,136.34522310815422,136.9198840061692,14362600,MSFT
2019-11-12,138.5496826171875,139.02071571611077,137.5981865574973,137.80544227100668,18641600,MSFT
2019-11-13,138.7757568359375,138.91707537779078,137.80542988932166,138.23878662630173,16919200,MSFT
2019-11-14,139.4823455810547,139.8120745631636,138.48375752066832,138.50260287316394,19729800,MSFT
2019-11-15,141.28167724609375,141.30052259611287,139.68016748943623,140.30192029216403,23485700,MSFT
2019-11-18,141.6302032470703,141.82804343792287,140.34899287356916,141.3758557692715,21534000,MSFT
2019-11-19,141.6773223876953,142.56286683531036,141.49832752597038,142.1389399587339,23935700,MSFT
2019-11-20,141.4315185546875,142.58475094951194,140.3350145663073,142.08375820366018,25696800,MSFT
2019-11-21,141.29916381835938,141.60165758756096,140.37280189164892,141.223540376059,18576100,MSFT
2019-11-22,141.40322875976562,142.07437819649104,140.6753797370488,141.8569696847513,15901800,MSFT
2019-11-25,142.95346069335938,143.06690312574474,141.7151568529082,141.79078033326374,22420900,MSFT
2019-11-26,143.70968627929688,144.07834174457025,143.03855130534757,143.07635583504282,24620100,MSFT
2019-11-27,143.98382568359375,144.15396770570413,143.22760526334744,143.99327321025382,15184400,MSFT
2019-11-29,143.09523010253906,143.96487830859544,143.00069716600424,143.77582685922684,11977300,MSFT
2019-12-02,141.36534118652344,143.52055883121054,140.2026613996073,143.50164936451768,27418400,MSFT
2019-12-03,141.13851928710938,141.25194727879412,138.6240930309501,139.41813224384907,24066000,MSFT
2019-12-04,141.64895629882812,141.96088323676742,141.03452109910205,141.92307871885663,17574700,MSFT
2019-12-05,141.724609375,142.09327926361837,141.29923990374633,141.83805181138433,17869100,MSFT
2019-12-06,143.4449920654297,143.55842006301026,142.04599387502634,142.72659070791502,16403500,MSFT
2019-12-09,143.07635498046875,143.87984186281386,142.65098551134082,142.80223247662772,16687400,MSFT
2019-12-10,142.85894775390625,143.57734920985484,142.50918734060494,143.01018029683436,16476100,MSFT
2019-12-11,143.3977508544922,143.55844535394203,142.1027329082931,143.24650388193757,18856600,MSFT
2019-12-12,144.8534698486328,145.04252134219536,142.75496509556822,143.35047657910508,24612100,MSFT
2019-12-13,146.0728302001953,146.41312857878364,144.4658712438564,144.62656569712018,23845400,MSFT
2019-12-16,147.01812744140625,147.36787340500365,146.346992515384,146.62111500128668,24144200,MSFT
2019-12-17,146.22409057617188,147.18827180812258,145.99722016168278,146.9424919198338,25425600,MSFT
2019-12-18,145.92160034179688,146.97085259654958,145.7419963954613,145.85543881739588,24129200,MSFT
2019-12-19,147.18826293945312,147.24497693373257,145.3355240586829,145.57184198398156,24958900,MSFT
2019-12-20,148.7952117919922,149.8161068904541,147.73649775079065,148.7384978015833,53477500,MSFT
2019-12-23,148.7952117919922,149.46634657676498,148.66287433980457,149.46634657676498,17718200,MSFT
2019-12-24,148.76686096191406,149.0788023457909,148.5210810950226,148.86137947527905,8989200,MSFT
2019-12-26,149.98629760742188,150.0430116162629,148.78579820003418,148.9370451727471,14520600,MSFT
2019-12-27,150.2604217529297,150.81812869064836,149.56091538147822,150.7235957348265,18412800,MSFT
2019-12-30,148.96539306640625,150.3171393638337,148.15245866742518,150.28878236114747,16348400,MSFT
2019-12-31,149.06935119628906,149.1355271417693,147.88776151587507,148.19025539743808,18369400,MSFT
2020-01-02,151.8295440673828,151.93352453696647,149.66487810348934,150.0902475068035,22622100,MSFT
2020-01-03,149.93896484375,151.19617770421758,149.40961509696342,149.6553949248992,21116200,MSFT
2020-01-06,150.32656860351562,150.3927445508696,147.94447970171677,148.48329153461876,20813700,MSFT
2020-01-07,148.9559326171875,150.93154722601824,148.71016714066076,150.60071074881336,21634100,MSFT
2020-01-08,151.3285675048828,151.99971686703032,149.30568631614628,150.23204869357042,27746500,MSFT
2020-01-09,153.21913146972656,153.34202144246635,152.21714548072572,152.98281347519972,21385000,MSFT
2020-01-10,152.51010131835938,154.28721636524628,152.35885441570974,153.90911353232073,20725900,MSFT
2020-01-13,154.34397888183594,154.3723358820374,152.43452580062083,152.9071617022491,21626500,MSFT
2020-01-14,153.25694274902344,154.64649364113086,152.86937779572435,154.44798018924195,23477400,MSFT
2020-01-15,154.24948120117188,154.9678971670826,153.67287911610023,153.7201311781048,21417900,MSFT
2020-01-16,157.0758056640625,157.1419816102334,155.05292468702913,155.35541857174925,23865400,MSFT
2020-01-17,157.95489501953125,158.3046409067749,156.37627870580366,158.2573744405716,34371700,MSFT
2020-01-21,157.38775634765625,158.98526801417273,157.32158039758605,157.55789835006,29517200,MSFT
2020-01-22,156.63150024414062,158.3235444747058,156.61259077362428,158.23845906923225,24138800,MSFT
2020-01-23,157.59573364257812,157.6713571260564,156.22509226083278,157.09474068527607,19680800,MSFT
2020-01-24,156.0076141357422,158.36134554616424,155.44990736909463,158.34243607605939,24918100,MSFT
2020-01-27,153.3987274169922,154.43853230791845,151.43256007468932,152.33056552210473,32078100,MSFT
2020-01-28,156.40467834472656,156.6882483457103,154.14547932010373,154.81661422070258,24899900,MSFT
2020-01-29,158.84349060058594,159.5146400250475,156.62211019371946,158.65443909714912,34754500,MSFT
2020-01-30,163.3240509033203,164.52455005778435,161.44295493874296,164.52455005778435,51597500,MSFT
2020-01-31,160.9136199951172,162.9648581406356,160.29919907352217,162.78526860838573,36142700,MSFT
2020-02-03,164.8365020751953,164.94993007628167,161.07430990386203,161.10266690413363,30107000,MSFT
2020-02-04,170.26234436035156,170.75388971293165,166.6608612717509,167.44543856138947,36433300,MSFT
2020-02-05,170.05438232421875,174.1190537403817,168.64593664566272,173.95835927347207,39186300,MSFT
2020-02-06,173.5802764892578,173.75988045068001,170.20564902136644,171.0658498767549,27751400,MSFT
2020-02-07,173.82603454589844,175.47081270658518,172.4931978169128,172.8429581987189,33529100,MSFT
2020-02-10,178.372802734375,178.5051402220091,173.22107381930567,173.53301527380845,35844300,MSFT
2020-02-11,174.34591674804688,180.2633124685266,173.45735903159144,180.2160459982191,53159900,MSFT
2020-02-12,174.60116577148438,175.6787750789202,171.89768776529226,175.42354764661337,47062900,MSFT
2020-02-13,173.65585327148438,176.03792733610268,172.86181415957822,173.0603275434798,35295800,MSFT
2020-02-14,175.2061309814453,175.26284498070825,172.65388562499024,173.2210544650253,23149500,MSFT
2020-02-18,176.9832305908203,177.42750947945905,175.3479144568941,175.4518949292075,27792200,MSFT
2020-02-19,177.51405334472656,178.36711595467847,176.7462941031497,178.25337813017842,29997500,MSFT
2020-02-20,174.80319213867188,177.48562006806304,171.6563251140853,177.20126104182248,36862400,MSFT
2020-02-21,169.27716064453125,173.93112500826635,168.00704036902022,173.6183316037425,48572600,MSFT
2020-02-24,161.9787139892578,165.44786191190894,154.7181513655058,159.0214151505909,68311100,MSFT
2020-02-25,159.30580139160156,165.72276145726536,158.90769005237027,165.11613557986297,68073300,MSFT
2020-02-26,161.29623413085938,164.2250980795155,159.43844930371904,160.86022960459255,56206100,MSFT
2020-02-27,149.93148803710938,158.31999888346724,149.74192019388477,154.80346983288783,93174900,MSFT
2020-02-28,153.56179809570312,155.17316122234865,144.07378619818417,144.46240975052115,97012700,MSFT
2020-03-02,163.77964782714844,163.90287344639816,153.8461442900306,156.68970562212584,71030800,MSFT
2020-03-03,155.931396484375,165.8743863348176,153.79872580292735,164.7369648639986,71677000,MSFT
2020-03-04,161.65640258789062,161.7985748146976,156.98347773786566,159.70382686989993,49814400,MSFT
2020-03-05,157.59962463378906,161.95974258543,157.0498678014542,157.39109568141728,47817300,MSFT
2020-03-06,153.1447296142578,154.60441795195356,147.86517755045685,154.1304911008303,72821100,MSFT
2020-03-09,142.7657012939453,149.5239019334554,142.17803670376105,143.12589028178613,70419300,MSFT
2020-03-10,152.52859497070312,152.6328594420787,144.62349965654747,149.91252432041284,65354400,MSFT
2020-03-11,145.61875915527344,149.47651594433142,143.2680717176468,148.9362468910333,56371600,MSFT
2020-03-12,131.8085174560547,145.46709111192325,131.35355178409353,137.72312904394167,93226400,MSFT
2020-03-13,150.54763793945312,153.46702971159257,133.3914764198404,139.80845142650895,92727400,MSFT
2020-03-16,128.3583526611328,141.56196287538836,127.9602558230332,132.6995245572196,87905900,MSFT
2020-03-17,138.92689514160156,139.8083919587841,127.96022314871765,132.69949067274422,81059800,MSFT
2020-03-18,133.07867431640625,138.38666164416284,127.97923045511283,130.80383086914023,81593200,MSFT
2020-03-19,135.26817321777344,142.32019078914172,131.75163052839716,135.3250421111004,85922700,MSFT
2020-03-20,130.1876983642578,139.42927100819978,128.77539128682722,138.38662625800293,84866200,MSFT
2020-03-23,128.88912963867188,133.23978869379377,125.60956425248216,129.86541769841315,78975200,MSFT
2020-03-24,140.60458374023438,141.79888839830375,133.90326706268647,136.2539396766585,82516700,MSFT
2020-03-25,139.25869750976562,146.28229859463184,136.9080238155709,141.1449320351475,75638200,MSFT
2020-03-26,147.9694366455078,148.4907590553709,140.63304405067825,140.66147850366175,64568100,MSFT
2020-03-27,141.89369201660156,146.8130548956865,141.4197651798974,143.83679493970843,57042300,MSFT
2020-03-30,151.87457275390625,152.22528840805572,142.18750815722464,144.4907998422536,63420300,MSFT
2020-03-31,149.48605346679688,156.1873734015561,148.39601274170573,151.08791450023946,77927200,MSFT
2020-04-01,144.17800903320312,149.52390266074318,142.95528427536644,145.02159814322476,57969900,MSFT
2020-04-02,147.1637420654297,147.3722710107029,142.51926529474,143.94104566900393,49630700,MSFT
2020-04-03,145.808349609375,149.17323344168187,144.25386997914237,147.01212796704385,41243300,MSFT
2020-04-06,156.65179443359375,157.81765050477165,149.36279672981783,151.95992123012604,67111700,MSFT
2020-04-07,154.964599609375,161.13512171051497,154.74658285480595,160.74649823995173,62769000,MSFT
2020-04-08,156.5190887451172,157.9787771039358,154.97408255990595,157.0309233879731,48318200,MSFT
2020-04-09,156.52859497070312,158.64230515183712,154.81298169836325,157.6849779042444,51385100,MSFT
2020-04-13,156.87925720214844,156.936140571891,153.83665499194112,155.77975792648093,41905300,MSFT
2020-04-14,164.64218139648438,164.6895769731253,159.23941831070533,160.18727199112618,52874300,MSFT
2020-04-15,162.91708374023438,164.51895866137778,160.41475077875486,162.27253576214963,40940800,MSFT
2020-04-16,167.80799865722656,168.03548873292664,163.88388524576575,165.2108889927018,50479600,MSFT
2020-04-17,169.28668212890625,170.61367156696483,166.69903103004185,170.13974470150103,52765600,MSFT
2020-04-20,165.93124389648438,169.42882588907332,165.86490166729666,167.4193809458809,36669600,MSFT
2020-04-21,159.0687713623047,164.6137053126031,157.44793561492781,164.4525719632538,56203700,MSFT
2020-04-22,164.47158813476562,164.926553888929,161.9123858808334,162.45265500207105,34620200,MSFT
2020-04-23,162.48104858398438,165.93123481658628,161.99764849573384,165.03077686564262,32790800,MSFT
2020-04-24,165.44789123535156,165.4573645670676,161.80813594834027,163.08772995889328,34277600,MSFT
2020-04-27,164.9739532470703,167.67532784131654,164.26306291230537,167.38149548370984,33194400,MSFT
2020-04-28,160.95504760742188,166.50947132086196,160.55695075653242,166.4336412831067,34392700,MSFT
2020-04-29,168.17767333984375,168.41463676243595,162.9170969287767,164.18721740272696,51286600,MSFT
2020-04-30,169.8648681640625,170.99280191954153,167.0402537209176,170.613666224283,53875900,MSFT
2020-05-01,165.46682739257812,169.32458443172894,164.93601717144193,166.63268339420114,39370500,MSFT
2020-05-04,169.51414489746094,169.6658049540385,164.73696882006053,165.39099015883954,30372900,MSFT
2020-05-05,171.33401489257812,174.0733112718267,170.51886020205268,171.20131596449716,36839200,MSFT
2020-05-06,173.02120971679688,174.59465034524186,172.15867383336482,172.5852051098927,32139300,MSFT
2020-05-07,174.02593994140625,174.92639803706723,173.05912514642642,174.56620901356314,28316000,MSFT
2020-05-08,175.04962158203125,175.35294172080944,173.79846216732196,175.33398059636073,30877800,MSFT
2020-05-11,177.00221252441406,177.73204949041116,173.31506205621085,173.5994066075862,30892700,MSFT
2020-05-12,172.9927520751953,177.28652764537918,172.79371092227436,177.05905204204092,32038200,MSFT
2020-05-13,170.37669372558594,174.45246731650903,167.33407714285644,173.0306868403567,44711500,MSFT
2020-05-14,171.11602783203125,171.2676878956432,166.51893158760433,168.28194005356912,41873900,MSFT
2020-05-15,173.60888671875,177.30551035404773,167.77010447055184,169.72268077345782,46610400,MSFT
2020-05-18,175.2676544189453,176.490379490596,174.36719617695738,176.0638481615598,35264500,MSFT
2020-05-19,174.05438232421875,176.8695090149878,173.92168338263468,175.38137174005942,26799100,MSFT
2020-05-20,176.46861267089844,176.64920874209136,174.83376282051205,175.66068745873378,31261300,MSFT
2020-05-21,174.34901428222656,177.42861841763434,174.21594577347696,176.22148762180447,29119500,MSFT
2020-05-22,174.42506408691406,175.32804455149363,173.50308419399207,174.12091369625077,20826900,MSFT
2020-05-26,172.58111572265625,177.26704182371978,172.13438260711965,177.11495937941368,36073600,MSFT
2020-05-27,172.8092041015625,172.98030045667377,167.85714157024967,171.27890913531226,39517100,MSFT
2020-05-28,172.4195556640625,175.03341340402883,171.45006250840183,171.79224082904184,33810200,MSFT
2020-05-29,174.1779327392578,175.1474401638824,171.47853469767063,173.68367206153434,42130400,MSFT
2020-06-01,173.7787322998047,173.94031445807596,172.47656081625482,173.50308105663945,22622400,MSFT
2020-06-02,175.75576782226562,175.84130876193302,172.37201306609043,175.12843859127653,30794600,MSFT
2020-06-03,176.18350219726562,176.73479025045705,174.49162467347008,175.6702420116775,27311000,MSFT
2020-06-04,173.8642578125,176.6396969090423,173.2749565224485,175.17594339707023,28761800,MSFT
2020-06-05,177.93235778808594,178.43611811908195,172.99929482665513,173.57909636843632,39893600,MSFT
2020-06-08,179.03494262695312,179.21553869876203,175.3090101306654,176.73475027225717,33211600,MSFT
2020-06-09,180.40367126464844,181.25910962308345,177.98940962513453,178.6927800443984,29783900,MSFT
2020-06-10,187.09512329101562,188.69195979526327,181.55374485339544,181.66781392729945,43872300,MSFT
2020-06-11,177.04844665527344,186.0686216229626,176.85835083624784,183.56883332118247,52854700,MSFT
2020-06-12,178.44566345214844,182.22862370226562,176.0123877928457,181.10703377682555,43373600,MSFT
2020-06-15,179.58624267578125,181.3731750815915,174.9003022190702,175.44209047106233,32770200,MSFT
2020-06-16,183.9870147705078,185.89750128714283,181.98147311232987,183.34067171544817,42556700,MSFT
2020-06-17,184.62384033203125,186.60086831332674,184.1010660695818,185.37472372472914,25687800,MSFT
2020-06-18,186.6009063720703,186.7624885400783,184.39575430738998,184.39575430738998,23061600,MSFT
2020-06-19,185.48880004882812,189.423842544377,184.74741628179572,188.7584999974735,44441100,MSFT
2020-06-22,190.64047241210938,190.82105397926182,185.56482652138783,186.09710051660872,32818900,MSFT
2020-06-23,191.91416931152344,193.85316990489886,191.45792193382675,192.0852512006235,30917400,MSFT
2020-06-24,188.04563903808594,193.1878125857555,186.82900846349898,191.61950404139304,36740600,MSFT
2020-06-25,190.42185974121094,190.6784970410009,185.79296114833386,188.00761269061277,27803900,MSFT
2020-06-26,186.61038208007812,189.99413646513128,185.23216946864412,189.8420540312599,54675800,MSFT
2020-06-29,188.6158905029297,188.70143141808995,183.96797890199298,186.08757487454244,26701600,MSFT
2020-06-30,193.4349365234375,194.28087520010905,187.9505991998322,188.0836677162733,34310300,MSFT
2020-07-01,194.56602478027344,196.1343478236479,191.78108566908128,193.083257178087,32061200,MSFT
2020-07-02,196.0487518310547,197.72162939796362,194.8511354393264,195.49746395135764,29315800,MSFT
2020-07-06,200.26898193359375,200.6777016892989,197.78819326414938,198.49156369076422,31897600,MSFT
2020-07-07,197.9402618408203,204.04242807649197,197.69313876394023,200.03134453942326,33600700,MSFT
2020-07-08,202.29356384277344,202.7022691477667,198.3585207396695,199.67020660849815,33600000,MSFT
2020-07-09,203.70974731445312,205.66776134855445,201.00083539138876,205.6202337790769,33121700,MSFT
2020-07-10,203.09194946289062,203.48165528840798,200.63017471738777,203.04442188603093,26177600,MSFT
2020-07-13,196.81866455078125,205.11646741866815,196.2768763807483,203.86180923756712,38135600,MSFT
2020-07-14,198.0353240966797,198.51057084084894,192.02819828875812,195.92522739229784,37591800,MSFT
2020-07-15,197.74066162109375,200.867793362139,194.87968140351137,199.1854158039586,32179400,MSFT
2020-07-16,193.82461547851562,195.51649259722572,192.29432049997686,195.23134167200274,29940700,MSFT
2020-07-17,192.8361053466797,194.88916006506298,191.4198649615669,194.34738636962433,31635300,MSFT
2020-07-20,201.1244354248047,201.78977799074687,192.95968503330636,194.85117236676646,36884800,MSFT
2020-07-21,198.41551208496094,203.34857552033253,197.73115562552331,203.08243850870448,37990400,MSFT
2020-07-22,201.26698303222656,201.78975731740158,198.07332453951392,198.84322189432683,49605700,MSFT
2020-07-23,192.51290893554688,200.4780475272384,192.14221712418572,196.9327115361817,67457000,MSFT
2020-07-24,191.33433532714844,192.81710279590382,187.73195701203042,190.4978964459514,39827000,MSFT
2020-07-27,193.75811767578125,193.87217226170424,190.91613671502756,191.4959383657706,30160900,MSFT
2020-07-28,192.0186767578125,194.56599205550995,191.75253977158675,193.52995775174696,23251400,MSFT
2020-07-29,193.95770263671875,194.5184903248029,192.0091880475081,192.47493508696,19632600,MSFT
2020-07-30,193.80564880371094,194.3379374288218,189.69002407556442,191.04922302902312,25079600,MSFT
2020-07-31,194.86070251464844,194.9462579677163,189.15774048150277,194.28090079447668,51044000,MSFT
2020-08-03,205.81985473632812,206.86540338070947,200.02185312701084,201.0483878405726,78983000,MSFT
2020-08-04,202.7307586669922,204.1374995340673,199.89829200805272,203.56719761461736,49280100,MSFT
2020-08-05,202.39810180664062,204.35611622762954,201.09593026524874,204.2610610698923,28806400,MSFT
2020-08-06,205.63929748535156,205.65829691503933,201.07692527530068,201.8278088426474,32656800,MSFT
2020-08-07,201.9608612060547,205.02145153311608,200.4875933337867,204.21354073459383,27820400,MSFT
2020-08-10,197.9402618408203,201.3905577207116,196.13433007915847,201.19094771383908,36716500,MSFT
2020-08-11,193.31138610839844,197.36998319308316,193.08326243132456,196.90425062787259,36446500,MSFT
2020-08-12,198.83375549316406,199.86979002066158,194.61356165253872,195.1268218072775,28013100,MSFT
2020-08-13,198.36801147460938,200.88682821734017,197.8452370937874,199.07138196002268,22588900,MSFT
2020-08-14,198.5580596923828,199.2139024398772,197.2368744848861,198.42499120038235,17958900,MSFT
2020-08-17,199.86976623535156,200.73471877613036,198.57709453262723,199.2234376356791,20184800,MSFT
2020-08-18,201.01988220214844,201.84680693348818,198.85275811055578,200.10740203040297,21336200,MSFT
2020-08-19,199.80029296875,202.08700035706565,199.37153987670285,201.50579719810975,27627600,MSFT
2020-08-20,204.44993591308594,204.8501064694833,199.04761159406166,199.64786015943778,26981500,MSFT
2020-08-21,202.96356201171875,206.04107316088508,202.80158927107192,203.76390303789307,36249300,MSFT
2020-08-24,203.60195922851562,205.34556891515348,202.40143298022446,204.65002085311673,25460100,MSFT
2020-08-25,206.2506866455078,206.38407681542566,203.03978535206127,203.03978535206127,23043700,MSFT
2020-08-26,210.70973205566406,211.60535795675764,207.09866042168693,207.59411583177993,39600800,MSFT
2020-08-27,215.88343811035156,220.23768646081993,209.0423895356834,212.3676361540944,57602200,MSFT
2020-08-28,218.10340881347656,219.75173330507883,215.88340386059215,217.40786085994776,26292900,MSFT
2020-08-31,214.88296508789062,217.90331098224215,213.72055883978842,216.28356909931804,28774200,MSFT
2020-09-01,216.54083251953125,216.71232793524112,213.83489480690253,214.86391091647602,25725500,MSFT
2020-09-02,220.7140350341797,221.8669185708631,216.6170452591316,217.20777104208625,34080800,MSFT
2020-09-03,207.04151916503906,218.4845356074586,204.81199137013098,218.4464303584892,58400300,MSFT
2020-09-04,204.13552856445312,208.05150124587362,195.50324202808818,204.94540695523105,59664100,MSFT
2020-09-08,193.09268188476562,200.11474887844855,192.65439150452016,196.75139686508913,52924300,MSFT
2020-09-09,201.31524658203125,204.69765825527963,196.94193845606748,197.79945926054114,45679000,MSFT
2020-09-10,195.67474365234375,204.60240797493773,194.47423185417284,203.3256565900928,35461500,MSFT
2020-09-11,194.39794921875,198.7807936939121,191.73966868940005,197.41829498533878,33620100,MSFT
2020-09-14,195.7128448486328,199.32391711756875,194.3979883338327,194.59808088373535,30375800,MSFT
2020-09-15,198.9237823486328,199.87657372477858,197.16111248738613,198.58077687168264,21823900,MSFT
2020-09-16,195.36984252929688,200.70546463715695,194.97919463994998,200.67688206363792,26328100,MSFT
2020-09-17,193.33084106445312,194.6838026501684,190.5201102929385,190.60585800070598,34011300,MSFT
2020-09-18,190.9298095703125,194.0359033488756,186.98525496432242,193.22603963005503,55225300,MSFT
2020-09-21,192.97830200195312,193.1402892819436,187.109119905432,187.88087836630214,39839700,MSFT
2020-09-22,197.62794494628906,198.27585050912126,192.54004353083127,195.37935717841205,33517100,MSFT
2020-09-23,191.120361328125,198.27583172140538,190.58680064366783,198.08526187258073,30803800,MSFT
2020-09-24,193.59764099121094,195.86528863786586,189.79599897271996,190.41532195894766,31202500,MSFT
2020-09-25,198.00906372070312,199.17145554804117,192.9783130746284,193.94064144048286,29437300,MSFT
2020-09-28,199.55255126953125,202.53479178027638,198.23769502469003,200.92457264876782,32004900,MSFT
2020-09-29,197.4754638671875,200.15281887680132,197.0467108108903,199.46680817135086,24221900,MSFT
2020-09-30,200.4005584716797,201.97265800789293,196.78947197711074,197.9232957386492,33829100,MSFT
2020-10-01,202.43003845214844,203.88780792375502,201.3438569921584,203.41141229150605,27158400,MSFT
2020-10-02,196.4560546875,201.02945616609145,195.8367315746247,198.18060473912718,33154800,MSFT
2020-10-05,200.44818115234375,200.47676372011296,197.20868293360616,197.43735801419714,21331600,MSFT
2020-10-06,196.18922424316406,200.25763188349316,195.1506854050532,198.9618499090392,28554300,MSFT
2020-10-07,199.9241485595703,200.1909288915541,196.96096780077255,197.2849132698332,25681100,MSFT
2020-10-08,200.63877868652344,201.21998191757461,198.48547574347566,200.5720763220623,19925800,MSFT
2020-10-09,205.62184143066406,205.66948389253287,201.25805652305527,201.25805652305527,26458000,MSFT
2020-10-12,210.94796752929688,213.29184029670688,206.574659376011,208.4611818961351,40461400,MSFT
2020-10-13,212.3390350341797,214.57810003901824,210.02374499317224,212.20564485549392,28950800,MSFT
2020-10-14,210.4334716796875,213.63485079463896,208.78514692223476,212.47244433074084,23421700,MSFT
2020-10-15,209.2900848388672,209.95703566397012,205.81238879482586,206.85094208509787,22733100,MSFT
2020-10-16,209.2900848388672,211.795915405928,208.96613937216543,209.75694314722043,26057900,MSFT
2020-10-19,204.10691833496094,211.80547245913127,203.630522766919,210.0142204709931,27625800,MSFT
2020-10-20,204.51661682128906,207.10820994137202,203.03026493680252,205.612335379117,22753500,MSFT
2020-10-21,204.65953063964844,206.67944311393921,203.05883403594683,203.05883403594683,22724900,MSFT
2020-10-22,204.7452850341797,205.86004890997927,201.70587900793112,203.8305991538514,22351500,MSFT
2020-10-23,206.0220489501953,206.06969142062243,203.09698735801163,204.87870235214814,18879600,MSFT
2020-10-26,200.16236877441406,206.12683620625828,198.27584634708583,203.75439552083563,37111600,MSFT
2020-10-27,203.18272399902344,204.53568576239945,200.4005754314339,201.60108711313487,36700300,MSFT
2020-10-28,193.11167907714844,198.98087531406676,192.55907307330088,197.8661115530297,51195600,MSFT
2020-10-29,195.05540466308594,197.57077270816046,193.7691308000109,194.43609623327302,31432600,MSFT
2020-10-30,192.91163635253906,194.64570878486924,190.19617560413607,193.89301013017186,36953700,MSFT
2020-11-02,192.7782440185547,195.58897513304893,190.67256908298938,194.64570661719011,30842200,MSFT
2020-11-03,196.6846466064453,198.294865783627,193.53091060305985,194.26456377162967,27512000,MSFT
2020-11-04,206.17446899414062,208.01336340786992,202.391887100831,203.91635870169142,42311800,MSFT
2020-11-05,212.7487335205078,213.5395519346152,210.7097610023845,211.55774456042553,36080100,MSFT
2020-11-06,213.15843200683594,213.76821774632472,207.73704817031117,211.76735056508159,25231900,MSFT
2020-11-09,208.080078125,217.35073281065687,207.5941598268988,213.84446802922895,44395000,MSFT
2020-11-10,201.04843139648438,206.27925942118705,199.81933735619901,204.37367734801214,44045100,MSFT
2020-11-11,206.326904296875,207.74655365341502,202.18225742380903,202.3632900490306,29440800,MSFT
2020-11-12,205.26934814453125,208.76609026899308,204.33561679521472,206.95579271890833,21593900,MSFT
2020-11-13,206.28880310058594,207.15584652138176,204.04975265970353,206.1458902459224,18621100,MSFT
2020-11-16,206.97483825683594,207.46077109680175,204.39278212221393,204.72625033518352,24953300,MSFT
2020-11-17,204.33558654785156,207.40356052717445,203.9735212760541,205.89816337677536,24154100,MSFT
2020-11-18,201.64166259765625,205.5487767460192,201.49836102852694,204.09673872254086,28372800,MSFT
2020-11-19,202.9217529296875,203.50447769292882,200.5430866843581,201.9282623804157,24792700,MSFT
2020-11-20,200.98252868652344,203.75285098407457,200.60996790062518,202.71159322047438,22843100,MSFT
2020-11-23,200.7150421142578,202.7975575607246,198.8522382569824,201.51747845639179,25683500,MSFT
2020-11-24,204.2974090576172,204.6699699133725,199.5209803548547,200.21833486403702,33979700,MSFT
2020-11-25,204.30694580078125,205.66344973103548,202.96000405638625,205.49150530360316,21012900,MSFT
2020-11-27,205.60609436035156,206.5995994445289,204.46930228158132,205.2430957818829,14512200,MSFT
2020-11-30,204.49801635742188,205.15715124474664,201.41243305795305,204.52667376224022,33064800,MSFT
2020-12-01,206.54226684570312,207.60263424380202,203.81014996443474,204.91826997228236,30904500,MSFT
2020-12-02,205.7398681640625,205.83540256077225,203.28479159484732,205.27178751909085,23724500,MSFT
2020-12-03,204.66036987304688,206.70468025105197,204.09674035237035,205.01382084202208,25120900,MSFT
2020-12-04,204.77500915527344,205.74940448853005,203.64776463709416,204.6412697625912,24666000,MSFT
2020-12-07,204.70814514160156,205.90225214353387,203.46628552079312,204.7845697389054,24620000,MSFT
2020-12-08,206.3512420654297,207.24921288280584,203.3707555877573,204.40246580922124,23284100,MSFT
2020-12-09,202.3294677734375,205.60608997626164,201.76585283805662,205.53922757237729,32440600,MSFT
2020-12-10,201.1067352294922,203.55226411394892,200.95388603008814,202.30084226889505,26733300,MSFT
2020-12-11,203.72418212890625,203.78151150362953,199.75975310246673,200.6577238119639,30979400,MSFT
2020-12-14,204.6221923828125,206.54232595336725,203.36122284871206,203.57138686714595,28798400,MSFT
2020-12-15,204.55531311035156,205.78762513826916,202.74982388365729,205.54880373486253,27000600,MSFT
2020-12-16,209.4750213623047,210.2679101449516,205.11892143839012,205.14757883974474,35023300,MSFT
2020-12-17,209.60877990722656,211.01305100787835,208.17585140260252,210.03865554331327,32515800,MSFT
2020-12-18,208.81588745117188,209.86670750037604,206.36081090203456,208.81588745117188,63354900,MSFT
2020-12-21,212.6370086669922,213.98396480092967,207.56444469078173,207.82237587263162,37181900,MSFT
2020-12-22,213.92666625976562,215.5411013062933,211.93012279193636,212.7325592225708,22612200,MSFT
2020-12-23,211.13722229003906,213.5636412417296,210.92705829699878,213.1337656474204,18699600,MSFT
2020-12-24,212.78985595703125,213.6114021119119,211.3091604413567,211.51932442817505,10550600,MSFT
2020-12-28,214.9010467529297,215.92319472597202,213.04779042772108,214.41384178664234,17933500,MSFT
2020-12-29,214.12725830078125,217.02177246063968,213.58275309646694,216.19067866518566,17403200,MSFT
2020-12-30,211.76768493652344,215.54107436358564,211.56708314219108,215.15895141354764,20272300,MSFT
2020-12-31,212.47462463378906,213.0286920393946,209.857136802446,211.78681782520988,20942100,MSFT
2021-01-04,207.9561004638672,213.0286640789787,205.20487359065424,212.5796787329613,37130100,MSFT
2021-01-05,208.15673828125,208.74902529905103,206.0551127566878,207.54535604544097,23823000,MSFT
2021-01-06,202.7593231201172,206.80973840313024,202.46318698278216,202.6828985400794,35930700,MSFT
2021-01-07,208.52928161621094,209.53233438460273,204.15408651290377,204.4693179251259,27694500,MSFT
2021-01-08,209.7998046875,210.71688521543896,207.32561864837888,208.9018339516953,22956200,MSFT
2021-01-11,207.7650604248047,209.1215641625514,207.0390340746721,208.7012361864748,23031300,MSFT
2021-01-12,205.3195343017578,207.3925169546865,203.78153842458812,206.81933974373354,23249300,MSFT
2021-01-13,206.66648864746094,207.0677068608454,204.3642467924793,204.45023357688456,20087100,MSFT
2021-01-14,203.4949493408203,207.73641987769744,203.22747053007149,206.25572423330087,29480800,MSFT
2021-01-15,203.14149475097656,204.9183267052181,202.5492222917303,203.9726032075833,31746500,MSFT
2021-01-19,206.76199340820312,207.27784115819605,203.12235803022585,204.19227311258143,30480900,MSFT
2021-01-20,214.30877685546875,215.69393811736836,207.5740101820579,207.9656807925922,37777300,MSFT
2021-01-21,214.91058349609375,216.18111498034452,212.47460251731223,214.6526523255992,30709400,MSFT
2021-01-22,215.84678649902344,219.7825732306377,215.70349948425073,216.92626393198466,30172700,MSFT
2021-01-25,219.26670837402344,219.50552978031035,214.19414403672963,218.87503776935245,33152100,MSFT
2021-01-26,221.94149780273438,223.7087673579532,219.7921052743459,221.49251241957313,49169600,MSFT
2021-01-27,222.48602294921875,229.6888849420293,219.84943979215547,227.35798561441428,69870600,MSFT
2021-01-28,228.24636840820312,231.79048419595736,224.5780754115442,225.0748279766649,49111200,MSFT
2021-01-29,221.58804321289062,227.37707132988027,221.0053184426969,225.43784282406364,42503100,MSFT
2021-02-01,228.9342041015625,231.65677408115855,222.0370404246548,224.54944639154158,33314200,MSFT
2021-02-02,228.80043029785156,231.4752326767527,228.01710374900568,230.51039954635098,25916300,MSFT
2021-02-03,232.1343994140625,234.13094280778196,228.5616260438529,228.85777682234598,27158100,MSFT
2021-02-04,231.18865966796875,232.36367143508832,229.6219918883106,231.80960404543467,25296100,MSFT
2021-02-05,231.3701934814453,232.4019037859869,229.6697861026184,231.39885088630734,18054800,MSFT
2021-02-08,231.6281280517578,232.78401560191813,230.04235026944374,232.2777153400292,22211900,MSFT
2021-02-09,232.86997985839844,233.81570329400722,230.58684780779984,231.05492843301977,23565000,MSFT
2021-02-10,231.9624786376953,234.92385553583864,230.11876967307288,234.04499444872175,22186700,MSFT
2021-02-11,233.5578155517578,234.1882930612906,231.32243584458377,233.8348420023779,15751100,MSFT
2021-02-12,234.035400390625,234.33153656401527,231.87644582707026,233.02278551420997,16561100,MSFT
2021-02-16,232.8031005859375,235.12445220145085,232.05797897515586,234.0736321982964,26728500,MSFT
2021-02-17,233.8180389404297,233.92336296711304,230.69664036520157,231.06048965921218,21653500,MSFT
2021-02-18,233.4254608154297,233.5595082453593,230.6200343854476,231.5200733907211,16925600,MSFT
2021-02-19,230.72537231445312,233.49250590696394,229.96895029206306,233.38718187638082,25262600,MSFT
2021-02-22,224.53994750976562,227.81454657729532,222.51965226695413,227.32623417067046,36446900,MSFT
2021-02-23,223.3527069091797,224.84638235438035,219.00571338525143,220.5376964424216,30228700,MSFT
2021-02-24,224.57830810546875,225.20066806135043,219.26425873805556,220.2313141829066,26339700,MSFT
2021-02-25,219.2547149658203,224.61662756906875,218.19190496714646,222.21334307210185,39542200,MSFT
2021-02-26,222.5005340576172,225.3634069812622,219.7812635364305,221.6866653597495,37819200,MSFT
2021-03-01,226.8666534423828,227.37411967074738,223.23777462814758,225.87086017950287,25324000,MSFT
2021-03-02,223.9272003173828,227.21138422250442,223.5250580328917,226.93370515768925,22812500,MSFT
2021-03-03,217.88546752929688,223.64953616836328,217.59821886567516,222.28990807796603,34029500,MSFT
2021-03-04,217.09072875976562,222.6058557444878,214.72573791098387,217.10031296721587,44727800,MSFT
2021-03-05,221.7537078857422,223.3527073519188,216.83223166317447,219.76213575150246,41872800,MSFT
2021-03-08,217.72268676757812,223.44844753169778,217.47374572916362,221.53347600830642,35267400,MSFT
2021-03-09,223.84103393554688,225.37301709229348,221.82073826999846,222.97930254117327,33080500,MSFT
2021-03-10,222.538818359375,226.9241044948039,222.17496912842194,226.9241044948039,29746800,MSFT
2021-03-11,227.0486297607422,229.0018945134101,224.34851258579613,224.97088716934874,29907600,MSFT
2021-03-12,225.727294921875,225.79432594592853,223.31442642722314,224.06126424055526,22653700,MSFT
2021-03-15,224.82723999023438,225.19108927209567,221.95478256941098,224.97087162731992,26034900,MSFT
2021-03-16,227.60398864746094,229.85407183469758,225.90923444714625,226.23477615950077,28092200,MSFT
2021-03-17,226.96240234375,228.4082150912853,223.31438418936858,226.11024066099444,29562100,MSFT
2021-03-18,220.91114807128906,224.23362531391453,220.5377291546,222.67291862130548,34833000,MSFT
2021-03-19,220.55685424804688,222.58671941704526,219.5993684724705,221.19836796447422,46430700,MSFT
2021-03-22,225.95709228515625,226.82839330995083,220.35579418679632,220.48027202322757,30127000,MSFT
2021-03-23,227.47952270507812,230.80200025111714,226.9912101109914,227.39335247260578,31638400,MSFT
2021-03-24,225.4496307373047,227.88163843332822,225.31558329909987,227.7380213959927,25620100,MSFT
2021-03-25,222.4622802734375,226.86672145097629,221.7250266173006,225.2964450903894,34061900,MSFT
2021-03-26,226.42626953125,226.64650181527577,221.705870890514,221.705870890514,25479900,MSFT
2021-03-29,225.2389373779297,226.73261270612565,222.02178489794144,226.53153428421984,25227500,MSFT
2021-03-30,221.99310302734375,223.9080747520219,221.27498863058946,223.6016722632375,24792000,MSFT
2021-03-31,225.74642944335938,228.9348588863674,222.51012278869996,223.00801949174152,43623500,MSFT
2021-04-01,232.0466766357422,232.51583530133811,227.92948500151644,228.33162726205853,30338000,MSFT
2021-04-05,238.48097229003906,239.33313398570488,232.38177839559694,232.4392252004619,36910600,MSFT
2021-04-06,237.3224639892578,238.79698589796425,236.38413186553555,237.0830925059559,22931900,MSFT
2021-04-07,239.2756805419922,240.26188968522158,236.68090236866658,237.27453885214405,22719800,MSFT
2021-04-08,242.48329162597656,243.33545344847238,241.28643431291647,242.02370250858237,23625200,MSFT
2021-04-09,244.9727325439453,245.10677996320857,241.70770266251623,242.11941451808443,24326800,MSFT
2021-04-12,245.03018188476562,246.71536615587158,243.79501708514152,243.8812019063308,27148700,MSFT
2021-04-13,247.50047302246094,248.1707247107551,245.9110432297693,246.32278429436747,23837500,MSFT
2021-04-14,244.72377014160156,247.8260145046008,244.312058297405,246.53343216678118,23070900,MSFT
2021-04-15,248.4676055908203,248.87931753907836,246.77286596789506,246.96434562701037,25627500,MSFT
2021-04-16,249.65481567382812,249.9037713098706,246.64832572687448,248.43881933651508,24878600,MSFT
2021-04-19,247.7398681640625,250.3633991429451,246.85899758557616,249.12823427121432,23209300,MSFT
2021-04-20,247.28028869628906,249.13781346064496,245.92064602191053,246.85899261240542,19722900,MSFT
2021-04-21,249.50161743164062,249.5973718481958,246.31320282338555,247.93135603668824,24030400,MSFT
2021-04-22,246.23663330078125,250.65062876395623,244.77166660182715,249.14736906186104,25606200,MSFT
2021-04-23,250.04742431640625,250.3921344174807,246.33237453675008,246.91645610073897,21462600,MSFT
2021-04-26,250.43038940429688,251.2825657582876,249.1090835974423,250.53572803261042,19763300,MSFT
2021-04-27,250.83255004882812,252.00068386501204,249.06119551820086,250.4591165703072,31014200,MSFT
2021-04-28,243.7375946044922,245.6334270987041,242.19604180812823,245.19296257106504,46903100,MSFT
2021-04-29,241.7747344970703,245.21211962839484,238.41396459315484,244.59932929978729,40589000,MSFT
2021-04-30,241.4587860107422,242.32053208236758,238.98848525827847,239.12253269918796,30945100,MSFT
2021-05-03,241.15240478515625,243.5365499894348,240.44385994358444,242.62692667590488,19626600,MSFT
2021-05-04,237.2554168701172,240.5300313964655,235.31172172633566,240.3002295284538,32756100,MSFT
2021-05-05,235.99154663085938,238.89272768605636,235.3691866512584,238.47143156014027,21901300,MSFT
2021-05-06,239.11293029785156,239.23740812996687,234.28720818218096,235.9723779697014,26491100,MSFT
2021-05-07,241.72689819335938,243.488668753516,240.49173319330328,241.43006529011436,27032900,MSFT
2021-05-10,236.6713104248047,241.02787332068948,236.6138636199037,240.20443502693968,29299900,MSFT
2021-05-11,235.76168823242188,236.1159678588581,232.25730184631848,234.15311934831823,33641600,MSFT
2021-05-12,228.83912658691406,233.9904053250569,227.9486717264203,231.87435509010888,36684400,MSFT
2021-05-13,232.69773864746094,235.15848380508328,231.1561861513427,231.52003537715683,29624300,MSFT
2021-05-14,237.60011291503906,238.58632219282524,235.05321160322504,235.13938182515005,23901100,MSFT
2021-05-17,234.75636291503906,236.10642140799038,233.16694758064864,236.06812840418084,24970200,MSFT
2021-05-18,232.74563598632812,235.93406526132515,232.57328095548002,235.80001784180902,20168000,MSFT
2021-05-19,233.32147216796875,233.42703939757578,228.98365334584912,229.6650298465588,25739800,MSFT
2021-05-20,236.54603576660156,237.95679107071055,234.0316351278429,234.12761065425127,21800700,MSFT
2021-05-21,235.2888641357422,238.32150955677835,234.8762015382512,237.59214525609582,21863100,MSFT
2021-05-24,240.6727294921875,241.0374189124444,237.53451728413617,237.80323117996468,21411500,MSFT
2021-05-25,241.5748748779297,242.56336139082663,240.71115363257866,241.62286264574047,17704300,MSFT
2021-05-26,241.3541259765625,242.74568324908876,240.64394515378893,241.29653187433004,17771600,MSFT
2021-05-27,239.26199340820312,241.3445335898177,239.20441394645133,241.04702994155994,24426200,MSFT
2021-05-28,239.6170654296875,241.92034629984425,239.501906511513,240.88387210484515,18270200,MSFT
2021-06-01,237.42898559570312,241.16220561121608,237.00673129893212,241.104626145466,23213300,MSFT
2021-06-02,237.33299255371094,239.2235961900808,235.93182895373278,238.12954255758635,19406700,MSFT
2021-06-03,235.80711364746094,236.4117126902741,233.20632880475637,235.33685693077388,25307700,MSFT
2021-06-04,240.6823272705078,241.50766701250188,237.53452328797448,237.77444746130055,25281100,MSFT
2021-06-07,243.5806427001953,243.84935663294988,239.7418554964885,239.90500219538873,23079200,MSFT
2021-06-08,242.39060974121094,245.69196883019157,242.3330156367018,244.87622075345962,22455000,MSFT
2021-06-09,243.36952209472656,245.23133633758238,243.00484724739417,243.58065657446144,17937600,MSFT
2021-06-10,246.87237548828125,247.08350993870562,243.4462658042312,244.04127308607627,24563600,MSFT
2021-06-11,247.4962615966797,248.07205633914475,246.26782137908282,247.592207862006,18999700,MSFT
2021-06-14,249.4156036376953,249.4731830999678,246.45011489255833,247.50578718025523,19150500,MSFT
2021-06-15,247.94725036621094,249.5115608310335,247.29466357340826,249.30042636423005,18038900,MSFT
2021-06-16,247.00674438476562,250.07775629014873,244.16603567438125,248.94532119918156,27220000,MSFT
2021-06-17,250.38485717773438,251.20060521072745,245.69195565665422,245.74953511426614,27565500,MSFT
2021-06-18,248.97410583496094,251.7284306556283,248.32151911327628,249.16605688845348,37202200,MSFT
2021-06-21,252.04515075683594,252.89926559620372,247.52498746898814,249.34840535412337,26696100,MSFT
2021-06-22,254.80908203125,255.077795937688,251.82441004310962,252.13152001835851,24694100,MSFT
2021-06-23,254.5787811279297,256.07590591956557,253.77263926225072,255.26976405388658,19518700,MSFT
2021-06-24,255.9415283203125,257.05478006360823,254.77069711508946,255.43289021487416,21446900,MSFT
2021-06-25,254.33876037597656,256.47889415229423,254.0892591971492,255.500014248556,25611100,MSFT
2021-06-28,257.88970947265625,258.06244785704735,255.1929639728323,255.46167788886962,19590000,MSFT
2021-06-29,260.4617614746094,260.7016857260207,257.1796141163743,258.0337292218319,19937800,MSFT
2021-06-30,259.9818420410156,260.42329434263524,258.7342479891088,259.7803139253489,21656500,MSFT
2021-07-01,260.653564453125,260.8838822315419,258.7341715326861,258.74374858171234,16725300,MSFT
2021-07-02,266.4598388671875,266.7957386402668,261.5174056815565,261.8245157190933,26458000,MSFT
2021-07-06,266.4693298339844,268.1104026246158,263.24473441126366,266.8244128478086,31565600,MSFT
2021-07-07,268.6478576660156,269.3772364417186,265.9799023346366,268.1392196481216,23260000,MSFT
2021-07-08,266.23907470703125,267.49627505663517,263.791830519067,265.74001367275713,24618600,MSFT
2021-07-09,266.7381286621094,266.8436812511514,264.2237277535544,264.6076006127589,23916700,MSFT
2021-07-12,266.1431579589844,268.4943978499109,265.4329623197288,267.9089967844055,18931700,MSFT
2021-07-13,269.6555480957031,271.4501759643952,266.2102409837941,266.33497693412966,26120100,MSFT
2021-07-14,271.12384033203125,272.2274853385636,269.24281429404203,270.970285392954,23113700,MSFT
2021-07-15,269.7035827636719,271.12394453030225,268.5519349217963,270.634489804362,22604200,MSFT
2021-07-16,269.4349060058594,272.6498964942647,268.1968887982092,270.7017129491467,26186800,MSFT
2021-07-19,265.8455505371094,269.0701168852298,263.38872971350867,267.6881515110027,32935600,MSFT
2021-07-20,268.0624694824219,269.64596306299137,265.1258001402408,266.8244526302893,26259700,MSFT
2021-07-21,270.0586242675781,270.17378317649553,266.1142851990735,267.6593827064098,24364300,MSFT
2021-07-22,274.6076965332031,274.87641050496023,271.99731968429404,272.40037599811654,23384100,MSFT
2021-07-23,277.995361328125,278.30244201944714,274.9531098439966,275.78804130305343,22768100,MSFT
2021-07-26,277.40032958984375,278.01454955841905,275.08748623115633,277.3523564681326,23176100,MSFT
2021-07-27,274.99151611328125,277.9089731585834,271.54620828066527,277.76502450299625,33604100,MSFT
2021-07-28,274.68438720703125,278.4559881617901,272.3906980646863,277.3427364892114,33566900,MSFT
2021-07-29,274.953125,276.9876774693035,274.5500394694676,274.70359446740275,18168300,MSFT
2021-07-30,273.42724609375,275.1067156613807,272.46754919796103,273.67677665869513,20944800,MSFT
2021-08-02,273.34075927734375,275.21214984635424,272.3042706747915,274.81867077386795,16267400,MSFT
2021-08-03,275.5481262207031,275.6537080927837,272.5538770462147,273.91665931799884,17879000,MSFT
2021-08-04,274.96270751953125,275.99916705627766,273.1776564498441,274.68438727940855,16191300,MSFT
2021-08-05,277.85137939453125,277.95696126160766,274.56923306560276,275.317795323746,13900200,MSFT
2021-08-06,277.7937927246094,277.83218879233317,276.02795434835366,276.8820984514025,16589300,MSFT
2021-08-09,276.70947265625,279.7996987209258,276.21044067046614,278.07225552675345,16117600,MSFT
2021-08-10,274.89544677734375,277.5921913930714,273.70543258039936,277.1603162860586,18616600,MSFT
2021-08-11,275.385009765625,277.0260831007816,274.3389144756151,275.6345110192113,13955900,MSFT
2021-08-12,278.12969970703125,278.2832546943312,274.7995509694879,275.0778712144452,14561300,MSFT
2021-08-13,281.04718017578125,281.0951532950036,277.64023937005385,277.81300703201526,18249000,MSFT
2021-08-16,282.7266845703125,282.93781903888737,278.3312568029692,281.3735085609403,22507600,MSFT
2021-08-17,281.2679138183594,281.60381354222284,279.3485202964206,280.60574999790174,20075300,MSFT
2021-08-18,279.5467834472656,283.4794538884407,279.1044566907851,280.8063906085156,21813000,MSFT
2021-08-19,285.3544006347656,286.02748609208663,277.5371547943832,277.5852197511838,29850500,MSFT
2021-08-20,292.6524963378906,294.07557732948726,286.5948434162002,288.19099349843,40817600,MSFT
2021-08-23,292.9312744140625,293.6524247840349,290.23899143697224,291.58513292551737,22830200,MSFT
2021-08-24,290.9793701171875,293.892816520206,290.3832238228718,293.2870454973741,18175800,MSFT
2021-08-25,290.3928527832031,292.8735972507259,288.86401745475416,292.59474421285233,20006100,MSFT
2021-08-26,287.58514404296875,290.79666345082654,287.4505445681289,289.4120524153368,17666100,MSFT
2021-08-27,288.1910095214844,289.2967678980411,285.4121618113785,287.4890790455241,22605700,MSFT
2021-08-30,291.91204833984375,292.5178193402861,289.4793689535972,289.53705863519326,16348100,MSFT
2021-08-31,290.2678527832031,292.78706685723137,289.9024652133177,292.71015705794855,26285300,MSFT
2021-09-01,290.21978759765625,293.4505570216653,289.89286956645867,291.2197911507648,18983800,MSFT
2021-09-02,289.56597900390625,291.69096108011354,288.6332897832502,290.5756073825475,16285600,MSFT
2021-09-03,289.55633544921875,290.96016674016533,288.7101809142856,289.4120818879158,14747900,MSFT
2021-09-07,288.63323974609375,289.5082391184174,286.7294213995241,289.4313293174563,17180400,MSFT
2021-09-08,288.662109375,289.04671710020153,286.0275156464967,288.2486568040006,15046800,MSFT
2021-09-09,285.8160095214844,290.5179253274323,285.57562599791714,289.2486932805111,19927000,MSFT
2021-09-10,284.3351745605469,288.3832533102999,284.0178812923482,286.94095249475373,19633400,MSFT
2021-09-13,285.56597900390625,287.0563743400453,282.7679114864811,286.1044357072228,23652900,MSFT
2021-09-14,288.2583312988281,289.796791808923,286.6333362364003,288.0371678804035,21853400,MSFT
2021-09-15,293.0947570800781,293.5755240081629,290.21015551156955,291.59476661194844,28356300,MSFT
2021-09-16,293.4794006347656,293.5659351711585,289.19096732817496,292.0755692493566,19550800,MSFT
2021-09-17,288.3351745605469,292.7870813462865,288.0082565459675,292.4697880609758,41372500,MSFT
2021-09-20,282.9794616699219,287.22945511957835,278.38333004418814,284.93137463486613,38278700,MSFT
2021-09-21,283.460205078125,286.09482813249366,282.7583040538949,284.3159844038209,22364100,MSFT
2021-09-22,287.0948791503906,288.6718093817277,283.1814571127599,285.31606428951125,26626300,MSFT
2021-09-23,288.0371398925781,289.32559200827507,286.08522692976766,287.3544589280449,18604600,MSFT
2021-09-24,287.83514404296875,288.26781663945985,285.5082193750034,286.7582309001255,14999000,MSFT
2021-09-27,282.85443115234375,285.0659473135494,281.67173392975803,284.7486540480037,23571700,MSFT
2021-09-28,272.6141662597656,279.59491395300205,271.8737954883022,278.65259987175267,43186200,MSFT
2021-09-29,273.07562255859375,275.73906084869554,272.123713405147,274.1333156978042,26353700,MSFT
2021-09-30,271.0756530761719,276.7582926672313,270.78717529668586,274.71984547108286,32343600,MSFT
2021-10-01,277.9794921875,278.8256468235506,270.4699138080857,271.26797413672585,30086300,MSFT
2021-10-04,272.2198791503906,276.6814110362589,269.4699059701531,276.3448682644361,31350700,MSFT
2021-10-05,277.65252685546875,279.2294271274474,273.1236812465694,273.1236812465694,24993000,MSFT
2021-10-06,281.8351745605469,282.3351909458261,274.52754072695535,274.78714430445336,28002600,MSFT
2021-10-07,283.50830078125,285.22945482720434,282.6140812194665,283.825594084445,20430500,MSFT
2021-10-08,283.50830078125,285.22945482720434,282.46023226093035,284.82559764308587,17685700,MSFT
2021-10-11,282.9122314453125,286.5083601313148,281.48915019910635,281.6526239319685,19298600,MSFT
2021-10-12,281.6141052246094,284.0756301147398,281.10449333744236,283.97947083828177,17974100,MSFT
2021-10-13,284.912109375,285.8447984376841,282.20057671725624,283.5659677751689,23416300,MSFT
2021-10-14,291.10443115234375,291.6044182903468,286.3736707555064,287.700592428169,27262900,MSFT
2021-10-15,292.50823974609375,292.7390278517721,288.9601770620516,290.71017592364666,25384800,MSFT
2021-10-18,295.4697570800781,296.3543518258326,291.0466953202489,291.8928498378823,22729300,MSFT
2021-10-19,296.3735656738281,297.40238451063647,295.40240717227346,296.48894503169953,17682100,MSFT
2021-10-20,295.585205078125,297.7871264122316,294.3351931255189,297.3159547433428,16537100,MSFT
2021-10-21,298.8063049316406,299.0562838093166,294.57553200250277,295.3544015118529,16918100,MSFT
2021-10-22,297.2678527832031,299.1236063471209,295.96015129406624,298.4601455444869,17449300,MSFT
2021-10-25,296.2774658203125,297.4986033941539,294.67169118488476,297.4601338192577,17554500,MSFT
2021-10-26,298.18133544921875,300.38325682669654,296.7294388642933,299.03711491126865,28107300,MSFT
2021-10-27,310.7388916015625,313.55617859801384,303.844681332265,303.844681332265,52588700,MSFT
2021-10-28,311.8735656738281,312.37355280117015,308.9985589964651,311.854316213441,26297900,MSFT
2021-10-29,318.86383056640625,319.22921810139104,311.44078853801216,311.66195187331414,34766000,MSFT
2021-11-01,316.700439453125,318.73888677742633,313.81583753903345,318.61388266615893,27073200,MSFT
2021-11-02,320.3158874511719,320.6235854325772,317.30628075988244,317.6043540094643,26487100,MSFT
2021-11-03,321.1524353027344,322.01781024768513,317.9312897385935,321.0562760102518,21500100,MSFT
2021-11-04,323.49853515625,323.59469443504923,316.8351108815185,320.0851008365663,23992200,MSFT
2021-11-05,323.133056640625,325.7580545608874,321.55615641775836,325.4888262621695,22570100,MSFT
2021-11-08,324.0272521972656,324.6618679997252,321.575352848215,324.32532531519155,20897000,MSFT
2021-11-09,323.0273742675781,325.69081300942594,321.6619830119795,324.1427279377186,21307400,MSFT
2021-11-10,318.0754089355469,321.75810028088216,317.2292837348111,321.7004105931885,25500900,MSFT
2021-11-11,319.6427001953125,320.9311520712927,317.7965715810098,318.5080972611384,16849800,MSFT
2021-11-12,323.7677917480469,324.2581835720779,320.95050363021437,321.07550776917867,23831000,MSFT
2021-11-15,323.1427917480469,324.88316622775125,321.1812538481177,324.5562481350454,16723000,MSFT
2021-11-16,326.45037841796875,327.5657612448941,322.60424288113046,322.7676872089823,20886800,MSFT
2021-11-17,326.6719970703125,329.6293143564149,325.59311335095464,326.49861134342495,19053400,MSFT
2021-11-18,328.7430725097656,329.87978087178396,324.74541145445266,325.7664999341988,22463500,MSFT
2021-11-19,330.5155029296875,332.43247631359634,329.6389320213559,330.06278336471644,21963400,MSFT
2021-11-22,327.3558349609375,336.83466359463443,327.086114106962,331.9700164889101,31031100,MSFT
2021-11-23,325.28485107421875,326.9898989068096,321.31608766747587,324.67797163532214,30427600,MSFT
2021-11-24,325.50628662109375,325.7471098307453,321.6531152666691,323.93611459058735,21661300,MSFT
2021-11-26,317.5784606933594,325.5256287318422,316.0757258160542,322.07705238453224,24217200,MSFT
2021-11-29,324.27337646484375,326.585274135935,322.4527383080336,322.64540869619697,28563500,MSFT
2021-11-30,318.455078125,325.38115820776426,316.9138032094252,323.0114652960252,42885600,MSFT
2021-12-01,317.96380615234375,326.82611534101443,317.29916089070014,322.82845444512645,33337600,MSFT
2021-12-02,317.39544677734375,321.24861933110265,315.7674790215907,318.17571186769004,30766000,MSFT
2021-12-03,311.1533203125,320.48763300351385,306.3561099885442,319.8036737217345,41779300,MSFT
2021-12-06,314.216552734375,315.43031134746263,307.51204154241043,312.058785775437,30032600,MSFT
2021-12-07,322.6260986328125,323.4737717636202,317.9830194018074,319.4664988261164,31021900,MSFT
2021-12-08,322.6742858886719,323.184830047875,318.65734078900067,323.00180200991804,24761000,MSFT
2021-12-09,320.87286376953125,324.1384113416441,319.92882616536804,322.1347750888197,22214200,MSFT
2021-12-10,329.9663391113281,330.40944558843535,322.5008195681492,322.6838475603518,38095700,MSFT
2021-12-13,326.9416198730469,331.1704900151728,326.63335907507167,328.17463366758005,28899400,MSFT
2021-12-14,316.2876281738281,322.3563918673137,312.2128880966609,320.98850283752,44438700,MSFT
2021-12-15,322.3660583496094,322.88624490056276,312.5886384053127,316.54775928331173,35381100,MSFT
2021-12-16,312.9739074707031,324.39857838163,311.1629118249928,323.3871030361662,35034800,MSFT
2021-12-17,311.91424560546875,312.9931584037919,305.6046885387923,309.10144665260225,47750300,MSFT
2021-12-20,308.1671142578125,310.9510161666708,305.9130118209808,308.3019600117902,28326500,MSFT
2021-12-21,315.2762451171875,315.70009648431505,308.0611589340678,311.4230722504831,24740600,MSFT
2021-12-22,320.9692687988281,321.3641930953662,313.7927235316347,316.2491091479911,24831500,MSFT
2021-12-23,322.4045104980469,324.04212022481056,320.516464601709,320.53571987710177,19617800,MSFT
2021-12-27,329.8797912597656,329.9086888818995,323.1174537066625,323.1463513287964,19947000,MSFT
2021-12-28,328.7237548828125,331.18978275080303,327.827899397402,330.5540058070814,15661500,MSFT
2021-12-29,329.39813232421875,331.6618479007126,327.21143787403537,328.7719682057402,15042000,MSFT
2021-12-30,326.86468505859375,330.5348301286834,326.3830384153024,329.3596111431574,15994500,MSFT
2021-12-31,323.9747619628906,326.9031519971822,323.52201300272316,326.0843763307589,18000800,MSFT
2022-01-03,322.4623718261719,325.59307446526094,317.67480384527,323.0403535774783,28865100,MSFT
2022-01-04,316.9330749511719,322.89586164300437,314.1491437576021,322.5394184991603,32674300,MSFT
2022-01-05,304.7667236328125,314.10103759223983,304.381412211663,313.89872484330033,40054300,MSFT
2022-01-06,302.3584289550781,307.0015085378214,300.05614444176234,301.6552144415301,39646100,MSFT
2022-01-07,302.5125732421875,304.88226603603744,298.7075537396608,302.61852137240913,32720000,MSFT
2022-01-10,302.7341613769531,303.1676551016723,293.50582490722064,298.1296207831316,44289500,MSFT
2022-01-11,303.4181213378906,304.98826465644487,298.51496217670007,301.8768462438373,29386800,MSFT
2022-01-12,306.5873107910156,311.5386518627093,305.4409895513784,307.9359447652065,34372200,MSFT
2022-01-13,293.61175537109375,309.1015264774925,292.8411325706475,308.70657273811673,45366000,MSFT
2022-01-14,298.81353759765625,299.4107746285059,292.6002852144012,293.0819317744249,39846400,MSFT
2022-01-18,291.5406494140625,298.42818916600646,290.66404916965183,292.90853854423693,42333200,MSFT
2022-01-19,292.1957092285156,302.3873676008085,291.58885921501854,295.0470782257124,45933900,MSFT
2022-01-20,290.5292053222656,300.21028923440434,290.0860987267936,297.72500596711825,35380700,MSFT
2022-01-21,285.16363525390625,292.9470300221771,284.7590392453866,291.57917037846426,57984400,MSFT
2022-01-24,285.4912414550781,286.20406911697694,265.9171138006452,281.4743247041222,85731500,MSFT
2022-01-25,277.900390625,284.16179518047517,274.70228017866594,280.8191672649652,72848600,MSFT
2022-01-26,285.8186950683594,297.17592925056107,282.27378342148563,296.6846403493407,90428900,MSFT
2022-01-27,288.8337707519531,296.01992832954136,286.9938775868818,291.5502640782282,53481300,MSFT
2022-01-28,296.9447326660156,297.1566583183815,283.64165765387617,289.2094904507192,49743700,MSFT
2022-01-31,299.5648498535156,300.9134540935953,295.12405410178434,297.6093663560582,46444500,MSFT
2022-02-01,297.42633056640625,299.22768361826155,293.92957257286747,299.0157580005511,40950400,MSFT
2022-02-02,301.95379638671875,303.55286619292593,297.54192766153886,298.2643973656909,36636000,MSFT
2022-02-03,290.19207763671875,299.8057543934319,288.94942117258597,298.12960422865086,43730000,MSFT
2022-02-04,294.7098693847656,297.4648733158477,288.95900886982764,289.1901897878569,35096500,MSFT
2022-02-07,289.903076171875,296.5401504808717,288.89160075762936,294.931467433284,28533300,MSFT
2022-02-08,293.3805847167969,294.3438779498826,288.93981702301244,290.19208646707324,32421200,MSFT
2022-02-09,299.7864990234375,300.48007137385594,296.10674096728,298.4956895318713,31284700,MSFT
2022-02-10,291.2806091308594,297.77319603906335,289.6622835734979,292.879679406839,45386200,MSFT
2022-02-11,284.2101135253906,293.12057811992236,283.42020582488163,292.0609494237986,39175600,MSFT
2022-02-14,284.1714782714844,285.8668836168061,280.65546416556623,282.9866171180097,36359500,MSFT
2022-02-15,289.44073486328125,289.75860871286204,286.11736126713663,288.99762818292135,27058300,MSFT
2022-02-16,289.10284423828125,290.42527991431285,283.48487872602993,288.0120675250117,29982100,MSFT
2022-02-17,280.6372985839844,286.49655572673316,279.93262997944396,286.0718280004565,32461600,MSFT
2022-02-18,277.93450927734375,283.65864238707985,276.3707522552186,282.87676387601726,34264000,MSFT
2022-02-22,277.7317810058594,281.4191765053362,274.6235623555302,275.10620482012695,41736100,MSFT
2022-02-23,270.54034423828125,281.5735712358109,270.3762623285836,280.106319573653,37811200,MSFT
2022-02-24,284.3632507324219,284.913470148122,262.0941229321313,263.04977493259855,56989700,MSFT
2022-02-25,286.9888916015625,287.29778988293907,281.5253747646306,284.8942395707059,32546700,MSFT
2022-02-28,288.4175109863281,288.7553666251348,282.8285026347826,284.0930236175549,34627500,MSFT
2022-03-01,284.7107849121094,289.5565043668673,282.00796959435814,286.1104303022666,31217800,MSFT
2022-03-02,289.7689514160156,291.00451522918104,283.5042602217041,285.10660764686014,31873000,MSFT
2022-03-03,285.6471252441406,292.60682123875046,283.84201770674827,292.37516228556973,27314500,MSFT
2022-03-04,279.7974853515625,285.3961558141852,277.20089590151974,284.07372012763096,32356500,MSFT
2022-03-07,269.2275390625,279.6333061713874,268.86072619064873,278.5135724682122,43157200,MSFT
2022-03-08,266.2738342285156,274.1022802945537,260.6269119121218,268.1561220285429,48159500,MSFT
2022-03-09,278.4847717285156,279.5465913078485,271.03276903287826,273.6004311217502,35204500,MSFT
2022-03-10,275.6756591796875,276.65060617183343,270.8395733141263,273.19487038356175,30628000,MSFT
2022-03-11,270.34735107421875,279.4596429563479,269.7295545935928,277.9634336750457,27209300,MSFT
2022-03-14,266.8433532714844,275.4922975054639,266.2448813621328,270.6079583933382,30660700,MSFT
2022-03-15,277.1815490722656,277.82830290735563,269.053866830209,270.61762363193617,34245100,MSFT
2022-03-16,284.17022705078125,284.343971257443,273.36868699762886,279.07349465678493,37826300,MSFT
2022-03-17,284.971435546875,285.3478813742308,279.3245124712581,283.1084425886128,30816600,MSFT
2022-03-18,290.00054931640625,290.55076880569743,282.56787290557435,285.11620984529543,43390600,MSFT
2022-03-21,288.774658203125,289.72064808863075,284.66253476098274,288.5140418634162,28351200,MSFT
2022-03-22,293.5044860839844,294.41185612837654,288.3981213802289,289.3923635193199,27599700,MSFT
2022-03-23,289.0931701660156,292.7033557846491,287.3846264690427,290.0777796338965,25715400,MSFT
2022-03-24,293.543212890625,293.6397472949178,287.96386603720487,288.7554069109761,24484500,MSFT
2022-03-25,293.13775634765625,294.8945822052207,288.9001703045881,294.63396584716253,22566500,MSFT
2022-03-28,299.9140625,300.01056743386323,293.7651722801995,293.7651722801995,29578200,MSFT
2022-03-29,304.4605407714844,304.8563111504665,298.3213129462688,303.01261329342486,30393400,MSFT
2022-03-30,302.9643249511719,304.9817964510435,300.76347640947125,302.86782002120697,28163600,MSFT
2022-03-31,297.60693359375,304.1998448149147,297.2015305025654,303.00287171477623,33422100,MSFT
2022-04-01,298.6784973144531,299.36384141537167,294.93318680550044,298.630215389613,27110500,MSFT
2022-04-04,304.0357971191406,304.1709216917822,298.9583889350334,299.32520192359516,24289600,MSFT
2022-04-05,300.0877685546875,303.93924580373067,299.11282139815006,302.3947841023135,23156700,MSFT
2022-04-06,289.10284423828125,296.3424814061848,286.4096909635366,294.59531799298344,40110400,MSFT
2022-04-07,290.9079895019531,293.10883853038496,286.06226851131066,286.36150455996227,31411200,MSFT
2022-04-08,286.66064453125,290.6665707873598,285.9945956247322,290.0101841560006,24361900,MSFT
2022-04-11,275.3572082519531,282.452029428348,275.10622472559214,281.6605181173394,34569300,MSFT
2022-04-12,272.2682800292969,280.64694661427023,270.7527755355778,279.1990191393396,30966700,MSFT
2022-04-13,277.63525390625,278.5619192143064,271.53464592371415,272.91502579688114,21907200,MSFT
2022-04-14,270.1156921386719,278.30131965119733,269.62341681375074,278.08895577007974,28221600,MSFT
2022-04-18,270.78167724609375,272.654332085389,268.67736348503956,269.22758288237094,20778000,MSFT
2022-04-19,275.39581298828125,276.2356357266572,268.74501431186735,269.6813419887161,22297700,MSFT
2022-04-20,276.4189453125,279.64302251578187,275.46332277285063,279.35341939656814,22906700,MSFT
2022-04-21,271.0616455078125,283.1180442640561,270.33768184591173,278.5618984401678,29454600,MSFT
2022-04-22,264.5169982910156,273.3686730601937,263.8895690490661,271.901421279217,29405800,MSFT
2022-04-25,270.9747009277344,271.35114661299605,261.3701071321258,263.80264323871995,35678900,MSFT
2022-04-26,260.83935546875,268.69676130335756,260.62699155656253,267.86663021091147,46518400,MSFT
2022-04-27,273.3879699707031,280.86892738240044,269.46891592845344,272.30685567741426,63477700,MSFT
2022-04-28,279.575439453125,280.8785798159734,271.6890497286869,275.28957261335694,33646600,MSFT
2022-04-29,267.8858947753906,279.81683323611406,266.9013146355611,278.59090237715037,37073900,MSFT
2022-05-02,274.5945739746094,275.0482590184196,266.6309742081337,268.0692391635906,35151100,MSFT
2022-05-03,271.9979553222656,274.2663805402377,270.4245363528179,274.10226915929724,25978600,MSFT
2022-05-04,279.9133605957031,280.78211122173315,267.1233340856761,272.77989016075946,33599300,MSFT
2022-05-05,267.7217712402344,276.40933528615983,264.816254282709,275.6274568786791,43260400,MSFT
2022-05-06,265.1927490234375,269.55582646003774,261.8528418348636,265.26995885904273,37780300,MSFT
2022-05-09,255.3950653076172,262.90498063444784,254.17882636789196,260.6848371526901,47726000,MSFT
2022-05-10,260.144287109375,264.24674803781596,255.86808196451094,262.25826345033016,39336400,MSFT
2022-05-11,251.50498962402344,261.939717895706,250.29838339965534,256.45690628213566,48975900,MSFT
2022-05-12,246.48553466796875,250.85827461107095,241.3405637664361,248.74429806988636,51033800,MSFT
2022-05-13,252.05517578125,253.90853565823974,246.485492791465,248.41606249500785,34925100,MSFT
2022-05-16,252.42198181152344,256.59201932670356,246.90055143257808,250.9354349323041,32550900,MSFT
2022-05-17,257.5573425292969,259.0149028011125,253.34868474571135,256.87196899135023,28828800,MSFT
2022-05-18,245.8308563232422,255.0417772364754,244.56339009492962,254.46125136602734,31356000,MSFT
2022-05-19,244.92135620117188,249.30429522500646,243.70226967132928,245.65667612599017,32692300,MSFT
2022-05-20,244.3601837158203,250.14604290717048,238.43888522978867,248.88823202551862,39199300,MSFT
2022-05-23,252.1874542236328,253.00986312576111,245.20186523465415,247.194995486904,33175400,MSFT
2022-05-24,251.19091796875,252.84539116572356,245.2696206096745,249.51710474100852,29043900,MSFT
2022-05-25,253.99679565429688,255.98991161054977,248.78180725280606,249.75902519728396,28547900,MSFT
2022-05-26,257.2669982910156,258.4377048602189,252.94212494462826,253.75484905664422,25002100,MSFT
2022-05-27,264.3687744140625,264.4655336439164,258.873192668912,259.7633362460875,26910800,MSFT
2022-05-31,263.0433044433594,265.84914543757435,260.19875384510124,263.68188003957823,37827700,MSFT
2022-06-01,263.575439453125,268.67432940880065,261.27270543224773,266.2651808958061,25292200,MSFT
2022-06-02,265.66522216796875,265.7329565705162,253.10666158963318,255.86413679429918,44008200,MSFT
2022-06-03,261.2532958984375,264.5719571114333,259.6955816677973,261.5338887851949,28059000,MSFT
2022-06-06,260.0245666503906,265.27826522689224,258.5442419264379,263.2270994161104,22400300,MSFT
2022-06-07,263.65277099609375,264.26232157625736,257.3057561922374,257.9830411761452,22860700,MSFT
2022-06-08,261.630615234375,264.1365222872214,260.85657107937885,262.88839638694134,17372300,MSFT
2022-06-09,256.1931457519531,263.8559928027338,256.03833688377534,259.08606081367157,26439700,MSFT
2022-06-10,244.7762451171875,252.11980426463842,244.33117332105226,252.11980426463842,31422800,MSFT
2022-06-13,234.3945770263672,240.9351106086177,233.68828195632932,237.1520524259518,46135800,MSFT
2022-06-14,236.55218505859375,237.76160149558388,233.6689256431726,235.94263445006774,28651500,MSFT
2022-06-15,243.58616638183594,247.01124236384646,238.41954235569622,240.24817961274056,33111700,MSFT
2022-06-16,237.01658630371094,239.3870394621926,235.1298996985269,237.99378942655406,33169200,MSFT
2022-06-17,239.60958862304688,242.36706412018737,236.10712319916604,236.75536866492723,43084800,MSFT
2022-06-21,245.50186157226562,246.4790647181553,241.40918580520898,242.13483565226932,29928300,MSFT
2022-06-22,244.9116668701172,248.82050899795738,242.24126597240473,243.71192046945043,25939900,MSFT
2022-06-23,250.45565795898438,250.94910939467707,245.3954776548155,247.2724946346494,25861400,MSFT
2022-06-24,259.00860595703125,259.2795140264686,253.2227477629766,253.30982219314234,33923200,MSFT
2022-06-27,256.2898864746094,259.589148741076,254.73214265073585,259.50207429528484,24615100,MSFT
2022-06-28,248.15293884277344,258.24430356414223,247.99812997940293,255.40943822517565,27295500,MSFT
2022-06-29,251.81021118164062,253.46468475908262,247.45629682631295,249.22688443197563,20069800,MSFT
2022-06-30,248.4915313720703,251.10388274506582,244.68913309560924,248.70438985080898,31730900,MSFT
2022-07-01,251.1522216796875,251.33605532539292,246.34359589719068,248.06581834657763,22837700,MSFT
2022-07-05,254.3161163330078,254.44190037764724,246.46942121872016,247.84331663869565,22941000,MSFT
2022-07-06,257.5670471191406,259.28925531633575,253.88074738510633,255.18692332453952,23824400,MSFT
2022-07-07,259.6858825683594,260.324457968474,256.4156159102422,256.5123751272476,20859900,MSFT
2022-07-08,258.96990966796875,259.395626588486,254.74179480110894,256.1930944319359,19658800,MSFT
2022-07-11,255.92221069335938,257.87661708581794,253.66784185070392,257.02518316379025,19455200,MSFT
2022-07-12,245.4341278076172,257.3057634702687,243.8570440782721,257.2477138444937,35868500,MSFT
2022-07-13,244.5149688720703,245.31802312540924,240.05464064203076,242.06711128352157,29497400,MSFT
2022-07-14,245.8308563232422,246.85643923276575,237.95513605400782,242.43481984226366,25102800,MSFT
2022-07-15,248.38511657714844,251.91660674220472,246.49842984837338,247.41758340717305,29774100,MSFT
2022-07-18,245.99530029296875,252.37134012804827,245.07614676470823,251.3167325510271,20975000,MSFT
2022-07-19,251.10386657714844,251.28770022998475,245.44379198460823,249.21716520404595,25012600,MSFT
2022-07-20,253.75497436523438,256.27056711234303,250.50407631182094,251.46192492992023,22788300,MSFT
2022-07-21,256.2414245605469,256.28981892441135,248.68499453524507,251.35539494275176,22404700,MSFT
2022-07-22,251.90695190429688,256.71559351171373,250.6588552259502,256.6285190592783,21881300,MSFT
2022-07-25,250.42662048339844,253.00994727720533,248.47221392948006,252.5261806476122,21056000,MSFT
2022-07-26,243.72158813476562,251.44251309723307,241.46724894665664,251.42314353761344,39348000,MSFT
2022-07-27,260.0148010253906,261.2822668545158,250.44591530173275,252.68091410129014,45994000,MSFT
2022-07-28,267.4358825683594,268.8194480987204,259.17313993208194,260.9921072574556,33459300,MSFT
2022-07-29,271.625244140625,272.8443453449876,267.64869711004144,268.6839646557535,32152800,MSFT
2022-08-01,268.9839172363281,272.14774020428075,266.8843571782586,268.8000835642348,21539600,MSFT
2022-08-02,265.8974914550781,268.8678255810628,263.53670799309106,267.0391735890701,22754200,MSFT
2022-08-03,273.29913330078125,274.295691421878,267.62937279083735,267.7745264077172,23518900,MSFT
2022-08-04,274.4407958984375,274.58591997817257,271.07379914150016,272.65085351031576,18098700,MSFT
2022-08-05,273.7248229980469,274.44078812230066,269.632146904856,270.0868886929883,16774600,MSFT
2022-08-08,271.2188415527344,276.63703193658046,270.2513086101462,274.8277205314604,18739200,MSFT
2022-08-09,273.1346130371094,273.8892877589125,268.5968799256363,270.5610006852255,23405200,MSFT
2022-08-10,279.77191162109375,280.400802313646,277.6239866748656,278.81406317438757,24687800,MSFT
2022-08-11,277.7013244628906,281.7552902911237,277.20790268722305,281.4069925671231,20065900,MSFT
2022-08-12,282.4325866699219,282.4325866699219,277.62394605155976,279.11395527145453,22619700,MSFT
2022-08-15,283.94195556640625,284.62889583747915,280.6910288186994,281.55214749764076,18085700,MSFT
2022-08-16,283.2066345214844,284.49347021164397,280.9910047541906,282.51000943686375,18102900,MSFT
2022-08-17,282.4600524902344,284.42831264174936,280.6663108728771,280.9280886741136,18253400,MSFT
2022-08-18,281.34503173828125,283.0321034033775,280.2881560238518,281.36441282325103,17186200,MSFT
2022-08-19,277.447265625,280.4529907173876,276.8752129457477,280.11362940883,20570000,MSFT
2022-08-22,269.3027648925781,273.869510964488,268.7888850126345,273.50106320350113,25061100,MSFT
2022-08-23,268.0325622558594,270.3789456095567,267.0241837556368,268.0325622558594,17527400,MSFT
2022-08-24,267.40240478515625,268.7986124206689,266.7430631426748,267.03395699391723,18137000,MSFT
2022-08-25,270.3692932128906,270.5341064037505,266.170965672793,268.89550229541334,16583400,MSFT
2022-08-26,259.9365234375,271.8139618186625,259.8298830917029,270.5922729736932,27549300,MSFT
2022-08-29,257.1635437011719,259.2675307004995,255.82550904713992,257.7646828438369,20338500,MSFT
2022-08-30,254.97222900390625,258.92812992723435,252.73248597704324,258.55971181711374,22767100,MSFT
2022-08-31,253.5178985595703,258.9863535184162,253.38214218494335,257.3186923863377,24791800,MSFT
2022-09-01,252.48043823242188,252.95555596320528,247.64220877512267,250.9969713685728,23263400,MSFT
2022-09-02,248.27239990234375,256.68840643713196,246.7307604021961,253.7408837951921,22855400,MSFT
2022-09-06,245.54788208007812,249.98857705648493,244.27772561001785,248.40817526683784,21328200,MSFT
2022-09-07,250.24066162109375,250.9581464072949,245.5187784892074,246.95376285633063,24126700,MSFT
2022-09-08,250.65756225585938,252.50947654562356,247.04100773001082,249.67829973457307,20319900,MSFT
2022-09-09,256.4168701171875,257.1634707543798,252.37371046804242,252.57731537389688,22084700,MSFT
2022-09-12,258.540283203125,259.3159703034846,257.09560851352137,257.6967475229018,18747700,MSFT
2022-09-13,244.32618713378906,252.48040101382477,243.93834353048703,250.96784794774865,33353300,MSFT
2022-09-14,244.54922485351562,246.49808932194622,242.26099903033722,245.8193814071736,23913000,MSFT
2022-09-15,237.91720581054688,243.75410750034436,236.59856721458627,242.1736911292833,31530900,MSFT
2022-09-16,237.29669189453125,237.83965816543386,234.69819143342704,236.8312795525679,39791800,MSFT
2022-09-19,237.08335876464844,237.68449782170777,233.5249771298103,235.09570294714337,26826900,MSFT
2022-09-20,235.07635498046875,236.10411478867206,232.3518179959653,234.7079219968837,26660300,MSFT
2022-09-21,231.6827850341797,240.12789337863492,231.634302730604,236.84099440441966,28625600,MSFT
2022-09-22,233.6510467529297,236.44346175605514,230.3447666716902,230.6356309055808,31061200,MSFT
2022-09-23,230.68411254882812,233.79649299504186,228.0468350078117,232.2548385862269,34176000,MSFT
2022-09-26,230.22842407226562,234.10677196919062,229.69514827749381,229.84059520046236,27694200,MSFT
2022-09-27,229.22006225585938,234.44613550367382,227.36814756715876,232.6814800927302,27018700,MSFT
2022-09-28,233.7383270263672,234.96000122532365,227.5911346801097,229.60787725874428,29029700,MSFT
2022-09-29,230.27688598632812,232.6523709038743,227.28086605201818,231.6246111693645,27484200,MSFT
2022-09-30,225.8167724609375,233.224415436406,225.65194447106404,231.0428450141116,35694800,MSFT
2022-10-03,233.41835021972656,234.26188606885609,227.52326022905194,228.25045038719026,28880400,MSFT
2022-10-04,241.31080627441406,242.7457908263603,237.52940827026438,237.63606342718273,34888400,MSFT
2022-10-05,241.6210479736328,242.95908260476142,236.67616375353109,238.50868236825332,20347100,MSFT
2022-10-06,239.28431701660156,242.72635307461078,238.5959186818319,240.38964536366748,20239900,MSFT
2022-10-07,227.11599731445312,233.98067302799203,226.0785324285466,233.57343358857807,37769600,MSFT
2022-10-10,222.27777099609375,227.42627446967683,219.83440814949287,225.96220374690327,29743600,MSFT
2022-10-11,218.55458068847656,222.0935668585732,217.29411479408543,220.69735939369207,30474000,MSFT
2022-10-12,218.88421630859375,220.9300450129457,217.14866247633316,218.54485501658382,21903900,MSFT
2022-10-13,227.11599731445312,228.91942919508384,212.46554146760957,213.16364508557754,42551800,MSFT
2022-10-14,221.6087646484375,230.02478606979594,221.3954543611521,228.3764766144597,30198600,MSFT
2022-10-17,230.30596923828125,231.6924861628052,227.98865719878884,228.64798396705297,28142300,MSFT
2022-10-18,231.24644470214844,236.51129376308393,228.21163337698803,235.8422913191834,26329600,MSFT
2022-10-19,229.28787231445312,232.32268360031256,227.16447494797129,229.83083853160068,19985700,MSFT
2022-10-20,228.96791076660156,233.9709820712703,227.72684087943537,228.59947785288415,21811000,MSFT
2022-10-21,234.75636291503906,235.60960407563198,227.3681158672251,227.60082203685621,26299700,MSFT
2022-10-24,239.73037719726562,240.30242995612315,233.9613377120293,236.3465133618895,24911200,MSFT
2022-10-25,243.03665161132812,243.40508456640856,238.3535451916917,239.74004733273168,34775500,MSFT
2022-10-26,224.2848358154297,231.05254784281726,223.06314692358666,224.139388912023,82543200,MSFT
2022-10-27,219.8538360595703,226.58277171119522,218.9133355552526,224.01335747357737,40424600,MSFT
2022-10-28,228.69644165039062,229.40425069094275,219.17510664004706,219.3593305055409,40647700,MSFT
2022-10-31,225.07022094726562,227.7753619981535,224.12001509457988,226.65063759786585,28357300,MSFT
2022-11-01,221.23065185546875,228.57043214353084,220.41620237096575,227.46510361607025,30592300,MSFT
2022-11-02,213.40606689453125,224.2654364159978,213.34787925724922,222.48140020209192,38407000,MSFT
2022-11-03,207.73397827148438,213.70663669340686,207.4721856849331,213.3963618064245,36633900,MSFT
2022-11-04,214.6568603515625,214.850774788113,206.9389415011775,210.93364990878925,36789100,MSFT
2022-11-07,220.9397735595703,221.46335879760886,214.55019910987951,215.23861235404937,33498000,MSFT
2022-11-08,221.90933227539062,224.6047824698309,218.97148537429405,221.74450429023085,28192500,MSFT
2022-11-09,217.6819610595703,221.67666935840754,217.50744250984388,220.45498033143147,27852900,MSFT
2022-11-10,235.59022521972656,235.92958655895382,227.8529257557349,228.2698410290553,46268000,MSFT
2022-11-11,239.5946044921875,240.44784564522814,234.5721369704996,235.59991144789905,34620200,MSFT
2022-11-14,234.20372009277344,236.49194578262,231.93489028356817,234.6303406985499,31123300,MSFT
2022-11-15,234.61093139648438,239.4879520708681,232.72993053937964,238.18870924194545,31390100,MSFT
2022-11-16,235.0387725830078,237.05148093249457,233.76503649853092,236.06942880902983,24093300,MSFT
2022-11-17,234.99012756347656,236.51667602662837,231.05224616268976,231.19808812700944,23123500,MSFT
2022-11-18,234.54286193847656,236.99311072037338,232.4134803048627,236.76946659991202,27613500,MSFT
2022-11-21,235.3498992919922,237.8973712159803,234.51370406585946,234.74705121223045,26394700,MSFT
2022-11-22,238.24737548828125,238.51962368090963,234.04696420457608,236.8472334482416,19665700,MSFT
2022-11-23,240.72682189941406,241.40744246425524,237.50844728562427,238.3251919634337,19508500,MSFT
2022-11-25,240.63931274414062,241.81581080755163,239.9003405690243,240.46428755240743,9200800,MSFT
2022-11-28,235.0679168701172,239.8225578203936,234.13449861777707,239.26834351489458,24778200,MSFT
2022-11-29,233.67750549316406,236.069402727706,231.61619326885713,234.71787945747192,17956300,MSFT
2022-11-30,248.07754516601562,248.2622882065125,233.22050747543122,233.9108607052224,47594200,MSFT
2022-12-01,247.6400146484375,249.03042418074372,243.97436658880594,246.84270566954237,26041500,MSFT
2022-12-02,247.96087646484375,248.9720820268652,242.77841272299736,242.9048189819058,21528500,MSFT
2022-12-05,243.2742919921875,246.79409803519974,241.19352923147437,245.0341875954859,23435300,MSFT
2022-12-06,238.3349151611328,244.88835294425144,237.03201078829815,243.8771473447241,22463700,MSFT
2022-12-07,237.6056671142578,239.3461270027659,235.5054686619729,238.0529405287907,20481500,MSFT
2022-12-08,240.55178833007812,241.85470746474556,236.33192613856002,238.06265330165112,22611800,MSFT
2022-12-09,238.62660217285156,241.43660437225947,237.40148518904434,237.92653108598594,20609700,MSFT
2022-12-12,245.5203399658203,245.5495083577721,240.32815848858516,240.6004067044122,30665100,MSFT
2022-12-13,249.80828857421875,256.61452370043395,246.0648533202343,254.44624097086364,42196900,MSFT
2022-12-14,250.0999755859375,255.32132556389985,247.27052281634482,250.01247040825905,35410900,MSFT
2022-12-15,242.11720275878906,247.16354186623428,240.49343144760888,246.69683279651164,35560400,MSFT
2022-12-16,237.9167938232422,242.92423190340745,236.76944942143655,241.66994662968148,86102000,MSFT
2022-12-19,233.79415893554688,238.42240802601717,232.1023329485857,238.08209035651285,29696400,MSFT
2022-12-20,235.1068115234375,236.18608654823132,231.82036751639754,232.77323628356203,25150800,MSFT
2022-12-21,237.66403198242188,238.8210944819846,233.4636197451072,234.99988623023594,23690600,MSFT
2022-12-22,231.5967254638672,235.2915415960275,227.396299165475,234.5817378584511,28651700,MSFT
2022-12-23,232.121826171875,232.25795030612596,227.4644223733296,229.57435387242822,21207000,MSFT
2022-12-27,230.4008026123047,232.31625810648032,229.30207698528272,232.09262880735398,16688600,MSFT
2022-12-28,228.0380401611328,233.08437961165026,227.6880046259404,230.33271426152407,17457100,MSFT
2022-12-29,234.3386688232422,235.2234829457409,229.12703678909463,229.12703678909463,19770700,MSFT
2022-12-30,233.18162536621094,233.3177494769252,230.1090927684712,231.6161906747891,21938500,MSFT
2023-01-03,232.94825744628906,238.9474656895386,230.82859367762717,236.35137496373926,25740000,MSFT
2023-01-04,222.7583465576172,226.42397945527185,219.70526469993285,225.85031465735742,50623400,MSFT
2023-01-05,216.1563262939453,221.25128535832076,215.62154764960167,220.9109676292611,39585600,MSFT
2023-01-06,218.7038116455078,219.51083858737974,213.27828204953124,216.8272421866287,43613600,MSFT
2023-01-09,220.8331756591797,224.8391416447206,220.14283719895346,220.18172344662707,27369800,MSFT
2023-01-10,222.51528930664062,224.90718660058684,221.03735973961676,221.45544993887123,27033900,MSFT
2023-01-11,229.24374389648438,229.41875426303784,224.71273203443783,224.88774240099133,28669300,MSFT
2023-01-12,231.90786743164062,233.25939064495995,227.09488993594465,228.74782975392716,27269500,MSFT
2023-01-13,232.60794067382812,232.74406478160432,228.41724688827324,230.43967280124468,21333300,MSFT
2023-01-17,233.6969451904297,234.24144161412062,230.52717483814848,231.38282055332843,29831300,MSFT
2023-01-18,229.2826385498047,235.67078421870966,229.00067244788087,234.88320786751135,30028700,MSFT
2023-01-19,225.51004028320312,229.00067834361187,224.29464098489822,227.30883717926125,28623000,MSFT
2023-01-20,233.57057189941406,234.0761821512317,228.01862149174536,228.35893922278777,35389800,MSFT
2023-01-23,235.86520385742188,238.38350713722812,233.01630075916648,234.42617553130606,31934000,MSFT
2023-01-24,235.34014892578125,237.19728228703622,233.78444699997308,235.78742231675506,40234400,MSFT
2023-01-25,233.9497528076172,236.5652941592754,224.50852565701223,227.98943061234027,66526600,MSFT
2023-01-26,241.1351776123047,241.43659421049372,235.30126202491022,236.90558287687787,33454500,MSFT
2023-01-27,241.29078674316406,242.91455836670545,239.99760015608618,242.09781362847204,26498900,MSFT
2023-01-30,235.99163818359375,238.80164053803622,235.49574581512883,237.74180116090332,25867400,MSFT
2023-01-31,240.95045471191406,241.08657882687118,236.22498209780977,236.7111417707159,26541100,MSFT
2023-02-01,245.75369262695312,248.11642130402413,238.6752096108031,241.13517614830616,31259900,MSFT
2023-02-02,257.2757568359375,257.363262034007,250.12920226522084,251.65575106816502,39940400,MSFT
2023-02-03,251.19869995117188,256.8867738555353,249.9833008123263,252.3557623051793,29077300,MSFT
2023-02-06,249.66241455078125,251.1500618843591,247.72750865015405,250.31388153410032,22518000,MSFT
2023-02-07,260.15374755859375,261.33024559426707,252.88078856760495,253.31834411841427,50841400,MSFT
2023-02-08,259.34674072265625,269.0991022332483,258.84111568990085,265.63764785701306,54686000,MSFT
2023-02-09,256.3227844238281,266.39602683122865,255.5254755531628,266.22098682274134,42375100,MSFT
2023-02-10,255.8172607421875,256.7798475306488,253.44479884068832,254.2907120393768,25818500,MSFT
2023-02-13,263.80963134765625,266.99883688144894,259.7550475521796,260.23150409956196,44630900,MSFT
2023-02-14,264.6361389160156,267.35862090148964,261.82612208741193,265.12229853290944,37047900,MSFT
2023-02-15,262.5209655761719,263.8953733913227,259.46022127566107,261.54621079213484,28922400,MSFT
2023-02-16,255.5319366455078,260.00605711365523,255.2882479724247,257.354723160625,29603600,MSFT
2023-02-17,251.54518127441406,253.52393201360653,249.53718908576167,252.84162161049076,30000100,MSFT
2023-02-21,246.291259765625,249.04007506409081,245.23852294112166,248.0555633319736,28397400,MSFT
2023-02-22,245.16053771972656,247.9190951759008,244.0200765591585,247.6754065123544,22491100,MSFT
2023-02-23,248.3382568359375,250.35599131241563,244.15655088158258,249.1083064975943,29219100,MSFT
2023-02-24,242.92835998535156,244.66342210762315,241.8366395147742,243.649683795455,24990900,MSFT
2023-02-27,243.8446502685547,246.43750145661366,243.09408495125825,246.08658915391715,21190000,MSFT
2023-02-28,243.12332153320312,245.1410709516809,242.4507383937105,242.78216630386783,22491000,MSFT
2023-03-01,240.05282592773438,244.59517118131993,239.58493299824488,244.42946467971646,27565300,MSFT
2023-03-02,244.77066040039062,245.0533327272031,239.4095093951341,240.32578121944115,24808200,MSFT
2023-03-03,248.84512329101562,249.16679413004076,245.04358587267618,245.82339261513917,30760100,MSFT
2023-03-06,250.38525390625,253.55320692008516,249.517722752789,249.956359426143,24109800,MSFT
2023-03-07,247.73387145996094,251.1845110149319,246.9930633309493,249.82958786516494,21473200,MSFT
2023-03-08,247.29525756835938,248.11404792403098,244.47821715829852,247.62667058752513,17340200,MSFT
2023-03-09,245.95010375976562,253.00731800229747,245.22877995450497,249.36174508099094,26653400,MSFT
2023-03-10,242.31427001953125,246.40823683070676,241.3492723748031,244.74141460422547,28333900,MSFT
2023-03-13,247.5097198486328,251.39899658512076,239.52647621107045,241.1543148292338,33339700,MSFT
2023-03-14,254.20631408691406,254.4792442426015,249.40076516094558,250.26829634300452,33620300,MSFT
2023-03-15,258.7388916015625,259.7526448252449,252.66615907277222,253.41673923474747,46028000,MSFT
2023-03-16,269.2272644042969,269.57816182335324,256.6334203873444,258.514689849532,54768800,MSFT
2023-03-17,272.37567138671875,276.1772083863334,269.3441988521381,271.23522516040924,69527400,MSFT
2023-03-20,265.35748291015625,270.47494508940247,263.0375619626868,269.98756773899805,43466600,MSFT
2023-03-21,266.86834716796875,268.0575491212291,262.7158825243108,267.94058331388436,34558700,MSFT
2023-03-22,265.41595458984375,273.9450578612845,265.3087161087697,266.4979179833595,34873300,MSFT
2023-03-23,270.6503601074219,273.9645197282161,268.2524721711086,270.9232901997897,36610900,MSFT
2023-03-24,273.4869384765625,273.54542137989336,268.3304776871036,270.24098860593506,28172000,MSFT
2023-03-27,269.4026794433594,274.3544196920251,268.56437502402,273.41866361100745,26840200,MSFT
2023-03-28,268.2817687988281,269.1687992182552,265.18202599070054,268.8276290958363,21878600,MSFT
2023-03-29,273.428466796875,274.0425670542095,271.3814758548116,271.9175790730678,25087000,MSFT
2023-03-30,276.8790283203125,277.2786812703255,274.3739316415299,277.0545067536676,25053400,MSFT
2023-03-31,281.021728515625,281.9672416312898,275.85554123239365,276.5671227721079,32766000,MSFT
2023-04-03,279.97882080078125,280.992544334595,276.78162637356223,279.286723502298,24883300,MSFT
2023-04-04,279.9300842285156,283.11755155269356,278.45822466702356,279.9788398181857,25824300,MSFT
2023-04-05,277.16180419921875,279.90086308353324,275.7776689021103,278.6336936146696,22064800,MSFT
2023-04-06,284.2384948730469,284.70635812116194,274.91008465074276,276.06028813189846,29770300,MSFT
2023-04-10,282.0843200683594,282.2890102574726,277.52244476659155,281.9088415876765,23103000,MSFT
2023-04-11,275.6898193359375,278.7603200001052,274.5298887759889,278.53611574215296,27276600,MSFT
2023-04-12,276.3332214355469,279.7643772791171,274.84184782081707,277.60042049037634,27403400,MSFT
2023-04-13,282.5229187011719,282.5814016075444,276.02132104979927,276.43070139440715,24222700,MSFT
2023-04-14,278.9162902832031,281.19721243469814,276.52812965920475,279.7545649448243,20987900,MSFT
2023-04-17,281.5091552734375,284.23848637686285,278.93581824426053,282.6106328823751,23836200,MSFT
2023-04-18,281.0899658203125,284.39439803515654,279.7643139062447,284.2091922902282,20161800,MSFT
2023-04-19,281.16802978515625,281.75285885875036,277.3567350040731,278.7701115947992,17150300,MSFT
2023-04-20,278.8870849609375,281.73338210050423,277.88308869454204,278.0488101013178,23244400,MSFT
2023-04-21,278.5459289550781,279.0430336532182,275.9140792116014,277.81486288712955,21676400,MSFT
2023-04-24,274.6566162109375,277.75635870948304,271.6836263278282,274.9685448486902,26611000,MSFT
2023-04-25,268.4669494628906,274.49092630001803,268.41819388016194,272.45369257019934,45772200,MSFT
2023-04-26,287.91326904296875,292.00725036990406,285.33993229955405,289.2097093535968,64599200,MSFT
2023-04-27,297.1344299316406,297.49511411918564,287.7962940057379,288.49811850361414,46462600,MSFT
2023-04-28,299.5031433105469,301.13096702652024,295.6528502866571,296.33519048615636,36469600,MSFT
2023-05-01,297.84613037109375,300.80939385006536,297.4464772582093,299.220538467454,21294100,MSFT
2023-05-02,297.69976806640625,301.3745817317265,296.2376363524967,299.99044703429377,26404400,MSFT
2023-05-03,296.7153015136719,300.8190101503688,296.41312996008793,298.87925796823623,22360800,MSFT
2023-05-04,297.69976806640625,299.99044703429377,295.74050205068073,298.50880119269203,22519900,MSFT
2023-05-05,302.8075866699219,304.094270204725,296.58864599886385,298.00205242307055,28197100,MSFT
2023-05-08,300.85797119140625,302.3688585182891,298.3626020452407,302.30061856381155,21318600,MSFT
2023-05-09,299.249755859375,302.2130191000209,298.5771725950975,300.2245107644544,21340800,MSFT
2023-05-10,304.4256286621094,305.09821176430125,299.9027824610233,300.8287815493971,30078000,MSFT
2023-05-11,302.28118896484375,303.26570080657984,298.5284068792122,302.2714616451602,31680200,MSFT
2023-05-12,301.1699523925781,302.8075331032812,298.8597885779878,302.71005168658775,19774700,MSFT
2023-05-15,301.6475524902344,302.07644689728147,299.82476613385916,301.2966551101867,16336500,MSFT
2023-05-16,303.8699951171875,305.79026290466595,302.0082102270211,302.0082102270211,26730300,MSFT
2023-05-17,306.74200439453125,307.1620579462641,303.55734856697217,305.07153876896376,24315000,MSFT
2023-05-18,311.1575622558594,311.6655618014146,306.4685237275618,307.25979860655974,27276000,MSFT
2023-05-19,310.98175048828125,311.38227715164794,309.05728471229986,309.4187276052405,27546700,MSFT
2023-05-22,313.756103515625,315.1335157612651,310.65939292099665,311.2357518358931,24115700,MSFT
2023-05-23,307.97296142578125,315.26051959828607,307.9631830299581,312.63269496953484,30797200,MSFT
2023-05-24,306.5954895019531,309.1842298558464,305.38413133071174,307.45515342600294,23384900,MSFT
2023-05-25,318.3865051269531,319.3438337465016,312.60333039724634,315.7684295776219,43301700,MSFT
2023-05-26,325.1954345703125,325.69362591247574,316.3936865085404,316.53043497879963,36630600,MSFT
2023-05-30,323.5542907714844,327.9795816142876,322.8802372817965,327.4813902004807,29503100,MSFT
2023-05-31,320.7994384765625,328.1749119576372,319.7639124360726,324.60928590262876,45950600,MSFT
2023-06-01,324.8926086425781,325.82066191290807,317.2143019258067,318.3963251868189,26773900,MSFT
2023-06-02,327.6474304199219,329.6988961808169,324.86330044529166,326.5240179212979,25873800,MSFT
2023-06-05,328.1748962402344,330.7343313163918,326.9244840727919,327.4715375327869,21307100,MSFT
2023-06-06,325.9671630859375,327.6181020499909,324.4920861780968,327.57901828059016,20396200,MSFT
2023-06-07,315.9052734375,326.75845825838536,315.045609330463,323.9841067025186,40717100,MSFT
2023-06-08,317.7418212890625,319.0899281933469,315.8759662068324,316.45232513607897,23277700,MSFT
2023-06-09,319.2364501953125,322.3624661949436,316.9114577219513,317.47803824659906,22529000,MSFT
2023-06-12,324.179443359375,324.4236647224886,317.6440772974819,320.98500885005564,24260300,MSFT
2023-06-13,326.5630798339844,329.1909043563213,322.75323214002157,326.738912078587,22951300,MSFT
2023-06-14,329.5425109863281,331.2032280595902,325.1172214010421,326.61185484210756,26003800,MSFT
2023-06-15,340.0538330078125,341.7536041604146,329.40578750574196,329.6793142407834,38899100,MSFT
2023-06-16,334.4172668457031,343.3460164076844,334.0460753238459,343.19948951587423,46552000,MSFT
2023-06-20,330.2362060546875,334.1730543177765,328.0968239407517,331.4670916030304,26375400,MSFT
2023-06-21,325.8498840332031,329.9235091734763,324.3943343610743,328.59492955815557,25117800,MSFT
2023-06-22,331.8577880859375,332.2583147464339,325.6350317853251,326.3970013361719,23556800,MSFT
2023-06-23,327.2761535644531,330.1481991797799,325.7424660612822,326.6314055883412,23146900,MSFT
2023-06-26,321.004638671875,328.34102981665524,320.8971657453209,326.00628855643646,21520600,MSFT
2023-06-27,326.8365783691406,328.38004429209786,321.68837287006505,324.18919728458985,24354100,MSFT
2023-06-28,328.0870361328125,330.1678072397065,326.0941811528345,326.92453987884056,20259500,MSFT
2023-06-29,327.30548095703125,328.3409772213773,324.93165630266327,326.97334345829574,16997000,MSFT
2023-06-30,332.6686096191406,334.80799133337183,329.40581549810116,329.94309061938924,26832800,MSFT
2023-07-03,330.1775207519531,333.02026113567905,328.79036003615676,331.34979527734635,12508700,MSFT
2023-07-05,330.3338928222656,333.75299276532775,326.99296042986884,327.34462497130613,18172400,MSFT
2023-07-06,333.3817138671875,335.0619581701481,327.7450950952517,329.5034771232006,28161200,MSFT
2023-07-07,329.4253234863281,333.8896972947202,329.21040748776585,331.47678896129895,21214800,MSFT
2023-07-10,324.1599426269531,327.48137758941004,320.0179571321777,326.8659348779879,32791400,MSFT
2023-07-11,324.78515625,325.1661261312258,319.441590831674,323.4077439781263,26698200,MSFT
2023-07-12,329.4058837890625,333.75300744918695,327.91124979782455,328.8197463820269,29995300,MSFT
2023-07-13,334.7395935058594,335.79461674267833,331.1837159282275,331.711242452727,20567200,MSFT
2023-07-14,337.25994873046875,343.3068725083686,336.35145234816736,339.55563567406386,28352700,MSFT
2023-07-17,337.7386779785156,338.9695335941496,334.29027291358,337.689815809939,20363900,MSFT
2023-07-18,351.18060302734375,358.30210756551196,334.2609666964125,337.8363418414127,64738600,MSFT
2023-07-19,346.8725280761719,354.0819486228708,344.293565577068,353.388368189592,39732900,MSFT
2023-07-20,338.852294921875,349.6957307761419,337.3869665581141,345.3974402048797,33778400,MSFT
2023-07-21,335.8239440917969,342.20300571747845,331.97501253322577,341.07959326630163,69405400,MSFT
2023-07-24,337.1329345703125,338.9011247209187,334.3976671440658,337.85585009967554,26678100,MSFT
2023-07-25,342.8673095703125,343.7562790203098,337.09391224924093,339.0867373558683,41637700,MSFT
2023-07-26,329.9626159667969,336.70314999869004,325.41032580255074,333.5477989926325,58383700,MSFT
2023-07-27,323.0755615234375,333.44030197626535,321.44414968283064,332.6099731824386,39635300,MSFT
2023-07-28,330.54876708984375,332.1508737419497,325.46897998950345,325.95742277677743,28484900,MSFT
2023-07-31,328.1554260253906,329.8942812123279,325.6545714457516,329.13231163180893,25446000,MSFT
2023-08-01,328.5657043457031,330.7148646247149,325.98674182307207,327.44229185029457,18311900,MSFT
2023-08-02,319.9300231933594,325.9183364890345,318.8163593371292,325.9183364890345,27761300,MSFT
2023-08-03,319.1094055175781,322.25497786737617,318.41582519365545,318.46465754141326,18253700,MSFT
2023-08-04,320.2035827636719,327.3934767757319,319.6760561560359,324.2088199611453,23741500,MSFT
2023-08-07,322.4796447753906,323.45653023504116,319.94951501235715,320.7798736154958,17741500,MSFT
2023-08-08,318.5135192871094,321.151122177393,315.5340303066097,319.4024887084689,22327600,MSFT
2023-08-09,314.7818298339844,319.5490060989431,313.62908227048086,318.9238148724649,22373300,MSFT
2023-08-10,315.4656066894531,320.67242275810133,313.75605717646994,318.4841791092021,20113700,MSFT
2023-08-11,313.5900573730469,314.9576912566164,311.8316453980151,312.8573931698293,24355500,MSFT
2023-08-14,316.5500183105469,316.56954529016974,312.6815298680751,313.9612774318456,18836100,MSFT
2023-08-15,314.4203796386719,317.5757308061961,313.482577825794,315.53404351386234,16966300,MSFT
2023-08-16,313.6567687988281,317.59218190962685,313.0693905863645,314.0483443153716,20698900,MSFT
2023-08-17,310.2108459472656,315.0958152353926,309.55493383854684,313.7938199901148,21257200,MSFT
2023-08-18,309.8193664550781,311.679373042675,304.9931006267398,307.8712277189821,24755000,MSFT
2023-08-21,315.10565185546875,315.9769051965937,310.3675190796091,311.23877242073405,24040000,MSFT
2023-08-22,315.6734313964844,319.21723934340076,314.6944776045053,318.6494592891844,16084600,MSFT
2023-08-23,320.1178894042969,322.2715996929162,316.6523846218089,317.00482352144604,21166400,MSFT
2023-08-24,313.2358703613281,325.97206974501347,313.22607126255105,325.8448009621162,23281400,MSFT
2023-08-25,316.1825256347656,318.5124107055097,312.0904758312742,314.70429575926823,21684100,MSFT
2023-08-28,316.8873291015625,319.2857477751521,314.94898999316615,318.8060700154935,14808500,MSFT
2023-08-29,321.49822998046875,322.0562408320529,315.1056626837717,315.1056626837717,19284600,MSFT
2023-08-30,321.8702392578125,322.86876141280084,319.57949087262745,321.75276957784916,15222100,MSFT
2023-08-31,320.8619079589844,323.9456064626788,319.9025224771531,322.27160382501023,26411000,MSFT
2023-09-01,321.74298095703125,325.00288418337306,319.9025429102048,324.33720272503615,14942000,MSFT
2023-09-05,326.5300598144531,327.80271780347465,321.7429908017799,322.0758315411327,18553900,MSFT
2023-09-06,325.8741455078125,327.42087936565457,323.23095829944674,326.3636224074877,17535800,MSFT
2023-09-07,322.9666748046875,326.0699418421109,322.1051906191248,324.3176359252016,18381000,MSFT
2023-09-08,327.2348937988281,329.0851309217736,322.5261281543159,323.14287386196446,19530100,MSFT
2023-09-11,330.8276672363281,331.29757584054045,328.37048350695864,330.1423875895978,16583300,MSFT
2023-09-12,324.78753662109375,329.7019045004539,324.5036614898463,328.75231798743556,17565500,MSFT
2023-09-13,328.98724365234375,329.76062559468676,324.2001746396606,324.33721264984047,16544400,MSFT
2023-09-14,331.5716857910156,333.68619984765456,329.48650927999284,332.01219710477335,20267000,MSFT
2023-09-15,323.2701110839844,330.2989918946616,322.7121002719872,329.8291132111252,37679800,MSFT
2023-09-18,322.1345520019531,323.4463465779978,319.4913646526402,320.90106058890035,16834200,MSFT
2023-09-19,321.733154296875,322.45760041034737,317.6803011768475,319.30536803908217,16505900,MSFT
2023-09-20,314.01898193359375,322.65336113195434,313.7644742751729,322.5750579775089,21436500,MSFT
2023-09-21,312.8051452636719,318.50266425545,308.3704851953978,312.540838460042,35560400,MSFT
2023-09-22,310.338134765625,314.6846917624831,309.4962190138313,314.5574229961994,21447900,MSFT
2023-09-25,310.8570251464844,310.98429393163934,308.3704739123921,309.92700700519936,17836000,MSFT
2023-09-26,305.5706787109375,309.23195666524725,303.49527138826676,308.4977412546043,26297600,MSFT
2023-09-27,306.2069396972656,307.68513948600474,303.17217721742753,305.7272320635668,19410100,MSFT
2023-09-28,307.0390930175781,308.84036447643473,302.9372740873856,304.4448414726015,19683600,MSFT
2023-09-29,309.1047058105469,312.74641565358826,308.3509220336715,311.0626136858314,24147300,MSFT
2023-10-02,315.0273742675781,315.11550641477425,308.5467037935523,309.6235591310726,20570000,MSFT
2023-10-03,306.7943420410156,314.6259723470464,304.66020007739525,314.0777307403494,21033500,MSFT
2023-10-04,312.24713134765625,313.3044183025866,307.391528310135,307.4208957324774,20720100,MSFT
2023-10-05,312.6386413574219,313.24561775068076,308.2725161916583,312.3743346117822,16965600,MSFT
2023-10-06,320.3724365234375,322.2618102249638,309.6430811517103,309.8878196065806,25673600,MSFT
2023-10-09,322.8785400390625,323.34841872912307,316.37827265710837,317.9152372482106,19891200,MSFT
2023-10-10,321.4786376953125,324.131594004222,320.7737897972471,323.99452613848536,20557100,MSFT
2023-10-11,325.4238586425781,325.8154342155564,322.21289114367397,324.2393029495446,20063200,MSFT
2023-10-12,324.19036865234375,326.6083859172805,321.8017188086289,323.6127894514465,19313100,MSFT
2023-10-13,320.83258056640625,326.80417560812504,319.49138859402285,325.38471034218486,21072400,MSFT
2023-10-16,325.6391906738281,329.06552880865223,323.6421166530187,324.08262791660326,22158000,MSFT
2023-10-17,325.07135009765625,326.4418792472216,320.5192215516416,322.65333336134296,18338500,MSFT
2023-10-18,323.16241455078125,328.52709196343386,321.3905106177838,325.4923293025366,23153600,MSFT
2023-10-19,324.34698486328125,329.78996567974724,323.9456102144574,325.1595033838665,25052100,MSFT
2023-10-20,319.7948913574219,324.93439945615916,318.60056637565555,324.7385967213242,25027700,MSFT
2023-10-23,322.38909912109375,325.7273354388913,317.56286365993043,318.620120705819,24374700,MSFT
2023-10-24,323.5736083984375,324.8560355263617,320.70528084515973,324.3273920928105,31153600,MSFT
2023-10-25,333.500244140625,338.91385810810175,330.5144167677778,337.7586697804962,55053800,MSFT
2023-10-26,320.98919677734375,334.4400133073603,320.0591786565096,333.37295718073534,37828500,MSFT
2023-10-27,322.8687438964844,329.63331810351394,321.4884154812009,323.47569046023347,29856500,MSFT
2023-10-30,330.2109069824219,332.3058824741977,324.84622935304117,326.39299310170355,22828100,MSFT
2023-10-31,330.9940490722656,331.8653322788638,327.64604386616816,331.7184951865434,20265300,MSFT
2023-11-01,338.7865905761719,340.1081843444484,332.5016932588563,332.6387611479277,28158800,MSFT
2023-11-02,340.98919677734375,341.4884429030558,337.51389284186956,339.93190993700205,24348100,MSFT
2023-11-03,345.37493896484375,346.9315020236901,340.02005970434163,342.27167169728,23637700,MSFT
2023-11-06,349.0264587402344,350.0152118128962,345.9133922766887,346.0112936490332,23828300,MSFT
2023-11-07,352.9422302246094,354.83160398439014,350.1032700356418,351.83600759444016,25833900,MSFT
2023-11-08,355.5559997558594,356.2118820120091,352.96174852168724,354.067970995073,26767800,MSFT
2023-11-09,353.0988464355469,357.11256296700316,352.77577495327927,354.6749477041347,24847300,MSFT
2023-11-10,361.8898620605469,362.3108050217642,353.47085345970584,353.8819973228906,28042100,MSFT
2023-11-13,358.9627990722656,360.71513487046275,358.1992162461448,360.4703964021509,19986500,MSFT
2023-11-14,362.47723388671875,364.1218990717547,359.61870535436486,363.20168005612413,27683900,MSFT
2023-11-15,362.6243896484375,366.0184363495822,360.1131537221127,364.20368992773217,26860100,MSFT
2023-11-16,369.0005187988281,369.17708096054344,363.1246629725075,363.88979560921166,27182300,MSFT
2023-11-17,362.80096435546875,367.23480603716206,360.0052770614011,366.4892814424939,40157000,MSFT
2023-11-20,370.2462463378906,371.6489843017366,363.9289860715847,364.1447942149405,52465100,MSFT
2023-11-21,365.9595947265625,369.0495522871196,364.0467481750121,368.5100468166504,28423100,MSFT
2023-11-22,370.6484680175781,372.5514954656195,367.8233538705503,370.7956031427492,23345300,MSFT
2023-11-24,370.2364501953125,370.7661665682208,367.9901174917075,370.1383501357465,10176600,MSFT
2023-11-27,371.39398193359375,373.38532049617334,369.02994094912424,369.5988734413345,22179200,MSFT
2023-11-28,375.4060363769531,375.70030662709087,370.9525569972749,371.1389381343408,20453100,MSFT
2023-11-29,371.6294250488281,376.97553440384473,370.24629493974936,376.44584793002184,28963400,MSFT
2023-11-30,371.688232421875,372.8457352264803,368.31379412619617,371.27622416915216,30554400,MSFT
2023-12-01,367.3721618652344,370.9525899274523,364.23313921740737,369.579278745005,33040500,MSFT
2023-12-04,362.1045227050781,362.47725508494324,355.98343139448775,362.06527668869364,32063300,MSFT
2023-12-05,365.4200744628906,365.9693989437116,358.65158858882313,359.46578625799856,23065000,MSFT
2023-12-06,361.7709655761719,367.0484320232483,361.0156519151652,366.42064545969674,21182100,MSFT
2023-12-07,363.8800354003906,364.3705058457687,359.33827428643895,361.2118749800961,23118900,MSFT
2023-12-08,367.09747314453125,367.3230703614092,361.2118285564288,362.1633422956095,20154400,MSFT
2023-12-11,364.2232360839844,364.5175362281922,359.1223628796305,361.45700631839355,27708800,MSFT
2023-12-12,367.2445983886719,367.28384440026525,363.3992975227853,363.7818787799653,24838300,MSFT
2023-12-13,367.2348327636719,370.44252860296217,363.7034396055238,368.8533792298406,30955500,MSFT
2023-12-14,358.95562744140625,366.63640997800485,357.1899461347514,366.19497468337374,43277500,MSFT
2023-12-15,363.6641845703125,365.30233890168853,359.29898614385536,359.858129570657,78502300,MSFT
2023-12-18,365.547607421875,365.89094271187565,361.6532709896756,362.408614614865,21802900,MSFT
2023-12-19,366.1459045410156,366.1459045410156,362.79107445668245,364.4096204886958,20603700,MSFT
2023-12-20,363.5562744140625,368.8631677330293,363.46799333439736,367.852799906723,26316700,MSFT
2023-12-21,366.4206237792969,367.2740374598463,362.98733108269056,365.45929104730993,17708000,MSFT
2023-12-22,367.44073486328125,368.0293052394396,365.60638064073504,366.5578942670101,17107500,MSFT
2023-12-26,367.519287109375,369.7558309565617,366.38139217856946,367.852803392138,12673100,MSFT
2023-12-27,366.9405212402344,367.9116430236214,365.70452628978785,366.5677589576593,14905400,MSFT
2023-12-28,368.1274719238281,369.2849749136942,367.02882298863733,368.2157530058411,14327000,MSFT
2023-12-29,368.87298583984375,369.9716347431921,366.361779793351,368.8337398258849,18730800,MSFT
2024-01-02,363.8015441894531,368.735675683701,359.77968054105025,366.7345478799601,25258600,MSFT
2024-01-03,363.5366516113281,366.1459576250118,361.48648901542015,361.97695939537715,23083500,MSFT
2024-01-04,360.9273681640625,365.98902639400353,360.17205450864094,363.6053473830013,20901500,MSFT
2024-01-05,360.740966796875,364.96881910463645,359.5147908390338,361.93771572916546,21004600,MSFT
2024-01-08,367.5487060546875,368.04899543580075,361.9769695664422,362.26142084093584,23134000,MSFT
2024-01-09,368.62774658203125,368.8239167777909,364.1154129764403,364.91979160608497,20830000,MSFT
2024-01-10,375.47467041015625,376.8480113734613,369.14762069750896,369.1966557593691,25514200,MSFT
2024-01-11,377.2992858886719,383.2339660876797,373.1302872544769,378.64317007041507,27850800,MSFT
2024-01-12,381.0660705566406,381.27205974083927,377.31886954764786,378.14285622037966,21661200,MSFT
2024-01-16,382.83172607421875,386.5200727807335,380.2322391394401,386.1571295021332,27202300,MSFT
2024-01-17,382.0470275878906,382.6748141545887,377.4758397118604,380.5854353256014,22234100,MSFT
2024-01-18,386.3631286621094,386.48083676243556,382.68460084723523,384.2541120354354,23392100,MSFT
2024-01-19,391.07171630859375,391.07171630859375,386.00023875466667,388.21717473718036,29331100,MSFT
2024-01-22,388.95281982421875,392.98447186970276,386.088459710553,392.3959014424087,27016900,MSFT
2024-01-23,391.2972412109375,391.7681035262422,386.42196470997874,388.2072839775827,20525900,MSFT
2024-01-24,394.88751220703125,397.89900754206303,392.8177415608544,393.88696340305137,24867000,MSFT
2024-01-25,397.1534118652344,399.25263909698447,394.858014477052,396.6139065151317,21021200,MSFT
2024-01-26,396.2313232421875,398.4286505086199,394.75991236495577,396.6629394943833,17803300,MSFT
2024-01-29,401.91107177734375,402.16612596865383,396.6237864171102,398.3208248033987,24510200,MSFT
2024-01-30,400.8025817871094,405.1775691973873,398.7033841260815,404.40264755037606,33477600,MSFT
2024-01-31,390.0024108886719,407.4043201802484,389.639467600293,399.20363992935813,47871100,MSFT
2024-02-01,396.084228515625,400.2237994029656,394.1419551827626,394.1713822058696,30657700,MSFT
2024-02-02,403.3824462890625,404.78518434173446,395.86843674032343,396.113671921669,28256700,MSFT
2024-02-05,397.91864013671875,403.3236336682533,396.29027477301287,402.087638647816,25352300,MSFT
2024-02-06,397.76165771484375,400.1944015675409,395.23084373526007,398.14423897907153,18382600,MSFT
2024-02-07,406.1585388183594,406.4037740259386,399.6352882839393,399.67453429921477,22340500,MSFT
2024-02-08,406.21734619140625,407.63972220628386,404.6674730294275,406.15849214322577,21225300,MSFT
2024-02-09,412.53460693359375,412.799480086422,407.17867899598485,407.3356331031592,22032800,MSFT
2024-02-12,407.3454895019531,412.7210259706923,406.8452001103824,412.54446380988065,21202900,MSFT
2024-02-13,398.5758361816406,402.25436384146246,395.7016870880575,397.22213321307663,27824900,MSFT
2024-02-14,402.4282531738281,402.77222335184723,397.59311635632974,401.03275815392834,20401200,MSFT
2024-02-15,399.54876708984375,402.07445398469247,397.31792461353893,401.10153638347543,21825500,MSFT
2024-02-16,397.0918884277344,401.24895188558764,396.4825852713034,400.9246260176193,22296500,MSFT
2024-02-20,395.8437805175781,397.5144455402651,391.1462141740097,396.28600214507156,24307900,MSFT
2024-02-21,395.2442932128906,395.3524118295115,390.3698381114288,393.2689765841808,18518900,MSFT
2024-02-22,404.5509948730469,405.710638303165,401.52412337910727,403.1161813071161,27009900,MSFT
2024-02-23,403.2635803222656,408.6883757427927,401.9172111140197,408.5016799323737,16295900,MSFT
2024-02-26,400.5118713378906,405.05219339501383,400.33495269298504,404.36425308702184,16193500,MSFT
2024-02-27,400.45294189453125,401.27845233828214,396.88553712565647,400.9541264549498,14835800,MSFT
2024-02-28,400.6887512207031,402.2414904650158,398.33014591696406,401.14080998935714,13183100,MSFT
2024-02-29,406.5067138671875,407.05705416129825,398.9198455368932,401.59293981884394,31947300,MSFT
2024-03-01,408.3346252441406,408.6982397267373,403.7943028017663,404.17756158377745,17823400,MSFT
2024-03-04,407.7646484375,410.1527354833861,405.2094798738606,406.31016048803207,17596000,MSFT
2024-03-05,395.70623779296875,407.1062001502952,393.7309209213856,406.821192843755,26919200,MSFT
2024-03-06,395.1558837890625,398.17294829822555,391.5197089331465,396.02071283324057,22344100,MSFT
2024-03-07,402.0843505859375,402.713298120837,395.3033178435415,399.11641162004844,18718500,MSFT
2024-03-08,399.21466064453125,403.3422428484954,397.35723965535834,400.92464441897226,18002200,MSFT
2024-03-11,397.5439758300781,398.68397503984977,394.34021545583295,396.7971025481086,16120800,MSFT
2024-03-12,408.118408203125,408.4034154899357,399.7748296289143,400.5905029088669,22457000,MSFT
2024-03-13,407.9415283203125,410.96839994406946,404.3544792559954,410.88979275530687,17115900,MSFT
2024-03-14,417.8869934082031,420.4421618629372,410.7816654727546,412.99286375239626,34157300,MSFT
2024-03-15,409.23870849609375,415.31212509375916,405.67130428358104,412.0592095701896,45079900,MSFT
2024-03-18,410.1231994628906,413.47439659588105,406.64423942002503,407.10613532964646,20106000,MSFT
2024-03-19,414.1427001953125,414.39822603826195,408.38374152289526,410.62442124737834,19837900,MSFT
2024-03-20,417.8968200683594,418.61421185332546,413.4056235884817,414.7225113763612,17860100,MSFT
2024-03-21,421.9654235839844,423.3904300401875,419.7935438740281,422.41748239432127,21296200,MSFT
2024-03-22,421.3462829589844,422.446963535343,418.7223444405752,422.2897491598315,17648500,MSFT
2024-03-25,415.5677185058594,420.03927125139006,414.3392748930156,417.9066799433217,18060500,MSFT
2024-03-26,414.3785705566406,418.6437229454669,414.0837561023913,418.2702713092194,16725600,MSFT
2024-03-27,414.162353515625,417.13029224439015,411.7841036640323,417.12045509904823,16705000,MSFT
2024-03-28,413.4645690917969,414.5947310272611,411.89215553357553,413.70042062857715,21871200,MSFT
2024-04-01,417.2481384277344,420.51089098137595,414.93865906020824,416.6388353587043,16316000,MSFT
2024-04-02,414.172119140625,415.09591090433804,410.63419642760596,412.8650386703262,17912000,MSFT
2024-04-03,413.1992492675781,415.96078773337547,411.8626872035861,412.49166464341647,16502300,MSFT
2024-04-04,410.6736145019531,421.27754806630895,410.368962888124,417.66098731056826,19370900,MSFT
2024-04-05,418.1818542480469,419.1548019931233,411.1060369628787,412.7668951431704,16554800,MSFT
2024-04-08,417.2678527832031,419.91146556821536,416.00009070624833,417.8378673566601,14272400,MSFT
2024-04-09,418.9287109375,420.3635245342137,414.34907001434647,419.0859553029516,12496900,MSFT
2024-04-10,415.9608154296875,416.71752584552905,412.46221066374153,414.90926057255786,16216600,MSFT
2024-04-11,420.5502014160156,421.9653705491401,415.07625067131136,418.4766034449177,17966400,MSFT
2024-04-12,414.6242370605469,417.84767154999884,412.5309645735886,416.7371538463039,19253800,MSFT
2024-04-15,406.5067138671875,419.4594150607099,406.30031376342345,419.2432078029309,20273500,MSFT
2024-04-16,407.4304504394531,411.18458077665684,406.59513289625886,407.4206432860486,16765600,MSFT
2024-04-17,404.7377624511719,411.65636514019064,403.2537929988289,410.054469901942,15855500,MSFT
2024-04-18,397.29827880859375,404.78689570186344,396.98382006074763,403.54861503604855,21029900,MSFT
2024-04-19,392.237060546875,398.4873961854359,390.9103356715456,397.0623898394721,30565800,MSFT
2024-04-22,394.04534912109375,395.9027700554988,388.9252051027742,393.18052011404563,20286900,MSFT
2024-04-23,400.5413818359375,401.16052215978465,396.10914808184776,397.26879155025864,15734500,MSFT
2024-04-24,402.00567626953125,405.3568737379943,399.76499652417516,402.4970536697523,15065300,MSFT
2024-04-25,392.1584777832031,392.9938253486681,381.3383380037112,387.2348667133991,40586500,MSFT
2024-04-26,399.3128967285156,405.8776909237546,398.7625564960581,405.06201771927783,29694700,MSFT
2024-04-29,395.3131103515625,399.31292950505053,392.30588312333157,398.2613746922827,19582100,MSFT
2024-04-30,382.61590576171875,395.2246663994194,382.4586913890698,394.5662074998568,28781400,MSFT
2024-05-01,388.129150390625,394.79222617325195,383.5789912516123,385.83931510454033,23562500,MSFT
2024-05-02,390.9790954589844,393.0330490212779,387.84410581356497,390.80220682482496,17709400,MSFT
2024-05-03,399.6470642089844,400.12860445610875,394.92982324925293,395.3425934548566,17446700,MSFT
2024-05-06,406.4084167480469,406.7916755135943,399.36205183771864,401.7108501382599,16996600,MSFT
2024-05-07,402.2808532714844,407.5189532422579,402.03516456718575,407.50911609687097,20018200,MSFT
2024-05-08,403.4601745605469,405.1210326153664,399.6962067828019,401.13105042212936,11792300,MSFT
2024-05-09,405.20947265625,405.60256858412407,402.04500095122404,403.48965172941627,14689700,MSFT
2024-05-10,407.5877380371094,408.2167155386998,404.6984363706866,405.81879129865774,13402300,MSFT
2024-05-13,406.5852966308594,411.13545592488975,403.7353138522874,410.8013229086305,15440200,MSFT
2024-05-14,409.3763122558594,410.29026696650755,404.4527014093116,404.9145973369448,15109300,MSFT
2024-05-15,416.5338439941406,417.2525598208021,410.81374213755174,411.433999213995,22239500,MSFT
2024-05-16,414.4761657714844,418.8376448328751,413.8460838814957,415.2736305334928,17530100,MSFT
2024-05-17,413.708251953125,416.37634285020215,411.56198942365705,416.00221762948183,15352200,MSFT
2024-05-20,418.75885009765625,420.16671696584166,413.4916228836326,413.7082200976142,16272100,MSFT
2024-05-21,422.4016418457031,426.27082729608003,418.2764696581723,420.22581467067795,21453300,MSFT
2024-05-22,423.8587341308594,425.71950537683756,420.5212017999642,423.43539455106486,18073700,MSFT
2024-05-23,420.3931884765625,426.89107515061806,418.83764844643395,426.2708180980622,17211700,MSFT
2024-05-24,423.5043029785156,424.39037161476875,417.84327052223153,420.58025544710625,11855300,MSFT
2024-05-28,423.661865234375,424.15412896604386,419.999421868943,422.9825388810405,15718000,MSFT
2024-05-29,422.5296630859375,424.27226587320916,419.1034967099491,419.1034967099491,15517100,MSFT
2024-05-30,408.25396728515625,417.7349403773821,407.8305976923989,417.7349403773821,28394500,MSFT
2024-05-31,408.70684814453125,410.3017776619535,398.2511723788605,410.3017776619535,47995300,MSFT
2024-06-03,407.12176513671875,409.9867435149057,402.5929630717942,409.1006748520027,17484700,MSFT
2024-06-04,409.6322937011719,409.9965640062738,403.34114963612075,406.04859979558495,14348900,MSFT
2024-06-05,417.449462890625,417.5183569725432,409.8587351784671,411.3453811328119,16988000,MSFT
2024-06-06,417.95159912109375,418.7293842506858,414.0725584079514,417.449510532203,14861300,MSFT
2024-06-07,417.2919921875,419.6843868320105,416.4551377927853,419.6056378509834,13621700,MSFT
2024-06-10,421.2497253417969,421.45646767892094,417.33132559781046,418.12879037210877,13982900,MSFT
2024-06-11,425.98529052734375,426.1231387794062,418.67025946007556,418.89671156901073,14551100,MSFT
2024-06-12,434.2356262207031,436.5394165910894,426.54647009815636,428.58444890305617,22366200,MSFT
2024-06-13,434.7475891113281,436.5296113185569,432.57179200487434,434.02890334988575,15960600,MSFT
2024-06-14,435.7222900390625,436.2834778568933,429.96279885352675,431.49865916361745,13582000,MSFT
2024-06-17,441.43255615234375,443.96279884211964,433.90092737019853,435.7419888452348,20790000,MSFT
2024-06-18,439.4339904785156,443.1752129183503,438.00644366410285,442.7518432687409,17112500,MSFT
2024-06-20,438.80389404296875,439.62103860195157,434.442414629224,439.3945864733692,19877400,MSFT
2024-06-21,442.8207702636719,443.6083802322018,439.60137620942794,440.45791031268766,34187100,MSFT
2024-06-24,440.743408203125,445.74479433203504,439.5028940256874,442.8404263927747,15913700,MSFT
2024-06-25,443.97265625,444.4353853435752,439.83762902888526,441.3144201727987,16413400,MSFT
2024-06-26,445.1639099121094,446.5816317625772,441.25533495755695,442.05279974277113,16507000,MSFT
2024-06-27,445.8432922363281,449.11193080479063,444.77998569217993,445.1836455797366,14806300,MSFT
2024-06-28,440.03448486328125,448.3340427180204,439.50283171327214,446.0597870787558,28362300,MSFT
2024-07-01,449.6632080078125,450.2932899171113,438.7644825324962,441.71806471797646,17662800,MSFT
2024-07-02,452.1737060546875,452.478907120072,446.099159273985,446.1877931726741,13979800,MSFT
2024-07-03,453.64068603515625,453.88681788882053,450.7954174304016,451.10061852531385,9932800,MSFT
2024-07-05,460.3256530761719,461.1034381760004,451.86856586852235,452.49864781422883,16000300,MSFT
2024-07-08,459.02606201171875,460.4634937005408,457.27360437796756,459.33126311315795,12962300,MSFT
2024-07-09,452.42974853515625,460.09919566591896,450.9135678636905,459.77431483044427,17207200,MSFT
2024-07-10,459.0359191894531,459.24266153927346,451.76024698147666,454.0837473649462,18196100,MSFT
2024-07-11,447.6646728515625,457.5886969775325,444.56338714463874,455.8165594696292,23111200,MSFT
2024-07-12,446.5323791503906,449.29889867197954,443.67725577045155,447.3003093014831,16324300,MSFT
2024-07-15,446.93603515625,450.1849934949163,444.44518211930125,446.28624348851673,14429400,MSFT
2024-07-16,442.56475830078125,447.27079820143007,439.7490242805094,447.19204922721934,17175700,MSFT
2024-07-17,436.6576232910156,437.96706168336215,432.38477757281146,435.74201993255645,21778000,MSFT
2024-07-18,433.55633544921875,437.7701116080265,427.6787055457858,437.46491051123894,20794800,MSFT
2024-07-19,430.34674072265625,434.31441483454387,425.3158203253179,426.39880643244663,20940400,MSFT
2024-07-22,436.0865478515625,437.72086686190295,432.1189038234256,434.95434740544323,15808800,MSFT
2024-07-23,437.96697998046875,441.4522150715158,436.24405718750495,437.03166701756135,13107100,MSFT
2024-07-24,422.2637939453125,434.64916540683873,420.9740654607642,433.6351033912307,26805800,MSFT
2024-07-25,411.9262390136719,423.1498448431678,411.0500252919827,422.1653174889069,29943800,MSFT
2024-07-26,418.6899719238281,422.28352110182095,410.8137524352177,411.72938578526725,23583800,MSFT
2024-07-29,420.1274108886719,425.46353285919287,418.12882136064246,424.9023450000168,15125800,MSFT
2024-07-30,416.3763427734375,422.4114705197089,410.90234276735913,421.1020622928212,32687600,MSFT
2024-07-31,411.8770446777344,415.2539664560443,405.8320320070505,413.9937725831716,42891400,MSFT
2024-08-01,410.65618896484375,420.84605305704525,406.69839983005807,414.2792724511176,30296400,MSFT
2024-08-02,402.1695861816406,408.5788691410044,398.08380349930894,406.10769576372263,29437900,MSFT
2024-08-05,389.03594970703125,394.8348298232827,379.6140164017355,383.1484957861814,40709200,MSFT
2024-08-06,393.4269714355469,399.39323499306323,392.3341604668248,393.81095153508136,24946500,MSFT
2024-08-07,392.2652587890625,403.7349973998657,391.32012086399686,402.3173055349637,20650900,MSFT
2024-08-08,396.4593505859375,399.58028569311574,393.7519001712231,396.2132187300544,20203000,MSFT
2024-08-09,399.7378234863281,401.736413003281,396.0360207139592,397.7786234799922,19276700,MSFT
2024-08-12,400.515625,402.4354656198074,397.9853821448799,400.76175687200634,16762900,MSFT
2024-08-13,407.604248046875,408.5297063190277,403.23294345576085,403.25262318981254,19414300,MSFT
2024-08-14,410.4100646972656,411.25677385836923,406.0683254390975,408.3819407203729,18267000,MSFT
2024-08-15,415.2626953125,415.34158622213624,411.9388626649199,414.0495331175792,20752100,MSFT
2024-08-16,412.7377624511719,415.5684441235936,411.5837759699612,414.83859034033384,22775600,MSFT
2024-08-19,415.7558288574219,415.97281647426513,410.7552711189502,413.22102581055816,15234000,MSFT
2024-08-20,418.9811096191406,420.02658741117307,415.86442154826517,415.9235972648292,16387600,MSFT
2024-08-21,418.3301086425781,420.55913050260955,415.943244764668,418.27090283610073,16067300,MSFT
2024-08-22,409.8577880859375,420.9438431425212,408.9306617888671,418.54710638332296,19361900,MSFT
2024-08-23,411.0807800292969,413.51694694228206,406.4451490290269,411.2681797994915,18493800,MSFT
2024-08-26,407.8259582519531,411.5640508373135,405.7054152115458,410.6665125068156,13152800,MSFT
2024-08-27,408.1712341308594,408.68410035771785,404.63041340611323,407.2046472922476,13492900,MSFT
2024-08-28,404.9755554199219,409.315277644923,401.73061382710534,409.19692623598894,14882700,MSFT
2024-08-29,407.4610290527344,416.268697643249,404.9755591436319,409.25610570352524,17045200,MSFT
2024-08-30,411.4259948730469,411.7711764633265,406.4846126518204,409.90708149754283,24308300,MSFT
2024-09-03,403.8314514160156,414.1284456363182,401.45446023053216,412.18542969380115,20313600,MSFT
2024-09-04,403.2988586425781,405.6068015782242,398.830912042889,400.3498254636215,15135800,MSFT
2024-09-05,402.7958679199219,407.4413416778363,400.5668158804491,402.0363961545014,14195500,MSFT
2024-09-06,396.197509765625,405.0248942566708,395.30981392110493,403.4566777506577,19609500,MSFT
2024-09-09,400.16241455078125,403.0522719406784,396.6413094868822,401.6615826272171,15295100,MSFT
2024-09-10,408.5262756347656,410.627073483588,402.11531302402886,402.6084639940855,19594300,MSFT
2024-09-11,417.24517822265625,418.1821469994098,403.9695325309428,409.8084532189213,19266900,MSFT
2024-09-12,421.15093994140625,421.51586685329676,414.00025068010603,417.51148327493246,17395700,MSFT
2024-09-13,424.69171142578125,425.914716092092,419.63197810212404,419.9969049719398,15874600,MSFT
2024-09-16,425.4314880371094,427.5914917589124,422.3542307072933,424.7016342113202,13834700,MSFT
2024-09-17,429.18927001953125,435.79750485485505,426.3487157034463,434.1997005769437,18874200,MSFT
2024-09-18,424.90869140625,430.05718819229855,424.5141766919007,429.041298505566,18898000,MSFT
2024-09-19,432.6807861328125,435.452292084435,430.91529729082623,435.1860014052933,21706600,MSFT
2024-09-20,429.3075866699219,433.2232061386539,428.27198178833163,431.23088727806737,55167100,MSFT
2024-09-23,427.5717468261719,430.48131937501944,424.4944897103184,428.3311884542686,15128900,MSFT
2024-09-24,423.2912292480469,427.4139642542688,420.2632749795507,427.06875254523504,17015800,MSFT
2024-09-25,426.19091796875,427.1870925626301,422.69943076362244,423.94215074360574,13396400,MSFT
2024-09-26,425.40185546875,429.33719028271923,423.2517246244965,429.1300753187062,14492000,MSFT
2024-09-27,422.15692138671875,425.93447445668835,421.6144673905514,425.6089779793521,14896100,MSFT
2024-09-30,424.40570068359375,424.52408219664926,419.54323948144145,422.3443332995087,16807300,MSFT
2024-10-01,414.9273681640625,422.61066875300435,413.07311568923785,422.58108089859957,19092900,MSFT
2024-10-02,411.4161376953125,417.0281982052677,411.00187763203274,416.7914652693021,16582300,MSFT
2024-10-03,410.8341979980469,413.8029462214933,408.61501874387466,411.90926344701154,13686400,MSFT
2024-10-04,410.3608093261719,414.00026612845136,409.28574375388894,412.5109404707377,19169700,MSFT
2024-10-07,403.9300842285156,411.3963666559109,403.3974727803463,410.30158600641573,20919800,MSFT
2024-10-08,409.0292663574219,409.966265233936,402.57887338489604,405.27145839926953,19229300,MSFT
2024-10-09,411.7415771484375,414.6215919010832,408.62485957486433,410.16348810998284,14974300,MSFT
2024-10-10,410.143798828125,411.63312440285347,407.49064417755886,409.54216908706456,13848400,MSFT
2024-10-11,410.61724853515625,411.4161507329335,407.58929422530787,410.4397214022164,14144900,MSFT
2024-10-14,413.3985595703125,418.2314324717677,411.80072533718436,412.047300792356,16653100,MSFT
2024-10-15,413.0040283203125,416.692817718463,409.5717171353566,416.3969091028174,18900200,MSFT
2024-10-16,410.4199523925781,410.65665522282575,404.85722518493617,409.4829836231505,15508900,MSFT
2024-10-17,411.0117492675781,416.7125733271007,409.89722324961605,416.57447660649984,14820000,MSFT
2024-10-18,412.4320373535156,413.90161766396704,410.5580696214905,411.4260201751563,17145300,MSFT
2024-10-21,413.04351806640625,413.22104518863654,408.08242059822123,410.4199513395574,14206100,MSFT
2024-10-22,421.65399169921875,424.6819160644371,412.3137102440662,412.75752809912296,25482200,MSFT
2024-10-23,418.7838439941406,425.1750618243365,416.742191587473,424.95807417580835,19654400,MSFT
2024-10-24,418.9120178222656,420.144895200207,416.6139175340375,419.5037748840412,13581600,MSFT
2024-10-25,422.2851867675781,426.5953216047658,420.72684288279277,420.914242666979,16899100,MSFT
2024-10-28,420.74652099609375,426.02324214447043,420.46048501920137,425.7470788183642,14882400,MSFT
2024-10-29,426.0331115722656,427.23640107681365,419.96733089551304,422.1372070838931,17644100,MSFT
2024-10-30,426.6051940917969,432.4934181148105,426.1810914644013,431.44794042425275,29749100,MSFT
2024-10-31,400.7837829589844,410.4594021869807,400.7344498042727,409.6703426075015,53971000,MSFT
2024-11-01,404.74871826171875,409.80845197934053,401.9180365381017,403.40736208449033,24230400,MSFT
2024-11-04,402.8648376464844,404.79801090779887,400.0144410053543,404.1864784886832,19672300,MSFT
2024-11-05,405.8237609863281,409.2166418436789,402.4900558335031,402.7760918050739,17626000,MSFT
2024-11-06,414.42437744140625,414.69069825173966,404.89669627254005,406.77069419877853,26681800,MSFT
2024-11-07,419.6024169921875,421.0029789570154,414.12845339700306,415.5092700597973,19901800,MSFT
2024-11-08,416.7520446777344,420.65779206836214,416.00244554535874,419.4939629624982,16891400,MSFT
2024-11-11,412.28411865234375,418.9909603752076,410.3016419524007,416.7323203125478,24503300,MSFT
2024-11-12,417.23529052734375,418.6259798148705,411.485163708279,412.5207686609151,19401200,MSFT
2024-11-13,419.3755798339844,423.4489813965326,412.4813090867046,415.8643474786666,21502200,MSFT
2024-11-14,421.04241943359375,422.304884622317,414.24678510633004,419.17829445283394,30246900,MSFT
2024-11-15,409.3153381347656,417.0084818478404,407.9739818358906,414.0693210931382,28247600,MSFT
2024-11-18,410.0649108886719,412.6687324009395,406.4550421174999,409.18708769998454,24727000,MSFT
2024-11-19,412.0671081542969,412.2150474297726,405.9125633985823,407.45119206262405,18133500,MSFT
2024-11-20,409.798583984375,411.57394553855335,404.9558378403451,411.1596854793811,19191700,MSFT
2024-11-21,408.0295715332031,414.85856338751086,405.47983232208855,414.5818472703372,20780200,MSFT
2024-11-22,412.11114501953125,412.50644943843054,406.2407824115055,406.547145598137,24814600,MSFT
2024-11-25,413.8801574707031,416.14328803070504,409.9863472135053,413.4749606494442,27691100,MSFT
2024-11-26,422.9722595214844,424.009967476074,413.9394320534797,414.6707466837262,23458900,MSFT
2024-11-27,418.03094482421875,422.22125646736464,417.07231569319254,420.12608556589345,18332400,MSFT
2024-11-29,418.4953918457031,419.89875718802,412.9017454606376,415.1649061905191,16271900,MSFT
2024-12-02,425.92724609375,427.9235529659965,416.370602899235,416.6275643373692,20207200,MSFT
2024-12-03,426.1446838378906,427.3997836787713,422.72522667678595,424.80061260374794,18302000,MSFT
2024-12-04,432.291748046875,434.5153692878957,427.5578970490266,427.95320145991604,26009400,MSFT
2024-12-05,437.4307861328125,439.44687793021666,431.0564230401268,432.7859063083414,21697800,MSFT
2024-12-06,438.36968994140625,440.87002757046025,436.5907746503493,437.1145598403157,18821000,MSFT
2024-12-09,440.7909240722656,443.0738395996816,435.33565050126293,437.41103647885797,19144400,MSFT
2024-12-10,438.1324462890625,444.34871163189086,436.42274787532307,439.1800467406791,18469500,MSFT
2024-12-11,443.7261047363281,445.0701760009867,438.84401807874156,438.84401807874156,19200200,MSFT
2024-12-12,444.2894287109375,450.81205740820604,443.8446923743848,443.8446923743848,20834800,MSFT
2024-12-13,442.0262451171875,446.13747735633456,440.3560560775405,443.1825414368637,20177800,MSFT
2024-12-16,446.295654296875,446.87873364714176,440.0596337652838,442.02629379074256,23598800,MSFT
2024-12-17,449.1319580078125,449.95224407864544,444.2993034538041,445.72242348242105,22733500,MSFT
2024-12-18,432.2621154785156,447.34318887069384,431.89642797238076,446.0287948744165,24444500,MSFT
2024-12-19,431.90631103515625,437.9842031344139,431.2046434354816,436.44249480171817,22963700,MSFT
2024-12-20,431.4813537597656,438.53762947103075,423.6047919913248,428.03224964237955,64263700,MSFT
2024-12-23,430.1472473144531,432.5191043348879,427.7556054663108,431.6197693083459,19152500,MSFT
2024-12-24,434.1793212890625,434.4461751355928,429.09959787026054,429.5541964268554,7164500,MSFT
2024-12-26,432.9736633300781,435.7705018127553,431.5110338839644,433.9322924323696,8194200,MSFT
2024-12-27,425.4825439453125,430.117561657289,421.351556737901,429.5048352492743,18117700,MSFT
2024-12-30,419.849365234375,422.5374777077036,416.9537232035626,421.0649558192297,13158700,MSFT
2024-12-31,416.5583801269531,421.727075036825,415.72823181420273,421.1044562623139,13246500,MSFT
2025-01-02,413.6726379394531,421.0748471756245,409.98638702094667,420.54116958363784,16896500,MSFT
2025-01-03,418.38671875,419.0587393010629,414.62138898974536,416.1433125624827,16662900,MSFT
2025-01-06,422.8339538574219,429.2281017096726,420.4917442238413,422.98218924692804,20573600,MSFT
2025-01-07,417.4181823730469,425.6011074871905,415.8665816173968,423.9704579117962,18139100,MSFT
2025-01-08,419.58251953125,421.9642686702226,416.5979364179098,418.4954097350683,15054600,MSFT
2025-01-10,414.0382995605469,419.73074959963856,410.15435142162687,419.651700779007,20201100,MSFT
2025-01-13,412.2989807128906,413.5936202176339,407.4564330075351,410.3718299167744,17604800,MSFT
2025-01-14,410.7967529296875,414.8190138642203,405.90477401390683,412.9116481684101,16935900,MSFT
2025-01-15,421.3119812011719,423.1304056035061,413.3662329233126,414.2161660512409,19637800,MSFT
2025-01-16,419.60223388671875,424.45467293276505,419.4144891834001,423.6739565648765,15300000,MSFT
2025-01-17,424.0000915527344,429.3862083308609,423.1501885882937,429.0007661773637,26197500,MSFT
2025-01-21,423.4763488769531,425.84820570918225,420.61035394801814,425.1564304696716,26085700,MSFT
2025-01-22,440.9688415527344,442.0262741390286,430.888412499157,432.430120920086,27803800,MSFT
2025-01-23,441.47283935546875,441.5123788470024,436.3239289556834,436.81806704057095,18389300,MSFT
2025-01-24,438.8539123535156,441.4135440071518,436.225094129831,439.94102216929423,15549500,MSFT
2025-01-27,429.46533203125,430.0978433186218,418.53499893466574,419.03902948180274,35647800,MSFT
2025-01-28,441.9570617675781,443.1232202686072,426.322527413146,429.5047775015721,23491700,MSFT
2025-01-29,437.1441955566406,441.6408703345489,435.23682974085557,441.4530954449331,23581400,MSFT
2025-01-30,410.1247253417969,417.90245411076046,408.3161931892364,413.86040812362955,54586300,MSFT
2025-01-31,410.1938781738281,415.7578774765854,410.04564278987584,414.06793377994285,34161900,MSFT
2025-02-03,406.1024169921875,410.5397669066902,403.868903417148,406.7744374831542,25679100,MSFT
2025-02-04,407.53546142578125,409.067307667959,404.9362901326214,407.85171705562664,20532100,MSFT
2025-02-05,408.4447021484375,408.978349611442,405.5885692928633,407.5157200553288,16316700,MSFT
2025-02-06,410.9449768066406,413.29707875974475,409.1463070589971,409.1463070589971,16309800,MSFT
2025-02-07,404.9461975097656,413.7418501912579,403.3155477128268,411.59730759667843,22886800,MSFT
2025-02-10,407.3871765136719,410.58918143726896,406.10242964328353,408.85969825647294,20817900,MSFT
2025-02-11,406.6163330078125,407.6540108795472,404.50140761463905,404.8374480391833,18140600,MSFT
2025-02-12,404.2444763183594,405.93442005448907,399.6292135248499,402.435914112503,19121700,MSFT
2025-02-13,405.72686767578125,406.18146622486773,401.59585076694265,402.22836193070845,23891700,MSFT
2025-02-14,403.6416320800781,404.1160155029715,401.1215398904841,403.0091510093491,22758500,MSFT
2025-02-18,404.8374938964844,405.7862306432336,401.7342920226082,403.2167063843153,21423100,MSFT
2025-02-19,409.90728759765625,410.61884763156144,402.8707662400353,403.09808061190597,24114200,MSFT
2025-02-20,412.0759582519531,415.2249706128277,408.520936591177,411.24414537664296,23508700,MSFT
2025-02-21,404.2331237792969,413.97725680128366,403.91626425407014,413.27418223243296,27524800,MSFT
2025-02-24,400.0641174316406,405.38179653354615,395.4297185716828,404.5301894031576,26443700,MSFT
2025-02-25,394.0235595703125,398.00441513588805,392.8352683816966,397.1923965138258,29387400,MSFT
2025-02-26,395.83575439453125,399.66804717869115,390.40913086553707,394.13250979931917,19619000,MSFT
2025-02-27,388.70587158203125,401.78716793671936,388.3493932994261,397.3607146060961,21127400,MSFT
2025-02-28,393.1224365234375,393.7562160246685,382.8039671137811,388.83463352266693,32845700,MSFT
2025-03-03,384.7052001953125,394.93457905310964,382.3979130752632,394.93457905310964,23007700,MSFT
2025-03-04,384.82403564453125,388.75535997703025,377.2881889484286,379.6648014174362,29342900,MSFT
2025-03-05,397.1131286621094,397.7568203379533,385.02209070764377,385.5469260754551,23433100,MSFT
2025-03-06,393.0234375,398.23217304119834,388.8544303529959,390.438848896208,23304600,MSFT
2025-03-07,389.478271484375,390.9537458547577,381.7839796807534,388.497925986767,22034100,MSFT
2025-03-10,376.4563903808594,382.6355890788174,373.5450301742595,382.08104715568106,32840100,MSFT
2025-03-11,376.7435607910156,382.23947903620126,373.2380400086461,375.3076750122287,30380200,MSFT
2025-03-12,379.53607177734375,381.4670864515663,375.2581813231993,379.21921226907705,24253600,MSFT
2025-03-13,375.0799255371094,381.5661320778761,373.7728082450696,379.4271716632625,20473000,MSFT
2025-03-14,384.7745666503906,386.42831046600287,375.8127456880931,376.0801044136148,19952800,MSFT
2025-03-17,384.9132080078125,388.88412112316473,381.813696346666,382.9326924641042,22474300,MSFT
2025-03-18,379.78363037109375,383.5961286419255,377.38722360904,383.2990634136601,19486900,MSFT
2025-03-19,384.041748046875,385.8836128611327,380.25895638414784,381.77404945468027,19185500,MSFT
2025-03-20,383.07135009765625,387.97313863322194,379.5460345045817,381.98206039861145,18470500,MSFT
2025-03-21,387.4482421875,387.92354654843615,379.0706401827953,379.4865617188815,39675900,MSFT
2025-03-24,389.2504577636719,391.54786272911446,386.0123261773924,391.54786272911446,21004500,MSFT
2025-03-25,391.31024169921875,392.49853282327706,388.8148031404558,390.082331804945,15775000,MSFT
2025-03-26,386.17083740234375,391.45881045430576,384.7844825194778,391.15183295239507,16108400,MSFT
2025-03-27,386.77490234375,388.41873402068063,383.6258895962636,386.3293044381274,13766800,MSFT
2025-03-28,375.109619140625,385.3389984995421,373.2578420054409,384.2992097422753,21632000,MSFT
2025-03-31,371.73291015625,373.39653609737746,363.66228447346174,368.91066922952973,35184700,MSFT
2025-04-01,378.46661376953125,379.120187514209,369.59391274714585,371.00006183577835,19689500,MSFT
2025-04-02,378.4171447753906,381.3284750168948,372.95090216784337,374.2877562933966,16092600,MSFT
2025-04-03,369.47503662109375,373.80248816308017,365.75168821202425,371.1386925275575,30198000,MSFT
2025-04-04,356.3343505859375,370.94065262193254,355.97787229621173,360.5825648601157,49209900,MSFT
2025-04-07,354.3736572265625,367.38565979064595,341.43101018463227,347.4616768226877,50425000,MSFT
2025-04-08,351.10577392578125,370.0097901278565,346.83776558065426,364.6723167446661,35868900,MSFT
2025-04-09,386.6857604980469,389.3990874327872,349.6600368937789,350.09575274548115,50199700,MSFT
2025-04-10,377.6347961425781,380.1599412978202,364.21678559967916,378.33787067807094,38024400,MSFT
2025-04-11,384.6656188964844,386.25000705363004,375.1987576222842,376.9317086118959,23839200,MSFT
2025-04-14,384.0318603515625,390.8052198187617,380.46692636349223,389.38915847164185,19251200,MSFT
2025-04-15,381.9721374511719,388.07212889209285,380.41742551182244,384.7250528209778,17199900,MSFT
2025-04-16,367.9896545410156,377.8922316795949,364.41483869971677,376.9614172312142,21967800,MSFT
2025-04-17,364.1969909667969,370.6732850580017,363.31567729138493,370.10883089247193,21120200,MSFT
2025-04-21,355.6213684082031,360.9291658129438,352.20499720618693,359.2853342749941,20807300,MSFT
2025-04-22,363.246337890625,364.1870645763753,356.3541225187108,359.83984897446516,19485000,MSFT
2025-04-23,370.7426452636719,376.6841922722663,369.38596664501534,372.396358924379,20545500,MSFT
2025-04-24,383.52679443359375,384.6656149627633,371.53478821384334,372.0398293104223,22232300,MSFT
2025-04-25,388.0325012207031,388.33947870228997,380.8531326101871,383.2297451406492,18973200,MSFT
2025-04-28,387.3492431640625,388.91383718504306,382.8732888048125,388.1414373128656,16579400,MSFT
2025-04-29,390.2012023925781,391.2508732709842,386.5768551213708,387.4878753983452,14974000,MSFT
2025-04-30,391.4092712402344,392.79562598704683,380.69467558939255,386.49757125114587,36461100,MSFT
2025-05-01,421.2556457519531,432.7327295827746,420.76051687113977,426.9100091091665,58938100,MSFT
2025-05-02,431.0394287109375,435.15890492620053,425.8009563081767,427.5339075174203,30757400,MSFT
2025-05-05,431.9207458496094,435.2182909345157,427.9002714913439,428.652877068793,20136100,MSFT
2025-05-06,429.0885925292969,433.46554517602334,426.9694566129341,427.9894209087166,15104200,MSFT
2025-05-07,429.1282043457031,433.8517229596541,426.9100064238295,429.61342097536215,23295300,MSFT
2025-05-08,433.9012451171875,439.3476626606329,431.41568853142036,433.66356271096413,23491300,MSFT
2025-05-09,434.4557800292969,436.4461774951318,431.6335394854884,435.7133964534002,15324200,MSFT
2025-05-12,444.8832092285156,444.9921230759706,435.4955548202822,441.5955462250109,22821900,MSFT
2025-05-13,444.7643737792969,446.27946690563454,441.0211705280613,443.4176075446257,23618800,MSFT
2025-05-14,448.52734375,449.4779827199474,443.7741186799948,443.7741186799948,19902800,MSFT
2025-05-15,449.5392761230469,452.57502540604634,446.860659567107,447.1979616790238,21992300,MSFT
2025-05-16,450.6702575683594,450.7595407562394,445.1741794982958,448.4678481067336,23849800,MSFT
2025-05-19,455.2337646484375,455.9480603525366,447.2277066057748,447.3070896149787,21336500,MSFT
2025-05-20,454.5393371582031,454.70797307292094,450.71983965496236,451.9797648957129,15441800,MSFT
2025-05-21,448.98370361328125,454.1524094962116,448.229716398419,450.9678549991314,19216900,MSFT
2025-05-22,451.25555419921875,456.6028569421555,450.30316997101943,451.3448676580097,18025600,MSFT
2025-05-23,446.6126403808594,450.0948358464348,445.3527151156796,446.4142434023006,16883500,MSFT
2025-05-27,457.0393371582031,457.2972865174385,452.5055441364309,452.86270711658346,20974300,MSFT
2025-05-28,453.7357482910156,458.8548627693229,453.3091629867606,457.56517641086623,17086300,MSFT
2025-05-29,455.0453186035156,458.0612374989779,451.702028016876,457.89257129241645,13974800,MSFT
2025-05-30,456.71197509765625,458.0215223462663,451.9301930198663,456.07706236471586,34770500,MSFT
2025-06-02,458.3092346191406,458.44810948050275,453.2695031394806,453.51752207653715,16626500,MSFT
2025-06-03,459.3013000488281,460.4620419695056,457.20800452370844,457.8131864599202,15743800,MSFT
2025-06-04,460.1941223144531,461.9997072455568,459.35085196524574,460.32309699178137,14162700,MSFT
2025-06-05,463.9739685058594,465.92835889810493,460.35289815926444,461.2755213187348,20131700,MSFT
2025-06-06,466.6525573730469,469.5890928719542,465.06523024972654,466.3648469522318,15285600,MSFT
2025-06-09,469.00384521484375,469.6784495081475,464.90656722268056,465.9780260656937,16469900,MSFT
2025-06-10,467.18829345703125,469.0533703074369,463.2596519580402,467.45614299188406,15375900,MSFT
2025-06-11,468.8748474121094,471.7022694228479,465.9383115986028,466.29544434484353,16399200,MSFT
2025-06-12,475.0752868652344,476.6130223697302,469.7676758011157,471.2557893550323,18950600,MSFT
2025-06-13,471.1962890625,475.3828499324856,469.0137405811006,472.6348110082228,16814500,MSFT
2025-06-16,475.3431701660156,476.8808754060361,471.23596219473825,471.44428961660435,15626100,MSFT
2025-06-17,474.25189208984375,474.9463269378011,470.3232503868908,471.63279762120845,15414100,MSFT
2025-06-18,476.4344482421875,477.1884355000323,470.70025162122124,474.21220825159133,17526500,MSFT
2025-06-20,473.6169738769531,479.6289507141904,473.09117492174096,478.4087168746746,37576200,MSFT
2025-06-23,482.1488037109375,483.884936234588,468.76571183115124,474.42052531416374,24864000,MSFT
2025-06-24,486.2261962890625,487.9524285572733,482.9424282150726,485.07541514458467,22305600,MSFT
2025-06-25,488.36907958984375,490.64094135329833,485.5119270894243,488.1409215620263,17495100,MSFT
2025-06-26,493.508056640625,494.09337765578726,488.9048109762518,489.07347716233096,21578900,MSFT
2025-06-27,492.0100402832031,495.3434002058453,489.12309627390664,493.60726767719865,34539200,MSFT
2025-06-30,493.4684143066406,496.79187420420715,491.4048797426009,493.101351114434,28369000,MSFT
2025-07-01,488.15087890625,494.1033336285329,487.0893808236798,492.53586720632853,19945400,MSFT
2025-07-02,487.198486328125,489.5893925672679,484.82744098086494,486.107196925814,16319600,MSFT
2025-07-03,494.8870849609375,496.16687121115365,489.52988173373706,489.89694493303733,13984800,MSFT
2025-07-07,493.77593994140625,494.7977767455099,491.3056810299541,493.4386378219278,13981600,MSFT
2025-07-08,492.68463134765625,494.25212791462184,490.1945116420166,493.2997134401056,11846600,MSFT
2025-07-09,499.52008056640625,502.76415743455226,495.77993553758444,496.33549554664154,18659500,MSFT
2025-07-10,497.50616455078125,500.4427003321828,493.80571105535574,499.0637004891913,16492100,MSFT
2025-07-11,499.33154296875,501.0279839194423,493.85526578992295,494.51996982276876,16459500,MSFT
2025-07-14,499.033935546875,499.9764196247383,497.0597144820079,497.5458219138798,12058800,MSFT
2025-07-15,501.8117370605469,504.27206541624594,498.805748905247,499.033906939414,14927200,MSFT
2025-07-16,501.61334228515625,502.70463167926073,497.9129190668174,501.1768265275145,15154400,MSFT
2025-07-17,507.6451721191406,509.3019216630888,501.61333461976557,501.67285674255714,17503100,MSFT
2025-07-18,506.0082092285156,510.5618634291492,503.40897568442307,510.4030974050004,21209700,MSFT
2025-07-21,506.01812744140625,508.0320701704435,501.54385636100875,502.69466780228106,14066800,MSFT
2025-07-22,501.2660827636719,507.1491147296819,501.2660827636719,506.92092641726225,13868600,MSFT
2025-07-23,501.8613586425781,502.77408166088094,496.73234393031225,502.73439015336794,16396600,MSFT
2025-07-24,506.8316345214844,509.5995039044367,503.27998658866585,504.73833906736274,16107000,MSFT
2025-07-25,509.6392822265625,514.1829458042694,506.3157919577708,508.4090573683804,19125700,MSFT
2025-07-28,508.4388122558594,510.91900158393673,506.07766717141,510.0063088656235,14308000,MSFT
2025-07-29,508.50823974609375,513.5182098314434,507.50623361872493,511.4448055642593,16469200,MSFT
2025-07-30,509.17291259765625,511.8614594904868,505.40303712186204,511.08761139494,26380400,MSFT
2025-07-31,529.2723388671875,551.0484106553389,527.6850421089878,550.8301225339796,51617300,MSFT
2025-08-01,519.956787109375,531.5541546097426,516.7325410439772,530.7605061500977,28977600,MSFT
2025-08-04,531.3955078125,533.9848111754816,523.9450087012631,524.0839138486996,25349000,MSFT
2025-08-05,523.5679321289062,533.0422426180032,523.0619638515897,532.9231983823397,19171600,MSFT
2025-08-06,520.7802734375,527.486715540996,519.8775111011839,526.6930670104376,21355700,MSFT
2025-08-07,516.7127685546875,523.9053178574718,513.4488005319126,522.6255013664995,16079100,MSFT
2025-08-08,517.9031982421875,520.502431840537,515.2940341981842,518.4587582353118,15531000,MSFT
2025-08-11,517.6354370117188,523.4093257403006,515.6016330725902,518.1612057268388,20194400,MSFT
2025-08-12,525.0462036132812,526.7724058726347,518.5580494708657,519.5997169841131,18667000,MSFT
2025-08-13,516.454833984375,528.4787877679453,515.2544004746543,527.8934364066101,19619200,MSFT
2025-08-14,518.3397216796875,521.7822560401938,516.0182983192124,518.4191046945965,20269100,MSFT
2025-08-15,516.0479736328125,521.9309749680182,514.9666450837208,518.627406652342,25213300,MSFT
2025-08-18,513.0023193359375,518.6770238166106,509.9467697824549,517.4567900842618,23760600,MSFT
2025-08-19,505.7304382324219,511.0777107186651,504.5201046206217,510.91900524319027,21481000,MSFT
2025-08-20,501.7125549316406,506.9507137373093,500.4426991689255,505.829663283555,27723000,MSFT
2025-08-21,501.066650390625,504.4353306174317,499.5562271428435,500.5201238427197,18443300,MSFT
2025-08-22,504.0378112792969,507.51578439064156,499.248138173549,501.07655468445085,24324200,MSFT
2025-08-25,501.0865173339844,504.9917771303553,500.9473838488724,503.44159720621536,21638600,MSFT
2025-08-26,498.8804626464844,501.8019624337255,495.37267961289456,501.18583887731603,30835700,MSFT
2025-08-27,503.5509033203125,504.09746017877256,496.75395340313815,498.8407434548062,17277900,MSFT
2025-08-28,506.4326477050781,507.87350408410515,502.3186878124423,503.89867767213724,18015600,MSFT
2025-08-29,503.5011901855469,506.39287997665497,501.3150235761296,505.458793364042,20961600,MSFT
2025-09-02,501.9410705566406,502.81553721257154,493.68337117589067,497.32034095368414,18128000,MSFT
2025-09-03,502.1696472167969,504.5942937991858,499.1587173668126,500.6194673133705,16345100,MSFT
2025-09-04,504.77313232421875,504.95199223037696,499.983459333639,501.1262158347851,15509500,MSFT
2025-09-05,491.884765625,508.74796779288187,489.27131242222254,505.86622472604114,31994800,MSFT
2025-09-08,495.06463623046875,498.04575600626316,491.91457299081776,494.97517595073856,16771000,MSFT
2025-09-09,495.2733154296875,499.0891451753406,494.5677922273047,498.27429847652155,14410500,MSFT
2025-09-10,497.2209777832031,500.06299449245154,493.5939546766565,499.81456783685906,21611800,MSFT
2025-09-11,497.8569641113281,500.00337405269875,494.7466575341409,499.08915061774627,18881600,MSFT
2025-09-12,506.6910095214844,509.32432605160386,500.67909648146514,503.4614629424367,23624900,MSFT
2025-09-15,512.1166381835938,512.2259313574772,503.80926524972944,505.58800862213144,17143800,MSFT
2025-09-16,505.8364562988281,513.9748860992247,505.39922293408733,513.6271130220401,19711900,MSFT
2025-09-17,506.81024169921875,508.07226852063866,502.74598524416496,507.4064717390096,15816600,MSFT
2025-09-18,505.2501525878906,509.84107240669834,504.4651158521554,508.270998935228,18913700,MSFT
2025-09-19,514.6705322265625,516.0319056285313,507.09849160720086,507.34691829589656,52474100,MSFT
2025-09-22,511.21240234375,514.48167541423,509.3143886623668,512.3452424901319,20009300,MSFT
2025-09-23,506.0252380371094,511.35152134239047,504.1173079645634,510.56645428814153,19799600,MSFT
2025-09-24,506.9394226074219,509.2547456727144,503.72976965544393,507.16798604562155,13533700,MSFT
2025-09-25,503.83905029296875,506.8003068435259,501.8615838862597,505.1010467430239,15786500,MSFT
2025-09-26,508.2411804199219,510.70558375978015,503.4316440082871,506.849997214163,16213100,MSFT
2025-09-29,511.3613586425781,513.5971983462931,505.6773863749633,508.28089264453985,17617800,MSFT
2025-09-30,514.6903686523438,514.8990082310244,506.45253207823936,510.0099885223437,19728200,MSFT
2025-10-01,516.439208984375,517.2341620265153,508.4696637232757,511.5600762745242,22632300,MSFT
2025-10-02,512.4942626953125,518.3173691617891,507.4661094259624,514.3823296081488,21222900,MSFT
2025-10-03,514.0940551757812,517.2143082734997,511.75886906280147,513.8456285403139,15112300,MSFT
2025-10-06,525.2435302734375,527.6880704621805,514.9387971845453,515.3461902238155,21388600,MSFT
2025-10-07,520.682373046875,526.4657528279373,518.1583800775612,524.9652461341774,14615200,MSFT
2025-10-08,521.5468139648438,523.6336339322414,519.7979415330736,519.9867481874902,13363400,MSFT
2025-10-09,519.1123046875,521.0301509722098,514.143772141299,519.0526847229869,18343600,MSFT
2025-10-10,507.74432373046875,520.2849266906686,506.42270727517143,516.3697201998212,24133800,MSFT
2025-10-13,510.81488037109375,513.1600134586593,508.45980051307464,513.1600134586593,14284200,MSFT
2025-10-14,510.3379211425781,512.0371813139038,502.8155546768959,507.01894463812107,14684300,MSFT
2025-10-15,510.19879150390625,513.93513816427,506.7903850161382,511.71919177145384,14694700,MSFT
2025-10-16,508.3902587890625,513.5972720757079,504.93217895922305,509.35418580491137,15559600,MSFT
2025-10-17,510.3478698730469,512.235876086287,504.1173098719632,505.8364332653001,19867800,MSFT
2025-10-20,513.5376586914062,515.4356724346321,510.1988187679518,511.3713853844849,14665600,MSFT
2025-10-21,514.4021606445312,515.4257076122852,509.81124074780416,514.2431942660954,15586200,MSFT
2025-10-22,517.2640380859375,521.9245247034462,514.4518919333965,517.8702452376143,18962700,MSFT
2025-10-23,517.2838745117188,520.6525542416625,515.3461346267313,519.1719411998674,14023500,MSFT
2025-10-24,520.3146362304688,522.0436758041421,517.4329238246899,519.4997896375017,15532400,MSFT
2025-10-27,528.1749877929688,531.2157277722118,525.6807743511338,528.4333612309177,18734700,MSFT
2025-10-28,538.6585083007812,550.2351530342114,537.3667019364588,546.5385938392855,29986700,MSFT
2025-10-29,538.1417846679688,542.8321112501552,533.3521116884923,541.5104645203966,36023000,MSFT
2025-10-30,522.4512329101562,531.6032326010347,518.834126044735,527.1414993194383,41023100,MSFT
2025-10-31,514.5512084960938,525.9887810857076,511.85824179468614,525.5515477587454,34006400,MSFT
2025-11-03,513.776123046875,521.6562086548496,511.3514766558802,516.5385956979154,22374700,MSFT
2025-11-04,511.0931701660156,512.3054631947169,504.64399323613884,508.53933673798264,20958700,MSFT
2025-11-05,503.96826171875,511.5900049686576,503.39189488693165,510.06960470137113,23024300,MSFT
2025-11-06,493.9715576171875,502.51744045426454,492.6896676102462,502.47768369906356,27406500,MSFT
2025-11-07,493.6933288574219,496.2372153715257,490.1457889557352,493.8225155697467,24019800,MSFT
2025-11-10,502.8155517578125,503.66020845333964,495.66085193460816,496.8930687697553,26101500,MSFT
2025-11-11,505.47869873046875,506.39292220487647,499.1885488885237,501.62311202080633,17980000,MSFT
2025-11-12,507.9232177734375,508.4498810705414,495.9788447581273,506.1543908722183,26574900,MSFT
2025-11-13,500.12261962890625,510.2683558569415,498.13520636364063,507.09842927280135,25273100,MSFT
2025-11-14,506.96923828125,508.38031503091224,494.30942559248354,495.0944623167857,28505700,MSFT
2025-11-17,504.296142578125,508.8970088955905,501.7323929449627,505.2501227292945,19092800,MSFT
2025-11-18,490.6824035644531,499.8145698875434,483.71651040889276,492.2524466910109,33815100,MSFT
2025-11-19,484.0543518066406,492.0735713081103,479.79134202204426,487.0156083775533,23245300,MSFT
2025-11-20,476.308837890625,491.38172816347884,473.39183555424523,490.525525238351,26802500,MSFT
2025-11-21,470.0268249511719,476.796695003642,466.19388806310616,476.3785437287191,31769200,MSFT
2025-11-24,471.89849853515625,474.7856351712577,465.94500021095376,472.8940649877621,34421000,MSFT
2025-11-25,474.8752136230469,477.0256407210385,462.82888433135173,471.9681767111092,28019800,MSFT
2025-11-26,483.3475341796875,486.14507360501653,479.06661039650686,484.1539406114854,25709100,MSFT
2025-11-28,489.82867431640625,490.44592067381114,484.49242217644115,485.4382224868377,14386700,MSFT
2025-12-01,484.5820007324219,487.68816317334665,482.5012705124726,486.27447583839387,23964000,MSFT
2025-12-02,487.82757568359375,491.312058367048,484.16389832530854,484.56211884124775,19562700,MSFT
2025-12-03,475.6119689941406,482.09308589504883,473.0931871020635,474.2082166599713,34615100,MSFT
2025-12-04,478.70819091796875,479.1860737742951,474.377470578239,477.6329924690825,22318200,MSFT
2025-12-05,481.01788330078125,481.2568095233099,476.7568601661199,480.3807061976695,22608700,MSFT
2025-12-08,488.8430480957031,490.11737199051475,482.2325023858298,482.74025101921535,21965900,MSFT
2025-12-09,489.8385925292969,489.93815525049575,486.33420957194573,486.93155551686203,14696100,MSFT
2025-12-10,476.43829345703125,482.10306917330496,472.9737111601482,481.88404333185355,35756200,MSFT
2025-12-11,481.3265075683594,483.8751552220924,473.750231167373,474.51683677020293,24669200,MSFT
2025-12-12,476.4084167480469,480.31105063829824,474.22812377070755,477.69270598810584,21248100,MSFT
2025-12-15,472.7148742675781,478.588710310573,470.42505317808707,477.97146396596463,23727700,MSFT
2025-12-16,474.2779235839844,475.7712732838117,468.79234263095657,469.8177748762136,20705600,MSFT
2025-12-17,474.00909423828125,477.8718969329872,472.8940646732686,474.79560024235434,24527200,MSFT
2025-12-18,481.8342590332031,487.4293375934554,475.7712630284666,476.06992080908344,28573500,MSFT
2025-12-19,483.7656555175781,485.68709144559693,480.35083955461556,485.1992432324443,70836100,MSFT
2025-12-22,482.7701110839844,486.5632169440421,480.5499868948874,483.9647726311972,16963000,MSFT
2025-12-23,484.6915283203125,485.66716398872717,482.59086732909867,482.8298239351052,14683600,MSFT
2025-12-24,485.8563232421875,486.99128356758627,482.680463867149,483.5267014178325,5855900,MSFT
2025-12-26,485.5476989746094,485.9558848600665,483.8054577080926,484.5521325365998,8842200,MSFT
2025-12-29,484.9404296875,486.1848877649252,482.0333622504328,482.71034015280554,10893400,MSFT
2025-12-30,485.3187255859375,487.5089534635432,483.3474931520442,483.77557941756965,13944500,MSFT
