Date,Close,High,Low,Open,Volume,Ticker
2018-01-02,41.10763931274414,42.139075332986096,40.70211426816455,41.936314492158836,25380000,ORCL
2018-01-03,42.05971145629883,42.37707725143685,41.82168710994531,41.90102855872981,24165000,ORCL
2018-01-04,42.474056243896484,42.482870466986064,42.068534723301276,42.30655910180465,19815100,ORCL
2018-01-05,42.729713439941406,42.870764553169636,42.56221293097277,42.68563223468199,14496400,ORCL
2018-01-08,43.17931365966797,43.25865512259835,42.262479724233295,42.57984557595483,15075000,ORCL
2018-01-09,43.41826248168945,43.683762792622844,43.29435918563556,43.58641189087602,14153700,ORCL
2018-01-10,43.18817138671875,43.60412412419909,42.99347290672372,43.241272813637686,13476600,ORCL
2018-01-11,43.3209114074707,43.382861367241205,42.869557842263234,43.250109524293215,11687800,ORCL
2018-01-12,43.81651306152344,44.09971723098476,43.41826426675981,43.524463720295465,15978200,ORCL
2018-01-16,43.88731384277344,44.30326647467534,43.75456199718187,44.117413215643204,17152600,ORCL
2018-01-17,44.48912811279297,44.50682858861671,44.117424872535366,44.170526300006614,23183100,ORCL
2018-01-18,44.45372009277344,44.85197229543221,44.33866870622312,44.418319146754875,17119200,ORCL
2018-01-19,44.76347732543945,44.78117442401762,44.48912503319324,44.692675427045465,14011500,ORCL
2018-01-22,44.87851333618164,44.905065728983764,44.48911312728463,44.63071351015804,16840000,ORCL
2018-01-23,45.241363525390625,45.37411535840011,44.754612431054746,44.91391328025839,14141400,ORCL
2018-01-24,45.533424377441406,46.020175559112644,45.321022081719796,45.453773938548295,17205600,ORCL
2018-01-25,45.666168212890625,46.06442036684424,45.61307017637655,45.61307017637655,13904300,ORCL
2018-01-26,46.683929443359375,46.683929443359375,45.8077745901584,45.89627695594742,14909200,ORCL
2018-01-29,45.96707534790039,46.719330262976754,45.913977304591036,46.613127424317945,12234900,ORCL
2018-01-30,45.09977340698242,46.01132922394267,44.913923499299116,45.79007836926632,16863500,ORCL
2018-01-31,45.65731430053711,45.887413642439476,45.011262382712864,45.011262382712864,16806800,ORCL
2018-02-01,45.69272232055664,46.00247213190247,45.36526866168277,45.453771019224256,11674100,ORCL
2018-02-02,44.36521911621094,45.49802232989584,44.285568679247476,45.35642192818523,17562200,ORCL
2018-02-05,42.559810638427734,44.86966988962937,42.53326161862719,44.28556782187883,19725800,ORCL
2018-02-06,43.719173431396484,43.816520978715666,41.42701427429576,41.88721649079702,25921200,ORCL
2018-02-07,43.25010681152344,44.117409569930324,43.20585732532276,43.54215949728279,15138000,ORCL
2018-02-08,41.453556060791016,43.4713625703603,41.4270070412503,43.44481355081958,21255400,ORCL
2018-02-09,42.2412223815918,42.61292565755886,40.63936461386825,42.108473864191396,23191000,ORCL
2018-02-12,42.612911224365234,42.913812488318705,42.232359526541146,42.67486118670685,16261600,ORCL
2018-02-13,42.913818359375,43.08196779787545,42.276614801234,42.48901373660086,12633100,ORCL
2018-02-14,43.7634162902832,43.825366254641565,42.60406068753984,42.64831017979298,14271400,ORCL
2018-02-15,44.81657409667969,44.86082359390538,43.74572073412478,43.984672070367814,14132500,ORCL
2018-02-16,44.87851333618164,45.25906499815756,44.68381491974285,44.736912953308234,11098800,ORCL
2018-02-20,44.1528205871582,44.524523783327595,43.94927020335932,44.42717286585418,14144900,ORCL
2018-02-21,43.74571990966797,44.55107289767032,43.74571990966797,44.13512020434356,13050800,ORCL
2018-02-22,43.88731384277344,44.30326647467534,43.72801297847142,43.88731384277344,9513200,ORCL
2018-02-23,44.69266891479492,44.75461887885265,43.91386502604363,44.06431735019801,8866800,ORCL
2018-02-26,45.285621643066406,45.365272082850616,44.69267099491066,44.77232143469486,12956000,ORCL
2018-02-27,44.896217346191406,45.48917131724264,44.72806793327642,45.19711860552643,14339600,ORCL
2018-02-28,44.84312057495117,45.57767501608843,44.84312057495117,45.18827473617256,14947900,ORCL
2018-03-01,43.9935188293457,45.099773095076706,43.73686702945129,45.099773095076706,16539800,ORCL
2018-03-02,44.53336715698242,44.604169043651666,43.50676343241681,43.65721575357906,17291000,ORCL
2018-03-05,45.39181900024414,45.568820331287405,44.11741211754834,44.16166498232384,18771500,ORCL
2018-03-06,45.57768249511719,45.83433433300454,45.329882583237314,45.630783923100275,13907100,ORCL
2018-03-07,45.77238082885742,45.8520312766857,45.16172627016716,45.18827867012348,11727300,ORCL
2018-03-08,46.13522720336914,46.16177622447652,45.55112510686696,45.967074400302465,15864400,ORCL
2018-03-09,46.87863540649414,46.90518443056229,46.19718232190881,46.329930818269894,16218600,ORCL
2018-03-12,46.816680908203125,47.294580175343015,46.613127156619434,46.887479424215684,14108400,ORCL
2018-03-13,46.533477783203125,47.32997877292865,46.32107549366441,47.11757985940979,12864400,ORCL
2018-03-14,46.30337142944336,47.03792577375933,46.179471510165875,46.798974482572916,10885500,ORCL
2018-03-15,46.347625732421875,46.61312606931092,46.11752634072336,46.214877251987325,14155200,ORCL
2018-03-16,46.25912094116211,46.630820690964235,46.24142047078779,46.37417231058542,21011500,ORCL
2018-03-19,45.97592544555664,46.53347851029019,45.58652180465452,46.40072665525176,25777400,ORCL
2018-03-20,41.639408111572266,42.258911149172505,41.09070696444975,41.41815726785932,68601000,ORCL
2018-03-21,41.61285400390625,42.53325821148687,41.604002080668614,41.85180529102927,34597700,ORCL
2018-03-22,40.6128044128418,41.61285917370585,40.4712040076237,41.34735883592441,25610100,ORCL
2018-03-23,39.639312744140625,40.95796624051925,39.61276033998435,40.69246583110255,21398900,ORCL
2018-03-26,41.134952545166016,41.27655293663225,40.17029882329618,40.31189921476241,20754800,ORCL
2018-03-27,40.161460876464844,41.435864736040116,39.825158591958115,41.26771528179701,18925300,ORCL
2018-03-28,39.80744934082031,40.1437515511894,39.39149669578538,40.072949664366526,22156900,ORCL
2018-03-29,40.4889030456543,40.96680566233957,39.833999084713014,40.09950278910695,14256400,ORCL
2018-04-02,39.8339958190918,40.57739870320643,39.31184375315391,40.40040074948069,15343300,ORCL
2018-04-03,39.72780227661133,40.11720593513409,39.19680158446946,40.11720593513409,15734600,ORCL
2018-04-04,40.27649688720703,40.37384778599446,38.9755443903755,39.00209340785588,18505900,ORCL
2018-04-05,40.67475128173828,40.8694530900941,40.3119000599968,40.471200925738884,12313000,ORCL
2018-04-06,39.67470169067383,40.488903149920404,39.47114794984233,40.27650086106225,13893600,ORCL
2018-04-09,39.73664474487305,40.400397140103536,39.718944275877924,39.92249460529296,15200000,ORCL
2018-04-10,40.550846099853516,40.772096898467304,40.23224440968658,40.31189483222831,14868900,ORCL
2018-04-11,40.36500549316406,40.70130772944157,40.143754643827286,40.17915558996598,14911400,ORCL
2018-04-12,40.60395812988281,40.86060655764571,40.40040774702665,40.43580531829109,13970300,ORCL
2018-04-13,40.780948638916016,41.17919737382744,40.36499605905295,40.98449896760964,12493600,ORCL
2018-04-16,40.92314147949219,41.22528859301929,40.523240389530166,40.90536772104968,11639000,ORCL
2018-04-17,41.46522903442383,41.70516968717097,41.22528838167668,41.24306214002807,10762700,ORCL
2018-04-18,41.838470458984375,42.025089833462125,41.48300207807632,41.48300207807632,11312900,ORCL
2018-04-19,41.607418060302734,41.86513248595128,41.50077889417153,41.758493319820076,8563200,ORCL
2018-04-20,41.08308792114258,41.429667617719915,40.860921101285655,41.29636955980374,15675600,ORCL
2018-04-23,40.700958251953125,41.2963670558663,40.62986663670769,41.2163868699674,14904400,ORCL
2018-04-24,40.46103286743164,41.20751375242478,40.23886597773127,40.81650124695131,13357000,ORCL
2018-04-25,40.656532287597656,40.736512486714126,40.0344644489137,40.36327042750495,12637500,ORCL
2018-04-26,40.84315872192383,41.065325603644474,40.78984083990933,40.958686449617886,12175800,ORCL
2018-04-27,40.46103286743164,40.98534686272442,40.40771498350209,40.98534686272442,14420800,ORCL
2018-04-30,40.585453033447266,40.896488768589805,40.487702432115015,40.57656784787099,13896600,ORCL
2018-05-01,40.83427047729492,40.83427047729492,40.33661547914603,40.33661547914603,8838000,ORCL
2018-05-02,40.44325637817383,40.9497999712798,40.407712254620456,40.78095097691199,10715200,ORCL
2018-05-03,40.043357849121094,40.3366163545754,39.53681765697487,40.309957414987934,15370200,ORCL
2018-05-04,40.62098693847656,40.80760628300317,39.81229972219745,39.9278274359508,10571800,ORCL
2018-05-07,40.94091033935547,41.09198557304177,40.68319595777127,40.825382618300935,9006000,ORCL
2018-05-08,40.82538986206055,40.86982595573336,40.478810027399724,40.77207197364995,9830600,ORCL
2018-05-09,41.39413833618164,41.483003739969924,40.86093574345838,41.08310264292694,11822400,ORCL
2018-05-10,41.705169677734375,41.85624153869038,41.42079632417198,41.58964194347535,10974200,ORCL
2018-05-11,41.607418060302734,41.900680004661005,41.447457616106945,41.86513248595128,9498100,ORCL
2018-05-14,41.607418060302734,41.99843059611579,41.49189031949511,41.59853287562429,9689500,ORCL
2018-05-15,41.59852600097656,41.607411184186624,41.1008709912777,41.33192304471089,11304900,ORCL
2018-05-16,41.527427673339844,41.70516183338566,41.27860188327398,41.70516183338566,9874200,ORCL
2018-05-17,41.358585357666016,41.82069285434354,41.25194281920376,41.49188344574772,10162300,ORCL
2018-05-18,41.16307830810547,41.58075311769468,41.0919866709399,41.49188433374087,13517300,ORCL
2018-05-21,41.954002380371094,42.02509742539528,41.314163925145074,41.34970805765884,13416300,ORCL
2018-05-22,41.207523345947266,42.24726639460634,41.154205449604774,41.980666742898386,18505100,ORCL
2018-05-23,41.678504943847656,41.740711394420785,40.89647663521756,40.94979790285051,9204400,ORCL
2018-05-24,41.287498474121094,41.714058542097604,41.00312509547009,41.46523268327749,12497700,ORCL
2018-05-25,41.767372131347656,41.91844397781546,41.30526462862667,41.31415320194681,11354300,ORCL
2018-05-29,41.10975646972656,41.589637726454264,40.91425192772439,41.3674708546356,12427800,ORCL
2018-05-30,41.81180953979492,41.97176997760905,41.260836581767265,41.438570778227174,11906500,ORCL
2018-05-31,41.51854705810547,41.918444724703086,41.509658484626954,41.705166421184025,13062400,ORCL
2018-06-01,42.07840347290039,42.08729204602519,41.67850582221604,41.83846623848873,10863200,ORCL
2018-06-04,42.051753997802734,42.27392091596103,41.971773771665816,42.19394068982412,12178400,ORCL
2018-06-05,41.882904052734375,42.14061507489377,41.59853069793948,42.06063824698064,13430900,ORCL
2018-06-06,42.433876037597656,42.487197311656644,41.85624076695064,42.140614115269805,13299100,ORCL
2018-06-07,42.37167739868164,42.6827097464285,42.14062189178539,42.59384432992892,13714100,ORCL
2018-06-08,42.81599807739258,42.99373224566266,42.13172373305101,42.13172373305101,14515400,ORCL
2018-06-11,42.82489013671875,43.002624333527685,42.62938557122697,42.789346009355235,12521100,ORCL
2018-06-12,43.05594253540039,43.180355447284285,42.79822813792798,42.842660836458286,14713600,ORCL
2018-06-13,42.8959846496582,43.25144964895439,42.73602421347569,42.753797971940166,18053300,ORCL
2018-06-14,40.78984451293945,41.78515128347366,40.576562795683174,41.77626270900579,37001300,ORCL
2018-06-15,41.127540588378906,41.31416338412435,40.158892647598236,40.76318696239709,28120400,ORCL
2018-06-18,41.340816497802734,41.411908141867166,40.39882763646494,40.71874850974939,21474100,ORCL
2018-06-19,41.1186637878418,41.243076750377035,40.674329841645104,40.73653632291273,22764900,ORCL
2018-06-20,38.052738189697266,39.80341407057218,37.83057133740338,38.66591748162943,59129000,ORCL
2018-06-21,38.30157470703125,38.95919026560587,38.19493553726172,38.372669746876326,32635100,ORCL
2018-06-22,39.19023895263672,39.36797314677521,38.354892647182915,38.39044016401017,29735100,ORCL
2018-06-25,39.35020065307617,39.51904966843355,38.64815581816198,38.71924746410359,24640500,ORCL
2018-06-26,39.46572494506836,39.85673743859613,39.43017743020285,39.51015764365144,20717500,ORCL
2018-06-27,38.612606048583984,39.758988011275584,38.60371747461092,39.6079127637127,26360100,ORCL
2018-06-28,38.95918273925781,39.11914315800912,38.532622752586796,38.66592084154793,20918400,ORCL
2018-06-29,39.154701232910156,39.572372758984095,38.87921301741592,39.13692747158811,22144900,ORCL
2018-07-02,39.94560623168945,39.963379989124846,38.89697827298455,39.06582388362437,20655500,ORCL
2018-07-03,39.7412109375,39.98115156478782,39.56347676284264,39.98115156478782,16783300,ORCL
2018-07-05,40.354400634765625,40.40772191784332,39.98116182321665,40.12334852142554,21916200,ORCL
2018-07-06,40.87870407104492,41.047549671808866,40.22997721758672,40.398822818350666,20764300,ORCL
2018-07-09,41.527427673339844,41.58074893835273,40.932022135683056,40.99422858319952,25125700,ORCL
2018-07-10,41.758487701416016,42.08729373024677,41.482999553478216,41.61630103570562,27422000,ORCL
2018-07-11,42.336124420166016,42.44276358422243,41.50966327123348,41.60741725078432,22802600,ORCL
2018-07-12,42.78934097290039,42.83377366937329,42.43387262112238,42.46942013429967,24857900,ORCL
2018-07-13,43.21590042114258,43.37586083844457,42.50496711646563,42.62938002103442,25771400,ORCL
2018-07-16,43.233734130859375,43.37647847660183,42.77873759233455,43.37647847660183,22949600,ORCL
2018-07-17,43.62628936767578,43.70658328541434,42.9571745209525,43.08207541448046,18823100,ORCL
2018-07-18,43.39434051513672,43.71551628132263,43.18022560654285,43.52816488547922,19234700,ORCL
2018-07-19,43.21590042114258,43.465705635072545,43.01070559050703,43.18021687911923,16656500,ORCL
2018-07-20,43.287269592285156,43.456777459121945,43.144525229871526,43.26050608786199,17232900,ORCL
2018-07-23,43.421104431152344,43.421104431152344,42.86797027497009,43.37649744172227,17990200,ORCL
2018-07-24,43.421104431152344,43.80473066618225,43.322970415724235,43.49247833687658,19885500,ORCL
2018-07-25,43.670894622802734,43.68873809307427,43.26942504992812,43.28726852019965,16354900,ORCL
2018-07-26,43.599525451660156,43.86717072805827,43.501388056212164,43.58168197946104,15229900,ORCL
2018-07-27,43.38541030883789,43.8225634633344,43.16237201274538,43.706585999738195,14856100,ORCL
2018-07-30,42.58247756958008,43.340809933812984,42.34159576470338,43.340809933812984,20167300,ORCL
2018-07-31,42.53787612915039,42.89473886510681,42.279150815746746,42.73415097425595,18808100,ORCL
2018-08-01,42.24345397949219,43.01962973813253,42.06502605654885,42.74306101229919,22933600,ORCL
2018-08-02,42.734130859375,42.885795238626386,41.601096119820404,41.96687872051963,14227400,ORCL
2018-08-03,43.24267578125,43.251595817675174,42.734148622637775,42.75198869548813,14295800,ORCL
2018-08-06,43.421104431152344,43.50139837344454,43.01963812298652,43.082088588847654,13529300,ORCL
2018-08-07,43.251590728759766,43.67090386060414,43.242670693384106,43.6619804219338,11608000,ORCL
2018-08-08,43.17129135131836,43.37648617202089,43.05531048629719,43.198054857363914,10849400,ORCL
2018-08-09,43.30511474609375,43.456779148111664,43.06423298704101,43.06423298704101,14708000,ORCL
2018-08-10,43.108848571777344,43.46571126458569,43.02855463606021,43.15345555755467,10502200,ORCL
2018-08-13,42.832275390625,43.34972590142118,42.79659184766574,43.126687592276866,12152100,ORCL
2018-08-14,43.02854919433594,43.13560662732119,42.769823944935034,42.93041179606012,11513700,ORCL
2018-08-15,42.68061065673828,43.05531337973416,42.404041930269074,42.91256899907461,14091000,ORCL
2018-08-16,42.91257095336914,43.22482664004739,42.85904393524317,42.94825790098288,11874300,ORCL
2018-08-17,43.144527435302734,43.269428333387495,42.81443171846525,43.01070309975807,11412000,ORCL
2018-08-20,43.19805908203125,43.358646940598206,43.05531469700446,43.18021901178567,11936700,ORCL
2018-08-21,43.18914031982422,43.39433516664204,43.15345337169207,43.34080814773851,10187600,ORCL
2018-08-22,43.53708267211914,43.63522008485956,43.037478975687826,43.12669294910915,11639400,ORCL
2018-08-23,43.679832458496094,44.01885172523843,43.43003057947299,43.5370880414407,11026700,ORCL
2018-08-24,43.94746780395508,44.063448679922274,43.68874594674383,43.715509455315264,14011700,ORCL
2018-08-27,44.00992202758789,44.34001778145199,43.97423508033377,44.081292518801526,12253300,ORCL
2018-08-28,43.39434051513672,44.09914251278968,43.35865356260604,44.063455560259,15475700,ORCL
2018-08-29,43.61737060546875,43.80472196584108,43.39433229932232,43.39433229932232,17307700,ORCL
2018-08-30,43.162376403808594,43.61737307667626,43.099925946812924,43.61737307667626,15154900,ORCL
2018-08-31,43.3408088684082,43.38541585266777,43.13561061488367,43.162377528075204,17844100,ORCL
2018-09-04,43.3408088684082,43.56384719300077,42.96610271337943,43.14453405371243,17289000,ORCL
2018-09-05,42.85903549194336,43.260505065271154,42.63599721823836,43.18913118410445,16437700,ORCL
2018-09-06,42.56462478637695,43.01962478607231,42.39511691777532,42.778743033873724,18456100,ORCL
2018-09-07,42.653846740722656,42.814434592839724,42.225613602841946,42.341591071253035,20513900,ORCL
2018-09-10,43.590614318847656,43.760122234413,42.82336187407658,42.82336187407658,20390600,ORCL
2018-09-11,43.644134521484375,43.76011539468808,43.287275270288006,43.287275270288006,14877200,ORCL
2018-09-12,44.01883316040039,44.134814013873054,43.37648185291356,43.49246270638622,17058700,ORCL
2018-09-13,43.679832458496094,44.384634506648844,43.60846195161607,43.965321292606895,22124400,ORCL
2018-09-14,43.93854522705078,44.1169765482256,43.66197650906509,43.66197650906509,20066100,ORCL
2018-09-17,43.876102447509766,44.55413750258513,43.81365198467236,43.992083337048506,29225000,ORCL
2018-09-18,43.74226379394531,44.19726376404298,42.252369805364246,42.38619072346237,33451100,ORCL
2018-09-19,44.09914016723633,44.197277579828395,43.41218168238678,43.64414005490854,20904800,ORCL
2018-09-20,44.99128341674805,45.57118432285879,44.215111132793524,44.30432508605941,26973500,ORCL
2018-09-21,45.58902359008789,45.606867061086476,44.91990874246452,45.34814523984229,50751900,ORCL
2018-09-24,45.71393585205078,46.03510817610245,45.24109229643766,45.33030966697537,23906100,ORCL
2018-09-25,46.14216232299805,46.32951366899027,45.47304745591649,45.847750147900946,18665800,ORCL
2018-09-26,46.06187438964844,46.490107551844375,45.99942393286745,46.16893182937376,18131000,ORCL
2018-09-27,46.11539840698242,46.40981060118699,45.7942261087062,45.99942093953313,17993500,ORCL
2018-09-28,45.99942398071289,46.40089023092409,45.936973523866946,45.98158050685767,16234200,ORCL
2018-10-01,46.21354675292969,46.38305808185682,45.624725628324654,45.696099535935076,19217800,ORCL
2018-10-02,44.81285858154297,46.21353895061333,44.723644615387336,46.079718001379874,22406800,ORCL
2018-10-03,44.3846321105957,44.696884442518005,44.2418877012462,44.2418877012462,21207600,ORCL
2018-10-04,44.13481903076172,44.41138433924988,43.86717035335546,44.32217038231066,19034000,ORCL
2018-10-05,44.027767181396484,44.40247336423937,43.82257231593526,44.090217644654466,16900200,ORCL
2018-10-08,44.03667449951172,44.286476261093775,43.6262849188287,43.956380589961235,16295800,ORCL
2018-10-09,43.599525451660156,44.07236895670097,43.56384191055625,43.81364371475525,19009800,ORCL
2018-10-10,42.28806686401367,43.69766727772363,42.26129995135386,43.546002853594985,20885400,ORCL
2018-10-11,41.734928131103516,42.72521878752409,41.47620627395956,42.22561514341611,26387600,ORCL
2018-10-12,42.27021789550781,42.60031361351739,41.62786652788334,42.28806136719674,23152800,ORCL
2018-10-15,42.20751190185547,42.655384491611564,41.98357560697742,42.064192809813385,15693400,ORCL
2018-10-16,43.2017936706543,43.371984040687394,42.52102877352491,42.610601933121906,13600200,ORCL
2018-10-17,42.8703727722168,43.21075696018559,42.48520200038305,42.48520200038305,15071100,ORCL
2018-10-18,42.44041442871094,43.1211793718063,42.21647809760102,42.610604810235465,15084800,ORCL
2018-10-19,42.62852478027344,43.21076067151745,42.413544375460965,42.54790755559346,17768400,ORCL
2018-10-22,42.94203186035156,43.43469454805377,42.736010835038556,42.861414640272784,16480200,ORCL
2018-10-23,42.98681640625,43.282410564354564,42.207515572071536,42.24334620244693,18921500,ORCL
2018-10-24,41.88505172729492,43.26450040826804,41.831309192320255,42.888288995455774,20028200,ORCL
2018-10-25,42.95994567871094,43.25554328101728,42.35083857425904,42.476242375117266,19349300,ORCL
2018-10-26,42.38666915893555,43.05847816303997,41.84026395554438,42.31501130866967,23088700,ORCL
2018-10-29,42.1179313659668,43.07637826663608,41.50882447733636,42.82557075378687,19248700,ORCL
2018-10-30,43.50635528564453,43.55114187376961,42.02837395853341,42.17169650772989,24438200,ORCL
2018-10-31,43.74819564819336,44.29460076620734,43.5242593484825,43.936301319871255,21082900,ORCL
2018-11-01,43.524269104003906,44.10650498055308,43.3003327541,43.85569394510238,17764900,ORCL
2018-11-02,43.73924255371094,43.90943292247744,43.21075271522897,43.828815712641315,17289300,ORCL
2018-11-05,43.9094352722168,44.007967802511196,43.44364730345963,43.891519956072614,13125800,ORCL
2018-11-06,44.115455627441406,44.31252068510459,43.739244244990374,43.9810924668534,12362700,ORCL
2018-11-07,45.02016067504883,45.235141066765785,44.312524431516465,44.41105696867851,14329800,ORCL
2018-11-08,45.17244338989258,45.235145298134135,44.84997448065159,44.984337665167914,11966600,ORCL
2018-11-09,45.33366775512695,45.52177343798713,45.06494486289856,45.1634739703513,15316100,ORCL
2018-11-12,44.088584899902344,45.127649314532846,43.99005236986888,44.939540204015714,14374400,ORCL
2018-11-13,44.34834671020508,44.787263394954316,44.1064984948297,44.31251949640685,13550600,ORCL
2018-11-14,43.74819564819336,44.76038867964554,43.65862249510772,44.76038867964554,16094000,ORCL
2018-11-15,45.351585388183594,45.405327919177935,43.93630617738206,44.8230955257573,24922800,ORCL
2018-11-16,45.83528518676758,46.0860961933731,45.16347621431898,45.26200874366432,20929600,ORCL
2018-11-19,44.384178161621094,45.77258266913554,44.249818419150266,45.727796088311926,19520500,ORCL
2018-11-20,43.29136657714844,43.95421610276482,42.95993839734353,43.59591666075827,19389600,ORCL
2018-11-21,43.551143646240234,44.052762337850176,43.47052641753503,43.676547464893275,13859500,ORCL
2018-11-23,43.6227912902832,43.99900262866464,43.03159960354329,43.03159960354329,7807300,ORCL
2018-11-26,43.228660583496094,44.03483260670332,43.08534149236999,44.03483260670332,21603800,ORCL
2018-11-27,42.49415969848633,42.97786302491999,41.91192725029539,42.92411707187266,28054600,ORCL
2018-11-28,43.16596984863281,43.21971580306662,42.4314588896918,42.75392778229957,29352900,ORCL
2018-11-29,42.90619659423828,43.33615388167614,42.49415120390482,43.33615388167614,17052100,ORCL
2018-11-30,43.676544189453125,43.74820546159378,42.736012203090965,43.076396411764016,22884500,ORCL
2018-12-03,44.63499069213867,44.89475423660298,44.07962613653188,44.28564714896773,21966600,ORCL
2018-12-04,43.66758346557617,44.98433015274648,43.63175283342254,44.35730775804647,24643500,ORCL
2018-12-06,41.81338882446289,42.78975129020666,40.89077230419935,42.771835975046585,39877000,ORCL
2018-12-07,41.204280853271484,42.13585671872905,41.03409048856164,41.885045729107766,23978000,ORCL
2018-12-10,41.80442428588867,42.171683075733526,40.613085019623334,41.21323262674271,26375500,ORCL
2018-12-11,41.61632537841797,42.21647649991839,41.25802931240016,42.08211333953852,22680200,ORCL
2018-12-12,42.38666915893555,43.09430879667156,42.10898687378669,42.19856345786566,21404000,ORCL
2018-12-13,42.30604553222656,42.592683723857824,41.876088244779666,42.52998183300079,23295400,ORCL
2018-12-14,41.74172592163086,42.12689663992676,41.57153555980119,41.90296033473132,21434300,ORCL
2018-12-17,40.96243667602539,42.306054774190656,40.783286912870516,41.5804997710623,30441100,ORCL
2018-12-18,41.06992721557617,43.300334873256126,40.70267172043986,43.08535446334813,42855600,ORCL
2018-12-19,41.60737228393555,42.49415826889994,40.980349854134026,41.25803214337398,34397300,ORCL
2018-12-20,41.41926193237305,42.055240240851624,40.7384936277224,41.2490681477119,35165200,ORCL
2018-12-21,39.41278839111328,41.3923844424968,39.28738461113376,41.27594002794252,58768400,ORCL
2018-12-24,38.2393684387207,39.25156165890909,38.23041248854089,39.20677507401525,17230400,ORCL
2018-12-26,39.941280364990234,39.959195679819416,37.979599520652975,38.517045297540825,21428900,ORCL
2018-12-27,40.28166580200195,40.3891542774204,38.929088533581904,39.368005218452545,19048700,ORCL
2018-12-28,40.14729690551758,40.99825547200331,40.0756390711485,40.43393507698697,39141200,ORCL
2018-12-31,40.442901611328125,40.75641109913802,40.16521933855569,40.47872882636558,14932600,ORCL
2019-01-02,40.5056037902832,40.61309227013659,39.815879495312764,39.842750761026814,14320400,ORCL
2019-01-03,40.11147689819336,40.75641466322646,39.78005206538355,40.084605630316126,19868700,ORCL
2019-01-04,41.84025955200195,42.05523991416824,40.53247231506476,40.639960787649436,20984000,ORCL
2019-01-07,42.50312042236328,43.09431225676275,41.6252903298912,42.03733239874589,17967900,ORCL
2019-01-08,42.88828659057617,43.318243931251466,42.27917950370354,42.933073172876206,16255700,ORCL
2019-01-09,42.798702239990234,43.20178824151519,41.750682053021926,41.77755331412473,19100200,ORCL
2019-01-10,42.83454132080078,42.97786043663167,41.99254194241893,42.440414606515134,16652700,ORCL
2019-01-11,43.25554656982422,43.55114077760789,42.43145901767455,42.70018195665904,16397400,ORCL
2019-01-14,43.157005310058594,43.300324409698185,42.65538675282159,42.861407744991205,14869400,ORCL
2019-01-15,43.50773239135742,43.64262408489457,42.63541836494342,42.68937710067358,12142100,ORCL
2019-01-16,43.2199592590332,43.876441771996696,43.21096442116322,43.68759134303299,14114000,ORCL
2019-01-17,43.68759536743164,43.98435986449393,42.99514030025187,43.17499590791347,12711200,ORCL
2019-01-18,44.3080940246582,44.577880797126355,43.948376041017376,44.01132617357578,15930600,ORCL
2019-01-22,44.01133346557617,44.21817013975557,43.759532893623074,43.921405670028776,13318700,ORCL
2019-01-23,44.28110885620117,44.49693686531113,43.91239952932434,44.23614154298927,15551200,ORCL
2019-01-24,44.24515914916992,44.45199586040323,43.948391195752926,44.29911446395402,11442200,ORCL
2019-01-25,44.78472900390625,44.874660238306106,44.46997825982132,44.60486996563237,16656600,ORCL
2019-01-28,44.53291702270508,44.7217674208718,44.25413541313163,44.469966889982835,11799100,ORCL
2019-01-29,44.61385726928711,44.892635472527914,44.23615300965165,44.41601201754828,10838600,ORCL
2019-01-30,45.288330078125,45.41423036589885,44.604866472316175,44.838684232918084,13483800,ORCL
2019-01-31,45.171424865722656,45.41423405351345,45.027538320793944,45.18041970445148,20403600,ORCL
2019-02-01,45.6930046081543,45.95379654884387,45.22537259338077,45.432209236939734,14849600,ORCL
2019-02-04,45.890865325927734,46.088710645001555,45.30632763947771,45.30632763947771,12221200,ORCL
2019-02-05,46.07971954345703,46.19662502321304,45.76496531277761,46.0167659529,13345500,ORCL
2019-02-06,46.097694396972656,46.30453452193124,45.836902392138406,46.034744247820335,9220900,ORCL
2019-02-07,45.16242599487305,45.85488094996043,45.117458669711,45.675021940888016,14905000,ORCL
2019-02-08,45.890865325927734,45.890865325927734,44.80272293207452,45.04553216079429,11535600,ORCL
2019-02-11,46.070716857910156,46.295539799885425,45.81891626066612,45.82790766891375,9714500,ORCL
2019-02-12,46.06172561645508,46.3584901170636,46.03474453056277,46.2775537204384,14188500,ORCL
2019-02-13,46.241580963134766,46.35848985326723,45.818916165853445,46.088703009560334,11342600,ORCL
2019-02-14,46.2955322265625,46.538341375838606,45.94480904333878,46.07970415866726,11155300,ORCL
2019-02-15,46.511356353759766,46.511356353759766,45.92681552067604,45.98077424436099,13822200,ORCL
2019-02-19,46.78115463256836,46.925041167307064,46.07970820453289,46.29553629137815,12357500,ORCL
2019-02-20,46.55632781982422,46.95201489968137,46.31351866950552,46.76316448183082,13440900,ORCL
2019-02-21,46.86209487915039,47.077922983756615,46.3225177565831,46.430435239412084,14759500,ORCL
2019-02-22,47.194828033447266,47.30274207696666,46.94302745506014,47.113891643176316,11689700,ORCL
2019-02-25,47.266761779785156,47.689426445811684,47.17683057279298,47.437625927283136,14722200,ORCL
2019-02-26,47.30274200439453,47.55454601292093,46.97899987433302,47.176841715394126,12041300,ORCL
2019-02-27,47.104896545410156,47.338710859806135,46.99697907981941,47.23079682474071,10674200,ORCL
2019-02-28,46.88007736206055,47.22180573866902,46.8081323792847,46.94302750672661,31856900,ORCL
2019-03-01,47.2218017578125,47.41964701324187,47.09590147909392,47.2128103509863,15757700,ORCL
2019-03-04,46.799137115478516,47.52756113817144,46.37646895281204,47.36568837078961,14850100,ORCL
2019-03-05,47.086910247802734,47.29374691082937,46.78115095669264,46.79913720093739,16291900,ORCL
2019-03-06,47.07790756225586,47.43762552613312,46.88006576959564,47.041938510287935,12389300,ORCL
2019-03-07,47.28475570678711,47.77936541880061,46.934029088298125,46.94302392572174,16624100,ORCL
2019-03-08,47.455623626708984,47.464615034316765,46.880077485094134,47.07791932719574,15071100,ORCL
2019-03-11,47.356693267822266,47.82432528925782,46.68222459988109,46.70920224883072,20027700,ORCL
2019-03-12,47.48259735107422,47.923251758956454,47.28475552534319,47.365688478693166,18048500,ORCL
2019-03-13,47.71641540527344,48.08512483853521,47.42864235641183,47.71641540527344,19490800,ORCL
2019-03-14,47.70742416381836,48.02217831822181,47.52756513709147,47.64447401904279,24000300,ORCL
2019-03-15,47.60850524902344,48.01318723316045,45.86388044360881,46.22359852518079,43340200,ORCL
2019-03-18,48.076133728027344,48.52577958054655,47.46461509415918,47.54555148483366,21953600,ORCL
2019-03-19,48.59772872924805,48.90348807239087,48.33693328910619,48.381897192107154,19214000,ORCL
2019-03-20,47.338706970214844,48.73260819624135,47.22179810736002,48.462821415482196,24111600,ORCL
2019-03-21,48.59772872924805,48.60672013763788,47.07792342192376,47.32972745367579,16686300,ORCL
2019-03-22,47.455623626708984,48.45383796692719,47.42864597336004,48.22002020281766,16201500,ORCL
2019-03-25,47.428646087646484,47.60850168444031,46.97000539645563,47.26677330611155,11755900,ORCL
2019-03-26,47.91426467895508,48.14808246157262,47.71642282119317,47.92325951780046,11657600,ORCL
2019-03-27,47.49159622192383,48.247001392074694,47.0419503689894,47.914260990924774,12636000,ORCL
2019-03-28,47.83333206176758,47.93225471372834,47.47361738162298,47.66246784598835,9103100,ORCL
2019-03-29,48.30095672607422,48.32793781002289,47.887283364467876,48.08512863763857,11485700,ORCL
2019-04-01,49.08333969116211,49.146289831947556,48.4268537706418,48.453834852782265,15191700,ORCL
2019-04-02,48.69664764404297,49.01139837146598,48.45383846980566,48.93046198005354,10812100,ORCL
2019-04-03,48.61571502685547,48.912479531389614,48.43585598413961,48.705642832950446,12853400,ORCL
2019-04-04,48.3998908996582,48.69665888015431,48.03118134937682,48.43586339981405,9978800,ORCL
2019-04-05,48.498802185058594,48.73261652018063,48.327937995181934,48.327937995181934,10016300,ORCL
2019-04-08,48.30995559692383,48.49880604770079,47.95923235104493,48.31894700530687,10126700,ORCL
2019-04-09,48.408878326416016,48.6516840889676,48.08513273564603,48.112110391368226,9789000,ORCL
2019-04-10,48.75212860107422,48.92375797431556,48.41789808270991,48.435964876612466,8477300,ORCL
2019-04-11,48.58953857421875,48.950864171657976,48.345641986855476,48.82440004025979,8147600,ORCL
2019-04-12,49.23090362548828,49.23090362548828,48.66181148111515,48.86957451410126,9014000,ORCL
2019-04-15,49.34831619262695,49.45671350395124,49.059254398503235,49.23088376192407,7694900,ORCL
2019-04-16,49.312191009521484,49.601252852900366,49.07732955398451,49.384454747421714,7265200,ORCL
2019-04-17,49.21282958984375,49.528993377296054,49.131530724029076,49.39349411897517,7792200,ORCL
2019-04-18,49.248958587646484,49.384454387430075,48.98699521715367,49.176691404384066,8233000,ORCL
2019-04-22,49.33929443359375,49.393494826876754,48.95990201828072,49.1405665500014,6088100,ORCL
2019-04-23,49.628353118896484,49.80901763901503,49.42962524806629,49.45672372002288,10923400,ORCL
2019-04-24,49.845157623291016,50.16131798961927,49.64642628109066,49.68255987892519,8769800,ORCL
2019-04-25,49.69158172607422,49.88128135423672,49.30315768679963,49.81804929347884,8226100,ORCL
2019-04-26,50.052913665771484,50.12518085136815,49.69158462956632,49.88128426881302,7101600,ORCL
2019-04-29,49.754825592041016,50.12518634408535,49.754825592041016,49.944521806185556,6443000,ORCL
2019-04-30,49.980655670166016,50.02582094341008,49.53802772223946,49.736759059580706,10562300,ORCL
2019-05-01,49.574153900146484,50.061943602427235,49.50188671705959,49.97161306945757,7792700,ORCL
2019-05-02,49.321231842041016,49.72772621160682,49.19476769281823,49.51093151176481,9652200,ORCL
2019-05-03,49.492855072021484,49.70061805468842,49.38445429732565,49.50188674696833,11066500,ORCL
2019-05-06,49.547054290771484,49.68255354242465,48.625671784730756,48.688903849931805,9305400,ORCL
2019-05-07,48.77922439575195,49.357347985396494,48.46306413450522,48.959888878987975,11712400,ORCL
2019-05-08,48.770206451416016,49.167665669712264,48.60760871531996,49.09539847771874,10729800,ORCL
2019-05-09,49.00506591796875,49.09539645835586,47.94818412270483,48.29144293288722,10711800,ORCL
2019-05-10,49.36637878417969,49.65544055370285,48.33659235362929,48.57145719504693,11200300,ORCL
2019-05-13,48.26433563232422,48.734061937379785,48.228202044422574,48.52629897577823,10664700,ORCL
2019-05-14,48.89665603637695,49.33928039496784,48.20110002698865,48.45402823189772,11520800,ORCL
2019-05-15,49.28511047363281,49.51094033632119,48.6347193664054,48.69795145228692,8573000,ORCL
2019-05-16,49.357357025146484,49.81805171406853,49.276058165094895,49.60125360530127,10013800,ORCL
2019-05-17,49.23090362548828,49.610296091143844,48.95087339186885,48.95087339186885,9057100,ORCL
2019-05-20,48.472103118896484,49.10442718264961,48.35467067019788,48.734066486805325,9820200,ORCL
2019-05-21,48.932796478271484,49.02313046039289,48.80633234919059,48.96893007112005,8482000,ORCL
2019-05-22,48.95989227294922,49.27605255611258,48.81536136551902,48.98699074125218,8389700,ORCL
2019-05-23,47.94818115234375,48.52630484514098,47.43328607718914,48.52630484514098,11213900,ORCL
2019-05-24,47.66815185546875,48.300475948273125,47.505554133150795,48.21917708711415,9090700,ORCL
2019-05-28,46.746768951416016,48.12884623512113,46.746768951416016,47.94818515047445,28230400,ORCL
2019-05-29,46.69255828857422,46.80095905058692,46.11443467472737,46.457696862657144,12448700,ORCL
2019-05-30,46.71965789794922,46.99968457128391,46.48479303772642,46.90935405328337,8569500,ORCL
2019-05-31,45.70795440673828,46.39447899249716,45.62665553331656,46.2860816432314,11847100,ORCL
2019-06-03,45.38275909423828,46.14154737629279,45.066595299946776,45.67182096874578,17434400,ORCL
2019-06-04,46.99066162109375,47.18939293265307,45.73504857999951,45.879579503163825,17073200,ORCL
2019-06-05,47.06291580200195,48.092702297039644,46.83708606505206,47.67717296217672,15855300,ORCL
2019-06-06,47.505558013916016,47.64105727554638,46.84613539548628,47.05389840300063,10266900,ORCL
2019-06-07,48.11077117919922,48.255302089641226,47.67717844787321,47.69524524241455,11591800,ORCL
2019-06-10,48.78825759887695,49.14958657667741,48.39079848000726,48.49016412119681,12984600,ORCL
2019-06-11,48.72503662109375,49.33026227960953,48.634706079053444,49.23089661583162,11288400,ORCL
2019-06-12,48.435970306396484,48.824397804123464,48.264340913915085,48.49017069418012,10235400,ORCL
2019-06-13,48.63469696044922,48.76116107395038,48.27336796825562,48.76116107395038,11289100,ORCL
2019-06-14,48.12884521484375,48.62567352475785,48.12884521484375,48.42694220079221,12973000,ORCL
2019-06-17,47.99334716796875,48.37273955507338,47.830749446098466,48.183043361521065,15207900,ORCL
2019-06-18,47.785587310791016,48.417907997419924,47.342959384261476,47.749453715586704,20999700,ORCL
2019-06-19,47.58684539794922,47.99333963885481,47.19841795062705,47.650077452546924,35449500,ORCL
2019-06-20,51.480167388916016,51.91376023069805,50.16131861853654,50.56781298454769,54173900,ORCL
2019-06-21,50.69426727294922,51.6246882955003,50.64007033194842,51.615653174740885,45169000,ORCL
2019-06-24,51.254329681396484,51.76018619602246,50.49554146356846,50.81170178520969,19544200,ORCL
2019-06-25,50.649105072021484,51.65178989188414,50.64007339660441,51.371759711507,25462100,ORCL
2019-06-26,51.18205642700195,51.35368580327199,50.80266408601912,50.97429346228917,15045200,ORCL
2019-06-27,51.281429290771484,51.84148620691432,51.27239416944466,51.489192284729484,12605800,ORCL
2019-06-28,51.46208953857422,51.56145518958201,50.91106434363199,51.398857478094506,42570500,ORCL
2019-07-01,52.401546478271484,52.47381366995666,51.516294055464236,51.624694842992,20413000,ORCL
2019-07-02,52.80803298950195,52.898366965719006,52.18474406010412,52.28410971099845,17569600,ORCL
2019-07-03,53.169368743896484,53.25066760985523,52.73577594074629,52.79900800917095,9989100,ORCL
2019-07-05,53.54875946044922,53.76555757811064,52.69964067854446,52.87127008085492,13838900,ORCL
2019-07-08,53.77458190917969,53.90104602475604,53.304855589975595,53.46745329454196,16105600,ORCL
2019-07-09,53.837825775146484,53.864927695777574,53.30486728126113,53.476500143663365,14348600,ORCL
2019-07-10,54.33464431762695,54.6508046188848,53.973315305427555,54.14494469098341,16059100,ORCL
2019-07-11,54.19011306762695,54.38884092181072,53.65715467315951,54.36174245212403,11150200,ORCL
2019-07-12,54.02751541137695,54.280443651074066,53.56682075091283,54.280443651074066,11234300,ORCL
2019-07-15,53.77458190917969,54.06364372932241,53.521653678026986,54.06364372932241,10721600,ORCL
2019-07-16,53.15785217285156,53.94692014981898,53.13971224167738,53.66575640637629,9698900,ORCL
2019-07-17,52.59553146362305,53.46622745588027,52.59553146362305,53.33017969341081,9090900,ORCL
2019-07-18,52.71343231201172,52.73157224311822,52.24180448275685,52.32343244281707,11882300,ORCL
2019-07-19,52.187374114990234,53.085277974349395,52.16923418876194,52.88574570551245,11663500,ORCL
2019-07-22,52.241783142089844,52.677134391129655,52.19643506276722,52.49573861400251,8761700,ORCL
2019-07-23,52.10575485229492,52.731566842099305,52.10575485229492,52.659010584942926,8141100,ORCL
2019-07-24,52.70436477661133,52.80413266910359,52.042272851698684,52.10576088149591,10778700,ORCL
2019-07-25,52.86761474609375,53.17598662460305,52.677150678148,52.94017100347595,8175900,ORCL
2019-07-26,53.05807113647461,53.19411885665688,52.78597915594732,52.9129551828709,6057200,ORCL
2019-07-29,52.65901184082031,53.32110370491214,52.42319621480317,53.32110370491214,7439300,ORCL
2019-07-30,52.14202880859375,52.74063256668548,52.0876090270082,52.38690917613539,6367200,ORCL
2019-07-31,51.062744140625,52.49576777000644,50.44600023175686,52.49576777000644,11966700,ORCL
2019-08-01,50.681800842285156,51.56156487966942,50.355289051157975,51.06272895870848,10215200,ORCL
2019-08-02,50.64552688598633,50.96296701998914,49.88366710454163,50.96296701998914,12644400,ORCL
2019-08-05,48.7590217590332,49.97436957594283,48.695533724256,49.97436957594283,16204600,ORCL
2019-08-06,48.940406799316406,49.38482640427176,48.62296669566089,49.15808248456421,13149500,ORCL
2019-08-07,48.378082275390625,49.040174097930546,48.04250224694439,48.18761821544851,16344100,ORCL
2019-08-08,49.566219329833984,49.656915508471556,48.722731721122265,48.722731721122265,12460700,ORCL
2019-08-09,48.8859977722168,49.40297370955443,48.541345994045656,49.19436968745663,8471300,ORCL
2019-08-12,48.296451568603516,48.78621923177287,48.069707664525566,48.68645136040458,6580100,ORCL
2019-08-13,48.94948959350586,49.19437349750093,48.069721878394496,48.19669794865007,11014800,ORCL
2019-08-14,47.45296859741211,48.40529239546576,47.38041234014517,48.38715246618959,12489200,ORCL
2019-08-15,47.69784927368164,47.81575707619898,47.12645364899956,47.75226905788291,11257000,ORCL
2019-08-16,48.604835510253906,48.70460340644614,48.078787861181496,48.23297555343447,9913100,ORCL
2019-08-19,48.85877227783203,49.31226005624846,48.759004413006465,49.17621579862584,8273100,ORCL
2019-08-20,48.05157470703125,48.831574403774475,47.97901844631727,48.54134244124275,7577800,ORCL
2019-08-21,48.28738784790039,48.91319983610495,48.22389636577399,48.55040817173732,6113100,ORCL
2019-08-22,48.242042541503906,48.722742078009134,47.969950487915725,48.595766016990524,6744900,ORCL
2019-08-23,46.78180694580078,48.359942681731745,46.48250331252975,48.12413052871869,11374500,ORCL
2019-08-26,47.280643463134766,47.452967597871975,47.00855144939898,47.289711697662966,8582300,ORCL
2019-08-27,47.51645278930664,47.72505676940888,47.362268592645734,47.56180087892235,13853100,ORCL
2019-08-28,47.117393493652344,47.344137443612325,46.81808981898288,47.344137443612325,7499000,ORCL
2019-08-29,47.307857513427734,47.897393166413664,47.24436948431702,47.75227717704087,6858000,ORCL
2019-08-30,47.2171516418457,47.66156775455169,46.93598795637235,47.61621966588499,7920000,ORCL
2019-09-03,47.06296157836914,47.162729444228965,46.7545897474557,47.10830966471346,10128000,ORCL
2019-09-04,48.04250717163086,48.18762315501037,47.3622753508198,47.480179708677056,10558300,ORCL
2019-09-05,48.831573486328125,49.27599311676391,48.64110941321472,48.73180560236267,10414500,ORCL
2019-09-06,48.21481704711914,49.103652614666366,48.196677122087124,49.06737276460233,11636100,ORCL
2019-09-09,49.466453552246094,49.59342959165088,48.477849939946196,48.63203414212698,17803800,ORCL
2019-09-10,50.30994415283203,50.30994415283203,49.103664787931784,49.466456458837754,19976400,ORCL
2019-09-11,51.05366516113281,51.05366516113281,50.02878160766028,50.128549492490066,16749400,ORCL
2019-09-12,48.87691879272461,49.774826237354816,47.97901480793204,49.28505854028379,28184400,ORCL
2019-09-13,48.749942779541016,49.62971029591985,48.369014654822955,48.97668669944586,14736700,ORCL
2019-09-16,48.196693420410156,48.58669329088959,47.87925327459578,48.43250906573349,15204200,ORCL
2019-09-17,47.9517936706543,48.25109724609147,47.48016599592228,48.23295732092828,11111400,ORCL
2019-09-18,47.670650482177734,47.92460260536167,47.035766714379704,47.90646267372879,8911800,ORCL
2019-09-19,48.40528869628906,48.67738069496262,47.51645298870878,47.51645298870878,14855000,ORCL
2019-09-20,48.49599838256836,49.203438417646204,48.45064682352947,48.71367064266699,59517000,ORCL
2019-09-23,48.99482727050781,49.13087154833158,48.12413143702002,48.223895856822374,13863100,ORCL
2019-09-24,48.38715362548828,49.42110885997591,48.17854962357102,49.10366527979396,15354800,ORCL
2019-09-25,48.831573486328125,48.93134137029357,47.96994585007122,48.35087745613586,11607200,ORCL
2019-09-26,48.940406799316406,49.27599029156668,48.495990654198685,49.07645453507599,13324300,ORCL
2019-09-27,49.058311462402344,49.52086750663414,48.63203181352237,49.14900764053802,12391100,ORCL
2019-09-30,49.910884857177734,50.1376288421147,49.022048851405444,49.20344473132275,17445100,ORCL
2019-10-01,48.7952880859375,50.46412337956046,48.749939996512886,49.91993938679018,16443200,ORCL
2019-10-02,48.20576477050781,48.577624707156524,47.77948504075024,48.52320491404766,15923700,ORCL
2019-10-03,48.849708557128906,48.86784848512172,48.01528916864708,48.12412873660394,11268500,ORCL
2019-10-04,50.01063919067383,50.04691904877826,48.83157148098155,48.97668745356156,13659500,ORCL
2019-10-07,49.70226287841797,50.21017046701446,49.65691478975553,49.94714670899999,12352100,ORCL
2019-10-08,49.02204132080078,49.62064521068528,48.768089203831025,49.23971703523065,14771500,ORCL
2019-10-09,49.67796325683594,50.097035467262565,49.24978584276946,49.33177785401939,12803100,ORCL
2019-10-10,50.552547454833984,50.65275682704511,49.51398078799042,49.605084956276,13789000,ORCL
2019-10-11,51.82798767089844,52.228839162426446,50.7529825395144,50.94429612850574,18675200,ORCL
2019-10-14,51.43624496459961,52.11951071644159,51.39069460953068,51.77332523770223,11079600,ORCL
2019-10-15,51.336029052734375,51.76421001057268,51.336029052734375,51.591117281471874,9150100,ORCL
2019-10-16,50.9078483581543,51.02627857178138,50.60720979601885,50.82585633895999,8912300,ORCL
2019-10-17,50.16082000732422,51.23582511884283,50.09704881217222,51.02628722017829,9917700,ORCL
2019-10-18,49.696189880371094,50.34301389155955,49.359113117187796,50.060599634001505,12562900,ORCL
2019-10-21,50.22459030151367,50.37946220831332,49.94217253142854,50.160819107505645,8256600,ORCL
2019-10-22,49.29534149169922,50.49788880257192,49.213349471627495,50.30657524749421,7777100,ORCL
2019-10-23,49.313560485839844,49.769070919174084,49.07669311435551,49.195126800097675,10491000,ORCL
2019-10-24,49.43199920654297,49.78730032493823,49.140472757041266,49.62331626268485,6449200,ORCL
2019-10-25,49.349998474121094,49.57775368984128,49.20423527507092,49.23156826414013,6307000,ORCL
2019-10-28,49.7781867980957,49.81462847209748,49.44111000175253,49.513989874486775,7280200,ORCL
2019-10-29,49.9239387512207,50.388561301706844,49.70529570709542,49.851058894935115,8333900,ORCL
2019-10-30,49.96949005126953,50.27012858677593,49.60508381233678,50.27012858677593,6284900,ORCL
2019-10-31,49.64152145385742,49.96948599972483,49.413766269765205,49.85105580619006,8260600,ORCL
2019-11-01,50.106143951416016,50.24279846139093,49.696183896759806,49.93305125068053,7313600,ORCL
2019-11-04,50.516117095947266,50.78942271144825,50.34302087509006,50.34302087509006,8757000,ORCL
2019-11-05,50.71652603149414,50.87140137391196,50.57076284318425,50.79851804212274,10759300,ORCL
2019-11-06,50.743865966796875,50.91695869059466,50.652761789585654,50.75297464688349,10572100,ORCL
2019-11-07,50.99895477294922,51.59111980852832,50.889633226860674,50.98073393605625,9677700,ORCL
2019-11-08,51.46357345581055,51.46357345581055,50.80763727933751,50.998950839052476,5869600,ORCL
2019-11-11,51.40890884399414,51.57289288139674,51.18115362263151,51.199374457372784,5018000,ORCL
2019-11-12,51.55467224121094,51.791536143203636,51.39979688296007,51.500009736780825,6184900,ORCL
2019-11-13,51.20848846435547,51.52734789259559,51.17204679108187,51.20848846435547,6802300,ORCL
2019-11-14,51.09916305541992,51.31780960325708,50.68920295026835,50.84407831233404,9056100,ORCL
2019-11-15,51.3997917175293,51.527337548381816,51.26314068309013,51.38157435981891,7216900,ORCL
2019-11-18,51.19026565551758,51.52734590740785,50.98073125517095,51.52734590740785,6923300,ORCL
2019-11-19,51.26314163208008,51.88263606375774,51.254029477787654,51.44534648997385,7199500,ORCL
2019-11-20,51.23582458496094,51.58201007638748,50.844085261526644,51.217603747211726,9117000,ORCL
2019-11-21,51.226707458496094,51.55467555562381,51.126494598232725,51.21759877813993,8067100,ORCL
2019-11-22,51.37247085571289,51.982856699843026,51.24492847865353,51.39980037214872,6346900,ORCL
2019-11-25,51.527347564697266,51.63666910855314,51.27225932867459,51.43624338209302,7977700,ORCL
2019-11-26,51.48180389404297,51.8006633831707,51.399811851155256,51.70045050016684,12076900,ORCL
2019-11-27,51.572898864746094,51.846204467035655,51.36336445381512,51.83709578624269,5790000,ORCL
2019-11-29,51.144718170166016,51.463577603994736,51.09916781541028,51.31781438361482,6479400,ORCL
2019-12-02,50.49789047241211,51.436240919052736,50.45234012092578,51.22670652200041,14314000,ORCL
2019-12-03,49.73262405395508,50.09703375265337,49.614190380587864,49.75995356501349,11963700,ORCL
2019-12-04,49.56864929199219,50.015051082481506,49.35911489246262,50.015051082481506,11436800,ORCL
2019-12-05,49.81462097167969,49.9512754909761,49.4684320713259,49.650636938631514,10557400,ORCL
2019-12-06,49.95128631591797,50.224591938470056,49.75086057092066,50.133487747439666,9088600,ORCL
2019-12-09,50.38856887817383,50.54344076811019,49.88750458657019,49.9603879290831,11996700,ORCL
2019-12-10,50.853187561035156,50.935179582982414,50.3156850783296,50.470560442127315,10719700,ORCL
2019-12-11,51.299591064453125,51.47268379425728,50.69831737507079,50.83496843272593,12159600,ORCL
2019-12-12,51.44534683227539,51.61843953702844,50.79851940868529,51.290471485691185,15413200,ORCL
2019-12-13,49.659751892089844,50.47056348027353,49.577759865206964,50.10615369962313,21427700,ORCL
2019-12-16,49.18601989746094,50.08792864189487,48.921823002518096,49.74173972697904,19951000,ORCL
2019-12-17,48.138336181640625,49.24978259978267,48.129227503332004,49.094907266389406,19778400,ORCL
2019-12-18,48.63941192626953,48.839837663680875,48.23856392671625,48.33877679542193,14123100,ORCL
2019-12-19,48.50275421142578,48.830718815972055,48.320549336498566,48.55741324121569,11910100,ORCL
2019-12-20,48.83072280883789,49.14958223485075,48.60296756537266,49.1131405618317,27423700,ORCL
2019-12-23,48.930938720703125,49.258906847770554,48.83983800774858,48.87627968303818,10591500,ORCL
2019-12-24,48.68496322631836,49.15869458512196,48.61208335010907,48.994710519564194,3331700,ORCL
2019-12-26,48.80338668823242,48.88537870379652,48.53918980749602,48.694065159236544,6702000,ORCL
2019-12-27,48.70317459106445,49.01292182406218,48.59385306037961,48.88537945905173,7262000,ORCL
2019-12-30,48.01080322265625,48.73051058417444,47.93791988086094,48.64851856228922,5936100,ORCL
2019-12-31,48.26588821411133,48.28410904965291,47.87414893813979,47.89236977368138,7094500,ORCL
2020-01-02,49.14958190917969,49.158690589739486,48.49364570025998,48.53008737303757,13899600,ORCL
2020-01-03,48.97649383544922,49.24069079406242,48.23856895312448,48.27501063195452,11026700,ORCL
2020-01-06,49.2315788269043,49.37734205722835,48.602972072475325,48.6120842292097,10982400,ORCL
2020-01-07,49.340885162353516,49.4957605016429,48.83982442986382,49.09490913543636,12015400,ORCL
2020-01-08,49.53306198120117,49.96314530252601,49.13957904479027,49.35919531722471,11856700,ORCL
2020-01-09,49.76182174682617,50.14615189773719,49.441543130329926,49.64286091837116,10671000,ORCL
2020-01-10,49.82588577270508,50.00890165937257,49.61541872479565,49.917391970669975,9734800,ORCL
2020-01-13,49.94485092163086,50.13701604834029,49.7435330798945,49.83503928573575,10858900,ORCL
2020-01-14,50.219364166259766,50.493886226068845,49.871634362108324,49.88993629819391,12627200,ORCL
2020-01-15,50.10954666137695,50.49388029253656,50.036342416374204,50.21935826498654,9090800,ORCL
2020-01-16,50.72265625,50.74095818646769,50.2651183105201,50.3108714063206,9866000,ORCL
2020-01-17,50.44813537597656,50.96057564622522,50.1919117501147,50.905673326262885,11166600,ORCL
2020-01-21,50.530487060546875,50.65859711470715,50.2559615265038,50.310867331459846,8773000,ORCL
2020-01-22,50.07295227050781,50.92397310116901,49.963140653770154,50.704353358431085,6380500,ORCL
2020-01-23,50.31085968017578,50.329161612377774,49.67030601605274,49.789266829997345,6583200,ORCL
2020-01-24,49.478153228759766,50.512189964702635,49.304290065848356,50.38407989826923,6426000,ORCL
2020-01-27,48.21535110473633,48.97486582754731,48.160448781175475,48.663739861330654,8259100,ORCL
2020-01-28,48.91995620727539,49.12127401997004,48.18789619393688,48.37091206995588,8620300,ORCL
2020-01-29,48.682037353515625,49.3591915476683,48.66373541708752,49.212779546980904,6332500,ORCL
2020-01-30,48.78269958496094,48.80100152263704,47.840168993698924,48.33431083874064,7176200,ORCL
2020-01-31,47.995731353759766,48.94741112160039,47.84931935030256,48.81014834116159,8884700,ORCL
2020-02-03,48.58137893676758,48.87420294108522,48.21534718600178,48.25195105922585,8892500,ORCL
2020-02-04,49.45070266723633,49.9265425559864,49.18532981742114,49.18532981742114,9769800,ORCL
2020-02-05,50.09126281738281,50.35663220993935,49.94485079396824,50.02720428457208,9612900,ORCL
2020-02-06,50.063804626464844,50.64945267875132,50.063804626464844,50.32917749101269,8832000,ORCL
2020-02-07,50.07295227050781,50.30172123593851,49.5879596900933,49.66116743458507,7864800,ORCL
2020-02-10,50.32002258300781,50.39322683590525,49.82588078568502,50.07295168434642,7198200,ORCL
2020-02-11,50.46643829345703,50.82331734309664,50.42983441894589,50.484736739975,8466600,ORCL
2020-02-12,50.99718475341797,51.14359677290507,50.557948694956664,50.832470795152744,7541100,ORCL
2020-02-13,50.612857818603516,50.91483110133037,50.33833220973059,50.612857818603516,8480100,ORCL
2020-02-14,50.75926208496094,51.09783919585678,50.54879504355338,50.67690511304167,7496800,ORCL
2020-02-18,50.7409553527832,51.02462662534683,50.42067671859112,50.71350070424618,7185700,ORCL
2020-02-19,50.7318115234375,51.03378827506372,50.68605842218022,50.86907431794721,6819200,ORCL
2020-02-20,50.79585266113281,51.1252804852054,50.21935745974269,50.69519726221011,6114600,ORCL
2020-02-21,50.036354064941406,50.64030406244705,49.81673429733127,50.402385847379044,9078600,ORCL
2020-02-24,48.17874526977539,48.98400951064511,48.05063171756954,48.590526612856266,10992500,ORCL
2020-02-25,46.63226318359375,48.70033650199173,46.48585119128801,48.56307373200755,12202600,ORCL
2020-02-26,47.629695892333984,48.62712867910324,46.88848670972398,46.952541738079475,16413100,ORCL
2020-02-27,46.46756362915039,48.91996787689666,46.449261688108905,46.559073334357834,16161100,ORCL
2020-02-28,45.25965118408203,45.65313408302156,43.832135076987356,45.058336868644574,24426000,ORCL
2020-03-02,46.577362060546875,46.577362060546875,44.53673984761193,45.50672150317928,17328500,ORCL
2020-03-03,44.70145797729492,47.437536555738106,44.15241381321836,46.32114279927974,21830500,ORCL
2020-03-04,46.24794006347656,46.293693163534094,44.683161002639736,45.616535414174216,14813700,ORCL
2020-03-05,43.923641204833984,45.46096892626217,43.69487224022548,45.04918409181937,15843000,ORCL
2020-03-06,43.34714126586914,44.19816207048692,42.51442239681422,42.615081297041286,24581400,ORCL
2020-03-09,42.10264587402344,43.53016571272603,40.8672946512482,41.132667533121925,25949300,ORCL
2020-03-10,44.45439910888672,44.756372410067534,42.23991310702793,43.42036212695825,27067700,ORCL
2020-03-11,40.922203063964844,43.447811487197534,40.51041813334588,42.83471219440566,24139200,ORCL
2020-03-12,36.420021057128906,39.714296476169345,36.33766408438446,37.62792099688912,24123800,ORCL
2020-03-13,43.859588623046875,43.91449443428422,39.73259431625213,40.6751248767699,28339400,ORCL
2020-03-16,39.092041015625,43.53015744489555,37.756027635793394,38.899872436196866,27493700,ORCL
2020-03-17,42.88045883178711,43.65827197950141,38.122063276170536,39.91561126928568,25588900,ORCL
2020-03-18,43.255645751953125,43.74063494645752,38.945638349435505,39.961369843272195,29557000,ORCL
2020-03-19,41.24246597290039,43.89618718573091,41.05945011499188,42.52357348752281,20159100,ORCL
2020-03-20,41.77322006225586,42.73404914722458,40.730030508366944,41.19672121497948,26340800,ORCL
2020-03-23,40.43721008300781,42.54188782652048,40.16268796146995,41.17842295282439,23063700,ORCL
2020-03-24,43.77724075317383,43.93280201458229,41.45294662195177,41.48040127864726,19323700,ORCL
2020-03-25,42.03858947753906,44.60080502711178,41.61765536238332,43.10007748008798,25625800,ORCL
2020-03-26,46.193023681640625,46.43094533269219,42.267347855922594,42.44121448339958,22417900,ORCL
2020-03-27,45.598236083984375,47.217917437238974,44.43608921318523,44.9210783477339,20025300,ORCL
2020-03-30,46.083229064941406,47.20877215405326,45.37862010852413,46.119832943629106,20611900,ORCL
2020-03-31,44.225624084472656,46.83358924860411,43.92364733350067,46.77868343277161,15802000,ORCL
2020-04-01,44.573341369628906,44.82956496726927,42.130090659763454,42.59677778172818,17918200,ORCL
2020-04-02,45.57077407836914,45.6531310398839,44.015144522388816,44.08835226184067,16434400,ORCL
2020-04-03,45.20474624633789,45.79954342623826,44.79296143518399,45.11323657122748,13362500,ORCL
2020-04-06,47.11726760864258,47.474146711580296,46.074077973705556,46.1198345690468,13845800,ORCL
2020-04-07,46.449256896972656,47.88592944926421,46.40350379445743,47.72121548761901,14063000,ORCL
2020-04-08,47.92952346801758,48.43520543233675,46.78024468214649,46.87218558208797,15710700,ORCL
2020-04-09,48.8949089050293,49.29945370848579,47.837571192998084,48.03065266283226,15521200,ORCL
2020-04-13,48.701839447021484,48.858139679973455,48.17776859592755,48.45359480587375,12694800,ORCL
2020-04-14,49.648841857910156,49.74078275471887,49.143159910821446,49.382208346916336,11674600,ORCL
2020-04-15,48.876529693603516,49.1431632225657,48.554733025766836,48.92250014510581,10398100,ORCL
2020-04-16,49.37301254272461,49.52931275889462,48.79377510890598,48.86733062756493,14098300,ORCL
2020-04-17,50.218902587890625,50.31084702763692,49.621279512487604,50.12696165546608,13608800,ORCL
2020-04-20,49.56609344482422,50.18210867434457,49.46495635435667,49.694812102757325,10358900,ORCL
2020-04-21,47.175594329833984,49.04202185544341,47.00090171908451,48.940884766550624,14111700,ORCL
2020-04-22,48.05824661254883,48.34326904066009,47.59853505532987,47.837583521862555,9668300,ORCL
2020-04-23,47.78240966796875,48.720221455338184,47.304309334761584,48.0214580809123,10330200,ORCL
2020-04-24,48.73860168457031,48.77537943877962,47.77320843415384,48.18694940070938,9403500,ORCL
2020-04-27,49.069618225097656,49.3178629252704,48.78459926022337,49.060425535752614,9123200,ORCL
2020-04-28,48.913307189941406,49.78675979298548,48.848947856726426,49.556904029411804,8350500,ORCL
2020-04-29,49.53851318359375,49.90628028633988,49.363820565517905,49.602872514257335,9064100,ORCL
2020-04-30,48.701839447021484,49.28107343571232,48.54553570674896,49.161550966038654,11808800,ORCL
2020-05-01,47.616920471191406,48.21454334766664,47.17559782927535,48.1593802095025,8702400,ORCL
2020-05-04,47.58013916015625,47.61691692107074,46.98251282091698,47.54336139924177,7567900,ORCL
2020-05-05,47.855960845947266,48.60069465139521,47.800797717090376,48.012264561455105,7271800,ORCL
2020-05-06,47.681278228759766,48.26970839854215,47.53417068631417,48.20534906792973,7050000,ORCL
2020-05-07,48.36165237426758,48.65586747787779,48.058244583122345,48.177770565001715,7154700,ORCL
2020-05-08,49.25349807739258,49.446576097968475,48.51796025568368,48.90411629683548,8130800,ORCL
2020-05-11,49.21671676635742,49.4925464985471,48.78459030008036,48.84894963563909,8138600,ORCL
2020-05-12,48.05824661254883,49.49254793370749,48.03985772938157,49.464962855296186,8598800,ORCL
2020-05-13,47.48820114135742,48.26051663073603,47.14801209327504,48.20534998602308,10274300,ORCL
2020-05-14,48.64667892456055,48.757008720960535,46.761862160839534,47.01929952154651,13794000,ORCL
2020-05-15,48.65586853027344,49.639654469192074,48.288101396466445,48.45359783424186,39055700,ORCL
2020-05-18,48.86734390258789,49.60288175238853,48.793788363947264,49.56610398306822,9901900,ORCL
2020-05-19,48.12259292602539,48.95926759343257,48.10420404783491,48.894908273425855,9805100,ORCL
2020-05-20,48.637481689453125,48.97766724248867,48.40762592250357,48.812170809699346,9115900,ORCL
2020-05-21,48.01226806640625,48.67425021225433,47.92032366606606,48.508753798962246,7464000,ORCL
2020-05-22,48.38003921508789,48.39842809670263,47.883553440772104,48.12260188712263,7211700,ORCL
2020-05-26,48.527137756347656,49.35461973886677,48.40761530901037,49.32703817522276,11200600,ORCL
2020-05-27,48.913307189941406,48.95927764119202,48.33406968368598,48.72942187761834,9228100,ORCL
2020-05-28,49.299461364746094,49.78675795046631,48.93169426103099,49.4281800264124,9465400,ORCL
2020-05-29,49.4373779296875,49.59367816502237,48.72022907142993,49.29946306895154,14734800,ORCL
2020-06-01,48.78459930419922,49.088007155358476,48.53635460380271,48.986870035864925,7363200,ORCL
2020-06-02,48.98686599731445,48.99606219323102,48.39843572221367,48.95009173561148,8756300,ORCL
2020-06-03,49.179935455322266,49.29945791432115,48.72022397736282,49.032827922668055,9188700,ORCL
2020-06-04,48.59150695800781,49.363822462977765,48.38923627128467,48.940888700268665,9696000,ORCL
2020-06-05,49.630462646484375,49.897096209425854,48.49037987172664,48.81217658057251,12210100,ORCL
2020-06-08,50.66020202636719,50.67859090584063,48.98685257480548,49.05121189930246,11519500,ORCL
2020-06-09,49.81434631347656,50.62343966372399,49.53852007123704,50.5682730123477,8852500,ORCL
2020-06-10,49.749977111816406,50.25565904023324,49.55689913125511,50.10855150637888,7436700,ORCL
2020-06-11,47.175594329833984,49.24429603322898,47.1020388079773,48.9592736470148,12805700,ORCL
2020-06-12,47.681278228759766,48.7294199070997,46.87218499164876,48.22373794915049,11537200,ORCL
2020-06-15,48.95927810668945,49.12477453862166,46.8078279988914,46.85379845057909,16038100,ORCL
2020-06-16,50.19130325317383,50.56826655446887,49.44656933764536,50.07177727744989,19380200,ORCL
2020-06-17,47.3686637878418,49.409783556819555,47.35027491068744,48.75699069345876,28692600,ORCL
2020-06-18,49.36382293701172,49.64884534887216,47.18479126208322,47.44222859710514,19259500,ORCL
2020-06-19,50.0166130065918,50.071776142351936,48.711030512248364,49.84192039049686,33051200,ORCL
2020-06-22,50.6786003112793,50.92684496926227,49.53851763089911,49.73159564022338,16705900,ORCL
2020-06-23,50.742958068847656,51.460110449813335,50.68779492922615,50.84409516791465,18695000,ORCL
2020-06-24,50.05338668823242,51.19347274760101,49.9522531047233,50.67859460670545,18287400,ORCL
2020-06-25,50.13614273071289,50.19130938178018,49.225915785688734,50.016620247715174,16008700,ORCL
2020-06-26,49.81434631347656,50.19130966291213,49.308664284817276,49.970646564727936,17969400,ORCL
2020-06-29,50.34760284423828,50.53148814901669,49.510928039450974,49.8603097677979,14366900,ORCL
2020-06-30,50.81652069091797,50.972820951422385,50.10856440595529,50.384390664523835,18885900,ORCL
2020-07-01,51.01877975463867,51.37735413494254,50.27404592124746,50.283238607295196,17856800,ORCL
2020-07-02,51.43252182006836,51.883040637342354,51.16589181323318,51.29461047321991,15478900,ORCL
2020-07-06,52.039344787597656,52.25081518188123,51.63479989610181,51.671577660961624,15309700,ORCL
2020-07-07,51.77271270751953,52.361142892658414,51.689964493526844,51.80948696360029,13232100,ORCL
2020-07-08,52.09450912475586,52.11289800637031,51.47849737361418,52.066927555994454,12582200,ORCL
2020-07-09,52.8944091796875,53.142653834557784,52.24161962835493,52.39792337726767,15692600,ORCL
2020-07-10,52.76568603515625,52.885212008624734,52.122089226052694,52.83924155954315,12615800,ORCL
2020-07-13,52.41631317138672,53.179436082985795,52.37953891029601,52.7748911524197,15965600,ORCL
2020-07-14,52.81333923339844,52.89643728455723,52.14855482412807,52.32398247784172,15510300,ORCL
2020-07-15,52.277809143066406,53.40424842553537,52.05621672424667,53.01645640937885,10570800,ORCL
2020-07-16,51.53916549682617,52.15778504729096,51.31757306244195,52.09315010493497,8779300,ORCL
2020-07-17,50.68972396850586,51.81615985254822,50.5604576008238,51.77923012678744,14344800,ORCL
2020-07-20,51.151371002197266,51.262167206450755,50.49581828184019,50.671249420901695,11469300,ORCL
2020-07-21,51.62225341796875,52.01927693405119,51.31756299989825,51.5206887712294,11875100,ORCL
2020-07-22,51.71459197998047,51.8715565128018,51.42836813177688,51.42836813177688,13842400,ORCL
2020-07-23,51.4837646484375,52.03775276816309,51.336035187606974,51.705360600757366,12576000,ORCL
2020-07-24,51.382205963134766,51.742296320995656,51.02211208312553,51.21600987148384,8939700,ORCL
2020-07-27,51.09598159790039,51.65920132820923,51.077514973053546,51.391440551152805,10319600,ORCL
2020-07-28,51.10520553588867,51.4652993835346,50.96671115339226,51.01287594755773,13030100,ORCL
2020-07-29,51.42837142944336,51.613034147248314,51.1052107927476,51.29910858362441,7242700,ORCL
2020-07-30,51.01287841796875,51.225239299132376,50.68048624844371,50.78205091381505,7633200,ORCL
2020-07-31,51.19753646850586,51.21600308981611,50.16343033016686,50.782046294394874,9355800,ORCL
2020-08-03,51.686893463134766,51.78845812684705,51.23447353478677,51.502230758398625,9164900,ORCL
2020-08-04,51.705360412597656,51.71459196292614,51.27140358204738,51.50223108388933,6364300,ORCL
2020-08-05,51.24370574951172,52.00081967881373,51.13290953409265,52.00081967881373,6629000,ORCL
2020-08-06,51.04057312011719,51.33603202356795,50.72664759493225,51.234470887251966,8169600,ORCL
2020-08-07,50.99440383911133,51.00363891023966,50.560447071918496,50.79127454005976,8772300,ORCL
2020-08-10,50.72665786743164,51.354509044945715,50.67126151315895,51.003653727389775,10046900,ORCL
2020-08-11,50.108036041259766,51.20677371535634,49.98800475046237,51.00364790263953,8075100,ORCL
2020-08-12,50.01569747924805,50.50505413976986,49.83103830999985,50.33885806972817,9068200,ORCL
2020-08-13,49.87720489501953,50.043400971034714,49.56327936500731,49.775640234993816,8260300,ORCL
2020-08-14,50.04340362548828,50.37579579514973,49.646380036409134,49.88643909108229,5454400,ORCL
2020-08-17,49.849510192871094,50.21883209249658,49.54481619158552,50.04340445433559,9523700,ORCL
2020-08-18,50.94826126098633,52.56405424238584,50.66203380773614,51.35451651405021,21102600,ORCL
2020-08-19,51.89002227783203,52.44400686441837,51.20677133370399,51.31757106873974,16751500,ORCL
2020-08-20,51.02210998535156,51.52993331237709,50.865148973105995,51.326803981566876,10974800,ORCL
2020-08-21,50.95748519897461,51.197547807025735,50.53276338122096,51.132916379200125,9552000,ORCL
2020-08-24,51.71459197998047,51.80692509403659,51.18830555737911,51.48376447806239,7892100,ORCL
2020-08-25,51.78845977783203,52.397844257384406,51.72382835743619,51.84385964766343,7427000,ORCL
2020-08-26,53.08110046386719,53.08110046386719,51.76076670762679,52.01929241470091,11597600,ORCL
2020-08-27,52.79486846923828,53.96747264492305,52.24088385304548,53.044162603169525,15834700,ORCL
2020-08-28,53.44119644165039,53.69972217578466,52.822576763637585,52.933376525822815,8613800,ORCL
2020-08-31,52.831809997558594,53.33039482142548,52.66561388222002,52.748711939889304,18683500,ORCL
2020-09-01,53.23805236816406,53.56120944661266,52.70253442071382,52.970291633364944,10169500,ORCL
2020-09-02,54.502986907958984,54.77074764706011,53.29345309020572,53.29345309020572,14342800,ORCL
2020-09-03,52.721004486083984,54.46606350671046,52.30551776522614,54.216769360906675,15387400,ORCL
2020-09-04,51.4560661315918,52.87796438393309,50.92977971076321,52.51787404569755,14697200,ORCL
2020-09-08,51.07752227783203,51.51147921842323,50.662031964728655,51.10522045798924,16472800,ORCL
2020-09-09,52.58250427246094,52.997994469526446,51.576096249412515,51.8530885400735,13993200,ORCL
2020-09-10,52.9333610534668,53.718173101059925,52.39783959255069,53.03492218922695,20500900,ORCL
2020-09-11,52.62866973876953,57.115956880039896,52.50863845316385,56.05414897645109,40220600,ORCL
2020-09-14,54.9000129699707,56.78356625698126,54.79844830417873,56.192648407444196,50107400,ORCL
2020-09-15,56.26650619506836,56.94975709700658,54.8353764996339,55.40782767337811,30385600,ORCL
2020-09-16,55.79561996459961,56.68199666182118,55.07543933837558,56.43270255532488,21223300,ORCL
2020-09-17,55.5648078918457,55.96183155800332,54.47530157850372,54.86309017029551,22831200,ORCL
2020-09-18,55.16777420043945,55.66636246112302,54.872315273104356,55.380135084327286,49311700,ORCL
2020-09-21,56.155723571777344,57.79921452721717,55.426307701070264,57.66995166853971,32560400,ORCL
2020-09-22,55.9710578918457,56.091089192368415,54.90001830494321,55.7494654378099,13306000,ORCL
2020-09-23,54.43836212158203,55.8510289559129,54.3829657702955,55.500170135121415,15513500,ORCL
2020-09-24,54.752281188964844,55.306269291057,53.81973965755774,54.23522985358984,9560500,ORCL
2020-09-25,55.21394348144531,55.38937465527449,54.43836285366748,54.72459025370819,9371900,ORCL
2020-09-28,55.01081848144531,55.89719534877117,54.9092538049947,55.42630521652716,9356300,ORCL
2020-09-29,54.90924835205078,55.54633100177079,54.84461693202766,55.010813018415185,6340600,ORCL
2020-09-30,55.121612548828125,55.75869523684522,54.81691853141879,54.955416452450024,11001500,ORCL
2020-10-01,55.1031494140625,55.64790253732197,54.89078850460863,55.55556941007115,7357700,ORCL
2020-10-02,54.318328857421875,54.955411487886174,54.022866417770175,54.207529121746944,7329800,ORCL
2020-10-05,54.99235153198242,55.09391268568524,54.55839465230784,54.88155178260898,6899200,ORCL
2020-10-06,54.94618225097656,55.88795897134462,54.85385265025652,54.94618225097656,9743600,ORCL
2020-10-07,56.16988754272461,56.45727394694964,55.28919046588969,55.40970780139187,8690900,ORCL
2020-10-08,56.44799041748047,56.82808021366828,56.20695933011668,56.35528696920437,7202800,ORCL
2020-10-09,56.68903350830078,56.90225430031027,56.42018851717172,56.68903350830078,7355700,ORCL
2020-10-12,56.976409912109375,57.31942046323042,56.61486149979097,56.772461611248474,8275000,ORCL
2020-10-13,56.52216720581055,57.27307448031439,56.4387326712645,57.078395078510475,8896300,ORCL
2020-10-14,56.51288986206055,57.04130735646327,56.41091393570033,56.87443830176659,6651100,ORCL
2020-10-15,56.1049919128418,56.30894377363166,55.69709172767248,55.873229720638925,6251600,ORCL
2020-10-16,55.89176559448242,56.65194522683766,55.8639517294089,56.28112434141118,6070800,ORCL
2020-10-19,55.2706413269043,56.318207325792876,55.05742055481371,55.984469235073675,8311000,ORCL
2020-10-20,55.39116287231445,55.92885284537204,55.27991801238922,55.548759462507675,9241200,ORCL
2020-10-21,55.31699752807617,55.73417017521913,54.89982841734357,55.011073277778245,10114900,ORCL
2020-10-22,55.33553695678711,55.50240600970128,54.40848823455734,55.10377477622967,11900600,ORCL
2020-10-23,55.530216217041016,55.77124731291785,55.354074708121416,55.530216217041016,9739300,ORCL
2020-10-26,53.29603576660156,54.21381207580078,52.40606625266145,53.86153255020803,18876900,ORCL
2020-10-27,52.91594696044922,53.75028875480255,52.860322759594794,53.435092022781824,10806500,ORCL
2020-10-28,51.53463363647461,52.470951199539854,51.479009445401566,52.16502698966285,13910600,ORCL
2020-10-29,51.933265686035156,52.61927970517492,51.117461885589286,51.17308607757762,13573700,ORCL
2020-10-30,52.01670837402344,52.50804310297349,51.404856311712074,51.68297024250624,12602300,ORCL
2020-11-02,52.3318977355957,53.27748779626039,52.02596997931742,52.322625268575756,11413200,ORCL
2020-11-03,52.656368255615234,53.30530308744005,52.44314746763472,52.84177871276666,8911200,ORCL
2020-11-04,52.368980407714844,53.85225685051872,52.239190624610764,53.768822329585376,12054900,ORCL
2020-11-05,52.526573181152344,53.44435284499795,52.304079962628954,53.26821134888076,9017100,ORCL
2020-11-06,52.656368255615234,52.82323731341049,52.05378869038603,52.628557924786136,7510400,ORCL
2020-11-09,52.69344711303711,54.77003771227254,52.628553988349445,53.94496141648212,11486600,ORCL
2020-11-10,52.535858154296875,53.06427926760622,52.10014758693106,52.758351440764535,9015900,ORCL
2020-11-11,53.02719497680664,53.425826265591795,52.65637402189603,52.89740870351114,7724400,ORCL
2020-11-12,52.3318977355957,53.296029193890284,52.00742858168753,53.08280488935148,7324000,ORCL
2020-11-13,52.758338928222656,52.925207969394855,52.424600845878274,52.73052860016395,5870300,ORCL
2020-11-16,52.980831146240234,53.407272671545094,52.73052758928045,52.86031383294628,6309200,ORCL
2020-11-17,52.953033447265625,53.20333708063554,52.665650544679075,52.84178856679377,5569700,ORCL
2020-11-18,52.14649963378906,53.11063132020128,52.13723070098605,52.953031171263305,8998800,ORCL
2020-11-19,52.3318977355957,52.35970806383555,51.50682499132034,51.99815965107758,9643100,ORCL
2020-11-20,51.636619567871094,52.32263370878882,51.61807816725027,52.24847164271608,8395800,ORCL
2020-11-23,51.98889923095703,52.4431511698147,51.701512825264004,51.77567489151379,8235900,ORCL
2020-11-24,53.37019348144531,53.67612125052611,52.248465400969344,52.47095510901888,10427200,ORCL
2020-11-25,53.22186279296875,53.54632840552633,53.08280408106696,53.50924914724114,6848900,ORCL
2020-11-27,53.546329498291016,53.64830541757878,52.98083278149438,53.21259494845383,5627000,ORCL
2020-11-30,53.50925064086914,53.954233580401954,53.02718490560608,53.40727472081599,26676900,ORCL
2020-12-01,54.45484161376953,54.95544521876358,53.7780929579398,53.954234472365385,11855300,ORCL
2020-12-02,54.770042419433594,54.94618041066526,53.89861432203077,54.03767305054707,9330400,ORCL
2020-12-03,54.9461784362793,55.60438218326306,54.7514990524802,54.89982670724288,9783900,ORCL
2020-12-04,55.58583450317383,56.132793331381855,54.946172227368436,54.98325502097132,10872700,ORCL
2020-12-07,55.43751525878906,55.80833617814299,55.27991866673039,55.585842919248556,14922900,ORCL
2020-12-08,54.72368621826172,55.3540796469977,53.972778999039676,54.68660695617925,15237800,ORCL
2020-12-09,55.37261962890625,55.539488681442194,54.51046403627392,54.593898562541895,12204100,ORCL
2020-12-10,55.1408576965332,55.44678547302656,54.732957530952305,55.168668026610696,14219900,ORCL
2020-12-11,56.18843078613281,56.54997926808668,55.08524040268206,56.49435506455121,16209900,ORCL
2020-12-14,56.32748031616211,57.16182560309234,56.2625871867798,56.39237698195475,16193600,ORCL
2020-12-15,57.34722900390625,57.653153213866844,56.45726316495375,56.633401132118344,15506700,ORCL
2020-12-16,58.20012664794922,58.58021654137072,57.33797092006935,57.35651232174976,16119900,ORCL
2020-12-17,58.96957015991211,59.37747386357621,58.15376628899415,58.394800938688434,15320500,ORCL
2020-12-18,60.313785552978516,60.564092660244086,58.802698733369354,58.849050460621825,33728700,ORCL
2020-12-21,59.77610778808594,60.434311565898184,59.21987640436583,59.229145336043146,18210200,ORCL
2020-12-22,60.39723587036133,61.18522600280279,59.72975954595202,59.85027335398417,17136000,ORCL
2020-12-23,60.536285400390625,61.37062360605662,60.39722667517277,60.499202602144486,13075200,ORCL
2020-12-24,60.22109603881836,60.805134302934405,60.05422695295351,60.304534118161705,3796500,ORCL
2020-12-28,60.13764572143555,60.8978252967574,60.02639734230811,60.63825281827963,6463500,ORCL
2020-12-29,59.7575569152832,60.508464080911224,59.53506721302677,60.489926219398235,7770200,ORCL
2020-12-30,59.70193862915039,60.17473545394133,59.655583364296625,60.07275952951935,6192000,ORCL
2020-12-31,59.97079086303711,60.04494939382959,59.34039737796289,59.646318115432344,6928600,ORCL
2021-01-04,59.09934997558594,59.980043342172664,58.56166007440976,59.970777948332184,11249900,ORCL
2021-01-05,58.36697769165039,59.136429709783364,57.921994798049624,59.03445380025637,11005700,ORCL
2021-01-06,58.22740173339844,58.953265605784495,57.61320840677732,57.94822359401478,8685400,ORCL
2021-01-07,58.69269943237305,59.3162007045358,58.4879671415222,58.4879671415222,7382800,ORCL
2021-01-08,58.98118591308594,59.13008115744128,58.54380457969221,58.7950659701561,7751700,ORCL
2021-01-11,58.65547561645508,59.15799840158928,58.47866362166016,58.58102976862558,6284700,ORCL
2021-01-12,58.08781433105469,58.64617419285341,57.86447322628948,58.62756184246583,7758200,ORCL
2021-01-13,57.752803802490234,58.24601867259923,57.66904999908088,57.99475726237118,8298000,ORCL
2021-01-14,57.32472229003906,57.85516181959412,57.24096849327023,57.76210362315882,10258600,ORCL
2021-01-15,57.49222946166992,57.69696175225634,56.96178993600749,57.32472186936151,7532600,ORCL
2021-01-19,57.036231994628906,57.96682803219854,56.859416475527695,57.79001251309733,8903400,ORCL
2021-01-20,57.28749465942383,57.72487239311221,56.90595041730209,57.110679136283494,7025000,ORCL
2021-01-21,56.961788177490234,57.557369131781165,56.691914448220125,57.37125274602213,6943600,ORCL
2021-01-22,56.1707878112793,56.905959669266196,55.59381915498431,56.71053176718291,9896700,ORCL
2021-01-25,56.67330551147461,56.71983460780097,55.621730894774906,56.18939509980698,8524700,ORCL
2021-01-26,57.51083755493164,57.73418217812927,56.61746616202584,56.8221984374618,8186500,ORCL
2021-01-27,58.20878982543945,58.79506640755001,57.110686058921175,57.138606358031076,14789000,ORCL
2021-01-28,56.971092224121094,58.85089670104592,56.9245595809264,58.20878314435866,11166400,ORCL
2021-01-29,56.23591613769531,57.2316535661517,56.031183883265854,56.91525078655253,11451800,ORCL
2021-02-01,57.240970611572266,57.70626871085325,56.524414662629184,56.69191871242299,10553500,ORCL
2021-02-02,58.041282653808594,58.55310984194873,57.51084311610701,57.585292514352766,10528000,ORCL
2021-02-03,57.855159759521484,58.39490721946665,57.678347772613165,57.86446770879917,9933500,ORCL
2021-02-04,58.95326614379883,58.990490842707736,57.92961177340252,58.143648467214746,9928700,ORCL
2021-02-05,59.1859130859375,59.62329440773326,58.88812260512327,59.09285489191151,9170200,ORCL
2021-02-08,58.729915618896484,59.43716703487614,58.47865426652497,59.362721198956116,7003400,ORCL
2021-02-09,59.25105667114258,59.418564266391655,58.54380514115745,58.70200833664499,5437400,ORCL
2021-02-10,58.87881851196289,59.46509507721536,58.56241568070915,59.40925803054379,9577500,ORCL
2021-02-11,58.34836959838867,59.5302269380702,57.9575174345061,59.148682722105455,7690800,ORCL
2021-02-12,58.70200729370117,58.7392284420287,57.98544782674276,57.99475222633899,6663400,ORCL
2021-02-16,57.827239990234375,58.86950660850048,57.79001529495358,58.72991932611097,7526000,ORCL
2021-02-17,57.78070831298828,57.836545353413264,57.10137362922417,57.538754904364396,6244500,ORCL
2021-02-18,57.762107849121094,57.892390753639276,57.38056353591376,57.520154390722034,6262400,ORCL
2021-02-19,56.88734436035156,58.03197721328258,56.84081526225374,57.938915467144305,10905100,ORCL
2021-02-22,59.97690963745117,60.46082353562443,57.95751801208327,58.48795745054129,20940300,ORCL
2021-02-23,60.023433685302734,60.693463848468795,59.60466838326547,59.948984311643606,18175400,ORCL
2021-02-24,60.20956039428711,60.62833286836618,59.632595398719545,60.014136079670585,10609300,ORCL
2021-02-25,60.76792907714844,61.754358685911555,60.0978987391641,60.15373223403449,15356100,ORCL
2021-02-26,60.03276824951172,61.67992054771234,60.023460298706574,60.99128128574183,20512600,ORCL
2021-03-01,61.57752990722656,62.098668446833386,60.27469420803456,60.44220175650044,11758900,ORCL
2021-03-02,62.033546447753906,62.74079445180169,61.41934954436517,61.558940395124935,13282000,ORCL
2021-03-03,62.266178131103516,62.85245102090225,61.60544876179742,61.65198139903316,15827600,ORCL
2021-03-04,61.056419372558594,62.63843012760145,60.777237662898884,62.05215705717903,19951100,ORCL
2021-03-05,65.11382293701172,66.74236642924842,62.63843342086656,62.63843342086656,34211500,ORCL
2021-03-08,67.15181732177734,67.87768113663822,65.23478454675907,65.57910765632231,23300500,ORCL
2021-03-09,67.59850311279297,68.13825057853377,67.00292215055661,67.37516202692561,17296400,ORCL
2021-03-10,67.11459350585938,68.51048766039142,66.5376213660276,68.39881357207032,21378600,ORCL
2021-03-11,62.731502532958984,63.37360917805581,60.8889186603436,62.95484366604107,38095400,ORCL
2021-03-12,62.49883270263672,63.15955503110373,61.83810327428546,62.31270923694473,11606300,ORCL
2021-03-15,63.02927780151367,63.07580334719145,62.25688132443664,62.30340687011442,8919600,ORCL
2021-03-16,62.210357666015625,63.345686222863655,62.052158008064254,63.280544769596276,14512500,ORCL
2021-03-17,61.62407684326172,62.21034984900028,61.568243347444245,62.16382430244739,11892400,ORCL
2021-03-18,62.10797882080078,62.35924373198282,61.50308996411877,61.856721009503204,13750300,ORCL
2021-03-19,61.66130828857422,62.191747856545966,61.38212657916348,62.15452315529882,30963600,ORCL
2021-03-22,61.717132568359375,61.90324894689871,61.289059217811115,61.624074379089706,10263700,ORCL
2021-03-23,62.601192474365234,63.224697216952976,61.726437024861056,61.726437024861056,12390100,ORCL
2021-03-24,62.191741943359375,62.73148941029521,62.10798459854548,62.45230772742906,11391100,ORCL
2021-03-25,63.8668098449707,63.959875137877304,62.126599625823566,62.312716011866726,14844700,ORCL
2021-03-26,65.3743667602539,65.48604083238617,63.54109156708104,63.810965249821166,12617000,ORCL
2021-03-29,66.19332122802734,67.3100411992037,65.29994951101864,65.33717422004658,15183700,ORCL
2021-03-30,65.65357971191406,66.11887791795205,65.09521618475874,65.91414557131338,12000200,ORCL
2021-03-31,65.2999267578125,66.16538141646173,65.0579768832672,65.79314155577345,9971700,ORCL
2021-04-01,66.82611846923828,66.8447343712967,65.44883991214333,65.56981487597753,13228700,ORCL
2021-04-05,69.01300811767578,69.70164722308999,67.05875068627897,67.179732719583,25010200,ORCL
2021-04-06,69.12467956542969,69.46900269031025,68.08241644126807,68.51048981010373,14699800,ORCL
2021-04-07,69.22750091552734,69.33030997972602,68.64803229282616,68.78822711951574,12356800,ORCL
2021-04-08,70.35836791992188,70.59202350261587,69.30224725316188,69.4143973692694,13507700,ORCL
2021-04-09,70.63876342773438,70.7415724632369,70.00321990399286,70.4237971360646,13285700,ORCL
2021-04-12,71.1434555053711,71.20887878433096,70.28359752826647,70.33033149778178,10634900,ORCL
2021-04-13,71.65751647949219,71.97529188670092,70.93786018032152,71.18086406458644,13142400,ORCL
2021-04-14,71.79768371582031,72.30238060586596,71.50795308899124,72.00330175960951,12730700,ORCL
2021-04-15,73.17160034179688,73.41460420152089,71.8070522735999,71.96593639585613,13604200,ORCL
2021-04-16,73.78844451904297,74.15294672851614,72.76970940297792,73.190286681415,13334100,ORCL
2021-04-19,73.60153198242188,74.9660801641377,73.21833328210882,73.65760705832925,19967200,ORCL
2021-04-20,74.05949401855469,74.2277263744846,73.50807009837614,73.55479695076492,12562300,ORCL
2021-04-21,71.64817810058594,74.15296003862214,71.52667258854929,73.6389218427765,18672800,ORCL
2021-04-22,69.97518920898438,71.47993200587273,69.86303194185967,71.13411911352442,16769300,ORCL
2021-04-23,70.06864166259766,70.09667919337853,69.02186201962614,69.43309815268691,10664700,ORCL
2021-04-26,69.62937927246094,70.1340763000412,69.34898965804831,70.06865300742547,9402200,ORCL
2021-04-27,70.30233001708984,70.4985999546104,69.36770719235982,69.52659136121841,9300200,ORCL
2021-04-28,69.88172149658203,70.3490327486487,69.77891958128289,70.24623083334954,6107800,ORCL
2021-04-29,70.9098129272461,70.93785046185766,69.76022409394432,70.45184275991073,7940400,ORCL
2021-04-30,70.83503723144531,70.95653558445511,70.27426518051806,70.62007092777806,7825300,ORCL
2021-05-03,72.27435302734375,72.41454781564464,71.10607500917489,71.29299663984064,15319600,ORCL
2021-05-04,73.3958969116211,73.55478101039894,71.90050247776428,72.03134904506406,15316500,ORCL
2021-05-05,74.01274871826172,74.61090647234109,73.29308549092684,73.8071306533089,12271900,ORCL
2021-05-06,74.52679443359375,74.73241251974535,73.42393962381992,74.00340812746502,14089700,ORCL
2021-05-07,75.14366149902344,75.27450809785623,73.44264858359237,74.59223043485254,14073400,ORCL
2021-05-10,74.91000366210938,75.44273826490158,73.46133576350718,73.62021989595642,17356700,ORCL
2021-05-11,72.61082458496094,74.67633946220135,72.19958840159231,74.53614466054351,12980400,ORCL
2021-05-12,71.73226928710938,73.0781278265367,71.52665121796319,72.49865937081593,12302600,ORCL
2021-05-13,73.03141784667969,73.31180751137562,71.8537912378043,72.4612974242419,11399300,ORCL
2021-05-14,73.73238372802734,73.88192678169462,73.01272739141803,73.01272739141803,9033400,ORCL
2021-05-17,73.90997314453125,74.33055055461725,73.69500676187447,73.72304430513272,6637900,ORCL
2021-05-18,73.54544067382812,74.27444502213974,73.26505109496834,73.82582312208471,6643100,ORCL
2021-05-19,73.5921630859375,73.62020061601484,72.47996731945423,72.7229640005263,8165000,ORCL
2021-05-20,73.573486328125,74.13425841715076,73.53610057144274,73.78844551579294,8802700,ORCL
2021-05-21,73.86322021484375,74.62961043337394,73.81649336492862,74.01276324802247,8629000,ORCL
2021-05-24,74.1903305053711,74.6576417492133,73.96602310489587,74.29313954946467,7044700,ORCL
2021-05-25,73.67627716064453,74.47070468456728,73.50804486247011,74.40528140919957,7160600,ORCL
2021-05-26,74.07820129394531,74.18101036707749,73.4146199959322,73.45199863106598,12851100,ORCL
2021-05-27,73.81648254394531,74.81652825726427,73.68562884379403,74.30248306932326,12867800,ORCL
2021-05-28,73.5921630859375,74.17163151974589,73.52673980555613,73.78843292708162,6929700,ORCL
2021-06-01,74.367919921875,74.61092379419954,73.34918471159122,74.37726814443486,10485300,ORCL
2021-06-02,75.02216339111328,75.63901781553389,74.31185525042994,74.48942872029801,12249300,ORCL
2021-06-03,75.7885513305664,76.13436429663112,74.44269949119588,74.58289432233592,12038700,ORCL
2021-06-04,77.47086334228516,78.47090919515514,76.05024019012193,76.09696703970772,14502900,ORCL
2021-06-07,78.45221710205078,78.74194780327251,77.4334748409549,77.51759457619592,10445600,ORCL
2021-06-08,79.07841491699219,79.4709546785883,78.5082945882246,78.53633212396657,10726800,ORCL
2021-06-09,78.99429321289062,79.28403104642227,78.53633016909446,79.06906472674422,9720300,ORCL
2021-06-10,76.91944122314453,78.93822228899877,76.3680101927657,78.6578397932269,16680800,ORCL
2021-06-11,77.4802017211914,77.79796992818002,76.4894970857373,76.62035078752457,11066500,ORCL
2021-06-14,77.21852111816406,77.66713596918616,76.7605509140482,77.57367513610694,10173200,ORCL
2021-06-15,76.30258178710938,77.11570594465931,76.03154040125939,76.63904646398494,17298000,ORCL
2021-06-16,72.04071807861328,73.41461456278832,70.9378630280365,72.89122101177557,36560600,ORCL
2021-06-17,72.48931884765625,72.65755118294874,71.55469634727655,71.95658430766397,14836100,ORCL
2021-06-18,71.24628448486328,71.88182814298828,71.00328061042013,71.87247992034693,22521200,ORCL
2021-06-21,72.89120483398438,72.99401387669015,71.5453533186969,71.60142838540783,8924300,ORCL
2021-06-22,73.53610229492188,74.01276179053713,72.58279043429553,72.95663374867189,9845800,ORCL
2021-06-23,72.99402618408203,73.71368960436357,72.95664042310334,73.61088054432335,7295900,ORCL
2021-06-24,72.65755462646484,73.797795271865,72.53605626267459,73.50806456480908,9624000,ORCL
2021-06-25,73.33049011230469,73.47068493181331,72.48932832585773,72.92860209936919,12845000,ORCL
2021-06-28,73.36788177490234,73.80715558375084,73.20899762762681,73.35853355135517,5605400,ORCL
2021-06-29,72.99402618408203,73.45198927751268,72.73233298783595,73.4052624242429,5392900,ORCL
2021-06-30,72.75102233886719,73.09683528013693,72.50802558829312,72.51736668058881,7899800,ORCL
2021-07-01,74.33987426757812,74.41464577868356,72.81644216447471,72.88186545404102,13108000,ORCL
2021-07-02,76.47081756591797,76.882053774068,74.16229870206455,74.25575953193385,15258100,ORCL
2021-07-06,77.6484375,78.16247558663252,76.0408856903927,76.26519308945772,14200400,ORCL
2021-07-07,80.46166229248047,81.47105648811404,77.53629590040335,77.73256580556458,20976600,ORCL
2021-07-08,79.99431610107422,81.20932789572525,79.1251242414971,79.46158169616457,16383300,ORCL
2021-07-09,82.02246856689453,82.62062636705939,80.17191297034464,80.26537378963225,15685300,ORCL
2021-07-12,81.38694763183594,83.0412266978522,81.28413856286599,81.80752500081817,16076800,ORCL
2021-07-13,81.3775863647461,82.18136234025904,80.87288932449815,81.03177344903797,12789300,ORCL
2021-07-14,82.81282806396484,83.17867483386287,81.29315906805212,81.68714679611045,13330500,ORCL
2021-07-15,80.89915466308594,83.27247061407975,80.21436757207901,82.64396543277034,18306300,ORCL
2021-07-16,82.07177734375,83.00047219330945,81.1618479100715,81.37760725124741,14617500,ORCL
2021-07-19,81.59334564208984,82.42822751169425,80.85226935707666,81.52768101718524,15619900,ORCL
2021-07-20,83.16929626464844,83.53514302125718,81.63085475766731,81.70590208130672,12813900,ORCL
2021-07-21,84.13551330566406,84.6608302948456,82.98168388224639,83.38505432948426,13108100,ORCL
2021-07-22,85.0735855102539,85.49571422152358,84.1261326401577,84.42631480652685,13638900,ORCL
2021-07-23,82.2593765258789,85.55199771076838,81.72467680857063,85.35500383143454,12680900,ORCL
2021-07-26,82.41885375976562,82.64398861862365,81.30254785820989,82.02486596753705,10454100,ORCL
2021-07-27,82.36257934570312,83.11303132930674,81.72469122334023,82.32505567298662,8465200,ORCL
2021-07-28,81.78096008300781,82.50327098585517,81.72467816138293,82.45637177013697,6396800,ORCL
2021-07-29,82.20309448242188,82.79408332790199,81.92167769796727,82.25000085828503,6201400,ORCL
2021-07-30,81.7434310913086,82.6908839327512,81.49015530358803,81.99671403593634,7962800,ORCL
2021-08-02,82.17493438720703,82.48449921924968,81.69651666104171,82.29688807329403,5579100,ORCL
2021-08-03,84.18241119384766,84.58578163473778,82.37193556244414,82.43760018505847,9889800,ORCL
2021-08-04,84.47322845458984,84.51074496632394,83.75091035781847,84.22932818687022,7509900,ORCL
2021-08-05,83.89161682128906,84.91410988628837,83.26311151581751,84.59516945912044,8231300,ORCL
2021-08-06,83.97602844238281,84.31373423581236,83.31938226455121,83.71336997125017,6513900,ORCL
2021-08-09,84.33251190185547,84.86721162634858,83.58205288362659,83.91975872613882,5798700,ORCL
2021-08-10,84.08861541748047,84.53889227998734,83.42258640847226,83.58205663100073,5473300,ORCL
2021-08-11,84.07923889160156,84.82031529165327,83.96667503538156,84.33252188191351,8009800,ORCL
2021-08-12,84.24807739257812,84.40755475640255,83.17867800033414,83.59143115415014,5687200,ORCL
2021-08-13,84.78276824951172,85.68331463557072,84.37939784312947,85.00791021370634,6640400,ORCL
2021-08-16,85.19552612304688,85.21428437599184,83.99479754117627,84.29497968664393,7122800,ORCL
2021-08-17,85.3174819946289,86.09608197981434,84.77340671681125,85.35500566153145,6738500,ORCL
2021-08-18,83.4319839477539,85.41131307098593,83.35693659784245,84.88598877851497,7666300,ORCL
2021-08-19,83.21620178222656,83.85408976770157,82.765932120072,82.8222140386145,8099400,ORCL
2021-08-20,83.4319839477539,83.86349547438095,82.8316194622807,83.30065466386347,8716400,ORCL
2021-08-23,83.6008071899414,84.02293585855278,83.21619502604096,83.94788853531757,7147300,ORCL
2021-08-24,83.06610107421875,84.09797663925313,82.99105375682197,83.68522355047693,6320100,ORCL
2021-08-25,83.13175964355469,83.39441807844054,82.59706007056405,83.06609503483322,5748500,ORCL
2021-08-26,83.22557830810547,83.65708968434181,82.98167808435215,83.31000117965083,9093200,ORCL
2021-08-27,83.81656646728516,83.97603667512011,83.12239656025093,83.29124947351951,5426800,ORCL
2021-08-30,83.91036987304688,84.4075530514221,83.76966507973106,83.91975257823695,5357000,ORCL
2021-08-31,83.61018371582031,83.95727222216372,83.00981943672832,83.9103658553663,8113300,ORCL
2021-09-01,84.37939453125,84.58577107854157,83.3662843597646,83.73213109108832,8208000,ORCL
2021-09-02,84.23868560791016,84.89533171977591,83.87283889459839,84.58576691407954,7717400,ORCL
2021-09-03,84.42631530761719,84.87659213829708,83.76966905132092,83.80718556004577,8456900,ORCL
2021-09-07,83.22557830810547,85.05481209398853,83.05672540810805,84.46383052245093,11046000,ORCL
2021-09-08,83.92913818359375,84.05108472765035,82.5220329465564,82.68150315576287,8851200,ORCL
2021-09-09,83.99480438232422,85.20491576768103,83.87285783598251,84.05108630265,11034700,ORCL
2021-09-10,84.12612915039062,84.94225273615216,83.96665894669574,84.09798819172765,10547400,ORCL
2021-09-13,83.38505554199219,84.90473177024575,82.76593296101228,84.53888498218778,18883400,ORCL
2021-09-14,81.03988647460938,81.56520351240454,79.48269361675605,80.85227529165621,22714200,ORCL
2021-09-15,82.29688262939453,82.88786414127752,80.83348859149869,81.1899597649031,14951100,ORCL
2021-09-16,81.84662628173828,82.52203798183322,80.85227414376948,82.24061405449108,12410500,ORCL
2021-09-17,81.03988647460938,82.14680963061194,80.62713328382296,80.87103354718838,58069000,ORCL
2021-09-20,80.83350372314453,81.99671587097211,79.67029873222428,79.76410431655688,13897700,ORCL
2021-09-21,81.53707122802734,82.23124842402741,80.78661925944186,81.3682182826366,11124400,ORCL
2021-09-22,82.9629135131836,83.48823042565188,81.83722521330077,82.1936963955381,9908000,ORCL
2021-09-23,83.88223266601562,84.48259700070471,83.16930449163947,83.43196299345252,9720200,ORCL
2021-09-24,84.37003326416016,84.48259710398484,83.43196309544824,83.74152081187353,7617800,ORCL
2021-09-27,85.40191650390625,85.65519232261903,83.62896430219268,84.21994598379453,11533000,ORCL
2021-09-28,84.8859634399414,86.5557271140439,84.47321745245205,85.02667538979537,15041800,ORCL
2021-09-29,85.59889221191406,86.37749207243068,85.36437469900471,85.50508663813163,12007300,ORCL
2021-09-30,81.73405456542969,85.90847128103107,81.72467901633254,85.59890639504047,15649900,ORCL
2021-10-01,84.18241119384766,84.67958721605726,82.17494169460112,82.32503635023795,13320900,ORCL
2021-10-04,83.73213195800781,84.82967216334231,83.45070808934992,83.9385085074361,10853900,ORCL
2021-10-05,85.82404327392578,86.27432013302506,83.6477206282463,83.81657355579505,9788600,ORCL
2021-10-06,85.68331909179688,85.83341374239943,84.09798549702191,84.8202963215528,10268300,ORCL
2021-10-07,86.59324645996094,87.12794611721839,85.97412393114496,86.03040584551731,9124400,ORCL
2021-10-08,88.85244750976562,89.44548488928228,86.70620878564479,86.9603656106368,13202300,ORCL
2021-10-11,89.69965362548828,91.12106896069949,88.67359656413343,88.75832029813313,12959300,ORCL
2021-10-12,89.9632339477539,90.85749781693117,89.6714228880484,90.20798264591555,9964100,ORCL
2021-10-13,90.7445297241211,91.29991291264174,90.32092543859228,90.46212686710189,9453900,ORCL
2021-10-14,89.69024658203125,91.63880646272108,88.83363690939764,91.12107739384257,7911200,ORCL
2021-10-15,89.73731231689453,90.4056581509893,89.17251372854157,89.51138713611039,7422800,ORCL
2021-10-18,90.84810638427734,90.97989251175625,89.52082258091863,89.89735745163208,7344100,ORCL
2021-10-19,91.36580657958984,91.5729010519125,90.66922195779793,91.30932888052114,5616500,ORCL
2021-10-20,90.97044372558594,92.22241865823321,90.60332433658452,91.56348108124917,6574100,ORCL
2021-10-21,90.650390625,91.1492960751713,90.09500029883404,90.90454743066753,6224400,ORCL
2021-10-22,92.48600006103516,92.50482356772076,90.57509454219596,90.64098758830063,6819600,ORCL
2021-10-25,92.14713287353516,93.14494405431334,91.82708294075891,92.66486915514899,5083100,ORCL
2021-10-26,91.29049682617188,92.77779782286456,91.25284263638439,92.53305636194945,7089700,ORCL
2021-10-27,90.39624786376953,91.59174533810851,90.36800901004256,91.13048678788748,5941200,ORCL
2021-10-28,90.58450317382812,91.96825703948572,90.30210032184739,90.97986142115886,5177200,ORCL
2021-10-29,90.3115234375,91.2810956339764,89.8596802718063,90.170321999358,7578600,ORCL
2021-11-01,88.84303283691406,90.39623419324604,88.40061222575795,90.3679953437896,7327600,ORCL
2021-11-02,90.24563598632812,90.29269834742459,88.01467323440241,88.23118307721873,6229600,ORCL
2021-11-03,90.50920867919922,91.1869698825244,89.19134047071181,90.83867393587008,5746400,ORCL
2021-11-04,90.01972198486328,90.9422319949976,89.72791089166995,90.58452784263787,5857500,ORCL
2021-11-05,89.37960052490234,90.88573966093188,88.57946859751394,90.55626723629813,6160200,ORCL
2021-11-08,89.55845642089844,89.6620036663435,88.77714799865069,89.6620036663435,5056400,ORCL
2021-11-09,89.04072570800781,90.00088982854292,88.54182013913163,89.53022311348175,6102600,ORCL
2021-11-10,88.32530212402344,89.28545889591122,87.88287433965645,88.57945894599868,5828800,ORCL
2021-11-11,88.52298736572266,89.20074851356505,88.29706937704299,88.5888804116627,3620600,ORCL
2021-11-12,88.05233001708984,88.92777039538622,87.94878276511254,88.75833009049647,6435300,ORCL
2021-11-15,88.5041732788086,88.72068314568338,87.46870785617482,88.31590944989507,5700900,ORCL
2021-11-16,90.0008773803711,90.71629269921895,88.50415369895276,88.61711628039288,7392900,ORCL
2021-11-17,89.73731231689453,90.49979005208084,89.25723028498285,90.1420859552115,6257600,ORCL
2021-11-18,89.10662841796875,89.73732011003793,88.01467816142721,89.5678798006368,5725300,ORCL
2021-11-19,88.45710754394531,91.27169261530697,88.42886868886411,89.24782421343643,8936600,ORCL
2021-11-22,89.0595474243164,90.05735846152415,87.92995029471533,88.23117667472917,6488200,ORCL
2021-11-23,87.48751068115234,88.75830907604876,86.8474038122101,88.63593834441365,8905500,ORCL
2021-11-24,88.0899887084961,88.20294412964692,86.74388154594763,86.81918994791785,10908500,ORCL
2021-11-26,86.91329956054688,88.56063272652327,86.66855090783993,87.44044387548247,4519300,ORCL
2021-11-29,87.48751068115234,88.60769231544944,87.42161764384075,87.70401329726083,9552500,ORCL
2021-11-30,85.41658020019531,88.03348558126837,85.2942094586944,87.56281893915299,23271200,ORCL
2021-12-01,84.48467254638672,86.96979214479462,84.39995598775648,86.3108616383243,12084900,ORCL
2021-12-02,84.7105941772461,85.6989971610641,83.7786760834033,84.15521089541987,7089800,ORCL
2021-12-03,83.0632553100586,85.46365829801645,82.57376511321972,85.04946931328867,10808600,ORCL
2021-12-06,83.72222137451172,83.93872410317876,82.69616390944402,83.15741541042725,8398500,ORCL
2021-12-07,84.76708221435547,85.40718926400756,83.97635836158314,84.70118915844148,6803700,ORCL
2021-12-08,83.72222137451172,84.8800578009113,82.75264881493617,84.76710235353934,7695800,ORCL
2021-12-09,83.56217193603516,84.71059995926106,83.06326632832662,83.8916444076658,8615800,ORCL
2021-12-10,96.60904693603516,100.10139308508009,94.22747451707006,98.17166387064073,45824600,ORCL
2021-12-13,94.97111511230469,98.23754277971378,94.62281920934012,96.43018458542848,16317600,ORCL
2021-12-14,94.02979278564453,95.50768593690972,93.5591260854734,94.13334003422649,9511600,ORCL
2021-12-15,97.5692138671875,97.6727611215909,94.35926334429077,94.6793204529388,14452200,ORCL
2021-12-16,97.16442108154297,97.89865988156626,96.27956551135958,97.8515903454405,9053200,ORCL
2021-12-17,90.9516372680664,94.0862720861644,90.1891523172391,91.95886373623205,28872300,ORCL
2021-12-20,86.26378631591797,90.76335851183607,86.15082373017569,90.76335851183607,17205400,ORCL
2021-12-21,86.14141845703125,86.45205301008572,84.44701552308122,86.42381415815383,15823000,ORCL
2021-12-22,84.58822631835938,86.4708932612442,84.25876103971542,85.91550277855487,10539000,ORCL
2021-12-23,84.45642852783203,85.05888129170056,83.83514507532819,84.74823956544863,9655400,ORCL
2021-12-27,84.28699493408203,85.0306491945705,83.79749753593073,84.43760454611042,7666200,ORCL
2021-12-28,83.44921875,84.53175374429311,83.3268407949221,84.43761464598555,5610500,ORCL
2021-12-29,83.03501892089844,83.95752881921051,82.57376756264438,83.30800647058463,5628500,ORCL
2021-12-30,82.84674835205078,83.69394978508264,82.62082318204004,83.44920110847269,7382400,ORCL
2021-12-31,82.09367370605469,82.93145974274088,82.0654348570118,82.88439738827036,5908200,ORCL
2022-01-03,82.74320983886719,82.78086403784067,80.72875687551205,82.2066500716521,10644400,ORCL
2022-01-04,83.6280517578125,84.32464361096856,82.58317834168548,82.74320328830099,11959000,ORCL
2022-01-05,81.3876953125,83.4021484716248,81.16177727850787,83.29860120983574,11236700,ORCL
2022-01-06,81.5766372680664,82.59705562986487,80.83022774200087,81.25539845517567,7918400,ORCL
2022-01-07,82.6821060180664,83.14507087158965,81.51996151483303,81.68058094443529,9836800,ORCL
2022-01-10,84.35444641113281,84.44892799762225,82.15299012436233,82.55926743390158,11025500,ORCL
2022-01-11,83.59858703613281,84.08989561405544,82.58761891652787,83.74975613376937,7249800,ORCL
2022-01-12,83.43794250488281,84.58118604278692,82.8332518271233,83.98594568425283,5840300,ORCL
2022-01-13,82.9466552734375,84.01431094790753,82.71989801332985,83.83479808754383,6044300,ORCL
2022-01-14,82.85218048095703,83.2395571984074,81.87900631763674,82.65376696102139,6054800,ORCL
2022-01-18,80.83023071289062,82.171887936892,80.63181001706819,82.07740635365636,6824700,ORCL
2022-01-19,78.77994537353516,81.90733847122617,78.63822659972075,81.03808914376138,10501800,ORCL
2022-01-20,78.15636444091797,80.31057639558337,77.9673940537208,79.29015793016822,10836900,ORCL
2022-01-21,77.68397521972656,78.78942532206233,77.5044550940789,78.76108155664124,11609000,ORCL
2022-01-24,77.8729248046875,77.8729248046875,75.19905287211222,76.73913113576786,16770400,ORCL
2022-01-25,76.59739685058594,77.57057096617014,75.77539184390159,76.84305476209221,13469900,ORCL
2022-01-26,75.19905853271484,77.50444733600499,74.90616337470122,77.39107228566932,13971300,ORCL
2022-01-27,75.37857055664062,76.67299084087387,74.830567177171,75.69036632859583,10331900,ORCL
2022-01-28,76.03996276855469,76.05885620705918,74.23533303077416,75.5769906276201,7854700,ORCL
2022-01-31,76.68243408203125,77.13594860982636,75.69980966049725,76.04939227390527,10594200,ORCL
2022-02-01,76.56905364990234,76.90919315800451,75.2557400191404,76.90919315800451,8016900,ORCL
2022-02-02,77.94850158691406,78.30753451432102,76.38007979188114,76.6824324151501,9287600,ORCL
2022-02-03,77.41939544677734,78.19415598800663,77.12649315822078,77.12649315822078,8207200,ORCL
2022-02-04,77.58001708984375,78.33588421888959,76.97532627000035,77.50442893524253,5570200,ORCL
2022-02-07,76.28559875488281,77.71229457023139,76.21001780700044,77.60836265734937,6292200,ORCL
2022-02-08,76.33283996582031,76.39897779775647,75.39745999744233,75.86042482099545,6585300,ORCL
2022-02-09,78.84608459472656,79.03505497728341,77.14539440261308,77.23987598964999,8755900,ORCL
2022-02-10,77.33435821533203,79.1578809732873,77.11705128420087,78.18470692265267,6336300,ORCL
2022-02-11,75.3502197265625,77.8823653298509,75.14235589809739,77.32491168001415,7670500,ORCL
2022-02-14,74.59434509277344,75.33131874031703,74.11248685706916,75.189592761617,5389800,ORCL
2022-02-15,75.36910247802734,75.52027877129386,74.83999986855937,75.01006959424299,5712800,ORCL
2022-02-16,74.82111358642578,75.37856000203301,73.9046270442401,75.08566491644163,6227000,ORCL
2022-02-17,71.36304473876953,74.6227142078803,71.1740815268578,74.41485034968673,9247100,ORCL
2022-02-18,70.45600128173828,71.55200798468684,70.18199960600114,71.3346938251423,7790100,ORCL
2022-02-22,70.03083801269531,70.7772549594719,69.55842277107604,69.74738598432994,8039000,ORCL
2022-02-23,68.47185516357422,70.27647734533417,68.3584729289283,69.98358224976974,6807100,ORCL
2022-02-24,70.6827392578125,70.80557178734014,66.35542276906801,67.02625129197713,11240500,ORCL
2022-02-25,72.13778686523438,72.591308548916,70.21978264513947,70.53157835214043,8291800,ORCL
2022-02-28,71.77877044677734,72.46849263859265,70.88117719410025,71.40083682504405,9234400,ORCL
2022-03-01,71.8165512084961,72.27951602478946,71.44806797798952,71.78820745360835,8752100,ORCL
2022-03-02,73.96131896972656,74.50932230517125,72.04331450415367,72.23227769159082,8527200,ORCL
2022-03-03,73.93297576904297,74.67939261946093,73.15821516114441,74.6038044605236,8203000,ORCL
2022-03-04,72.27006530761719,73.61172976897579,71.59923668117932,73.38496531415066,8841300,ORCL
2022-03-07,70.21979522705078,72.17559387193072,69.38834706788616,72.08111227337535,11110100,ORCL
2022-03-08,69.28441619873047,71.07959543247036,69.07655235366278,69.76627452122302,9134100,ORCL
2022-03-09,71.90159606933594,72.70470051311054,70.56938887831865,70.78669584587148,8959500,ORCL
2022-03-10,72.42124938964844,72.61021258048315,70.89062159334603,70.95675943098654,13812600,ORCL
2022-03-11,73.52668762207031,75.49193621478476,69.9174364606825,72.46847517788194,22795800,ORCL
2022-03-14,72.81806945800781,74.2636586343756,71.27799869525,73.62117375504737,13306200,ORCL
2022-03-15,76.15332794189453,77.04147081462145,72.81807782075967,73.74401477407963,16847200,ORCL
2022-03-16,75.54863739013672,76.74857602648805,73.46056308577144,76.53126186427636,14071300,ORCL
2022-03-17,76.15332794189453,76.80526321727781,74.88725868020481,75.37856731094672,10462400,ORCL
2022-03-18,77.1737289428711,77.466623990257,74.49040749883267,75.23682420171879,24176000,ORCL
2022-03-21,76.49346923828125,77.45720029461435,75.84153394773143,76.79581468157548,8131300,ORCL
2022-03-22,77.2871322631836,77.69340963750474,76.37064559028585,76.96588616771649,9292300,ORCL
2022-03-23,75.95490264892578,76.9186335334198,75.79428323767101,76.76745723448634,7451100,ORCL
2022-03-24,77.70283508300781,78.25083833929364,76.049382202081,76.20055849698021,7025700,ORCL
2022-03-25,77.22097778320312,78.26973270552533,76.74856266873188,77.51387284746087,5682300,ORCL
2022-03-28,78.98780822753906,79.09174013272984,77.23042336874586,77.23042336874586,6626700,ORCL
2022-03-29,79.63976287841797,79.84762673960499,78.5248626117204,79.82872609305095,5762000,ORCL
2022-03-30,78.76106262207031,79.70589302088739,78.5343053447297,79.32795941966378,5533100,ORCL
2022-03-31,78.16581726074219,79.28071735114887,78.03353438123452,78.52485019516746,9433300,ORCL
2022-04-01,77.48553466796875,78.76105412710069,76.97532544261935,78.4587087204288,6147500,ORCL
2022-04-04,79.4319076538086,79.64922186190107,77.47610861491776,77.71231626313399,7882400,ORCL
2022-04-05,78.36424255371094,79.8570692381546,78.10913428659201,78.79886371080056,5143400,ORCL
2022-04-06,77.58948516845703,77.92017440991509,76.88086227598197,77.40051473870612,5492400,ORCL
2022-04-07,77.34284973144531,77.7886583330922,76.62196758332091,77.06777618496781,7112200,ORCL
2022-04-08,76.77375030517578,77.61793845505991,76.12875188582434,77.50411265046232,6182500,ORCL
2022-04-11,75.65446472167969,76.9539412072132,75.59754821896918,76.47967802582274,5738400,ORCL
2022-04-12,75.24661254882812,76.8211628503937,74.95256439894456,75.83469437522876,6174700,ORCL
2022-04-13,75.64498901367188,75.84417871195168,74.58263671949658,75.18021305101897,4728600,ORCL
2022-04-14,75.36042785644531,76.2235904487884,75.23712201611755,75.72087255948217,5590400,ORCL
2022-04-18,74.19374084472656,75.86314944027497,73.89969995792184,75.07587074182334,4955900,ORCL
2022-04-19,75.46475982666016,75.67343679739166,74.21270523895342,74.22219252944548,5412400,ORCL
2022-04-20,76.15718841552734,77.64637463059346,75.68292519752308,75.68292519752308,9472600,ORCL
2022-04-21,75.3888931274414,77.39976477527713,75.2466126980779,77.29542627618943,5616100,ORCL
2022-04-22,72.2872085571289,75.59756423844321,72.23978657095003,75.18969752655129,9357100,ORCL
2022-04-25,73.01757049560547,73.09344711296383,70.85492407553276,72.27771377372967,7305900,ORCL
2022-04-26,70.67471313476562,72.70455931159769,70.64625849699333,72.41999846050858,7555200,ORCL
2022-04-27,70.9118423461914,72.10698051195821,70.58933957684597,70.7411072886986,7279200,ORCL
2022-04-28,72.22079467773438,72.68557055631995,70.7600632512124,71.63270574393515,6177900,ORCL
2022-04-29,69.62183380126953,71.9646949852178,69.38470221968257,71.46196995344093,7946900,ORCL
2022-05-02,70.19096374511719,70.76007822003825,68.79662857771649,70.12456717698778,7379900,ORCL
2022-05-03,69.51750183105469,70.39014439614262,69.06220596766667,70.04867430777217,5211500,ORCL
2022-05-04,71.33869171142578,71.47148486950972,69.04325885119262,69.60288612644861,6759900,ORCL
2022-05-05,69.05272674560547,70.8738957477274,68.28441541917721,70.19095556276109,7197200,ORCL
2022-05-06,68.75868225097656,69.18552350738489,67.94294890230222,68.41721214052299,6222500,ORCL
2022-05-09,67.85759735107422,68.85354599070772,67.50663988566963,67.95244856865588,7019700,ORCL
2022-05-10,68.79662322998047,69.83052083812308,67.60147785986968,68.76816859394874,8129000,ORCL
2022-05-11,67.37384033203125,69.67876016000989,67.22207984565728,68.58795316975635,6932100,ORCL
2022-05-12,67.08927917480469,67.27898157064678,65.41987059200072,67.23155235334498,11698900,ORCL
2022-05-13,67.50662231445312,68.27493362125504,66.8995659959196,67.30743263837327,6700100,ORCL
2022-05-16,66.12177276611328,67.26000875869508,65.81824461542786,67.05133179822099,6942100,ORCL
2022-05-17,68.18008422851562,68.19905881161847,67.06082263599055,67.3928127101423,5952500,ORCL
2022-05-18,64.78435516357422,67.28846424774214,64.31957202326913,67.15567113242128,7977300,ORCL
2022-05-19,63.589202880859375,64.40493606317564,63.28567475976597,64.00655676111828,9451600,ORCL
2022-05-20,65.09735870361328,65.15427520372805,63.40898301273255,64.38596396397152,7531100,ORCL
2022-05-23,66.43479919433594,66.84266589271462,65.13531523980777,65.7423716415784,7370200,ORCL
2022-05-24,65.47677612304688,66.89956572063305,64.79383595833637,66.08383243908241,6644100,ORCL
2022-05-25,66.235595703125,66.6055203948029,65.23015286718363,65.33449134295756,7103300,ORCL
2022-05-26,67.97142028808594,68.4077416599108,66.31149872200534,66.52016849721257,6758900,ORCL
2022-05-27,69.03375244140625,69.10014900206191,67.86706898464487,68.63537307747224,6566700,ORCL
2022-05-31,68.218017578125,69.22346049230894,67.83860556730174,68.51206568577116,16890300,ORCL
2022-06-01,67.91448211669922,69.49851931218534,67.48764817332966,69.26138773549526,5804700,ORCL
2022-06-02,69.37521362304688,69.42264283314329,67.35485519119695,67.80066371405,6200400,ORCL
2022-06-03,68.0947036743164,69.20447770409486,67.56353126416904,68.82506573826903,8169500,ORCL
2022-06-06,69.21398162841797,70.98772159718646,68.89147884711629,68.89147884711629,5274700,ORCL
2022-06-07,68.94837951660156,69.36572617040548,67.90499479038822,67.90499479038822,5675700,ORCL
2022-06-08,67.70582580566406,68.43619533700165,67.28847902444049,68.30340219251912,5253500,ORCL
2022-06-09,65.6570053100586,67.49714903081369,65.63803072756755,67.12721703906726,6824900,ORCL
2022-06-10,63.68406295776367,64.70847322330786,63.51332791350631,64.4808289098588,10256100,ORCL
2022-06-13,60.75312423706055,62.69759918860114,60.47804706976621,62.394071002977675,16547200,ORCL
2022-06-14,67.07979583740234,68.70177529849701,65.46729643098071,68.29390861038435,29661300,ORCL
2022-06-15,66.11231231689453,67.74377950294055,65.13533091137938,66.8237073873203,11765500,ORCL
2022-06-16,65.17325592041016,65.41038754895335,64.1014235646008,64.97406622083584,10686000,ORCL
2022-06-17,64.23421478271484,65.79928493177904,63.92119930556545,65.21119590531801,16445600,ORCL
2022-06-21,64.19627380371094,65.95104638121701,63.921200250333655,65.07840373809915,10047700,ORCL
2022-06-22,63.10547637939453,64.09194495618011,62.96319593565627,63.48488848380191,8219900,ORCL
2022-06-23,64.14884185791016,64.37649341862692,62.89678722069828,63.02958034610843,8775800,ORCL
2022-06-24,67.06082916259766,67.1367130290281,64.471355541642,64.8128257038952,20132600,ORCL
2022-06-27,66.78575897216797,67.2031057401789,65.39142376256048,65.79929047532536,8840600,ORCL
2022-06-28,65.04994201660156,67.41177071789978,65.00251280209801,66.93750751959271,7252100,ORCL
2022-06-29,65.64751434326172,66.48221500906115,65.23964768273511,65.47677929381611,8077900,ORCL
2022-06-30,66.27355194091797,66.63398942083539,64.69899441124474,64.69899441124474,9888600,ORCL
2022-07-01,67.22206115722656,67.32639962865045,66.21661836320378,66.25456028341986,7805600,ORCL
2022-07-05,68.28440856933594,68.29389585892052,66.56757822528729,66.75728059688943,9040400,ORCL
2022-07-06,67.97142028808594,68.99582352613034,67.63943018552284,68.59744408707509,6043700,ORCL
2022-07-07,68.13265991210938,68.27494033377833,67.51611624266576,68.13265991210938,7814500,ORCL
2022-07-08,68.17058563232422,68.52153572075972,67.6583805781058,67.99985061425141,4927300,ORCL
2022-07-11,68.18965911865234,68.57076807230511,67.55130580098695,67.64658122213797,4543300,ORCL
2022-07-12,67.08444213867188,68.54217696673032,66.76049702741015,68.2182318554686,7140800,ORCL
2022-07-13,66.72237396240234,67.19875819148595,65.4361379976859,65.7886649440645,6454800,ORCL
2022-07-14,66.16978454589844,66.29364913140776,65.00741281614259,65.89348801448944,4915500,ORCL
2022-07-15,67.39887237548828,67.52273698913648,66.69382539945661,66.94154735770292,5134100,ORCL
2022-07-18,66.89389038085938,68.32304344850954,66.83672658424885,67.88477071338262,4642300,ORCL
2022-07-19,68.8280029296875,68.8851739897205,66.94152513669499,67.3035745946815,7160300,ORCL
2022-07-20,69.1614761352539,69.64739020541926,68.75179257436832,69.12337178418645,5655700,ORCL
2022-07-21,71.01937866210938,71.10512435462822,68.7232026417954,68.74226208616504,7005100,ORCL
2022-07-22,71.36236572265625,71.7339448749756,70.75259443325797,71.28614249421967,6659800,ORCL
2022-07-25,71.32427215576172,71.86735007495588,70.82882831460799,71.55293462988321,5721600,ORCL
2022-07-26,70.53343963623047,71.74345950880178,70.22855405564596,71.26707533482313,7284400,ORCL
2022-07-27,72.28656005859375,72.52475222098249,70.80976574416437,70.86692953704232,6677200,ORCL
2022-07-28,73.40129089355469,73.62995331311637,71.75299808280636,72.0674134528582,5688100,ORCL
2022-07-29,74.16351318359375,74.46840615025737,73.36319095324703,73.37272067571736,5926600,ORCL
2022-08-01,73.78239440917969,74.1349140993289,73.0773404907878,73.5346725657164,5227500,ORCL
2022-08-02,72.74388122558594,73.61090414155588,72.46757745903665,73.35365254864384,6403400,ORCL
2022-08-03,73.71571350097656,74.08729269513847,72.69625133024168,73.09641242102406,6127800,ORCL
2022-08-04,73.74430084228516,74.17304386134293,73.46799703947404,73.79193491715351,3656200,ORCL
2022-08-05,73.6966552734375,73.74429661462315,72.41041902095385,72.66766336383135,4858100,ORCL
2022-08-08,72.85821533203125,73.77287230729654,72.66765725236297,73.28695829045178,4733500,ORCL
2022-08-09,73.14404296875,73.27743726163266,72.25796787096151,72.61049487340988,4243700,ORCL
2022-08-10,73.87767028808594,74.29689075375985,73.55372521850697,73.92530435161002,5258500,ORCL
2022-08-11,73.515625,74.31594709495688,73.43940177122872,74.26830575971304,5554600,ORCL
2022-08-12,75.4116439819336,75.6688883322901,73.99202065571431,74.3159585242409,6692300,ORCL
2022-08-15,75.37353515625,75.66889113780412,74.79234564677033,75.11628352730729,3733500,ORCL
2022-08-16,75.76417541503906,75.89756974096845,75.12582203296364,75.17346338287052,6185100,ORCL
2022-08-17,75.50691223144531,76.00234870953568,75.22107874124667,75.26872007929565,5185100,ORCL
2022-08-18,75.5736083984375,76.10715651190284,75.27825244549031,75.53549678046886,4120500,ORCL
2022-08-19,74.94477844238281,75.39257355972438,74.73516819606914,75.29729815750377,4679000,ORCL
2022-08-22,72.84867858886719,74.24924944597555,72.57237485176684,74.24924944597555,5757700,ORCL
2022-08-23,72.80105590820312,73.37271564339284,72.64860943532697,72.64860943532697,4432300,ORCL
2022-08-24,72.57239532470703,72.943974562758,72.4580677247214,72.85822886276878,3876400,ORCL
2022-08-25,73.25839233398438,73.27745178062155,72.39137650726857,72.73436658719802,3523400,ORCL
2022-08-26,71.12419128417969,73.61091839560669,71.04796803677566,73.34414429874155,4904100,ORCL
2022-08-29,70.6858901977539,71.3242432836723,70.57155537245146,70.6096669808856,4295500,ORCL
2022-08-30,70.63825988769531,71.1432260573789,69.99037698135386,70.90503391929816,5099100,ORCL
2022-08-31,70.64779663085938,71.60056527788635,70.54299149816258,70.9431525853424,8612900,ORCL
2022-09-01,71.74347686767578,71.81017037740797,70.0570724130876,70.61920965429945,8139800,ORCL
2022-09-02,71.15275573730469,73.1440385213714,70.9622049345686,72.16268807609089,11027700,ORCL
2022-09-06,70.3429183959961,71.63868447455286,70.07614430965475,71.17182255440686,7090100,ORCL
2022-09-07,70.97172546386719,71.14322408930293,69.95226343184555,70.19998528392985,5792600,ORCL
2022-09-08,71.12419128417969,71.26710805580001,70.13331087507419,70.5334720203719,6897100,ORCL
2022-09-09,72.32467651367188,72.41995193118946,70.92410534211331,71.12418589961476,7762400,ORCL
2022-09-12,73.43940734863281,73.7252335746616,72.6676598195453,73.01065710601803,15628900,ORCL
2022-09-13,72.44851684570312,75.65934927358593,72.20079500299119,72.46756901712095,29476500,ORCL
2022-09-14,68.71368408203125,72.2865668537229,68.38020920810115,72.21034361002181,21601400,ORCL
2022-09-15,66.92247009277344,68.68509069814658,66.45561547459366,68.12296066571248,12478100,ORCL
2022-09-16,65.57907104492188,66.50325784245078,65.02646345705226,66.29364756642794,23412000,ORCL
2022-09-19,65.8077392578125,65.86490305844212,64.7025312543627,64.97882780343846,8364000,ORCL
2022-09-20,64.89308166503906,65.2265492815454,64.26425078615667,65.04552088870673,8624300,ORCL
2022-09-21,63.597293853759766,65.62668802953989,63.58776413395431,65.46471913807898,6768200,ORCL
2022-09-22,62.91132736206055,63.77835052344196,62.730298950552424,63.69259754518299,7190700,ORCL
2022-09-23,61.50121307373047,62.349176505341305,60.853326531667975,62.26342355556922,9282500,ORCL
2022-09-26,60.45317077636719,61.85373820201795,60.39600334968849,61.291608195035096,6897800,ORCL
2022-09-27,59.47181701660156,61.35830213018806,59.1097675487224,61.12963969095111,9284800,ORCL
2022-09-28,60.09111404418945,60.35788808351679,59.30984409942479,59.662367456325015,8549900,ORCL
2022-09-29,58.499996185302734,59.643315650286056,57.909277009267555,59.34795969679241,8882100,ORCL
2022-09-30,58.185569763183594,59.20503172815649,58.17604367774079,58.36659446278289,9794400,ORCL
2022-10-03,60.100650787353516,60.25309363256934,57.937865422118755,58.10936407730207,9661400,ORCL
2022-10-04,62.587371826171875,62.72075884900202,60.78663611439362,60.78663611439362,9892600,ORCL
2022-10-05,63.492488861083984,64.01651441566284,61.91089701561703,62.25388696974109,9201600,ORCL
2022-10-06,62.21580123901367,63.65447679366631,62.13957799572055,63.19715187200474,6992000,ORCL
2022-10-07,60.300724029541016,61.56790797981865,59.776702039800305,61.44404341278487,7137900,ORCL
2022-10-10,59.6147346496582,60.88191870956868,59.090712614580724,60.60561492641954,6407200,ORCL
2022-10-11,59.76795959472656,60.42874809244148,59.040134741585824,59.23166509811255,7376900,ORCL
2022-10-12,61.07996368408203,61.5587968986721,59.53812014858883,59.96907077236139,9008600,ORCL
2022-10-13,62.439842224121094,62.92825410158597,59.633883218817196,59.83499227273466,10147100,ORCL
2022-10-14,61.5875244140625,63.79016007694667,61.49175923446207,62.93783755759759,8044500,ORCL
2022-10-17,64.18280029296875,64.70951974685799,63.081489754424794,63.09106115801191,11368300,ORCL
2022-10-18,64.19236755371094,65.67675316343502,63.52200410143057,65.12130498502349,6688600,ORCL
2022-10-19,63.493289947509766,64.34561252215491,62.99529929101566,63.675241608630586,5506000,ORCL
2022-10-20,66.31840515136719,66.96003995308256,64.34561449863581,64.6712176016858,17600500,ORCL
2022-10-21,69.6223373413086,69.7085311079582,67.33351546047565,68.0230363680162,15652600,ORCL
2022-10-24,69.83303833007812,70.5704456150935,68.74129912173173,69.8426170407241,11489400,ORCL
2022-10-25,70.04371643066406,70.97265396152687,69.53615443291372,70.34059066185816,9137700,ORCL
2022-10-26,71.65259552001953,72.51449669035144,69.47869613535153,69.5361537779022,10693600,ORCL
2022-10-27,71.9686279296875,72.66772027617839,71.3940295788474,71.58555992698929,7053000,ORCL
2022-10-28,74.0850830078125,74.3915360037598,72.11229230305277,72.11229230305277,8758100,ORCL
2022-10-31,74.76502227783203,75.01401761001523,73.16572099957914,73.26148618690638,12349000,ORCL
2022-11-01,73.84565734863281,75.87591276509096,73.10825012244871,75.27257825159217,7753000,ORCL
2022-11-02,71.93991088867188,74.15211818955413,71.83456698801885,73.4051394804986,7524300,ORCL
2022-11-03,71.85369873046875,72.48576197276883,70.91518988188314,71.55682452622017,6761200,ORCL
2022-11-04,72.78264617919922,73.42428091171314,71.09715127451636,72.72518853342626,7219000,ORCL
2022-11-07,73.49131774902344,73.8264995289209,72.29423474480758,72.88799054520798,5394300,ORCL
2022-11-08,72.43788146972656,73.874380981643,71.84412570782527,73.69242203874767,9104200,ORCL
2022-11-09,72.45703887939453,73.29978262930791,71.82497558714873,72.18888616648113,6013700,ORCL
2022-11-10,73.90311431884766,75.14808356115056,73.46258865171049,74.41067634171407,10437300,ORCL
2022-11-11,74.448974609375,74.59262601275033,73.32850681459236,73.86479759368548,7712900,ORCL
2022-11-14,75.20555114746094,76.17279638489943,74.05635423837329,74.20000567861318,7153000,ORCL
2022-11-15,75.82801055908203,77.26450986951696,74.70754285048197,75.58859400734288,7618500,ORCL
2022-11-16,76.50796508789062,76.8335754503582,75.52156990389935,75.7705652038552,6011900,ORCL
2022-11-17,75.84717559814453,76.21109350452612,74.87993779934502,75.818446775307,5717300,ORCL
2022-11-18,76.35475158691406,77.05384402500445,75.51200040927253,76.6133183214261,6107000,ORCL
2022-11-21,76.44091796875,76.70906334336055,75.5598667931972,76.20150141193152,5235400,ORCL
2022-11-22,78.64356231689453,78.72974878024664,76.45050552582525,76.50796316805999,8796200,ORCL
2022-11-23,79.06493377685547,79.40969425721853,78.31795517154038,78.64356553917865,6347900,ORCL
2022-11-25,79.2181625366211,79.95556241963537,79.04578229941568,79.34265653321935,2754900,ORCL
2022-11-28,77.9444808959961,78.66273081748992,77.63802788841537,78.63400198965672,5112200,ORCL
2022-11-29,77.42731475830078,78.0497992813365,77.11128314264076,77.88699777257115,4928200,ORCL
2022-11-30,79.5150375366211,79.65868895341222,76.61330960438147,77.06341396733355,9610300,ORCL
2022-12-01,80.54931640625,80.95153451533248,78.86382160280024,79.53419242435204,6127200,ORCL
2022-12-02,79.82150268554688,80.0800767365835,79.0841026826966,79.67785124679494,4798900,ORCL
2022-12-05,76.06743621826172,78.93085647409931,76.04828610665163,78.92128507150137,9102900,ORCL
2022-12-06,75.5694580078125,76.44093061952321,74.75543573478032,75.99082624918721,7656100,ORCL
2022-12-07,75.44496154785156,76.07702491013697,75.25343118096123,75.33961765413733,5105500,ORCL
2022-12-08,76.68034362792969,76.8144163311501,75.20553658609082,75.78013492938034,5918700,ORCL
2022-12-09,76.47924041748047,76.95807362454889,76.17278745721327,76.27813134728152,6850800,ORCL
2022-12-12,77.8391342163086,77.96363554103789,76.55586457604136,76.91019651524743,15807600,ORCL
2022-12-13,77.14960479736328,81.95709433855583,76.32601108801818,81.34418841156622,22812200,ORCL
2022-12-14,78.35626983642578,79.38097266122723,77.15918675575048,77.38902466144387,11183100,ORCL
2022-12-15,76.68034362792969,77.5997024384758,76.09616657543461,77.36986456244286,8196800,ORCL
2022-12-16,76.21109771728516,77.05384156156852,76.1153325337281,76.57500833736805,19200700,ORCL
2022-12-19,77.0921401977539,77.66673853918722,76.30685409296504,76.5366919682555,7738800,ORCL
2022-12-20,77.51351928710938,78.04023141329247,76.94849232246682,77.09214374103117,6390200,ORCL
2022-12-21,78.04981231689453,78.66271823401094,77.51352146602139,77.90616089429211,5932400,ORCL
2022-12-22,77.08256530761719,77.73377874188297,76.06744127724377,77.51351956485443,8181400,ORCL
2022-12-23,77.42731475830078,77.47520099330877,76.60372119977603,77.10171174077007,4129100,ORCL
2022-12-27,77.55182647705078,78.02108095630399,77.19748728701042,77.45605399415392,4290700,ORCL
2022-12-28,76.92932891845703,78.1838693239133,76.79525623267148,77.65714998231763,3794000,ORCL
2022-12-29,77.95404052734375,78.33710851966374,77.28366971418018,77.54224371422224,3867800,ORCL
2022-12-30,78.27964782714844,78.46160677733545,77.3411388666794,77.69547075104613,5375700,ORCL
2023-01-03,80.17583465576172,80.290749951209,78.77764254530464,78.97875161875241,8997500,ORCL
2023-01-04,80.90367126464844,81.56445619868133,80.09922758413501,80.63551850020012,7836200,ORCL
2023-01-05,80.74085998535156,81.78472026591776,79.69700701120091,81.4016522060181,7643800,ORCL
2023-01-06,82.03370666503906,82.68491279759365,80.27159670401012,81.15264803131723,8641600,ORCL
2023-01-09,83.07184600830078,84.19651517955685,82.82192441500642,83.47557227483212,7519700,ORCL
2023-01-10,83.14876556396484,83.25450446525981,82.25479588362407,82.32208360864705,5703300,ORCL
2023-01-11,85.16740417480469,85.22508460579787,83.71590344731064,83.98506167971763,8359700,ORCL
2023-01-12,85.3404312133789,85.74415756322631,84.75406360982397,85.26352886089026,6071100,ORCL
2023-01-13,85.74414825439453,86.00369183241331,84.26381846566638,84.54257662900329,5090800,ORCL
2023-01-17,85.16740417480469,85.97486420440175,85.00399217691655,85.73454985439734,6550400,ORCL
2023-01-18,83.35063171386719,85.19624423792173,83.24489280879834,85.16740768814154,6397700,ORCL
2023-01-19,82.61046600341797,83.6197819061261,81.95681065669702,83.05264354181566,5597000,ORCL
2023-01-20,83.86970520019531,83.99466601762798,82.18750480936045,82.696970040032,5567300,ORCL
2023-01-23,85.52306365966797,85.67686101499477,83.60054904831003,83.8120268289692,7390200,ORCL
2023-01-24,86.22477722167969,86.6092816099813,84.59064273866184,85.59996584122717,7004600,ORCL
2023-01-25,86.16712188720703,86.37859971104389,84.34073116675826,85.26353748856326,5896800,ORCL
2023-01-26,86.3497543334961,86.98418040634859,85.63841857442162,86.4074274308976,7302800,ORCL
2023-01-27,85.54227447509766,86.24399544403343,85.51343793308021,86.0325176908251,5676800,ORCL
2023-01-30,83.96582794189453,85.18662888167381,83.6197747096588,85.04243881260699,6255300,ORCL
2023-01-31,85.03284454345703,85.05207380196913,83.96584804424799,84.29267943463394,6200400,ORCL
2023-02-01,86.56123352050781,87.1379865051856,84.79251605584224,84.94632076312277,6141300,ORCL
2023-02-02,85.91718292236328,87.68590033445815,85.50384195109751,87.14759854260018,8269200,ORCL
2023-02-03,86.14788818359375,86.76309231400319,84.85018486638126,85.04244074076652,5671800,ORCL
2023-02-06,85.10010528564453,86.13826490157956,84.97514448020848,86.04214064095098,4097200,ORCL
2023-02-07,84.34070587158203,84.60985671799243,82.95650047092707,84.46567400299438,9226000,ORCL
2023-02-08,83.3313980102539,84.51374038695123,83.15837140222366,83.56209770969049,7624400,ORCL
2023-02-09,83.29295349121094,84.49452521689543,82.98535142278818,83.76396755421196,4960300,ORCL
2023-02-10,83.76396179199219,83.9946614939862,82.9949530069304,83.17759424349012,5318400,ORCL
2023-02-13,85.95564270019531,85.98447925138616,83.82164990632133,83.89855226537199,5560900,ORCL
2023-02-14,85.63842010498047,85.94602952011815,84.31188750435375,85.55191045733208,7484800,ORCL
2023-02-15,84.91746520996094,85.75376168978954,84.61947779782238,85.40770847977848,4329900,ORCL
2023-02-16,84.32148742675781,84.85017451574788,83.63899565702171,84.07155848745094,5942500,ORCL
2023-02-17,83.89854431152344,84.04273438762061,83.15837934381545,83.82164195976335,6398400,ORCL
2023-02-21,82.8603744506836,83.57171011692444,82.81231598705826,83.39868351348896,5260300,ORCL
2023-02-22,82.97573852539062,83.80242047660113,82.6489145294205,83.32179177630721,5840100,ORCL
2023-02-23,85.14817810058594,86.01331118516744,83.68706281689013,83.77357979225408,8637100,ORCL
2023-02-24,85.22506713867188,85.44615218842922,83.7639520831701,83.92736404756647,7659200,ORCL
2023-02-27,84.55218505859375,85.52305691422123,83.97543218743874,85.41731803223156,6748800,ORCL
2023-02-28,84.0138931274414,84.6002606925561,83.80241533886739,84.30226592965111,7468000,ORCL
2023-03-01,82.99495697021484,83.83125351386963,82.65851836086348,83.53326607898866,5119800,ORCL
2023-03-02,83.60054779052734,83.89853520398496,82.54316623695118,82.7258001352908,5293600,ORCL
2023-03-03,85.7922134399414,85.83066461173654,83.70628687328103,83.93698657024065,5498500,ORCL
2023-03-06,86.26322174072266,87.15719125770553,85.69608349542278,85.9460124286144,7424800,ORCL
2023-03-07,84.93669891357422,86.59006270719925,84.63871148582022,86.10943403853204,5382400,ORCL
2023-03-08,85.0616683959961,85.63842139041206,84.73484438822486,84.97515874704919,5159200,ORCL
2023-03-09,83.50444030761719,86.16712031245164,83.17760894934797,84.90787535474362,10572300,ORCL
2023-03-10,80.81292724609375,81.94721152299033,79.66902833959765,81.1397586481556,16029300,ORCL
2023-03-13,81.63957977294922,82.21633266492668,78.86154686505813,80.09195499029296,10299800,ORCL
2023-03-14,81.28392028808594,82.6008455158861,80.19770210780587,82.6008455158861,8732200,ORCL
2023-03-15,79.76513671875,80.14002649191289,78.93845482566992,79.86126098528715,11463000,ORCL
2023-03-16,81.53385162353516,81.81261714702453,78.9000084252662,79.70746111359799,10148100,ORCL
2023-03-17,81.95679473876953,82.64890112838167,81.33197606293575,81.70686580167387,13065800,ORCL
2023-03-20,83.59095001220703,84.11964456246098,81.94720059298012,81.97603714411896,9177300,ORCL
2023-03-21,84.18692016601562,84.4464564226918,83.30256516735638,84.10040319124921,6683700,ORCL
2023-03-22,84.4945297241211,85.70571614168716,84.05235218553936,84.14847646195936,7233700,ORCL
2023-03-23,84.3791732788086,86.16711262697547,84.24459782970459,85.21546985579373,10747100,ORCL
2023-03-24,84.60027313232422,85.05206532274438,84.11964439082406,84.57143658124423,5852100,ORCL
2023-03-27,86.64774322509766,86.99379648289481,85.11934744800368,85.18663517403023,8170100,ORCL
2023-03-28,86.36898040771484,87.3590744077129,86.01331984488777,86.72464830435425,6378900,ORCL
2023-03-29,87.10914611816406,87.1475972932901,86.3305226560322,86.63812472322881,5233600,ORCL
2023-03-30,87.00341796875,87.64745873060203,86.23440903884634,87.33024199698082,5640700,ORCL
2023-03-31,89.32003784179688,89.39694019562845,86.9072869942811,87.05146974045014,10476300,ORCL
2023-04-03,90.28128051757812,90.35818285884922,88.52217796350931,88.80094345025881,8410900,ORCL
2023-04-04,90.35818481445312,90.37740673328146,89.32963981257723,90.21399475490189,6651500,ORCL
2023-04-05,91.21372985839844,91.42520769634562,89.8583605038119,89.9929359763577,7478800,ORCL
2023-04-06,92.20381164550781,92.35761635573873,90.34858449776779,90.67541584010236,9146200,ORCL
2023-04-10,90.50492095947266,91.8080513179619,90.30221244722087,91.39297940301103,8681500,ORCL
2023-04-11,90.7076187133789,90.8620601196003,89.96434689208759,90.21532246228543,8196000,ORCL
2023-04-12,90.64004516601562,92.01074480475195,90.35045741607532,91.10337672849323,8040300,ORCL
2023-04-13,92.23277282714844,92.42582643786736,90.67866695793472,90.91033276370204,6240200,ORCL
2023-04-14,92.38719940185547,92.6574773592541,91.39295947377248,92.18449093380649,6485100,ORCL
2023-04-17,92.2713851928711,92.65749981036353,92.00110716998351,92.31965228175407,4772400,ORCL
2023-04-18,93.1208267211914,93.38144981952401,92.44512438727082,92.66714265694313,7219400,ORCL
2023-04-19,92.48374938964844,93.12083961862422,92.27138597998984,92.27138597998984,4766200,ORCL
2023-04-20,91.53776550292969,92.81193844604554,91.31574722869847,92.66714455976631,5815500,ORCL
2023-04-21,91.8466567993164,92.00109821256237,90.9875557254146,91.71151780103004,7335800,ORCL
2023-04-24,92.1265869140625,92.74436727750698,91.6729028486686,92.03005274859949,4901700,ORCL
2023-04-25,90.79448699951172,92.37755001383813,90.75587480836688,91.8369940668552,5768800,ORCL
2023-04-26,90.45663452148438,91.51844394331638,90.09947729657237,90.49524671049016,6395500,ORCL
2023-04-27,91.74047088623047,91.78873060367134,90.05122612082272,91.03581125798466,5615700,ORCL
2023-04-28,91.43157958984375,92.08797212808844,90.96824064804406,90.99719795105855,8498500,ORCL
2023-05-01,91.57637023925781,92.40651393083033,91.4122665870931,91.50880074643318,5459800,ORCL
2023-05-02,91.50880432128906,91.9335237079834,90.5917813233908,91.63428842300196,5995100,ORCL
2023-05-03,91.489501953125,92.1072823515568,91.25783614484389,91.76943484687118,6744800,ORCL
2023-05-04,91.67289733886719,91.81769121383634,91.13234139447293,91.68255222773777,5038200,ORCL
2023-05-05,93.60346984863281,93.93166245007413,91.53776534390518,91.70186164462585,8068600,ORCL
2023-05-08,93.4297103881836,93.90269683378524,93.09186292703956,93.70964324585216,5314800,ORCL
2023-05-09,92.80227661132812,93.52623862402177,92.76366442024177,92.86019121569645,6333500,ORCL
2023-05-10,94.1343765258789,94.28882531067174,92.9181254859906,93.42972419770093,5935300,ORCL
2023-05-11,94.0571517944336,94.24055050569991,92.99533489725742,94.15367859476157,5144500,ORCL
2023-05-12,94.4529037475586,94.52047323698827,93.5648454966195,94.22123797873144,4994700,ORCL
2023-05-15,93.88340759277344,94.55910260986246,93.68069908764673,94.47223069246103,4443700,ORCL
2023-05-16,94.83902740478516,95.41819556488694,93.55519961746903,93.79652029788832,6896500,ORCL
2023-05-17,96.30624389648438,96.91437666125914,95.01276871878164,95.35061616336654,9436000,ORCL
2023-05-18,98.78702545166016,98.90286202392002,96.2676444445788,96.30624927080973,10005700,ORCL
2023-05-19,99.26966857910156,99.49168683880531,98.38161026933155,98.83529431320954,8560300,ORCL
2023-05-22,98.23681640625,99.52064415516442,98.19821157931764,98.92217359892048,5890500,ORCL
2023-05-23,95.11895751953125,97.90862391512111,95.05138802555415,97.56112155623246,10047300,ORCL
2023-05-24,94.90657806396484,95.447133924169,93.91233823629453,94.54942087660353,6815900,ORCL
2023-05-25,100.6693344116211,101.02649166449191,95.34096974406252,95.75604160271465,16729600,ORCL
2023-05-26,100.46662902832031,102.54198838564835,100.41836194566412,100.72725212690438,13994100,ORCL
2023-05-30,101.49948120117188,102.30066763983626,100.5728106580089,101.25816051708185,10296700,ORCL
2023-05-31,102.26205444335938,102.79295552443514,100.53419747848379,100.84308765650763,13713500,ORCL
2023-06-01,102.31031799316406,102.90879595748079,101.14232673362135,101.23885353702133,7835900,ORCL
2023-06-02,102.21378326416016,103.0632293785466,102.07864427697417,102.82190870649701,8652400,ORCL
2023-06-05,103.21768951416016,103.86442721901271,101.86629212890713,102.21379452410143,7442000,ORCL
2023-06-06,103.38177490234375,103.7582345632879,102.46475929020237,103.10184203775304,7023000,ORCL
2023-06-07,101.59600830078125,104.60769309831292,101.20023884273836,103.42039208870709,9842500,ORCL
2023-06-08,103.74859619140625,104.04783149585687,101.69253916153474,102.00142935582919,9526700,ORCL
2023-06-09,106.03630828857422,106.32589605849302,103.68102339369142,103.96094890955057,12597100,ORCL
2023-06-12,112.38787841796875,113.43038562540335,110.37043350555236,110.37043350555236,39081500,ORCL
2023-06-13,112.62918090820312,119.68539478643413,111.99209081851022,119.03865717261053,39190900,ORCL
2023-06-14,118.02510070800781,118.25677383533974,111.72180648449083,112.45542332533164,26264200,ORCL
2023-06-15,122.15652465820312,123.1121524380592,117.43629299786978,117.71621849098659,27476700,ORCL
2023-06-16,121.10436248779297,122.97701321795181,120.80512721774492,122.72603766252833,19514700,ORCL
2023-06-20,117.80311584472656,120.90167280287787,117.72589145189778,120.12944360363693,16273000,ORCL
2023-06-21,117.86102294921875,119.07728128296311,116.18143301706327,117.71622906301916,17583000,ORCL
2023-06-22,116.39380645751953,118.33401966084266,115.90151014771766,117.38804660305323,12203400,ORCL
2023-06-23,114.52114868164062,115.73740704917923,114.03850729058026,115.43816437884604,19734300,ORCL
2023-06-26,112.72573852539062,115.2837397432419,112.6485141240951,113.89372997801948,8987000,ORCL
2023-06-27,113.74890899658203,114.34738691740927,112.22376793883421,112.52300321698658,6970400,ORCL
2023-06-28,112.4843978881836,114.50184266898414,112.34925889209433,112.725718576132,9240500,ORCL
2023-06-29,113.69100189208984,113.71031167135439,110.65035973594699,111.63495227179511,9234300,ORCL
2023-06-30,114.95552825927734,117.50388169629669,114.89761364634174,115.67949037906646,13703100,ORCL
2023-07-03,113.08287048339844,114.14467998711827,112.77398031205226,113.91301419973928,4284700,ORCL
2023-07-05,111.93418884277344,112.947738694523,111.40328773932805,112.4747448359609,8466500,ORCL
2023-07-06,111.44189453125,111.78939692285223,110.66001783240658,110.68897513761956,7982800,ORCL
2023-07-07,110.63104248046875,111.95348233081621,110.51520591398949,110.85305336056818,7001600,ORCL
2023-07-10,110.40904235839844,111.03647764190158,109.71404493901188,110.31251555274946,6931000,ORCL
2023-07-11,111.28084564208984,111.3970887430499,109.87627660973779,110.62214951738578,6117100,ORCL
2023-07-12,112.3851089477539,114.39025588755551,112.01701694671198,112.04607586911438,11011600,ORCL
2023-07-13,113.77032470703125,114.86492688479684,113.10194722002855,113.42160280495682,9359600,ORCL
2023-07-14,115.5333023071289,116.2113759447639,113.99312009246441,114.47745523776034,7723800,ORCL
2023-07-17,115.16519927978516,116.21136486759299,114.54525094412875,115.12645158501074,6735900,ORCL
2023-07-18,116.9863052368164,117.4900179157391,114.11904212493408,115.05865346913772,8903600,ORCL
2023-07-19,114.9714584350586,117.5578058711379,114.70991336512859,117.03472312164436,7609000,ORCL
2023-07-20,112.24950408935547,115.3201943487439,111.61987434935885,113.80906375779679,12913000,ORCL
2023-07-21,113.96405792236328,115.53329901862023,112.56917037869701,112.84039686988376,9159600,ORCL
2023-07-24,114.37088775634766,114.82616392300577,113.07287326366595,114.24496329359057,6200400,ORCL
2023-07-25,114.25465393066406,114.79711430038373,113.15037042820151,114.28372024630154,6266300,ORCL
2023-07-26,111.88142395019531,113.93500772565785,111.39708878157975,113.74126922399073,8160000,ORCL
2023-07-27,112.75322723388672,113.91562866697468,112.01703571806804,113.86719958497739,7843000,ORCL
2023-07-28,112.3560562133789,113.62501922098497,112.02671188752376,113.02444102691311,6910400,ORCL
2023-07-31,113.5572280883789,113.5669094707887,112.20108812381491,112.78228885423712,6703100,ORCL
2023-08-01,114.21591186523438,114.34183633625432,112.83071312254533,113.25692300388756,5246000,ORCL
2023-08-02,112.08483123779297,113.31504656642798,110.73838021158873,113.25692132727602,6387800,ORCL
2023-08-03,110.96119689941406,112.53043821225027,110.68028159752359,111.62957444769413,5193800,ORCL
2023-08-04,110.85462188720703,112.75321462377862,110.68026095270723,111.72641916933878,5579300,ORCL
2023-08-07,112.46261596679688,112.73384245776238,111.46488677915909,111.8523563621245,7347000,ORCL
2023-08-08,111.61988830566406,111.9879803801873,110.64152917739676,111.43583857321829,4694800,ORCL
2023-08-09,109.55660247802734,112.0848323913206,108.81072964626826,111.72642174260304,6542400,ORCL
2023-08-10,109.4500503540039,111.48425641720789,108.95603384361546,110.21530074447146,6004100,ORCL
2023-08-11,109.51786804199219,109.92471520803441,107.6483339600221,108.86886067741214,5288900,ORCL
2023-08-14,111.94921875,112.18169753706944,109.60503855526741,109.63409747985517,6494200,ORCL
2023-08-15,113.6153335571289,114.36120639161601,111.24208703029869,111.83297646907582,10412200,ORCL
2023-08-16,111.7264404296875,114.11905750102588,111.65863379727732,113.48942765308938,5722000,ORCL
2023-08-17,111.28084564208984,113.12132076026603,110.77714031866587,112.11390272304993,6183900,ORCL
2023-08-18,112.81134033203125,113.32473439983863,110.37997585109014,110.91274746317389,9412800,ORCL
2023-08-21,112.93726348876953,113.67345496494676,111.5811310199795,113.23755629860247,5811200,ORCL
2023-08-22,112.88882446289062,113.99310788467561,112.10420397645576,113.8284357265984,4960300,ORCL
2023-08-23,114.14810180664062,116.67633181889843,108.59762526229918,113.43128787151409,16517300,ORCL
2023-08-24,109.37257385253906,115.978905409561,108.88823867272698,115.93046893543246,11995900,ORCL
2023-08-25,112.42385864257812,112.51104280170435,109.20787394297581,109.37255349013269,8758100,ORCL
2023-08-28,113.17942810058594,114.02217387592246,112.0751446103477,112.72415929245095,4514800,ORCL
2023-08-29,116.87007141113281,117.41252440603704,114.81648774556034,117.16066806253103,11920500,ORCL
2023-08-30,117.3253402709961,117.92591108044839,116.38572897061997,116.9378707030598,5601800,ORCL
2023-08-31,116.61820983886719,118.15839936658169,116.35667212529847,117.20909927769489,9109800,ORCL
2023-09-01,117.14130401611328,117.87749554070106,116.32761709096506,117.2187994166737,6189900,ORCL
2023-09-05,120.09574127197266,120.38633791378105,117.38346160622257,118.60398819484686,11089600,ORCL
2023-09-06,120.43477630615234,120.67694387337761,118.88490535398424,119.20456092604216,8728500,ORCL
2023-09-07,121.17096710205078,122.01371294321324,118.74929129564285,119.95044781668618,11864400,ORCL
2023-09-08,122.3624267578125,122.72083741398896,120.45414516611325,120.89005121665775,10595500,ORCL
2023-09-11,122.7402114868164,123.42796650546748,120.81255968015392,123.04049691162197,22155600,ORCL
2023-09-12,106.17595672607422,109.75035265122904,103.93833060206319,108.56857365210641,68605700,ORCL
2023-09-13,108.3360824584961,109.40162569738605,104.81012316899076,104.9263662651518,27171000,ORCL
2023-09-14,110.09907531738281,111.53270329402918,108.44264251853313,109.94408451430307,19849700,ORCL
2023-09-15,110.34122467041016,111.59080270949724,108.97539615785553,110.61245114061099,23215000,ORCL
2023-09-18,108.69448852539062,110.88368537298112,108.08422892471887,109.86657864816067,11744100,ORCL
2023-09-19,109.23694610595703,110.17655747620509,108.21015795638347,108.95603822344069,9536100,ORCL
2023-09-20,109.33380889892578,111.1064697606401,108.93665056677288,109.27568366106976,8777100,ORCL
2023-09-21,106.0015869140625,108.97540431851756,105.90472136607512,108.01642282981754,12645800,ORCL
2023-09-22,105.6141128540039,107.13492480306725,105.11040759160463,106.54403537791838,11150000,ORCL
2023-09-25,104.906982421875,105.24601550347849,104.13204332932396,105.05227703515727,8410000,ORCL
2023-09-26,101.59412384033203,104.0351767850223,101.04198214409419,103.78332047382195,13209000,ORCL
2023-09-27,101.34227752685547,101.9815960066688,100.11206225194492,101.71036953702878,8916400,ORCL
2023-09-28,102.82434844970703,103.2602471057808,100.03457340165889,100.7707648604902,7373600,ORCL
2023-09-29,102.60154724121094,104.00612348501969,102.07846443907188,103.75426716020445,7299100,ORCL
2023-10-02,103.36681365966797,103.38619120555502,101.99130351642219,102.49500885395994,5963500,ORCL
2023-10-03,101.24540710449219,103.16337737218737,100.29611443723168,103.08588198169384,8783300,ORCL
2023-10-04,103.72522735595703,103.9383360246702,101.22605597074212,101.67164346424757,8842700,ORCL
2023-10-05,104.9554214477539,105.04260561435673,102.86309752406497,103.61865914624063,7651500,ORCL
2023-10-06,106.51497650146484,107.06711823123516,104.20954403845964,104.54857713737698,8247000,ORCL
2023-10-09,106.86370849609375,107.4933456768016,106.0403402091841,107.28023702575882,6012400,ORCL
2023-10-10,106.27281188964844,107.58051524475573,106.18563511481277,106.75714701304872,6910400,ORCL
2023-10-11,106.59364318847656,107.0019716745181,105.80615147719486,106.46725791920024,5641700,ORCL
2023-10-12,106.078369140625,107.83807574946103,105.85475644826039,106.89502610248998,6598500,ORCL
2023-10-13,105.24226379394531,106.4672566549347,104.79504582634213,106.15614818106245,5879400,ORCL
2023-10-16,105.68948364257812,106.54503010660082,105.30059618896371,105.92281314778226,5488000,ORCL
2023-10-17,106.01032257080078,106.73948380759951,103.92978310186133,104.59088958658864,5261800,ORCL
2023-10-18,105.24226379394531,106.68114512148647,104.86310057320759,105.38809751363162,5123900,ORCL
2023-10-19,105.32975769042969,107.15752643195594,105.18393139076406,105.61170089880152,7989200,ORCL
2023-10-20,99.02009582519531,104.06589402627849,97.86316502419166,104.01728030953043,21831400,ORCL
2023-10-23,100.7798080444336,101.78118828364232,99.17565184940655,99.2048171119215,10722600,ORCL
2023-10-24,100.33256530761719,101.55755804365847,99.65201790837777,101.06172641426384,6174000,ORCL
2023-10-25,98.61174774169922,100.78950682303005,98.20341930471412,99.8464572775571,7081700,ORCL
2023-10-26,97.61038208007812,99.54508774610359,97.0951093453879,98.86454025074129,7565600,ORCL
2023-10-27,98.18399047851562,99.25342549182433,97.79510299620014,98.19371470536174,5207900,ORCL
2023-10-30,98.8256607055664,99.56454621587794,98.01872043887171,98.32982895625359,5433700,ORCL
2023-10-31,100.52702331542969,100.64368435764666,98.29092605239677,99.17564518206817,6258400,ORCL
2023-11-01,102.81172180175781,103.24921552331162,100.91590578514361,100.91590578514361,8602400,ORCL
2023-11-02,103.9006118774414,104.24088561827385,102.6367295058795,103.49227597103123,5918300,ORCL
2023-11-03,105.04782104492188,106.03947696163605,103.65755346593502,104.1922672009848,7280000,ORCL
2023-11-06,106.078369140625,106.17558914788353,104.45477202543314,105.05754052088268,6062800,ORCL
2023-11-07,105.96170043945312,107.31307856427013,105.56309618538023,106.9339153446401,7412600,ORCL
2023-11-08,109.20890808105469,109.432513367785,106.15615370440621,106.19504319284006,10994900,ORCL
2023-11-09,109.06307220458984,110.16167241590422,108.50890998579781,109.27696067805543,6853900,ORCL
2023-11-10,109.92833709716797,110.03528132824835,108.05196206650002,108.97556324320037,5233900,ORCL
2023-11-13,110.97834014892578,111.3088896778915,109.64640297167858,109.92834620266134,5740500,ORCL
2023-11-14,112.87413787841797,113.22413580316552,111.26998195956006,111.66859359173769,6733700,ORCL
2023-11-15,110.89082336425781,113.07830677570894,110.76443810408624,112.92275625683706,7386200,ORCL
2023-11-16,111.48387908935547,112.65054140187092,110.31722419425094,110.5991674010069,7476100,ORCL
2023-11-17,112.15470886230469,112.42692784122019,110.98805397626371,111.42554770417635,4791300,ORCL
2023-11-20,113.67137145996094,113.89498416465204,112.30055222200468,112.43666172315179,5728300,ORCL
2023-11-21,112.8547134399414,114.40053165369679,112.46582597555022,113.95331366574092,5995300,ORCL
2023-11-22,113.01026916503906,114.03109787876917,112.30055637103848,113.45748717353258,4343700,ORCL
2023-11-24,113.01997375488281,113.35052323604543,112.13525470104669,113.25330323672763,2168200,ORCL
2023-11-27,113.23387145996094,113.52553148175565,112.24220810059006,112.7866534926135,5165300,ORCL
2023-11-28,113.01026916503906,113.55471460715395,112.65055436332241,112.7769396426537,4892600,ORCL
2023-11-29,112.98109436035156,114.31303146391365,112.73804063164826,114.07969454382246,6127200,ORCL
2023-11-30,112.98109436035156,113.97275772721126,111.97971418487975,113.61303553846237,11075600,ORCL
2023-12-01,113.90470886230469,114.08942466181897,112.05749894528107,112.84499069337699,5739800,ORCL
2023-12-04,112.56304931640625,113.438044282812,111.36722904349479,113.03943258023374,5587500,ORCL
2023-12-05,111.34778594970703,112.06722299342019,110.64778994288902,111.38667544090936,5913600,ORCL
2023-12-06,108.91722869873047,111.79498377098278,108.82000869699837,111.74637747882207,7815700,ORCL
2023-12-07,109.73390197753906,109.88945250950941,108.70334910641395,109.2866839991838,6772800,ORCL
2023-12-08,110.4533462524414,110.48251151552589,108.48946780741998,108.89780374283797,7766000,ORCL
2023-12-11,111.93109893798828,112.1449874031013,110.45333555138814,110.6088860785724,19544200,ORCL
2023-12-12,98.00898742675781,102.03395675473543,97.89232637907882,99.84647310181666,57666500,ORCL
2023-12-13,100.12841033935547,100.2353545716044,96.5020529209866,98.27148373990856,29392200,ORCL
2023-12-14,97.52287292480469,99.40897217883526,97.0951034184369,99.03953319210606,22865200,ORCL
2023-12-15,100.44923400878906,101.10061615219435,96.59926424605483,96.9200969139686,30212300,ORCL
2023-12-18,102.08256530761719,103.21033816089675,100.05063971089909,100.53674716474488,13473100,ORCL
2023-12-19,103.29784393310547,103.3853397229029,101.88813514757135,102.06313414457803,10108500,ORCL
2023-12-20,101.25618743896484,103.14227937787727,101.15896742849081,103.00616987973137,9242000,ORCL
2023-12-21,102.91867065429688,102.98672540109433,101.61589882178863,101.79089780175508,8168000,ORCL
2023-12-22,103.24922943115234,103.53117266959819,102.52979241222154,102.76312193398607,5680000,ORCL
2023-12-26,103.2395248413086,103.68674290154546,102.41313606438408,103.5603501901787,5767400,ORCL
2023-12-27,102.99644470214844,103.3756079043771,102.62699830798971,103.36588367889642,5627400,ORCL
2023-12-28,103.29784393310547,103.64784192711882,102.64646166212967,103.06451440956718,5689100,ORCL
2023-12-29,102.50061798095703,103.94921611606664,101.86867680768283,103.63810764240395,6899700,ORCL
2024-01-02,101.16869354248047,101.77146953071875,99.59370994267044,101.61591156572356,9597500,ORCL
2024-01-03,99.61314392089844,100.50757990400398,98.91314796284662,100.42980834442939,9455600,ORCL
2024-01-04,99.7395248413086,100.488134481649,99.55480905079479,99.91452382318197,6822300,ORCL
2024-01-05,99.8756332397461,100.83812384929502,99.44785633887521,99.68118582234544,6133800,ORCL
2024-01-08,101.75201416015625,101.85895097426139,99.2923042526966,100.07980335907989,7038700,ORCL
2024-01-09,100.7506332397461,101.57702188643714,100.42008371499885,100.96452171689383,6725200,ORCL
2024-01-10,101.42405700683594,101.57045580956803,100.25288147728406,100.61399008505047,7270500,ORCL
2024-01-11,102.2536392211914,102.32195766892922,101.05318543291968,101.8437285347646,6119000,ORCL
2024-01-12,104.0396957397461,104.13729246555208,102.44884751526516,102.57572251419765,9703800,ORCL
2024-01-16,104.01042175292969,104.0982640220821,102.88804074452487,103.85426847443554,7547200,ORCL
2024-01-17,103.873779296875,104.91807988720853,103.14179269301074,103.90305756964511,7771500,ORCL
2024-01-18,106.0892562866211,106.26493337073873,104.05921908211519,104.42032771057994,10362300,ORCL
2024-01-19,107.03595733642578,107.5727504810027,106.40156746905832,106.69436508358258,11163800,ORCL
2024-01-22,107.45562744140625,108.0314607509085,106.64556051343567,107.41658726396945,7485300,ORCL
2024-01-23,109.14407348632812,109.97365673235984,106.92859008231235,107.6410602489032,9185900,ORCL
2024-01-24,111.56451416015625,112.64785491298824,110.6080558489234,110.69589066588955,11702700,ORCL
2024-01-25,112.2379379272461,113.38959706643263,111.60354809320947,112.13057930397133,8877200,ORCL
2024-01-26,111.88658905029297,112.70641789876326,111.52547298718488,111.88658905029297,5541800,ORCL
2024-01-29,111.0179672241211,111.83778863869976,110.29574253325617,111.44740174384481,7014400,ORCL
2024-01-30,111.41812896728516,111.65236260498276,109.92486998081114,110.63734024675573,8231900,ORCL
2024-01-31,109.01720428466797,111.52547813781774,108.98792601125483,111.07652723779263,7386700,ORCL
2024-02-01,112.75520324707031,112.99919875567944,109.84678095429452,110.19813508238383,7882200,ORCL
2024-02-02,113.00896453857422,113.69214900766082,112.39409851639628,113.03824280922761,6499400,ORCL
2024-02-05,113.59455871582031,113.91663460353102,112.01346499572902,112.75521349423326,8084500,ORCL
2024-02-06,112.53073120117188,114.14109559609308,112.21841724896359,113.93614026303314,4637500,ORCL
2024-02-07,114.45342254638672,114.76573653406344,112.53074398090519,113.0187350520346,7672900,ORCL
2024-02-08,113.87759399414062,114.96093474241157,113.18464758287632,114.27774279111176,4472800,ORCL
2024-02-09,113.83855438232422,114.52173889087113,112.95041452121323,114.24846508745237,5787100,ORCL
2024-02-12,113.0577621459961,114.28750166882786,112.60881127648821,113.46768028437498,5439600,ORCL
2024-02-13,110.94963073730469,111.46689999043939,110.28596269932112,111.05698934978375,8171700,ORCL
2024-02-14,111.51571655273438,111.96466742407611,110.80324634520461,111.5742730958195,5946100,ORCL
2024-02-15,110.0712661743164,111.56451767906178,109.86631081544478,111.50596113257072,8455600,ORCL
2024-02-16,108.63655090332031,110.39332143110228,108.57799436777809,110.30547918163742,8936000,ORCL
2024-02-20,105.84526824951172,108.10954669070567,105.09376522018952,107.88507495107777,10975600,ORCL
2024-02-21,105.5622329711914,105.77694278953086,103.95186093365172,104.19585647127431,7865300,ORCL
2024-02-22,108.3437728881836,109.20263443878098,107.02619856816803,108.8122401171813,8957800,ORCL
2024-02-23,109.26119232177734,110.64709255277225,109.02695870440384,109.30999440488335,7504500,ORCL
2024-02-26,108.30473327636719,109.8370248535632,108.26569309938833,109.3099936335773,6342900,ORCL
2024-02-27,108.70487976074219,108.83176219477824,107.15307185095058,107.96313875228755,6593100,ORCL
2024-02-28,108.9976806640625,109.32951100219903,108.43160926190349,108.58776997125182,5278300,ORCL
2024-02-29,108.9976806640625,109.73942914116216,107.98265839175572,108.9976806640625,12193900,ORCL
2024-03-01,111.0472412109375,111.2034019197749,108.8415195986001,108.99768030743749,7605100,ORCL
2024-03-04,111.32051849365234,111.84754973326525,110.66661225874756,110.85205124476488,6588100,ORCL
2024-03-05,108.27545928955078,110.48117352999137,107.71914977635609,110.1103030032458,8242000,ORCL
2024-03-06,109.57351684570312,110.33478920624508,108.0119468359116,108.8220138381061,6706400,ORCL
2024-03-07,111.78899383544922,112.04275127365378,109.59303404743369,111.20340604787562,7670100,ORCL
2024-03-08,109.71990966796875,111.58403911722559,108.86104807104914,111.33028167757668,8312900,ORCL
2024-03-11,111.38883209228516,111.99394366240493,108.50968793519843,108.92936052737859,20438300,ORCL
2024-03-12,124.47676086425781,126.26280249031913,121.60737103979291,123.22750493816913,48536100,ORCL
2024-03-13,122.50526428222656,125.70649167778461,121.83184172757794,124.92570305522857,15870300,ORCL
2024-03-14,122.51502990722656,124.73051340945338,121.93920405137747,124.17420391899223,10965900,ORCL
2024-03-15,122.52478790283203,122.98350065940967,120.59234016039157,121.06081482242784,17844900,ORCL
2024-03-18,124.73051452636719,125.85288797695769,123.83260534128135,124.14491931335176,12231400,ORCL
2024-03-19,126.0871353149414,126.10665912762809,123.45197906369938,124.68171864761233,10221000,ORCL
2024-03-20,126.13594055175781,127.55111171463261,125.18923665892787,126.85815782384655,8373300,ORCL
2024-03-21,125.91144561767578,129.58114785226766,125.85288907432464,127.38518812276966,17842400,ORCL
2024-03-22,124.72075653076172,126.10665680604292,124.48652290590331,125.91144846738099,6660000,ORCL
2024-03-25,123.05182647705078,124.60363446109122,123.02254820507305,124.60363446109122,7446100,ORCL
2024-03-26,123.43246459960938,123.89117740483005,122.81759107509954,123.70573841221243,7063900,ORCL
2024-03-27,122.26127624511719,124.75003361632696,121.48049502096602,124.27180446499601,8115900,ORCL
2024-03-28,122.59310913085938,123.13965671051157,122.19295290564808,122.37839188280964,6587400,ORCL
2024-04-01,122.46623992919922,123.23725925286624,121.56833071799808,122.52479647374288,4133600,ORCL
2024-04-02,121.3536148071289,121.9294481374278,120.46547493836134,121.51953742876586,4862400,ORCL
2024-04-03,123.2079849243164,123.37390754942216,121.08034353267956,121.2755444309943,7430000,ORCL
2024-04-04,121.20722198486328,124.91594957682189,121.05106127135632,124.53531714533948,7588300,ORCL
2024-04-05,121.90016174316406,122.97374052838778,121.15841328680035,121.43168707436797,4899500,ORCL
2024-04-08,121.36337280273438,122.11488319055174,120.78754693714284,121.99776265778536,6119200,ORCL
2024-04-09,120.65840148925781,122.1466783717165,118.70992404692147,121.75502420153833,5564100,ORCL
2024-04-10,119.20927429199219,120.5115211345963,118.78824739814957,118.81762015141138,4509900,ORCL
2024-04-11,120.66818237304688,121.23608052250783,118.82741756155251,119.17990555292955,7315200,ORCL
2024-04-12,118.5826416015625,119.29740356418475,117.90703833344983,119.19949188754661,6196900,ORCL
2024-04-15,117.37831115722656,119.91426626679994,116.94749826821138,119.63031716370902,5101500,ORCL
2024-04-16,118.10286712646484,118.9057548133855,117.2510198669758,117.58392105585857,7000000,ORCL
2024-04-17,116.19356536865234,118.51411035312954,116.13481985290288,118.45536483738007,5366600,ORCL
2024-04-18,113.57927703857422,116.28168261838437,113.28553454091889,116.28168261838437,6662400,ORCL
2024-04-19,112.48265075683594,114.33320913391783,112.07141722196936,113.6967794838453,8251500,ORCL
2024-04-22,112.13996124267578,113.91218736887332,111.95392381455733,113.60865890841278,7125500,ORCL
2024-04-23,112.68827056884766,113.44220620665496,112.3553693564421,112.76660290241927,5494800,ORCL
2024-04-24,112.93304443359375,113.31491266152366,111.50351307660696,112.97221059723226,5791800,ORCL
2024-04-25,112.4924545288086,112.59036621705629,110.42648578499539,111.25874634037528,6796600,ORCL
2024-04-26,114.76403045654297,116.72229393837839,113.72615320162855,114.59757985343072,8355100,ORCL
2024-04-29,114.05904388427734,114.86193153894472,112.88408889165541,114.54860970956676,4994100,ORCL
2024-04-30,111.37623596191406,113.10929586318844,111.31749044768922,112.6882689141515,6234700,ORCL
2024-05-01,112.23786163330078,114.32341688972156,111.27831677153489,111.53289309963236,5583600,ORCL
2024-05-02,112.56097412109375,113.39323453350217,111.87558495091781,112.82534385114853,5001000,ORCL
2024-05-03,113.38345336914062,113.78489347995027,112.6686839442797,113.55969737320345,4485000,ORCL
2024-05-06,115.87043762207031,115.89002443866731,113.75551711068215,113.90238835443259,6052400,ORCL
2024-05-07,115.46900177001953,116.64395682286467,114.84235807914452,115.5375406902658,6437700,ORCL
2024-05-08,114.94027709960938,115.51796872446856,114.66612140110638,115.25359896506745,4636000,ORCL
2024-05-09,114.20592498779297,115.27318246357801,114.06884714248955,114.94027378913947,3236200,ORCL
2024-05-10,114.23528289794922,115.1752483450876,113.49114825449468,114.70526935660907,4122500,ORCL
2024-05-13,113.94155883789062,114.74444653463094,113.77510077123144,114.68569355279391,4140000,ORCL
2024-05-14,118.34765625,119.99259787404957,113.70656641810658,114.068847851622,17811200,ORCL
2024-05-15,119.09178924560547,119.54218894352744,117.17269195743187,117.66225782084908,6604600,ORCL
2024-05-16,119.61073303222656,119.8946746537798,118.68055342753861,119.39532286124236,5159300,ORCL
2024-05-17,120.92276763916016,121.00109996974585,119.53240238708399,120.60944578699959,6179400,ORCL
2024-05-20,121.92147827148438,122.07814293209422,120.66819086733426,121.21650970928657,5989000,ORCL
2024-05-21,122.02919006347656,122.743959543966,121.33400740173072,121.86273945506895,5549500,ORCL
2024-05-22,121.99980163574219,122.54812043739727,120.72693497765283,122.02917438990232,5705000,ORCL
2024-05-23,121.50045013427734,124.05598449133352,120.58986481665573,123.90912071118944,6108600,ORCL
2024-05-24,120.34508514404297,120.93256269105291,118.88617348024647,120.84443695040115,7173400,ORCL
2024-05-28,121.89210510253906,122.21522036131645,120.4429943477143,120.66819045885092,6911400,ORCL
2024-05-29,121.15776824951172,121.3340122743689,120.20800919723601,120.42341939097065,4735100,ORCL
2024-05-30,114.64653778076172,118.9057670462072,114.58779226378158,117.66226548878761,10839600,ORCL
2024-05-31,114.74445343017578,114.96964955184103,112.15954617946839,114.15696839759296,12755600,ORCL
2024-06-03,116.79083251953125,116.83979209450675,114.89131455725335,115.07735197794145,7256300,ORCL
2024-06-04,117.56434631347656,117.85808882002773,116.24251997436082,116.53625501072973,7368000,ORCL
2024-06-05,120.0709228515625,120.22758751599531,117.99516833910438,119.11137792754984,5973700,ORCL
2024-06-06,120.92276763916016,121.67669577804641,119.69885298694194,120.31570328239432,7347200,ORCL
2024-06-07,123.2922592163086,123.58600170805626,120.69755877314378,121.61794494178339,11545000,ORCL
2024-06-10,121.90190124511719,124.30077101247026,121.46129495158127,123.10623656839495,10164700,ORCL
2024-06-11,121.29483032226562,122.22500990415645,119.73801453042361,121.46128838588061,18373900,ORCL
2024-06-12,137.45050048828125,138.01839861614593,131.16447733140768,131.87923922494312,40871300,ORCL
2024-06-13,136.93157958984375,139.4283535704439,135.87411551953988,137.49946285058846,13733200,ORCL
2024-06-14,135.24746704101562,137.04906579050945,134.5131182630885,136.35387570697822,11330800,ORCL
2024-06-17,138.36109924316406,138.48839114609865,135.36495860765896,135.90348403503893,11232800,ORCL
2024-06-18,141.62161254882812,142.03284608176912,138.27298383171035,138.27298383171035,11629400,ORCL
2024-06-20,139.92771911621094,142.28743017113473,138.9877460816759,142.28743017113473,8940000,ORCL
2024-06-21,138.54713439941406,140.72080795059156,137.50925719649152,140.72080795059156,14844100,ORCL
2024-06-24,136.97073364257812,138.5765090414888,136.21679804627345,137.0784387277645,7793300,ORCL
2024-06-25,136.2657470703125,136.63782187039945,134.68934454936908,136.09929648615858,8205500,ORCL
2024-06-26,135.3453826904297,137.81279897618302,135.19851889857281,136.57909830348905,8036300,ORCL
2024-06-27,137.2546844482422,138.46881322246722,135.91327870327177,136.34409907284729,7518200,ORCL
2024-06-28,138.25338745117188,139.8395909003611,136.36367051810058,136.53012110751385,25814800,ORCL
2024-07-01,140.10397338867188,141.05373248218288,138.1261378008604,138.73319476936032,6552400,ORCL
2024-07-02,140.2899932861328,141.21037950414893,139.57523130548043,139.65356363683972,5920500,ORCL
2024-07-03,141.36703491210938,141.63138970523062,140.5053942639299,140.75017718076603,3560800,ORCL
2024-07-05,141.80764770507812,142.74760578241356,141.01455340846252,141.92513872965398,5365500,ORCL
2024-07-08,142.0034942626953,142.19931764910714,140.43687729066724,141.73912447383765,8622600,ORCL
2024-07-09,137.74423217773438,142.6594772021828,135.12016654945268,142.10137993542395,14334200,ORCL
2024-07-10,139.1052703857422,139.40879887158715,136.82389136132593,138.1750831673573,6350300,ORCL
2024-07-11,140.17550659179688,140.88247310722315,139.11505681865745,139.78275407547034,5245100,ORCL
2024-07-12,142.14910888671875,142.5025920976734,138.70264383427428,140.12640522835724,7361800,ORCL
2024-07-15,140.47987365722656,143.93613693115557,139.3506842215165,143.0917057373167,8687800,ORCL
2024-07-16,140.02821350097656,140.90210049358615,139.47835404259928,140.47989233181306,7181500,ORCL
2024-07-17,136.73887634277344,139.22307283764448,136.16937467837923,137.9367910536459,9157000,ORCL
2024-07-18,135.53114318847656,137.52439145090128,134.71616747300737,136.83706704705625,5998700,ORCL
2024-07-19,136.05152893066406,137.89749849771457,135.58022297106154,135.84533912820197,6111900,ORCL
2024-07-22,137.6323699951172,138.133131595868,136.6013761276467,137.21016187767836,5387200,ORCL
2024-07-23,140.5191650390625,140.62717421979386,138.65356826193562,138.74193532365757,6697400,ORCL
2024-07-24,136.2577362060547,140.07731172207,135.89442443368975,139.13468480309024,8018800,ORCL
2024-07-25,135.32493591308594,138.5160984319131,135.2070981857977,137.61274078040427,7654600,ORCL
2024-07-26,136.49339294433594,137.42620637214927,135.87480849213344,136.35592806800784,5139400,ORCL
2024-07-29,135.80604553222656,137.24943398017055,135.32492603794208,136.74867236901366,4054600,ORCL
2024-07-30,133.2138671875,137.04327168851333,132.5167292153799,136.55232354601534,6505700,ORCL
2024-07-31,136.92543029785156,138.98741843442153,136.149738845694,137.16109079368889,7188000,ORCL
2024-08-01,135.02053833007812,137.8484041231443,133.31204856555624,136.76831233202967,5906800,ORCL
2024-08-02,130.86712646484375,131.86866480023846,129.41392426033286,130.36636478842001,8251600,ORCL
2024-08-05,125.54525756835938,127.61705929549417,124.36698504193086,125.57471325782898,10355000,ORCL
2024-08-06,125.888916015625,128.66766902447856,125.76126471762196,128.17672093375512,8373900,ORCL
2024-08-07,123.62074279785156,127.94108791579046,123.4734568580166,126.58606625883777,8617700,ORCL
2024-08-08,126.62535095214844,127.46978235285741,125.33906173035737,125.6827239303496,6243200,ORCL
2024-08-09,129.66920471191406,129.97359012482195,126.01654979192665,126.07546116441895,5597300,ORCL
2024-08-12,130.17982482910156,130.30747615386943,128.8346315728859,129.8557972233792,5600800,ORCL
2024-08-13,131.8293914794922,132.10432124412753,130.4056448449416,130.5627518483185,4324000,ORCL
2024-08-14,133.1451416015625,133.5084384308577,131.58391512915045,131.61337081895556,4044600,ORCL
2024-08-15,134.45103454589844,134.7652485100031,133.26294857767562,134.45103454589844,4698100,ORCL
2024-08-16,134.98126220703125,135.32493184559374,133.92081258858963,134.31356504762167,4893800,ORCL
2024-08-19,135.42312622070312,135.45258190899432,133.98956611537307,135.04018729037003,3641600,ORCL
2024-08-20,136.6505126953125,137.25928363550761,135.32496161754415,135.32496161754415,3738300,ORCL
2024-08-21,137.66184997558594,137.7600455926935,136.04172717114452,136.2872012313658,3776800,ORCL
2024-08-22,135.58023071289062,138.52591934806554,135.15800755092434,138.15279399319496,5162200,ORCL
2024-08-23,136.670166015625,137.25929488205458,134.77509812136128,136.21848706706692,4544600,ORCL
2024-08-26,136.3853759765625,136.87632407580506,135.68823806586437,136.8665105075371,2729600,ORCL
2024-08-27,135.9729766845703,136.9745149676186,135.24638311156465,135.35439228897718,3872200,ORCL
2024-08-28,135.38388061523438,136.43450197377365,134.431439907302,136.31667920002533,3022600,ORCL
2024-08-29,136.89598083496094,138.60448579675466,136.3363077328957,136.62105106858704,4588400,ORCL
2024-08-30,138.73211669921875,139.1543398841232,137.56367272912746,137.78950467497978,7980700,ORCL
2024-09-03,136.97451782226562,139.62563452554207,136.31664917615032,137.90731620160682,6831200,ORCL
2024-09-04,138.20188903808594,138.5455586983397,135.45257670369634,135.93371123154225,6243300,ORCL
2024-09-05,140.02821350097656,140.68608213743127,137.76984931188713,138.84011254212479,8733200,ORCL
2024-09-06,139.24269104003906,141.3341346400482,136.87631771583247,141.18684122759126,11154800,ORCL
2024-09-09,137.3574676513672,140.70573750448645,136.9843422769586,139.91040392855064,20233400,ORCL
2024-09-10,153.06781005859375,157.61399461659923,150.34795317554406,151.43785864257495,37374200,ORCL
2024-09-11,154.33444213867188,156.5535372058485,152.03680855778845,153.94168963994815,12630100,ORCL
2024-09-12,158.4584197998047,159.40103179875373,155.0414101016085,156.16077121445275,16161300,ORCL
2024-09-13,159.0966339111328,170.79102079495829,158.0852820629981,170.5553603223899,25727800,ORCL
2024-09-16,167.2463836669922,170.84012740042377,161.53174051882587,162.00306148824282,27384400,ORCL
2024-09-17,164.43817138671875,167.55078079975416,163.7508469864906,167.1972975392728,12580100,ORCL
2024-09-18,161.55136108398438,164.58541637988444,160.76584122230744,164.58541637988444,12274400,ORCL
2024-09-19,164.55599975585938,165.11568784676348,161.5317573092087,164.2221586047317,10075900,ORCL
2024-09-20,164.95855712890625,165.7735327507225,163.583908479184,164.10431225247504,12187700,ORCL
2024-09-23,162.9456787109375,164.30070032220289,161.28627166121052,164.20250470477438,7916100,ORCL
2024-09-24,162.7984161376953,163.0929880361494,160.952446224429,162.73950475451431,6155100,ORCL
2024-09-25,163.26971435546875,165.6949993970998,162.66094344839564,164.6541917240206,7142400,ORCL
2024-09-26,165.05674743652344,165.31203503968555,163.46606549860934,164.614882186658,7096800,ORCL
2024-09-27,165.6851806640625,166.04847748663204,163.49554121209752,165.0469391041549,8974400,ORCL
2024-09-30,167.3151092529297,167.43294698700967,163.43662219532237,166.4314086513397,10210300,ORCL
2024-10-01,164.13377380371094,167.42311711255823,162.9653149184237,167.13837380442257,7595100,ORCL
2024-10-02,164.67381286621094,166.11718644869006,164.24177615524454,164.56580368846934,7073000,ORCL
2024-10-03,163.83920288085938,164.8210990949404,163.23043202254425,163.86865856867803,4735700,ORCL
2024-10-04,167.7667999267578,167.8060691858535,165.1254965217609,165.65572890611665,6386900,ORCL
2024-10-07,166.8928985595703,169.2101741943013,166.4805039528657,167.33474885371476,6791000,ORCL
2024-10-08,171.21324157714844,171.4783577555176,167.35439656804724,167.5115035613436,7845400,ORCL
2024-10-09,175.0623016357422,175.37651567370068,170.66340998217296,171.39983227826949,8120900,ORCL
2024-10-10,172.62168884277344,175.46574884494228,171.4112300928601,174.82607222557053,7115900,ORCL
2024-10-11,172.97596740722656,174.18641114453243,171.6277346918473,172.71025511788383,5869400,ORCL
2024-10-14,173.32041931152344,174.40293989063034,172.71027953942922,173.7435919074426,4688700,ORCL
2024-10-15,171.3226776123047,175.38703231366284,170.98808582523415,174.12738027837875,5848600,ORCL
2024-10-16,171.9918670654297,172.1296410302121,168.91161661879363,170.74205073160903,6383000,ORCL
2024-10-17,172.88742065429688,174.92452357972874,172.3560109872756,174.678497526874,5474000,ORCL
2024-10-18,171.9131317138672,174.15688765281504,171.80487967224096,173.9895917732537,5001300,ORCL
2024-10-21,170.99795532226562,172.36585967909804,170.40750176043449,171.6769896821752,4198400,ORCL
2024-10-22,172.5232696533203,173.05469422184507,171.50964373570068,172.66104361252388,5510100,ORCL
2024-10-23,170.34841918945312,173.27120945576294,170.25983841150716,171.72615887016914,4830400,ORCL
2024-10-24,171.60806274414062,172.16899422360498,170.1614286424504,170.56491489203432,3488000,ORCL
2024-10-25,170.76174926757812,173.48770683892457,170.3484273435787,172.0017150395764,3674700,ORCL
2024-10-28,169.6792449951172,171.4014273515426,169.4036970193882,171.28333965229828,4330000,ORCL
2024-10-29,170.6731719970703,171.25380484590303,169.551293889921,169.551293889921,4122900,ORCL
2024-10-30,171.7852020263672,173.35977452625275,170.0433336385072,171.2144198705646,5822500,ORCL
2024-10-31,165.17201232910156,168.1636969085718,164.73900416500175,167.80941886669336,9477500,ORCL
2024-11-01,167.3173828125,169.53161703122657,166.41200884501353,167.44530613409648,5680600,ORCL
2024-11-04,166.8942108154297,167.77006286430674,166.04788068827145,167.6027669691546,4804400,ORCL
2024-11-05,169.0493927001953,169.157644746468,167.6126091946515,167.76021879582512,5456800,ORCL
2024-11-06,178.35903930664062,179.2053694656364,174.59975429316887,175.68227485103705,11085000,ORCL
2024-11-07,183.40748596191406,183.7027202106954,177.67015695509215,178.20158160614608,7759400,ORCL
2024-11-08,186.24169921875,187.1372375454424,183.29922258086216,183.29922258086216,8520400,ORCL
2024-11-11,186.12362670898438,188.45594878959153,184.85412391901085,188.01310491578786,5973600,ORCL
2024-11-12,186.56643676757812,187.58006267892094,184.2242644593857,185.54296020591622,6629900,ORCL
2024-11-13,186.6156463623047,188.72162832207405,185.78898758980142,185.99565603698608,5695400,ORCL
2024-11-14,184.07667541503906,186.57629322877668,183.74208362401473,185.66108362105066,7804300,ORCL
2024-11-15,180.8192901611328,182.84654217562374,179.43169979602476,181.5868901468869,8986300,ORCL
2024-11-18,182.77764892578125,183.22049276423232,179.97296127143332,181.3703872810666,6289400,ORCL
2024-11-19,185.8972625732422,186.31059951862403,181.39007891037267,181.95101045126998,8117000,ORCL
2024-11-20,187.7178497314453,187.9343538262746,184.8344320390388,187.86545933417605,4860200,ORCL
2024-11-21,189.3711395263672,192.92375582992327,188.59370391597764,188.88893814107314,11394300,ORCL
2024-11-22,189.23338317871094,191.1130257367449,188.02293926095996,189.93210374262898,6879400,ORCL
2024-11-25,185.0017547607422,191.65429377555222,185.0017547607422,191.40826772449245,15138500,ORCL
2024-11-26,187.34390258789062,189.34163281490473,185.3265010895301,185.3265010895301,6427200,ORCL
2024-11-27,179.79580688476562,185.95630784654676,179.32344114543517,185.95630784654676,8368800,ORCL
2024-11-29,181.9018096923828,182.97447962501974,181.07516580023534,181.0850014360093,4628000,ORCL
2024-12-02,178.5263214111328,182.34463495893715,178.1228351419973,182.34463495893715,8859700,ORCL
2024-12-03,179.9827880859375,180.1303976861082,176.26287599927477,178.299963562811,8917100,ORCL
2024-12-04,185.19854736328125,186.7731048657722,182.94494063355563,185.01156518735579,8906300,ORCL
2024-12-05,183.27952575683594,186.0153335470307,182.89572581551323,186.0153335470307,6398100,ORCL
2024-12-06,188.64292907714844,189.56798939134373,183.41733838338328,184.02747815817688,10503400,ORCL
2024-12-09,187.42263793945312,195.15769738919496,185.92679538241026,193.17965339470027,20158000,ORCL
2024-12-10,174.91465759277344,174.9737014326153,168.34083479272118,170.70269350004705,26502000,ORCL
2024-12-11,175.74131774902344,178.49681232272565,172.05092725287867,175.1705355503379,13188700,ORCL
2024-12-12,172.53314208984375,175.3378298312641,172.0312393766123,175.170533932266,8154200,ORCL
2024-12-13,170.6337890625,173.34007501655537,168.9116070917375,172.2181970762509,8351100,ORCL
2024-12-16,168.50814819335938,171.49983319703065,168.21291394722587,171.0766606071172,9572000,ORCL
2024-12-17,167.01229858398438,170.24015854398442,166.57929041584657,168.0357601499355,8940200,ORCL
2024-12-18,162.78065490722656,168.5081326836056,162.7314467013606,166.71707111672612,8817900,ORCL
2024-12-19,166.10691833496094,168.2817949232771,164.73901428681884,164.88663890614245,8386400,ORCL
2024-12-20,166.9630889892578,168.5376463865458,162.9971510528518,165.0637604523364,13810500,ORCL
2024-12-23,166.4513702392578,166.92373601226345,164.51268392175558,166.89421408996543,6518200,ORCL
2024-12-24,168.685302734375,169.03958084326192,166.34312995805377,167.00247796310254,2451500,ORCL
2024-12-26,168.95098876953125,169.8071695682955,167.78975311121815,167.78975311121815,4100100,ORCL
2024-12-27,166.2742462158203,168.4294217221083,164.54221327617103,167.6716723272496,4344300,ORCL
2024-12-30,164.25682067871094,165.24092478915858,161.93433437740507,163.86317002478967,5254800,ORCL
2024-12-31,163.99110412597656,164.6406164259822,163.20381785471855,164.5422000109862,4307500,ORCL
2025-01-02,163.3907928466797,166.00851320157088,162.27875047433236,165.84121731642554,5360800,ORCL
2025-01-03,163.67620849609375,164.54220993208025,162.6428961412787,164.05015785990523,5876000,ORCL
2025-01-06,163.0561981201172,165.37868421713543,162.56414610817464,164.6504418336156,6845400,ORCL
2025-01-07,159.45437622070312,163.51873070653102,158.75567076218047,162.94794856202418,7712200,ORCL
2025-01-08,160.54673767089844,161.37338148730387,158.86391310099634,159.6019911548376,7596200,ORCL
2025-01-10,152.4178009033203,157.05445591369823,151.84561576669083,157.05445591369823,13593900,ORCL
2025-01-13,151.84561157226562,152.07250763725156,150.36582713835213,151.66804466570593,8828500,ORCL
2025-01-14,154.20339965820312,155.13073363821624,152.26982310907178,154.31191778465455,7410200,ORCL
2025-01-15,156.1764373779297,157.00511299845525,155.14058532570036,156.5315862228899,10701200,ORCL
2025-01-16,157.38986206054688,159.32345363203478,156.27510138272783,157.9916416516234,9210600,ORCL
2025-01-17,158.8597869873047,160.96108565544463,158.37638533011818,159.5898193781923,11618300,ORCL
2025-01-21,170.24427795410156,171.03348429590918,160.5566150610086,161.66151598205613,30232000,ORCL
2025-01-22,181.7372589111328,189.40254644151932,178.13645616770688,188.9290045876248,48028500,ORCL
2025-01-23,183.95692443847656,184.0555827487001,179.05390447263278,179.19201707505889,17314600,ORCL
2025-01-24,181.1256103515625,186.55148629827642,179.41891489733186,186.09767914116753,12147200,ORCL
2025-01-27,156.1468505859375,170.1949427468711,150.60259645007028,166.62371944856076,42201600,ORCL
2025-01-28,161.7897491455078,163.59508778686242,154.63745840584357,160.79336647538994,20319300,ORCL
2025-01-29,159.83645629882812,161.81936205540683,157.85353548910348,161.81936205540683,9866600,ORCL
2025-01-30,168.0837860107422,169.17882709370522,161.88842305313997,162.55925143751233,14981700,ORCL
2025-01-31,167.7681121826172,170.66849243951486,166.8506529458809,168.11340128106596,8704600,ORCL
2025-02-03,166.32777404785156,167.6102418299768,161.00054112899153,161.00054112899153,8250600,ORCL
2025-02-04,165.62733459472656,168.1035017370577,164.1080959015154,168.1035017370577,6777000,ORCL
2025-02-05,169.34652709960938,169.57342315504204,166.2488457505018,166.712512724524,7866700,ORCL
2025-02-06,170.02723693847656,173.28275064024098,169.25775023953454,170.66847083654636,7036900,ORCL
2025-02-07,172.10879516601562,174.99930009475284,170.84603198011322,172.6415109191824,9991300,ORCL
2025-02-10,176.50868225097656,177.56426902008891,172.56259049919132,173.6280370785508,7625900,ORCL
2025-02-11,174.802001953125,176.70598399970234,174.07196955920276,175.22619959134445,6528800,ORCL
2025-02-12,169.89898681640625,172.53300133556849,168.40934255330467,172.53300133556849,7454800,ORCL
2025-02-13,171.51686096191406,172.029857051792,169.78058618874613,170.66845072036912,6421700,ORCL
2025-02-14,171.8128204345703,172.67109048340592,170.48100858700678,171.90160387690284,7260900,ORCL
2025-02-18,177.3768310546875,179.78394948336603,173.71682425308614,174.36793301883935,11430500,ORCL
2025-02-19,179.0736541748047,179.23148641000648,173.33208324960998,176.1732742272854,8688500,ORCL
2025-02-20,173.6280059814453,177.84046238689785,172.0791580207614,177.38665529333628,8737000,ORCL
2025-02-21,165.54840087890625,174.49617056086515,165.29191035110583,173.74640354351183,9713900,ORCL
2025-02-24,167.66943359375,171.8226864463217,162.4408593725837,171.2307817562607,10639100,ORCL
2025-02-25,166.2685546875,168.3008044052419,162.2238200302051,167.00844682576488,8316100,ORCL
2025-02-26,170.14559936523438,171.52672535200924,166.85061661596848,168.67567488041064,6915100,ORCL
2025-02-27,162.53952026367188,172.50340835215732,162.3619533533304,170.66847501289857,7436800,ORCL
2025-02-28,163.82200622558594,163.91078968242658,158.64276049916796,160.91176639946605,12843300,ORCL
2025-03-03,159.83645629882812,164.86771442919294,158.9584514549923,164.70000733016204,8081800,ORCL
2025-03-04,155.3477783203125,157.60690937137895,151.4510154732645,157.0741935737138,13171900,ORCL
2025-03-05,159.3826446533203,160.30011882019525,154.93343158861498,155.92981434435532,7141000,ORCL
2025-03-06,148.90576171875,155.0419350636517,147.71206244421117,155.0419350636517,12321200,ORCL
2025-03-07,153.0688934326172,154.3710958045323,146.49864744940436,148.5900711347061,12646500,ORCL
2025-03-10,146.78475952148438,150.46450137474042,144.82158826546376,148.5013150655725,21486100,ORCL
2025-03-11,142.23684692382812,143.81528939007725,135.84418353649076,141.4870950315884,27200200,ORCL
2025-03-12,148.8564453125,150.17838243488725,143.05568562785479,144.2592448148478,15373900,ORCL
2025-03-13,145.66998291015625,148.14615010402989,143.51935504413277,147.7712665647355,14187700,ORCL
2025-03-14,147.25828552246094,148.84658808013847,145.887019218862,146.9129964673871,9330000,ORCL
2025-03-17,151.93438720703125,153.65094248116975,148.3730389172199,148.3730389172199,9885000,ORCL
2025-03-18,147.43585205078125,150.36582642018772,146.6269110584079,150.31649726199709,9402500,ORCL
2025-03-19,150.39540100097656,151.99357820660455,147.97842310095632,148.03761206169372,6909500,ORCL
2025-03-20,150.6617889404297,152.40793880940322,148.78740132170154,149.53715335856361,7051600,ORCL
2025-03-21,150.1783905029297,151.7666931184279,148.08696658183126,149.60620536254223,17620200,ORCL
2025-03-24,152.78280639648438,154.4895019599985,151.95413072067907,154.23299635571655,7848300,ORCL
2025-03-25,151.85546875,153.50297530462936,150.98733879996044,152.42765386090417,8521200,ORCL
2025-03-26,145.80810546875,150.96761665208254,144.58481150396042,150.82950403131167,13210000,ORCL
2025-03-27,143.81532287597656,145.058336446699,142.96691248712415,143.88438671203437,9148300,ORCL
2025-03-28,138.97146606445312,143.6870439814721,137.23519130504175,141.84225110877605,13144500,ORCL
2025-03-31,137.92576599121094,138.6952526587266,134.91686809738954,136.7715359899375,15509900,ORCL
2025-04-01,140.02706909179688,141.31941174004373,136.88991830197386,137.87644124605794,9518500,ORCL
2025-04-02,143.8942413330078,145.89688176240273,137.97510349956963,137.97510349956963,11594400,ORCL
2025-04-03,135.3805389404297,139.4943377968639,134.7984940181585,137.37331949556932,14433800,ORCL
2025-04-04,126.54130554199219,132.01651103461612,125.23908799644015,131.11877151940791,14986900,ORCL
2025-04-07,125.4462661743164,132.30259789790276,117.25812240196213,117.25812240196213,19482700,ORCL
2025-04-08,122.82209777832031,131.1976823953474,120.05983072127137,130.7537350596572,11950300,ORCL
2025-04-09,137.80738830566406,138.69525290726696,121.73692912869234,121.73692912869234,17762000,ORCL
2025-04-10,132.02542114257812,135.29262967794077,127.97603622458652,135.29262967794077,12401600,ORCL
2025-04-11,131.03533935546875,131.67887669492453,127.56019542219269,130.79771789877358,10190200,ORCL
2025-04-14,133.30259704589844,135.44114501896067,131.55017453125961,135.44114501896067,8217700,ORCL
2025-04-15,132.60955810546875,135.12432129141297,132.3917421869356,133.42140507772925,8630000,ORCL
2025-04-16,128.47105407714844,131.2234383914884,126.58003054143829,130.96602647902318,8295200,ORCL
2025-04-17,127.3423843383789,129.99577116305585,127.16417956954382,129.5997353869443,8925500,ORCL
2025-04-21,121.60000610351562,125.93649604059752,120.03569872053887,125.62957774462994,12201200,ORCL
2025-04-22,125.9760971069336,126.71864720451657,122.164341450063,123.26331619877463,11233700,ORCL
2025-04-23,130.09478759765625,134.520387950627,129.68887164084518,133.56993216489585,9528900,ORCL
2025-04-24,136.14407348632812,136.49060289205306,130.68881112712089,131.19373973151292,7305900,ORCL
2025-04-25,137.11436462402344,137.6192932830811,135.4015380822217,136.12429776587177,5476400,ORCL
2025-04-28,138.74794006347656,139.27267418067274,136.70840517668117,138.2628019652005,6985100,ORCL
2025-04-29,139.39149475097656,139.75782973101965,138.16382161731238,138.42123354048258,4851500,ORCL
2025-04-30,139.3221893310547,139.89642983857019,134.22335179214335,137.10443445105196,9443500,ORCL
2025-05-01,144.04483032226562,147.16353483256674,143.8963112315906,145.1041939877528,11525800,ORCL
2025-05-02,149.23277282714844,151.53963041221166,146.85661841798887,146.85661841798887,11346000,ORCL
2025-05-05,147.80703735351562,149.32185316334244,147.04469694207583,147.95555640913895,5187400,ORCL
2025-05-06,146.2328643798828,147.46055265922456,144.272536331945,145.52001507022896,5108600,ORCL
2025-05-07,147.88626098632812,148.41099513883339,145.77742914771574,146.0348410560631,6049600,ORCL
2025-05-08,148.80703735351562,150.30203272557137,147.1338221085414,147.56945390098676,6113600,ORCL
2025-05-09,148.8466339111328,150.2921380360522,148.3020941686214,148.5496108600157,4707100,ORCL
2025-05-12,155.6582794189453,155.86618495473178,152.88608978645328,154.75731514462223,7875500,ORCL
2025-05-13,160.65814208984375,161.59870251800118,156.00483120273316,156.64836857273028,11955200,ORCL
2025-05-14,161.3313751220703,161.78681247772212,159.460149554581,160.7472393608459,7499400,ORCL
2025-05-15,157.81663513183594,160.133402826302,157.3315120891918,159.75717262407198,10169200,ORCL
2025-05-16,158.89581298828125,159.24232727520143,156.94538034551545,158.41067485792993,8515500,ORCL
2025-05-19,158.05426025390625,160.36111766561754,156.26224179813906,156.72757439360814,10268900,ORCL
2025-05-20,158.71759033203125,158.76709668849756,155.96520611335694,157.05428552673985,7576400,ORCL
2025-05-21,155.61868286132812,159.3017323408027,154.9058487075384,156.7770742408828,6011000,ORCL
2025-05-22,155.74740600585938,157.60873642554446,155.26228294212223,155.42068214875164,7603300,ORCL
2025-05-23,154.42071533203125,155.8167131035233,152.7276945080826,153.4504541274117,6527500,ORCL
2025-05-27,160.30169677734375,160.78681977282315,157.34139202107906,157.73742774998078,6976800,ORCL
2025-05-28,162.22244262695312,162.68777520687345,159.6779638343156,160.26209958963017,8090700,ORCL
2025-05-29,161.28187561035156,163.6778505597138,159.88589290441695,163.36102193237912,6994700,ORCL
2025-05-30,163.8857421875,164.1035580734601,159.94528089032755,161.80659604232414,17547900,ORCL
2025-06-02,164.91542053222656,165.34114196966527,160.98485445167555,162.53925134378008,7166000,ORCL
2025-06-03,167.45989990234375,167.64801501369473,164.93522651143107,165.14314718903495,7155300,ORCL
2025-06-04,166.4302215576172,168.78657007664776,165.90548740496448,168.02422957998277,6375800,ORCL
2025-06-05,169.44003295898438,170.54890294990966,167.0836691210476,167.32129059362612,7707800,ORCL
2025-06-06,172.2914276123047,173.0537681660011,170.9449361690324,172.2716220464156,6833700,ORCL
2025-06-09,175.39031982421875,176.94473188297388,172.0636949189789,173.12307359961633,9668900,ORCL
2025-06-10,175.717041015625,176.08337598281472,172.54883046491392,175.94476724332173,11056700,ORCL
2025-06-11,174.6279754638672,177.76648519933795,174.44975559590466,175.78635173035556,18002900,ORCL
2025-06-12,197.87472534179688,200.47860551914513,187.00379753130048,188.07307134815204,54610000,ORCL
2025-06-13,213.08218383789062,214.448480894246,199.20144268535708,199.57767291414385,53707400,ORCL
2025-06-16,209.0030975341797,213.0326613618435,207.8942124982658,211.08222865048126,22665300,ORCL
2025-06-17,206.11207580566406,213.7356013871634,205.41903214567833,208.56745206849743,17819200,ORCL
2025-06-18,208.77537536621094,212.58713848109593,207.4883006484555,208.99319126461694,15055400,ORCL
2025-06-20,203.13198852539062,211.67626921201432,202.60725436876237,211.23074220639663,20879100,ORCL
2025-06-23,204.9833984375,205.21112465071687,200.5280983849447,203.4685976282087,13418400,ORCL
2025-06-24,213.1316680908203,214.22073242383567,206.47841849117773,207.9041169921325,19030600,ORCL
2025-06-25,208.62686157226562,214.77516747658547,208.14172343824995,212.80494436177884,11804600,ORCL
2025-06-26,210.7060089111328,212.29010661616243,208.2704381060633,209.89414694036984,10531100,ORCL
2025-06-27,208.15164184570312,212.51782479227597,207.87442436043563,211.56736915913598,14127500,ORCL
2025-06-30,216.45831298828125,225.9530501355281,216.2107962840847,224.25013400207814,31844200,ORCL
2025-07-01,216.78501892089844,220.9531914147849,214.16133300908155,217.1216379850318,16962200,ORCL
2025-07-02,227.695556640625,229.59648306878665,214.56727641462405,215.5177320750947,22326900,ORCL
2025-07-03,234.96266174316406,235.6260046905767,228.9034426151673,230.90338179409025,18441400,ORCL
2025-07-07,229.95291137695312,232.91321657133702,227.22033242559763,232.7746078225122,16584300,ORCL
2025-07-08,232.170654296875,239.0417200011104,230.8736692635871,234.77453469963217,20401800,ORCL
2025-07-09,233.46763610839844,234.16067980663516,229.69548423700618,233.17061306423426,10871600,ORCL
2025-07-10,233.16006469726562,238.18044494462615,231.6718089651554,238.0613893306398,11486300,ORCL
2025-07-11,228.7548370361328,232.167906112384,228.07023694197161,229.55849275038432,10208200,ORCL
2025-07-14,227.48486328125,228.8342158394993,223.35743014550846,227.65353045861602,11337000,ORCL
2025-07-15,233.12039184570312,233.75538037239969,227.40547996611332,230.5903539939531,10728800,ORCL
2025-07-16,239.41075134277344,239.4405152474564,231.36424775819557,233.6561592547084,12597500,ORCL
2025-07-17,246.80242919921875,249.63012137843586,240.11519410965505,241.4347827840016,17631300,ORCL
2025-07-18,243.52825927734375,247.72513647875357,243.08178555622717,246.5543824927447,9678100,ORCL
2025-07-21,241.63319396972656,244.8676794495507,241.33555493480304,243.38933997237635,7348400,ORCL
2025-07-22,236.2457275390625,240.39299312331602,233.56687011284907,240.08542267865772,11380900,ORCL
2025-07-23,240.00604248046875,241.51414590829629,236.79141968820662,238.0713129963627,7255800,ORCL
2025-07-24,240.9287872314453,242.16900047432472,238.67655574336618,240.51207739855644,8237900,ORCL
2025-07-25,243.2008514404297,243.54811720446355,239.53973952200693,240.4426183970375,7149600,ORCL
2025-07-28,245.7705535888672,245.8399976492654,241.5141337979448,244.07393542522038,6756800,ORCL
2025-07-29,248.0227813720703,251.0885997726585,244.65932392811294,246.7528043226264,8415300,ORCL
2025-07-30,248.637939453125,249.08441316120988,243.67708683146904,246.69327856413472,8441400,ORCL
2025-07-31,251.78311157226562,258.82751302603447,251.33663787593076,253.76745256870538,15548700,ORCL
2025-08-01,242.50633239746094,246.46509847896678,240.10528140017777,245.88963772335518,12718200,ORCL
2025-08-04,250.55284118652344,250.9298708602797,243.97474524347075,243.97474524347075,8614800,ORCL
2025-08-05,253.66824340820312,256.4661564945478,249.4019070034579,253.41028451464035,11197300,ORCL
2025-08-06,254.4222869873047,254.8290805464299,249.74917217266304,254.8290805464299,9930200,ORCL
2025-08-07,247.43740844726562,255.7418860974401,244.58988386411806,255.69225940363955,11954200,ORCL
2025-08-08,248.0922393798828,248.92565897594278,245.9193835378318,248.07239173064696,8313300,ORCL
2025-08-11,250.70166015625,252.69593275312727,243.63741032277125,246.45517119575186,9012100,ORCL
2025-08-12,251.87242126464844,255.8510197963839,249.1141882938347,250.60244414740995,9998400,ORCL
2025-08-13,242.2681884765625,255.652589279729,240.74025254860607,255.15650402347657,14182100,ORCL
2025-08-14,243.0421142578125,246.97110131409255,240.67082715455265,243.0321828627519,10285600,ORCL
2025-08-15,246.3361053466797,248.6677122176607,241.02798679665295,244.98675277993945,11554000,ORCL
2025-08-18,247.1199188232422,247.2092105366558,241.71257737472294,244.27237913449127,6759900,ORCL
2025-08-19,232.78305053710938,247.29851058685009,230.41176351859968,247.29851058685009,16819300,ORCL
2025-08-20,233.2196044921875,234.03319160110135,226.46292554339232,230.3621484950748,11256400,ORCL
2025-08-21,231.33448791503906,234.0728731691948,230.61019251684846,231.2253485495118,7403100,ORCL
2025-08-22,234.51934814453125,236.6326762613855,229.64780224813688,232.22743659548593,9343600,ORCL
2025-08-25,233.56687927246094,237.1585319182704,233.4279759971899,235.49169261501788,6308600,ORCL
2025-08-26,232.3762664794922,235.05512388247692,230.88801068457616,233.16007453684682,11805200,ORCL
2025-08-27,233.96372985839844,234.67809384992702,230.8582312602067,233.160074152759,5637600,ORCL
2025-08-28,238.4384307861328,240.05565846716186,233.2791318808173,233.69584168975658,8691500,ORCL
2025-08-29,224.35952758789062,236.3548657046265,221.36316833767134,235.7496410736107,16618600,ORCL
2025-09-02,223.53602600097656,223.6848455264553,217.0769860874216,220.26186018655545,10461900,ORCL
2025-09-03,221.70050048828125,224.13131524343146,220.01381362589055,224.13131524343146,8900800,ORCL
2025-09-04,221.2540283203125,221.8195727896196,217.84095927281098,220.26185778972814,10303100,ORCL
2025-09-05,230.97732543945312,232.7830681116322,224.12142276020785,230.72928278222417,15386100,ORCL
2025-09-08,236.61282348632812,240.5219777923742,233.46764472652313,238.0117875654743,18803000,ORCL
2025-09-09,239.6190948486328,241.58360336225817,232.72351281966044,238.0613950175927,41178700,ORCL
2025-09-10,325.7593078613281,343.01316637944586,309.64646957428874,316.6908857673963,131618100,ORCL
2025-09-11,305.4496154785156,328.4084568766953,302.21516002745483,327.753620670634,69986000,ORCL
2025-09-12,289.8923645019531,305.5587449090222,289.46573846106924,303.3958205226135,51781900,ORCL
2025-09-15,299.7744140625,304.62611213800636,294.9623810069887,304.05066656166537,40004000,ORCL
2025-09-16,304.24908447265625,317.464803090706,299.9033727423266,311.6010716730762,51923300,ORCL
2025-09-17,299.05010986328125,306.24334588785365,292.7200573170751,305.28093930514456,27707900,ORCL
2025-09-18,294.2976379394531,301.4412783566387,289.71381462119393,300.66738650133055,24673100,ORCL
2025-09-19,306.2433776855469,308.67417746181854,294.9921668378368,296.659006160762,40776200,ORCL
2025-09-22,325.58074951171875,326.9201857670998,304.5169887873617,307.20576241383026,44437500,ORCL
2025-09-23,311.37286376953125,322.4554219002116,307.6224603813452,321.46325137128787,35280200,ORCL
2025-09-24,306.044921875,310.02353550216606,297.68093133705037,309.41829571682797,33765300,ORCL
2025-09-25,289.0490417480469,296.4109607742308,286.29080874679977,292.9581962555282,39274900,ORCL
2025-09-26,281.24066162109375,291.6981479190695,280.7842716363832,290.7059773479162,25990700,ORCL
2025-09-29,280.546142578125,283.74093282556447,277.42078125448995,282.37173267971315,25778500,ORCL
2025-09-30,279.03802490234375,281.7764252026331,273.73983800556215,281.46885476642854,23880800,ORCL
2025-10-01,286.7471923828125,287.7195000486679,275.7043303935629,276.61711025451444,23378300,ORCL
2025-10-02,286.51898193359375,292.6605194541117,283.8103456991707,289.5153257984928,16215500,ORCL
2025-10-03,283.8996887207031,292.3331381880587,281.77642926223274,287.33259026115996,13688400,ORCL
2025-10-06,289.3069763183594,294.35712024812665,288.52315318907694,290.0907994476418,14076800,ORCL
2025-10-07,282.0145263671875,290.9242281406545,268.87819895606344,290.9242281406545,31723400,ORCL
2025-10-08,286.37017822265625,289.247466636652,281.3795617845911,283.1853193738434,18982100,ORCL
2025-10-09,295.146240234375,299.13175794613176,285.5055034066416,289.7692794097808,26479800,ORCL
2025-10-10,291.1706848144531,305.8405451253415,290.2265053116295,298.44598385734787,28895300,ORCL
2025-10-13,306.1287841796875,308.802356955633,295.9214906083015,296.8756490770431,21703700,ORCL
2025-10-14,297.1737976074219,302.5607072174655,290.1966845828224,301.7158926964915,17346200,ORCL
2025-10-15,301.76556396484375,309.1104423455758,297.0942885286036,303.0377448479234,13698900,ORCL
2025-10-16,311.0882873535156,320.5700283106327,301.218944174788,303.7334904599572,32500900,ORCL
2025-10-17,289.5307922363281,302.42157786060454,285.7440646238086,301.8948161025456,37653000,ORCL
2025-10-20,275.487060546875,287.47339926326885,273.62848679810674,287.1851923346052,32810700,ORCL
2025-10-21,273.469482421875,278.58802211509135,270.5971492145158,276.41139537535275,18370800,ORCL
2025-10-22,270.99468994140625,275.5069696723458,267.60551341129235,273.14150104249836,16474000,ORCL
2025-10-23,278.35943603515625,281.37092862392143,270.7263501135002,271.2928456978201,16872200,ORCL
2025-10-24,281.5994873046875,285.4359272907555,280.5260969843573,284.17369501008807,13194900,ORCL
2025-10-27,279.6813049316406,285.2471082316668,278.1010197139325,284.819741794986,13855800,ORCL
2025-10-28,279.1147766113281,283.71650306635905,278.826569666934,281.2715363666465,12448500,ORCL
2025-10-29,273.6185607910156,279.8999679283885,269.6927040785489,279.74094150743355,18007100,ORCL
2025-10-30,255.3209991455078,268.1123877746653,254.71470909014405,267.09859824990275,27954200,ORCL
2025-10-31,261.00604248046875,264.18650997460566,255.14208397364064,257.9250006138069,16898700,ORCL
2025-11-03,256.275146484375,263.99767906349524,253.6711382353916,263.61999512049596,15709200,ORCL
2025-11-04,246.6542510986328,253.72082598196428,243.69245628106228,248.45319374117324,19772600,ORCL
2025-11-05,248.7811737060547,250.85840492755264,245.52120824711656,246.39583830483892,11991500,ORCL
2025-11-06,242.31094360351562,247.5487602239833,237.8284796646712,246.42565708204958,18678300,ORCL
2025-11-07,237.7986602783203,238.93169686529873,230.93087618330165,237.54025374641034,20969300,ORCL
2025-11-10,239.3590850830078,245.7299383831608,235.62205548440846,244.44780881992486,16698700,ORCL
2025-11-11,234.70767211914062,235.99973520578885,227.49201912596652,234.78718532692136,20686600,ORCL
2025-11-12,225.60362243652344,235.36363710080596,224.78862345731153,235.2940725247426,24195000,ORCL
2025-11-13,216.24114990234375,223.78478864210007,213.90549698606432,223.61582877494683,30009000,ORCL
2025-11-14,221.48890686035156,225.66325152000962,209.48268596220845,209.5423170741818,36053800,ORCL
2025-11-17,218.5171661376953,221.43921198573736,214.24342612748393,216.87724987551331,16143800,ORCL
2025-11-18,219.143310546875,222.33369621864102,213.1898904313921,214.8894528741254,21098300,ORCL
2025-11-19,224.1525421142578,226.75653523722693,215.98274572452783,217.72205734969137,21679500,ORCL
2025-11-20,209.40318298339844,232.57081138314774,209.01556557105027,229.74816073088968,27459600,ORCL
2025-11-21,197.54603576660156,207.03771063364235,192.3678651750686,205.81522730349292,44834100,ORCL
2025-11-24,199.05674743652344,202.57513465014713,193.11327576454698,195.65763761078736,31144700,ORCL
2025-11-25,195.82659912109375,198.19206765370456,184.49623294040668,192.89461986224512,29595000,ORCL
2025-11-26,203.7081756591797,208.71738625647404,201.00478734775314,208.22044009872053,26544100,ORCL
2025-11-28,200.716552734375,201.10417013591825,196.40306366784893,198.29145302601484,13848500,ORCL
2025-12-01,199.7127227783203,202.25708466007998,195.49861393316016,199.27540773634416,13461200,ORCL
2025-12-02,199.8717498779297,208.4192146561499,198.77846226921176,203.88706814290677,19664500,ORCL
2025-12-03,206.46124267578125,206.6500846387668,198.18211801923997,199.10644574185528,19060500,ORCL
2025-12-04,213.0209503173828,214.09435588090784,205.05987801156445,206.59046556576504,23316900,ORCL
2025-12-05,216.25108337402344,218.15935472532604,212.31526328561696,217.66240858699956,24208700,ORCL
2025-12-08,219.19300842285156,223.37730181718248,215.58518956706192,219.99807395159152,24711200,ORCL
2025-12-09,220.17697143554688,221.2603104590427,216.9468212928638,218.6861329081547,17643600,ORCL
2025-12-10,221.64791870117188,223.94382267748554,216.2510907347346,220.44531749821974,47928000,ORCL
2025-12-11,197.63548278808594,200.75630389082409,185.09255210218797,189.4557385350861,100612700,ORCL
2025-12-12,188.80972290039062,196.64159913778155,184.84408713319328,195.17062760321016,55201600,ORCL
2025-12-15,183.79055786132812,187.81582461231847,180.29205280337976,187.13996997851825,43897500,ORCL
2025-12-16,187.49778747558594,188.64077278789267,183.363206787634,183.5719156903098,32433500,ORCL
2025-12-17,177.37002563476562,185.36091301353378,175.9885159513689,182.19039416605673,50222000,ORCL
2025-12-18,178.93043518066406,183.63154166108345,177.4892943334785,181.6040079782062,36297300,ORCL
2025-12-19,190.79750061035156,193.92825519995077,186.97100929809253,187.2393644578158,77008600,ORCL
2025-12-22,197.16836547851562,197.5857984376681,191.6522600082981,195.61789586863685,27148000,ORCL
2025-12-23,194.1469268798828,195.9955672467528,191.01617206183226,195.23026589533842,18301600,ORCL
2025-12-24,196.28379821777344,197.0689664716376,193.23254153949614,193.80900090050727,9282700,ORCL
2025-12-26,196.78074645996094,199.14619987573178,194.91222404001994,196.85031103645164,11262000,ORCL
2025-12-29,194.1866912841797,197.29756401246874,191.46342079835316,192.97414140962576,14748100,ORCL
2025-12-30,196.00550842285156,197.16836060149714,194.5146699632147,194.86252317110745,14197400,ORCL
