Date,Close,High,Low,Open,Volume,Ticker
2018-01-02,40.26707458496094,40.276426884472016,39.56580192963127,39.77618586634448,102223600,AAPL
2018-01-03,40.260066986083984,40.80238628352514,40.19695500765061,40.33019497342311,118071600,AAPL
2018-01-04,40.44706344604492,40.54991732565844,40.22499451516484,40.33252097704683,89738400,AAPL
2018-01-05,40.90755844116211,40.99404756618664,40.451732074760365,40.54289734804072,94640000,AAPL
2018-01-08,40.75563049316406,41.05016372371372,40.657449182790344,40.75563049316406,82271200,AAPL
2018-01-09,40.75096130371094,40.921603346574265,40.53590474782042,40.80238825912582,86336000,AAPL
2018-01-10,40.74160385131836,40.74394370972359,40.44005816620148,40.47746023211193,95839600,AAPL
2018-01-11,40.973026275634766,41.02211693438228,40.78835936614299,40.81173298285246,74670800,AAPL
2018-01-12,41.39612579345703,41.45924133390934,41.05951433352114,41.18340555601736,101672400,AAPL
2018-01-16,41.18574905395508,41.933772604993706,41.17406046145214,41.58547252280897,118263600,AAPL
2018-01-17,41.86598587036133,41.901048082180715,40.923943066330935,41.176398125146065,137547200,AAPL
2018-01-18,41.903377532958984,42.099736587663685,41.66728368925117,41.9290910063812,124773600,AAPL
2018-01-19,41.71638107299805,41.97818843235449,41.4709348901725,41.75144328474837,129700400,AAPL
2018-01-22,41.37509536743164,41.55742601082084,41.281593753796436,41.44522336108701,108434400,AAPL
2018-01-23,41.38444900512695,41.94546945397958,41.33302560833569,41.44522827136287,130756400,AAPL
2018-01-24,40.725242614746094,41.44521633156787,40.48680890350173,41.433527740131495,204420400,AAPL
2018-01-25,39.99824905395508,40.89587706717088,39.86266926547092,40.79302318853761,166116000,AAPL
2018-01-26,40.09175109863281,40.206293567865494,39.75280340692622,40.206293567865494,156572000,AAPL
2018-01-29,39.261924743652344,39.77619070677116,39.05388063992829,39.77619070677116,202561600,AAPL
2018-01-30,39.03050231933594,39.124003921961055,38.49987162895176,38.693890842913504,184192800,AAPL
2018-01-31,39.13802719116211,39.374124613366014,38.92063436894064,39.007123526143936,129915600,AAPL
2018-02-01,39.219844818115234,39.41620032091382,38.98141109794126,39.07725255770871,188923200,AAPL
2018-02-02,37.518089294433594,38.990762671698725,37.42458769489759,38.80375590576933,346375200,AAPL
2018-02-05,36.580726623535156,38.30819507475602,36.46618412011472,37.19083407744985,290954000,AAPL
2018-02-06,38.10948944091797,38.270782705665994,35.99865925194776,36.19267842788692,272975200,AAPL
2018-02-07,37.29367446899414,38.19597867026354,37.183811712279685,38.12351440723926,206434400,AAPL
2018-02-08,36.26747512817383,37.63495794612659,36.23942536923537,37.46898854974237,217562000,AAPL
2018-02-09,36.711090087890625,37.058460813619604,35.26292594672998,36.865999961496776,282690400,AAPL
2018-02-12,38.18976974487305,38.4667265805271,36.96927155384121,37.201636376347686,243278000,AAPL
2018-02-13,38.57233428955078,38.66856648297439,37.9409622819946,38.011376169411854,130196800,AAPL
2018-02-14,39.283512115478516,39.32341248785229,38.22966380983118,38.26721478410091,162579600,AAPL
2018-02-15,40.60258865356445,40.626057565112156,39.6660920548011,39.85151185604618,204588800,AAPL
2018-02-16,40.47114944458008,41.03211125006785,40.31624316123592,40.454721563931344,160704400,AAPL
2018-02-20,40.33502960205078,40.900679588295006,40.234102152798535,40.38197101922367,135722000,AAPL
2018-02-21,40.15195083618164,40.86781542185468,40.13786518942926,40.56504027258118,149886400,AAPL
2018-02-22,40.487586975097656,40.82791670005755,40.30216713810029,40.32329023698601,123967600,AAPL
2018-02-23,41.19171905517578,41.22692422009872,40.73168460558105,40.762198136114456,135249600,AAPL
2018-02-26,42.00616455078125,42.10474259221506,41.35836445790183,41.39122380504643,152648800,AAPL
2018-02-27,41.870025634765625,42.360569950834076,41.81604319718002,42.03667174392078,155712400,AAPL
2018-02-28,41.80665969848633,42.39343632161307,41.79023181536693,42.07422969537611,151128400,AAPL
2018-03-01,41.0743522644043,42.19626857117151,40.52513035651895,41.90522615725141,195208000,AAPL
2018-03-02,41.35836410522461,41.37948720362311,40.475849792751795,40.557999950612896,153816000,AAPL
2018-03-05,41.50153350830078,41.71746684872899,40.961698366530335,41.12364926720145,113605600,AAPL
2018-03-06,41.4663200378418,41.837163204570295,41.339577893430516,41.75736246248173,95154000,AAPL
2018-03-07,41.08140563964844,41.273870095734,40.90302683123286,41.06028254024403,126814000,AAPL
2018-03-08,41.52968978881836,41.571935973323356,41.09078215882034,41.18701077288144,95096400,AAPL
2018-03-09,42.243228912353516,42.247924128937875,41.63532908581224,41.769115897959644,128740800,AAPL
2018-03-12,42.651607513427734,42.808863174580104,42.29719582170219,42.31596951674786,128828400,AAPL
2018-03-13,42.240875244140625,43.06940353794993,42.069537475364825,42.855815990569,126774000,AAPL
2018-03-14,41.881752014160156,42.369950398408875,41.73388321843804,42.323009003680866,117473600,AAPL
2018-03-15,41.93104553222656,42.30423809273555,41.79491654145905,41.89584037623486,90975200,AAPL
2018-03-16,41.78318786621094,42.04136741352731,41.689301464223135,41.93105312956666,157618800,AAPL
2018-03-19,41.14476776123047,41.65408931941201,40.75984253110528,41.61888416294302,133787200,AAPL
2018-03-20,41.13069152832031,41.49683953309172,41.06027762400275,41.13069152832031,78597600,AAPL
2018-03-21,40.19887161254883,41.09546393326178,40.19652221526271,41.0837276910261,148219600,AAPL
2018-03-22,39.630889892578125,40.529828421739076,39.57221223717389,39.900805674877645,165963200,AAPL
2018-03-23,38.713165283203125,39.88202301847782,38.713165283203125,39.522916102330775,164115200,AAPL
2018-03-26,40.550960540771484,40.62841548606614,39.065241676811105,39.44782118743007,150164800,AAPL
2018-03-27,39.51117706298828,41.1095554946715,39.17788847855881,40.76453066529328,163690400,AAPL
2018-03-28,39.07462692260742,39.90550460608626,38.77185176834323,39.25535512087376,166674000,AAPL
2018-03-29,39.37975311279297,40.31155469263699,39.17320659190049,39.38679414587791,153594000,AAPL
2018-04-02,39.121559143066406,39.65200736477822,38.60285074845011,39.11217229534909,150347200,AAPL
2018-04-03,39.522918701171875,39.60741466237426,38.69908576549835,39.34688574711688,121112000,AAPL
2018-04-04,40.2786979675293,40.372580802376035,38.67327785440633,38.69909617119927,138422000,AAPL
2018-04-05,40.55799102783203,40.893625455435775,40.388999115021946,40.50635441106232,107732800,AAPL
2018-04-06,39.520565032958984,40.48287617510632,39.47831527005165,40.128464520656294,140021200,AAPL
2018-04-09,39.91254425048828,40.62606300601005,39.8656028397066,39.872643872253846,116070800,AAPL
2018-04-10,40.663604736328125,40.83963765726461,40.25990228446854,40.60492709601596,113634400,AAPL
2018-04-11,40.47349548339844,40.820866160421915,40.29980835418697,40.42420468274402,89726400,AAPL
2018-04-12,40.87250518798828,41.07435645439156,40.61432208628652,40.70116744671329,91557200,AAPL
2018-04-13,41.01099395751953,41.271522941878665,40.80445100533072,41.02273020718267,100497200,AAPL
2018-04-16,41.26681900024414,41.35366077533175,41.03445421925359,41.08139562250636,86313600,AAPL
2018-04-17,41.8348274230957,41.9991241613357,41.40530650508239,41.42408378679558,106421600,AAPL
2018-04-18,41.74093246459961,41.970951432420364,41.515612292995044,41.73389143307444,83018000,AAPL
2018-04-19,40.55799102783203,41.16589060178529,40.5251316881967,40.78331119064587,139235200,AAPL
2018-04-20,38.896244049072266,40.1871524529709,38.82817596401007,40.04163301530664,261964400,AAPL
2018-04-23,38.783592224121094,39.177904428859584,38.51367280600551,39.15678132819158,146062000,AAPL
2018-04-24,38.24375534057617,39.03942433112402,37.840052720688725,38.88451443668804,134768000,AAPL
2018-04-25,38.410396575927734,38.82583543069064,38.119357660993536,38.16864489208386,113528400,AAPL
2018-04-26,38.54417419433594,38.89858590345385,38.344668756042076,38.520701702278025,111852000,AAPL
2018-04-27,38.09823226928711,38.56999935976334,37.70157072022894,38.49254441988215,142623200,AAPL
2018-04-30,38.78827667236328,39.257697923260864,37.98556676309641,38.05363485006051,169709600,AAPL
2018-05-01,39.68956756591797,39.71303647925035,38.79062545495093,39.05819542045914,214277600,AAPL
2018-05-02,41.44285202026367,41.71980880691432,40.79270266081835,41.128337096986456,266157600,AAPL
2018-05-03,41.51795959472656,41.66113320985868,40.94291931740563,41.28090316830111,136272800,AAPL
2018-05-04,43.1468505859375,43.245428609444815,41.81838771321594,41.8371649912268,224805200,AAPL
2018-05-07,43.45903396606445,44.04815653233032,43.36280171976175,43.4637256014443,169805600,AAPL
2018-05-08,43.66791915893555,43.707819541504236,43.10930664017297,43.419126431506974,113611200,AAPL
2018-05-09,43.97537612915039,43.98476297690126,43.473095611593955,43.7852611249509,92844800,AAPL
2018-05-10,44.604400634765625,44.68185556216297,44.04344244670562,44.064569122468185,111957200,AAPL
2018-05-11,44.43475341796875,44.78110870210072,44.16615172774492,44.646809654593504,104848800,AAPL
2018-05-14,44.33108901977539,44.65623981059255,44.26276205405801,44.53371864959899,83115200,AAPL
2018-05-15,43.928199768066406,44.07663883685339,43.61247553480892,44.008308257959634,94780800,AAPL
2018-05-16,44.338157653808594,44.404133352868826,43.82451718880194,43.841012012369504,76732400,AAPL
2018-05-17,44.05778121948242,44.51016293392808,43.90934217740125,44.29575178319089,69176000,AAPL
2018-05-18,43.897552490234375,44.25097597581326,43.85514339766552,44.10489541890773,73190800,AAPL
2018-05-21,44.20856857299805,44.59497812152537,44.038925005819245,44.29574521897252,73603200,AAPL
2018-05-22,44.097835540771484,44.50309483483212,44.008300423764275,44.385286984121706,60962800,AAPL
2018-05-23,44.38057327270508,44.41355932680517,43.76797101632021,43.90698701129441,80233600,AAPL
2018-05-24,44.33108901977539,44.49366441518397,43.873997617810524,44.47717318699425,92936000,AAPL
2018-05-25,44.432403564453125,44.68451046232307,44.21327912142766,44.3499366417125,69844000,AAPL
2018-05-29,44.272193908691406,44.47246871582709,44.02950999616362,44.20151206637124,90056400,AAPL
2018-05-30,44.17793655395508,44.29574438476563,44.00829298997112,44.2297722871285,74762000,AAPL
2018-05-31,44.02949523925781,44.34993266615083,43.85749682190781,44.11196215460604,109931200,AAPL
2018-06-01,44.82353210449219,44.828241829945235,44.23684771666393,44.293396778992886,93770000,AAPL
2018-06-04,45.198150634765625,45.57277865594449,45.085056129264544,45.153383085968876,105064800,AAPL
2018-06-05,45.546871185302734,45.69531022935619,45.32303698544506,45.49032571725215,86264000,AAPL
2018-06-06,45.70473098754883,45.72829399486384,45.219363236624766,45.622267652366574,83734400,AAPL
2018-06-07,45.58221435546875,45.756567670436446,45.318322329900795,45.74243130384017,85388800,AAPL
2018-06-08,45.16752624511719,45.23821166989341,44.71278969726127,45.04265021927023,106627200,AAPL
2018-06-11,45.05677032470703,45.23112716353696,44.816445000492635,45.085046641538945,73234000,AAPL
2018-06-12,45.3041877746582,45.38194138925669,45.03794087574918,45.09448993960545,67644400,AAPL
2018-06-13,44.93190383911133,45.445547826799476,44.87064506424611,45.33716304565847,86553600,AAPL
2018-06-14,44.95547103881836,45.13689611332946,44.818813517322575,45.13218279322,86440400,AAPL
2018-06-15,44.4936637878418,44.8046782086226,44.357006263123864,44.7740470200036,246876800,AAPL
2018-06-18,44.47010803222656,44.58320256034685,44.10725784482574,44.26747838860552,73939600,AAPL
2018-06-19,43.751468658447266,43.902262523865325,43.22368833187938,43.621879337726426,134314000,AAPL
2018-06-20,43.942325592041016,44.10725585377342,43.76090050653034,43.90698467710195,82514800,AAPL
2018-06-21,43.6972770690918,44.378206107630064,43.57475593273762,44.11902747211338,102847600,AAPL
2018-06-22,43.57004928588867,43.85985555346904,43.51821355084701,43.852787370982426,108801600,AAPL
2018-06-25,42.922115325927734,43.570058556606334,42.5828281135387,43.21192165517229,126652400,AAPL
2018-06-26,43.45459747314453,43.94939183167297,43.009283988552895,43.11531391910178,98276800,AAPL
2018-06-27,43.3909797668457,44.12609945793199,43.360348581313914,43.64308664748483,101141200,AAPL
2018-06-28,43.70671081542969,43.87399953844859,43.30616485853516,43.37685028509541,69460800,AAPL
2018-06-29,43.61482238769531,44.104903475310294,43.09646856653667,43.89284718810203,90950800,AAPL
2018-07-02,44.102535247802734,44.130811570292906,43.216621705982554,43.310870122267346,70925200,AAPL
2018-07-03,43.334434509277344,44.283965391794474,43.244899402321124,44.24626602094871,55819200,AAPL
2018-07-05,43.68315124511719,43.92112541341989,43.419262800087296,43.65016518948845,66416800,AAPL
2018-07-06,44.28867721557617,44.39705840908352,43.636020811298415,43.6878565456575,69940800,AAPL
2018-07-09,44.90363311767578,44.92719252665673,44.60204535912611,44.64916777229769,79026400,AAPL
2018-07-10,44.849449157714844,45.0685700292257,44.80939132562234,44.934270952056835,63756400,AAPL
2018-07-11,44.2674674987793,44.71513577573598,44.20385026945704,44.41354804479918,75326000,AAPL
2018-07-12,45.00965881347656,45.09919391389085,44.60439959451979,44.65623532684284,72164400,AAPL
2018-07-13,45.080345153808594,45.20050784745144,44.97902854938801,45.021441238162346,50055600,AAPL
2018-07-16,44.98139953613281,45.39136860228985,44.865946535032236,45.125125274151614,60172400,AAPL
2018-07-17,45.10861587524414,45.20757401770042,44.57848065802218,44.708069985718346,62138000,AAPL
2018-07-18,44.86122512817383,45.19108924534587,44.75048546825586,45.18637592497211,65573600,AAPL
2018-07-19,45.209930419921875,45.36779246822645,44.69393159004951,44.69393159004951,81147200,AAPL
2018-07-20,45.10626983642578,45.33952707669777,44.80703689306761,45.18637831095939,82704800,AAPL
2018-07-23,45.146324157714844,45.22879109031837,44.66331125648758,44.92719968848247,63957600,AAPL
2018-07-24,45.47382736206055,45.62933457754806,45.24999317957946,45.344238015820956,74791600,AAPL
2018-07-25,45.90264892578125,45.90971710862951,45.33952399399678,45.487963024230176,66839600,AAPL
2018-07-26,45.7589225769043,46.17125001494184,45.617551731493165,45.85316741037176,76304000,AAPL
2018-07-27,44.99787521362305,45.98981866842015,44.7905358892072,45.94269625810789,96096000,AAPL
2018-07-30,44.74577713012695,45.2853354853208,44.547860810814726,45.21465005836353,84118000,AAPL
2018-07-31,44.83530807495117,45.27119853960078,44.61147388845953,44.837666532786,157492000,AAPL
2018-08-01,47.4765625,47.5378212863695,46.48933216360012,46.91815445381714,271742800,AAPL
2018-08-02,48.86432647705078,49.09758725034946,47.205593985888,47.25978457536614,249616000,AAPL
2018-08-03,49.005706787109375,49.182418547865296,48.41430912684515,48.7795141514494,133789600,AAPL
2018-08-06,49.26017761230469,49.30258671388447,48.788946198074015,49.0080670799903,101701600,AAPL
2018-08-07,48.79835891723633,49.36148019425983,48.71589199911434,49.31907110165512,102349600,AAPL
2018-08-08,48.831356048583984,48.963300271358555,48.188126164952756,48.548617914751276,90102000,AAPL
2018-08-09,49.21540451049805,49.42745718493813,48.819568297610594,49.36855326479255,93970400,AAPL
2018-08-10,49.068817138671875,49.4400328797773,48.865476836370014,49.02862242410072,98444800,AAPL
2018-08-13,49.385643005371094,49.87744283435731,49.10900627803238,49.48967807024764,103563600,AAPL
2018-08-14,49.593719482421875,49.7852369637203,49.24141953269484,49.690661587811235,82992000,AAPL
2018-08-15,49.70957565307617,49.82779667275431,49.257970492029095,49.46840376274341,115230400,AAPL
2018-08-16,50.437808990478516,50.553663261058226,50.00038984892316,50.06659332005974,114001600,AAPL
2018-08-17,51.44506072998047,51.532543132376475,50.39998732105406,50.46619080521633,141708000,AAPL
2018-08-20,50.94379806518555,51.82335904051192,50.86104191692848,51.56800483956419,121150800,AAPL
2018-08-21,50.84449005126953,51.3528425555406,50.60568491149106,51.26063031267377,104639200,AAPL
2018-08-22,50.84686279296875,51.156601296459534,50.56076632942316,50.62224357048316,76072400,AAPL
2018-08-23,50.950889587402344,51.31973854252035,50.74045634465841,50.75227555879988,75532800,AAPL
2018-08-24,51.10929870605469,51.28426346034547,50.861033908194834,51.21333375337259,73905600,AAPL
2018-08-27,51.530174255371094,51.71932859234506,51.14950246004533,51.34338303977495,82100400,AAPL
2018-08-28,51.946311950683594,52.14492238496493,51.761887460591076,51.7831663768743,91107200,AAPL
2018-08-29,52.721832275390625,52.84241999553279,51.8777362734872,52.05270103162549,109019200,AAPL
2018-08-30,53.2065544128418,53.970261226879096,52.58471066461939,52.78568785096469,195175200,AAPL
2018-08-31,53.82129669189453,54.11448247965439,53.43589505535609,53.55647918343615,173360400,AAPL
2018-09-04,53.993900299072266,54.18778088108534,53.58485661111945,54.00572312173843,109560400,AAPL
2018-09-05,53.6415901184082,54.30362837496612,53.22309041713026,54.14284956250599,133332000,AAPL
2018-09-06,52.75020980834961,53.75508827339755,52.32461350158914,53.49027078929188,137160000,AAPL
2018-09-07,52.324615478515625,53.2869325453365,52.18511556397365,52.45465930046942,150479200,AAPL
2018-09-10,51.62238693237305,52.45466385736109,51.18260462853595,52.24186387354506,158066000,AAPL
2018-09-11,52.92753982543945,53.033937997206316,51.203875733106486,51.54671589005231,142996000,AAPL
2018-09-12,52.270240783691406,53.19945622059127,51.97941449205581,53.18527027618349,197114800,AAPL
2018-09-13,53.532833099365234,53.991531148163254,52.62489670197329,52.84951587627025,166825600,AAPL
2018-09-14,52.92517852783203,53.63450455616086,52.613076951433094,53.37678363174455,127997200,AAPL
2018-09-17,51.515995025634766,52.71475434346737,51.37176523077403,52.525599981840585,148780400,AAPL
2018-09-18,51.60110092163086,52.454656645298286,51.33628344092451,51.494699140442705,126286800,AAPL
2018-09-19,51.6318473815918,51.9273999330875,50.90597219118434,51.662586001449505,108495200,AAPL
2018-09-20,52.02433776855469,52.55633231761007,51.81626763486653,52.073992180573526,106435200,AAPL
2018-09-21,51.463958740234375,52.33879328530278,51.37647276025489,52.20165651327095,384986800,AAPL
2018-09-24,52.204017639160156,52.31514564659759,51.22042184863809,51.2653463973236,110773600,AAPL
2018-09-25,52.535057067871094,52.684016706504345,51.94631509368086,51.95813791715987,98217600,AAPL
2018-09-26,52.11656188964844,52.90391443461936,51.9605092538193,52.25369872648437,95938800,AAPL
2018-09-27,53.187618255615234,53.53991807532768,52.85423422566769,52.920441293753825,120724800,AAPL
2018-09-28,53.37443161010742,53.39807365127702,52.96775098066755,53.1498087681695,91717600,AAPL
2018-10-01,53.733821868896484,54.24453759019101,53.51866233378831,53.896967469406086,94403200,AAPL
2018-10-02,54.21142578125,54.381664323409666,53.584855874564354,53.73144877171672,99152800,AAPL
2018-10-03,54.871089935302734,55.202107251536745,54.32963580139792,54.39347614374953,114619200,AAPL
2018-10-04,53.90641784667969,54.93730520599613,53.60849859022037,54.566089500033,128168000,AAPL
2018-10-05,53.03157424926758,54.00571773627825,52.15437645532441,53.89931955853073,134322000,AAPL
2018-10-08,52.908634185791016,53.15216918862936,52.06453440498348,52.53978519538805,118655600,AAPL
2018-10-09,53.6415901184082,53.73616907381262,52.54922934016951,52.87788354358608,107564000,AAPL
2018-10-10,51.15659713745117,53.5186542874467,51.0833006862872,53.308221027600226,167962400,AAPL
2018-10-11,50.704986572265625,51.89901940310349,50.20136756167063,50.721539244147124,212497600,AAPL
2018-10-12,52.516143798828125,52.69820518727146,51.270093186822955,52.11655615761714,161351600,AAPL
2018-10-15,51.39303207397461,52.449928078120834,51.37175316034392,52.29151237472821,123164000,AAPL
2018-10-16,52.52560043334961,52.72421449906567,51.25117791678364,51.76425673692637,116736000,AAPL
2018-10-17,52.29859924316406,52.64143937365331,51.86118016121075,52.56104997077243,91541600,AAPL
2018-10-18,51.076194763183594,51.95575916976636,50.36213901207219,51.51124711694205,130325200,AAPL
2018-10-19,51.854095458984375,52.31515664645652,51.40958333577089,51.558542953192145,132314800,AAPL
2018-10-22,52.17092514038086,52.811684539021144,51.76661134631194,51.9675848788607,115168400,AAPL
2018-10-23,52.662723541259766,52.785674386526175,50.76409464590403,51.0312752497084,155071200,AAPL
2018-10-24,50.85630798339844,53.01738767953561,50.726264164214655,52.63198967990546,163702000,AAPL
2018-10-25,51.96996307373047,52.34354194395916,51.24881410296684,51.47580005736859,119423200,AAPL
2018-10-26,51.14241027832031,52.062169603151254,50.284124580632735,51.04783130446249,189033600,AAPL
2018-10-29,50.18244171142578,51.94393355051973,48.72832152686338,51.825712573294396,183742000,AAPL
2018-10-30,50.433082580566406,50.87759111597405,49.480221547617695,49.92473008302534,146640000,AAPL
2018-10-31,51.747703552246094,52.123645519315744,51.21807209884028,51.27954933650239,153435600,AAPL
2018-11-01,52.542144775390625,52.57524651312335,51.26299261047082,51.792624022013314,233292800,AAPL
2018-11-02,49.0569953918457,50.515842403483035,48.572288469085706,49.5464321657824,365314800,AAPL
2018-11-05,47.66434097290039,48.326379281390906,46.85570978180658,48.30510036768756,264654800,AAPL
2018-11-06,48.179786682128906,48.40440585745062,47.68798689600997,47.74236754506671,127531600,AAPL
2018-11-07,49.6410026550293,49.66701142221143,48.264911939279166,48.69996440139942,133697600,AAPL
2018-11-08,49.467796325683594,49.85453905967433,49.054950457423345,49.821321825704445,101450400,AAPL
2018-11-09,48.51397705078125,48.879366587122874,47.98724409420614,48.7702258096886,137463200,AAPL
2018-11-12,46.070133209228516,47.41781165926097,45.97997059020177,47.21613325998762,204542000,AAPL
2018-11-13,45.609825134277344,46.78429582169561,45.424757201491744,45.46746713543031,187531600,AAPL
2018-11-14,44.32147979736328,46.14368876236647,44.115055029309836,46.006073457133304,243204000,AAPL
2018-11-15,45.415279388427734,45.54814833515879,44.34520285307609,44.698732002376936,185915200,AAPL
2018-11-16,45.91826248168945,46.25992739408463,44.95258808941128,45.19934407036026,147713200,AAPL
2018-11-19,44.098445892333984,45.24681733279806,43.89202475558644,45.08073115263296,167701200,AAPL
2018-11-20,41.991519927978516,43.05685024606256,41.642737087863985,42.32132097035258,271300800,AAPL
2018-11-21,41.944061279296875,42.772124438484425,41.889490881307914,42.64399822705807,124496800,AAPL
2018-11-23,40.878719329833984,41.90134287812778,40.833641652562406,41.50747889046618,94496000,AAPL
2018-11-26,41.43156433105469,41.50986287918792,40.39708001756018,41.341405328689035,179994000,AAPL
2018-11-27,41.341407775878906,41.46715900960743,40.54419042635813,40.693666190363125,165549600,AAPL
2018-11-28,42.931095123291016,43.01413640794062,41.505118017849625,41.932199377386205,184250000,AAPL
2018-11-29,42.601287841796875,43.37240554234032,42.16234247178632,43.33918830928703,167080000,AAPL
2018-11-30,42.37113952636719,42.78635675904082,42.003374967632006,42.77686405200895,158126000,AAPL
2018-12-03,43.851688385009766,43.8801592662894,42.99515437591232,43.76627212076378,163210000,AAPL
2018-12-04,41.92271041870117,43.2751317110597,41.82305870457027,42.93346662237809,165377200,AAPL
2018-12-06,41.455291748046875,41.469527189200136,40.43504289397928,40.75297981442607,172393600,AAPL
2018-12-07,39.97711181640625,41.40071359145735,39.93203051426459,41.16344662894883,169126400,AAPL
2018-12-10,40.240478515625,40.35673701084698,38.75281363862703,39.149049033793,248104000,AAPL
2018-12-11,40.01033401489258,40.76009495801711,39.623587659446784,40.72925271093741,189126800,AAPL
2018-12-12,40.121849060058594,40.79094008262468,40.10286726659763,40.43029324768022,142510800,AAPL
2018-12-13,40.56079864501953,40.94517370109351,40.22862624634583,40.451657837058576,127594400,AAPL
2018-12-14,39.26294708251953,40.1171098380698,39.21549440063509,40.09812804123451,162814800,AAPL
2018-12-17,38.897544860839844,39.94389299264908,38.610450254681176,39.255816656585765,177151600,AAPL
2018-12-18,39.4029426574707,39.74935053997611,39.00433211137292,39.2392278057024,135366000,AAPL
2018-12-19,38.17389678955078,39.730368109654314,37.74681536137408,39.38633159988153,196189200,AAPL
2018-12-20,37.2105827331543,38.463352159374345,36.847564525579564,38.05762401069301,259092000,AAPL
2018-12-21,35.76325225830078,37.52614787017046,35.50226074249866,37.217700060216195,382978400,AAPL
2018-12-24,34.837913513183594,35.957814025738095,34.78096813070543,35.15110406579586,148676800,AAPL
2018-12-26,37.2912483215332,37.305483760117355,34.81180927021201,35.18669150802309,234330000,AAPL
2018-12-27,37.04924011230469,37.19634811223778,35.606659957323785,36.97568792254167,212468400,AAPL
2018-12-28,37.068233489990234,37.61157711002897,36.66962654849139,37.3695636838857,169165600,AAPL
2018-12-31,37.426490783691406,37.81086209224743,37.12753210334212,37.61393008515579,140014000,AAPL
2019-01-02,37.46919631958008,37.68985646575044,36.593680694580726,36.75027775052016,148158800,AAPL
2019-01-03,33.73700714111328,34.57455965521732,33.69192581603775,34.16171362708224,365248800,AAPL
2019-01-04,35.17720031738281,35.24600976737911,34.11899163910133,34.292195516680664,234428400,AAPL
2019-01-07,35.098899841308594,35.312442278685964,34.61724819958452,35.281596415192155,219111200,AAPL
2019-01-08,35.768001556396484,36.021878993464554,35.238897140785376,35.48565323681881,164101200,AAPL
2019-01-09,36.37540817260742,36.66487424188444,35.502267230819925,35.89612775325254,180396400,AAPL
2019-01-10,36.491661071777344,36.531996022628334,35.79409559379819,36.18321328363876,143122800,AAPL
2019-01-11,36.13339614868164,36.46794354601697,35.94832814598715,36.273386454644076,108092800,AAPL
2019-01-14,35.59005355834961,35.891383692191056,35.40498556947879,35.79173197667657,129756800,AAPL
2019-01-15,36.31845474243164,36.394378285844226,35.601907520616955,35.654106540640925,114843600,AAPL
2019-01-16,36.76214599609375,36.98517753374155,36.30184748144305,36.320829274052095,122278800,AAPL
2019-01-17,36.980430603027344,37.407511879044904,36.363535024290115,36.58656655845522,119284800,AAPL
2019-01-18,37.208213806152344,37.45971625451414,37.00890676859886,37.369553633249645,135004000,AAPL
2019-01-22,36.37303161621094,37.186855683764556,36.21168817452131,37.11093212681015,121576000,AAPL
2019-01-23,36.52013397216797,36.80959998409829,35.99340097474768,36.57470436511674,92522400,AAPL
2019-01-24,36.23067092895508,36.65300590810053,36.00289663164888,36.565218274806185,101766000,AAPL
2019-01-25,37.43124771118164,37.51903897969798,36.61505211762605,36.89027913828178,134142000,AAPL
2019-01-28,37.084842681884766,37.09196040414421,36.45845778019692,36.963834162658024,104768400,AAPL
2019-01-29,36.700462341308594,37.519036488429236,36.565222017267494,37.07297331497307,166348800,AAPL
2019-01-30,39.208377838134766,39.42191672312946,38.017296299473955,38.73384376445083,244439200,AAPL
2019-01-31,39.490718841552734,40.09812176355808,39.044655736776996,39.41242029951825,162958400,AAPL
2019-02-01,39.509700775146484,40.09337555178489,39.369710497458655,39.614098831561684,130672400,AAPL
2019-02-04,40.63197326660156,40.72925360434192,39.69002299817537,39.72086886633868,125982000,AAPL
2019-02-05,41.32715606689453,41.540698496482605,40.89296072958551,41.01396557206762,144406400,AAPL
2019-02-06,41.341407775878906,41.65697335385666,41.011606755653766,41.43868450470518,112958400,AAPL
2019-02-07,40.55842590332031,41.27022697955856,40.416064239909666,40.90483373299473,126966800,AAPL
2019-02-08,40.606075286865234,40.66564643059835,40.13188767381337,40.26771162677322,95280000,AAPL
2019-02-11,40.37255859375,40.79670853270349,40.32966911040256,40.75858212354943,83973600,AAPL
2019-02-12,40.72046661376953,40.74667807258698,40.43690727818139,40.53222332657913,89134000,AAPL
2019-02-13,40.55126953125,41.099324812062115,40.48931684716783,40.83959548318567,89960800,AAPL
2019-02-14,40.69900894165039,40.80861781758018,40.36064525814671,40.43927960962729,87342800,AAPL
2019-02-15,40.608463287353516,40.91346730094003,40.44881303304922,40.80623995233979,98507200,AAPL
2019-02-19,40.729976654052734,40.85150410234934,40.386849953980956,40.43927284620034,75891200,AAPL
2019-02-20,40.99209213256836,41.299481247841676,40.74427779259907,40.791933976908496,104457600,AAPL
2019-02-21,40.76095199584961,41.073104155107245,40.57985705809458,40.937283860774336,68998800,AAPL
2019-02-22,41.216087341308594,41.223235588397145,40.837215701877646,40.884871894446135,75652800,AAPL
2019-02-25,41.51633071899414,41.907117372895385,41.44961131242088,41.49965268531831,87493600,AAPL
2019-02-26,41.54014587402344,41.77128217748678,41.26373492448921,41.39241061710472,68280800,AAPL
2019-02-27,41.668827056884766,41.699805218546146,41.15889815564964,41.2732773821219,111341600,AAPL
2019-02-28,41.25898742675781,41.67837075537811,41.204182973016884,41.53778367859534,112861600,AAPL
2019-03-01,41.692657470703125,41.735546954193026,41.19702505785762,41.52824051212283,103544800,AAPL
2019-03-04,41.9023551940918,42.35509455351058,41.45437890957655,41.86422877925325,109744800,AAPL
2019-03-05,41.82609176635742,41.93808580910875,41.590188724744905,41.923789316150554,78949600,AAPL
2019-03-06,41.585426330566406,41.81656266632499,41.447220836488704,41.62116756354591,83241600,AAPL
2019-03-07,41.10409927368164,41.566372044364236,40.98972366767753,41.4305480580372,99185600,AAPL
2019-03-08,41.201786041259766,41.239912445241174,40.389234781584264,40.58462987503848,95997600,AAPL
2019-03-11,42.62910842895508,42.681531325611424,41.78320110804429,41.816560802649775,128044000,AAPL
2019-03-12,43.108070373535156,43.527449985065225,42.74111003200352,42.89123050226052,129870400,AAPL
2019-03-13,43.29869842529297,43.67757008556457,43.110451545781046,43.42737051589921,124130000,AAPL
2019-03-14,43.780029296875,43.86819707283481,43.50123674636694,43.82053724326323,94318000,AAPL
2019-03-15,44.34952926635742,44.63785523657547,43.78241438212483,44.04691043760487,156171600,AAPL
2019-03-18,44.802268981933594,44.890433115459594,44.27089173604565,44.273276908909104,104879200,AAPL
2019-03-19,44.447227478027344,45.03340921139079,44.30187372223758,44.88090720826174,126585600,AAPL
2019-03-20,44.835636138916016,45.15255512807773,44.01831798035479,44.37574491965877,124140800,AAPL
2019-03-21,46.48693084716797,46.78240499086003,45.228788744888206,45.27883009897217,204136800,AAPL
2019-03-22,45.52426528930664,47.10647460051664,45.459927440929704,46.546504437841726,169630800,AAPL
2019-03-25,44.97383499145508,45.74587473890536,44.46390611241121,45.63388069031745,175381200,AAPL
2019-03-26,44.509185791015625,45.96034199514286,43.982578778829755,45.669634446830244,199202000,AAPL
2019-03-27,44.90949249267578,45.2168779833319,44.4519865617811,44.976211880352054,119393600,AAPL
2019-03-28,44.96906661987305,45.169224796190974,44.685507385455566,45.02387105568849,83121600,AAPL
2019-03-29,45.26215362548828,45.2931317832796,44.92617150707696,45.233560640409536,94256000,AAPL
2019-04-01,45.569541931152344,45.67438408651486,44.88804792365926,45.66485430363971,111448000,AAPL
2019-04-02,46.23197555541992,46.33682135310815,45.52427005695858,45.5337998404147,91062800,AAPL
2019-04-03,46.548892974853516,46.822918780518556,46.024664003423624,46.04849391519191,93087200,AAPL
2019-04-04,46.629905700683594,46.79193745474998,46.02227935106706,46.415447417089275,76457200,AAPL
2019-04-05,46.942054748535156,46.96588465709566,46.68708854348536,46.810997523319536,74106400,AAPL
2019-04-08,47.68075180053711,47.71172632732698,46.78479934209682,46.80386254716306,103526800,AAPL
2019-04-09,47.53777313232422,48.33602791999754,47.47343527844449,47.73316823079818,143072800,AAPL
2019-04-10,47.804649353027344,47.833245973912184,47.2232344194669,47.34237670467407,86781200,AAPL
2019-04-11,47.40671920776367,47.89520335222447,47.28519537386603,47.85946211752939,83603200,AAPL
2019-04-12,47.38764572143555,47.69026810794802,46.753811602792396,47.466280056636435,111042800,AAPL
2019-04-15,47.47343444824219,47.62117335589848,47.182726978383926,47.31855093020654,70146400,AAPL
2019-04-16,47.47821044921875,47.98337267920693,47.31379347996625,47.528251819139626,102785600,AAPL
2019-04-17,48.40275955200195,48.46233071134388,47.3257119730381,47.54731494054126,115627200,AAPL
2019-04-18,48.576698303222656,48.64579923684503,48.25739781446443,48.40036639173176,96783200,AAPL
2019-04-22,48.73634719848633,48.83404475360525,48.214503361460345,48.33126412020742,77758000,AAPL
2019-04-23,49.43928909301758,49.50362695477499,48.58622976622122,48.712520316675125,93292000,AAPL
2019-04-24,49.363033294677734,49.67756704213216,49.33682184606203,49.410689482360645,70162400,AAPL
2019-04-25,48.915061950683594,49.50600673522847,48.8769355424073,49.28440380449955,74172800,AAPL
2019-04-26,48.681549072265625,48.84834758072015,48.16208670486749,48.82451766411174,74596400,AAPL
2019-04-29,48.755409240722656,49.079476422813116,48.576695801391914,48.705367877898986,88818800,AAPL
2019-04-30,47.816566467285156,48.467082355820594,47.444843102407766,48.38606647084663,186139600,AAPL
2019-05-01,50.163673400878906,51.30505499845377,49.85628424061624,50.01117140720834,259309200,AAPL
2019-05-02,49.83721923828125,50.671215281428715,49.594171580722325,50.00163618282265,127985200,AAPL
2019-05-03,50.45676040649414,50.478205146321336,50.094566822586664,50.25183551985448,83569600,AAPL
2019-05-06,49.67756652832031,49.76334911963592,48.490910378399384,48.6791535903768,129772400,AAPL
2019-05-07,48.33841323852539,49.42499041337888,47.854695800035216,49.05803373574075,155054800,AAPL
2019-05-08,48.347938537597656,48.92935347903369,48.07391273228292,48.10965396395561,105358000,AAPL
2019-05-09,47.8284912109375,48.057242419549205,46.861056195160906,47.75223838411033,139634400,AAPL
2019-05-10,47.1658935546875,47.56536448730354,46.11101450339134,47.22330340337194,164834800,AAPL
2019-05-13,44.42464828491211,45.32404755489643,43.7381389007723,44.90066214199688,229722400,AAPL
2019-05-14,45.127891540527344,45.37666024246978,44.35048432829495,44.58968654744338,146118800,AAPL
2019-05-15,45.668495178222656,45.86703349261073,44.49640556068087,44.556206125860285,106178800,AAPL
2019-05-16,45.467559814453125,46.039252991844464,45.17094773855048,45.4268958737944,132125600,AAPL
2019-05-17,45.20922088623047,45.66370365738736,44.673406583972145,44.7140705245547,131516400,AAPL
2019-05-20,43.7955436706543,44.096940873230245,43.123385861635015,43.89840254691123,154449200,AAPL
2019-05-21,44.635135650634766,44.97001729820006,44.18064924329761,44.30503541950881,113459200,AAPL
2019-05-22,43.72138977050781,44.422254305979834,43.66637427145734,44.17109119736444,118994400,AAPL
2019-05-23,42.97507095336914,43.185566421251686,42.53254539430105,43.00855911757338,146118800,AAPL
2019-05-24,42.81002426147461,43.56829490792796,42.726302019305706,43.104241988346736,94858800,AAPL
2019-05-28,42.63300704956055,43.19752438710172,42.55646424358909,42.7980571514169,111792800,AAPL
2019-05-29,42.429691314697266,42.90091998412499,42.09959108029265,42.200055575560086,113924800,AAPL
2019-05-30,42.649757385253906,42.87221370220988,42.259856591093225,42.56603514665155,84873600,AAPL
2019-05-31,41.877132415771484,42.57560242696121,41.85799580108924,42.15460420382392,108174400,AAPL
2019-06-03,41.453739166259766,42.558852087002684,40.72895684162504,42.003904918771,161584400,AAPL
2019-06-04,42.97029113769531,43.01574014822659,41.74557681150609,41.96564243887218,123872000,AAPL
2019-06-05,43.663970947265625,44.250019297013125,43.32908930449805,44.080184117507756,119093600,AAPL
2019-06-06,44.30503845214844,44.36483901115955,43.57068583552247,43.79314581301077,90105200,AAPL
2019-06-07,45.48429489135742,45.90768378892111,44.43659178289126,44.613599067232066,122737600,AAPL
2019-06-10,46.0655632019043,46.73293577866847,45.835927468539325,45.881376473575656,104883600,AAPL
2019-06-11,46.5989875793457,46.88363882764626,46.30955491422111,46.610948421278835,107731600,AAPL
2019-06-12,46.45069122314453,46.87647098850419,46.25932866962694,46.39328136210811,73012800,AAPL
2019-06-13,46.441104888916016,47.07259854029726,46.30954660107747,46.57266682669041,86698400,AAPL
2019-06-14,46.10383987426758,46.30715958311369,45.52018583958195,45.8191886319466,75046000,AAPL
2019-06-17,46.3789176940918,46.63486581817367,45.96748958898146,46.14210618535647,58676400,AAPL
2019-06-18,47.46968078613281,47.90981200382238,46.69466791366559,46.89559690653218,106204000,AAPL
2019-06-19,47.33094787597656,47.811746732774715,47.19699520042928,47.76390336299069,84496800,AAPL
2019-06-20,47.71128463745117,47.986365777928654,47.3692235058782,47.92895592124832,86056000,AAPL
2019-06-21,47.548614501953125,48.04376482331306,47.39791594328948,47.55339956808391,191202400,AAPL
2019-06-24,47.50078582763672,47.87872584119384,47.40271202381546,47.491215693151446,72881600,AAPL
2019-06-25,46.78077697753906,47.66343004792434,46.713797002206945,47.464891779808674,84281200,AAPL
2019-06-26,47.7925910949707,48.077242242195226,47.20654654770945,47.30701101438836,104270000,AAPL
2019-06-27,47.778263092041016,48.21600368750745,47.73759914382003,47.90982142160545,83598800,AAPL
2019-06-28,47.342899322509766,47.72083923918838,47.1347945750101,47.52469168182497,124442400,AAPL
2019-07-01,48.21119689941406,48.91445184578584,47.99591276178485,48.59870323723714,109012000,AAPL
2019-07-02,48.493473052978516,48.58915614675348,48.1657671253992,48.17772796836317,67740800,AAPL
2019-07-03,48.895320892333984,48.90249666609173,48.48389283052297,48.62502124767299,45448000,AAPL
2019-07-05,48.85226821899414,49.05559156534589,48.534128829376186,48.641772747995475,69062000,AAPL
2019-07-08,47.845237731933594,48.175334373362844,47.460121941985406,48.034205913986874,101354400,AAPL
2019-07-09,48.13705062866211,48.20163259281211,47.55578740176146,47.649076111025046,82312000,AAPL
2019-07-10,48.613067626953125,48.73266874059022,48.21360034539757,48.28297103527144,71588400,AAPL
2019-07-11,48.25905227661133,48.8905460488803,48.24948579291271,48.63220718977892,80767200,AAPL
2019-07-12,48.62981414794922,48.79725497916496,48.36669023465564,48.42649079222815,70380800,AAPL
2019-07-15,49.0866813659668,49.24455203210926,48.797245119823614,48.818772440215454,67789600,AAPL
2019-07-16,48.916847229003906,49.301962895972956,48.677645042065016,48.938374549843836,67467200,AAPL
2019-07-17,48.64176940917969,49.05797890617675,48.62263279495951,48.80921022118632,56430000,AAPL
2019-07-18,49.1943359375,49.246960724844214,48.72549791841606,48.7972593238797,74162400,AAPL
2019-07-19,48.45998001098633,49.39526162771868,48.40496451880691,49.22542643455206,83717200,AAPL
2019-07-22,49.56747817993164,49.56986888785843,48.70395812670782,48.71352460835078,89111600,AAPL
2019-07-23,49.954994201660156,49.971740110187,49.58423000504602,49.864099833734244,73420800,AAPL
2019-07-24,49.914329528808594,50.029145578681785,49.5555261792605,49.67512729577653,59966400,AAPL
2019-07-25,49.5196533203125,50.05068263415217,49.45028262034111,49.966960382445144,55638400,AAPL
2019-07-26,49.69187545776367,50.167885587126946,49.54835265146059,49.62968053839526,70475600,AAPL
2019-07-29,50.15593338012695,50.3855691797602,49.859324882608135,49.86410995029182,86693600,AAPL
2019-07-30,49.94064712524414,50.27074740921103,49.58901951404553,49.9358620581026,135742800,AAPL
2019-07-31,50.95964050292969,52.95219547888276,50.54343096661381,51.76814519291497,277125600,AAPL
2019-08-01,49.8569221496582,52.15326516054023,49.45267342174729,51.16535872118057,216071600,AAPL
2019-08-02,48.80203628540039,49.3785108420285,48.230343145055464,49.163230311330075,163448400,AAPL
2019-08-05,46.247352600097656,47.51751570162563,46.065560241571106,47.359645023139706,209572000,AAPL
2019-08-06,47.12282943725586,47.378777521701416,46.41478937882593,46.957779349145824,143299200,AAPL
2019-08-07,47.61081314086914,47.73519932999547,46.36218078247986,46.74251147526255,133457600,AAPL
2019-08-08,48.660911560058594,48.68483324483393,47.69453608408315,47.888289320978814,108038000,AAPL
2019-08-09,48.25993347167969,48.68492749979475,47.85174165233491,48.33436732980815,98478800,AAPL
2019-08-12,48.13745880126953,48.51443488116721,47.8181106881789,47.93096316663212,89927600,AAPL
2019-08-13,50.17600631713867,50.9371579045492,48.13746218750722,48.26712420599327,188874000,AAPL
2019-08-14,48.68251419067383,49.56852452960049,48.644095544305394,48.780960598066514,146189600,AAPL
2019-08-15,48.44001007080078,49.256386268391125,47.94297838198592,48.85300141700887,108909600,AAPL
2019-08-16,49.58292770385742,49.741401862998586,48.94423148463047,49.049880924057916,110481600,AAPL
2019-08-19,50.50735855102539,51.078820332819284,50.430521259871156,50.57218589365761,97654400,AAPL
2019-08-20,50.509765625,51.22769905454453,50.50016279412302,50.634624409226056,107537200,AAPL
2019-08-21,51.057212829589844,51.29972366781528,50.80749895306689,51.141253161466004,86141600,AAPL
2019-08-22,51.01399612426758,51.48941498513007,50.60340461002002,51.189276167751544,89014800,AAPL
2019-08-23,48.656105041503906,50.91555099493653,48.262323049739784,50.28645752648354,187272000,AAPL
2019-08-26,49.58053207397461,49.748609076351144,49.23717136701609,49.42926093993379,104174400,AAPL
2019-08-27,49.02108383178711,50.07517143093124,48.869812663973555,49.909494183098246,103493200,AAPL
2019-08-28,49.35002517700195,49.39564686397116,48.81938179356974,49.0066681246404,63755200,AAPL
2019-08-29,50.185611724853516,50.26004923163214,49.621352927714746,50.06315640226348,83962000,AAPL
2019-08-30,50.12077713012695,50.53136493485516,49.75100409655746,50.461734349049834,84573600,AAPL
2019-09-03,49.39084243774414,49.69818428979416,49.03547910827453,49.56612247903739,80092000,AAPL
2019-09-04,50.22882843017578,50.29845901885149,49.779821963278366,50.03673886776175,76752400,AAPL
2019-09-05,51.21088790893555,51.3765651308316,50.7858902958723,50.90354603728645,95654800,AAPL
2019-09-06,51.20608139038086,51.48461108870742,51.0259981022255,51.39577117230135,77449200,AAPL
2019-09-09,51.42458724975586,51.96964040269282,50.680245133535024,51.585461226459756,109237600,AAPL
2019-09-10,52.03207015991211,52.051279485915714,50.83391821884729,51.35015557390354,127111600,AAPL
2019-09-11,53.68642807006836,53.71524388706847,52.27937718938957,52.36101772978543,177158400,AAPL
2019-09-12,53.56637191772461,54.365942133767874,53.511147403478866,53.97696341496987,128906800,AAPL
2019-09-13,52.52429962158203,53.01412462083623,52.10890847215429,52.8244384765625,159053200,AAPL
2019-09-16,52.800418853759766,52.855647033642335,52.23855987155783,52.27937831072937,84632400,AAPL
2019-09-17,52.99251937866211,53.02133520223491,52.61314339856129,52.81483950835231,73274800,AAPL
2019-09-18,53.48954391479492,53.508753239988586,52.6899736146539,53.07895237436418,101360000,AAPL
2019-09-19,53.05493927001953,53.72724727960935,52.91327096589523,53.307052941713785,88242400,AAPL
2019-09-20,52.279380798339844,53.43911767399923,52.2169532408371,53.155788377866706,221652400,AAPL
2019-09-23,52.517086029052734,52.78600921665871,52.260165462190585,52.57231054140675,76662000,AAPL
2019-09-24,52.26737976074219,53.42231716904428,52.1497276727192,53.07175336927151,124763200,AAPL
2019-09-25,53.07175064086914,53.184603139280306,52.137718705200996,52.47627620043449,87613600,AAPL
2019-09-26,52.79800796508789,53.05012524938438,52.54349088974589,52.824420321800915,75334000,AAPL
2019-09-27,52.541107177734375,53.05494473156102,52.17133407059121,52.95409485593707,101408000,AAPL
2019-09-30,53.777679443359375,53.924147350243985,53.01412429579234,53.04053666142086,103909600,AAPL
2019-10-01,53.92654037475586,54.798144667313224,53.832897210879736,54.04179631783716,139223200,AAPL
2019-10-02,52.5747184753418,53.68403038252034,52.3274007167669,53.55917160743665,138449200,AAPL
2019-10-03,53.02132797241211,53.05494337549281,51.65509540469614,52.447459000713295,114426000,AAPL
2019-10-04,54.507606506347656,54.622862444828854,53.75846122523863,54.17865555013315,138478800,AAPL
2019-10-07,54.51961135864258,55.208728860944525,54.22667560102354,54.32992525189106,122306000,AAPL
2019-10-08,53.88091278076172,54.75972001542837,53.86410691411583,54.22187366190399,111820000,AAPL
2019-10-09,54.51241683959961,54.6948999368784,54.17866259327657,54.51241683959961,74770400,AAPL
2019-10-10,55.247161865234375,55.33120221536916,54.57725351139381,54.728521012309976,113013600,AAPL
2019-10-11,56.716636657714844,57.059993724351415,55.78020129962542,55.93387223570824,166795600,AAPL
2019-10-14,56.63499069213867,57.17764399561088,56.34685817252537,56.402082686698684,96427600,AAPL
2019-10-15,56.50293731689453,57.06239287164702,56.39728786256741,56.759854250095415,87360000,AAPL
2019-10-16,56.274837493896484,56.48373664287502,55.993907945757734,56.03472639321673,73903200,AAPL
2019-10-17,56.49333190917969,56.70222736637808,56.070737747547255,56.447710219951496,67585200,AAPL
2019-10-18,56.7646598815918,57.045589398505086,56.255621913343404,56.327655968301634,97433600,AAPL
2019-10-21,57.74911117553711,57.864367125177715,56.9831599524487,57.0311814328969,87247200,AAPL
2019-10-22,57.61705780029297,58.15490428802028,57.53541724657344,57.90519037069038,82293600,AAPL
2019-10-23,58.39020919799805,58.40461894002899,57.9195935448391,58.1308924623088,75828800,AAPL
2019-10-24,58.48625946044922,58.77919528194411,58.06126180732885,58.70956101444865,69275200,AAPL
2019-10-25,59.20659637451172,59.242611574535424,58.3181860238151,58.38541683972914,73477200,AAPL
2019-10-28,59.79966354370117,59.847685025604804,59.240204303203505,59.40828132176833,96572800,AAPL
2019-10-29,58.41661834716797,59.9677374114046,58.24374175415912,59.780451077157984,142839600,AAPL
2019-10-30,58.409420013427734,58.89924866845541,57.91719523037346,58.769586633499244,124522000,AAPL
2019-10-31,59.73003387451172,59.82848030145837,56.968756318935924,59.36506765293137,139162000,AAPL
2019-11-01,61.425193786621094,61.45160247765383,59.82605375123597,59.91729343392022,151125200,AAPL
2019-11-04,61.82858657836914,61.91262689943389,61.31955239720896,61.787764481529685,103272000,AAPL
2019-11-05,61.73976135253906,61.99427850362642,61.5452719696819,61.72054836324468,79897600,AAPL
2019-11-06,61.76616287231445,61.826190633565766,61.31715639057186,61.65331038805769,75864400,AAPL
2019-11-07,62.479026794433594,62.700595407259684,62.16112687805122,62.31285217221587,94940400,AAPL
2019-11-08,62.650020599365234,62.72226723714008,61.85768150693457,62.30081136770355,69986400,AAPL
2019-11-11,63.146141052246094,63.2111630337341,62.20207656212333,62.2068905553272,81821200,AAPL
2019-11-12,63.08835220336914,63.28824689037083,62.83789220102913,62.98961019587345,87388800,AAPL
2019-11-13,63.69281768798828,63.76747499464725,62.873990636188424,62.888439963309075,102734400,AAPL
2019-11-14,63.25210952758789,63.79157076632971,63.12205821124544,63.51942947548323,89182800,AAPL
2019-11-15,64.00350952148438,64.00832351523762,63.34122157477898,63.502574886013555,100206400,AAPL
2019-11-18,64.32621002197266,64.40568132510607,63.635023558282754,64.01312410296957,86703200,AAPL
2019-11-19,64.1311264038086,64.54294688011666,63.91437917152046,64.51886222106107,76167200,AAPL
2019-11-20,63.384544372558594,64.08054469809994,62.71262135582171,63.95050077197476,106234400,AAPL
2019-11-21,63.10039138793945,63.582055362872204,62.90049672256133,63.504987362976806,121395200,AAPL
2019-11-22,63.04495620727539,63.382119299589114,62.818573698949564,63.24002940174277,65325200,AAPL
2019-11-25,64.15040588378906,64.1672658843364,63.22320139858819,63.26896005744073,84020400,AAPL
2019-11-26,63.64947509765625,64.34066158536174,63.21838386975903,64.28767826489613,105207600,AAPL
2019-11-27,64.50443267822266,64.53815268116317,63.89512810024147,63.9601500849875,65235600,AAPL
2019-11-29,64.36234283447266,64.54296680875088,64.0372182108502,64.20580352668654,46617600,AAPL
2019-12-02,63.618167877197266,64.60316965655018,63.44717925305146,64.36715170309243,94487200,AAPL
2019-12-03,62.48384475708008,62.503108076906436,61.72281500581728,62.20929283970755,114430400,AAPL
2019-12-04,63.035362243652344,63.413470229056855,62.780080924112625,62.874008927329,67181600,AAPL
2019-12-05,63.96015167236328,64.03481634506913,63.273786434184856,63.5290677356678,74424400,AAPL
2019-12-06,65.19558715820312,65.26543045163109,64.37434967905476,64.41770499715763,106075600,AAPL
2019-12-09,64.28286743164062,65.21728922547906,63.79879285948436,65.02462660501106,128042400,AAPL
2019-12-10,64.6585464477539,65.04146825890689,64.02756074204926,64.68744509771174,90420400,AAPL
2019-12-11,65.21007537841797,65.28955405101115,64.66338940620615,64.73804673524272,78756800,AAPL
2019-12-12,65.37623596191406,65.64115256416365,64.3791955584024,64.48997619221315,137310400,AAPL
2019-12-13,66.26490020751953,66.30102352499274,65.248589228168,65.37622984964455,133587600,AAPL
2019-12-16,67.39922332763672,67.62320261796066,66.70563351279964,66.71044750574998,128186000,AAPL
2019-12-17,67.53169250488281,67.85922045100963,67.14394921761478,67.32939453528536,114158400,AAPL
2019-12-18,67.37030792236328,67.89050566637485,67.22099333233885,67.38475724722979,116028400,AAPL
2019-12-19,67.43775177001953,67.71711767990757,67.18006720064264,67.31252181714845,98369200,AAPL
2019-12-20,67.29806518554688,68.0711335089849,67.08613194245461,67.9699882290766,275978000,AAPL
2019-12-23,68.39627075195312,68.45647873677,67.52204963647512,67.5605836287108,98572000,AAPL
2019-12-24,68.46131134033203,68.61063335694011,68.13619401362658,68.56246401614918,48478800,AAPL
2019-12-26,69.8196029663086,69.8364629694818,68.56487035875298,68.59376902155901,93121200,AAPL
2019-12-27,69.7930908203125,70.79736320865955,69.38849493923185,70.11099073385043,146266000,AAPL
2019-12-30,70.20732116699219,70.4890977572307,68.69008295692782,69.71120798213394,144114400,AAPL
2019-12-31,70.72030639648438,70.72753106158736,69.72566918619233,69.82441117567208,100805600,AAPL
2020-01-02,72.33386993408203,72.39407791515757,71.09117632272992,71.34404690340438,135480400,AAPL
2020-01-03,71.63064575195312,72.38926493117573,71.40667380039741,71.56321309934685,146322800,AAPL
2020-01-06,72.20140838623047,72.23994237629597,70.50354624985978,70.75401351048198,118387200,AAPL
2020-01-07,71.86185455322266,72.46633779595872,71.6426965801033,72.21105649751387,108872000,AAPL
2020-01-08,73.01782989501953,73.31886979288494,71.56561372170107,71.56561372170107,132079200,AAPL
2020-01-09,74.56879425048828,74.76145686133366,73.74274246581768,73.99320238999518,170108400,AAPL
2020-01-10,74.73735809326172,75.30091119032697,74.23643098983341,74.80238740809561,140644800,AAPL
2020-01-13,76.33411407470703,76.36060941838261,74.9348806434608,75.05289332956306,121532000,AAPL
2020-01-14,75.3033218383789,76.48099343710987,75.18050255877637,76.27147084582813,161954400,AAPL
2020-01-15,74.98062896728516,75.98249090201921,74.54953765831824,75.10345563091921,121923600,AAPL
2020-01-16,75.91986083984375,76.03064882750155,75.1612416745226,75.52248959606675,108829200,AAPL
2020-01-17,76.76036071777344,76.7627640392473,75.86205500785368,76.16790890123319,137816400,AAPL
2020-01-21,76.24014282226562,76.83017646283267,76.10286689971221,76.38945739784091,110843200,AAPL
2020-01-22,76.51229858398438,77.06379835057774,76.41837061392836,76.72422448512405,101832400,AAPL
2020-01-23,76.88078308105469,76.96025438766408,76.01860061750638,76.56529382668359,104472000,AAPL
2020-01-24,76.6592025756836,77.8681760847734,76.46894331412666,77.12641705620177,146537600,AAPL
2020-01-27,74.40503692626953,75.08417746726008,73.42484908589569,74.67235687385795,161940000,AAPL
2020-01-28,76.5098876953125,76.68087628820244,75.18531223152581,75.28405419350632,162234000,AAPL
2020-01-29,78.1114273071289,78.95674973344263,77.39856685210137,78.13792264122904,216229200,AAPL
2020-01-30,77.99821472167969,78.0511980258145,76.76515675229342,77.19624784731732,126743200,AAPL
2020-01-31,74.53990173339844,77.71165450707113,74.24608645041388,77.29019858022654,199588400,AAPL
2020-02-03,74.3351821899414,75.49839714349714,72.78422401879573,73.2851511845041,173788400,AAPL
2020-02-04,76.78927612304688,76.97953543976107,75.53213292898627,75.9367288800473,136616400,AAPL
2020-02-05,77.41542053222656,78.21257356762338,76.81334075627086,77.91393700101683,118826800,AAPL
2020-02-06,78.32096862792969,78.32337929968051,77.12885469909907,77.68517600247516,105425600,AAPL
2020-02-07,77.2563705444336,78.06989925267796,76.76632167871378,77.82125391424971,117684000,AAPL
2020-02-10,77.62327575683594,77.62327575683594,75.76447362748293,75.84413352382079,109348800,AAPL
2020-02-11,77.15495300292969,78.1905758646545,76.93769137166434,78.11815777658227,94323200,AAPL
2020-02-12,78.98722839355469,78.9920538114317,77.60398368209574,77.60398368209574,113730400,AAPL
2020-02-13,78.42475128173828,78.75064746940821,78.05782062596876,78.26059867524006,94747600,AAPL
2020-02-14,78.4440689086914,78.69271421468866,77.93712009409066,78.3933688702963,80113600,AAPL
2020-02-18,77.00772094726562,77.18877358272158,75.94795598487916,76.12900862033511,152531200,AAPL
2020-02-19,78.12300109863281,78.35233737517142,77.24912158938099,77.24912158938099,93984000,AAPL
2020-02-20,77.321533203125,78.3716398349872,76.81700080414447,77.88400744802773,100566000,AAPL
2020-02-21,75.57135772705078,77.35774940247184,74.95578178960817,76.91597690115918,129554000,AAPL
2020-02-24,71.981689453125,73.43011036441114,69.82113268068633,71.75960237227564,222195200,AAPL
2020-02-25,69.54353332519531,73.0318176639516,69.07280081018256,72.65040328612861,230673600,AAPL
2020-02-26,70.64672088623047,71.90926363042658,69.16209108503992,69.1693328941365,198054800,AAPL
2020-02-27,66.02867126464844,69.0413890764873,65.89348591735909,67.85851360418104,320605600,AAPL
2020-02-28,65.99006652832031,67.20915879544067,61.88862284247871,62.10347552395671,426510000,AAPL
2020-03-02,72.13379669189453,72.76868922917748,67.0425965295844,68.14339616645945,341397200,AAPL
2020-03-03,69.84285736083984,73.38665871766685,68.99311238709194,73.3069988099028,319475600,AAPL
2020-03-04,73.08250427246094,73.2418314905751,70.76261982320094,71.56166493954149,219178400,AAPL
2020-03-05,70.71192932128906,72.31242862903635,70.3474076125405,71.33957264179317,187572800,AAPL
2020-03-06,69.77285766601562,70.2049720207652,67.88991319528947,68.07579124975517,226176800,AAPL
2020-03-09,64.25436401367188,67.13188921300795,63.48911178224734,63.67016438238683,286744800,AAPL
2020-03-10,68.88207244873047,69.14761776690831,65.02685833500999,66.9025682079639,285290000,AAPL
2020-03-11,66.4897689819336,67.88749740945617,65.62795665733853,66.96292517997638,255598800,AAPL
2020-03-12,59.92359161376953,65.17894700154001,59.86806983845157,61.784814276675704,418474000,AAPL
2020-03-13,67.10295104980469,67.57369096094727,61.06303266081341,63.94539557678096,370732000,AAPL
2020-03-16,58.47034454345703,62.5428168089279,57.93684117686896,58.40757727472599,322423600,AAPL
2020-03-17,61.041290283203125,62.1879532458274,57.55059398806874,59.74978006097213,324056000,AAPL
2020-03-18,59.54700469970703,60.350878847985236,57.24160039100893,57.88132191691277,300233600,AAPL
2020-03-19,59.09074783325195,61.036459434063396,58.566902685612334,59.72081110917334,271857200,AAPL
2020-03-20,55.3393440246582,60.79264863512061,55.04000233501268,59.67012006159394,401693200,AAPL
2020-03-23,54.163700103759766,55.160697700443244,51.32479637531141,55.05930867623348,336752800,AAPL
2020-03-24,59.59769821166992,59.79323446043245,56.56084169108887,57.05813231967632,287531200,AAPL
2020-03-25,59.269386291503906,62.34245170831376,58.97487373705756,60.53192552123785,303602000,AAPL
2020-03-26,62.38832473754883,62.44625922344338,59.472169846872056,59.51079529315195,252087200,AAPL
2020-03-27,59.805301666259766,61.767909526223264,59.638732669554486,61.01473181958192,204216800,AAPL
2020-03-30,61.51202392578125,61.683422027854625,60.206030134757754,60.529513617295876,167976400,AAPL
2020-03-31,61.38650131225586,63.3660094986333,60.8336888557072,61.70274302705608,197002000,AAPL
2020-04-01,58.15652084350586,60.04188167908633,57.726822887688364,59.50596558883749,176218400,AAPL
2020-04-02,59.126956939697266,59.18006600388776,57.188487147319506,58.018915768998035,165934000,AAPL
2020-04-03,58.277217864990234,59.31283722451452,57.68819275537644,58.6127685713981,129880000,AAPL
2020-04-06,63.36117935180664,63.51567376682207,60.201208300554335,60.568138982385115,201820400,AAPL
2020-04-07,62.62730026245117,65.5893255452028,62.52349853876049,65.37205652922795,202887200,AAPL
2020-04-08,64.23023223876953,64.54405384793799,63.06184016051964,63.42635444288139,168895200,AAPL
2020-04-09,64.69371795654297,65.19584133375365,63.899505790640596,64.86511973614601,161834800,AAPL
2020-04-13,65.9635009765625,66.07213548949194,64.17228391165321,64.77096719479518,131022800,AAPL
2020-04-14,69.29487609863281,69.58456326372355,67.12224446160415,67.59298426311395,194994800,AAPL
2020-04-15,68.66239166259766,69.1210568119712,67.74506136385055,68.17234288135833,131154400,AAPL
2020-04-16,69.20796203613281,69.57248363661981,68.16027185080422,69.37453102131897,157125200,AAPL
2020-04-17,68.2688980102539,69.27072829912615,66.83496081662895,68.72515410233876,215250000,AAPL
2020-04-20,66.85189056396484,67.99855755048588,66.83258151937916,67.09812692651032,130015200,AAPL
2020-04-21,64.78546142578125,66.92912586019385,64.07573448825138,66.69496415132106,180991600,AAPL
2020-04-22,66.6514892578125,67.08601248995713,65.71001734346707,66.05038970065308,116862400,AAPL
2020-04-23,66.39319610595703,68.01542772017612,66.35457066668404,66.59597413685326,124814400,AAPL
2020-04-24,68.30997467041016,68.31963287685757,66.86879493259592,66.91707859777999,126161200,AAPL
2020-04-27,68.3582534790039,68.68897519756469,67.58093367390491,68.02752439339068,117087600,AAPL
2020-04-28,67.25018310546875,69.00035846269303,67.15845596472252,68.81930583953189,112004800,AAPL
2020-04-29,69.45903778076172,69.92736120107678,68.53204914375017,68.73482721743544,137280800,AAPL
2020-04-30,70.9243392944336,71.10056648651737,69.60869475205328,69.99735081766806,183064000,AAPL
2020-05-01,69.78250885009766,72.17964374552773,69.0051893150792,69.10174923798432,240616800,AAPL
2020-05-04,70.76985931396484,70.89780288941466,69.11866006272429,69.80666159250394,133568000,AAPL
2020-05-05,71.8320083618164,72.66243680032687,71.0836562103967,71.22849975051801,147751200,AAPL
2020-05-06,72.5731430053711,73.20320267035598,72.14827044329485,72.5321011645588,142333600,AAPL
2020-05-07,73.32389831542969,73.66911092684012,72.89661676334377,73.19837114485792,115215200,AAPL
2020-05-08,75.06913757324219,75.12239040799929,73.65552559886389,73.98230402182824,133838400,AAPL
2020-05-11,76.25037384033203,76.74416477518758,74.36958632362644,74.57775917368724,145946400,AAPL
2020-05-12,75.37897491455078,77.3832066763356,75.25794640867731,76.93297679324957,162301200,AAPL
2020-05-13,74.46884155273438,76.47791927324582,73.39410778103768,75.55809815483286,200622400,AAPL
2020-05-14,74.92632293701172,74.98683718466037,72.98744407851115,73.70877656980059,158929200,AAPL
2020-05-15,74.48334503173828,74.52933644505968,72.66791783323735,72.70180935336562,166348400,AAPL
2020-05-18,76.23826599121094,76.61103581678174,75.11512542110488,75.80498930633232,135178400,AAPL
2020-05-19,75.7977294921875,77.0999898949941,75.76626090152799,76.25521336264156,101729600,AAPL
2020-05-20,77.27184295654297,77.3420341535439,76.61586330214624,76.65459330065981,111504800,AAPL
2020-05-21,76.69576263427734,77.67367499164858,76.45854411277335,77.1338852173559,102688800,AAPL
2020-05-22,77.18953704833984,77.27183551713587,76.33265345783,76.43431323052285,81803200,AAPL
2020-05-26,76.66670227050781,78.48454498542678,76.6110265113562,78.3054252019707,125522000,AAPL
2020-05-27,77.00074768066406,77.14598335609439,75.78562421645006,76.52390248864035,112945200,AAPL
2020-05-28,77.03462982177734,78.29090607267398,76.4004417495467,76.67638285095582,133560800,AAPL
2020-05-29,76.95960998535156,77.736610955793,76.60378586836536,77.2767040924692,153532400,AAPL
2020-06-01,77.90605163574219,78.0270801430567,76.78290354210658,76.91361639836452,80791200,AAPL
2020-06-02,78.26668548583984,78.29089265581315,77.19921355683967,77.63975893458408,87642800,AAPL
2020-06-03,78.69756317138672,78.95898884323296,78.01496072344597,78.58621903033732,104491200,AAPL
2020-06-04,78.01981353759766,78.81859867793425,77.64704369151033,78.52087329742372,87560400,AAPL
2020-06-05,80.24188995361328,80.30240419943048,78.2400813612976,78.26912701737099,137250400,AAPL
2020-06-08,80.71630859375,80.75020011255444,79.2300827598663,79.93930785149966,95654400,AAPL
2020-06-09,83.2651596069336,83.65729064511632,80.36532236126617,80.39679094356325,147712400,AAPL
2020-06-10,85.4073715209961,85.87453965160508,83.77348714351568,84.2116096226659,166651600,AAPL
2020-06-11,81.30695343017578,84.97653882509627,81.20529361612985,84.5529390302518,201662400,AAPL
2020-06-12,82.00892639160156,84.18743986302304,80.90030834197822,83.44190739196993,200146000,AAPL
2020-06-15,83.02311706542969,83.6742509001126,80.50330314287096,80.6654845616587,138808800,AAPL
2020-06-16,85.22341918945312,85.49452921505798,83.44188334314991,85.07334504214955,165428800,AAPL
2020-06-17,85.10478973388672,86.02702598772805,84.98376127656381,85.96651175906659,114406400,AAPL
2020-06-18,85.13870239257812,85.55504068464955,84.53113702208627,85.06124238777585,96820400,AAPL
2020-06-19,84.65218353271484,86.3078527061597,83.54598114965047,85.84310735238266,264476000,AAPL
2020-06-22,86.86698913574219,87.00980187063504,84.99830891368086,85.0443003318489,135445200,AAPL
2020-06-23,88.72115325927734,90.13718820813904,87.68998805980996,88.10874933547481,212155600,AAPL
2020-06-24,87.15504455566406,89.26820486684538,86.78227469992099,88.35080675031271,192623200,AAPL
2020-06-25,88.31205749511719,88.35078749388231,86.55230611311778,87.30994555491553,137522400,AAPL
2020-06-26,85.59862518310547,88.4282723384794,85.45096655963653,88.2079995637923,205256800,AAPL
2020-06-29,87.57137298583984,87.6657787527797,85.02977472321102,85.50662726415537,130646000,AAPL
2020-06-30,88.30237579345703,88.58800861953088,87.1405053436716,87.1598666501381,140223200,AAPL
2020-07-01,88.13538360595703,88.92206897093759,88.08697663107799,88.37986357552768,110737200,AAPL
2020-07-02,88.13538360595703,89.67487019220228,88.02162389084378,89.04068194142937,114041600,AAPL
2020-07-06,90.49301147460938,90.96017971455592,89.52962194946613,89.56109054157537,118655600,AAPL
2020-07-07,90.21221923828125,91.6476154008952,90.10087509241899,90.87061453958542,112424400,AAPL
2020-07-08,92.31327056884766,92.34473915860562,91.10056271828748,91.18770707353977,117092000,AAPL
2020-07-09,92.71024322509766,93.2572869587544,91.66455533300416,93.20403412942578,125642800,AAPL
2020-07-10,92.87239837646484,92.93049706109667,91.696005277293,92.3059860634942,90257200,AAPL
2020-07-13,92.44398498535156,96.77922651804644,92.23097365442625,94.17469096863013,191649200,AAPL
2020-07-14,93.9737777709961,94.16499745387678,90.89481289415856,91.82672629574613,170989200,AAPL
2020-07-15,94.62007141113281,96.09419752364778,93.42430934647335,95.84487913129125,153198000,AAPL
2020-07-16,93.45576477050781,94.31022548870118,92.8578838224014,93.49449476804814,110577600,AAPL
2020-07-17,93.2669906616211,94.06093739920163,92.79497651338822,93.90602474618288,92186800,AAPL
2020-07-20,95.23247528076172,95.37044953138843,93.01039399095433,93.35411815070974,90318000,AAPL
2020-07-21,93.91810607910156,96.09661884897764,93.66878769091768,96.02158177786353,103433200,AAPL
2020-07-22,94.18194580078125,94.86212529718233,93.53323489247579,93.62037185613211,89001600,AAPL
2020-07-23,89.89512634277344,93.99314942038049,89.08665688068213,93.91568941051719,197004400,AAPL
2020-07-24,89.67243957519531,90.01616378626149,86.31268703007238,88.0966534330444,185438800,AAPL
2020-07-27,91.79769134521484,91.88967418415685,90.50995376100627,90.73264205708286,121214000,AAPL
2020-07-28,90.2896728515625,91.54594911832494,90.2848269844815,91.36924487069622,103625600,AAPL
2020-07-29,92.0204086303711,92.20437435144164,90.73508629119527,90.77139337114475,90329200,AAPL
2020-07-30,93.13385009765625,93.23793283077006,90.7883172670131,91.1949712384762,158130000,AAPL
2020-07-31,102.8839111328125,103.03398529349649,97.6215868383854,99.61614157613516,374336800,AAPL
2020-08-03,105.476318359375,108.09053052398437,104.46452205826068,104.76224738585148,308151200,AAPL
2020-08-04,106.18071746826172,107.26997389606046,104.94380243901392,105.6651349105181,173071600,AAPL
2020-08-05,106.56560516357422,106.88512220917495,105.43761854161589,105.90237127948915,121776800,AAPL
2020-08-06,110.2835693359375,110.77736760867772,106.30899814130089,106.89719478834881,202428800,AAPL
2020-08-07,107.77619171142578,110.26174899503663,106.98081367668276,109.80586023116359,198045600,AAPL
2020-08-10,109.34270477294922,110.35875275642206,106.69710077257369,109.21903076531765,212403600,AAPL
2020-08-11,106.09087371826172,109.10506522291367,105.83140397675015,108.60795666047292,187902400,AAPL
2020-08-12,109.61674499511719,109.87378746896775,106.98568949170516,107.17968129827851,165598000,AAPL
2020-08-13,111.55668640136719,112.55818551229297,110.50668564136352,110.99409983343942,210082000,AAPL
2020-08-14,111.4572525024414,111.54697388434195,109.65067355223327,111.38208013380518,165565200,AAPL
2020-08-17,111.166259765625,112.60182410704658,110.54062998121614,112.57757328432733,119561600,AAPL
2020-08-18,112.09258270263672,112.51694618501556,110.58427334354063,110.91891544512356,105633600,AAPL
2020-08-19,112.23322296142578,113.64453639963617,112.13865437861999,112.49996719549999,145538000,AAPL
2020-08-20,114.7236557006836,114.83762792120191,112.25749399300557,112.27447031102837,126907200,AAPL
2020-08-21,120.63562774658203,121.1181872782855,115.66935990258521,115.68148161330981,338054800,AAPL
2020-08-24,122.07846069335938,124.91806397068724,120.2161130032418,124.83318239328597,345937600,AAPL
2020-08-25,121.07696533203125,121.42130925505194,119.35768781992573,120.95329871627834,211495600,AAPL
2020-08-26,122.72348022460938,123.17936898693925,121.32671591454528,122.39126546065715,163022400,AAPL
2020-08-27,121.25641632080078,123.65709978806709,120.11426694187719,123.32488497435537,155552400,AAPL
2020-08-28,121.06000518798828,122.64590698975564,120.83690796249397,122.22881796842402,187630000,AAPL
2020-08-31,125.16542053222656,127.06657581238215,122.21670650656604,123.74926698327913,225702700,AAPL
2020-09-01,130.1510009765625,130.75239444394916,126.61060460514781,128.77364076519564,151948100,AAPL
2020-09-02,127.45452880859375,133.83695705739137,123.18665076532004,133.45866793446768,200119000,AAPL
2020-09-03,117.25042724609375,124.97141760627962,116.88183987574337,123.09937532501802,257599600,AAPL
2020-09-04,117.32801055908203,119.98573625952378,107.56037630423063,116.46473461185484,332607200,AAPL
2020-09-08,109.43242645263672,115.41716207276087,109.29663073421304,110.52849400857393,231366600,AAPL
2020-09-09,113.79731750488281,115.56266939432574,111.799173992742,113.7391214492864,176940500,AAPL
2020-09-10,110.0822982788086,116.88181506989982,109.12202651754133,116.74601936225844,182274400,AAPL
2020-09-11,108.63703918457031,111.77005705290503,106.69709205627441,111.1298709484181,180860300,AAPL
2020-09-14,111.89616394042969,112.44904864015743,109.41303369608222,111.27538137934282,140150100,AAPL
2020-09-15,112.07074737548828,115.26196131479541,110.19869808587379,114.77697452888815,184642000,AAPL
2020-09-16,108.76313018798828,112.51693044540818,108.67583612168845,111.77005407703663,154679000,AAPL
2020-09-17,107.02690124511719,108.83105303274593,105.44584667867372,106.42552224944927,178011000,AAPL
2020-09-18,103.63198852539062,107.5506832359034,102.90450823656477,107.08509999522968,287104900,AAPL
2020-09-21,106.77471160888672,106.88140931284494,100.00429161371379,101.40105617439414,195713800,AAPL
2020-09-22,108.4527587890625,109.47123415071694,105.88233436259476,109.29663858587081,183055400,AAPL
2020-09-23,103.90359497070312,108.74376210707231,103.56409822420848,108.26847702241763,150718700,AAPL
2020-09-24,104.9705581665039,106.93960365288808,101.84724157417912,102.01213533208141,167743300,AAPL
2020-09-25,108.90864562988281,109.06384497371614,104.4370662899755,105.17424837255975,149981400,AAPL
2020-09-28,111.50817108154297,111.85736219121794,109.39362820642745,111.55667272467461,137672400,AAPL
2020-09-29,110.66429901123047,111.84766814275456,110.1599159291002,111.11049343812664,99382200,AAPL
2020-09-30,112.33264923095703,113.73911550361659,110.20841190929694,110.37330565840851,142675200,AAPL
2020-10-01,113.28323364257812,114.18530951408272,112.35205974301084,114.1077098390407,116120400,AAPL
2020-10-02,109.62640380859375,111.90584749739754,108.85042943395283,109.50030991529614,144712000,AAPL
2020-10-05,113.00191497802734,113.14741248595817,110.14049605673375,110.48968711564349,106243800,AAPL
2020-10-06,109.76222229003906,112.63334341918222,108.87954271233731,112.22594886007512,161498200,AAPL
2020-10-07,111.62457275390625,112.08046156708008,110.70309331868141,111.17838574960963,96849000,AAPL
2020-10-08,111.51787567138672,112.90493833599005,111.14928093514196,112.75944080327828,83477200,AAPL
2020-10-09,113.45781707763672,113.48691510258755,111.46936816913343,111.81855926916633,100506900,AAPL
2020-10-12,120.66470336914062,121.42128150561734,115.69843644721472,116.45501458369142,240226800,AAPL
2020-10-13,117.46382904052734,121.6250176489062,116.05736995065374,121.50861812548327,262330500,AAPL
2020-10-14,117.55109405517578,119.33584179194668,116.02823591444664,117.36679671702483,150712000,AAPL
2020-10-15,117.08552551269531,117.56081055796655,114.60239518602361,115.15527990408137,112559200,AAPL
2020-10-16,115.4462661743164,117.90030584427576,115.24257258596,117.63840880188037,115393800,AAPL
2020-10-19,112.49755859375,116.8042370043639,112.18716729027952,116.35804996814461,120639300,AAPL
2020-10-20,113.98159790039062,115.40746025257594,112.15804282671203,112.71092747344602,124423700,AAPL
2020-10-21,113.36083221435547,115.14558032107824,112.95343762450592,113.16683302863848,89946000,AAPL
2020-10-22,112.27445220947266,114.49569279996962,111.14927920105526,113.92340448698165,101988000,AAPL
2020-10-23,111.58575439453125,113.05041647874276,110.84857244879218,112.89521716371952,82572600,AAPL
2020-10-26,111.59545135498047,113.0504115687335,109.49060328818192,110.58667805207448,111850700,AAPL
2020-10-27,113.09893035888672,113.75851276167866,111.10078693291935,112.02225897491293,92276800,AAPL
2020-10-28,107.8610610961914,111.96405267029793,107.76406521649079,111.59546536731106,143937800,AAPL
2020-10-29,111.85736083984375,113.41901900582575,108.83104039265947,108.99594153712782,146129200,AAPL
2020-10-30,105.59133911132812,108.6273541724171,104.4855696692542,107.72527832227131,190272600,AAPL
2020-11-02,105.5040283203125,107.35668150297613,104.09756951905206,105.83382320217856,122866900,AAPL
2020-11-03,107.12390899658203,108.14237704788208,105.46525468419668,106.3673306155269,107624400,AAPL
2020-11-04,111.49846649169922,112.11924902667879,108.97653651830575,110.71279021468385,138235500,AAPL
2020-11-05,115.45597076416016,116.0282591074031,113.3608313760952,114.40839736997158,126387100,AAPL
2020-11-06,115.3248062133789,115.82034093796346,112.83738439067113,114.96529408792372,114457900,AAPL
2020-11-09,113.02201080322266,118.5312490768306,112.75966930056151,117.08349671182408,154515300,AAPL
2020-11-10,112.68191528320312,114.25597883957684,110.8940807658282,112.27382528066764,138023400,AAPL
2020-11-11,116.10208892822266,116.23811890460102,113.13857025646223,113.86730544980823,112295000,AAPL
2020-11-12,115.83003997802734,117.1126137436234,115.20818648034917,116.22841881317535,103162300,AAPL
2020-11-13,115.87863159179688,116.27700303551688,114.52804275815001,116.05352836084144,81581900,AAPL
2020-11-16,116.88914489746094,117.55957633149036,114.80010222486767,115.54826720324448,91183000,AAPL
2020-11-17,116.00493621826172,117.24864320805052,115.58712770640344,116.16040329852451,74271000,AAPL
2020-11-18,114.68351745605469,116.42276682795455,114.65436922624248,115.24707460935673,76322100,AAPL
2020-11-19,115.27620697021484,115.68429695756758,113.49809106564801,114.25597458875419,74113000,AAPL
2020-11-20,114.01305389404297,115.40250938194856,113.96447599254086,115.27619794234921,73604300,AAPL
2020-11-23,110.62201690673828,114.2851304944073,110.5248536828197,113.85760341347095,127959300,AAPL
2020-11-24,111.90459442138672,112.56531474410036,109.39774313111327,110.68032441615657,113874200,AAPL
2020-11-25,112.7402114868164,113.43979858279869,111.90459439029078,112.27382503154757,76499200,AAPL
2020-11-27,113.28434753417969,114.15883152801634,112.92484280171581,113.26491785124114,46691300,AAPL
2020-11-30,115.67456817626953,117.540128473613,113.4980737496245,113.65354081427529,169410200,AAPL
2020-12-01,119.24053192138672,119.96926723797301,116.60736920035771,117.57901628913943,127728200,AAPL
2020-12-02,119.59033966064453,119.87211823940518,117.46242991146435,118.56038858339666,89004200,AAPL
2020-12-03,119.45429992675781,120.27047995352808,118.74499426371094,120.01784962535093,78967600,AAPL
2020-12-04,118.78384399414062,119.37654924842553,118.07453843287111,119.12391895649799,78260400,AAPL
2020-12-07,120.24131774902344,121.03806800243322,118.78384723085345,118.84214367939516,86712000,AAPL
2020-12-08,120.85344696044922,121.43644107050238,119.6000214847598,120.84373582820557,82225500,AAPL
2020-12-09,118.32718658447266,122.37895334699282,117.56930300737729,120.99921619827668,115089200,AAPL
2020-12-10,119.74578094482422,120.35792333365181,116.7433951040976,117.08347009062476,81312200,AAPL
2020-12-11,118.9393310546875,119.27940607418536,117.13206676469383,118.95876073591047,86939800,AAPL
2020-12-14,118.32718658447266,119.85267228564851,118.09399334838469,119.12393693642923,79184500,AAPL
2020-12-15,124.25424194335938,124.27367903878984,120.6105649235341,120.81460994707473,157243700,AAPL
2020-12-16,124.18622589111328,124.73034594931227,122.97166689471923,123.79757294273104,98208600,AAPL
2020-12-17,125.05097961425781,125.90603381216341,124.40968896582861,125.24530607028412,94359800,AAPL
2020-12-18,123.0688247680664,125.43964605507787,122.5441344465272,125.30361605465058,192541500,AAPL
2020-12-21,124.59432220458984,124.67205576340992,119.94984955475292,121.47533543446605,121251600,AAPL
2020-12-22,128.1408233642578,130.59908932336018,125.97403967211778,127.87847449783371,168904800,AAPL
2020-12-23,127.24691772460938,128.67522539994948,127.07201352740594,128.41289134338277,88223700,AAPL
2020-12-24,128.22828674316406,129.67604646021374,127.38295839338778,127.59672197110412,54930100,AAPL
2020-12-28,132.81442260742188,133.44598718799116,129.7245776284665,130.19097883452193,124486200,AAPL
2020-12-29,131.0460205078125,134.85487480481046,130.53104880605997,134.1358655444837,121047300,AAPL
2020-12-30,129.9286346435547,132.13427742745725,129.6177004950943,131.735898609551,96452100,AAPL
2020-12-31,128.92784118652344,130.9197204767935,127.98534242224186,130.27842990655225,99116600,AAPL
2021-01-04,125.7408447265625,129.8217592553949,123.16597863459702,129.73431458165692,143301900,AAPL
2021-01-05,127.29550170898438,128.0048148809108,124.78865000861988,125.23561427002338,97664900,AAPL
2021-01-06,123.010498046875,127.33433126965235,122.79673453932533,124.09874526118351,155088000,AAPL
2021-01-07,127.2080307006836,127.89790663345559,124.23479308365204,124.72061661130184,109578200,AAPL
2021-01-08,128.30599975585938,128.86955684085643,126.53759495540402,128.67521556411702,105158200,AAPL
2021-01-11,125.32304382324219,126.47930629071162,124.85665734789745,125.52709624591981,100384500,AAPL
2021-01-12,125.14814758300781,126.01291289609365,123.26314986487158,124.85665049211372,91951100,AAPL
2021-01-13,127.17887878417969,127.72299874717103,124.84693184960055,125.1092658720847,88636800,AAPL
2021-01-14,125.2550277709961,127.28576659581172,125.10927181431389,127.09144014639318,90221800,AAPL
2021-01-15,123.53520202636719,126.52787663913662,123.39917203606663,125.1287025525268,111598500,AAPL
2021-01-19,124.20565032958984,125.0607045202907,123.34088500532488,124.15706500945309,90757300,AAPL
2021-01-20,128.2865447998047,128.7335089174472,124.90521758681017,125.01209934367105,104319500,AAPL
2021-01-21,132.98931884765625,135.70993338633443,129.80231790485385,130.00637029637122,120150900,AAPL
2021-01-22,135.12696838378906,135.88485193048166,131.19179469063414,132.4160646907934,114459400,AAPL
2021-01-25,138.86781311035156,140.97628571065687,132.6686993609781,139.0135690829673,157611700,AAPL
2021-01-26,139.10101318359375,140.20869037046396,137.3617564370404,139.52854031294,98390600,AAPL
2021-01-27,138.03221130371094,140.20870656534407,136.42899920964183,139.363363343346,140843800,AAPL
2021-01-28,133.20306396484375,137.96414245615455,132.82412228395296,135.56417353512813,142621100,AAPL
2021-01-29,128.21856689453125,132.86303917443942,126.51818434944722,131.97883669271752,177523800,AAPL
2021-02-01,130.33673095703125,131.54157860190338,127.21773749244758,129.9577892114423,106239800,AAPL
2021-02-02,131.16265869140625,132.44522526454477,130.79342801715512,131.88166811874655,83305400,AAPL
2021-02-03,130.14242553710938,131.92054165395052,129.82178018887643,131.91081569341782,89880900,AAPL
2021-02-04,133.4945526123047,133.50426374284237,130.77393862025266,132.4354611637118,84183100,AAPL
2021-02-05,133.08102416992188,133.7232731231055,132.20524094162676,133.65516390896917,75693800,AAPL
2021-02-08,133.2269744873047,133.2756324021585,131.29050232328603,132.3706427004726,71297200,AAPL
2021-02-09,132.3511962890625,134.17090160726997,132.19551172596402,132.94478730279516,76774200,AAPL
2021-02-10,131.74786376953125,133.3048279995829,130.7844904817518,132.80853804149436,73046600,AAPL
2021-02-11,131.494873046875,132.72097244544923,130.17145780866096,132.24414858851415,64280000,AAPL
2021-02-12,131.72842407226562,131.88412349618312,130.09362466607496,130.73587365349886,60145100,AAPL
2021-02-16,129.6070556640625,132.35118706954955,129.2178071626484,131.84518629017936,80576300,AAPL
2021-02-17,127.32025146484375,128.66313264506522,125.98711077615506,127.71922556162117,97918500,AAPL
2021-02-18,126.22068786621094,126.50288006540657,123.98255701846796,125.7243978338029,96856700,AAPL
2021-02-19,126.37635040283203,127.1937647700894,125.3351422926217,126.73640709556466,87668800,AAPL
2021-02-22,122.61048126220703,126.23041094448011,122.22124015432108,124.56640502266376,103916400,AAPL
2021-02-23,122.47421264648438,123.30134512196389,115.20516359565634,120.43070669996013,158273000,AAPL
2021-02-24,121.97795104980469,122.18230093698557,118.94188709836797,121.57898434363891,111039900,AAPL
2021-02-25,117.73524475097656,123.05809741548158,117.29735317502876,121.32598240071049,148199500,AAPL
2021-02-26,117.99800109863281,121.49142336780443,117.93961010314024,119.29221728289741,164560400,AAPL
2021-03-01,124.35230255126953,124.48853579591959,119.48680831618185,120.42098231842009,116307900,AAPL
2021-03-02,121.754150390625,125.25730532990295,121.64710890595583,124.95564701355688,102260900,AAPL
2021-03-03,118.77645874023438,122.32827149061751,118.56237577745944,121.45248092660913,112966300,AAPL
2021-03-04,116.89838409423828,120.27503892466773,115.42900990064756,118.47480719948628,178155000,AAPL
2021-03-05,118.1536865234375,118.65970219404976,114.40725661331615,117.72552798386944,153766600,AAPL
2021-03-08,113.22980499267578,117.74498394850409,113.08383865170997,117.67686731260757,154376600,AAPL
2021-03-09,117.8325424194336,118.7764495417566,115.59441940046939,115.82796105806665,129525800,AAPL
2021-03-10,116.75244140625,118.88352353506721,116.23669261108125,118.4164400921035,111943300,AAPL
2021-03-11,118.67915344238281,119.89552719538874,117.99798711036199,119.24355264557505,103026500,AAPL
2021-03-12,117.77416229248047,117.9103955487277,115.95447204511132,117.16111263936789,88105100,AAPL
2021-03-15,120.65454864501953,120.6642817142442,117.18058534747087,118.14395874848536,92403800,AAPL
2021-03-16,122.1920394897461,123.79765430298438,121.36490683570095,122.31853968534864,115227900,AAPL
2021-03-17,121.4038314819336,122.47423888090718,119.04892629520441,120.71293209328559,111932600,AAPL
2021-03-18,117.2876205444336,119.86633436304555,117.08327064661763,119.57440169521924,121229700,AAPL
2021-03-19,116.76215362548828,118.16341864155612,116.46049529392347,116.67457827406234,185549500,AAPL
2021-03-22,120.0706787109375,120.53776947303844,117.02488167357409,117.09299830303091,111912300,AAPL
2021-03-23,119.24356842041016,120.89783397367995,118.85432728312398,120.01231762490714,95467100,AAPL
2021-03-24,116.85945129394531,119.59386443754735,116.83999258124882,119.51601473844956,88530500,AAPL
2021-03-25,117.34601593017578,118.38723908571315,115.79879193762964,116.32426633816141,98844700,AAPL
2021-03-26,117.94932556152344,118.2120664416162,115.72092802368101,117.1124598512715,94071200,AAPL
2021-03-29,118.12447357177734,119.28246362571115,117.48223216543501,118.37748136174508,80819200,AAPL
2021-03-30,116.674560546875,117.16111000084517,115.66253679171842,116.87891042664381,85671900,AAPL
2021-03-31,118.86404418945312,120.19718506636265,117.89094519064328,118.3774946900482,118323800,AAPL
2021-04-01,119.69120025634766,120.83945759642364,119.19491759115476,120.33344928473348,75089100,AAPL
2021-04-05,122.51316833496094,122.7661761594041,119.75929632134557,120.53777850848313,88651200,AAPL
2021-04-06,122.81481170654297,123.71006091586875,122.26987869637169,123.09701127942607,80171300,AAPL
2021-04-07,124.4593734741211,124.47883218903853,121.77361794195266,122.44505868103397,83466700,AAPL
2021-04-08,126.85320281982422,126.88239460577601,125.06270398931379,125.48112948683244,88844600,AAPL
2021-04-09,129.4221954345703,129.46111286986317,125.98715639774359,126.3082809200934,106686700,AAPL
2021-04-12,127.70951080322266,129.276200697575,127.11591985323048,128.95507626413877,91420000,AAPL
2021-04-13,130.81369018554688,131.0375136441806,128.38094270892825,128.87723269707828,91266500,AAPL
2021-04-14,128.478271484375,131.36837696548068,128.1182295730411,131.3099933958929,87222800,AAPL
2021-04-15,130.88182067871094,131.36837019796266,130.04495491166549,130.22012045971883,89347100,AAPL
2021-04-16,130.55096435546875,131.04723949609195,129.69463249088383,130.6871976204425,84922400,AAPL
2021-04-19,131.21267700195312,131.82573417670255,129.75302837507442,129.91845343765638,94264200,AAPL
2021-04-20,129.52923583984375,131.8841341353887,128.264203903013,131.3878588859704,94812300,AAPL
2021-04-21,129.9087371826172,130.15201197134868,127.76792201144299,128.79940473993418,68847100,AAPL
2021-04-22,128.39068603515625,130.54122653689166,127.8749447465964,129.46108603950333,84566500,AAPL
2021-04-23,130.70668029785156,131.48514771146148,128.60478264515086,128.60478264515086,78657500,AAPL
2021-04-26,131.095947265625,131.4267974851822,129.96714844185797,131.2029887894015,66905100,AAPL
2021-04-27,130.77474975585938,131.76731470925472,130.50228327427,131.37806627247733,66015800,AAPL
2021-04-28,129.98655700683594,131.38782184344353,129.50000754125335,130.69691506905932,107760100,AAPL
2021-04-29,129.88922119140625,133.38265710155315,128.88693063436986,132.79879189335512,151101000,AAPL
2021-04-30,127.92362213134766,129.96712145874997,127.5441140528076,128.23500614148355,109839500,AAPL
2021-05-03,128.97454833984375,130.46340362512916,128.28365629304724,128.48799878924353,75135100,AAPL
2021-05-04,124.41070556640625,127.95279275381809,123.29164023246338,127.66086008438737,137564700,AAPL
2021-05-05,124.65399169921875,126.94076551104096,124.5274840738415,125.72439172337612,84000900,AAPL
2021-05-06,126.2498550415039,126.25958068498952,123.71005892640017,124.44961615985031,78128300,AAPL
2021-05-07,126.92245483398438,127.94593245749884,126.2108752190309,127.54629547170842,78973300,AAPL
2021-05-10,123.64727783203125,126.26935540308767,123.60828686336556,126.14264776926625,88071200,AAPL
2021-05-11,122.73101043701172,123.0819142652862,119.67028275042819,120.38185488141869,126142800,AAPL
2021-05-12,119.67029571533203,121.49308457084182,119.16342796467423,120.28439421406758,112172300,AAPL
2021-05-13,121.81474304199219,122.96495055227784,121.12267010296466,121.43459040557941,105861300,AAPL
2021-05-14,124.23213195800781,124.66102519199373,122.67253033910511,123.06243260302256,81918000,AAPL
2021-05-17,123.0819320678711,123.72527195908786,122.00970635261075,123.61804864388507,74244600,AAPL
2021-05-18,121.69776916503906,123.78373756646234,121.62953683178752,123.36459396598383,63342900,AAPL
2021-05-19,121.54181671142578,121.76600548369002,119.75801895076617,120.050447495282,92612000,AAPL
2021-05-20,124.09566497802734,124.49531683623646,121.94146411990351,122.06818662946591,76857100,AAPL
2021-05-21,122.26311492919922,124.76822668310021,122.04866834970511,124.59277106685647,79295400,AAPL
2021-05-24,123.8909683227539,124.70976380781524,122.76025995557121,122.82849229292907,63092900,AAPL
2021-05-25,123.6960220336914,125.08017543327662,123.1306641265909,124.59279202902988,72009500,AAPL
2021-05-26,123.64727783203125,124.17364475386753,123.22813421483384,123.75450113667013,56575900,AAPL
2021-05-27,122.11692810058594,124.41734339161216,121.92198067731965,123.24764397847942,94625600,AAPL
2021-05-28,121.4638442993164,122.62380153028337,121.405361560534,122.39960530367183,71311100,AAPL
2021-06-01,121.14216613769531,122.18515038351808,120.8107540580726,121.9219706400981,67637100,AAPL
2021-06-02,121.90247344970703,122.07792909380578,120.91797935921073,121.14216813753484,59278900,AAPL
2021-06-03,120.42083740234375,121.69775987143738,120.02118559755706,121.5320538514475,76229200,AAPL
2021-06-04,122.71151733398438,122.97470451422886,120.72302254551224,120.93746915555829,75169300,AAPL
2021-06-07,122.72125244140625,123.13064641036082,121.67826831853665,122.98443215380105,71057600,AAPL
2021-06-08,123.54005432128906,125.21663622404847,123.02343700167279,123.4035896495703,74403800,AAPL
2021-06-09,123.92019653320312,124.52454534046706,123.32559732645998,123.99817846383709,56877900,AAPL
2021-06-10,122.92596435546875,124.95345011953233,122.76025831506651,123.81298472926724,71186400,AAPL
2021-06-11,124.1346435546875,124.22237508614661,122.91620377217826,123.33534735483208,53522400,AAPL
2021-06-14,127.18561553955078,127.24409827001125,123.86171564217574,124.5927795199969,96906500,AAPL
2021-06-15,126.36686706542969,127.302635665895,126.12317902998467,126.65929568267117,62746300,AAPL
2021-06-16,126.86393737792969,127.58525904482703,125.21661937439929,127.0783839579929,91815000,AAPL
2021-06-17,128.4625701904297,129.20339129093645,126.37660133235921,126.52282306860805,96721700,AAPL
2021-06-18,127.1661605834961,128.18963835001367,126.95171393992158,127.40984859905477,108953300,AAPL
2021-06-21,128.9596405029297,129.06686377457612,125.94766160876556,127.01013729010695,79663300,AAPL
2021-06-22,130.59725952148438,130.69474066397615,128.29684436989922,128.7939773736595,74783600,AAPL
2021-06-23,130.32432556152344,130.92868185123652,129.8661909803765,130.39256533356104,60214200,AAPL
2021-06-24,130.04168701171875,131.24062798342803,129.57379527397197,131.05542269642876,68711000,AAPL
2021-06-25,129.74925231933594,130.50955776565635,129.45682371531962,130.0904215029444,70783700,AAPL
2021-06-28,131.3770294189453,131.83516389556277,129.9831416645566,130.04162438522602,62111300,AAPL
2021-06-29,132.88792419433594,133.0438880631515,130.9579196567259,131.3965550234282,64556100,AAPL
2021-06-30,133.50204467773438,133.94068011687085,132.439553660315,132.7319822442512,63261400,AAPL
2021-07-01,133.80418395996094,133.86266668828733,132.33229922059724,133.15110203776288,52485800,AAPL
2021-07-02,136.42626953125,136.46525305919846,134.27206149217562,134.41826831389758,78852600,AAPL
2021-07-06,138.43426513671875,139.53572463895688,136.53350195950557,136.53350195950557,108181800,AAPL
2021-07-07,140.91986083984375,141.23177365056304,139.05808151749494,139.91585290212097,104911600,AAPL
2021-07-08,139.6234588623047,140.42274763655988,137.11833949517367,138.00536723887996,105575500,AAPL
2021-07-09,141.44627380371094,141.972633378387,139.04837716154248,139.14585831818513,99890800,AAPL
2021-07-12,140.8516387939453,142.62569425576672,140.36426288116348,142.51847096001342,76299700,AAPL
2021-07-13,141.96287536621094,143.7369310790402,140.00362927408963,140.39352411006757,100827100,AAPL
2021-07-14,145.38424682617188,145.79365573228569,143.95136027537654,144.36076918149035,127050800,AAPL
2021-07-15,144.7311553955078,146.21278242197315,143.37625087333885,145.47197634550716,106820300,AAPL
2021-07-16,142.6939239501953,145.97883295333372,142.19680585690423,144.71166743629377,93251400,AAPL
2021-07-19,138.85340881347656,140.43251704679776,138.0931035014654,140.12058929133983,121434600,AAPL
2021-07-20,142.4599609375,143.3859869898834,139.350515378791,139.83789124908492,96350000,AAPL
2021-07-21,141.72894287109375,142.4405225803077,140.97839449756518,141.8556653977963,74993500,AAPL
2021-07-22,143.09359741210938,144.4582442706814,142.12858757198936,142.2553100922622,77338200,AAPL
2021-07-23,144.8091583251953,144.96512221870486,143.21056560056124,143.8246641352954,71447400,AAPL
2021-07-26,145.22828674316406,146.04707474588002,143.97084849928373,144.5264642055409,72434100,AAPL
2021-07-27,143.0643310546875,145.44272791296905,141.87513262554674,145.35498894389306,104818600,AAPL
2021-07-28,141.3195343017578,143.25929604709813,138.94113715127986,141.15382825419624,118931200,AAPL
2021-07-29,141.96287536621094,142.84990322262558,140.92964066468824,141.03686397561236,56699500,AAPL
2021-07-30,142.1772918701172,142.63542638578699,140.4714762953773,140.73466343435456,70440600,AAPL
2021-08-02,141.8459014892578,143.2397895751834,141.582714310116,142.6646895204393,62880000,AAPL
2021-08-03,143.63943481445312,144.30225894055675,141.51446802349406,142.12856645538005,64786600,AAPL
2021-08-04,143.23977661132812,144.05856456840556,142.5866946784069,143.55170433223327,56368300,AAPL
2021-08-05,143.34698486328125,144.1072900112852,142.47945643165977,143.26900294123843,46397700,AAPL
2021-08-06,142.66366577148438,143.61059289976055,142.16580285802874,142.86867690985883,54126800,AAPL
2021-08-09,142.61485290527344,143.21034301067533,142.05841963396023,142.72223685529076,48908700,AAPL
2021-08-10,142.13653564453125,144.196344465899,141.84366893661831,142.9565505100319,69023100,AAPL
2021-08-11,142.39031982421875,143.22986295766566,142.0681679932176,142.57580253562702,48493500,AAPL
2021-08-12,145.3482208251953,145.50441833818107,142.37077090309373,142.71245110077322,72282600,AAPL
2021-08-13,145.55325317382812,145.88516176552068,144.74299521470792,145.42634081402107,59375000,AAPL
2021-08-16,147.5251922607422,147.59353426907154,142.9858112009547,145.0065628373872,103296000,AAPL
2021-08-17,146.61732482910156,148.07187159409528,145.5434853619502,146.65636676617194,92229700,AAPL
2021-08-18,142.87843322753906,147.134719463398,142.67342208980006,146.23660593235846,86326000,AAPL
2021-08-19,143.21034240722656,144.4794213850425,141.0626783117476,141.5800696426097,86960300,AAPL
2021-08-20,144.6649169921875,144.96754045087513,143.28845394220284,143.93275769698107,60549600,AAPL
2021-08-23,146.1487579345703,146.61733569322215,144.37204430196212,144.7820517027598,60131800,AAPL
2021-08-24,146.06088256835938,147.27139120779157,145.60206158624175,145.89492826143862,48606400,AAPL
2021-08-25,144.8308868408203,146.7442698916124,144.28421022511418,146.24639198416384,58991300,AAPL
2021-08-26,144.03036499023438,145.57278230599707,144.00107981111,144.82110951404735,48597200,AAPL
2021-08-27,145.06517028808594,145.2115961914639,143.33727014912955,143.97180225819312,55802400,AAPL
2021-08-30,149.47763061523438,149.83883931473636,145.07491826892314,145.45564049048158,90956700,AAPL
2021-08-31,148.2183074951172,149.16523456794167,147.69114453920625,149.02856544896787,86453100,AAPL
2021-09-01,148.8821258544922,151.293371319359,148.71617155840954,149.1945209265185,80313700,AAPL
2021-09-02,149.9949951171875,151.03954929712242,148.77472989529102,150.20976298790652,71115500,AAPL
2021-09-03,150.62954711914062,150.9516989362315,149.44832378980732,150.10238418360416,57808700,AAPL
2021-09-07,152.9627227783203,153.51915609845358,150.71743128739138,151.28363626481305,82278300,AAPL
2021-09-08,151.4202880859375,153.30437064554417,150.31716343749,153.24580029178898,74420200,AAPL
2021-09-09,150.40504455566406,152.39651120399355,150.28788894400816,151.79126431107525,57305700,AAPL
2021-09-10,145.4263458251953,151.78148246152148,145.16276433644302,151.3129047338198,140893200,AAPL
2021-09-13,145.99253845214844,147.8180505115286,145.21156570783384,147.04684942260073,102404300,AAPL
2021-09-14,144.59657287597656,147.4764113119793,143.41536423851278,146.77353720711707,109296300,AAPL
2021-09-15,145.48492431640625,145.8851749521173,142.88819590848047,145.02610332343372,83281300,AAPL
2021-09-16,145.2506561279297,145.4263821295721,143.71801019803328,144.9089906791146,68034100,AAPL
2021-09-17,142.5855712890625,145.27992686740734,142.29270460935308,145.27992686740734,129868800,AAPL
2021-09-20,139.53977966308594,141.39457695669392,137.90950701335717,140.37932278347847,123478900,AAPL
2021-09-21,140.0181427001953,141.16032435989862,139.38361057442205,140.50624891873463,75834000,AAPL
2021-09-22,142.3805694580078,142.94675948187773,140.28170408222925,141.01386330488788,76404300,AAPL
2021-09-23,143.33726501464844,143.581318108749,142.1755699033987,143.16153904107028,64838200,AAPL
2021-09-24,143.4251251220703,143.96204492535793,142.09747565204063,142.19510285111807,53477900,AAPL
2021-09-27,141.91200256347656,142.48797924389808,140.39888514559524,142.00962976919416,74150700,AAPL
2021-09-28,138.53427124023438,141.30671020043195,138.3195033733077,139.84239196001295,108972300,AAPL
2021-09-29,139.4324188232422,141.013878143942,138.65144592439347,139.08098176355122,74602000,AAPL
2021-09-30,138.134033203125,140.94552924628812,137.91926531672686,140.24265523549735,89056700,AAPL
2021-10-01,139.25668334960938,139.5202648503588,135.80089824481317,138.52452409983053,94639600,AAPL
2021-10-04,135.83016967773438,138.8271483868743,134.98086980059804,138.38784096480848,98322000,AAPL
2021-10-05,137.7532958984375,138.8564203851178,136.04492465061978,136.17183699568994,80861100,AAPL
2021-10-06,138.6221466064453,138.76857249312508,135.07849119061893,136.15233067899587,83221100,AAPL
2021-10-07,139.88145446777344,140.7893396562003,139.32502120039112,139.65692980871162,61732700,AAPL
2021-10-08,139.50076293945312,140.75031377150447,139.16885425815033,140.6038878520535,58773200,AAPL
2021-10-11,139.41290283203125,141.3653278052875,138.43669034540312,138.88575464341304,64452200,AAPL
2021-10-12,138.14378356933594,139.84239816609858,137.68496264197734,139.82286975119803,73035900,AAPL
2021-10-13,137.55810546875,138.03644005527403,135.88877555756454,137.8802573777795,78762700,AAPL
2021-10-14,140.3402862548828,140.45744186952987,138.1438084019397,138.72954178771872,69907100,AAPL
2021-10-15,141.3945770263672,141.453147377337,140.09621296187518,140.35003767716657,67940300,AAPL
2021-10-18,143.0638885498047,143.3469835092285,139.75453007307178,140.03762503249558,85589200,AAPL
2021-10-19,145.22132873535156,145.62157933226285,143.06390800766076,143.51295730034732,76378900,AAPL
2021-10-20,145.70944213867188,146.18779152686344,144.59656071553547,145.16276563549152,58418800,AAPL
2021-10-21,145.92416381835938,146.08036131145903,144.3524619215997,145.27010357379407,61421000,AAPL
2021-10-22,145.1530303955078,146.60757740087539,145.1042167942401,146.12924283758312,58883400,AAPL
2021-10-25,145.10423278808594,145.81686377851983,144.1084918165859,145.1432747359116,50720600,AAPL
2021-10-26,145.76803588867188,147.2518679421637,145.46539754636262,145.77779264971988,60893400,AAPL
2021-10-27,145.30921936035156,146.16827612937263,144.9577823061733,145.80708231384622,56094900,AAPL
2021-10-28,148.94068908691406,149.52640741666096,146.15847860921852,146.25610577875034,100077900,AAPL
2021-10-29,146.2366180419922,146.373287179863,142.92725865743117,143.7179883048137,124953200,AAPL
2021-11-01,145.41656494140625,146.13895238181297,144.28415529948526,145.44585011354084,74588300,AAPL
2021-11-02,146.45140075683594,147.96453308347574,145.113979527006,145.12375118515345,69122000,AAPL
2021-11-03,147.88641357421875,148.35499132920407,146.25614074482093,146.81257403590004,54511500,AAPL
2021-11-04,147.36900329589844,148.80402155525002,147.05660823548425,147.97425010568048,60394600,AAPL
2021-11-05,147.8969268798828,148.79635114627666,146.7042085245969,148.49328605752575,65463900,AAPL
2021-11-08,147.07569885253906,148.18043333239365,146.8019617116547,148.02400784687248,55020900,AAPL
2021-11-09,147.4374237060547,148.04355383183062,146.7041960051751,146.84106457930375,56787900,AAPL
2021-11-10,144.61209106445312,146.77267581374304,144.54366421842147,146.6651351263565,65187100,AAPL
2021-11-11,144.5631866455078,146.0882980655143,144.37743321812488,145.62882237351127,41000000,AAPL
2021-11-12,146.63583374023438,147.03665372251942,144.18195440695223,145.11070692014897,63804000,AAPL
2021-11-15,146.6455841064453,148.48354686753203,146.08832372641191,147.00730510695527,59222800,AAPL
2021-11-16,147.62322998046875,148.1022776202638,146.00034850775356,146.58693684556133,59256200,AAPL
2021-11-17,150.05752563476562,151.53375230300938,147.61343285568483,147.6232038564801,88807000,AAPL
2021-11-18,154.33953857421875,155.12165110785514,149.62733629184328,150.27258025090998,137827700,AAPL
2021-11-19,156.95968627929688,157.41917704697173,153.0295797862843,154.12452889177527,117305600,AAPL
2021-11-22,157.41909790039062,161.99443143444842,157.39954098546454,158.064326917399,117467900,AAPL
2021-11-23,157.80038452148438,158.18166233731603,155.50293170970644,157.5168614506406,96041900,AAPL
2021-11-24,158.3185577392578,158.51408217991857,156.06998937776268,157.15516717862224,69463600,AAPL
2021-11-26,153.30323791503906,156.8618355882095,152.86330429925263,156.0015252712986,76959800,AAPL
2021-11-29,156.65658569335938,157.5853380225465,155.23899986098183,155.80603121042097,88748200,AAPL
2021-11-30,161.60340881347656,161.8184901598309,156.34371666317804,156.41215841772612,174048100,AAPL
2021-12-01,161.08526611328125,166.49159798116264,160.85062784337472,163.7346542506034,152052500,AAPL
2021-12-02,160.09783935546875,160.52800204808736,154.27113083970096,155.19011206164845,136739200,AAPL
2021-12-03,158.22080993652344,161.27104831929452,156.1482237273482,160.35206691181173,118023100,AAPL
2021-12-06,161.6229705810547,164.12571914002814,160.6062196554979,160.61599065605895,107497000,AAPL
2021-12-07,167.3519287109375,167.74299254141582,164.57544264356054,165.2988995417756,120405400,AAPL
2021-12-08,171.16468811035156,172.02501344578044,166.8826332677211,168.280661937793,116998900,AAPL
2021-12-09,170.6563262939453,172.79735388590385,170.03063915946248,170.9985052389604,108923700,AAPL
2021-12-10,175.43692016601562,175.6129025465312,170.78337438452806,171.29174969567407,115402700,AAPL
2021-12-13,171.8099365234375,178.0570365302883,171.6046261840087,177.06961358561998,153237000,AAPL
2021-12-14,170.43145751953125,173.76520322122326,168.35887188331523,171.3308817563336,139380400,AAPL
2021-12-15,175.2903289794922,175.48585340924998,168.4566405154073,171.19402728468987,131063300,AAPL
2021-12-16,168.40774536132812,177.08916675225177,166.9315188519041,175.27076132354634,150185800,AAPL
2021-12-17,167.31283569335938,169.59073223954843,165.8952646870351,166.12988807604526,195432700,AAPL
2021-12-20,165.95391845703125,166.76535914150864,163.71513578207376,164.51679054709132,107499100,AAPL
2021-12-21,169.12147521972656,169.32677069078633,165.3380088741713,167.72344617879446,91185900,AAPL
2021-12-22,171.71218872070312,171.92727008747283,168.30022969109157,169.1703261593658,92135300,AAPL
2021-12-23,172.33786010742188,172.89512039322665,171.35045204505695,171.9174833311616,68356600,AAPL
2021-12-27,176.29730224609375,176.3852860059842,173.1102106304085,173.12975263201184,74919600,AAPL
2021-12-28,175.2805633544922,177.27495155456995,174.5375644683696,176.13111784462515,79144300,AAPL
2021-12-29,175.36856079101562,176.5906072567406,174.15628532669507,175.31967594887476,62348900,AAPL
2021-12-30,174.21493530273438,176.53194546765312,174.10739462067014,175.45653864701075,59773000,AAPL
2021-12-31,173.5990447998047,175.22191121478994,173.2959647369927,174.10740540326523,64062300,AAPL
2022-01-03,177.93971252441406,178.79026689432098,173.73588518068755,173.85319685203027,104487900,AAPL
2022-01-04,175.68138122558594,178.84893075193062,175.1143499260673,178.54586564233023,99310400,AAPL
2022-01-05,171.00828552246094,176.14088047095728,170.7345483186125,175.5934060632604,94537600,AAPL
2022-01-06,168.153564453125,171.37976954533002,167.80161453547433,168.83790737145776,96904000,AAPL
2022-01-07,168.3197784423828,170.24572473108867,167.2052727402814,169.02367835082143,86709100,AAPL
2022-01-10,168.3393096923828,168.64237476166727,164.4092049558039,165.29885816519484,106765600,AAPL
2022-01-11,171.16468811035156,171.26244286002324,166.99995985190662,168.46641535499305,76138300,AAPL
2022-01-12,171.6046600341797,173.2177554801649,170.91054596180936,172.18146241376857,74805200,AAPL
2022-01-13,168.3393096923828,172.67023424322653,167.94824595979313,171.8490227811223,84505800,AAPL
2022-01-14,169.19964599609375,169.89375992557677,167.26391395832079,167.50832321300913,80440800,AAPL
2022-01-18,166.0027618408203,168.68147761318977,165.62148401611884,167.6745127192973,90956700,AAPL
2022-01-19,162.51263427734375,167.25418085979933,162.22912604138475,166.19833085017333,94815000,AAPL
2022-01-20,160.83106994628906,165.8854518373375,160.50844792121475,163.24583471657064,91420500,AAPL
2022-01-21,158.7780303955078,162.61036568511253,158.67048972769118,160.74307541554964,122848900,AAPL
2022-01-24,158.0056915283203,158.67049246380245,151.2404450916643,156.44148123567246,162294600,AAPL
2022-01-25,156.2068634033203,159.1202179477596,153.50859022634555,155.42475069595457,115798400,AAPL
2022-01-26,156.1188507080078,160.713741500623,154.2906743409117,159.84364519078215,108275300,AAPL
2022-01-27,155.6593780517578,160.1760566161972,154.74039680395836,158.8171416631375,121954600,AAPL
2022-01-28,166.52090454101562,166.5404614570555,159.15929945417386,162.00422657695262,179935700,AAPL
2022-01-31,170.8713836669922,171.0864649878099,165.7192328015865,166.35470576493188,115541600,AAPL
2022-02-01,170.7052001953125,170.93005253238587,168.4566320719076,170.1186120178827,86213900,AAPL
2022-02-02,171.9076690673828,171.94678289724823,169.45380581653876,170.84204842565634,84914300,AAPL
2022-02-03,169.03343200683594,172.2987509371964,168.27087633720052,170.57810026310062,89418100,AAPL
2022-02-04,168.7495880126953,170.4234840013588,167.07569202403184,168.05457472378333,82465400,AAPL
2022-02-07,168.0349884033203,170.27662295458384,167.3399751947351,169.20964451994723,77251200,AAPL
2022-02-08,171.13807678222656,171.6471000057892,167.80986639624405,168.1035342150904,74829200,AAPL
2022-02-09,172.55746459960938,172.91964646810396,171.2066015104205,172.33232573026677,71285000,AAPL
2022-02-10,168.48524475097656,171.77429042410176,167.92728951408122,170.46259150846328,90865900,AAPL
2022-02-11,165.07875061035156,169.4249914689082,164.4914151129285,168.69082956541044,98670700,AAPL
2022-02-14,165.31369018554688,165.99890498473425,163.04267549502603,163.83556797241158,86185500,AAPL
2022-02-15,169.14112854003906,169.29775335068365,166.65477315145358,167.35956986279012,62527400,AAPL
2022-02-16,168.90618896484375,169.67949961629867,166.4589825612284,168.22097415914394,61177400,AAPL
2022-02-17,165.31369018554688,168.27970312361404,164.91234475439344,167.41828169802858,69589300,AAPL
2022-02-18,163.76707458496094,166.93864489391834,162.68051421778296,166.23386310925557,82772700,AAPL
2022-02-22,160.85000610351562,163.16995323151656,158.72581758393332,161.49605730830203,91162800,AAPL
2022-02-23,156.6897430419922,162.64133603328534,156.37649344425944,162.04421705709984,90009200,AAPL
2022-02-24,159.30335998535156,159.4110376690062,148.79015546543386,149.35790916683425,141147500,AAPL
2022-02-25,161.3688201904297,161.6331077669388,157.47285626304333,160.38013909716133,91974200,AAPL
2022-02-28,161.63307189941406,161.92673963359974,158.9998756125995,159.6165763607333,95056600,AAPL
2022-03-01,159.75364685058594,163.0818568508139,158.5496253630897,161.22197083806662,83474400,AAPL
2022-03-02,163.04269409179688,163.82580321014547,159.50892707803538,160.91852050375005,79724800,AAPL
2022-03-03,162.71966552734375,165.34307890598984,162.0540324670775,164.91236813214016,76678400,AAPL
2022-03-04,159.72425842285156,162.05400359179123,158.67686189722227,161.01639051416453,83737200,AAPL
2022-03-07,155.93600463867188,161.53521443024337,155.68148559760553,159.91026569329455,96418800,AAPL
2022-03-08,154.11529541015625,159.44041971330986,152.50992837199067,155.4661583222758,131148300,AAPL
2022-03-09,159.50892639160156,159.95921898709753,156.04368834876885,158.06996768709067,91454900,AAPL
2022-03-10,155.1724853515625,157.0029911685478,152.6861150001443,156.81700107101284,105342000,AAPL
2022-03-11,151.4625244140625,155.9164439341305,151.23738556277695,155.57382899544626,96970100,AAPL
2022-03-14,147.43930053710938,150.86538982544317,146.9302923114544,148.25177493215907,108732100,AAPL
2022-03-15,151.8148651123047,152.28473941021275,147.20433745535036,147.71334553991105,92964300,AAPL
2022-03-16,156.2199249267578,156.62127051723462,151.19826559766543,153.73356882938677,102300200,AAPL
2022-03-17,157.22816467285156,157.60014494995056,154.30131439746998,155.2606154453612,75615400,AAPL
2022-03-18,160.5171661376953,161.0066074424884,156.3862803303168,157.1204422875064,123511700,AAPL
2022-03-21,161.8876190185547,162.83713639325782,159.56765695852218,160.05709828830467,95811400,AAPL
2022-03-22,165.25494384765625,165.842264360941,161.42750984935597,162.01483036264074,81532000,AAPL
2022-03-23,166.61563110351562,168.99430889731204,164.1096788423283,164.44251031244588,98062700,AAPL
2022-03-24,170.39410400390625,170.46261801995993,166.61561651162776,167.44765777264146,90131400,AAPL
2022-03-25,171.03041076660156,171.57858276640368,169.10201037950475,170.20815276689837,80546200,AAPL
2022-03-28,171.89181518554688,172.01905978493204,168.3678313455488,168.53423961902578,90371900,AAPL
2022-03-29,175.18084716796875,175.22977935165113,172.6161644453855,172.95877935054617,100589400,AAPL
2022-03-30,174.0159454345703,175.8170856417981,172.96853399467147,174.77947258625517,92633200,AAPL
2022-03-31,170.92271423339844,174.27049138056105,170.7171422878286,174.0845012718467,103049300,AAPL
2022-04-01,170.62905883789062,171.18702920461877,168.3091113767006,170.35497284823808,78751300,AAPL
2022-04-04,174.6717987060547,174.72074581921223,170.75626863844195,170.88352814533914,76468400,AAPL
2022-04-05,171.36317443847656,174.53475923368862,170.7366902126206,173.75165021722813,73401800,AAPL
2022-04-06,168.201416015625,169.9634078617043,166.537318414103,168.7202226513366,89058800,AAPL
2022-04-07,168.50486755371094,169.69910564386342,166.26323274049562,167.54556668896316,77594700,AAPL
2022-04-08,166.49813842773438,168.1524524173325,165.62693350816983,168.1524524173325,76575500,AAPL
2022-04-11,162.2498016357422,165.4605355802755,162.00508096962494,165.14730089465874,72246700,AAPL
2022-04-12,164.1194610595703,166.28278325109693,163.1209966207163,164.47185939466212,79265200,AAPL
2022-04-13,166.8015899658203,167.42807423573976,163.24825626550125,163.8551587010773,70618900,AAPL
2022-04-14,161.7995147705078,167.6532440657547,161.55479409572018,167.01696134936807,75329400,AAPL
2022-04-18,161.58421325683594,163.08190295252382,160.11588885427383,160.4584889195974,69023900,AAPL
2022-04-19,163.86492919921875,164.2760730051198,160.4486387361769,161.53519893963082,67723800,AAPL
2022-04-20,163.69854736328125,165.31371275678185,162.59242008519655,165.19623667762264,67929800,AAPL
2022-04-21,162.90565490722656,167.90774603308134,162.4064301142371,165.34307817395856,87227800,AAPL
2022-04-22,158.3734130859375,164.32502122927878,158.08954369720692,162.94480808191494,84882400,AAPL
2022-04-25,159.44039916992188,159.72426854560663,155.113739965227,157.71755627231695,96046400,AAPL
2022-04-26,153.48876953125,158.9117716750652,153.41045714368724,158.82367584026736,95623200,AAPL
2022-04-27,153.26368713378906,156.41567600749497,152.0988142121799,152.61762090114706,88063200,AAPL
2022-04-28,160.18438720703125,161.04580888521681,155.57384246237302,155.88709214046477,130216800,AAPL
2022-04-29,154.32083129882812,162.69028026576657,153.9292842451666,158.42235165998022,131747600,AAPL
2022-05-02,154.62429809570312,154.88858563658798,150.0333364297974,153.40069487713816,123055300,AAPL
2022-05-03,156.11219787597656,157.31623426694395,153.0189401124905,154.81028218380573,88966500,AAPL
2022-05-04,162.51409912109375,162.964376768375,155.8968429541357,156.29818841895514,108256500,AAPL
2022-05-05,153.45944213867188,160.61507214954577,151.67786848905013,160.38993331507154,130525300,AAPL
2022-05-06,154.1848602294922,156.30235682996496,151.1458596477854,152.93984857664353,116124600,AAPL
2022-05-09,149.06759643554688,152.76341048572758,148.50882129057032,151.8811126841976,131577900,AAPL
2022-05-10,151.46937561035156,153.65550196924158,149.92046680625165,152.45950928453797,115366700,AAPL
2022-05-11,143.61700439453125,152.39087300235883,142.9405806152843,150.47925033829725,142689800,AAPL
2022-05-12,139.7545166015625,143.32288335129687,136.06851615454784,139.96039053030978,182602000,AAPL
2022-05-13,144.2150115966797,145.18553469561974,140.2937279042498,141.74459868206603,113990900,AAPL
2022-05-16,142.67588806152344,144.61693408926746,141.34265112461745,142.68570084334092,86643800,AAPL
2022-05-17,146.3031005859375,146.8226694807634,143.7934664467187,145.9305738468132,78336300,AAPL
2022-05-18,138.04881286621094,144.46010573899827,137.1469043666091,143.960147405131,109742900,AAPL
2022-05-19,134.64706420898438,138.87224434894858,133.91182362893935,137.127274568989,136095600,AAPL
2022-05-20,134.88232421875,137.9311222550243,130.00033122355916,136.3528052981394,137426100,AAPL
2022-05-23,140.293701171875,140.4407432989188,134.94114336987113,135.07838767461445,117726300,AAPL
2022-05-24,137.5978546142578,139.17617200488684,134.62748321427134,138.03899606760518,104132700,AAPL
2022-05-25,137.7546844482422,138.99968110716551,135.61757730341805,135.70580258630076,92482700,AAPL
2022-05-26,140.95054626464844,141.49952360823445,134.44121569632296,134.68629593603174,90601500,AAPL
2022-05-27,146.69522094726562,146.73442720207444,142.40141055796454,142.5288570634857,90978500,AAPL
2022-05-31,145.9109649658203,147.69515625482543,143.95032308788612,146.13644955191023,103718400,AAPL
2022-06-01,145.7835235595703,148.75389460714223,144.7737792988703,146.95009283292427,74286600,AAPL
2022-06-02,148.2342987060547,148.2931155543275,143.96989770419586,144.92080997395743,72348100,AAPL
2022-06-03,142.51902770996094,145.05805472503135,141.61713446378366,144.00910439920688,88570300,AAPL
2022-06-06,143.2641143798828,145.64630225545608,142.04851092055418,144.13659949613532,71598400,AAPL
2022-06-07,145.7835235595703,146.06781003090646,141.26424373812605,141.50932395629872,67808200,AAPL
2022-06-08,145.04827880859375,146.9206802540853,144.55811838609154,145.6560729457736,53950200,AAPL
2022-06-09,139.8329620361328,145.03846322934638,139.7251261469218,144.1855888973648,69473000,AAPL
2022-06-10,134.431396484375,137.98995082700978,134.36276684809005,137.51940103001422,91437900,AAPL
2022-06-13,129.28472900390625,132.53938671229503,128.85338540144875,130.25523715092532,122207100,AAPL
2022-06-14,130.1473846435547,131.25515193955982,128.8925752102517,130.51011351307002,84784300,AAPL
2022-06-15,132.76486206054688,134.63727870714717,129.55922325217023,131.64729675078482,91533000,AAPL
2022-06-16,127.50053405761719,129.7846835531672,126.50060254968962,129.4807864670593,108123900,AAPL
2022-06-17,128.97103881835938,130.46113104749855,127.25547692933145,127.51036998343507,134520300,AAPL
2022-06-21,133.1962127685547,134.36279718069025,130.69640612370614,130.79442925101708,81000500,AAPL
2022-06-22,132.68646240234375,135.04902480535304,131.27479767249656,132.1374700396713,73409200,AAPL
2022-06-23,135.54896545410156,135.8626603415122,132.9609190593017,134.12750324123766,72433800,AAPL
2022-06-24,138.87225341796875,139.117333627322,137.01944763359853,137.1468791706762,89116800,AAPL
2022-06-27,138.87225341796875,140.66624234545563,138.19582964679236,139.89178050713437,70207900,AAPL
2022-06-28,134.7353057861328,140.59762053174873,134.61767206581916,139.3330131628478,67083400,AAPL
2022-06-29,136.4900360107422,137.90170009976305,133.9804176118187,134.7548792799508,66242400,AAPL
2022-06-30,134.02947998046875,135.64700354645933,131.13753620204082,134.5490488814723,98964500,AAPL
2022-07-01,136.19601440429688,136.30385033247464,132.99037491472117,133.36288679146008,71051600,AAPL
2022-07-05,138.77423095703125,138.82324999611623,134.23534018265374,135.05882114715405,73353800,AAPL
2022-07-06,140.10748291015625,141.28386518046202,138.3036957651199,138.56838663745515,74064300,AAPL
2022-07-07,143.46998596191406,143.66604717243726,140.4603932776671,140.47019110271424,66253700,AAPL
2022-07-08,144.14637756347656,144.64635079248632,142.1465295229667,142.40140757015126,64547800,AAPL
2022-07-11,142.01905822753906,143.75423009408246,140.95051223046443,142.80331779694055,63141600,AAPL
2022-07-12,142.98965454101562,145.5286829248616,142.1955967417716,142.8916164350657,77588800,AAPL
2022-07-13,142.6268768310547,143.5679764107693,139.32318560371215,140.1760748610569,71185600,AAPL
2022-07-14,145.5482177734375,146.01876752832248,140.43094244372892,141.2446104323155,78140700,AAPL
2022-07-15,147.21478271484375,147.8912065060331,145.2835494113212,146.83245817528143,76259900,AAPL
2022-07-18,144.17581176757812,148.58725611818477,143.8130828380742,147.77358792071823,81420900,AAPL
2022-07-19,148.0284423828125,148.25391198084102,144.01893385798232,145.0090524915063,82982400,AAPL
2022-07-20,150.02828979492188,150.6949157224323,147.41083503397257,148.1460756395822,64823400,AAPL
2022-07-21,152.29287719726562,152.50854901941838,148.94997891240936,151.45959834271974,65086600,AAPL
2022-07-22,151.05763244628906,153.2045374479934,150.3910214648786,152.3320525114364,66675400,AAPL
2022-07-25,149.9400634765625,151.9889303599999,149.28325033510924,150.97920113195147,53623900,AAPL
2022-07-26,148.61666870117188,150.07733740905365,147.8324089141252,149.26366918886245,55138700,AAPL
2022-07-27,153.7045135498047,154.2338952339947,149.1656377708993,149.5773707705413,78620700,AAPL
2022-07-28,154.25350952148438,154.53779601902812,151.37136349671525,153.89078059336344,81378700,AAPL
2022-07-29,159.3119659423828,160.4099356728857,156.36120501340108,158.06696899861157,101786900,AAPL
2022-08-01,158.33163452148438,160.37070393464464,157.72384030664722,157.84147403635484,67829400,AAPL
2022-08-02,156.86114501953125,159.21392420256825,156.48863324172908,156.94938527079637,59907000,AAPL
2022-08-03,162.86070251464844,163.3116417148104,157.58657171952117,157.67479700322565,82507500,AAPL
2022-08-04,162.5469970703125,163.89984462441896,161.19414951620604,162.7430582477967,55474100,AAPL
2022-08-05,162.32122802734375,162.81206933981917,160.01426786699392,160.22042780912037,56697000,AAPL
2022-08-08,161.85000610351562,164.73615535552312,161.1922805564501,163.32253000929188,60276900,AAPL
2022-08-09,161.8991241455078,162.78264764526216,160.25971568153318,161.0156156250441,63135500,AAPL
2022-08-10,166.13999938964844,166.23815868025727,163.84285029590276,164.60856166738782,70170500,AAPL
2022-08-11,165.40370178222656,167.85790820975464,165.10919401506573,166.9449356294848,57149200,AAPL
2022-08-12,168.9475860595703,169.01629605421468,166.29703098384923,166.70935086886797,68039400,AAPL
2022-08-15,170.01760864257812,170.21394216296972,168.21131628811554,168.3782005294128,54091700,AAPL
2022-08-16,169.8605499267578,170.52810192661653,168.51564947224608,169.61512926108554,56377100,AAPL
2022-08-17,171.35267639160156,172.92335934005538,169.4089493149704,169.60528281111644,79542000,AAPL
2022-08-18,170.9600067138672,171.69626861182405,169.94887490568271,170.5673396933382,62290100,AAPL
2022-08-19,168.37818908691406,170.5575254675204,168.1720291679761,169.8605242913159,70346300,AAPL
2022-08-22,164.5005645751953,166.74861119438174,164.07843325743647,166.58172694573366,69026800,AAPL
2022-08-23,164.16676330566406,165.61966421752064,163.59738564765863,164.01951691966545,54147100,AAPL
2022-08-24,164.46127319335938,165.03065085876125,163.20472075222654,164.2551282502834,53841500,AAPL
2022-08-25,166.9154815673828,167.02346724627097,165.2662620854037,165.688378388784,51218200,AAPL
2022-08-26,160.62289428710938,167.91680343416758,160.56399573070382,167.44560000363606,78961000,AAPL
2022-08-29,158.42393493652344,159.91608162954805,156.89251255304256,158.19813716461735,73314000,AAPL
2022-08-30,155.99917602539062,159.58231130465205,154.8309714061125,159.16019500251252,77906200,AAPL
2022-08-31,154.34011840820312,157.63857209111154,154.261582013457,157.37351363125413,87991100,AAPL
2022-09-01,155.06658935546875,155.5181549609377,151.83684522830168,153.77076113952282,74229900,AAPL
2022-09-02,152.9559783935547,157.4226376540656,152.13136852434044,156.82381061062185,76957800,AAPL
2022-09-06,151.69940185546875,154.21250676362826,150.8747921160952,153.60386838160778,73714800,AAPL
2022-09-07,153.1032257080078,153.80021196934476,150.79626559392008,151.9841081371773,87449600,AAPL
2022-09-08,151.63070678710938,153.49589780674214,149.88329791132227,151.8074024718103,84923800,AAPL
2022-09-09,154.48739624023438,154.92916542303703,151.91539245059826,152.62220516793604,68028800,AAPL
2022-09-12,160.4364013671875,161.25119983056848,156.38206187837264,156.66674327917337,104956000,AAPL
2022-09-13,151.0220489501953,157.59931943362142,150.56065692569356,156.97104316313002,122656600,AAPL
2022-09-14,152.4651336669922,154.22235404144755,150.79627611743592,151.95465448242936,87965400,AAPL
2022-09-15,149.5789794921875,152.3964188629796,148.60712326254628,151.81721471946022,90481100,AAPL
2022-09-16,147.9395751953125,148.57767791761873,145.6522527794473,148.4402429431555,162278800,AAPL
2022-09-19,151.6503143310547,151.7288507316376,146.36887246061372,146.57501740526791,81474200,AAPL
2022-09-20,154.02598571777344,155.1843789131033,150.2759661753886,150.5900968013731,107689800,AAPL
2022-09-21,150.9042510986328,155.83230196535132,150.78645397951445,154.4579373320565,101696800,AAPL
2022-09-22,149.94219970703125,151.6405063427645,148.14571882351763,149.58879338602387,86652500,AAPL
2022-09-23,147.6744842529297,148.69544239271363,145.83874285871622,148.42057250414538,96029900,AAPL
2022-09-26,148.00831604003906,150.95336436223522,146.89900971197227,146.91864756165486,93339400,AAPL
2022-09-27,148.98013305664062,151.88591989139582,147.20329010150107,149.9421927062511,84442700,AAPL
2022-09-28,147.09535217285156,147.88070143548975,142.18693800547697,144.935652935065,146691400,AAPL
2022-09-29,139.87014770507812,144.0324877695267,138.10311583907216,143.42384928540386,128138200,AAPL
2022-09-30,135.6685028076172,140.47875548865403,135.47216932618974,138.69208635531004,124925300,AAPL
2022-10-03,139.8406982421875,140.44935170481597,135.16789396191245,135.67837316238783,114311700,AAPL
2022-10-04,143.42384338378906,143.5416405102459,141.61753589548164,142.37343574191996,87830100,AAPL
2022-10-05,143.71832275390625,144.6803824609242,140.39041942925496,141.43101553965928,79471000,AAPL
2022-10-06,142.76611328125,144.83746445591814,142.55996829483985,143.13915751475957,68402200,AAPL
2022-10-07,137.52391052246094,140.47878470691822,136.8956342636469,139.9290298735793,85925600,AAPL
2022-10-10,137.84786987304688,139.29094450363405,136.03176603772727,137.84786987304688,74899000,AAPL
2022-10-11,136.43423461914062,138.76083241469453,135.68816128454225,137.33738075448184,77033700,AAPL
2022-10-12,135.80596923828125,137.78897231294513,135.62927355780315,136.58150689181417,70433700,AAPL
2022-10-13,140.3707733154297,140.95977377434966,131.90866074826354,132.5173140288845,113224000,AAPL
2022-10-14,135.84524536132812,141.87277603175662,135.65872326737428,141.66661609125816,88598000,AAPL
2022-10-17,139.80140686035156,140.28242169324201,137.70060693296034,138.48595592005591,85250900,AAPL
2022-10-18,141.1168975830078,144.01285874624452,138.03441429758362,142.8250309880353,99136600,AAPL
2022-10-19,141.22486877441406,142.29489928414645,138.90809708603376,139.09461918905455,61758300,AAPL
2022-10-20,140.76344299316406,143.21764906737312,140.03699260265552,140.40022528755236,64522000,AAPL
2022-10-21,144.57237243652344,145.14175003074126,140.0369895251427,140.25296085326963,86548600,AAPL
2022-10-24,146.71249389648438,147.47820529483582,143.32569117619283,144.493896124247,75981900,AAPL
2022-10-25,149.54953002929688,149.69679141311283,146.62411995147127,147.34074408565283,74732300,AAPL
2022-10-26,146.6143035888672,149.20594507644813,145.32828678897533,148.19481318791426,88194300,AAPL
2022-10-27,142.14767456054688,146.31982652290824,141.4899488722307,145.35778155872993,109180200,AAPL
2022-10-28,152.88723754882812,154.61499335183578,145.11231396636444,145.4853431294892,164762400,AAPL
2022-10-31,150.53123474121094,151.41475823578028,149.13724698324478,150.3545390298714,97943200,AAPL
2022-11-01,147.8905029296875,152.60258320946681,146.39835590820144,152.2393653788708,80379300,AAPL
2022-11-02,142.37339782714844,149.38260959122607,142.34394855337672,146.2215910525945,93604600,AAPL
2022-11-03,136.33607482910156,140.18426855678922,136.20845130657773,139.45781809061094,97918500,AAPL
2022-11-04,136.07061767578125,140.2890164015465,132.13737261509453,139.71869406725023,140814800,AAPL
2022-11-07,136.6015625,136.827719829141,133.40580174577732,134.82177198830993,83374600,AAPL
2022-11-08,137.17189025878906,139.06967336647747,135.19544046730184,138.06670690734794,89908500,AAPL
2022-11-09,132.61915588378906,136.23774833279379,132.3438299914245,136.18857977969958,74917800,AAPL
2022-11-10,144.41891479492188,144.41891479492188,137.17191586897493,138.88288280173376,118854000,AAPL
2022-11-11,147.20167541503906,147.5064994693465,141.9606252113591,143.3864383750097,93979700,AAPL
2022-11-14,145.80535888671875,147.77198095425382,144.96953850636208,146.48384590068005,73374100,AAPL
2022-11-15,147.53598022460938,151.02673737922098,146.08068410249945,149.67960607049233,89868300,AAPL
2022-11-16,146.30686950683594,147.36884742264508,144.831902680013,146.64120672406102,64218300,AAPL
2022-11-17,148.2046661376953,148.95197725260945,143.71092672522755,143.98625266251898,80389400,AAPL
2022-11-18,148.76512145996094,150.15159363499748,147.4671586821555,149.76810292744864,74829600,AAPL
2022-11-21,145.5398712158203,147.8604860232478,145.2547175972566,147.65399909356225,58724100,AAPL
2022-11-22,147.6736602783203,147.909660354169,144.47789906303868,145.65788443814483,51804100,AAPL
2022-11-23,148.548828125,149.29613922514196,146.84768896962234,146.95585380028717,58301400,AAPL
2022-11-25,145.63821411132812,146.3953678932279,144.66473067745702,145.83487333926465,35195900,AAPL
2022-11-28,141.81314086914062,144.19275214587688,140.98716307142482,142.7177853624681,69246000,AAPL
2022-11-29,138.81402587890625,142.39327767480953,138.007718580844,141.8819517027843,83763800,AAPL
2022-11-30,145.55950927734375,146.23799618945276,138.20434805005414,139.0401533008067,111380900,AAPL
2022-12-01,145.8348846435547,146.64120704597443,144.16325857031342,145.73656252403373,71250400,AAPL
2022-12-02,145.34320068359375,145.53003217962117,143.21924526160134,143.52408428382984,65447400,AAPL
2022-12-05,144.1829376220703,148.40133640660238,143.33728932207632,145.30391187981684,68826400,AAPL
2022-12-06,140.52499389648438,144.8417290558683,139.55151049910586,144.61557170242608,64727200,AAPL
2022-12-07,138.58786010742188,140.97729872796708,137.6635453309665,139.81699890501977,69721100,AAPL
2022-12-08,140.2693328857422,141.12482380942538,138.7452125702619,139.98417924727298,62128300,AAPL
2022-12-09,139.78753662109375,143.14063172179561,138.54855479274573,139.96452545134943,76097000,AAPL
2022-12-12,142.07862854003906,142.08845624970894,138.70586361029962,140.31849324023466,70462700,AAPL
2022-12-13,143.04225158691406,147.46715106267968,141.83278326469596,147.00499369488003,93886200,AAPL
2022-12-14,140.8199920654297,144.21241242784126,138.80420126905452,142.92427726159215,82291200,AAPL
2022-12-15,134.2219696044922,139.43352160827794,133.7598121718234,138.75503452609877,98931900,AAPL
2022-12-16,132.26516723632812,135.35276341025192,131.49818579850947,134.40879318099954,160156900,AAPL
2022-12-19,130.16087341308594,132.94364536804903,129.12840885731634,132.8551509782634,79592600,AAPL
2022-12-20,130.09205627441406,131.0261987808424,127.72227301817315,129.19723960857664,77432800,AAPL
2022-12-21,133.18948364257812,134.52678732015247,130.5345467103143,130.76070405901197,85928000,AAPL
2022-12-22,130.0232391357422,132.31435609146064,128.12545567267372,132.10786913644063,77852100,AAPL
2022-12-23,129.65940856933594,130.21006041152802,127.47645662054781,128.7350936895975,63814900,AAPL
2022-12-27,127.85994720458984,129.2169213883547,126.57181200307966,129.1874232542848,69007800,AAPL
2022-12-28,123.93653869628906,128.8432592520272,123.76937760067855,127.50595548300566,85438400,AAPL
2022-12-29,127.44693756103516,128.30241331797103,125.59831560715067,125.8539710621533,75703700,AAPL
2022-12-30,127.76161193847656,127.78128236285382,125.30334153820444,126.26698977683235,77034200,AAPL
2023-01-03,122.98271942138672,128.7154174535332,122.09773792777466,128.10576937065363,112117500,AAPL
2023-01-04,124.25119018554688,126.51280869797894,122.99255318811515,124.77234386397704,89113600,AAPL
2023-01-05,122.93355560302734,125.63766124201173,122.67790010774006,125.00834271164995,80962700,AAPL
2023-01-06,127.4567642211914,128.11558077623516,122.80570749443298,123.90701849100518,87754700,AAPL
2023-01-09,127.97792053222656,131.18352399196448,127.72226507394718,128.29258725392592,70790800,AAPL
2023-01-10,128.54824829101562,129.06940194282927,125.98180587179891,128.08609090104719,63896200,AAPL
2023-01-11,131.26219177246094,131.28184718963053,128.28276062052532,129.05956971451124,69458900,AAPL
2023-01-12,131.1835479736328,132.019353473187,129.2464237509339,131.6457054280313,71379600,AAPL
2023-01-13,132.51100158691406,132.6683349676498,129.46274610687883,129.8265664212103,57809700,AAPL
2023-01-17,133.67132568359375,134.99878678874634,131.89153482883353,132.57984966159466,63646600,AAPL
2023-01-18,132.9534912109375,136.29674271738915,132.7764874230637,134.53662257229425,69672800,AAPL
2023-01-19,133.0124969482422,133.9761376268957,131.53753029546903,131.84235433638028,58280400,AAPL
2023-01-20,135.56910705566406,135.71661273457056,131.98002726434026,133.02233471040634,80223600,AAPL
2023-01-23,138.75502014160156,140.92814412125819,135.59858513124948,135.81491475833332,81760300,AAPL
2023-01-24,140.1513214111328,140.77081216801105,137.95854199183503,137.9683697007518,66435100,AAPL
2023-01-25,139.4925079345703,140.0529874380773,136.49340619294276,138.53869500355867,65799300,AAPL
2023-01-26,141.5574951171875,141.842648779811,139.53186132489677,140.78067082207204,54105100,AAPL
2023-01-27,143.4945831298828,144.77289057415175,140.69215546789684,140.77082215722044,70555800,AAPL
2023-01-30,140.61349487304688,143.12094131391822,140.46600420175812,142.54079133466578,64015300,AAPL
2023-01-31,141.88198852539062,141.93115709386973,139.90553810731163,140.31852707508304,65874500,AAPL
2023-02-01,143.0029296875,144.16324461699494,138.961535368266,141.56730384751015,77663600,AAPL
2023-02-02,148.30299377441406,148.65697138188685,145.6972102432423,146.41502317640206,118339000,AAPL
2023-02-03,151.92156982421875,154.75351068440185,145.36288637728777,145.55954560277002,154357300,AAPL
2023-02-06,149.1977996826172,150.5449461888697,148.2636570715711,150.02379246889225,69858300,AAPL
2023-02-07,152.06903076171875,152.63935290701122,148.12595929659778,148.12595929659778,83322600,AAPL
2023-02-08,149.38461303710938,152.0002240332312,148.64712974900903,151.31190929849808,64120100,AAPL
2023-02-09,148.3521270751953,151.75438976697808,147.9096401221254,151.21356571138807,56007100,AAPL
2023-02-10,148.7165069580078,149.0414968354293,146.95369947058745,147.1900598433605,57450700,AAPL
2023-02-13,151.51339721679688,151.91715888947925,148.62788900472555,148.65743217523777,62199000,AAPL
2023-02-14,150.87326049804688,151.43461079325414,148.56880303013764,149.8096612758476,61707600,AAPL
2023-02-15,152.9709014892578,153.1383177826238,150.55811427879883,150.78461690781828,65573800,AAPL
2023-02-16,151.37551879882812,153.95572244720177,151.02098573800205,151.17854429955682,68167900,AAPL
2023-02-17,150.23316955566406,150.67633223329352,148.55899109181487,150.03621003527854,59144100,AAPL
2023-02-21,146.22496032714844,149.00213887625634,146.15603126407484,147.9188390818426,58867200,AAPL
2023-02-22,146.6483917236328,147.67258982358598,144.92497033349784,146.60899081957194,51011300,AAPL
2023-02-23,147.13096618652344,148.05669224456878,145.00378282832062,147.81048914517564,48394200,AAPL
2023-02-24,144.48187255859375,144.95457842977692,143.5069026114203,144.87579161340494,55469600,AAPL
2023-02-27,145.6734619140625,146.90447752822308,145.21059884097443,145.46665970602933,44998500,AAPL
2023-02-28,145.1712188720703,146.81585399639758,144.60002580056587,144.81668575965537,50547000,AAPL
2023-03-01,143.10308837890625,144.9939263960711,142.80764165155819,144.60000744430354,55479000,AAPL
2023-03-02,143.69400024414062,144.48185327566276,141.7145174362223,142.1872382713636,52238100,AAPL
2023-03-03,148.73623657226562,148.81502337863614,145.09243318314816,145.79164167073546,70732300,AAPL
2023-03-06,151.4937286376953,153.92621703534178,151.12935277334321,151.45432771735832,87558000,AAPL
2023-03-07,149.29757690429688,151.69066400049135,148.83471383986452,151.36567408118486,56182000,AAPL
2023-03-08,150.54827880859375,151.13917230662574,149.52408044265695,150.48919246419973,47204800,AAPL
2023-03-09,148.3029022216797,152.1929083670859,147.9483691410299,151.2277963802791,53833600,AAPL
2023-03-10,146.24462890625,148.64757336129242,145.3681465462101,147.92866457828165,68572400,AAPL
2023-03-13,148.18472290039062,150.81417020284252,145.4567883472071,145.56511831219402,84457100,AAPL
2023-03-14,150.2725067138672,151.07020228030825,147.82033368029548,148.98240499263105,73695900,AAPL
2023-03-15,150.66644287109375,150.92248866561948,147.64306182318006,148.89377768233683,77167900,AAPL
2023-03-16,153.48301696777344,154.08375312665916,149.33695019463687,149.84905684492745,76161100,AAPL
2023-03-17,152.64590454101562,154.3594833307599,151.936838491952,153.7095036146111,98944600,AAPL
2023-03-20,155.0094451904297,155.4230795673691,151.80880531492744,152.7148458265595,73641400,AAPL
2023-03-21,156.86090087890625,156.97907354545168,154.1625097854557,154.93067719913012,73938300,AAPL
2023-03-22,155.43295288085938,159.67749219321786,155.41325242402124,156.88062840402722,75701800,AAPL
2023-03-23,156.51622009277344,159.09643867673987,155.28520465118157,156.41774787367245,67622100,AAPL
2023-03-24,157.8162078857422,157.9048374069247,155.4526638252611,156.44731907052963,59196500,AAPL
2023-03-27,155.8760986328125,158.3282868109909,155.4723219600322,157.5108907515981,52390300,AAPL
2023-03-28,155.25567626953125,156.0829301456233,153.6110412861723,155.57082346557496,45992200,AAPL
2023-03-29,158.32830810546875,158.60405440029712,156.92987617396892,156.94956160428092,51305700,AAPL
2023-03-30,159.89414978027344,160.00247975071784,158.82070781762587,159.07675364456477,49501700,AAPL
2023-03-31,162.39553833007812,162.49402556851254,159.45095924162882,159.972908545837,68749800,AAPL
2023-04-03,163.64625549316406,163.76442815863666,161.7258745440201,161.775118163648,56976200,AAPL
2023-04-04,163.11447143554688,164.3060859426903,162.6023648150906,164.0697406002056,46278300,AAPL
2023-04-05,161.2728729248047,162.54328933366952,159.34264903941414,162.2379998945446,51511700,AAPL
2023-04-06,162.15924072265625,162.45468749786315,159.53963569062748,159.96309788102116,45390100,AAPL
2023-04-10,159.56915283203125,159.56915283203125,157.64877164706385,158.96841666370352,47716900,AAPL
2023-04-11,158.35784912109375,159.89415417908276,158.07224508795338,159.88431146406083,47644200,AAPL
2023-04-12,157.66848754882812,159.59871163720814,157.35334033527027,158.77147274218814,50133100,AAPL
2023-04-13,163.04554748535156,163.28190788405584,158.96842452673738,159.1752417539843,68445600,AAPL
2023-04-14,162.7008819580078,163.79402444901268,161.3319931654023,162.09028798128088,49386500,AAPL
2023-04-17,162.7205352783203,162.8781088558677,161.53876350080176,162.58266215472722,41516200,AAPL
2023-04-18,163.94174194335938,164.86746811951792,163.13418846133288,163.57736611842117,49923000,AAPL
2023-04-19,165.08412170410156,165.60607111909823,163.02585218946155,163.2819130529251,47720200,AAPL
2023-04-20,164.11898803710938,165.32046042282218,163.04554607797024,163.56749547193866,52456400,AAPL
2023-04-21,162.5137481689453,163.9220227028112,161.991798793606,162.5432913390932,58337300,AAPL
2023-04-24,162.8190460205078,163.0849495926161,161.40091367199096,162.49405610505224,41949600,AAPL
2023-04-25,161.28271484375,163.7841314779638,161.24331393654106,162.6811465088041,48714100,AAPL
2023-04-26,161.2728729248047,162.76979197769046,160.32746143764658,160.58350725145092,45498800,AAPL
2023-04-27,165.8522491455078,165.99996498511996,162.68115222078845,162.68115222078845,64902300,AAPL
2023-04-28,167.10296630859375,167.27039764589344,165.33031595199535,165.93105213681218,55275900,AAPL
2023-05-01,167.01434326171875,167.86128258741087,166.07877442017465,166.70905380019818,52472900,AAPL
2023-05-02,165.9802703857422,167.76279339985444,164.99545801480568,167.50673256610264,48425700,AAPL
2023-05-03,164.90684509277344,168.32414556576836,164.6212560883793,166.925713661642,65136000,AAPL
2023-05-04,163.27207946777344,164.50309525641927,161.81456098159026,162.38575411076772,81235400,AAPL
2023-05-05,170.93392944335938,171.65283843062485,168.1665934268077,168.38325340001882,113453200,AAPL
2023-05-08,170.86495971679688,171.20965008439242,169.49607101524845,169.86044681233003,55962800,AAPL
2023-05-09,169.16123962402344,170.9043468501181,168.993823309898,170.42179836441701,45326900,AAPL
2023-05-10,170.92404174804688,171.38690478906514,169.28924951921832,170.39224965147537,53724500,AAPL
2023-05-11,171.11117553710938,171.9384144483228,169.5551699505623,171.20966280003566,49514700,AAPL
2023-05-12,170.18414306640625,171.6535334613317,168.63584185680983,171.2196142676148,45533100,AAPL
2023-05-15,169.69107055664062,170.81530899814229,169.09935977781652,170.7659972586019,37266700,AAPL
2023-05-16,169.69107055664062,170.74626955321972,169.42479920138675,169.61217478294208,42110300,AAPL
2023-05-17,170.30252075195312,170.53919306240596,168.06389984598047,169.33607370599472,57951600,AAPL
2023-05-18,172.62986755371094,172.81724313624747,170.19401507639674,170.60820660461047,65496700,AAPL
2023-05-19,172.7383575439453,173.95134816577144,172.5213979143073,173.95134816577144,55809500,AAPL
2023-05-22,171.79161071777344,172.2945693897219,171.05197977463047,171.57465110395842,43570900,AAPL
2023-05-23,169.18812561035156,170.9829707500323,168.9119979039132,170.73642708015296,50747300,AAPL
2023-05-24,169.4642333984375,170.03621645106807,168.16249079935005,168.7246024757336,45143500,AAPL
2023-05-25,170.59835815429688,171.49576564962197,169.31632809947834,170.02637505144457,56058300,AAPL
2023-05-26,173.00457763671875,173.33988838819255,170.7166607230928,170.92376397994929,54835000,AAPL
2023-05-30,174.8487548828125,176.51539231960112,174.12885165758402,174.51345913931758,55964400,AAPL
2023-05-31,174.79945373535156,176.87042648421155,174.3162227478627,174.87834951174753,99625300,AAPL
2023-06-01,177.60018920898438,177.62977324467488,174.4838737017158,175.24323239604442,68901800,AAPL
2023-06-02,178.44827270507812,179.26679934554073,176.78163539298924,178.52716847079088,61996900,AAPL
2023-06-05,177.09727478027344,182.3930287124511,175.57855714098653,180.10511097044113,121946500,AAPL
2023-06-06,176.7323455810547,177.62975297431,174.97694105936182,177.4818328127375,64848400,AAPL
2023-06-07,175.36154174804688,178.70467241393297,174.86845454040687,175.9729650702157,61944600,AAPL
2023-06-08,178.07357788085938,178.33983422301452,175.00657387447097,175.44047811466785,50214900,AAPL
2023-06-09,178.4581756591797,179.71060666093933,178.13273621096323,178.99070336218668,48900000,AAPL
2023-06-12,181.2490234375,181.34764691680866,178.468018885392,178.7638742754878,54274900,AAPL
2023-06-13,180.77566528320312,181.60404834381112,179.91769818813273,180.2727216495119,54929100,AAPL
2023-06-14,181.40682983398438,181.84074910193183,179.50351991974284,180.8348467124019,57462900,AAPL
2023-06-15,183.43833923339844,183.94129793003785,181.23917400121888,181.4166932611595,65433200,AAPL
2023-06-16,182.36341857910156,184.4048073735327,181.7224110612984,184.14839232814637,101256200,AAPL
2023-06-20,182.45216369628906,183.52710548415504,181.86046794433722,181.86046794433722,49799100,AAPL
2023-06-21,181.4166717529297,182.8466218007744,180.06560242478363,182.34366316376426,49515700,AAPL
2023-06-22,184.4146270751953,184.46393880857786,181.13066426325057,181.1997036995518,51245300,AAPL
2023-06-23,184.0990447998047,184.96688315796402,182.45213522308205,182.9846778693447,53117000,AAPL
2023-06-26,182.7085723876953,185.4501365723536,182.6691169769034,184.24700235631448,48088700,AAPL
2023-06-27,185.45999145507812,185.78543087633778,183.10303478095216,183.31999439512526,50730800,AAPL
2023-06-28,186.63351440429688,187.2745217767789,185.00633258317922,185.33175690914044,51216800,AAPL
2023-06-29,186.9688262939453,187.4422009047134,186.32781886596203,186.4658826988121,46347300,AAPL
2023-06-30,191.2882843017578,191.79122791985353,188.6157445714927,188.98063939826477,85213200,AAPL
2023-07-03,189.79917907714844,191.19954526937022,189.10884478636748,191.10092178559267,31458200,AAPL
2023-07-05,188.6847686767578,190.311950580781,187.98457816150727,188.92145597370774,46920300,AAPL
2023-07-06,189.15814208984375,189.36524537083605,186.5842258571581,187.2153769807983,45094300,AAPL
2023-07-07,188.04376220703125,190.0062550438309,187.60985803081866,188.7636804868427,46815000,AAPL
2023-07-10,186.00238037109375,187.36330604998784,184.45407912216882,186.6433878022031,59922200,AAPL
2023-07-11,185.47972106933594,186.68285528837708,184.02018687082855,186.5447914459214,46638100,AAPL
2023-07-12,187.14634704589844,189.04965668897157,185.864317131752,187.0575799007695,60750200,AAPL
2023-07-13,187.90573120117188,188.54675382063684,187.1562438045736,187.86629083201726,41342300,AAPL
2023-07-14,188.05364990234375,188.53686585918993,187.00830716161786,187.6000029338883,41616200,AAPL
2023-07-17,191.30801391601562,191.63345333608896,189.15814548736353,189.24689758888442,50520200,AAPL
2023-07-18,191.05160522460938,191.64331601668746,189.75971887799713,190.6768691009351,48288200,AAPL
2023-07-19,192.40264892578125,195.48936484547627,189.98650938817815,190.43029994672796,80507300,AAPL
2023-07-20,190.45989990234375,193.75371936128715,189.83860510668907,192.39279363664537,59581200,AAPL
2023-07-21,189.2863311767578,192.27443863277517,188.58614067832426,191.4164716546598,71951700,AAPL
2023-07-24,190.08514404296875,192.21528467718613,189.59205676918674,190.73602285584008,45377800,AAPL
2023-07-25,190.94313049316406,191.75180092732498,190.25281124926505,190.65714646634552,37283200,AAPL
2023-07-26,191.8109588623047,192.9351972994816,190.64728006234532,190.99243214213982,47471900,AAPL
2023-07-27,190.54864501953125,194.47361545879667,189.88790988625553,193.30993672945922,47460200,AAPL
2023-07-28,193.12258911132812,193.9115318637554,191.45595149688123,191.97862287270013,48291400,AAPL
2023-07-31,193.73399353027344,193.77344894031904,192.56044337061044,193.34938604539337,38824100,AAPL
2023-08-01,192.9056396484375,194.01015053136803,192.58020018161,193.52693454400202,35175100,AAPL
2023-08-02,189.91749572753906,192.48154051645844,189.19759252290805,192.34347668203839,50389300,AAPL
2023-08-03,188.52700805664062,189.71041463976601,188.0536484329567,188.92148694956984,61235200,AAPL
2023-08-04,179.4739532470703,184.78943469803295,179.40491378965757,182.95514900922737,115956800,AAPL
2023-08-07,176.3773193359375,180.59814508763776,174.89805755245857,179.61197056531847,97576100,AAPL
2023-08-08,177.31419372558594,177.77769698523286,175.12488493894773,177.205713919119,67823000,AAPL
2023-08-09,175.72647094726562,178.42857997538025,174.5627769846933,178.36941190145535,60378500,AAPL
2023-08-10,175.50950622558594,178.25107058876787,175.14462641506705,176.9986245515979,54686900,AAPL
2023-08-11,175.56874084472656,176.3883728930982,174.34424265962002,175.10462674008653,52036700,AAPL
2023-08-14,177.21788024902344,177.44500246999712,175.09473274674426,175.74649049543365,43675600,AAPL
2023-08-15,175.2329864501953,177.23762299403361,174.8379899652799,176.6451282666605,43622600,AAPL
2023-08-16,174.36399841308594,176.30937200366554,174.29486573787133,174.91699954220002,46964900,AAPL
2023-08-17,171.82608032226562,175.2922216904398,171.3125728746346,174.92684921501044,66062900,AAPL
2023-08-18,172.30996704101562,172.9123464424467,169.81157749118245,170.14732599213767,61172200,AAPL
2023-08-21,173.64312744140625,173.92951274494206,171.56937297444222,172.88275833759562,46311900,AAPL
2023-08-22,175.01576232910156,175.46013721394584,174.04801023595033,174.8478880423005,42038900,AAPL
2023-08-23,178.85714721679688,179.2817827873095,176.10201110060572,176.28963972003098,52722800,AAPL
2023-08-24,174.17637634277344,178.8374075605793,173.8109887437673,178.41277199096436,54945800,AAPL
2023-08-25,176.3784942626953,176.91174101480664,173.62335841851225,175.16386577811136,51449600,AAPL
2023-08-28,177.9387664794922,178.33376298082638,176.31925671498092,177.8400098200833,43820700,AAPL
2023-08-29,181.81964111328125,182.58989476243158,177.25736718090633,177.4548654120463,53003900,AAPL
2023-08-30,185.30555725097656,185.50307057198083,182.43192527543482,182.62942352828824,60813900,AAPL
2023-08-31,185.5228271484375,186.75721017905872,185.13770024560978,185.49320316115478,60794500,AAPL
2023-09-01,187.0929412841797,187.54718572230075,185.92767607044595,187.1225652663115,45766500,AAPL
2023-09-05,187.32994079589844,187.6064413525269,185.26605625958229,185.92768366781115,45280000,AAPL
2023-09-06,180.62477111816406,186.49056063180015,179.2027597126584,186.0461707664675,81755800,AAPL
2023-09-07,175.3416290283203,175.98351721110967,171.3718491931888,172.99135904079122,112488800,AAPL
2023-09-08,175.95387268066406,177.98814840122637,175.56874581023814,176.12176201867752,65551300,AAPL
2023-09-11,177.11912536621094,178.0473836718388,175.1243584797436,177.82026144859472,58953100,AAPL
2023-09-12,174.0973663330078,177.87951732730735,172.6358612060169,177.24751388848827,90370200,AAPL
2023-09-13,172.03350830078125,175.0848996684252,171.80637096422893,174.30476112108144,84267900,AAPL
2023-09-14,173.54437255859375,173.89987544974738,171.41135521167203,171.82610607332606,60895800,AAPL
2023-09-15,172.82347106933594,174.29486087176767,171.6483512368518,174.27510652680778,109259500,AAPL
2023-09-18,175.74652099609375,177.13890868226434,173.96900640397726,174.2751309871455,67257600,AAPL
2023-09-19,176.83277893066406,177.38578010579235,174.91701409671836,175.3021409914078,51826900,AAPL
2023-09-20,173.29750061035156,177.45489404541186,173.20861358406935,177.0203888259045,58436200,AAPL
2023-09-21,171.75697326660156,174.09737357666756,171.68785565712008,172.36923745366522,63149100,AAPL
2023-09-22,172.60621643066406,174.86761425499944,171.87547142547365,172.48772049861157,56725400,AAPL
2023-09-25,173.88011169433594,174.75899170155245,171.97421669351675,172.02359502231215,46172700,AAPL
2023-09-26,169.8115692138672,173.01107959102313,169.51531434646242,172.63583748924898,64588900,AAPL
2023-09-27,168.30068969726562,170.87808171574733,166.93794126401278,170.46333088230946,66921800,AAPL
2023-09-28,168.55743408203125,169.88068876106084,165.52578284422083,167.22429469748067,56294400,AAPL
2023-09-29,169.07095336914062,170.90771561508154,168.21181267677895,169.870831028669,51861100,AAPL
2023-10-02,171.5792236328125,172.12235512412923,168.79444856905252,169.0808338409062,52164500,AAPL
2023-10-03,170.24609375,171.46073744550782,168.6858469308082,170.1078434596355,49594600,AAPL
2023-10-04,171.49032592773438,172.03345733749015,168.83393190668662,168.95242782585208,53020300,AAPL
2023-10-05,172.72476196289062,173.25800883188634,170.52261166431626,171.61874445939648,48527900,AAPL
2023-10-06,175.27249145507812,175.76624458491796,171.016326818613,171.6285909459562,57266700,AAPL
2023-10-09,176.75379943847656,176.81304741944209,173.6036511931428,174.60102736508813,42390800,AAPL
2023-10-10,176.1612548828125,177.47464011941017,175.72674968355904,175.8748846750232,43698000,AAPL
2023-10-11,177.55364990234375,177.60302823490863,175.38113888285298,175.9736336691769,47551100,AAPL
2023-10-12,178.4522705078125,180.06189553412176,176.80312172309905,177.82026707710477,56743100,AAPL
2023-10-13,176.6155242919922,179.65703072033497,175.91438812346496,179.15340788479125,51427100,AAPL
2023-10-16,176.48715209960938,176.8426550206093,174.3047562379969,174.54176320804768,52517000,AAPL
2023-10-17,174.9367218017578,176.19085892709333,172.6160912129652,174.44296868905948,57549400,AAPL
2023-10-18,173.64312744140625,175.36139405816417,172.92225196490105,173.38638119353993,54764400,AAPL
2023-10-19,173.26785278320312,175.61810740546204,173.00122187734726,173.84059314667203,59302900,AAPL
2023-10-20,170.72010803222656,173.2283676109075,170.48310107616433,173.11974130623128,64244000,AAPL
2023-10-23,170.83859252929688,171.8359684831129,167.80694090892598,168.77470794688867,55980100,AAPL
2023-10-24,171.2731170654297,171.50023932449824,169.30797385167378,170.88799016172553,43816600,AAPL
2023-10-25,168.96231079101562,170.8978144354766,168.5179209624252,169.73256439395493,57157000,AAPL
2023-10-26,164.804931640625,169.2388405091802,163.600172706508,168.2414494672427,70625300,AAPL
2023-10-27,166.11831665039062,166.8490767618186,164.7456834493569,164.82468576422622,58499100,AAPL
2023-10-30,168.1624298095703,169.0314401165317,166.7601727667049,166.90830774256386,51131000,AAPL
2023-10-31,168.63645935058594,168.76482492650203,165.80230595130433,167.23420217717043,44846000,AAPL
2023-11-01,171.79649353027344,172.05323977559237,167.9945877763323,168.86359824995364,56934900,AAPL
2023-11-02,175.35150146484375,175.5588693503195,173.26786256268767,173.32711052996643,77334800,AAPL
2023-11-03,174.44296264648438,174.61085195895754,171.18420427007575,172.06308417750907,79829200,AAPL
2023-11-06,176.99073791503906,177.18823614800198,174.00847994055556,174.17635419198152,63841300,AAPL
2023-11-07,179.54840087890625,180.1606499568927,176.73400192517136,176.9413698079054,70530000,AAPL
2023-11-08,180.60504150390625,181.15804266662394,179.3212801943679,180.07179468790036,49340300,AAPL
2023-11-09,180.13104248046875,181.81966995293175,179.53853262491765,180.67417400336535,53763500,AAPL
2023-11-10,184.3136749267578,184.48178544542026,181.475802800193,181.9108804268445,66133400,AAPL
2023-11-13,182.73158264160156,183.9478113332898,182.14818998578377,183.7401702602705,43627500,AAPL
2023-11-14,185.34205627441406,186.0045554032819,184.21481647353394,185.59914075952597,60108400,AAPL
2023-11-15,185.90565490722656,187.3789832148446,185.67823345303117,185.7474572062222,53790500,AAPL
2023-11-16,187.5866241455078,188.8226331691939,186.53847581950137,187.44819173837502,54412900,AAPL
2023-11-17,187.5668487548828,188.24912816814668,186.4593894684262,188.12057839811112,50922700,AAPL
2023-11-20,189.30715942382812,189.7620174322178,187.75473976876387,187.76462241033667,46505100,AAPL
2023-11-21,188.5062255859375,189.37638084971888,187.61630503925363,189.2676114417462,38134500,AAPL
2023-11-22,189.16873168945312,190.77059476808083,188.69410838615653,189.34672485819107,39617700,AAPL
2023-11-24,187.84371948242188,188.76330300712377,187.13177703645835,188.73363999587542,24048300,AAPL
2023-11-27,187.66571044921875,188.5358656068872,186.7856726513042,187.79426021241986,40552600,AAPL
2023-11-28,188.26890563964844,188.9413024556769,187.2800983304318,187.65584993609482,38415400,AAPL
2023-11-29,187.2504425048828,189.93999969621768,186.85492560121705,188.76331653900834,43014200,AAPL
2023-11-30,187.82395935058594,188.18982834207452,186.08366378848976,187.7151899349547,48794400,AAPL
2023-12-01,189.09951782226562,189.4159283197641,187.11200544734405,188.19969953750024,45704800,AAPL
2023-12-04,187.30975341796875,187.92282418358675,185.35191925319242,187.85360043262926,43389500,AAPL
2023-12-05,191.25509643554688,192.2241233156588,188.05135551468544,188.081033613139,66628400,AAPL
2023-12-06,190.1674041748047,192.58008102103562,189.95974802820277,192.27355320919483,41089700,AAPL
2023-12-07,192.09561157226562,192.817436726138,191.42321471638212,191.4627754603769,47477700,AAPL
2023-12-08,193.5194854736328,193.79635031367135,191.50231010992096,192.02637677770835,53406400,AAPL
2023-12-11,191.01780700683594,191.32434997590968,189.27751140798418,190.948598334338,60943700,AAPL
2023-12-12,192.5306854248047,192.54056806660662,189.57414602172835,190.9189246189266,52696900,AAPL
2023-12-13,195.74427795410156,195.78382360297798,192.6690869899489,192.90639105920806,70404200,AAPL
2023-12-14,195.8926239013672,197.3857175620074,193.964452594447,195.8036348613561,66831600,AAPL
2023-12-15,195.35867309570312,196.1793699091571,194.79504567055722,195.3191123528845,128538400,AAPL
2023-12-18,193.69749450683594,194.4292174656076,192.2142833032751,193.89525298304312,55751900,AAPL
2023-12-19,194.73573303222656,194.74561567460933,193.6974822378966,193.964464462268,40714100,AAPL
2023-12-20,192.6493377685547,195.46742966263125,192.6493377685547,194.69616113684165,52242800,AAPL
2023-12-21,192.5010223388672,194.87416921268178,191.3342368191114,193.90514216040955,46482500,AAPL
2023-12-22,191.43310546875,193.2228443252002,190.81015202156473,192.9954077755279,37149600,AAPL
2023-12-26,190.88925170898438,191.719846217368,190.6717128965979,191.44298138124012,28919300,AAPL
2023-12-27,190.98812866210938,191.33421726083122,188.95118798803827,190.33552729492325,48087700,AAPL
2023-12-28,191.41331481933594,192.48122849088116,191.00790021395272,191.96704448132198,34049900,AAPL
2023-12-29,190.3750457763672,192.22411038080966,189.5839970121992,191.7297067892047,42672100,AAPL
2024-01-02,183.56216430664062,186.3308274284663,181.83175174149957,185.05525771688224,82488700,AAPL
2024-01-03,182.187744140625,183.79950485996184,181.37691491631995,182.15808112880916,58414500,AAPL
2024-01-04,179.8739471435547,181.04073256447913,178.85547678867908,180.1112512492328,71983600,AAPL
2024-01-05,179.15208435058594,180.71440156415224,178.15339449300276,179.95303087035154,62379700,AAPL
2024-01-08,183.4830780029297,183.52263874374273,179.46852282651062,180.0519155054874,59144500,AAPL
2024-01-09,183.06777954101562,183.07766218215258,180.68475037086026,181.86143345023166,42841800,AAPL
2024-01-10,184.10606384277344,184.31370496059992,181.86146667843008,182.28666173303466,46792900,AAPL
2024-01-11,183.51275634765625,184.9564217479187,181.56480461990643,184.45212033242825,49128400,AAPL
2024-01-12,183.8390655517578,184.64989484239166,183.11724039185432,183.97749798089004,40477800,AAPL
2024-01-16,181.57469177246094,182.1976301200088,178.90489995610474,180.12114381484557,65603000,AAPL
2024-01-17,180.6352996826172,180.88250149305736,178.2819487070673,179.24109293861534,47317400,AAPL
2024-01-18,186.51869201660156,187.02297821650802,183.7500290608814,184.00711348059855,78005800,AAPL
2024-01-19,189.41592407226562,189.80155831594578,186.70660172518024,187.21088801676132,68903000,AAPL
2024-01-22,191.71983337402344,193.14371820043874,190.1080727596782,190.14763349819026,60133900,AAPL
2024-01-23,192.9954071044922,193.55903452389106,191.66052626402544,192.83720939883855,42355600,AAPL
2024-01-24,192.32301330566406,194.18197579456825,192.16480052192722,193.23271418014866,53631300,AAPL
2024-01-25,191.99668884277344,194.07318996151886,190.9485556432544,193.03493940214616,54822100,AAPL
2024-01-26,190.26629638671875,192.58010181757646,189.7916731135176,192.09559590318426,44594000,AAPL
2024-01-29,189.58401489257812,190.04875551955823,187.4580852833725,189.86087972294905,47145600,AAPL
2024-01-30,185.93531799316406,189.65324309628332,185.37170567810733,188.80286821503816,55859400,AAPL
2024-01-31,182.33607482910156,185.00586682539145,182.28664653050623,184.94652570867123,55467800,AAPL
2024-02-01,184.76852416992188,184.857513201702,181.7625567551165,181.93065217781273,64885400,AAPL
2024-02-02,183.7698516845703,185.23328233515724,177.2437171517322,177.84689023760967,102551700,AAPL
2024-02-05,185.579345703125,187.1317803970082,183.75994390321247,186.0440863383638,69668800,AAPL
2024-02-06,187.1812286376953,187.19111127921153,184.67954732588265,184.76853636353553,43490800,AAPL
2024-02-07,187.28997802734375,188.91162125480523,186.49892923853312,188.5062066759397,53439000,AAPL
2024-02-08,186.21221923828125,187.41855040104747,185.25307484073457,187.27023532431497,40962000,AAPL
2024-02-09,186.9745635986328,188.10324181676,186.1329987846296,186.77653768433356,45155200,AAPL
2024-02-12,185.29141235351562,186.796321504533,184.9349868995182,186.54880424779185,41781900,AAPL
2024-02-13,183.2023468017578,184.36074073565214,181.68754255866872,183.92510799252145,56529500,AAPL
2024-02-14,182.3212127685547,183.6875129162611,180.62820312290157,183.4796068721132,54630500,AAPL
2024-02-15,182.03408813476562,182.65783644316613,179.5490203671251,181.72716915991907,65434500,AAPL
2024-02-16,180.49948120117188,183.0142649801448,179.86583763061847,181.59845842120637,49752500,AAPL
2024-02-20,179.75694274902344,180.6182980286837,178.2124373755958,179.98465441119404,53665600,AAPL
2024-02-21,180.5093994140625,181.0737309260645,178.86588113831095,180.13316833455778,41371400,AAPL
2024-02-22,182.53904724121094,183.12319953047427,180.64802661628633,181.6578862880503,52292200,AAPL
2024-02-23,180.70741271972656,183.20237592421455,180.42028422645075,183.17267506039363,45119700,AAPL
2024-02-26,179.36093139648438,180.94503297704767,178.85598645977296,180.4302078946742,40867400,AAPL
2024-02-27,180.81629943847656,182.09348175278842,177.77678047240937,179.3014951345761,54318900,AAPL
2024-02-28,179.61831665039062,181.30143093346823,178.34113428414614,180.69748823755316,48953900,AAPL
2024-02-29,178.95498657226562,180.75691955299587,177.74710108364005,179.4698267249393,136682600,AAPL
2024-03-01,177.87579345703125,178.73714862022334,175.6184374307493,177.76688526684862,73563100,AAPL
2024-03-04,173.36109924316406,175.14321147352493,172.06409607852763,174.4006596751229,81510100,AAPL
2024-03-05,168.43052673339844,170.3314573247722,167.9354922531265,169.06417026385637,95132400,AAPL
2024-03-06,167.44046020507812,169.53941670485264,167.00482743895031,169.36119643359416,68587700,AAPL
2024-03-07,167.32167053222656,169.0344857697736,166.81674075207243,167.47017484778516,71765100,AAPL
2024-03-08,169.0345001220703,171.97500667784078,167.2622830078253,167.3216847390924,76267000,AAPL
2024-03-11,171.034423828125,172.64824117092596,170.34137853305091,171.22253935977105,60139500,AAPL
2024-03-12,171.50967407226562,172.30173241116674,169.31171935776177,171.43046672764987,59825400,AAPL
2024-03-13,169.43052673339844,171.4700666239107,169.06419090034882,171.05423942259554,52488700,AAPL
2024-03-14,171.28196716308594,172.57895536432744,170.34140446890183,171.19286456313577,72913500,AAPL
2024-03-15,170.9057159423828,170.9057159423828,168.59885322457814,169.47011882986195,121752700,AAPL
2024-03-18,171.9947967529297,175.94517770513775,171.7967859641753,173.82643054023092,75604200,AAPL
2024-03-19,174.3313751220703,174.8561105550952,171.31166123855039,172.6086493883763,55215200,AAPL
2024-03-20,176.89566040039062,176.89566040039062,173.35121088659923,173.97495931074826,53423100,AAPL
2024-03-21,169.66810607910156,175.7273381457555,169.1433707597941,175.29170540355622,106181300,AAPL
2024-03-22,170.56907653808594,171.33143385532912,168.37112227286767,170.05423645695066,71160100,AAPL
2024-03-25,169.15330505371094,170.2324767040703,167.76719930445816,168.87608692531137,54288300,AAPL
2024-03-26,168.02462768554688,169.71763732680742,167.8959138727621,168.31174106723407,57388400,AAPL
2024-03-27,171.58885192871094,171.87598039200594,168.42063422483255,168.7176579392829,60273300,AAPL
2024-03-28,169.7770538330078,170.51960569647457,168.81668554767697,170.04437673388762,65672700,AAPL
2024-04-01,168.3414306640625,169.54931605122675,167.79688969325008,169.48991432845702,46240500,AAPL
2024-04-02,167.1632537841797,167.65828830624176,166.55931106297376,167.40087579338118,49329500,AAPL
2024-04-03,167.96522521972656,168.98499523543435,166.9058590852198,167.11376514661308,47691700,AAPL
2024-04-04,167.14346313476562,170.21266810452119,167.14346313476562,168.59885072968464,53704400,AAPL
2024-04-05,167.89590454101562,168.69785802201392,167.27215623034843,167.90579979250484,42104800,AAPL
2024-04-08,166.77711486816406,167.51966659518817,166.5692088446593,167.35135668326646,37425500,AAPL
2024-04-09,167.98501586914062,168.39094781013864,166.67813256359855,167.02464767080627,42373800,AAPL
2024-04-10,166.11378479003906,167.4107728345435,165.45044033625643,167.12365945587084,49709300,AAPL
2024-04-11,173.30166625976562,173.71750852250418,166.49000200344838,166.6682071669761,91070300,AAPL
2024-04-12,174.79669189453125,176.5887144383463,172.47993396851362,172.52942533467058,101670900,AAPL
2024-04-15,170.9750213623047,174.8758957155582,170.78690583147454,173.6185038309996,73531800,AAPL
2024-04-16,167.69790649414062,172.0343988146065,166.59892920522176,170.04436539186383,73711200,AAPL
2024-04-17,166.3316192626953,168.95529649982927,166.3316192626953,167.92563121825307,50901200,AAPL
2024-04-18,165.38113403320312,166.96525061902096,164.89600984807865,166.36130787024413,43122900,AAPL
2024-04-19,163.3614044189453,164.7474951408098,162.4505426435407,164.55939469854349,68149400,AAPL
2024-04-22,164.1930389404297,165.59893510418706,163.13367296874276,163.8762247169617,48116400,AAPL
2024-04-23,165.24252319335938,165.39104261951863,163.28219064755024,163.70792820716713,49537800,AAPL
2024-04-24,167.34149169921875,167.6187098522012,164.5593998092657,164.8861093338651,48251800,AAPL
2024-04-25,168.20281982421875,168.91567070440144,166.48009434590165,167.84639438412742,50558300,AAPL
2024-04-26,167.61868286132812,169.63841695172266,167.49986430971396,168.19292468782604,44838400,AAPL
2024-04-29,171.7769775390625,174.28185098854456,171.38095596804143,171.64826373021612,68169400,AAPL
2024-04-30,168.63845825195312,173.25218351807536,168.31173366197407,171.6086653165762,65934800,AAPL
2024-05-01,167.61868286132812,170.9948217396029,167.43056733625505,167.8959009696714,50383100,AAPL
2024-05-02,171.31166076660156,171.69778712393833,169.19291342760516,170.79682058773386,94214900,AAPL
2024-05-03,181.55886840820312,185.14291355827163,180.84601747897057,184.7963833456082,163224100,AAPL
2024-05-06,179.90545654296875,182.3707188474722,178.62825898838415,180.53910014061182,78569700,AAPL
2024-05-07,180.5885772705078,183.0637497391675,179.5193160584302,181.62815272879564,77305800,AAPL
2024-05-08,180.92523193359375,181.25195654794928,179.6480343404535,181.03414013837894,45057100,AAPL
2024-05-09,182.73707580566406,182.8261784061232,180.30149897565002,180.74702708520252,48983000,AAPL
2024-05-10,181.4779815673828,183.5004555242596,180.56588428269347,183.31208481142474,50759500,AAPL
2024-05-13,184.6802215576172,185.49318663872077,183.0344740478803,183.84743912898392,72044800,AAPL
2024-05-14,185.82032775878906,186.68286641073877,184.69011878206607,185.89964252722956,52393600,AAPL
2024-05-15,188.09068298339844,189.01268886802714,185.76085876781028,186.2962297111884,70400000,AAPL
2024-05-16,188.20962524414062,189.45881387860598,188.03117836935675,188.83421956137332,52845200,AAPL
2024-05-17,188.23939514160156,189.17132485957902,187.55531842828847,187.88248620977504,41282900,AAPL
2024-05-20,189.3993377685547,190.2717851507536,187.38677266186554,187.70403175639103,44361300,AAPL
2024-05-21,190.69808959960938,191.07481584379752,189.28036268210627,189.44890089382775,42309400,AAPL
2024-05-22,189.2605438232422,191.16406816634918,188.63596455316463,190.6187885434668,34648500,AAPL
2024-05-23,185.27505493164062,189.35966699130785,185.0272019643745,189.33983451815809,51005900,AAPL
2024-05-24,188.34844970703125,188.94330296502375,186.4251079843019,187.1984232707908,36327000,AAPL
2024-05-28,188.35836791992188,191.3425125399711,187.4760118609873,189.86530324069457,52280100,AAPL
2024-05-29,188.65579223632812,190.59896650948673,187.88249204796585,187.98163930401122,53068000,AAPL
2024-05-30,189.64718627929688,190.52954231443272,188.99286588586446,189.12173915319045,49889100,AAPL
2024-05-31,190.59893798828125,190.9161970579539,188.2790377703441,189.79589676882185,75158300,AAPL
2024-06-03,192.36366271972656,193.31542486412093,190.86663609575578,191.24336235629542,50080500,AAPL
2024-06-04,192.68092346191406,193.64259428823095,191.3722523931234,192.96842627855952,47471400,AAPL
2024-06-05,194.18783569335938,195.20898869639487,193.19642383583022,193.7218709101011,54156800,AAPL
2024-06-06,192.80978393554688,194.81244022862765,192.50244866402238,194.0093990023229,41181800,AAPL
2024-06-07,195.19911193847656,195.2486855650071,192.47272888451312,192.978343568532,53103900,AAPL
2024-06-10,191.4614715576172,195.60558138834554,190.49980075281104,195.20900753042525,97010200,AAPL
2024-06-11,205.3709716796875,205.38089548057218,191.96709351098235,191.98691085726122,172373300,AAPL
2024-06-12,211.24014282226562,218.30889945026047,205.1231180281253,205.58908283581826,198134300,AAPL
2024-06-13,212.4001007080078,214.888539245905,209.7827737762817,212.8958066808934,97862700,AAPL
2024-06-14,210.66513061523438,213.32210737882852,209.4853479747781,212.01345147179217,70122700,AAPL
2024-06-17,214.80921936035156,217.06963733267014,210.8931452933454,211.5375569916551,93728300,AAPL
2024-06-18,212.44964599609375,216.7523850703462,211.17073132176122,215.7213082393038,79943300,AAPL
2024-06-20,207.87925720214844,212.40010854906527,207.0563985691976,212.09275812722348,86172500,AAPL
2024-06-21,205.70806884765625,210.07027533194446,205.33132746963062,208.58315742215362,241805100,AAPL
2024-06-24,206.35247802734375,210.87331399723786,204.8157865138524,205.93608683303725,80727000,AAPL
2024-06-25,207.27450561523438,209.5646648210329,206.81844945769743,207.35380525957078,55549700,AAPL
2024-06-26,211.41859436035156,213.01476817493463,208.8310086144187,209.68362348048936,66213200,AAPL
2024-06-27,212.26129150390625,213.88720639689362,210.52632069800987,212.84622088780682,49772700,AAPL
2024-06-28,208.8111572265625,214.21436386520998,208.49391330369318,213.91693728719588,82542700,AAPL
2024-07-01,214.88851928710938,215.6419868499251,210.09999821846176,210.2685364182596,60402900,AAPL
2024-07-02,218.37831115722656,218.4873670751859,213.25271326862932,214.2936836981781,58046200,AAPL
2024-07-03,219.64732360839844,219.64732360839844,217.1489612238199,218.11063203893852,37369800,AAPL
2024-07-05,224.39617919921875,224.50523511983306,219.74645469045154,219.74645469045154,60412400,AAPL
2024-07-08,225.8634796142578,225.89322076278884,221.3327197032473,225.13973799267995,59085900,AAPL
2024-07-09,226.716064453125,227.42988222637766,224.4259054004998,225.9725055332989,48076100,AAPL
2024-07-10,230.97915649414062,231.0783037422216,227.28119408246098,227.3307677065015,62627700,AAPL
2024-07-11,225.61563110351562,230.39422897123262,223.83108651749725,229.40281699319425,64710600,AAPL
2024-07-12,228.56011962890625,230.64209091466597,226.71609267309665,226.95403700304678,53046500,AAPL
2024-07-15,232.38694763183594,235.1926451763578,231.08820043911544,234.44908623752588,62631300,AAPL
2024-07-16,232.8033447265625,234.24088892580107,230.3347237014565,232.98179160349451,43234300,AAPL
2024-07-17,226.91436767578125,229.47221227385296,224.69359950369105,227.47946461019197,57345900,AAPL
2024-07-18,222.2547149658203,228.46096321097224,220.36112971273346,228.3023336745397,66034600,AAPL
2024-07-19,222.3836212158203,224.85224251867803,221.36246807560826,222.88925101284036,49151500,AAPL
2024-07-22,222.03662109375,225.82380677595344,221.174082433242,225.06041535891617,48201800,AAPL
2024-07-23,223.07760620117188,224.9910392063895,220.7676144514488,222.44310313331528,39960300,AAPL
2024-07-24,216.6631622314453,222.86941075843336,215.26528287042115,222.07627816799848,61777600,AAPL
2024-07-25,215.6221923828125,218.95333716975932,212.77682977395946,217.04981289629316,51391200,AAPL
2024-07-26,216.088134765625,217.60499369491455,214.15486954444728,216.82176985722595,41601300,AAPL
2024-07-29,216.36575317382812,217.41664743865044,213.8971319294418,215.09674706599597,36311800,AAPL
2024-07-30,216.9209442138672,218.43780333279796,214.26395224147618,217.3075942808937,41643800,AAPL
2024-07-31,220.1727294921875,221.89779143204092,218.73518543951457,219.53822655932356,50036300,AAPL
2024-08-01,216.48471069335938,222.55214689360594,215.15622233135366,222.44309097566543,62501000,AAPL
2024-08-02,217.97183227539062,223.66254232334134,215.84030263063204,217.2679231335739,105568600,AAPL
2024-08-05,207.4727783203125,211.66644653820467,194.31673780556494,197.38019703112641,119548600,AAPL
2024-08-06,205.45028686523438,208.18659343179937,199.34320096724198,203.53686913101606,69660500,AAPL
2024-08-07,208.01805114746094,211.80523672133984,204.61750047992084,205.12311510057037,63516400,AAPL
2024-08-08,211.47808837890625,212.36044444161047,207.0365669160157,211.27980900719393,47161100,AAPL
2024-08-09,214.38291931152344,214.91827509282652,210.1495861717322,210.2784745623819,42201600,AAPL
2024-08-12,215.91146850585938,217.8767320905019,213.9958359256548,214.4623401059105,38028100,AAPL
2024-08-13,219.62364196777344,220.23902400333975,217.38044783379533,217.38044783379533,44155300,AAPL
2024-08-14,220.07028198242188,221.37053243582614,218.06530765715263,218.9288446755302,41960600,AAPL
2024-08-15,223.0479736328125,223.67329096872731,221.10255033510867,222.9288713384501,46414000,AAPL
2024-08-16,224.36807250976562,225.14226768918678,221.98592068094572,222.25391598005478,44340200,AAPL
2024-08-19,224.2092742919922,224.30853630427512,221.38047353975193,224.04054098731652,40687800,AAPL
2024-08-20,224.8246612548828,225.4797542015927,223.7725505409132,224.09017687092657,30299000,AAPL
2024-08-21,224.71546936035156,226.28371522001356,223.37552309496598,224.8345868015738,34765500,AAPL
2024-08-22,222.859375,226.64102413052154,222.2340576918725,226.09511339685906,43695300,AAPL
2024-08-23,225.15220642089844,226.5219434569281,222.66088738350675,223.9809934126029,38677300,AAPL
2024-08-26,225.48963928222656,225.58890128123517,222.22412549030662,225.07276614784877,30602200,AAPL
2024-08-27,226.33334350585938,227.14724957253156,223.21670725505913,224.31844891527626,35934600,AAPL
2024-08-28,224.80479431152344,228.14971479709,224.0008084384826,226.22414704916858,38052200,AAPL
2024-08-29,228.0802459716797,231.18696212304621,227.1770283167567,228.3879521456165,51906300,AAPL
2024-08-30,227.29612731933594,228.68570457235603,225.78743262658827,228.4772755570311,52990800,AAPL
2024-09-03,221.11248779296875,227.2961293418145,219.52438650802387,226.84948058831634,50190600,AAPL
2024-09-04,219.20677185058594,220.12984491677884,215.86183603349318,220.01074262314262,43840200,AAPL
2024-09-05,220.7253875732422,223.80231295165626,219.87178579311316,219.9809679444758,36615400,AAPL
2024-09-06,219.17698669433594,223.56409767944487,218.13479623481732,222.28368749781316,48423000,AAPL
2024-09-09,219.26632690429688,219.6236489368284,215.09757995493325,219.17700018247805,67180000,AAPL
2024-09-10,218.47227478027344,219.83207646515766,215.1174187834135,217.29112653781655,51591000,AAPL
2024-09-11,221.00332641601562,221.43011977862776,216.268812835246,219.81225791296717,44587100,AAPL
2024-09-12,221.11248779296875,221.8866830044339,218.1844402475294,220.84449248276735,37455600,AAPL
2024-09-13,220.844482421875,222.37301734416337,220.25887596851652,221.91644846858938,36766600,AAPL
2024-09-16,214.71047973632812,215.60377723416104,212.32832783334672,214.92882889414335,59357400,AAPL
2024-09-17,215.17697143554688,215.28615358843467,212.904016801209,214.14471619981742,45519300,AAPL
2024-09-18,219.04794311523438,221.05291740528648,215.92137182236397,215.931307109631,59894900,AAPL
2024-09-19,227.1671142578125,228.1100580083486,222.95867118282095,223.31599325006152,66781300,AAPL
2024-09-20,226.5020751953125,231.3556905514529,225.92638886705737,228.2589097535001,318679900,AAPL
2024-09-23,224.78492736816406,227.74275012420983,224.12983453268782,225.64844919522082,54146000,AAPL
2024-09-24,225.67823791503906,227.64351653597865,224.05044101841318,226.94871280288095,43556100,AAPL
2024-09-25,224.68569946289062,225.59885242729763,222.3531936181764,223.2564112941643,42308700,AAPL
2024-09-26,225.82713317871094,226.7998372114188,223.73283210674714,225.60876888531146,36636700,AAPL
2024-09-27,226.09510803222656,227.81224676693589,225.60876359989413,226.76013618443497,34026000,AAPL
2024-09-30,231.266357421875,231.266357421875,227.9412771261621,228.3283747151782,54541900,AAPL
2024-10-01,224.52688598632812,227.9412778656533,222.07526286618742,227.81225543239978,63285000,AAPL
2024-10-02,225.09263610839844,225.67824256269316,221.360617941662,224.20925878310885,32880600,AAPL
2024-10-03,223.9908905029297,225.12240767637772,221.65838486968212,223.46483520314058,34044200,AAPL
2024-10-04,225.1125030517578,226.30357145139808,222.46237094034984,226.20430944090455,37245100,AAPL
2024-10-07,220.04052734375,224.01076551273388,219.68320530273118,222.8296172342201,39505400,AAPL
2024-10-08,224.09014892578125,224.29857792676054,221.58889489724396,222.63108533790577,31855700,AAPL
2024-10-09,227.83212280273438,228.04056698162543,223.15717559100585,223.55419337095574,33591100,AAPL
2024-10-10,227.33578491210938,227.79236887310867,225.47970378999483,226.08516559411694,28183500,AAPL
2024-10-11,225.85690307617188,227.7030642360917,225.64845893034402,227.59388209213523,31759200,AAPL
2024-10-14,229.57901000976562,230.0058033150611,226.89910245149323,226.99834931201846,39882100,AAPL
2024-10-15,232.11004638671875,235.7229623804217,230.6410474142004,231.87182665313995,64751400,AAPL
2024-10-16,230.05543518066406,230.3929017691756,228.12986736523644,229.87678174389526,34082200,AAPL
2024-10-17,230.4226837158203,232.11004699556463,228.8048220166126,231.69315867439417,32993800,AAPL
2024-10-18,233.25148010253906,234.4226930307779,232.26884075534687,234.4226930307779,46431500,AAPL
2024-10-21,234.720458984375,235.08771628667242,232.7055644739604,232.7055644739604,36254500,AAPL
2024-10-22,234.10508728027344,234.4624093106695,230.86934872103873,232.14974382855843,38846600,AAPL
2024-10-23,229.04302978515625,233.39044533687328,226.0653512199268,232.33833466706656,52287000,AAPL
2024-10-24,228.8544464111328,229.10258628095696,226.71051430099084,228.26882480795348,31109500,AAPL
2024-10-25,229.68820190429688,231.484732210271,227.86189602437614,228.03062932515897,38802300,AAPL
2024-10-28,231.6633758544922,232.98348177622344,230.81970938626554,231.5839844241638,36087100,AAPL
2024-10-29,231.93138122558594,232.5864741436605,230.59143496071306,231.36563017470797,35417200,AAPL
2024-10-30,228.387939453125,231.7328600109945,227.8420287171323,230.87925826342104,47070900,AAPL
2024-10-31,224.2291259765625,228.11995749798112,223.69313535160188,227.63359787833264,64370100,AAPL
2024-11-01,221.25143432617188,223.67328184782377,218.6310779402587,219.32586653780092,65276700,AAPL
2024-11-04,220.3581085205078,221.13230364643434,218.07523400035532,219.34570882983752,44944500,AAPL
2024-11-05,221.78741455078125,222.28369429475046,219.49460455688452,220.14969745378525,28111300,AAPL
2024-11-06,221.06285095214844,224.387931303672,219.54423614319148,220.95366880237512,54561100,AAPL
2024-11-07,225.7874298095703,226.18446269494834,222.89909318788202,222.95864433437472,42137700,AAPL
2024-11-08,225.51914978027344,227.20835428792034,224.9726384261151,225.72780810336752,38328800,AAPL
2024-11-11,222.8064727783203,224.26714170400084,220.0938084143074,223.57158868270503,42005600,AAPL
2024-11-12,222.8064727783203,224.15783943194586,221.9420008205612,223.12444853772337,40398300,AAPL
2024-11-13,223.69081115722656,225.21109667354565,221.3457931121334,222.5878574334345,48566200,AAPL
2024-11-14,226.77114868164062,227.41701609796436,223.57158960851197,223.59146688403666,44923900,AAPL
2024-11-15,223.5715789794922,225.4793879673537,222.84621765747355,224.96268496170848,47923700,AAPL
2024-11-18,226.5724334716797,228.28151537171908,223.74052045447314,223.82001439888424,44633700,AAPL
2024-11-19,226.8307647705078,228.6988344551977,225.22105418122663,225.53901477922054,36211800,AAPL
2024-11-20,227.5461883544922,228.47027695087482,224.45593165289552,226.61215353970658,35169600,AAPL
2024-11-21,227.06924438476562,228.69883223369175,224.2770861035494,227.42695953023323,42108300,AAPL
2024-11-22,228.41065979003906,229.25526960886552,226.6121530455377,226.6121530455377,38168300,AAPL
2024-11-25,231.39163208007812,231.76922452168117,228.2815130321861,229.99059491471002,90152800,AAPL
2024-11-26,233.56771850585938,234.07449047305911,231.84870566104107,231.84870566104107,45986200,AAPL
2024-11-27,233.43856811523438,234.19375305105456,232.3256831511884,232.98149686010998,33498400,AAPL
2024-11-29,235.8233184814453,236.3002669685808,232.48464874765904,233.31931239062584,28481400,AAPL
2024-12-02,238.06893920898438,239.26131787624368,235.65437354492806,235.76367580720535,48137100,AAPL
2024-12-03,241.10952758789062,241.21882985808793,237.3833345065081,238.28756099978403,38861000,AAPL
2024-12-04,241.4672393798828,242.5602620666903,239.71841824290905,241.32812877991805,44383900,AAPL
2024-12-05,241.4970703125,242.98754766386446,240.59285890906452,242.44105143123323,40033900,AAPL
2024-12-06,241.29832458496094,243.0769692456264,240.5431549096241,241.36788746709487,36870600,AAPL
2024-12-09,245.18348693847656,245.67038159068719,240.21522985765637,240.29472379037958,44649200,AAPL
2024-12-10,246.19703674316406,246.63424582967986,243.7824557106041,245.32261857013248,36914800,AAPL
2024-12-11,244.92515563964844,249.2077910379196,244.69660488558225,246.38582450957213,45205800,AAPL
2024-12-12,246.38583374023438,247.1608807008323,244.12029436088807,245.32261935264157,32777500,AAPL
2024-12-13,246.5547332763672,247.7073574078961,244.6767326870094,246.24670376010008,33155300,AAPL
2024-12-16,249.44627380371094,249.7841268474892,246.07779571830554,246.4156487620838,51694800,AAPL
2024-12-17,251.87075805664062,252.2185421189052,248.19425082976375,248.49234928857376,51356400,AAPL
2024-12-18,246.47525024414062,252.66569465886903,246.16722071424974,250.559158393614,56774100,AAPL
2024-12-19,248.20419311523438,250.400169527173,245.5213371883983,245.92873792847348,60882300,AAPL
2024-12-20,252.8743896484375,253.3811464831127,244.13025293349912,246.4653249902114,147495300,AAPL
2024-12-23,253.64942932128906,254.02700659111463,251.84097626600598,253.15260355822258,40858800,AAPL
2024-12-24,256.5608215332031,256.5707374276886,253.66927695641888,253.868019379837,23234700,AAPL
2024-12-26,257.37554931640625,258.44870970386563,255.9943897750778,256.55083207826743,27237100,AAPL
2024-12-27,253.96737670898438,257.05764856283577,251.45343969164696,256.19314630806485,42355300,AAPL
2024-12-30,250.59890747070312,251.890657464443,249.15811581542044,250.6287158030117,35557500,AAPL
2024-12-31,248.83021545410156,251.6720594492945,247.84649497663966,250.83739579916153,39480700,AAPL
2025-01-02,242.30194091796875,247.51861164989126,240.2848294479123,247.34967754084445,55740700,AAPL
2025-01-03,241.8150177001953,242.6298040057451,240.3543488544026,241.8150177001953,40244100,AAPL
2025-01-06,243.4446258544922,245.7598357483754,241.6560500607284,242.75900387005615,45045600,AAPL
2025-01-07,240.67234802246094,243.9911405526811,239.81780708502322,241.4374487975533,40856000,AAPL
2025-01-08,241.15921020507812,242.16280789951685,238.52603985831155,240.3841632667122,37628900,AAPL
2025-01-10,235.3463592529297,238.63534322792128,231.52079498772144,238.48628640867517,61710900,AAPL
2025-01-13,232.9119110107422,233.18020116738663,228.26162915914,232.04743903723335,49630700,AAPL
2025-01-14,231.7990264892578,234.62099318079112,230.99417118008773,233.25969544364762,39435300,AAPL
2025-01-15,236.35987854003906,237.4429702030776,232.94171493841435,233.1503884256181,39832000,AAPL
2025-01-16,226.81089782714844,236.4990004602556,226.58236221549976,235.8432019589194,71759100,AAPL
2025-01-17,228.5199737548828,230.8153063545454,227.02949646555186,230.6463874145182,68488300,AAPL
2025-01-21,221.22657775878906,222.99527628303537,217.9872792040061,222.57794445660952,98070400,AAPL
2025-01-22,222.4090118408203,222.6971640978084,218.39465138442915,218.39465138442915,64126500,AAPL
2025-01-23,222.24008178710938,225.5886822440662,220.88871524000126,223.3132271476291,60234800,AAPL
2025-01-24,221.3656768798828,224.19758968028435,220.00437919561992,223.35297985225768,54697900,AAPL
2025-01-27,228.40074157714844,230.67619691244207,222.55806572164707,222.59782027357136,94863400,AAPL
2025-01-28,236.7473907470703,238.66514594376807,229.3446904229109,229.38444497187513,75707600,AAPL
2025-01-29,237.84043884277344,238.33726462451705,232.52439691334908,232.63369919180946,45486100,AAPL
2025-01-30,236.0816650390625,239.26134692510684,235.7040877651042,237.1548105184623,55658300,AAPL
2025-01-31,234.50173950195312,245.62070152543137,231.9579942451269,245.62070152543137,100959800,AAPL
2025-02-03,226.56246948242188,230.35822543026035,224.2671369795404,228.52991033796462,73063300,AAPL
2025-02-04,231.3220672607422,231.64997406812495,225.21110156992967,225.80729852188347,45067300,AAPL
2025-02-05,230.99417114257812,231.19289841511937,226.82083777153602,227.0791817096477,39620300,AAPL
2025-02-06,231.73941040039062,232.31573010563136,228.96711414866223,229.8216550685821,29925300,AAPL
2025-02-07,226.1848907470703,232.51444580894437,225.81722939017394,231.1233398047693,39707200,AAPL
2025-02-10,226.45346069335938,229.378010419489,226.00582893863492,228.36338248973718,33115600,AAPL
2025-02-11,231.3973388671875,233.99362125199642,226.93094812871882,227.000572314181,53718400,AAPL
2025-02-12,235.62501525878906,235.71455375787428,229.4675472393098,229.98481838871234,45243300,AAPL
2025-02-13,240.26052856445312,241.06626881430705,234.33186254170715,235.66481592241834,53614100,AAPL
2025-02-14,243.31436157226562,244.2593652320747,239.72333552212132,239.9819634692372,40896200,AAPL
2025-02-18,243.18505859375,243.89131830963376,240.56887710589865,242.86673323889264,48822500,AAPL
2025-02-19,243.58294677734375,244.7169542759842,241.88194311867716,243.37405904734027,32204200,AAPL
2025-02-20,244.53790283203125,245.4829065325138,243.00598867544505,243.6525813389452,32316900,AAPL
2025-02-21,244.25938415527344,247.38287960480025,243.93111682470231,244.6572756706751,53197400,AAPL
2025-02-24,245.80123901367188,247.551982922016,243.1353173033831,243.64263125957103,51326400,AAPL
2025-02-25,245.74154663085938,248.68599549611233,243.62275227067275,246.69650753214344,48013300,AAPL
2025-02-26,239.09666442871094,243.6923767743236,237.87313357927937,243.04579925662603,44433600,AAPL
2025-02-27,236.05276489257812,241.18564780716906,235.81402085750776,238.1516754344793,41153600,AAPL
2025-02-28,240.56890869140625,240.8175947155692,228.99008801352306,235.70461066592262,56833400,AAPL
2025-03-03,236.77890014648438,242.7473638198223,234.8689935924468,240.51913191748446,47184000,AAPL
2025-03-04,234.68994140625,238.80819608105105,233.44651142335266,236.46059966619734,53798100,AAPL
2025-03-05,234.50094604492188,235.30668622205877,228.02515316620742,234.18262069274581,47227600,AAPL
2025-03-06,234.09310913085938,236.60981025581015,231.93451645578955,233.20778757123546,45170400,AAPL
2025-03-07,237.81346130371094,240.10136041796665,233.5261018066448,233.87426828677374,46273600,AAPL
2025-03-10,226.2843475341797,234.91873283818802,223.041487749586,234.30198127309518,72071200,AAPL
2025-03-11,219.67926025390625,224.65298022983382,216.30707871737093,222.63365113389432,76137400,AAPL
2025-03-12,215.83956909179688,220.58450266635003,213.78045671174684,218.98296406915986,62547500,AAPL
2025-03-13,208.5779266357422,215.70029772842102,207.3245545879158,214.81497612462363,61368300,AAPL
2025-03-14,212.36788940429688,212.82546311709572,208.47843695256688,210.13965751241793,60107600,AAPL
2025-03-17,212.87522888183594,214.08881784956162,208.86641153353526,212.18885305172668,48073400,AAPL
2025-03-18,211.57211303710938,214.019174884069,210.3784232206469,213.0343879953175,42432400,AAPL
2025-03-19,214.1087188720703,217.6102070663037,212.6265447449941,213.09407567170305,54385400,AAPL
2025-03-20,212.97470092773438,216.3468825511506,211.10457731145533,212.86527847830126,48862900,AAPL
2025-03-21,217.12277221679688,217.68976839110027,210.16950634984832,210.4480334492585,94127800,AAPL
2025-03-24,219.56983947753906,220.3158974796034,217.4311459430569,219.8384246082871,44299500,AAPL
2025-03-25,222.57398986816406,222.92215637067883,218.9232808837126,219.60965673355645,34493600,AAPL
2025-03-26,220.3656463623047,223.83730853242594,219.3112201065871,222.33523531503357,34466100,AAPL
2025-03-27,222.67344665527344,223.80745418869535,219.40073045135125,220.22636977863218,37094800,AAPL
2025-03-28,216.75473022460938,222.63367141455515,216.53588531144595,220.50491967808455,39818600,AAPL
2025-03-31,220.9624786376953,224.4341253115235,215.09348022110552,215.86937928840504,65299300,AAPL
2025-04-01,222.0169219970703,222.50433685640354,217.749461617725,218.65468232589998,36412700,AAPL
2025-04-02,222.71324157714844,224.00641185945875,219.8583310514353,220.15675729790527,35905900,AAPL
2025-04-03,202.1220245361328,206.39942653372108,200.19221885499383,204.45966369883956,103419000,AAPL
2025-04-04,187.389892578125,198.82944937179326,186.35535024633944,192.87092693410324,125910900,AAPL
2025-04-07,180.50625610351562,193.12954493623218,173.70219548773406,176.26863687444822,160466300,AAPL
2025-04-08,171.51377868652344,189.3395914266431,168.32065857366717,185.71872345097177,120859500,AAPL
2025-04-09,197.8048553466797,199.55559936553783,170.98654976711688,171.04623198001363,184395900,AAPL
2025-04-10,189.41915893554688,193.7562435722064,182.0381599544528,188.0762635840202,121880000,AAPL
2025-04-11,197.1085205078125,198.49121408156802,185.0820690088969,185.12186726950821,87435900,AAPL
2025-04-14,201.45555114746094,211.82078139531484,200.10269875392328,210.32866545443895,101352900,AAPL
2025-04-15,201.07754516601562,202.44033954558066,198.74984792281177,200.7990180691496,51343900,AAPL
2025-04-16,193.24893188476562,199.64512887500646,191.35890907242805,197.31743142832593,59732400,AAPL
2025-04-17,195.94467163085938,197.78495412822454,193.39812938355274,196.16351652823,52164700,AAPL
2025-04-21,192.14476013183594,192.78139570274652,188.8123615658979,192.25418258208256,46742500,AAPL
2025-04-22,198.69017028808594,200.53043756485187,194.93998119085117,195.08918671811182,52976400,AAPL
2025-04-23,203.52462768554688,206.9067512010516,201.7340854567431,204.9172632087338,52929200,AAPL
2025-04-24,207.27481079101562,207.73239972806866,201.87335793866913,203.81310578126346,47311000,AAPL
2025-04-25,208.1800079345703,208.64753879478604,205.11619481641537,205.2852994626612,38222300,AAPL
2025-04-28,209.03550720214844,210.38835967290976,206.3696005213303,208.89624364686077,38743100,AAPL
2025-04-29,210.09988403320312,211.12446912484504,207.27479957627347,207.59312493762445,36827600,AAPL
2025-04-30,211.3831024169922,212.4574277707069,205.5837430092506,208.19992461631293,52286500,AAPL
2025-05-01,212.1988067626953,213.43227966302132,207.80202473083082,207.98108655162656,57365700,AAPL
2025-05-02,204.27069091796875,205.9020705063368,201.09745506032002,205.0067917796952,101010600,AAPL
2025-05-05,197.84463500976562,203.02725796650907,197.1682163705072,202.03251395918386,69018500,AAPL
2025-05-06,197.4666290283203,199.59538061408486,195.98447015970467,197.1682179665783,51216500,AAPL
2025-05-07,195.218505859375,198.39174158064424,192.23427392267118,198.1231564563361,68536700,AAPL
2025-05-08,196.45199584960938,198.99853803284546,193.65675249053749,196.68078271707188,50478900,AAPL
2025-05-09,197.4865264892578,199.48595647897335,196.50172445806652,197.95405738682032,36453900,AAPL
2025-05-12,209.95704650878906,210.435160708662,205.93301745006437,210.13634313336473,63775800,AAPL
2025-05-13,212.08859252929688,212.55673652410627,208.17412935394688,209.59847136477597,51909300,AAPL
2025-05-14,211.490966796875,213.09460539099953,209.7478820292828,211.5905625216416,49325800,AAPL
2025-05-15,210.61444091796875,212.11848379882832,208.71198473801002,210.11641669484823,45029500,AAPL
2025-05-16,210.42520141601562,211.73003772257164,208.94109887256835,211.52086084946143,54737900,AAPL
2025-05-19,207.9550018310547,208.65223273202483,203.45285841572866,207.0884445111699,46140500,AAPL
2025-05-20,206.04258728027344,207.64622592622177,204.2198167548668,206.84938410987283,42496600,AAPL
2025-05-21,201.2914276123047,206.22186440009241,199.91689108628387,204.3592586621154,59211800,AAPL
2025-05-22,200.56431579589844,201.94882252859867,198.91087172706415,199.91689038506837,46742400,AAPL
2025-05-23,194.49839782714844,196.9187884239126,192.69555244631704,192.9047141233614,78432900,AAPL
2025-05-27,199.4188690185547,199.94677348688452,196.64984031499387,197.51641281084125,56288500,AAPL
2025-05-28,199.62803649902344,201.9289060786693,199.11008702875665,199.79736291846774,45339700,AAPL
2025-05-29,199.15988159179688,203.0046291598645,197.72556941325453,202.77554227533128,51396800,AAPL
2025-05-30,200.05633544921875,201.1619498266407,196.00241099917397,198.5821728136608,70819900,AAPL
2025-06-02,200.90298461914062,201.3312933884623,199.3292261245183,199.4885975362889,35423300,AAPL
2025-06-03,202.46676635742188,202.9647905668523,200.16589694161215,200.55435521702816,46381600,AAPL
2025-06-04,202.0185546875,205.42503857555045,201.30139858491114,202.10819540070028,43604000,AAPL
2025-06-05,199.83718872070312,203.9409031289377,199.35907456166248,202.69584267027508,55126100,AAPL
2025-06-06,203.11419677734375,204.8871617909174,201.2515910514923,202.19783403313102,46607700,AAPL
2025-06-09,200.65394592285156,205.18596915505242,199.22960401477,203.58233063284266,72862600,AAPL
2025-06-10,201.869140625,203.54250994980842,199.77744796710627,199.8073282051838,54672600,AAPL
2025-06-11,197.9945068359375,203.69190510411792,197.62597377823997,202.69585666840098,60989900,AAPL
2025-06-12,198.41285705566406,198.890956077424,196.58013147350607,198.29333609984755,43904600,AAPL
2025-06-13,195.6737060546875,199.57821397711425,194.92666975119658,198.94074360607502,51447300,AAPL
2025-06-16,197.6359405517578,197.90487790098294,195.78328974313985,196.52037110088898,43020700,AAPL
2025-06-17,194.86691284179688,197.60604600468164,194.43861931524052,196.42074594971083,38856200,AAPL
2025-06-18,195.80322265625,196.78931617646225,194.29919484122428,195.16575220236885,45394700,AAPL
2025-06-20,200.20574951171875,200.90298042554332,196.08210930882012,197.45666110928434,96813500,AAPL
2025-06-23,200.70376586914062,201.50060768152076,198.17380945321412,200.83325703321927,55814300,AAPL
2025-06-24,199.5084991455078,202.63609053842802,199.40888822531906,201.78944331230142,54064000,AAPL
2025-06-25,200.7635040283203,202.8651666655851,199.82721614273908,200.6539381013163,39525700,AAPL
2025-06-26,200.20574951171875,201.8392684520338,198.67184150130464,200.63404307360597,50799100,AAPL
2025-06-27,200.28543090820312,202.41697405518968,199.20969672208463,201.09222774816857,73188600,AAPL
2025-06-30,204.35926818847656,206.570497066428,198.47261792694385,201.21175129212304,91912800,AAPL
2025-07-01,206.99879455566406,209.35942450018746,205.3254252695324,205.85332972802502,78788900,AAPL
2025-07-02,211.6005401611328,212.49697770796604,207.31752868499885,208.08449026524102,67941800,AAPL
2025-07-03,212.70616149902344,213.80180573654258,210.97303162710094,211.31168447150716,34955800,AAPL
2025-07-07,209.12037658691406,215.37555986284275,207.97492690746134,211.83958469799765,50229000,AAPL
2025-07-08,209.18014526367188,210.59453234535175,207.62631199643187,209.26980118177752,42848900,AAPL
2025-07-09,210.3056640625,210.49491569520316,206.40115605631001,208.70202548866368,48749400,AAPL
2025-07-10,211.5706787109375,212.63644276910486,209.20007826975964,209.67817732396114,44443600,AAPL
2025-07-11,210.32559204101562,211.29176024279,209.03072603053,209.73792710960444,39765800,AAPL
2025-07-14,207.79563903808594,210.0765986782557,206.71990480407712,209.10046017794556,38840100,AAPL
2025-07-15,208.28369140625,211.05270487364396,208.09443976951917,208.39325734338402,42296300,AAPL
2025-07-16,209.3295440673828,211.5606828488181,207.8155461810567,209.4689902412225,47490500,AAPL
2025-07-17,209.1901092529297,210.9630743588066,208.7618004967043,209.7379389650813,48068100,AAPL
2025-07-18,210.34552001953125,210.95311022715865,208.87137245947412,210.03674740882613,48974600,AAPL
2025-07-21,211.64036560058594,214.92732845073886,210.7937335563828,211.2618775331451,51377400,AAPL
2025-07-22,213.55279541015625,214.1006251327807,211.39137195770533,212.29777975345726,46404100,AAPL
2025-07-23,213.3037872314453,214.29983576430007,211.5706725113145,214.15043456376964,46989300,AAPL
2025-07-24,212.91531372070312,214.83769515517375,212.68622683006964,213.05475989741393,46022600,AAPL
2025-07-25,213.0348663330078,214.38949295365802,212.55675209148805,213.85161823157193,40268800,AAPL
2025-07-28,213.2041778564453,214.00101967144602,212.2180844005514,213.18425263148458,37858000,AAPL
2025-07-29,210.43515014648438,213.96115480223384,209.9869314052821,213.33363944545516,51411700,AAPL
2025-07-30,208.2239227294922,211.55072076453234,206.89917652304968,211.06265157316113,45512500,AAPL
2025-07-31,206.74978637695312,209.01080544085684,206.3414028602417,207.66614913739534,80698400,AAPL
2025-08-01,201.58029174804688,212.73603143542957,200.7037642416869,210.03673342752194,104434500,AAPL
2025-08-04,202.54647827148438,207.058576977071,200.88306382200804,203.70188303605903,75109300,AAPL
2025-08-05,202.11813354492188,204.52856877803342,201.3611422546983,202.59623250724772,44155100,AAPL
2025-08-06,212.40733337402344,214.52892145014,204.77759854868273,204.81744899810374,108483100,AAPL
2025-08-07,219.16055297851562,219.9773200540019,215.7241886502616,218.01510326859565,90224800,AAPL
2025-08-08,228.44374084472656,230.08721487155407,218.38364441813084,219.95740294972967,113854000,AAPL
2025-08-11,226.53909301757812,228.91238364576833,224.12592192869855,227.27701087414155,61806100,AAPL
2025-08-12,229.00210571289062,230.14887046423402,226.42939779448272,227.36673308681236,55626200,AAPL
2025-08-13,232.6717529296875,234.33703985510917,229.77992501054072,230.4181341091737,69878500,AAPL
2025-08-14,232.12330627441406,234.4567012802976,230.19875827485632,233.39969406647393,51916300,AAPL
2025-08-15,230.93666076660156,233.61907447658757,228.69300821277216,233.3398655982593,56038700,AAPL
2025-08-18,230.23863220214844,232.46233685580373,229.46083388892833,231.04634466466607,37476200,AAPL
2025-08-19,229.90957641601562,232.21305735738468,228.70299840660482,230.6275464777077,39402600,AAPL
2025-08-20,225.3723907470703,229.81981519856654,225.13307755654054,229.33119207499826,42263900,AAPL
2025-08-21,224.26551818847656,225.88095827873425,223.14868274098328,225.63166356522294,30621200,AAPL
2025-08-22,227.11744689941406,228.44369658121065,224.77408575714253,225.53193619713707,42477800,AAPL
2025-08-25,226.5191650390625,228.65312729963858,225.59178073979155,225.84107546750252,30983100,AAPL
2025-08-26,228.6630859375,228.84258604761433,224.05612439304167,226.22996704217394,54575100,AAPL
2025-08-27,229.8397674560547,230.24859923631865,227.6160475796746,227.96506627689797,31259500,AAPL
2025-08-28,231.90391540527344,232.7515235304584,228.692998228932,230.16883391080088,38074700,AAPL
2025-08-29,231.485107421875,232.7216147258446,230.71727541448905,231.85405874294378,39418400,AAPL
2025-09-02,229.07192993164062,230.19874691737337,226.3296880547272,228.60325464814514,44075600,AAPL
2025-09-03,237.79725646972656,238.17618932549604,233.69885053091846,236.5408165177042,66427800,AAPL
2025-09-04,239.1035614013672,239.2232180033205,236.07214416452067,237.77731160532718,47549400,AAPL
2025-09-05,239.0137939453125,240.63920029193574,237.81718240373485,239.32291694518142,54870400,AAPL
2025-09-08,237.2089080810547,239.47249309970456,235.67324414176576,238.62490021245955,48999500,AAPL
2025-09-09,233.68887329101562,238.1063683630383,232.70166073618753,236.33139119913957,66313900,AAPL
2025-09-10,226.15020751953125,231.7643298806428,225.31258085277642,231.53498298240493,83440800,AAPL
2025-09-11,229.3810577392578,229.7998710451417,226.010588238333,226.23995033725743,50208600,AAPL
2025-09-12,233.40966796875,233.84841389514688,228.3739115767776,228.5733443098202,55824200,AAPL
2025-09-15,236.03224182128906,237.5180438551372,234.36695488957946,236.33139853346725,42699500,AAPL
2025-09-16,237.4781494140625,240.53949594661788,235.65332541334,236.51088466190768,63421100,AAPL
2025-09-17,238.3157958984375,239.42266510979977,237.05934071942244,238.2958480596019,46508000,AAPL
2025-09-18,237.2089080810547,240.51953392817583,235.98236714862816,239.2930082114909,44249600,AAPL
2025-09-19,244.80740356445312,245.60514967420656,239.53233423145286,240.54944568604057,163741300,AAPL
2025-09-22,255.35755920410156,255.9160073848096,247.42002368458668,247.5995237986898,105517400,AAPL
2025-09-23,253.71221923828125,256.6140134777918,252.86462630601793,255.15814081026073,60275200,AAPL
2025-09-24,251.59820556640625,255.01853710208397,250.33178410429736,254.49999981420794,42303700,AAPL
2025-09-25,256.1453552246094,256.44452717224715,250.99992334214926,252.4956917858775,55202100,AAPL
2025-09-26,254.73931884765625,256.87328100426123,253.06405044687503,253.38315498635407,46076300,AAPL
2025-09-29,253.71221923828125,254.28061851263055,252.29622703166862,253.84185736381545,40127700,AAPL
2025-09-30,253.9116668701172,255.1980209495745,252.39595068950493,254.1410137555297,37704300,AAPL
2025-10-01,254.72935485839844,258.05994405161016,254.21081755391603,254.3205078449461,48713900,AAPL
2025-10-02,256.40460205078125,257.45162766856953,253.43299812845933,255.85613542550084,42630200,AAPL
2025-10-03,257.2920837402344,258.5086431914624,253.23357360959045,253.9515436206674,49155600,AAPL
2025-10-06,255.96585083007812,258.3391414491699,254.33047806472084,257.2621712100349,44664100,AAPL
2025-10-07,255.75643920898438,256.67382669789566,254.70938317067183,256.0854948355218,31955800,AAPL
2025-10-08,257.3320007324219,257.7906945345413,255.38748958216482,255.79633660873378,36496900,AAPL
2025-10-09,253.3233184814453,257.2721535801604,252.42586356688122,257.082687156571,38322000,AAPL
2025-10-10,244.57806396484375,255.6567217403356,243.3116425485481,254.2207817432353,61999100,AAPL
2025-10-13,246.96131896972656,248.98559082884384,244.86723728717817,248.6764678182016,38142900,AAPL
2025-10-14,247.07101440429688,248.14796941642882,244.00966795095763,245.90431694508948,35478000,AAPL
2025-10-15,248.63658142089844,251.10959602979932,246.77186176083558,248.78616738422895,33893600,AAPL
2025-10-16,246.75192260742188,248.33743345063007,244.43847540742667,247.54966879270205,39777000,AAPL
2025-10-17,251.5782470703125,252.66518358811555,246.57242016484557,247.3203043073955,49147000,AAPL
2025-10-20,261.50018310546875,263.63416054313814,254.90884523128253,255.168106265739,90483000,AAPL
2025-10-21,262.0287170410156,264.54162761794373,261.0913663387469,261.1412435480521,46695900,AAPL
2025-10-22,257.72088623046875,262.1084670888602,254.70938662410154,261.9090191460537,45015300,AAPL
2025-10-23,258.8476867675781,259.8847613495841,257.28213901467177,259.206686997747,32754900,AAPL
2025-10-24,262.07855224609375,263.3848541030092,258.44880663072195,260.4531458541269,38253700,AAPL
2025-10-27,268.0516662597656,268.36078929414754,263.90339825112477,264.13276036080543,44888200,AAPL
2025-10-28,268.2411193847656,269.12862319727753,267.39351124836816,268.23113785786586,41534800,AAPL
2025-10-29,268.93914794921875,270.6443152614699,266.35642794866993,268.5203194424725,51086700,AAPL
2025-10-30,270.63433837890625,273.36662916750566,267.72259312931254,271.2226702585742,69886500,AAPL
2025-10-31,269.6072692871094,276.53767519933945,268.40069127196034,276.2085891024436,86167100,AAPL
2025-11-03,268.29095458984375,270.08589475979994,265.49886601188945,269.65711516237894,50194600,AAPL
2025-11-04,269.2781982421875,270.72408938596277,266.86501191822913,267.5730004152706,49274800,AAPL
2025-11-05,269.3779296875,270.9335263776032,266.17696342424256,267.8522167164328,43683100,AAPL
2025-11-06,269.0089416503906,272.6287059365568,267.1342708755924,267.1342708755924,51204000,AAPL
2025-11-07,267.7126159667969,271.5218466038475,266.0173996929098,269.03885049148494,48227400,AAPL
2025-11-10,268.93035888671875,273.22240319845355,266.96401085683,268.46122924118225,41312400,AAPL
2025-11-11,274.73956298828125,275.3983427074405,269.2996575494418,269.3096487524697,46208300,AAPL
2025-11-12,272.9628601074219,275.2186787593472,271.19615348009904,274.49002155435767,48398000,AAPL
2025-11-13,272.44384765625,276.1868935731559,271.5854266195937,273.6016697208788,49602800,AAPL
2025-11-14,271.9048156738281,275.44821996704485,269.10002929321837,270.54732197227213,47431300,AAPL
2025-11-17,266.9639892578125,269.98836893107386,265.237217022597,268.3214829895084,45018300,AAPL
2025-11-18,266.9440612792969,270.2079864201871,264.8279974843966,269.48932037088264,45677300,AAPL
2025-11-19,268.06195068359375,271.7051756343288,265.00762791735707,265.0375710636542,40424500,AAPL
2025-11-20,265.7562561035156,274.91922505965954,265.42688147061517,270.327749378444,45823600,AAPL
2025-11-21,270.98651123046875,272.8230952896135,265.17732758833057,265.4568071090486,59030800,AAPL
2025-11-24,275.4083251953125,276.4863089537433,270.397615191446,270.397615191446,65585800,AAPL
2025-11-25,276.4563903808594,279.8600705608694,274.73957871594786,274.75953066216096,46914200,AAPL
2025-11-26,277.0352783203125,279.01161742605893,276.1170014953278,276.44637611579356,33431400,AAPL
2025-11-28,278.3328857421875,278.4826014787427,275.4781737009374,276.7458380127342,20135600,AAPL
2025-12-01,282.57501220703125,282.89442609469603,275.62792768573877,277.4944549964911,46587700,AAPL
2025-12-02,285.6592712402344,286.86701880065203,282.10587559562896,282.47518456741903,53669500,AAPL
2025-12-03,283.623046875,288.0847586222564,282.77461708045536,285.6692634925469,43538700,AAPL
2025-12-04,280.179443359375,284.20196835267484,278.07334059490756,283.5731318378766,43989100,AAPL
2025-12-05,278.26300048828125,280.6186397013617,277.53434330937836,280.01974631085085,47265800,AAPL
2025-12-08,277.3746643066406,279.15136205700173,275.6378704438954,277.6142094762677,38211800,AAPL
2025-12-09,276.66595458984375,279.5106752769474,276.40645748061854,277.64414811825674,32193300,AAPL
2025-12-10,278.26300048828125,279.2312028389952,275.92734368017386,277.23491184461454,33038300,AAPL
2025-12-11,277.514404296875,279.07150890817053,273.3022288840155,278.5824273392719,33248000,AAPL
2025-12-12,277.7639465332031,278.70220580092337,276.30666253778065,277.38464634485007,39532900,AAPL
2025-12-15,273.6016540527344,279.63046152672615,272.33402020742307,279.63046152672615,50409100,AAPL
2025-12-16,274.1007385253906,274.9891026980292,271.2859911871425,272.3140798989353,37648600,AAPL
2025-12-17,271.33587646484375,275.6478724530811,271.13626563598973,274.50001118897205,50138700,AAPL
2025-12-18,271.68524169921875,273.12257373871984,266.4549687260805,273.1025913325419,51630700,AAPL
2025-12-19,273.1625061035156,274.09077415448866,269.399477884542,271.6453053723066,144632000,AAPL
2025-12-22,270.4674987792969,273.37210596231955,270.00836035897595,272.3539780142796,36571800,AAPL
2025-12-23,271.85491943359375,271.99467443806464,269.06012395403746,270.3377490962612,29642000,AAPL
2025-12-24,273.3022155761719,274.9192064044749,271.69521595033444,271.8349404799371,17910600,AAPL
2025-12-26,272.8929748535156,274.859322715931,272.35396775197984,273.65157518449314,21521800,AAPL
2025-12-29,273.2523498535156,273.8512128461511,271.8449608988494,272.1843267483383,23715200,AAPL
2025-12-30,272.5735778808594,273.5717234473003,271.77507361210075,272.304089543875,22139600,AAPL
