Date,Close,High,Low,Open,Volume,Ticker
2018-01-02,21.086660385131836,21.125357132295175,20.341152262124563,20.514892974777773,33135000,AVGO
2018-01-03,21.3172607421875,21.38043931556093,21.009265385279026,21.108771299425577,31161000,AVGO
2018-01-04,21.32437515258789,21.46178855196734,21.198807268442255,21.44836293176401,19067000,AVGO
2018-01-05,21.450727462768555,21.65921691877793,21.279354648997764,21.478367996232215,28633000,AVGO
2018-01-08,21.502056121826172,21.524168545615304,21.248552547301966,21.39544200443034,20971000,AVGO
2018-01-09,21.204334259033203,21.62684135146838,21.17985242422266,21.564452062351418,26027000,AVGO
2018-01-10,20.756555557250977,21.01795671604704,20.590710825031678,21.00532039613543,31607000,AVGO
2018-01-11,20.809471130371094,20.83711167320774,20.655473389910743,20.814999238938423,17726000,AVGO
2018-01-12,20.871854782104492,20.95319628345812,20.691795146379043,20.80077868938635,19881000,AVGO
2018-01-16,20.789724349975586,21.085874260908025,20.664156474430595,20.94214195779175,33528000,AVGO
2018-01-17,20.991899490356445,21.048760683281486,20.569392312727466,20.96583905170122,37365000,AVGO
2018-01-18,21.306991577148438,21.32752540213044,20.886854033295336,20.964247513897988,30319000,AVGO
2018-01-19,21.037694931030273,21.27856370947018,21.01242380328253,21.255661985307537,29963000,AVGO
2018-01-22,20.699691772460938,21.067707032884435,20.58202142427119,20.979257323521768,27230000,AVGO
2018-01-23,20.762081146240234,20.881330093324653,20.383798969612364,20.670471227160565,35398000,AVGO
2018-01-24,20.28508186340332,20.791299784970366,20.217164478036263,20.609661562080703,45405000,AVGO
2018-01-25,19.529308319091797,20.362476913059805,19.5064065912646,20.35457940194444,59520000,AVGO
2018-01-26,19.80571937561035,19.81835419103261,19.367417206849122,19.697525107352117,49014000,AVGO
2018-01-29,19.385581970214844,19.7030535544578,19.22921482945163,19.607495606275297,50401000,AVGO
2018-01-30,19.030986785888672,19.35082921482377,18.71746326976379,19.052309915743596,46002000,AVGO
2018-01-31,19.587749481201172,19.991302838113924,19.33740453692661,19.74332729797142,80482000,AVGO
2018-02-01,18.8580322265625,19.419532683895127,18.80354046210659,19.089424900722815,66851000,AVGO
2018-02-02,18.596633911132812,18.792487066594944,18.486861066655617,18.69850924444592,58352000,AVGO
2018-02-05,18.01380729675293,19.26948274704355,17.97432125368054,18.533452299850463,70776000,AVGO
2018-02-06,18.98360252380371,18.985182628522015,17.76109553699368,17.81795671240945,77744000,AVGO
2018-02-07,18.746681213378906,19.19840734634762,18.71667127731147,18.855663238395977,40475000,AVGO
2018-02-08,18.129901885986328,18.83671180842574,18.125163078057724,18.747472794782315,43200000,AVGO
2018-02-09,18.59820556640625,18.72614278942826,17.86770337884999,18.384188064535255,43282000,AVGO
2018-02-12,19.301074981689453,19.386365989211086,18.756158788799308,18.78458862254113,35063000,AVGO
2018-02-13,19.416378021240234,19.429803640370455,18.958332891154818,19.033356992133037,23719000,AVGO
2018-02-14,19.558528900146484,19.636711699247385,19.228419564230965,19.348459322745697,25491000,AVGO
2018-02-15,19.887849807739258,19.888639107053873,19.303447473790943,19.686467016578828,25540000,AVGO
2018-02-16,19.655662536621094,19.93048925451708,19.588535961651697,19.843619657868214,32639000,AVGO
2018-02-20,19.713314056396484,20.196630242138685,19.547470857875567,19.644607373252665,41693000,AVGO
2018-02-21,19.634342193603516,20.017363194921636,19.620916575447357,19.93996969544183,28156000,AVGO
2018-02-22,19.69199562072754,19.988145551184086,19.606704597410886,19.673832698255183,19342000,AVGO
2018-02-23,20.036319732666016,20.1405644830909,19.766230239494412,19.91233195499178,18280000,AVGO
2018-02-26,19.976299285888672,20.093969653059077,19.822301568841176,19.898114972111234,28878000,AVGO
2018-02-27,19.88627052307129,20.191107269986823,19.876003606372212,19.90838295516379,21176000,AVGO
2018-02-28,19.463762283325195,20.09791757711669,19.425854828690532,20.06553973648361,28834000,AVGO
2018-03-01,19.214994430541992,19.673830346854157,19.05704872362058,19.416377202709334,26044000,AVGO
2018-03-02,19.81203269958496,19.83651453228998,18.97175739534382,18.98755091136622,27402000,AVGO
2018-03-05,19.504823684692383,19.84914788963883,19.22367805329714,19.735425553469064,25900000,AVGO
2018-03-06,19.819143295288086,19.845993028903667,19.531680180958126,19.6888366049309,30030000,AVGO
2018-03-07,19.51035499572754,19.695942745022453,19.295548111629504,19.63987086683676,31549000,AVGO
2018-03-08,19.502458572387695,19.609072721145214,19.421115557352113,19.605914017717016,33554000,AVGO
2018-03-09,20.041841506958008,20.081327548978404,19.55615595988656,19.631180042243695,30782000,AVGO
2018-03-12,20.757343292236328,20.872644242416353,20.50304885868863,20.58439186696629,53881000,AVGO
2018-03-13,20.629404067993164,21.62683717685007,20.55122127658709,21.040854865691507,66855000,AVGO
2018-03-14,20.579652786254883,20.717855462276862,20.150037529183965,20.69100573257559,39619000,AVGO
2018-03-15,21.145891189575195,21.23592100938714,20.809465950141398,20.827628870171722,57990000,AVGO
2018-03-16,20.12792205810547,20.817359748165543,20.09159471822821,20.76997468958203,113955000,AVGO
2018-03-19,19.34450912475586,20.255860411854666,19.172347017615433,19.988140389539634,71267000,AVGO
2018-03-20,19.139968872070312,19.589327138022835,19.05467786545651,19.35635584476879,61918000,AVGO
2018-03-21,19.712106704711914,20.079905469686288,19.23613156268009,19.277799466545886,54912000,AVGO
2018-03-22,19.517383575439453,19.76979504487684,19.351512875564183,19.393981631437637,43078000,AVGO
2018-03-23,19.430038452148438,19.649596105345232,19.26416929737841,19.502156007567628,59070000,AVGO
2018-03-26,19.850725173950195,19.93886766616307,19.27218298754293,19.84591692924312,48713000,AVGO
2018-03-27,19.58148956298828,20.373178033466697,19.359527746312786,19.87877393599739,63917000,AVGO
2018-03-28,18.965282440185547,19.786621127082668,18.878741676078306,19.558249369061503,41744000,AVGO
2018-03-29,18.882749557495117,19.2986260607284,18.811432862124317,19.07826752869234,46874000,AVGO
2018-04-02,18.244110107421875,18.920411348750328,18.06461858816056,18.746528939465925,53088000,AVGO
2018-04-03,18.973299026489258,18.989325492993473,18.206451097515014,18.49892723356107,45569000,AVGO
2018-04-04,18.990121841430664,19.06464351742077,18.389945638755673,18.434016118609126,37720000,AVGO
2018-04-05,18.935638427734375,19.365938200058505,18.83066705947399,19.292218899853626,35798000,AVGO
2018-04-06,18.339466094970703,18.954067164018067,18.25052119466687,18.728900358099065,30248000,AVGO
2018-04-09,18.809833526611328,19.204074506325448,18.37071813604318,18.42841096874363,37494000,AVGO
2018-04-10,19.21128273010254,19.356318702097,19.043810321705294,19.196057132047734,33244000,AVGO
2018-04-11,19.256954193115234,19.289007114686395,18.997331947532007,19.080667709576115,19922000,AVGO
2018-04-12,19.185640335083008,19.442858476063265,18.99893495823419,19.34590036864748,41036000,AVGO
2018-04-13,19.78742218017578,20.19288285037384,19.623955611586563,20.032621268875754,48312000,AVGO
2018-04-16,19.98214340209961,20.02381129960832,19.68646226694097,19.959706959469383,25172000,AVGO
2018-04-17,20.172046661376953,20.26099154219119,20.00377338868386,20.103936487677636,25084000,AVGO
2018-04-18,19.999774932861328,20.166446550680163,19.82909746177705,20.11275955806084,20511000,AVGO
2018-04-19,19.460491180419922,19.73453823977514,19.284204644103948,19.514980552057015,50141000,AVGO
2018-04-20,19.00054168701172,19.359526245224824,18.83146599867454,19.32907657346219,41530000,AVGO
2018-04-23,18.70646095275879,19.096697547219115,18.59988787358753,19.070253729410123,31337000,AVGO
2018-04-24,18.30100440979004,18.920412185630127,18.164782506453406,18.889962511784628,44889000,AVGO
2018-04-25,18.34988021850586,18.518155026797555,18.098271163276312,18.34988021850586,34023000,AVGO
2018-04-26,18.463668823242188,18.580659274557853,18.293792256559605,18.510144963524606,32751000,AVGO
2018-04-27,18.652772903442383,18.76655834318042,18.48610135950878,18.716076361225696,27211000,AVGO
2018-04-30,18.383541107177734,18.760155481419158,18.295398585682065,18.636753505936127,39682000,AVGO
2018-05-01,18.460464477539062,18.498124992929785,18.138339528640486,18.498124992929785,44947000,AVGO
2018-05-02,18.32904815673828,18.70566089789544,18.17359481530786,18.69444267854965,52950000,AVGO
2018-05-03,18.049400329589844,18.26014400018954,17.843464906174137,18.14876262009393,58011000,AVGO
2018-05-04,18.471683502197266,18.59748806119375,17.787368936403226,17.92118672906655,51303000,AVGO
2018-05-07,18.90839385986328,18.98291555371795,18.510145489523346,18.53418366095726,36953000,AVGO
2018-05-08,19.13916778564453,19.147981882809017,18.816242007650867,18.88996130063365,40149000,AVGO
2018-05-09,19.075061798095703,19.161602561127577,18.754540170502164,18.894767904959437,35031000,AVGO
2018-05-10,19.5125789642334,19.530207161644686,19.11993967663524,19.209685450173545,25747000,AVGO
2018-05-11,19.502159118652344,19.591906409105654,19.35952724271402,19.47812094858968,24052000,AVGO
2018-05-14,19.61273956298828,19.906016547245503,19.53581375081752,19.73453825613602,27580000,AVGO
2018-05-15,19.357921600341797,19.587094204592223,19.111119276125322,19.41641681250135,24984000,AVGO
2018-05-16,19.272186279296875,19.408408185112307,19.150387581698524,19.40279907478522,29330000,AVGO
2018-05-17,19.18724822998047,19.364337175268947,19.07105863666117,19.080675128218417,22825000,AVGO
2018-05-18,18.909996032714844,19.280999694329548,18.901180406769125,19.22010034768719,25262000,AVGO
2018-05-21,19.155200958251953,19.27138904827811,18.964489627678116,19.18805323584778,25720000,AVGO
2018-05-22,19.110321044921875,19.341095410190594,19.03740108955056,19.250548789159428,19218000,AVGO
2018-05-23,19.276195526123047,19.281804637437876,18.91320502053886,18.929229961175363,23454000,AVGO
2018-05-24,19.514177322387695,19.58068577096847,19.231316199751472,19.30022877071522,22799000,AVGO
2018-05-25,20.03502655029297,20.087111796548086,19.555044171080745,19.555044171080745,32214000,AVGO
2018-05-29,20.007781982421875,20.121567437424428,19.91002299226313,19.923645334543586,28281000,AVGO
2018-05-30,19.984548568725586,20.19529066181321,19.978939457775088,20.12718046551946,26844000,AVGO
2018-05-31,20.19849395751953,20.456513020102268,19.952492451441284,19.973327162145747,34698000,AVGO
2018-06-01,20.540651321411133,20.649628535773747,20.236154590313372,20.382793845772763,26360000,AVGO
2018-06-04,20.703310012817383,20.782639926123732,20.531830239902526,20.673661212350574,25886000,AVGO
2018-06-05,20.774633407592773,20.9421058551214,20.676874407800174,20.790658345647984,42374000,AVGO
2018-06-06,21.115983963012695,21.136818670779025,20.81068794038597,20.893221321701226,37465000,AVGO
2018-06-07,21.208938598632812,21.353173726363856,21.067908458216355,21.074318432845523,46077000,AVGO
2018-06-08,20.671262741088867,20.828317813183514,20.33231050715817,20.572701360306077,73694000,AVGO
2018-06-11,20.900436401367188,20.978163076520477,20.539047710815517,20.66244813066522,31859000,AVGO
2018-06-12,20.948514938354492,20.972554636965636,20.705719943016742,20.860372433516094,27594000,AVGO
2018-06-13,21.120803833007812,21.320329282434997,20.890828698185693,20.974966911842095,34868000,AVGO
2018-06-14,21.5118350982666,21.560713836358474,21.162465449399434,21.23458302344662,37042000,AVGO
2018-06-15,21.65365982055664,21.780265206528135,21.34114991452734,21.638434222634842,60969000,AVGO
2018-06-18,21.194517135620117,21.555103456252386,21.172881559006516,21.555103456252386,30191000,AVGO
2018-06-19,21.190458297729492,21.20507647133177,20.63826523120947,20.78849414752709,36221000,AVGO
2018-06-20,21.21238136291504,21.439756043490167,21.17340266923207,21.235118676086223,24951000,AVGO
2018-06-21,21.084888458251953,21.322007022968677,20.986630125830505,21.2416148275368,18186000,AVGO
2018-06-22,21.089759826660156,21.235115981867597,21.02885543189989,21.209130705663615,52412000,AVGO
2018-06-25,20.497777938842773,20.82259780921413,20.336178833603164,20.82259780921413,29705000,AVGO
2018-06-26,20.426311492919922,20.675611824811476,20.345919310992453,20.544870755362506,24233000,AVGO
2018-06-27,20.066577911376953,20.720278735027403,20.0454638078352,20.470978356229754,24720000,AVGO
2018-06-28,19.887117385864258,20.083634085888136,19.673547698976915,19.99918075603188,33238000,AVGO
2018-06-29,19.703594207763672,20.05358779144568,19.69790987877854,20.05358779144568,42794000,AVGO
2018-07-02,19.655681610107422,19.669486629211317,19.279702774432025,19.496520411508055,33369000,AVGO
2018-07-03,19.431556701660156,19.764497275782155,19.408006233989614,19.762060913687726,11591000,AVGO
2018-07-05,19.927717208862305,19.944770192616854,19.544429327678316,19.63456697005613,25299000,AVGO
2018-07-06,20.112865447998047,20.187574870721217,19.848136825358914,19.887115519922016,23112000,AVGO
2018-07-09,20.092561721801758,20.238731031797588,19.938271722488036,20.220053291480124,17955000,AVGO
2018-07-10,20.34674072265625,20.44743544851,20.06171108312453,20.166465380695232,16413000,AVGO
2018-07-11,19.768550872802734,20.101491346312844,19.70115055439046,19.8911712516993,35761000,AVGO
2018-07-12,17.05143165588379,17.075793722636217,16.03474556567928,16.81593787272916,435083000,AVGO
2018-07-13,16.44076919555664,17.377874615979216,16.395294580921274,17.2560673912255,161678000,AVGO
2018-07-16,16.504928588867188,16.759100196305507,16.284049803587564,16.370939500274275,102277000,AVGO
2018-07-17,16.915821075439453,16.979161835710794,16.40423001398002,16.420471393420176,110827000,AVGO
2018-07-18,16.953990936279297,17.04331698895266,16.779399950888696,16.82731094387221,80834000,AVGO
2018-07-19,17.083106994628906,17.17324465018493,16.893899388177115,16.91420034101533,63247000,AVGO
2018-07-20,17.079853057861328,17.151312944464234,16.952359958920532,17.061175320415362,62893000,AVGO
2018-07-23,17.598758697509766,17.75467193099604,17.085542819623385,17.08635442402964,82211000,AVGO
2018-07-24,17.649105072021484,17.89678072391383,17.540291221257014,17.6864605600042,81158000,AVGO
2018-07-25,18.349903106689453,18.567532330307134,17.679149298475593,17.679149298475593,92271000,AVGO
2018-07-26,18.123342514038086,18.658482531721333,17.992601413235896,18.39294230824656,85069000,AVGO
2018-07-27,17.950374603271484,18.619505231404652,17.870794007102187,18.1907411493773,79443000,AVGO
2018-07-30,18.286563873291016,18.51637492542228,17.950375336752597,17.955248060882194,75275000,AVGO
2018-07-31,18.00884246826172,18.582962718469144,17.99016472595248,18.407558598451338,63860000,AVGO
2018-08-01,17.60525131225586,18.185054266031614,17.556528726386492,18.12983574840982,42669000,AVGO
2018-08-02,17.568706512451172,17.723808090463702,17.316971380556524,17.399799919760788,40312000,AVGO
2018-08-03,17.687273025512695,17.702701254798324,17.410364111935422,17.519991121332822,24832000,AVGO
2018-08-06,17.617435455322266,17.72787406377544,17.528922557445966,17.591450173720943,22638000,AVGO
2018-08-07,17.89028549194336,18.014529124975557,17.632865930181143,17.801772590565943,29798000,AVGO
2018-08-08,17.821252822875977,17.964985744057966,17.779839328694315,17.908955631408492,15801000,AVGO
2018-08-09,17.58738899230957,17.885410422299387,17.535416885002327,17.877289732130652,27563000,AVGO
2018-08-10,17.234146118164062,17.41685777669277,17.090413153303253,17.28124550208471,37017000,AVGO
2018-08-13,17.140766143798828,17.376261592029625,17.089607172349357,17.1870539385844,29842000,AVGO
2018-08-14,16.833799362182617,17.18135796891422,16.796445439124515,17.18135796891422,36327000,AVGO
2018-08-15,16.77533721923828,16.856541016700195,16.465945608682723,16.657589544510092,41132000,AVGO
2018-08-16,16.94667625427246,16.96048126961098,16.784267133510554,16.87196839947183,29239000,AVGO
2018-08-17,16.993778228759766,17.14969144224087,16.688447733940844,16.88821236154707,39093000,AVGO
2018-08-20,16.786706924438477,17.053058742312523,16.71687022930035,17.010832083492176,54489000,AVGO
2018-08-21,17.09447479248047,17.169994271286374,16.81837751094754,16.851671877336884,29952000,AVGO
2018-08-22,16.853294372558594,17.191919252851534,16.844362078046228,17.089601344842716,26890000,AVGO
2018-08-23,16.6949462890625,16.978352670208608,16.669772611973205,16.868725666535248,35578000,AVGO
2018-08-24,16.97185516357422,16.993780874049786,16.621049991418822,16.756662276414488,20541000,AVGO
2018-08-27,17.294240951538086,17.407927530729268,16.941811007181943,17.073362177713605,28213000,AVGO
2018-08-28,17.41280174255371,17.53704538581457,17.261759661129652,17.429041577494246,24340000,AVGO
2018-08-29,17.458271026611328,17.524046597333168,17.333214268289524,17.44365440521349,18125000,AVGO
2018-08-30,17.593069076538086,17.616617988142377,17.427410444557214,17.456643683022055,26529000,AVGO
2018-08-31,17.786340713500977,17.809889631094602,17.528108028886404,17.542726200699654,27623000,AVGO
2018-09-04,17.818824768066406,17.888659921548083,17.632051975906744,17.750611274576197,36663000,AVGO
2018-09-05,17.980422973632812,18.011280980470193,17.831005663910616,17.861052066291702,37194000,AVGO
2018-09-06,17.537853240966797,18.094107351997774,17.37138296472264,17.986916719988237,62509000,AVGO
2018-09-07,18.88667106628418,19.11648213828736,18.18993186117521,18.206173243769367,104703000,AVGO
2018-09-10,19.538740158081055,19.56634863765431,18.843624469095847,19.055569307038336,60880000,AVGO
2018-09-11,18.884235382080078,19.46485166532951,18.709645933946188,19.30244248014684,60755000,AVGO
2018-09-12,18.668228149414062,18.746183989343812,18.094921036849698,18.52287042424017,53077000,AVGO
2018-09-13,19.117290496826172,19.42587051826725,18.76810857465701,18.976805504080357,43757000,AVGO
2018-09-14,19.192001342773438,19.252904198397157,18.976806916085593,19.09617936301664,28095000,AVGO
2018-09-17,19.069379806518555,19.513572103876854,19.02715314760606,19.489210033743902,36739000,AVGO
2018-09-18,19.613447189331055,19.750077654757312,19.21582750464386,19.226463820285794,50511000,AVGO
2018-09-19,19.781986236572266,19.83925630359903,19.616719179662088,19.67399080718114,31160000,AVGO
2018-09-20,20.03888511657715,20.12969953164452,19.77626048948631,19.8801643147122,39986000,AVGO
2018-09-21,20.298234939575195,20.353051909593642,20.059336067619377,20.15342282386289,135321000,AVGO
2018-09-24,20.408687591552734,20.46186761196144,20.23360502604917,20.294147449588497,45326000,AVGO
2018-09-25,20.26142120361328,20.400506333244973,20.110064361526344,20.370235901123042,47037000,AVGO
2018-09-26,20.079795837402344,20.294151356334307,20.028252763596086,20.09697686200443,33428000,AVGO
2018-09-27,20.163240432739258,20.280235208636732,20.037244738279416,20.10106106362757,29572000,AVGO
2018-09-28,20.186147689819336,20.205783361449942,19.950521190744116,20.088788589999456,26739000,AVGO
2018-10-01,20.413597106933594,20.628770284791567,20.263057964333942,20.28023898580221,27709000,AVGO
2018-10-02,20.298234939575195,20.593586177375563,20.28350857467927,20.383322337298544,24888000,AVGO
2018-10-03,20.406232833862305,20.562498981248932,20.211514593507363,20.356326726755466,19607000,AVGO
2018-10-04,20.303964614868164,20.431595728230054,20.14279071724783,20.180425112593767,25660000,AVGO
2018-10-05,19.981611251831055,20.457772006520976,19.831889838002013,20.321960819205792,33860000,AVGO
2018-10-08,19.747623443603516,20.078973708444572,19.666627648493336,19.906344241851176,33397000,AVGO
2018-10-09,20.02006721496582,20.104336925274286,19.665810473449085,19.683809192731665,24675000,AVGO
2018-10-10,18.96711540222168,20.05034228803392,18.95156977459499,19.875258135407986,56327000,AVGO
2018-10-11,18.72739601135254,19.275554905671576,18.58749317409381,18.978568208341517,37424000,AVGO
2018-10-12,19.058740615844727,19.281276147777454,18.74457142915258,19.206825071185232,32589000,AVGO
2018-10-15,19.019472122192383,19.253463261460208,18.820662281882147,18.901659634838165,30099000,AVGO
2018-10-16,19.498088836669922,19.53408627251254,19.15937462502368,19.30827835857399,30355000,AVGO
2018-10-17,19.40399932861328,19.614264726614827,19.138102384343988,19.614264726614827,20262000,AVGO
2018-10-18,18.655397415161133,19.375366454550296,18.53349331286637,19.26164401367377,37442000,AVGO
2018-10-19,18.676666259765625,18.90656576858406,18.56621774501829,18.81738832259426,32231000,AVGO
2018-10-22,18.70448112487793,19.01619563649746,18.657029685260564,18.86320188344019,25619000,AVGO
2018-10-23,18.73966407775879,18.779753119848248,17.90269882055538,18.22913972377594,35990000,AVGO
2018-10-24,17.893701553344727,18.52367540934225,17.822522818798912,18.5228561508932,37810000,AVGO
2018-10-25,18.18250846862793,18.2765952317971,17.929700911080264,17.98942563346551,35193000,AVGO
2018-10-26,17.438812255859375,17.7816149675711,17.11564365856505,17.636802840419584,53324000,AVGO
2018-10-29,17.3038272857666,17.89207549695081,17.036293204645,17.687538527708906,28636000,AVGO
2018-10-30,18.081876754760742,18.12687511443748,17.262911602219926,17.490356494701672,29697000,AVGO
2018-10-31,18.284780502319336,18.463135446215784,18.13914908873514,18.40832002183436,28146000,AVGO
2018-11-01,18.807567596435547,19.163461173544732,18.303588022847595,18.421402037644206,36830000,AVGO
2018-11-02,18.062238693237305,18.487675687916678,17.815158157153387,18.435314931875627,40241000,AVGO
2018-11-05,18.00660514831543,18.08923789098099,17.484626754444275,17.919063097236258,27609000,AVGO
2018-11-06,18.674219131469727,18.748670236642425,17.976338721636914,18.02379174316692,29464000,AVGO
2018-11-07,19.1773738861084,19.250188012376316,18.752754597146357,18.980199455417747,29004000,AVGO
2018-11-08,19.655994415283203,19.849894983555245,19.039111404842455,19.039111404842455,29796000,AVGO
2018-11-09,19.552906036376953,19.555360690952856,19.025200556838076,19.22646506664547,33611000,AVGO
2018-11-12,18.296228408813477,18.970381283408294,18.022148257440232,18.899202557145674,50306000,AVGO
2018-11-13,18.3944149017334,18.802671060666917,18.189060274827906,18.448412638403287,26697000,AVGO
2018-11-14,18.506494522094727,18.860751240960052,18.45904151189291,18.55231057587898,25411000,AVGO
2018-11-15,19.33609962463379,19.57908860793651,18.478680726843546,18.508133464064304,36694000,AVGO
2018-11-16,19.440000534057617,19.57008629808277,18.95238568420085,19.129922899876355,36005000,AVGO
2018-11-19,18.746212005615234,19.723897927205257,18.697941295135596,19.351640911861516,35326000,AVGO
2018-11-20,18.63003921508789,18.742126286943055,18.21032909025962,18.321596903431207,32123000,AVGO
2018-11-21,18.8173885345459,19.088194788136406,18.6136694005545,18.83538725142748,19926000,AVGO
2018-11-23,18.8092098236084,19.037472414507842,18.61939932671175,18.61939932671175,8066000,AVGO
2018-11-26,19.2518253326416,19.484179503748198,18.944202379622855,19.162647883540682,28714000,AVGO
2018-11-27,19.29436683654785,19.5021760018223,19.01537894757897,19.11028339234086,30406000,AVGO
2018-11-28,19.244461059570312,19.471905918474555,18.94992908056376,19.34918413051414,31080000,AVGO
2018-11-29,19.290271759033203,19.523445120111187,19.04319129534098,19.166732307432973,17920000,AVGO
2018-11-30,19.423633575439453,19.494812300084014,19.09473958595704,19.259187360944278,40083000,AVGO
2018-12-03,19.804895401000977,20.211514460740002,19.755805431736285,20.06097532141151,35241000,AVGO
2018-12-04,18.984291076660156,19.727987325949446,18.946656686394324,19.675625010347588,36455000,AVGO
2018-12-06,18.591581344604492,18.5923990425416,17.80370441432458,18.509766296618505,57859000,AVGO
2018-12-07,18.699575424194336,19.494813139124453,18.367407508059472,19.148738117091405,78396000,AVGO
2018-12-10,19.574174880981445,19.661716935261616,18.53185501142836,18.649669054709776,43344000,AVGO
2018-12-11,20.19515037536621,20.481502276632103,19.91534317889162,19.918617091779595,57730000,AVGO
2018-12-12,20.86111831665039,21.287372967124988,20.617311717346702,20.653309148382483,68703000,AVGO
2018-12-13,21.13274574279785,21.394552642080367,20.828395144357316,21.14583671195886,54355000,AVGO
2018-12-14,20.84885597229004,21.401924259147183,20.832492645109543,20.892217384874858,42727000,AVGO
2018-12-17,20.791584014892578,21.379831997759084,20.705678895671856,20.780129998996482,56238000,AVGO
2018-12-18,20.641931533813477,21.131379355907544,20.57083064295882,21.08921366391494,51849000,AVGO
2018-12-19,20.164066314697266,21.159496444743926,20.050799696373005,20.586544950612325,59728000,AVGO
2018-12-20,19.99870491027832,20.545199949482818,19.71429662646846,20.20622495089004,75365000,AVGO
2018-12-21,20.248390197753906,20.81307364784743,19.998706029654475,19.998706029654475,102138000,AVGO
2018-12-24,19.329849243164062,20.148351547790114,19.305873508759916,20.007800822210847,28494000,AVGO
2018-12-26,20.51543617248535,20.54520083988888,19.305047890723788,19.65890444924112,36741000,AVGO
2018-12-27,20.73948860168457,20.770905895319963,20.019374522089343,20.25582975029053,37507000,AVGO
2018-12-28,20.966026306152344,21.335592321862787,20.765121491986168,20.91724694149086,28702000,AVGO
2018-12-31,21.0230712890625,21.371968365721752,20.747757197221663,21.316575336967812,26590000,AVGO
2019-01-02,20.95941734313965,21.057802409078903,20.379025877857664,20.574143380322738,30346000,AVGO
2019-01-03,19.095048904418945,20.383153324575858,19.04296270761445,20.219453173074868,68580000,AVGO
2019-01-04,19.282724380493164,19.548944290981918,19.153748362942242,19.370362598045556,54248000,AVGO
2019-01-07,19.67544174194336,19.8622913288203,19.07851464138508,19.317450429129153,53433000,AVGO
2019-01-08,19.517528533935547,19.999534826132333,19.2943006116991,19.85154252583107,36795000,AVGO
2019-01-09,20.361663818359375,20.394733752947015,19.664697324659876,19.711822493951615,52971000,AVGO
2019-01-10,20.629533767700195,20.716344108807082,20.202922047439916,20.302959729894752,29594000,AVGO
2019-01-11,20.716344833374023,20.910636002877876,20.612998735031347,20.62209450369652,20158000,AVGO
2019-01-14,20.741151809692383,20.79985327348692,20.33024787087691,20.512964357295857,25498000,AVGO
2019-01-15,21.20578956604004,21.679527971868787,20.835397243037473,20.897403946571536,39247000,AVGO
2019-01-16,20.809772491455078,21.276897343884592,20.781662021912172,21.264494738535387,24484000,AVGO
2019-01-17,21.109888076782227,21.2768950930774,20.563392915675458,20.674180575768535,35154000,AVGO
2019-01-18,21.56378173828125,21.65637942855334,21.24795612158654,21.424057311398442,34634000,AVGO
2019-01-22,21.3546085357666,21.451339373366707,21.07433337412891,21.330631222294215,37156000,AVGO
2019-01-23,21.290950775146484,21.571224401313653,20.970990392160104,21.45795779496194,31771000,AVGO
2019-01-24,21.78949546813965,22.05406128188607,21.495992867073248,21.586110065164508,35999000,AVGO
2019-01-25,22.15243911743164,22.18302852217216,21.57121992719363,21.923423854432563,30333000,AVGO
2019-01-28,22.1259822845459,22.227675738614252,21.384371322196472,21.624961306384236,31320000,AVGO
2019-01-29,22.01850700378418,22.12433362631729,21.812641115178295,22.103664721378436,27870000,AVGO
2019-01-30,22.390546798706055,22.632789381797068,22.105310635614302,22.322751171087518,28727000,AVGO
2019-01-31,22.178068161010742,22.405429208934457,22.02098168663569,22.369050873569723,21063000,AVGO
2019-02-01,22.05901336669922,22.28968125678939,21.90027425830039,22.252478182717038,22878000,AVGO
2019-02-04,22.498031616210938,22.499685822367162,21.905239191986634,22.116064533878184,20761000,AVGO
2019-02-05,22.3227596282959,22.705553075011267,22.315318065029714,22.48480562135228,22619000,AVGO
2019-02-06,22.836179733276367,23.149524847771538,22.55011719257592,22.59310920513968,27064000,AVGO
2019-02-07,22.247520446777344,22.70058999575476,22.01685094548686,22.559211354760638,28646000,AVGO
2019-02-08,22.658424377441406,22.677440651536685,22.079685624185288,22.102008733571868,23903000,AVGO
2019-02-11,22.795665740966797,22.818815162351402,22.593933041411717,22.686532303886207,18012000,AVGO
2019-02-12,23.099088668823242,23.181765849345425,22.90645173706011,23.037908280627413,19809000,AVGO
2019-02-13,23.25865936279297,23.32810763774742,22.981692577599972,23.14952590873989,19190000,AVGO
2019-02-14,23.273542404174805,23.38433007152299,23.062717044972178,23.199133082824137,16015000,AVGO
2019-02-15,23.3090877532959,23.487669442567533,23.049481517669726,23.487669442567533,17352000,AVGO
2019-02-19,23.28676986694336,23.38350229403519,23.16192697319999,23.244604166966045,15152000,AVGO
2019-02-20,23.432281494140625,23.69767516013181,23.3380311591438,23.418227836907796,16150000,AVGO
2019-02-21,23.22724151611328,23.426492144622845,23.061060818119607,23.41739795315438,13254000,AVGO
2019-02-22,22.860153198242188,23.149522545447496,22.708027751756617,23.145389395987685,27225000,AVGO
2019-02-25,23.033777236938477,23.21814630981055,23.023855154362,23.21401158309162,19245000,AVGO
2019-02-26,22.736143112182617,22.985001025160123,22.690670573648426,22.97838577688883,27211000,AVGO
2019-02-27,22.445940017700195,22.74440352155983,22.288027233642673,22.58897125767249,29146000,AVGO
2019-02-28,22.765901565551758,22.79483834290883,22.209487548845757,22.320273617316793,31460000,AVGO
2019-03-01,22.550119400024414,22.997401637389704,22.416183884764283,22.961851183436934,19035000,AVGO
2019-03-04,22.727041244506836,22.866765648589247,22.393853615256067,22.73613543375511,17382000,AVGO
2019-03-05,22.90232276916504,23.185904808972634,22.69728319787898,22.777479872626134,21699000,AVGO
2019-03-06,22.434371948242188,22.89570941304474,22.362443149761095,22.873386301841833,19973000,AVGO
2019-03-07,21.95153045654297,22.35003315500421,21.83330285377876,22.3376305554585,25411000,AVGO
2019-03-08,21.8424015045166,21.889526661610677,21.429843493575888,21.624960945642687,22167000,AVGO
2019-03-11,22.245040893554688,22.368229580463872,21.830830189205404,21.90027846390785,27161000,AVGO
2019-03-12,22.292163848876953,22.325235353707267,21.849016407316523,22.30291224564042,23324000,AVGO
2019-03-13,22.42279052734375,22.577396476327703,22.241728324855142,22.364916980009845,32089000,AVGO
2019-03-14,22.173933029174805,22.509601185677752,22.148303089694853,22.495545955838043,43094000,AVGO
2019-03-15,24.000267028808594,24.765855304845246,23.438891975564424,23.683615109401824,144066000,AVGO
2019-03-18,24.293771743774414,24.553376430272856,23.993653991291065,23.99530819728609,56746000,AVGO
2019-03-19,24.746013641357422,24.88408386222157,24.316093540916643,24.320228267481422,51556000,AVGO
2019-03-20,24.27638053894043,24.941200318509054,24.21465205812593,24.857784613559744,41263000,AVGO
2019-03-21,24.7576904296875,24.972067977513046,24.273881183976247,24.347286187048987,27379000,AVGO
2019-03-22,24.411516189575195,24.727660312298404,24.307246940050582,24.684284266311625,23307000,AVGO
2019-03-25,24.370641708374023,24.539140527886527,24.107049070348477,24.373978082370943,23878000,AVGO
2019-03-26,24.776878356933594,24.98041311447161,24.5433162284808,24.55499433490344,28009000,AVGO
2019-03-27,24.68845558166504,24.91451123510089,24.39566767310848,24.821920091906446,21862000,AVGO
2019-03-28,24.947046279907227,25.29989374358888,24.663433759138496,24.783552789381165,33030000,AVGO
2019-03-29,25.083845138549805,25.247340206773313,24.881145683680632,25.126387490504616,24493000,AVGO
2019-04-01,25.507598876953125,25.58767664038189,25.00376971907852,25.28404586863594,27040000,AVGO
2019-04-02,25.279037475585938,25.637723953711316,25.242334177366097,25.53845846846123,22857000,AVGO
2019-04-03,25.374963760375977,25.641892775469035,25.176434390562616,25.543462581826788,22266000,AVGO
2019-04-04,25.191455841064453,25.525117181199704,25.163927965104126,25.420847912968515,15228000,AVGO
2019-04-05,25.38163948059082,25.394986569317368,25.17476994697638,25.35828326858633,18875000,AVGO
2019-04-08,25.39832305908203,25.466724303704446,25.191453524528153,25.369961489798463,13899000,AVGO
2019-04-09,25.312400817871094,25.367454965359826,25.04880818471224,25.239829513955144,11621000,AVGO
2019-04-10,25.65107536315918,25.67276418697741,25.274871640512742,25.324922038082722,14992000,AVGO
2019-04-11,25.8095645904541,25.874627878561515,25.544302898117316,25.704461621500815,16669000,AVGO
2019-04-12,26.4451847076416,26.479385328648988,25.906321275887294,25.971386143588116,30087000,AVGO
2019-04-15,26.39263343811035,26.486059874741724,26.123201720133146,26.4451849137653,16216000,AVGO
2019-04-16,26.567808151245117,26.693764642731523,26.367611360066434,26.692930946853963,21116000,AVGO
2019-04-17,26.737144470214844,26.771345096262404,26.51275616104144,26.712951377561364,18138000,AVGO
2019-04-18,26.57781410217285,26.897294597634804,26.53944341309079,26.779679852032025,26548000,AVGO
2019-04-22,26.275850296020508,26.516920426444567,26.20911804144929,26.469374311583774,13504000,AVGO
2019-04-23,26.329238891601562,26.533607342786883,26.208287758270107,26.422665332984295,19777000,AVGO
2019-04-24,26.21996307373047,26.44351605230696,26.124869250725975,26.24081660546297,23335000,AVGO
2019-04-25,26.010591506958008,26.10485164222242,25.572660939118265,26.10485164222242,26732000,AVGO
2019-04-26,25.892972946166992,25.93801638101169,25.45087078196934,25.78787000717365,16404000,AVGO
2019-04-29,26.08566665649414,26.248326452527213,25.895480576850908,25.962212841659927,13404000,AVGO
2019-04-30,26.559465408325195,26.561132800016843,26.06981706400624,26.135715629346254,18953000,AVGO
2019-05-01,26.601173400878906,26.95985991387159,26.583656241371223,26.734637927896276,18158000,AVGO
2019-05-02,26.344249725341797,26.87560663815913,26.211618921063955,26.691256470686312,20428000,AVGO
2019-05-03,26.335073471069336,26.413485418327177,25.916329107326828,26.271679184110308,19214000,AVGO
2019-05-06,25.989734649658203,26.019765197815545,25.470891101687524,25.59101011227206,14371000,AVGO
2019-05-07,25.63272476196289,25.82708252717253,25.335765112628145,25.746169467082797,21734000,AVGO
2019-05-08,25.307395935058594,25.663579691040788,25.28403972752024,25.466719318347632,15099000,AVGO
2019-05-09,25.363290786743164,25.512603498918978,24.76186509433952,25.024624092800295,22282000,AVGO
2019-05-10,25.35494041442871,25.475059409202046,24.746008484184213,25.29404722140426,21025000,AVGO
2019-05-13,24.472410202026367,24.66426683667039,24.040318710462113,24.509113500927597,37864000,AVGO
2019-05-14,25.191455841064453,25.40833451888529,24.64758698158147,24.665104142275215,34277000,AVGO
2019-05-15,25.389144897460938,25.6727573777092,24.908672027182064,25.047141893224353,18166000,AVGO
2019-05-16,24.79856300354004,25.283205929519678,24.582516480066822,25.003765118296972,34233000,AVGO
2019-05-17,24.181293487548828,24.48826222200014,24.057838082445894,24.422363653484663,39094000,AVGO
2019-05-20,22.738208770751953,23.352146280027366,22.40871749752977,23.189484883268328,65162000,AVGO
2019-05-21,22.966758728027344,23.337956936500937,22.910035604394633,23.113568710919882,25060000,AVGO
2019-05-22,22.457096099853516,22.94424176017413,22.43624097575989,22.562199052067804,31809000,AVGO
2019-05-23,21.695512771606445,22.14595511956533,21.535354078089913,22.070047433921268,46607000,AVGO
2019-05-24,21.34934425354004,22.16681505559433,21.332660786308807,21.91323303597623,27963000,AVGO
2019-05-28,21.22755241394043,21.49865311899693,20.861359470073776,21.401890306455844,61965000,AVGO
2019-05-29,21.19752311706543,21.38520650417947,20.98564823168862,21.08240945167196,28132000,AVGO
2019-05-30,21.40605926513672,21.466117178692727,21.197520777121124,21.242564212288126,17310000,AVGO
2019-05-31,20.99065399169922,21.33265705500454,20.937268815124508,21.10743665086833,22192000,AVGO
2019-06-03,21.119112014770508,21.54870082339139,20.95394955797617,21.066558949907403,28911000,AVGO
2019-06-04,22.163471221923828,22.188496414349224,21.334322590036532,21.434420177693173,36805000,AVGO
2019-06-05,22.165142059326172,22.648116062679694,21.888202300991047,22.43957754808448,23651000,AVGO
2019-06-06,22.7548885345459,22.939237145830543,22.12843928015974,22.273581911542458,32687000,AVGO
2019-06-07,22.928390502929688,23.178637656585252,22.795759686504713,22.920884058843736,25963000,AVGO
2019-06-10,23.37383270263672,23.754206462470947,23.08271372708751,23.083547422999473,23280000,AVGO
2019-06-11,23.64659881591797,24.3364439400005,23.307098458889946,24.231340987190926,37105000,AVGO
2019-06-12,23.33378791809082,23.619903064530998,23.14026391034326,23.495613986870527,27057000,AVGO
2019-06-13,23.490612030029297,23.59738396668774,23.140267259221716,23.48310558533254,37735000,AVGO
2019-06-14,22.18265724182129,22.362834171446003,21.47696241126494,21.530349169945666,100797000,AVGO
2019-06-17,22.18599510192871,22.41371975305496,21.799782328751405,22.09173496990997,35785000,AVGO
2019-06-18,23.193653106689453,23.60822744407793,22.22686825298698,22.367840806203972,54920000,AVGO
2019-06-19,23.146942138671875,23.27873768208862,22.831631678492553,23.254547773688895,28920000,AVGO
2019-06-20,23.277070999145508,23.81092912011613,23.119414968743833,23.56568729005947,57291000,AVGO
2019-06-21,23.07411003112793,23.664458436613327,23.071583358071255,23.29475300066666,45399000,AVGO
2019-06-24,23.51287269592285,23.5339261646314,23.15916896027844,23.20296088195397,20506000,AVGO
2019-06-25,23.286334991455078,23.822786477865158,23.24506973961997,23.509506275776392,24436000,AVGO
2019-06-26,23.701509475708008,23.919627355008963,23.42023120188906,23.460654753895362,24774000,AVGO
2019-06-27,24.061113357543945,24.291863044139404,23.7680449518587,23.826995308602655,21813000,AVGO
2019-06-28,24.242176055908203,24.363446737871094,23.98616284889224,24.242176055908203,49265000,AVGO
2019-07-01,25.294023513793945,25.748786154853047,24.95547820628684,25.406029189774994,44832000,AVGO
2019-07-02,24.87126350402832,25.3209711772981,24.750834516905716,25.170226930565967,19011000,AVGO
2019-07-03,23.992055892944336,24.31965279606565,23.834573321034732,23.89184029492063,49411000,AVGO
2019-07-05,23.80425453186035,24.038372542156075,23.746145873725588,23.887626706557022,24565000,AVGO
2019-07-08,23.155797958374023,23.680457663403814,23.10779438466297,23.580242071507122,34291000,AVGO
2019-07-09,23.20380210876465,23.241698994195875,22.941050583945024,23.028634425551566,26131000,AVGO
2019-07-10,23.117061614990234,23.47918544670749,23.074953072039385,23.400023313491904,30134000,AVGO
2019-07-11,23.248435974121094,23.365494985786903,22.98652615349212,23.17937893161689,20712000,AVGO
2019-07-12,24.03415870666504,24.079635602396653,23.275381070454717,23.275381070454717,21971000,AVGO
2019-07-15,24.2825984954834,24.800521527547822,24.192487980326074,24.515033155376184,30334000,AVGO
2019-07-16,23.928056716918945,24.23628358858679,23.781522498726286,24.168911515782384,14617000,AVGO
2019-07-17,24.008056640625,24.194172704332907,23.848890686670362,24.04848019897824,15453000,AVGO
2019-07-18,24.403867721557617,24.447659639929366,23.900259857144224,24.100692654941426,19357000,AVGO
2019-07-19,24.42239761352539,24.68851751949842,24.382815741046215,24.576511839441082,22047000,AVGO
2019-07-22,24.940322875976562,25.263709790273634,24.611042531644987,24.675044635685513,33905000,AVGO
2019-07-23,25.33023452758789,25.463295274201982,25.198017076224435,25.222440512959597,19692000,AVGO
2019-07-24,25.582035064697266,25.67551392626974,25.306650219268544,25.36560216954986,19006000,AVGO
2019-07-25,25.29738998413086,25.443924173617038,25.21401780327134,25.443924173617038,15741000,AVGO
2019-07-26,25.342021942138672,25.518874591012676,25.30917840655292,25.398447223013925,14996000,AVGO
2019-07-29,25.41107749938965,25.47929123951656,25.008528569321463,25.368127274573826,12068000,AVGO
2019-07-30,25.227495193481445,25.342870847429804,25.020325636094498,25.187914925494844,11164000,AVGO
2019-07-31,24.421546936035156,25.334438671397,24.141952077038194,25.267066629096988,20819000,AVGO
2019-08-01,24.029953002929688,25.080957471188245,23.775623192668636,24.34912820075659,21911000,AVGO
2019-08-02,23.456449508666992,23.903632132577155,23.2358049113804,23.754571257940434,20080000,AVGO
2019-08-05,22.54102897644043,22.926734539849637,22.239538889135158,22.902311104076297,27765000,AVGO
2019-08-06,22.43828773498535,22.92168388570756,22.279963456579264,22.749042862242998,22199000,AVGO
2019-08-07,22.7423038482666,22.967158498422236,22.148587018931483,22.2353291757176,22244000,AVGO
2019-08-08,22.82062339782715,22.953684145596032,22.1064792101952,22.77009475224703,29163000,AVGO
2019-08-09,23.220643997192383,23.62656132844263,22.702721001247134,22.702721001247134,30735000,AVGO
2019-08-12,23.213062286376953,23.42949518717247,22.951995781995286,23.022736196647248,20040000,AVGO
2019-08-13,23.891841888427734,24.04342782899314,22.909049507238166,23.184434407348952,22340000,AVGO
2019-08-14,22.869468688964844,23.592876274964855,22.770094775664955,23.47834392860301,27108000,AVGO
2019-08-15,22.623559951782227,22.972210327648906,22.304384752240228,22.9065232507758,20010000,AVGO
2019-08-16,23.056427001953125,23.22233129321558,22.904839455116505,22.91915619954234,17458000,AVGO
2019-08-19,23.477502822875977,23.58614013650836,23.21054123772689,23.53813816290686,17489000,AVGO
2019-08-20,23.61140251159668,23.997949747479428,23.328439230703673,23.4252864619006,17920000,AVGO
2019-08-21,24.21185874938965,24.275862451551895,23.92131702265659,23.971003980418594,19381000,AVGO
2019-08-22,24.22196388244629,24.3727097402986,23.96342400630107,24.286810880009963,12294000,AVGO
2019-08-23,22.917470932006836,24.0417441529649,22.826518726284355,23.916263423246683,25742000,AVGO
2019-08-26,23.346120834350586,23.407597847001277,23.159163123785977,23.32338238711407,14249000,AVGO
2019-08-27,23.207168579101562,23.598769161208953,23.15158659208522,23.50866026002574,14298000,AVGO
2019-08-28,23.248435974121094,23.277911149268846,22.777673254405677,23.10274347623273,17202000,AVGO
2019-08-29,23.86404800415039,24.042584039969082,23.668668552092285,23.70572374656368,16429000,AVGO
2019-08-30,23.802574157714844,24.07711577521237,23.57182446451923,24.031638866550967,16720000,AVGO
2019-09-03,23.07916831970215,23.65183013642774,22.81641675341086,23.580248011690887,22210000,AVGO
2019-09-04,23.834577560424805,23.94658324872638,23.428660143622476,23.47834710699882,19865000,AVGO
2019-09-05,24.508296966552734,24.73230993741854,24.284285601963745,24.284285601963745,20938000,AVGO
2019-09-06,24.583242416381836,24.7003014139229,24.363441162683475,24.578189070887237,13748000,AVGO
2019-09-09,24.642202377319336,25.028749726719855,24.45608787924335,24.843476917796018,21686000,AVGO
2019-09-10,24.79631233215332,24.797154021159756,24.323022893706387,24.536087470535822,20850000,AVGO
2019-09-11,25.09695816040039,25.161803545282762,24.805573166612874,24.95463402546101,19260000,AVGO
2019-09-12,25.313392639160156,25.460768522986836,24.967267324995312,25.384974752368354,33109000,AVGO
2019-09-13,24.449342727661133,25.095273114410475,23.907839592622928,25.066639628453995,62557000,AVGO
2019-09-16,24.309547424316406,24.445134847050248,24.06027094913376,24.152908139119734,22176000,AVGO
2019-09-17,24.323863983154297,24.363445853355326,23.896051462027692,24.25565023094964,21912000,AVGO
2019-09-18,24.232065200805664,24.486394969249773,23.906995021193595,24.295227200077836,16510000,AVGO
2019-09-19,24.476289749145508,24.58661202915897,24.189116430585088,24.296070348856198,19421000,AVGO
2019-09-20,24.159278869628906,24.51113739886408,23.951901909552113,24.44909468393276,35524000,AVGO
2019-09-23,24.261268615722656,24.405751821215706,23.97400269371952,24.104886850520437,14850000,AVGO
2019-09-24,23.993545532226562,24.553628765423383,23.77597052927954,24.41934528243956,20292000,AVGO
2019-09-25,23.437715530395508,23.56010210910667,22.94732302367707,23.096055024481718,55588000,AVGO
2019-09-26,23.534603118896484,23.6833351109733,23.175094793982655,23.39436870831794,27477000,AVGO
2019-09-27,23.299179077148438,23.906008816821707,23.19889076145149,23.510804833421755,28660000,AVGO
2019-09-30,23.463207244873047,23.518451240317436,23.15979241840155,23.439410130722877,19826000,AVGO
2019-10-01,23.359521865844727,23.767473823402334,23.23458538331319,23.650187108761003,19429000,AVGO
2019-10-02,22.95327377319336,23.270286124228274,22.80454176286679,23.24139077726292,19543000,AVGO
2019-10-03,23.323829650878906,23.32977893087923,22.71105056873121,22.94732290077673,17096000,AVGO
2019-10-04,23.91875648498535,23.94170416832911,23.389269005594603,23.668886754086294,25884000,AVGO
2019-10-07,23.464061737060547,23.88391230241347,23.431765415029002,23.79807246200106,18658000,AVGO
2019-10-08,22.97536849975586,23.363772156122742,22.854682420878827,23.29238080212545,22757000,AVGO
2019-10-09,23.21503448486328,23.36461586964768,23.118994981411046,23.260078787039454,16329000,AVGO
2019-10-10,23.325531005859375,23.693538592190595,23.257538995598072,23.334879643848478,17340000,AVGO
2019-10-11,23.874563217163086,24.14398291403598,23.71988194474665,23.753877134055443,23697000,AVGO
2019-10-14,23.93830680847168,24.022446159674306,23.787024890463766,23.832918639922333,13312000,AVGO
2019-10-15,24.67431640625,24.699814010452283,23.984196814654556,24.021592976606524,21230000,AVGO
2019-10-16,24.517934799194336,24.65561926893908,24.353053857454444,24.56212967408279,20046000,AVGO
2019-10-17,24.598674774169922,24.792451042733667,24.504335751730547,24.659016993072996,13125000,AVGO
2019-10-18,24.369199752807617,24.64201711428976,24.137176283644354,24.604622577909396,16981000,AVGO
2019-10-21,24.61057472229004,24.808601413017534,24.397248496472322,24.51453520582256,13031000,AVGO
2019-10-22,24.431243896484375,24.720210242026027,24.41254662719224,24.61227217406896,13046000,AVGO
2019-10-23,23.824417114257812,24.098085579586254,23.69183248254287,24.048790856997403,20957000,AVGO
2019-10-24,23.993545532226562,24.094683266612893,23.686731351879835,24.042838627710125,16896000,AVGO
2019-10-25,24.63182258605957,24.76355615815481,24.070888249180804,24.074287605607804,20869000,AVGO
2019-10-28,24.778860092163086,24.85789960102777,24.50434215400545,24.7457127137377,12999000,AVGO
2019-10-29,24.490739822387695,24.961585560725187,24.483090054301602,24.840899486505727,13272000,AVGO
2019-10-30,24.667516708374023,24.72955941717048,24.351353885754506,24.64796838382731,17281000,AVGO
2019-10-31,24.889345169067383,24.9938839027535,24.460145971939163,24.630125161836897,27881000,AVGO
2019-11-01,25.207204818725586,25.207204818725586,24.824748861064627,24.90124005259682,21234000,AVGO
2019-11-04,25.92197608947754,25.96107112680341,25.420534455111262,25.456230135416263,34075000,AVGO
2019-11-05,26.69028091430664,26.92315384790564,25.87692694596053,25.921971254936306,38711000,AVGO
2019-11-06,26.61549186706543,26.710680336049915,26.237286292783544,26.522002265851647,18076000,AVGO
2019-11-07,26.494808197021484,27.15433206869706,26.402169642341004,26.82117077595226,23981000,AVGO
2019-11-08,26.63674545288086,26.65289442691957,25.933028215383967,26.33588043745862,17830000,AVGO
2019-11-11,26.580642700195312,26.62228765079349,26.41831168781887,26.448909135952018,9154000,AVGO
2019-11-12,26.816919326782227,26.890860605085603,26.623992456049766,26.686884609039836,16875000,AVGO
2019-11-13,26.658842086791992,26.832220651771106,26.5169087917744,26.557702699320632,12625000,AVGO
2019-11-14,26.259384155273438,26.503306239566445,26.016313125962814,26.41066768894146,17268000,AVGO
2019-11-15,26.594247817993164,26.60699581200936,26.353725073313765,26.539853242813432,18120000,AVGO
2019-11-18,26.437864303588867,26.63674045397829,26.17949373591716,26.501605890519922,15850000,AVGO
2019-11-19,27.00135040283203,27.678722132685344,26.9121112026051,26.9121112026051,31743000,AVGO
2019-11-20,26.488859176635742,26.927408643079502,26.261935485033867,26.848367515252836,19927000,AVGO
2019-11-21,26.793127059936523,26.831372667436604,26.329930978461057,26.443818366877885,19317000,AVGO
2019-11-22,26.765077590942383,27.15263184002923,26.66223934349777,26.9112596656884,13216000,AVGO
2019-11-25,27.164527893066406,27.212123749000195,26.879811917698152,26.908707259546855,19636000,AVGO
2019-11-26,26.87981605529785,27.212127937752534,26.861117159391497,27.111837986037028,30793000,AVGO
2019-11-27,27.064237594604492,27.191722374547677,26.896806729855797,27.021743208309076,20182000,AVGO
2019-11-29,26.87470817565918,27.00899165872633,26.771869952615166,26.929101115901283,9229000,AVGO
2019-12-02,26.408117294311523,27.020894702306293,26.39451824646459,27.003046863851797,23158000,AVGO
2019-12-03,26.05116081237793,26.261935532573386,25.763043832157358,25.99166801317184,18736000,AVGO
2019-12-04,26.323123931884766,26.46335670096032,26.10299899464803,26.325673854385325,14439000,AVGO
2019-12-05,26.448062896728516,26.556000987054347,26.267034581628167,26.397069301964233,15494000,AVGO
2019-12-06,26.861112594604492,26.885760766597492,26.522002055480044,26.74127757543906,16937000,AVGO
2019-12-09,26.71917724609375,26.95460009670425,26.681781084604687,26.85686171339071,24694000,AVGO
2019-12-10,26.7769775390625,26.84921833568177,26.623145687433777,26.780376896178346,14563000,AVGO
2019-12-11,27.17302703857422,27.311559331340806,26.787171693839348,26.787171693839348,20829000,AVGO
2019-12-12,27.859745025634766,28.060321650751245,27.148379823046795,27.173875807592687,38935000,AVGO
2019-12-13,26.807565689086914,27.177272011630297,26.39961377310409,27.03193940498315,70952000,AVGO
2019-12-16,27.462844848632812,27.8427493204895,26.986900845314803,27.02429701294551,37921000,AVGO
2019-12-17,27.519786834716797,27.617523604111213,27.345555627019063,27.514686989355642,20248000,AVGO
2019-12-18,27.829147338867188,28.148709526693825,27.49853602724418,27.570776806713297,35155000,AVGO
2019-12-19,27.545284271240234,27.983832090045947,27.51213689570263,27.979584920449483,31787000,AVGO
2019-12-20,27.386457443237305,27.684362033363968,27.20702924120399,27.684362033363968,50540000,AVGO
2019-12-23,27.431961059570312,27.67234601459078,27.26712767359992,27.518672036996733,20254000,AVGO
2019-12-24,27.51523780822754,27.530692320457128,27.38731970684342,27.47231297419634,7024000,AVGO
2019-12-26,27.29889488220215,27.621694095096533,27.19930677611176,27.58134337474599,15848000,AVGO
2019-12-27,27.174406051635742,27.41650542106689,27.061940841243587,27.412213593274487,14487000,AVGO
2019-12-30,26.910842895507812,27.243085368925996,26.84988780912004,27.173546627391293,13104000,AVGO
2019-12-31,27.1306209564209,27.159810624699585,26.854182058249247,26.881654012962112,12487000,AVGO
2020-01-02,27.677492141723633,27.68693711056103,27.242229398732174,27.41393035181519,20329000,AVGO
2020-01-03,26.9735164642334,27.472310056606105,26.964073132747625,27.258540672384683,22870000,AVGO
2020-01-06,26.933164596557617,26.950335182602803,26.5820338080765,26.686771762988585,20789000,AVGO
2020-01-07,26.840452194213867,27.178705943435027,26.806970689589164,27.064522992440494,18565000,AVGO
2020-01-08,26.505626678466797,26.913419078523763,26.477295048605427,26.869634576682177,31979000,AVGO
2020-01-09,26.29271697998047,26.870494282638337,26.017136106375244,26.81297461878934,42397000,AVGO
2020-01-10,25.68832778930664,26.231763927088853,25.652268901927386,26.223178633663057,40705000,AVGO
2020-01-13,25.85659408569336,26.081522870964275,25.726958288045317,25.757007632763376,22054000,AVGO
2020-01-14,26.45755386352539,26.540829413151204,25.891795603949028,25.92699481770466,28911000,AVGO
2020-01-15,26.024864196777344,26.43179862272439,25.81538826041304,26.382864247520672,22733000,AVGO
2020-01-16,26.36053466796875,26.430073401790196,26.11671762441621,26.18454028238947,21508000,AVGO
2020-01-17,26.509923934936523,26.52280105797755,26.104707203473588,26.498762888312967,26896000,AVGO
2020-01-21,26.448108673095703,26.571734939281352,26.29872816289607,26.42493018097859,21967000,AVGO
2020-01-22,26.8687801361084,27.293741541109686,26.656726815204326,26.682482696937917,29264000,AVGO
2020-01-23,27.442264556884766,27.45514167926735,26.684200938048527,27.058510262605076,30266000,AVGO
2020-01-24,27.815717697143555,28.466467601247594,27.538417444859007,28.373747079443948,55782000,AVGO
2020-01-27,26.5305233001709,27.46200711106077,26.497041804105542,27.164104161181676,38843000,AVGO
2020-01-28,27.32721519470215,27.40619889352025,26.851601838421196,26.916848743430133,23166000,AVGO
2020-01-29,27.2585391998291,27.938478679800724,27.226775417227184,27.542706992010597,23668000,AVGO
2020-01-30,27.060230255126953,27.087702216012648,26.49275422218056,26.984680315844354,21128000,AVGO
2020-01-31,26.198280334472656,27.00699591579108,26.066068791258164,26.970938668771808,22123000,AVGO
2020-02-03,26.204288482666016,26.32190354824183,26.067785119076685,26.23862801432111,21288000,AVGO
2020-02-04,26.751163482666016,27.006141636334156,26.583754344641072,26.76747603238436,22559000,AVGO
2020-02-05,27.247385025024414,27.456002934507037,27.11689116745162,27.25768639602766,24825000,AVGO
2020-02-06,27.445695877075195,27.462008425604026,26.976949997290877,27.37272334017108,22683000,AVGO
2020-02-07,27.06280517578125,27.345253670003903,27.031897787941652,27.32808471840135,15883000,AVGO
2020-02-10,26.974374771118164,27.008714307542913,26.639556512959675,26.817267011723153,19218000,AVGO
2020-02-11,27.486047744750977,27.540133624354066,27.129767042414905,27.184712597670178,15527000,AVGO
2020-02-12,27.87580680847168,27.909286664357076,27.612241776504472,27.647440983298587,15310000,AVGO
2020-02-13,27.813140869140625,27.941060608288733,27.55387251304389,27.599371461737814,13857000,AVGO
2020-02-14,27.28086280822754,27.961660364162828,27.22334150616651,27.887829788345023,19137000,AVGO
2020-02-18,26.678186416625977,27.043910378841616,26.446388432138583,27.0430523408369,26693000,AVGO
2020-02-19,27.102294921875,27.200165309968124,26.759749382287776,26.87135493100472,20525000,AVGO
2020-02-20,26.548553466796875,27.102292609771222,26.280698207754103,26.95377014522405,25521000,AVGO
2020-02-21,26.141618728637695,26.56658007590189,25.951887525175916,26.485022251042388,24522000,AVGO
2020-02-24,25.03413963317871,25.65226595144441,24.901929732078084,25.257352324143934,36849000,AVGO
2020-02-25,24.268352508544922,25.388707957213228,24.130133045960967,25.249628819023815,31892000,AVGO
2020-02-26,24.543075561523438,24.74225011988368,24.381675968319712,24.411723677826927,23074000,AVGO
2020-02-27,23.51887321472168,24.494139941833275,23.48367400323932,24.06402706122066,34837000,AVGO
2020-02-28,23.404687881469727,23.5343236689759,22.556481290611707,22.60713336992315,44586000,AVGO
2020-03-02,24.46495246887207,24.50186939732998,23.278492003800757,23.760116687748894,31976000,AVGO
2020-03-03,23.54463005065918,24.766289755232247,23.314549731021057,24.437481007436915,29930000,AVGO
2020-03-04,24.50615882873535,24.52933895684073,23.589269811263982,23.82707735891075,23477000,AVGO
2020-03-05,23.52659797668457,24.303549802876642,23.390096238610344,23.803038517506167,24374000,AVGO
2020-03-06,23.132543563842773,23.2596036149109,22.53587958538792,22.920491891012418,30169000,AVGO
2020-03-09,21.267000198364258,22.344430710839877,20.96909724923546,21.555459816572988,43934000,AVGO
2020-03-10,22.570219039916992,22.63718203150858,20.89612460040123,22.028499016043607,55071000,AVGO
2020-03-11,21.11676597595215,22.019918338561506,20.8180049278119,21.795847552456323,36030000,AVGO
2020-03-12,18.782474517822266,20.84117965563565,18.571280893086946,19.487310213352952,64281000,AVGO
2020-03-13,20.10801124572754,20.129473656774895,17.269777272953405,19.36024918600138,84714000,AVGO
2020-03-16,16.103927612304688,18.784195198527957,15.472923972568342,17.872459120044393,76935000,AVGO
2020-03-17,17.128128051757812,17.171052883881188,15.580235418709066,16.467933195351343,70662000,AVGO
2020-03-18,14.41180419921875,16.09534061543436,13.36442204134676,15.939092517108767,98993000,AVGO
2020-03-19,16.6937198638916,17.811499466261566,14.165409209418938,14.39205570437037,74438000,AVGO
2020-03-20,16.782777786254883,18.219904543316364,16.406470789970307,17.636672663285704,74044000,AVGO
2020-03-23,16.891918182373047,17.110193859167808,15.519400287045405,16.84040510932699,46921000,AVGO
2020-03-24,18.57613182067871,19.09562898146019,17.574683605526285,17.95448280531865,62970000,AVGO
2020-03-25,18.99434471130371,21.303701291143216,18.26705181293481,18.52636237042607,64442000,AVGO
2020-03-26,21.231233596801758,21.373549401562506,19.734736922181828,19.734736922181828,60213000,AVGO
2020-03-27,20.141599655151367,21.136935866968688,20.081355375864007,20.343285432033614,39448000,AVGO
2020-03-30,20.964067459106445,21.073205290407092,19.94515682595347,20.27344294289621,52343000,AVGO
2020-03-31,20.701257705688477,22.06417131107334,20.610456638827927,20.779837057194793,50191000,AVGO
2020-04-01,19.525190353393555,20.46639399791179,19.18031449471819,19.90586206603971,41858000,AVGO
2020-04-02,20.697769165039062,20.775475907304976,19.334856986862548,19.417801132249338,45049000,AVGO
2020-04-03,20.453304290771484,21.177105173961582,20.129382937195395,20.661101826639502,28960000,AVGO
2020-04-06,22.040597915649414,22.125288960343532,21.265284174790796,21.354339999022102,38868000,AVGO
2020-04-07,22.113069534301758,23.18087365445745,22.048460460668903,22.861318778298607,45892000,AVGO
2020-04-08,22.79670524597168,22.89274538198006,22.145370572470956,22.41865139644222,27565000,AVGO
2020-04-09,22.20299530029297,23.355490253846124,21.941937857428332,23.20619014970645,34828000,AVGO
2020-04-13,22.693683624267578,22.833379909128336,22.072034657043876,22.133151573506574,25729000,AVGO
2020-04-14,23.366844177246094,23.432325869884775,22.90322659922085,23.235004838398684,23094000,AVGO
2020-04-15,22.477153778076172,22.903228623254652,22.365396414335734,22.787979102102184,25926000,AVGO
2020-04-16,22.55137062072754,22.85433737185748,22.186412657080492,22.85433737185748,26896000,AVGO
2020-04-17,23.21405601501465,23.349387544687783,22.608122475843434,22.981811689312124,34089000,AVGO
2020-04-20,22.550495147705078,23.159920775712123,22.518191441130515,22.70066958071265,23801000,AVGO
2020-04-21,21.62238121032715,22.245776960034657,21.548168302905683,22.225694977928125,29138000,AVGO
2020-04-22,22.698049545288086,22.89449797615577,21.89217549986251,22.244035764018584,35438000,AVGO
2020-04-23,22.60724449157715,23.15468050792052,22.571446966541885,22.72249400393249,21659000,AVGO
2020-04-24,23.120628356933594,23.143328209525418,22.6028782087159,22.684077101865682,23373000,AVGO
2020-04-27,23.438438415527344,23.680288205847607,23.080466487058573,23.080466487058573,16588000,AVGO
2020-04-28,23.1136417388916,24.13342646837298,23.060383433142054,23.943962389593967,18988000,AVGO
2020-04-29,24.09937858581543,24.1840696489768,23.506542808996993,23.668066332066257,28871000,AVGO
2020-04-30,23.715211868286133,23.92737581308098,23.46899564532324,23.881974440834533,23379000,AVGO
2020-05-01,22.674470901489258,23.386049891970206,22.543505862000398,23.224526398777638,26836000,AVGO
2020-05-04,22.89798927307129,22.912832190873328,22.29205583878681,22.63169270627134,17046000,AVGO
2020-05-05,23.125865936279297,23.481218300911546,23.024586723776828,23.272548184933953,26462000,AVGO
2020-05-06,23.06562042236328,23.615675911261082,23.016726897183176,23.42795874690986,22727000,AVGO
2020-05-07,23.377321243286133,23.614806250780628,23.22452895793114,23.573769656821852,18238000,AVGO
2020-05-08,24.012939453125,24.058340825302963,23.57638818187018,23.765850607600544,16757000,AVGO
2020-05-11,24.045246124267578,24.162240885445534,23.726562213492667,23.868005405918005,20851000,AVGO
2020-05-12,23.438438415527344,24.247804555958265,23.418358095123004,24.148272246294415,18764000,AVGO
2020-05-13,22.975696563720703,23.602584622381254,22.644790914475685,23.579883100977625,21927000,AVGO
2020-05-14,23.276914596557617,23.307473053563132,22.242288507901254,22.784485461973574,19912000,AVGO
2020-05-15,22.736461639404297,23.055143839692864,22.41865206197232,22.650023682588902,21650000,AVGO
2020-05-18,23.881973266601562,24.161365800439114,23.399146357936292,23.45327895279672,26531000,AVGO
2020-05-19,23.744020462036133,24.100247081640195,23.714334632850672,23.881971472810577,18702000,AVGO
2020-05-20,24.331623077392578,24.561249485567618,24.10461620347766,24.182322947054068,18605000,AVGO
2020-05-21,23.99285888671875,24.403218171753803,23.9797628807065,24.352577728362824,14847000,AVGO
2020-05-22,24.154382705688477,24.206768392099058,23.618297463310334,23.900309545365197,17452000,AVGO
2020-05-26,24.62323760986328,25.065900572254534,24.568232389491957,24.88342246061638,23573000,AVGO
2020-05-27,25.109554290771484,25.127889362470412,24.446868845129913,24.710545827641273,22812000,AVGO
2020-05-28,24.721027374267578,25.25885958516913,24.659037833025575,24.88342518435885,18543000,AVGO
2020-05-29,25.430856704711914,25.494593145944005,24.613632061971913,24.700070020379968,27300000,AVGO
2020-06-01,25.31910514831543,25.41601959928208,25.090351339761874,25.356647924152124,18444000,AVGO
2020-06-02,26.023691177368164,26.046392693502998,25.327829423586387,25.4099009332455,31847000,AVGO
2020-06-03,27.025144577026367,27.140394096020405,26.237607307441163,26.28475392958722,31926000,AVGO
2020-06-04,26.96926498413086,27.328109524275796,26.37642759847788,26.695111499079207,34997000,AVGO
2020-06-05,27.684335708618164,28.647368377102637,27.510588821414526,27.913087816455118,50958000,AVGO
2020-06-08,27.72275161743164,27.83800112216412,27.35954065335089,27.721004706318958,23916000,AVGO
2020-06-09,27.530670166015625,27.841495470219428,27.203256698834792,27.240801135569775,22335000,AVGO
2020-06-10,27.5062255859375,27.87030923050167,27.476539749503004,27.646796164826327,25914000,AVGO
2020-06-11,25.647388458251953,26.939579885580297,25.616830000973383,26.858380985392525,45115000,AVGO
2020-06-12,26.21490478515625,26.537953474387383,25.558332600365397,26.439292122887032,39439000,AVGO
2020-06-15,26.550172805786133,26.782417045478862,25.530388116151848,25.756522330637114,29824000,AVGO
2020-06-16,27.12904167175293,27.463439427338614,26.542316011433513,27.066177851294945,30387000,AVGO
2020-06-17,27.366525650024414,27.652029884965874,27.222464598169672,27.364778738868143,20279000,AVGO
2020-06-18,27.826648712158203,27.862446232701746,27.198888164304837,27.25127384553568,33625000,AVGO
2020-06-19,26.707271575927734,28.05952645832534,26.707271575927734,28.022478517640565,58465000,AVGO
2020-06-22,27.65728759765625,27.713741115937133,26.774308404831956,26.948080389755443,27195000,AVGO
2020-06-23,27.459692001342773,28.001300101002094,27.458810388471527,27.79136182986831,22419000,AVGO
2020-06-24,27.0777530670166,27.430591804345823,26.86075678088048,27.274460473800012,19096000,AVGO
2020-06-25,27.243589401245117,27.29916131760852,26.727561339001603,26.997484719502058,15029000,AVGO
2020-06-26,27.11656379699707,27.85487945284044,26.740791346976692,27.65993695793786,31425000,AVGO
2020-06-29,27.325620651245117,27.381192559057382,26.85546178504756,27.174780692934476,14516000,AVGO
2020-06-30,27.839885711669922,27.968671892683503,27.05834576439079,27.340618436342186,25125000,AVGO
2020-07-01,27.585840225219727,27.949263350477374,27.516154094162964,27.795778549014663,15661000,AVGO
2020-07-02,27.82753562927246,28.172434791002726,27.756084588274778,28.028652778366837,16638000,AVGO
2020-07-06,28.120389938354492,28.31445081021246,27.992485378906704,28.22712400674007,17561000,AVGO
2020-07-07,27.6202392578125,28.06481617580733,27.56995871393674,27.992483529251974,16150000,AVGO
2020-07-08,28.189193725585938,28.213009055255515,27.708450464985685,27.886633884553785,18023000,AVGO
2020-07-09,28.35944175720215,28.609072870203775,27.808129024749356,28.228007372360757,25225000,AVGO
2020-07-10,28.17772674560547,28.490870998657655,27.824888032133448,28.395606312611292,13280000,AVGO
2020-07-13,27.460580825805664,28.538504199999583,27.396187741425752,28.37531493272643,21549000,AVGO
2020-07-14,27.79313087463379,27.893690284431173,26.920736059134967,27.255934091792913,18363000,AVGO
2020-07-15,27.678462982177734,28.03042012681186,27.360025645721525,27.869877356338307,15253000,AVGO
2020-07-16,27.46323013305664,27.68728269030537,27.283281787266418,27.398837042145235,12929000,AVGO
2020-07-17,27.584077835083008,27.804602265992166,27.345029432735934,27.71110079562973,13354000,AVGO
2020-07-20,27.973960876464844,28.01982999248094,27.367959577217732,27.508213446906833,14323000,AVGO
2020-07-21,27.72785758972168,28.159203623944375,27.580547443443336,28.159203623944375,14312000,AVGO
2020-07-22,27.680221557617188,27.846057344272374,27.377663404135774,27.78695562144807,14404000,AVGO
2020-07-23,27.315914154052734,27.882220959398893,27.20212382518084,27.642290989722774,19417000,AVGO
2020-07-24,26.97365951538086,27.42529266224229,26.83164075642722,27.044227247155067,15631000,AVGO
2020-07-27,27.58142852783203,27.60612715392176,27.12362064962042,27.195070006170326,20646000,AVGO
2020-07-28,27.111270904541016,27.53114922384316,27.006300062864714,27.449113781723383,13974000,AVGO
2020-07-29,27.243589401245117,27.45352775195131,27.119212958097535,27.215362636460714,16562000,AVGO
2020-07-30,27.530263900756836,27.603478159383375,26.992185535956594,26.992185535956594,21259000,AVGO
2020-07-31,27.940444946289062,28.085991879435788,27.468522794972912,27.75961497879846,24719000,AVGO
2020-08-03,28.33562469482422,28.534976939635094,27.987195708033454,28.050705502587512,20796000,AVGO
2020-08-04,28.96720314025879,28.98484549570674,28.261525747017007,28.271226855305475,25258000,AVGO
2020-08-05,29.068641662597656,29.248591664158354,28.738740056273326,28.9548530158125,22299000,AVGO
2020-08-06,29.035127639770508,29.18684922182331,28.704341008837943,28.91251611574381,14193000,AVGO
2020-08-07,28.750202178955078,29.085400167411922,28.357669065011947,28.967200099746172,14192000,AVGO
2020-08-10,28.87635040283203,29.04482936784829,28.5852565462416,28.599372451457267,11989000,AVGO
2020-08-11,28.582612991333008,29.402082546392748,28.470587547337768,28.89487567237693,19316000,AVGO
2020-08-12,29.4303035736084,29.627895943864306,28.699927525416165,28.74315012033003,18471000,AVGO
2020-08-13,29.058063507080078,29.410018953627656,28.919572849653253,29.304168172213178,15095000,AVGO
2020-08-14,28.91692352294922,29.095988546914565,28.756379102045134,28.93456251300139,10140000,AVGO
2020-08-17,29.137451171875,29.267118962353088,29.021014307883483,29.066000130924913,10594000,AVGO
2020-08-18,28.989248275756836,29.3897226050497,28.94514407764534,29.273285772269347,8857000,AVGO
2020-08-19,29.039535522460938,29.381786447227476,28.9539719500355,29.062467555891775,11273000,AVGO
2020-08-20,29.006010055541992,29.108334356181274,28.761668684019714,28.905452345643464,8910000,AVGO
2020-08-21,29.11098289489746,29.149797422106236,28.668170886005715,28.959264697863272,11508000,AVGO
2020-08-24,29.462060928344727,29.65523849745017,29.20977827116359,29.28652234994197,11996000,AVGO
2020-08-25,29.650836944580078,29.73463732054213,29.373858935161337,29.550279185374734,11140000,AVGO
2020-08-26,29.96221351623535,30.124521198577384,29.41884366976306,29.52733929745569,14844000,AVGO
2020-08-27,29.91546058654785,30.105993326397982,29.650828603205856,30.034542287103392,12552000,AVGO
2020-08-28,30.416488647460938,30.416488647460938,29.78843692102946,29.903110553387286,14589000,AVGO
2020-08-31,30.62201690673828,30.924575050533893,30.301816407963855,30.301816407963855,22229000,AVGO
2020-09-01,31.714933395385742,31.93810598223018,30.645832963453522,30.873413615204043,29205000,AVGO
2020-09-02,33.07954025268555,33.42796919414898,32.07041975144172,32.272420174293096,37053000,AVGO
2020-09-03,31.057769775390625,32.54057542033902,30.887524262254722,32.28565132203363,41795000,AVGO
2020-09-04,32.01573181152344,32.86078150115086,31.182149821778353,31.841078203925814,58514000,AVGO
2020-09-08,30.92104148864746,31.998082953167675,30.87340747765093,31.108044351541025,26685000,AVGO
2020-09-09,31.758161544799805,31.918705988728313,30.970450303010697,31.416792189889968,26273000,AVGO
2020-09-10,31.497941970825195,32.44619758514212,31.26065682274483,31.94340221102717,22851000,AVGO
2020-09-11,31.729061126708984,32.13217713018735,31.286245604795262,31.799627205799336,17362000,AVGO
2020-09-14,31.949569702148438,32.27506319324072,31.698172071471657,32.14451382464216,16447000,AVGO
2020-09-15,32.365047454833984,32.73640847620199,32.22743841396082,32.31123876984553,16618000,AVGO
2020-09-16,32.37650680541992,32.81402912295544,32.315641859874624,32.477067889985456,18498000,AVGO
2020-09-17,32.27771759033203,32.64820036705612,31.3144677547464,31.3144677547464,22862000,AVGO
2020-09-18,31.7316951751709,32.44707702374674,31.318874835805097,32.38356723767051,35295000,AVGO
2020-09-21,31.314218521118164,31.329349371523794,30.574511448841868,31.155772439065316,24198000,AVGO
2020-09-22,32.186553955078125,32.20524680274741,31.41747145786485,31.721901714893363,19500000,AVGO
2020-09-23,31.296419143676758,32.15273166224933,31.15933824030231,32.061050106858936,15542000,AVGO
2020-09-24,31.37919807434082,31.828719492643344,31.073881543315903,31.172687086548546,13611000,AVGO
2020-09-25,31.76018524169922,31.84207725320939,31.001785146547988,31.337370236133705,18183000,AVGO
2020-09-28,32.69483184814453,32.7954167139437,31.958686590862797,32.194573075817786,22192000,AVGO
2020-09-29,32.42422866821289,33.00638285018089,32.40019451517095,32.71174545834008,13722000,AVGO
2020-09-30,32.429569244384766,33.02418191936618,32.1972447628555,32.30761918037269,22403000,AVGO
2020-10-01,32.810550689697266,32.99836886708633,32.474075946139635,32.844374396396944,16016000,AVGO
2020-10-02,31.762855529785156,32.48298029950918,31.702328716062038,32.0450310260203,17100000,AVGO
2020-10-05,32.588016510009766,32.65477766980727,32.03613082053681,32.11980213626695,18923000,AVGO
2020-10-06,32.39929962158203,33.11319330876421,32.22483302318296,32.588900467335414,16672000,AVGO
2020-10-07,32.644981384277344,32.92270519998969,32.58445118169645,32.788293243355454,12747000,AVGO
2020-10-08,33.23157501220703,33.317028993852304,32.784726002885286,32.92536547724688,17045000,AVGO
2020-10-09,33.53156280517578,33.825310553030874,33.29122806043902,33.46302234313232,17253000,AVGO
2020-10-12,34.04161071777344,34.27927648347727,33.806613904119025,33.98464251353276,18839000,AVGO
2020-10-13,33.95793914794922,34.51961778164174,33.701580507407755,34.21786318277878,16731000,AVGO
2020-10-14,33.85200881958008,34.15821842584995,33.63392556243662,34.140415225893506,17298000,AVGO
2020-10-15,33.81907272338867,33.86892032200892,33.38201318924646,33.38468553666568,14361000,AVGO
2020-10-16,33.70515060424805,34.1172831180643,33.66064089038403,34.1172831180643,10295000,AVGO
2020-10-19,33.44878005981445,34.14664995552858,33.39359115252497,33.935687275895226,14803000,AVGO
2020-10-20,33.557376861572266,33.926782246974014,33.43008550231209,33.55915616299015,13297000,AVGO
2020-10-21,33.11764907836914,33.545805376463306,32.96276156553105,33.44877911716056,11896000,AVGO
2020-10-22,33.235145568847656,33.31881687553154,32.67791524374942,33.03130350839798,13547000,AVGO
2020-10-23,33.17728042602539,33.285878917011814,33.0028138364787,33.22534872189193,8868000,AVGO
2020-10-26,32.31562423706055,32.93159855294692,31.83227915445149,32.899554156663406,15509000,AVGO
2020-10-27,32.00941467285156,32.50611469974334,31.975590975565805,32.50611469974334,9620000,AVGO
2020-10-28,30.906539916992188,31.58749621765919,30.756997105177213,31.510945510357722,22331000,AVGO
2020-10-29,31.60085105895996,31.99518367803126,30.74275570747757,30.910994783896296,15697000,AVGO
2020-10-30,31.121952056884766,31.421037659610338,30.6581894051653,31.100586859196877,18530000,AVGO
2020-11-02,31.266149520874023,31.634668572878734,31.00800825436674,31.603513826618386,11757000,AVGO
2020-11-03,31.489574432373047,31.977371176712037,30.85757620293542,31.684516558247548,15457000,AVGO
2020-11-04,32.45716857910156,32.844377218168326,31.79045338120796,32.08775974786057,21277000,AVGO
2020-11-05,33.902748107910156,34.06119080862627,33.11408301997108,33.14523776974221,21783000,AVGO
2020-11-06,33.880496978759766,34.151989854684864,33.573397700441404,33.82975972293676,13545000,AVGO
2020-11-09,33.428306579589844,35.061712090941136,33.38112792657423,34.63533509920283,24088000,AVGO
2020-11-10,32.32363510131836,33.22000554184335,32.077066081933175,32.96364697109221,26784000,AVGO
2020-11-11,33.462127685546875,33.570726185873085,32.80609522156638,33.01171657693045,15133000,AVGO
2020-11-12,32.95296859741211,33.700686001727945,32.78206059792971,33.578735952188666,12160000,AVGO
2020-11-13,33.24671936035156,33.587645774911635,33.07581472328036,33.380241685338426,10997000,AVGO
2020-11-16,33.89740753173828,33.94725513243552,33.291222676392856,33.363321729908144,12100000,AVGO
2020-11-17,33.87871551513672,34.042499522711296,33.560933657258985,33.70602820972533,11950000,AVGO
2020-11-18,33.880496978759766,34.26503661688936,33.791484368390044,33.815515124611395,13517000,AVGO
2020-11-19,34.21073532104492,34.256134669851804,33.32237838495607,33.62235364840391,14555000,AVGO
2020-11-20,34.121726989746094,34.61308247166271,34.0656484303254,34.20896030440051,16140000,AVGO
2020-11-23,34.44839859008789,34.63977871430665,34.09234143948143,34.303304061817144,12212000,AVGO
2020-11-24,34.913944244384766,34.965571144589106,34.375410207834676,34.592603802794564,13455000,AVGO
2020-11-25,34.789329528808594,35.205023920272126,34.62643516144279,34.968247795940904,11787000,AVGO
2020-11-27,35.15607452392578,35.53171435083533,34.98249751446171,34.9958490697106,6846000,AVGO
2020-11-30,35.74622344970703,35.79785034626967,34.959337728723156,35.07327751523718,15454000,AVGO
2020-12-01,36.01237106323242,36.200189176396606,35.61625929412166,35.913565533567045,18181000,AVGO
2020-12-02,35.93760681152344,36.087149611378635,35.70438931425607,36.027509063316494,10031000,AVGO
2020-12-03,35.58778381347656,36.19664106281293,35.43646169855954,36.006150547492716,16120000,AVGO
2020-12-04,36.645267486572266,36.70935968569867,35.81832701305425,35.819220059325524,20083000,AVGO
2020-12-07,37.465091705322266,37.638668680951646,36.793035258677435,37.06630744938719,19707000,AVGO
2020-12-08,37.68940734863281,37.982262053882586,37.22208601046828,37.321781229276716,18121000,AVGO
2020-12-09,37.04939651489258,37.928853625676446,36.82240993783573,37.33868920445135,20908000,AVGO
2020-12-10,36.49928665161133,36.9630493151021,36.31858569976493,36.623905655910086,26244000,AVGO
2020-12-11,36.12364959716797,36.22868610788556,35.45248283032007,35.96164487967093,26664000,AVGO
2020-12-14,36.655948638916016,36.87848353672604,36.13966604610249,36.186844694023826,26116000,AVGO
2020-12-15,37.21318435668945,37.33157243425904,36.76188350409973,36.965725600315984,21207000,AVGO
2020-12-16,37.82204055786133,38.02232064911813,37.11526732137453,37.20784193952811,23160000,AVGO
2020-12-17,37.928855895996094,38.27689951153297,37.79088531914099,37.96446230151151,17152000,AVGO
2020-12-18,39.011505126953125,39.10935468413122,37.8839630330337,38.135324720531415,45243000,AVGO
2020-12-21,38.5015983581543,38.781688572800846,38.03657579598739,38.436062816239236,19096000,AVGO
2020-12-22,38.88043975830078,38.92083570707558,38.42259845824158,38.5015993180488,17929000,AVGO
2020-12-23,38.19457244873047,39.14077103238198,38.160457123339,39.05099998843379,10533000,AVGO
2020-12-24,38.73321533203125,38.78169321479206,38.38400060918223,38.466590401393475,4123000,AVGO
2020-12-28,38.770912170410156,39.254786825084594,38.705380057739944,38.99175086970802,10625000,AVGO
2020-12-29,38.51596450805664,39.125520102448974,38.313977901231496,39.125520102448974,9593000,AVGO
2020-12-30,39.0357551574707,39.320331598957445,38.611128436786345,38.752072522783415,10553000,AVGO
2020-12-31,39.306861877441406,39.365212729358205,38.875954585591,39.16861292551458,10211000,AVGO
2021-01-04,38.17303466796875,39.70096122762374,37.8157414410783,39.43972311005681,24171000,AVGO
2021-01-05,38.431575775146484,38.54738022904932,37.9198732346015,38.15776960920885,15069000,AVGO
2021-01-06,38.19457244873047,39.01329573903005,37.75289165246825,38.00066439114756,17226000,AVGO
2021-01-07,39.804195404052734,39.91192135315861,38.6560067125654,38.78707436841718,21267000,AVGO
2021-01-08,40.00618362426758,40.396694914512175,39.378676606107575,40.128275549585695,15271000,AVGO
2021-01-11,40.01696014404297,40.28807122200246,39.53757499305633,39.554632659499624,11660000,AVGO
2021-01-12,40.34282684326172,40.824907037078766,40.00259134603136,40.197396646981005,13846000,AVGO
2021-01-13,40.50621032714844,40.710892010728784,40.227918029561515,40.424517784830364,13118000,AVGO
2021-01-14,40.583431243896484,41.16066605747517,40.51699845430114,40.71270447315752,19692000,AVGO
2021-01-15,40.02503967285156,40.397596103250514,39.55912325159374,40.23421098242751,18165000,AVGO
2021-01-19,41.229774475097656,41.24952725519305,40.243176532246956,40.243176532246956,18819000,AVGO
2021-01-20,41.46408462524414,41.81509374233748,40.846450629328416,41.25222166169269,14710000,AVGO
2021-01-21,41.90755844116211,42.1454547951599,41.33122106578911,41.48472975992605,15749000,AVGO
2021-01-22,41.745975494384766,41.97310169331424,41.5089763278345,41.629273798033296,16248000,AVGO
2021-01-25,41.72532653808594,42.19304080180621,40.9434101488516,42.15354208446911,14692000,AVGO
2021-01-26,41.64274215698242,41.92642133788691,41.46409382555752,41.53321830213872,10742000,AVGO
2021-01-27,39.92180633544922,41.02241461919555,39.63543202427393,40.894939284851475,21857000,AVGO
2021-01-28,40.55379867553711,41.15886468194217,40.13096991355487,40.8940376484797,16946000,AVGO
2021-01-29,40.44247817993164,41.124750551335296,40.18483243449895,40.3886169147736,22069000,AVGO
2021-02-01,41.900390625,42.13200301167047,40.71988421066593,40.9227680726254,17027000,AVGO
2021-02-02,42.810672760009766,42.8187512644002,42.01349320679954,42.17149491750995,16141000,AVGO
2021-02-03,41.761226654052734,42.95789299622308,41.70736197735473,42.81515451383707,17857000,AVGO
2021-02-04,42.24959182739258,42.297172468028755,41.06908579173246,41.29531129341849,15243000,AVGO
2021-02-05,41.8348503112793,42.814267134712914,41.77649604195909,42.58175413766101,12488000,AVGO
2021-02-08,42.43543243408203,42.50006733009307,41.796251050391675,42.08083088818531,17610000,AVGO
2021-02-09,42.60868835449219,42.658960694682186,42.069154504042984,42.37258643200858,12758000,AVGO
2021-02-10,42.19753646850586,42.86544295775455,41.78817299060799,42.84030678408785,14587000,AVGO
2021-02-11,42.94622802734375,43.032410152046616,42.12031999424493,42.524296563448374,17123000,AVGO
2021-02-12,43.65812301635742,43.72096343603297,42.632022864433594,42.945331156297115,13551000,AVGO
2021-02-16,43.91038131713867,44.41759767190171,43.72096282967882,44.06748578869472,15163000,AVGO
2021-02-17,43.31340408325195,43.640174311917455,42.647292115656526,43.47050515472576,14084000,AVGO
2021-02-18,43.383426666259766,43.576437536429026,42.653577024076625,43.11141493088345,16715000,AVGO
2021-02-19,43.98488998413086,44.44991248029075,43.698515767733056,43.7416068272965,17992000,AVGO
2021-02-22,42.76399612426758,43.68416147585317,42.67063271499886,43.44985743379043,16967000,AVGO
2021-02-23,42.36360549926758,42.60778934088527,40.94161063701632,42.2953782655002,21303000,AVGO
2021-02-24,43.16976547241211,43.217342694026854,41.5341097012911,41.98476971948985,15125000,AVGO
2021-02-25,41.04035186767578,43.035094794685044,40.865295953791694,42.619447440800826,23148000,AVGO
2021-02-26,42.18136215209961,42.710122280923535,41.361741659283204,41.97129367012506,22640000,AVGO
2021-03-01,43.950782775878906,43.988487028954076,42.53956155428504,43.06383217297573,24677000,AVGO
2021-03-02,43.13654327392578,44.06568766063312,43.05485072992811,44.02169936771129,18546000,AVGO
2021-03-03,41.57001495361328,43.21554351197312,41.47216197859388,42.911214390007366,23991000,AVGO
2021-03-04,39.82215118408203,41.9237233044235,39.628243101566426,41.44523542823665,34575000,AVGO
2021-03-05,40.410160064697266,40.93622516967462,38.87146004228489,40.77912410799591,42414000,AVGO
2021-03-08,37.81663131713867,40.21445390442559,37.63798302616641,40.11300857838669,45243000,AVGO
2021-03-09,39.82304763793945,40.11929485491448,38.65600681660397,39.112947438844884,37884000,AVGO
2021-03-10,39.28352355957031,40.759383473189345,39.05998967630469,40.15970419252002,19914000,AVGO
2021-03-11,40.728851318359375,41.0663951455937,39.68749131803264,40.309614939954514,26170000,AVGO
2021-03-12,40.502628326416016,40.710898969694995,39.90564083672972,39.98104935022106,18906000,AVGO
2021-03-15,42.26216125488281,42.30345785511884,40.68396265448692,40.86261094576422,31241000,AVGO
2021-03-16,42.927391052246094,43.44986737118049,41.960542062625535,42.30706172129587,31190000,AVGO
2021-03-17,43.41305160522461,43.74341418369961,42.19394043960171,42.21997384226544,23754000,AVGO
2021-03-18,41.667869567871094,43.39149838821226,41.63195977797747,42.60240078889435,28728000,AVGO
2021-03-19,42.92636489868164,43.12721762428905,41.084311819864965,41.3512123599261,108602000,AVGO
2021-03-22,43.00055694580078,43.543400503705655,42.67394518595712,42.786133636888906,31805000,AVGO
2021-03-23,41.985435485839844,43.00869866576648,41.85786797430824,42.8648443979198,24712000,AVGO
2021-03-24,41.371116638183594,42.52194727392605,41.33492614900122,42.473090458661346,20882000,AVGO
2021-03-25,41.771915435791016,41.98181751720741,40.65094209836263,41.16211982832191,17537000,AVGO
2021-03-26,43.612159729003906,43.69901552394185,41.31411884922736,41.31411884922736,28925000,AVGO
2021-03-29,42.75990295410156,43.53255244493753,42.36633907406128,43.46379188280164,28410000,AVGO
2021-03-30,41.27069854736328,41.98001640148178,40.85994366056311,41.969158562287454,27935000,AVGO
2021-03-31,41.94923782348633,42.25775426025009,40.93049957572865,41.52762871967695,28684000,AVGO
2021-04-01,43.06117248535156,43.118170950944474,42.450469216218366,42.7101323441232,23528000,AVGO
2021-04-05,44.19481658935547,44.299767634880354,43.1398875691596,43.454737254419,22966000,AVGO
2021-04-06,43.77773666381836,44.171297086269924,43.22312750072507,43.70988034747014,18063000,AVGO
2021-04-07,43.6501579284668,43.78134586307841,43.24664398347584,43.42849722234408,12074000,AVGO
2021-04-08,43.92338180541992,44.149567134896444,43.43844109406408,44.149567134896444,18121000,AVGO
2021-04-09,43.88810348510742,43.90800721787073,43.11454993292441,43.42759109281654,16614000,AVGO
2021-04-12,43.759639739990234,43.917968837861466,43.300935752834434,43.602214886776046,23247000,AVGO
2021-04-13,43.8763427734375,44.17128869875492,43.45382934450335,43.87996320283239,15281000,AVGO
2021-04-14,43.18331527709961,44.25905227217502,42.992416128680475,43.65106857992895,18220000,AVGO
2021-04-15,43.42759323120117,43.63658761247916,43.13626773002579,43.575972166712745,18370000,AVGO
2021-04-16,43.318115234375,43.58863272145257,43.13626201852417,43.4710153723231,16263000,AVGO
2021-04-19,41.7990608215332,43.13807791807408,41.62263649318825,43.113649509372145,26319000,AVGO
2021-04-20,41.37020492553711,41.80176417896394,41.12411240457338,41.61900672829368,19128000,AVGO
2021-04-21,41.599124908447266,41.648885985470564,40.94861392776301,41.18565722725769,25947000,AVGO
2021-04-22,41.175697326660156,41.721253652331725,40.62290014130908,41.174789630713676,27057000,AVGO
2021-04-23,42.1727180480957,42.328334399521424,41.391927008528626,41.48149554081367,22890000,AVGO
2021-04-26,42.69023132324219,42.86936838325356,41.941102668459735,42.25323960795242,18271000,AVGO
2021-04-27,42.1926155090332,42.90826631894504,42.07590585130457,42.85760101922135,13267000,AVGO
2021-04-28,41.54573440551758,42.15824626218332,41.26074203171116,42.10396052137071,15940000,AVGO
2021-04-29,42.18719482421875,42.49480708654365,41.530350890943524,42.49480708654365,14650000,AVGO
2021-04-30,41.27430725097656,41.684157810890675,41.06078819664782,41.59187309887283,19367000,AVGO
2021-05-03,40.726036071777344,41.60363647959687,40.55775339801271,41.595491375921966,15098000,AVGO
2021-05-04,40.21937942504883,40.50527946569913,39.56525167323864,40.46185156773561,23497000,AVGO
2021-05-05,40.15513610839844,40.843645733715846,40.023043949866896,40.7504567918375,16388000,AVGO
2021-05-06,40.584896087646484,40.63103671727439,39.79415151314066,40.15242906726164,13495000,AVGO
2021-05-07,40.94679260253906,41.47154435890386,40.64098882618023,41.128645847616916,11712000,AVGO
2021-05-10,39.45578384399414,40.58037774071008,39.42592651366687,40.56680716819282,25239000,AVGO
2021-05-11,39.81496810913086,39.96786829734502,38.275098033844806,38.45152238988136,17887000,AVGO
2021-05-12,38.21446990966797,38.98169030250099,37.9213359325522,38.83964798773687,29940000,AVGO
2021-05-13,38.958168029785156,39.33996627058849,38.50941428320022,38.893928708696855,21841000,AVGO
2021-05-14,39.95519256591797,40.27185415833822,39.08935774829134,39.48201384326199,16964000,AVGO
2021-05-17,39.80319595336914,40.00224018214786,39.16083033489307,40.00224018214786,15725000,AVGO
2021-05-18,39.24225997924805,40.21033314912469,39.20064057079174,40.16328482205973,17824000,AVGO
2021-05-19,39.9642333984375,40.034802418945674,38.514836762867006,38.54197789737458,21369000,AVGO
2021-05-20,41.16574478149414,41.55478396432559,40.290860468108185,40.32885945147411,21886000,AVGO
2021-05-21,40.82555389404297,41.43625368563028,40.65365080882886,41.43625368563028,13216000,AVGO
2021-05-24,41.54482650756836,41.83886820464433,41.28878724164024,41.33945254808384,14420000,AVGO
2021-05-25,41.57649612426758,41.8859203612617,41.301457343284035,41.79001520702884,9600000,AVGO
2021-05-26,41.662445068359375,41.80810782855121,41.21369470540659,41.68777772230578,9873000,AVGO
2021-05-27,42.31295394897461,42.381714499610204,41.586445218868995,41.61811103486466,19098000,AVGO
2021-05-28,42.733665466308594,42.94085139458101,42.31296044559225,42.52285910794576,19946000,AVGO
2021-06-01,42.36995315551758,43.246645877242635,42.26952678713768,43.015031568506416,16277000,AVGO
2021-06-02,42.86031723022461,43.21949900207642,42.47489511273003,42.68841414778671,13286000,AVGO
2021-06-03,42.05239486694336,42.50114874946722,41.913065249045985,42.414292936635775,20389000,AVGO
2021-06-04,42.97522735595703,43.28283964771544,42.47942863979781,42.56809293284804,23865000,AVGO
2021-06-07,41.960105895996094,42.9281826169403,41.84158772420257,42.79427848096927,24142000,AVGO
2021-06-08,41.93748092651367,42.739079834018156,41.93567243759598,42.34642375736758,16615000,AVGO
2021-06-09,41.97367477416992,42.26862070316505,41.77372629068189,42.26862070316505,12126000,AVGO
2021-06-10,42.40251922607422,42.481229912091344,41.637107330925495,42.115714963686116,15413000,AVGO
2021-06-11,42.586185455322266,42.71556490806464,42.26500261189231,42.38171573786636,14508000,AVGO
2021-06-14,43.05031967163086,43.05665283521345,42.16638605258207,42.56718729881964,14675000,AVGO
2021-06-15,42.58979797363281,43.11726237701652,42.39165800505165,43.116354681288655,11131000,AVGO
2021-06-16,42.13833999633789,42.62418509527508,41.752013572609755,42.54728288889366,20437000,AVGO
2021-06-17,42.62871170043945,42.99693944368,41.97458389164047,42.05962775454669,20881000,AVGO
2021-06-18,41.93477249145508,42.501143696997005,41.664254941735805,42.27586253778271,28537000,AVGO
2021-06-21,42.364234924316406,42.43444503539079,41.801642713001435,42.05056947044697,18591000,AVGO
2021-06-22,42.349647521972656,42.72623251154036,42.06424698090695,42.543867092867416,13722000,AVGO
2021-06-23,42.5511589050293,42.66239940449434,42.22107921905217,42.29584941937425,17674000,AVGO
2021-06-24,42.861183166503906,43.188528915805904,42.728056996457845,42.84568024434219,12502000,AVGO
2021-06-25,42.14448928833008,43.079106422007435,41.943886976680005,42.9788052661824,19100000,AVGO
2021-06-28,43.11102294921875,43.42925200490051,42.44630339574291,42.490982561765406,13987000,AVGO
2021-06-29,43.507667541503906,43.52225566314259,42.923189613169605,43.07181523298343,14184000,AVGO
2021-06-30,43.47939682006836,43.63896874008399,43.08640105297781,43.59702354469929,15381000,AVGO
2021-07-01,42.822879791259766,43.5705747881833,42.75814110145645,43.5705747881833,11153000,AVGO
2021-07-02,42.6888427734375,43.63805138752421,41.552708668969906,43.47300807540879,37054000,AVGO
2021-07-06,43.154788970947266,43.47119188932237,42.700703269074936,42.89218540108924,13870000,AVGO
2021-07-07,42.81376647949219,43.3444485131842,42.52472063555524,43.31162350170111,12581000,AVGO
2021-07-08,42.901302337646484,42.95419036367593,42.08613107055128,42.346915474598084,16011000,AVGO
2021-07-09,43.78395080566406,43.84777818488132,42.676084897348346,42.81650513162632,16782000,AVGO
2021-07-12,44.291839599609375,45.045917538983225,43.15297122861074,43.88790095260747,33142000,AVGO
2021-07-13,44.133174896240234,44.454134409928066,43.94989815809378,44.253535583455914,11806000,AVGO
2021-07-14,43.912513732910156,44.861722447805064,43.835920883350674,44.60640947094242,14020000,AVGO
2021-07-15,43.524993896484375,44.17329921661816,43.140203485076746,44.066615314170406,12624000,AVGO
2021-07-16,42.67973327636719,43.79307068035454,42.60587786269033,43.681826680909644,13980000,AVGO
2021-07-19,42.46089553833008,42.48824913631304,41.72413973345164,42.26120453372663,14938000,AVGO
2021-07-20,42.727149963378906,43.060875005608196,42.24205836709004,42.66332257943715,20727000,AVGO
2021-07-21,43.67816925048828,43.701877551704214,42.718929157160105,42.82196774385605,13660000,AVGO
2021-07-22,43.432899475097656,43.67544353138781,43.2669482786886,43.45751910553537,12583000,AVGO
2021-07-23,44.05476379394531,44.09397502619001,43.47849120438268,43.77027452985756,13489000,AVGO
2021-07-26,43.97178649902344,44.09761861851471,43.73835915197181,43.964492437917364,11160000,AVGO
2021-07-27,43.344444274902344,43.932570890764694,42.655105187837314,43.836829833996056,14715000,AVGO
2021-07-28,43.55324935913086,43.68364154010155,43.249611963616275,43.466625012693584,8359000,AVGO
2021-07-29,44.14230728149414,44.29914180317047,43.53412089201763,43.62803934041486,9162000,AVGO
2021-07-30,44.259918212890625,44.34562776658393,43.72832488912342,43.94624928172083,11548000,AVGO
2021-08-02,44.19425964355469,45.09878907625953,44.08757924462274,44.59272675996968,15619000,AVGO
2021-08-03,44.386661529541016,44.47510852950161,43.763883760627024,44.26812348834009,11135000,AVGO
2021-08-04,44.47875213623047,44.67753178710208,44.13317301056733,44.54531695352469,12123000,AVGO
2021-08-05,44.46689987182617,44.718564075476614,44.213413022737974,44.718564075476614,8372000,AVGO
2021-08-06,44.26265335083008,44.507934823072404,44.134998600467846,44.229828340498514,9964000,AVGO
2021-08-09,44.19425964355469,44.390301833453734,43.85870857069631,44.3592994729816,5952000,AVGO
2021-08-10,43.97361373901367,44.355666721417364,43.56967509440487,44.3055161369175,9319000,AVGO
2021-08-11,44.09123229980469,44.311894152418866,43.74838710733997,44.206121579141474,9816000,AVGO
2021-08-12,44.155975341796875,44.22345149526353,43.4693735665818,43.975436021752884,8702000,AVGO
2021-08-13,44.3292236328125,44.58544448783794,43.9599326556846,44.00552662499948,8582000,AVGO
2021-08-16,44.50975799560547,44.579968109136075,44.16873545655334,44.2079466831984,9188000,AVGO
2021-08-17,43.6480827331543,44.334687868600476,43.267852465031176,44.277239754833516,16499000,AVGO
2021-08-18,42.76179885864258,43.50128868918423,42.70526553432876,43.46208093482102,15616000,AVGO
2021-08-19,43.177589416503906,43.387308455767766,42.186435386064616,42.52289786739797,14044000,AVGO
2021-08-20,43.32712936401367,43.42378524556684,42.89583710198317,43.1128536956921,10007000,AVGO
2021-08-23,43.99092483520508,44.331947333237096,43.37544465365767,43.43288928509112,15707000,AVGO
2021-08-24,43.89793014526367,44.04473312207771,43.78212605790271,43.98637715614928,9429000,AVGO
2021-08-25,44.07847213745117,44.33925309349058,43.91069829041817,43.91069829041817,10017000,AVGO
2021-08-26,44.29092788696289,44.507029669793205,43.82225053661969,44.041086288052,10836000,AVGO
2021-08-27,45.22099304199219,45.26658353823213,44.37299659426798,44.49791392786569,16459000,AVGO
2021-08-30,45.48997497558594,46.306968971522096,45.431619006947265,45.59118746741691,19614000,AVGO
2021-08-31,45.3367805480957,45.70880542902089,44.92554792131675,45.70880542902089,17378000,AVGO
2021-09-01,44.96750259399414,45.521889523987426,44.942882962725484,45.25107705836382,12586000,AVGO
2021-09-02,44.85260772705078,45.224632669033234,44.693950593876586,45.20730709999939,16991000,AVGO
2021-09-03,45.379642486572266,46.13827698053499,45.138921089850605,45.21824791373342,25191000,AVGO
2021-09-07,45.280250549316406,45.37234284484353,44.770539380928064,45.37234284484353,12398000,AVGO
2021-09-08,45.078739166259766,45.58115282101444,44.50702671653914,45.55653667023524,13987000,AVGO
2021-09-09,44.99758529663086,45.47264534412562,44.939229333204956,44.939229333204956,13174000,AVGO
2021-09-10,45.422489166259766,46.13735919553747,45.27295224580552,45.32219149694995,16110000,AVGO
2021-09-13,45.4963493347168,45.81640099791176,44.976610171577704,45.77354448261256,14927000,AVGO
2021-09-14,45.761695861816406,46.08539285494206,45.44164415993839,45.77355001503389,14134000,AVGO
2021-09-15,46.47930145263672,46.56683714201803,45.53830148761627,45.784494309626915,23346000,AVGO
2021-09-16,46.26137161254883,46.42550014133434,45.61032891214377,46.065329396406746,17569000,AVGO
2021-09-17,46.138275146484375,46.2859929147357,45.68236332298817,45.95317575311775,34470000,AVGO
2021-09-20,45.11886215209961,45.864734715883806,44.53712162272827,45.500007296627906,30105000,AVGO
2021-09-21,45.09772872924805,45.351237302082325,44.73124640428673,45.32735524723328,16935000,AVGO
2021-09-22,45.9795036315918,46.20086467979138,45.210715733627914,45.397171693549105,20610000,AVGO
2021-09-23,46.32026290893555,46.59489603665486,45.97949512759225,46.15584953215928,18370000,AVGO
2021-09-24,46.37721633911133,46.430488466234145,46.00154693278884,46.133812752754594,10605000,AVGO
2021-09-27,46.370784759521484,46.45987997053051,45.68465913382508,45.90510215728868,9831000,AVGO
2021-09-28,45.100486755371094,46.058487926669,45.05639815507542,45.64975300026899,20124000,AVGO
2021-09-29,44.959041595458984,45.399002629948555,44.790952696333676,45.34021899205588,15783000,AVGO
2021-09-30,44.54112243652344,45.421969570713905,44.49979133819685,45.421969570713905,15735000,AVGO
2021-10-01,44.76340103149414,44.883725822401814,43.858671847432774,44.80932564156452,16052000,AVGO
2021-10-04,43.71629333496094,44.690825434876274,43.42512570531852,44.541110613612844,20093000,AVGO
2021-10-05,44.586124420166016,44.98751185148433,43.65935277158943,43.71538240237769,16557000,AVGO
2021-10-06,44.894744873046875,44.947102501874895,44.06074387194816,44.375790127457186,12042000,AVGO
2021-10-07,45.36684799194336,45.91611770598325,45.24836273298575,45.24836273298575,13261000,AVGO
2021-10-08,45.268585205078125,45.74161541351968,45.124378334994056,45.63323163646328,10279000,AVGO
2021-10-11,45.22172927856445,45.88764478313113,45.08486996695631,45.12069304944176,11186000,AVGO
2021-10-12,44.57326889038086,45.62220140410157,44.27383567210082,45.543211216141195,20991000,AVGO
2021-10-13,44.5484619140625,44.58244548903065,44.046959791659035,44.195756624133764,16424000,AVGO
2021-10-14,45.704864501953125,45.84723533786386,45.08211954640166,45.177644270134444,19233000,AVGO
2021-10-15,46.223819732666016,46.46354777619664,46.02450477985701,46.329445970995636,25103000,AVGO
2021-10-18,46.23392105102539,46.29086868069618,45.80222557272302,45.96112743411475,16042000,AVGO
2021-10-19,46.879634857177734,46.923723458947826,46.08787953226429,46.32209957220113,16383000,AVGO
2021-10-20,46.787776947021484,47.158852758868235,46.70052125855795,46.935655770119254,13458000,AVGO
2021-10-21,47.22500228881836,47.283785935234064,46.71523101165194,46.79054920103931,11787000,AVGO
2021-10-22,47.340728759765625,47.889077077564394,47.121203730020916,47.27918761053995,15367000,AVGO
2021-10-25,47.95245361328125,48.17565064678146,47.31960360151208,47.531777607628236,12416000,AVGO
2021-10-26,49.03628921508789,49.13916145630484,48.1297240855406,48.242697848263965,24043000,AVGO
2021-10-27,48.047977447509766,49.23835926814236,47.93316417522792,48.84799484314869,23500000,AVGO
2021-10-28,48.64133071899414,48.676232298789785,48.07736589827654,48.142582553706355,11872000,AVGO
2021-10-29,48.8342170715332,48.87830567575817,48.08379630191787,48.08379630191787,15564000,AVGO
2021-11-01,48.50171661376953,48.91779907896348,48.21514244811411,48.71205460223327,16896000,AVGO
2021-11-02,49.3302116394043,49.674651453813986,48.37588238147848,48.44660704836752,16262000,AVGO
2021-11-03,49.817020416259766,49.94745023101975,49.027104522136185,49.512075684542076,14038000,AVGO
2021-11-04,50.39107894897461,50.43241354360799,49.68382886324582,49.94836045819632,15956000,AVGO
2021-11-05,51.33715057373047,51.40603924434338,50.50039201134391,50.5178445553815,18674000,AVGO
2021-11-08,51.339900970458984,51.79364252581492,51.261828789697425,51.61728811408838,17231000,AVGO
2021-11-09,51.23426818847656,51.61085554235336,50.98994663556084,51.3619404779523,15838000,AVGO
2021-11-10,50.40485763549805,51.519006670676745,50.3387264864987,50.91279279210713,18450000,AVGO
2021-11-11,51.01382827758789,51.171812135471264,50.40853240939549,50.76491321520254,14157000,AVGO
2021-11-12,51.732112884521484,51.972762499071564,50.93944286472496,51.29031225920139,13592000,AVGO
2021-11-15,51.96632385253906,52.142678272495715,51.420733059510546,52.142678272495715,13972000,AVGO
2021-11-16,52.24187088012695,52.31167754052833,51.68801110852493,51.812011395208906,13194000,AVGO
2021-11-17,52.3217887878418,52.47977267004658,51.812935558787345,52.18401145376793,12532000,AVGO
2021-11-18,52.79665756225586,52.97301199804343,52.32179139414376,52.455893224408754,12712000,AVGO
2021-11-19,52.237281799316406,53.01709260163671,51.981015703562875,52.93166940177794,19612000,AVGO
2021-11-22,50.81911087036133,52.54222801903835,50.74563219541002,52.5091624401191,25898000,AVGO
2021-11-23,50.98811340332031,51.05608055864811,50.3828174973329,50.74011632697499,17109000,AVGO
2021-11-24,51.319698333740234,51.35184591084542,50.278109827886,50.814520620448846,12084000,AVGO
2021-11-26,50.20463180541992,51.18835118143978,49.90428058004344,50.68041595275689,14219000,AVGO
2021-11-29,51.834964752197266,52.129807890827365,50.85583914316463,51.08730164108979,18703000,AVGO
2021-11-30,50.8558464050293,51.89467729356309,50.70153805104502,51.73669342951229,22574000,AVGO
2021-12-01,50.95504379272461,52.21523211713114,50.82369599655814,51.755979087037204,21980000,AVGO
2021-12-02,50.74287033081055,51.35459575168677,49.96673503111232,50.1568629695331,22619000,AVGO
2021-12-03,51.26365661621094,52.262992283560436,50.5545705798807,51.89007697320756,20305000,AVGO
2021-12-06,51.893760681152344,52.20513490596169,51.06434975246151,51.86344910971609,22482000,AVGO
2021-12-07,54.228607177734375,54.47384676472775,52.53855562058038,52.53855562058038,29562000,AVGO
2021-12-08,54.05959701538086,54.27820402976684,53.49655369872076,54.27820402976684,17998000,AVGO
2021-12-09,53.58748245239258,54.21390288888411,53.49838724784678,53.49838724784678,29080000,AVGO
2021-12-10,58.02019500732422,59.220681799961376,56.817872211513475,57.31294486115555,57087000,AVGO
2021-12-13,57.099857330322266,58.271872150092975,57.060362236065664,58.233295057494935,26898000,AVGO
2021-12-14,56.479854583740234,56.820618830759955,55.62839771119108,56.74897617425065,35956000,AVGO
2021-12-15,58.77153015136719,58.86337935793257,56.06010050875582,56.54047809589706,29092000,AVGO
2021-12-16,57.00984573364258,58.84502220062349,56.166657682485905,58.54191346118056,42748000,AVGO
2021-12-17,58.32146072387695,58.78347127350672,56.49730758812475,56.72050459418399,50661000,AVGO
2021-12-20,59.246402740478516,59.34376697457864,57.41490189019604,57.52604315641369,32770000,AVGO
2021-12-21,59.73724365234375,60.035817136829266,58.54109491408,59.9091758844458,36534000,AVGO
2021-12-22,60.56548309326172,60.74666816071805,59.09202062134352,59.467321464332215,28383000,AVGO
2021-12-23,61.45289993286133,62.00105338505105,60.651456918299225,60.651456918299225,23596000,AVGO
2021-12-27,62.32921600341797,62.515937286564075,61.42147100728619,61.452903880793606,19442000,AVGO
2021-12-28,61.841148376464844,62.650906385012426,61.659046446133566,62.631490924178145,17247000,AVGO
2021-12-29,62.174842834472656,62.58064213795714,61.85223450394442,61.915093196887725,14797000,AVGO
2021-12-30,61.47878646850586,62.460476647380794,61.36416261990707,62.2201354096771,11473000,AVGO
2021-12-31,61.5092887878418,62.054670656634855,61.31147396295978,61.65349071034751,12046000,AVGO
2022-01-03,61.31609344482422,62.090723013615126,61.121974115621484,61.59341080224147,22591000,AVGO
2022-01-04,62.01863098144531,62.136026463204296,60.75314915663043,61.27542716919461,21103000,AVGO
2022-01-05,59.43775177001953,62.04543200324071,59.34623182328059,62.04543200324071,34961000,AVGO
2022-01-06,58.885894775390625,59.96002530300109,58.6455570516369,59.17522603368716,28581000,AVGO
2022-01-07,57.233097076416016,59.15211379288272,57.16931450978754,58.77681291114702,27832000,AVGO
2022-01-10,57.41889953613281,57.500242762923456,55.79290950700639,56.281910372932906,29793000,AVGO
2022-01-11,57.50117111206055,58.05117588091974,56.80973251550991,56.8993976622485,19037000,AVGO
2022-01-12,57.49654769897461,58.32756531524479,57.287635807721585,58.00588084918945,18806000,AVGO
2022-01-13,55.203155517578125,58.04007981564143,54.92214267492151,58.002183351504115,30048000,AVGO
2022-01-14,55.127357482910156,55.49803195525394,54.72340238889017,55.072817180360275,25661000,AVGO
2022-01-18,53.40985870361328,54.63466536958353,53.243469687227446,54.383234096846714,35825000,AVGO
2022-01-19,52.132354736328125,54.05137136485674,52.073195068521294,53.76019239548502,22692000,AVGO
2022-01-20,50.63023376464844,52.702698067314955,50.54241637495287,52.504879735138125,25225000,AVGO
2022-01-21,49.29081726074219,51.340171037174834,49.11610631889332,50.530413008993136,38010000,AVGO
2022-01-24,50.06266784667969,50.24107425844166,47.45775933362236,49.07450352717779,54256000,AVGO
2022-01-25,49.37492752075195,50.415780850239,48.45794030042388,48.807355074146734,38158000,AVGO
2022-01-26,51.49916076660156,53.07522990993436,50.84746990170997,51.02587632347006,49715000,AVGO
2022-01-27,50.13014602661133,52.71379486558926,50.011826685300484,52.66387746094014,34183000,AVGO
2022-01-28,51.774620056152344,51.811596172299275,49.2131583219117,50.2272052103921,30254000,AVGO
2022-01-31,54.157676696777344,54.20297120302676,51.395621584548,51.709911506502394,40288000,AVGO
2022-02-01,54.78995895385742,54.89903603744691,53.227754938628834,54.15675966035219,25719000,AVGO
2022-02-02,55.779972076416016,55.90661334783129,54.87407829494209,55.370473713432666,24443000,AVGO
2022-02-03,53.692718505859375,55.37232155587272,53.625240436751774,55.06265448475592,30602000,AVGO
2022-02-04,54.55331802368164,55.14215021949854,53.25733427893777,53.27952136154397,20548000,AVGO
2022-02-07,54.3194465637207,55.60895955986138,53.998685975735384,54.55331362889333,18671000,AVGO
2022-02-08,55.483245849609375,55.63392195040897,54.26029048862385,54.38877950713393,14570000,AVGO
2022-02-09,56.51115417480469,56.54628254397443,55.6071082098749,56.14232745594211,22004000,AVGO
2022-02-10,54.66423797607422,56.816197767317135,54.4063325747497,55.02844177254944,24920000,AVGO
2022-02-11,53.005897521972656,55.4407215379845,52.604717590820094,54.66424072564624,27281000,AVGO
2022-02-14,53.48289108276367,53.873901421741714,52.69624045535429,53.15196077332505,19291000,AVGO
2022-02-15,55.718955993652344,56.02122849852644,54.37675407874535,54.44885503308746,34284000,AVGO
2022-02-16,55.20500183105469,55.53777981752873,54.28154397646016,54.91381932977168,22931000,AVGO
2022-02-17,53.521705627441406,54.68457735233288,53.51153596110753,54.51079383432578,21424000,AVGO
2022-02-18,53.613216400146484,54.32961012427401,52.992954934214,53.7010337927842,19708000,AVGO
2022-02-22,53.37935256958008,54.55794083340664,52.6722010217789,53.6132231794575,20204000,AVGO
2022-02-23,52.24514389038086,54.08281423122123,52.20354486936375,53.635412299492174,22416000,AVGO
2022-02-24,53.61414337158203,54.14011683137205,50.75040900505224,50.987051220881206,35316000,AVGO
2022-02-25,54.35456466674805,54.481205913048264,53.05950858722594,53.598423263175775,22380000,AVGO
2022-02-28,54.3018798828125,54.751129460138536,53.27951462007161,53.706577117598776,25005000,AVGO
2022-03-01,52.70085525512695,54.31852337794291,52.25530114748211,54.05692245843227,24898000,AVGO
2022-03-02,54.1484375,54.5875209807783,53.02069407606381,53.10758407718699,21771000,AVGO
2022-03-03,53.4847297668457,54.880544687752305,53.09001694569305,54.87869693976878,26454000,AVGO
2022-03-04,55.09223556518555,56.00922293947891,53.9848278622623,54.79643364137957,44757000,AVGO
2022-03-07,52.75447082519531,55.35013376600449,52.68976437910939,55.19299054729206,26494000,AVGO
2022-03-08,53.239768981933594,55.097774781472246,52.0990808098402,52.89035067121564,26993000,AVGO
2022-03-09,55.18744659423828,55.61451268644536,54.261216967632535,54.42668211374416,22560000,AVGO
2022-03-10,54.328697204589844,54.54038074781096,53.27860140819245,54.12810720348819,19323000,AVGO
2022-03-11,53.415409088134766,54.94803518548466,53.34793101343096,54.72341035079053,19813000,AVGO
2022-03-14,52.486392974853516,53.61229205465869,52.20445626793088,53.33312696956411,25234000,AVGO
2022-03-15,54.79365539550781,55.163405992450826,53.15565147072099,53.361788213104376,28260000,AVGO
2022-03-16,56.121070861816406,56.17560764032055,53.9894430789607,55.15324227574765,29454000,AVGO
2022-03-17,55.709716796875,56.10997640440915,55.243830397140954,55.899216759951805,18174000,AVGO
2022-03-18,56.42518615722656,56.68401191615642,55.092226446264796,55.82988338545139,41538000,AVGO
2022-03-21,55.95801544189453,56.35911791067126,54.801238960812675,56.35911791067126,25789000,AVGO
2022-03-22,56.89329147338867,57.09430774279749,55.77560153856847,55.99802479991582,19262000,AVGO
2022-03-23,55.7802619934082,56.8960918114626,55.75978867061416,56.582466918867745,13839000,AVGO
2022-03-24,58.29762268066406,58.371141325357684,56.024086372904264,56.45496690522132,26016000,AVGO
2022-03-25,58.52470016479492,58.66801697723576,57.70574238645608,58.35811611458502,14538000,AVGO
2022-03-28,58.89788055419922,58.93697050721905,57.30649949159017,58.24644050523552,14427000,AVGO
2022-03-29,59.697296142578125,60.05465448280009,58.62985752882179,59.56049018800943,23001000,AVGO
2022-03-30,58.731292724609375,59.95972744942738,58.38137538482262,59.455324760147285,18626000,AVGO
2022-03-31,58.60007095336914,59.4674233302977,58.448379518344524,58.674523263868714,21731000,AVGO
2022-04-01,58.348812103271484,59.05516128804419,57.57731536192023,58.787137189816995,16267000,AVGO
2022-04-04,59.081214904785156,59.255243467565606,58.11987048794073,58.29668941506188,16484000,AVGO
2022-04-05,57.152015686035156,58.840186230758825,57.04778527535005,58.587984847738376,19778000,AVGO
2022-04-06,56.02408218383789,56.91655848976419,55.25816983590049,56.03152670488647,23742000,AVGO
2022-04-07,56.12180709838867,56.54896718089231,55.20885732696416,55.82214466558946,16583000,AVGO
2022-04-08,54.62813949584961,55.70674315045474,54.53228373257143,55.594134550359044,20464000,AVGO
2022-04-11,54.033470153808594,54.84032930692278,53.923655458287755,54.21680350350269,23512000,AVGO
2022-04-12,54.44853591918945,55.706752635223474,54.178651541697455,54.82451096434307,17350000,AVGO
2022-04-13,55.143699645996094,55.53177322799199,54.539717222407845,54.76772119082622,20266000,AVGO
2022-04-14,53.40435791015625,55.56435924191219,53.31222617825676,55.37171758424442,27385000,AVGO
2022-04-18,54.58161163330078,55.02087040028214,53.311296380879114,53.311296380879114,21375000,AVGO
2022-04-19,55.61647033691406,55.716976705171206,53.91713489042736,53.91713489042736,16581000,AVGO
2022-04-20,55.625770568847656,57.0877935724085,55.38473777888009,56.228819379496464,13920000,AVGO
2022-04-21,55.1613883972168,57.31487514981279,54.968750305591456,56.35353073424998,20352000,AVGO
2022-04-22,54.62348937988281,55.72070619543901,54.55927549245422,54.91757109189132,21064000,AVGO
2022-04-25,54.71002960205078,54.79192643825478,53.15029052897722,54.115355405833725,26959000,AVGO
2022-04-26,52.1219482421875,54.48482615047635,52.08844611650461,54.33034077363872,35809000,AVGO
2022-04-27,52.07262420654297,53.053511932465334,51.650118267617174,51.723636920950966,19313000,AVGO
2022-04-28,53.878047943115234,54.4438706385221,51.92651114917685,52.668226199895315,22334000,AVGO
2022-04-29,51.59334945678711,53.81663109128961,51.50121772122179,53.28989473181699,26108000,AVGO
2022-05-02,53.63701629638672,53.757069424832046,51.77854473491597,51.84927302181357,26725000,AVGO
2022-05-03,54.08557891845703,54.60487069385351,53.210781944749115,53.605373544432716,17064000,AVGO
2022-05-04,56.1785774230957,56.216733706508094,53.41645727317866,54.143283351001074,23896000,AVGO
2022-05-05,53.975765228271484,55.63973478169026,53.44530488556509,55.30098596357081,32806000,AVGO
2022-05-06,53.98600387573242,54.90547161055452,52.99302103910416,53.50579845942407,20745000,AVGO
2022-05-09,52.387168884277344,53.7905622715899,52.140551819243235,53.31407742626906,30074000,AVGO
2022-05-10,54.10605239868164,55.014351497636476,53.21357601466093,54.02229531691343,29271000,AVGO
2022-05-11,52.77710723876953,54.41316245996204,52.66077815666465,53.47229136706368,26660000,AVGO
2022-05-12,53.19217300415039,53.38202073433269,51.95349972537956,52.43184486179753,25518000,AVGO
2022-05-13,54.74354553222656,55.05530667096198,53.371790131642314,53.70216790263455,19449000,AVGO
2022-05-16,54.22517395019531,54.82729626087161,53.75799735713508,54.38431347675471,14189000,AVGO
2022-05-17,56.5964241027832,56.67553057717313,55.24328554607898,55.41452019517127,24676000,AVGO
2022-05-18,53.09910583496094,55.904962678286246,52.69055887256549,55.837958434594825,35024000,AVGO
2022-05-19,50.83208084106445,52.185222832802765,50.15737363802049,51.92929745229281,34884000,AVGO
2022-05-20,50.55103302001953,51.64917978491711,47.68933703141,51.5477397511015,40281000,AVGO
2022-05-23,48.98478317260742,49.841893654784045,47.85871493286482,48.76515380354449,58586000,AVGO
2022-05-24,48.78376388549805,49.21837202120918,48.03832832234587,49.01270157199017,25060000,AVGO
2022-05-25,49.4752197265625,50.01684858672493,48.75584182728654,48.75584182728654,17842000,AVGO
2022-05-26,51.246219635009766,51.61009592455691,49.111345963271994,49.46684760973301,39743000,AVGO
2022-05-27,54.28194808959961,54.48482819454331,52.11636591810444,52.309937707181234,37301000,AVGO
2022-05-31,53.988792419433594,54.63092767038671,53.604439260251546,54.395479143395114,30009000,AVGO
2022-06-01,53.38294982910156,54.994807687017975,52.89995054459181,54.68211292851281,18345000,AVGO
2022-06-02,53.67331314086914,53.76916891074043,52.8720382845835,53.76730866766008,29488000,AVGO
2022-06-03,52.42439651489258,53.00883225639929,52.20662740639511,52.94089789396885,20562000,AVGO
2022-06-06,52.22990417480469,53.29919961282595,51.886501164159924,53.18752467401779,14557000,AVGO
2022-06-07,53.32432174682617,53.46856867623866,51.88556228832924,52.16568505393817,15895000,AVGO
2022-06-08,52.61424255371094,53.62956232279941,52.31458017129437,53.215431111350256,24004000,AVGO
2022-06-09,51.76365280151367,53.38481193028123,51.736661528348385,52.22338486565035,18787000,AVGO
2022-06-10,50.372352600097656,51.28158180994949,50.22810567486993,51.19317057186446,24018000,AVGO
2022-06-13,48.171417236328125,49.60272884503573,48.022516126383806,49.023877244536195,31619000,AVGO
2022-06-14,48.40871810913086,48.85542491576427,47.889426327782154,48.85542491576427,24380000,AVGO
2022-06-15,49.017364501953125,49.679973221099736,47.975983268631936,49.24443843604641,19141000,AVGO
2022-06-16,46.26919174194336,47.87453515996492,45.813183740941874,47.64373724512562,37244000,AVGO
2022-06-17,46.406005859375,46.565141851981714,45.402780980449464,46.06632332734921,43504000,AVGO
2022-06-21,47.27116394042969,47.941145181261085,47.18859170828102,47.300254651833896,21901000,AVGO
2022-06-22,46.55144119262695,47.27115244841777,46.37315279575616,46.57114641316931,24721000,AVGO
2022-06-23,46.59648132324219,47.08160558826511,46.07382228279994,47.08160558826511,16707000,AVGO
2022-06-24,47.77035140991211,48.024643593174304,47.05345370465198,47.38656676424521,21201000,AVGO
2022-06-27,47.453189849853516,48.234833805910846,47.18200951744395,48.21231508904304,13207000,AVGO
2022-06-28,46.77195358276367,48.24515954229671,46.740049380965374,48.100654591483604,15667000,AVGO
2022-06-29,46.01751708984375,46.53548335437701,45.666574479757095,46.49325941944522,14444000,AVGO
2022-06-30,45.58588409423828,46.32999334980895,45.10732462332109,45.79419745885821,18890000,AVGO
2022-07-01,44.83802032470703,45.441375957799316,44.048870044456756,44.98534236098641,21315000,AVGO
2022-07-05,44.693519592285156,44.75263526299122,43.53090424270493,44.29002963568031,20711000,AVGO
2022-07-06,45.28561019897461,45.702236902177006,44.61844262666397,45.09043366090658,22975000,AVGO
2022-07-07,46.78040313720703,47.04783218465552,45.8017068215751,45.8017068215751,21319000,AVGO
2022-07-08,46.79447937011719,46.88268574950508,45.97905538490088,46.259621257102914,12713000,AVGO
2022-07-11,45.3090705871582,46.131062914588405,45.13266142198196,45.93119719726639,21449000,AVGO
2022-07-12,45.169254302978516,46.22301645696106,45.047268072453484,45.774489134278234,21159000,AVGO
2022-07-13,45.203041076660156,45.569934077247446,44.31724028545121,44.56965685672493,17665000,AVGO
2022-07-14,45.47610092163086,45.66752257948187,44.4242106872735,45.27060103612445,19957000,AVGO
2022-07-15,46.397552490234375,46.42382611860499,45.615908466695174,46.0569331539277,18714000,AVGO
2022-07-18,46.07851791381836,47.143544943897886,45.809213200380455,46.93241448715956,18042000,AVGO
2022-07-19,47.761905670166016,47.982414402000245,46.53173089981066,46.61712017951953,27257000,AVGO
2022-07-20,48.02183532714844,48.56983381189424,47.33684169560826,47.8125841176139,27412000,AVGO
2022-07-21,48.5764045715332,48.58859997516323,47.482290373249654,48.09503155123231,13912000,AVGO
2022-07-22,48.09220504760742,48.774385080732436,47.5442102232502,48.68242738837923,17867000,AVGO
2022-07-25,48.1475715637207,48.16727678440554,47.530137736082494,47.89890993419585,15061000,AVGO
2022-07-26,47.95802307128906,48.494756743449734,47.75439888875314,48.290198307993194,17958000,AVGO
2022-07-27,49.52506637573242,49.750271461231485,48.50602186519348,48.62519102527351,25699000,AVGO
2022-07-28,50.07118606567383,50.34424566847476,48.84851734396118,49.60013641581026,14867000,AVGO
2022-07-29,50.24665069580078,50.46716301199579,49.757771554690365,49.91823038200797,18482000,AVGO
2022-08-01,50.33017349243164,50.651087626086145,49.77373094276949,49.866630059483214,11485000,AVGO
2022-08-02,49.845977783203125,50.59571756244641,49.47251643202749,50.03458591346675,13072000,AVGO
2022-08-03,51.30324172973633,51.42147307007161,50.11904550213231,50.22883276944758,19228000,AVGO
2022-08-04,51.87187957763672,51.90472161653482,51.14090706936631,51.45994555273947,16293000,AVGO
2022-08-05,51.7442626953125,51.79680995385634,50.97856895722578,51.13058373759634,14357000,AVGO
2022-08-08,51.189701080322266,51.88970718864635,50.552561970093365,51.5481499969227,13722000,AVGO
2022-08-09,49.99518585205078,50.609806294441576,49.52132263662561,50.58540832737401,20072000,AVGO
2022-08-10,51.64759826660156,51.70483825187818,50.599463297633186,51.239415711348684,19519000,AVGO
2022-08-11,51.1803092956543,52.33823170313262,51.06958421379441,51.97978283065446,14268000,AVGO
2022-08-12,52.38139724731445,52.39828539066151,51.20095253838987,51.40363531514708,18399000,AVGO
2022-08-15,52.449893951416016,52.52777699866377,51.656051000762325,52.00605579715378,14329000,AVGO
2022-08-16,51.76396560668945,52.354184406418696,51.234738135186554,52.314773964269975,14782000,AVGO
2022-08-17,50.53848648071289,51.11275500376828,49.830032731993185,51.080850799208136,19022000,AVGO
2022-08-18,52.402042388916016,52.600032431741155,50.823738302772675,50.99076555505621,23459000,AVGO
2022-08-19,51.461814880371094,52.13273380339101,51.4092676246054,51.68983345935821,16923000,AVGO
2022-08-22,49.61515426635742,50.96074362506432,49.455636812414724,50.91195127216303,18555000,AVGO
2022-08-23,49.7117919921875,50.44745706396249,49.63015404136023,50.09369738306151,9003000,AVGO
2022-08-24,49.811256408691406,49.8544217552402,49.11688101142677,49.69114943148781,11883000,AVGO
2022-08-25,51.621341705322266,51.65418374387421,49.94451491494624,50.05617784602287,17345000,AVGO
2022-08-26,48.874794006347656,51.70203707256968,48.79409745048203,51.50029210339195,25682000,AVGO
2022-08-29,48.24797439575195,49.05119929912216,48.04341594501599,48.79409359206821,16580000,AVGO
2022-08-30,47.51700973510742,48.597987155322635,47.04783568158761,48.49758178879713,18282000,AVGO
2022-08-31,46.83387756347656,47.87075147897776,46.59272220145567,47.87075147897776,32445000,AVGO
2022-09-01,46.167659759521484,46.28776675615981,45.11952450826525,46.116988166137325,31930000,AVGO
2022-09-02,46.93803787231445,48.776261057726906,46.75787739573036,48.60642031756752,40426000,AVGO
2022-09-06,46.74850082397461,47.292744425802326,46.01377339331273,46.77946719817821,24738000,AVGO
2022-09-07,47.39877700805664,47.802266968688684,46.83107684937989,47.19046361981883,20440000,AVGO
2022-09-08,48.03684997558594,48.11285378689502,46.7954138230506,47.16136897083921,22535000,AVGO
2022-09-09,49.01929473876953,49.354283470890806,48.36620183775204,48.36620183775204,23019000,AVGO
2022-09-12,49.64422607421875,49.850663731622234,49.22197243609376,49.42746868165272,18157000,AVGO
2022-09-13,47.2598991394043,48.63176204122455,47.075042319022245,48.21607312789713,35136000,AVGO
2022-09-14,47.926116943359375,48.13724377687338,47.17731504736349,47.5864354813346,20605000,AVGO
2022-09-15,46.930538177490234,48.0021300209849,46.66217130032793,47.755347611154676,36574000,AVGO
2022-09-16,47.15198516845703,47.263648089305825,45.9659133998003,46.70345424052122,59012000,AVGO
2022-09-19,47.090049743652344,47.2354961037826,46.393798629805566,46.393798629805566,17948000,AVGO
2022-09-20,46.266178131103516,46.807604516991276,45.952770297794714,46.54205119192298,17132000,AVGO
2022-09-21,45.6208610534668,47.29944667119332,45.585848634202456,46.458260665020354,20669000,AVGO
2022-09-22,45.19222640991211,45.72210508950623,44.75601858600019,45.64830107478102,23540000,AVGO
2022-09-23,44.34726333618164,45.22819043595404,43.715191572752985,44.94053988675606,29649000,AVGO
2022-09-26,43.73978805541992,44.78441073963568,43.64989636887568,44.37564251661626,19361000,AVGO
2022-09-27,43.97539520263672,44.46175025787564,43.19571544382403,44.429582142126364,17850000,AVGO
2022-09-28,44.08988952636719,44.35388320391995,43.180573558706485,43.65273594981202,27605000,AVGO
2022-09-29,42.59203338623047,43.65558099255121,42.09526840110405,43.611107990489515,39997000,AVGO
2022-09-30,42.012943267822266,43.319668232868764,41.97793084544635,42.49077981410766,27202000,AVGO
2022-10-03,43.22126388549805,43.615835858270486,42.29302315872882,42.50781535720083,21479000,AVGO
2022-10-04,45.40512466430664,45.43350999152748,44.08042071457343,44.33022170079486,27277000,AVGO
2022-10-05,45.87255859375,46.183862350425656,44.610306594103896,44.71344525191885,18493000,AVGO
2022-10-06,45.371063232421875,46.33620409853138,45.29725921319378,45.77699075246838,17250000,AVGO
2022-10-07,43.57135772705078,44.78819092383634,43.43321026803633,44.69735354621876,28425000,AVGO
2022-10-10,41.41588592529297,43.53540831570966,40.86140097624879,43.52594774134976,33454000,AVGO
2022-10-11,40.75920867919922,41.51050311898361,40.26906722157528,41.17932889729737,28046000,AVGO
2022-10-12,40.741233825683594,41.22853463485292,40.499001965868004,40.900197468507635,15046000,AVGO
2022-10-13,41.44143295288086,41.990236487871464,39.274596925637184,39.496958316622376,27980000,AVGO
2022-10-14,40.41289520263672,42.00821658103535,40.34760605032613,41.94387312520338,22816000,AVGO
2022-10-17,41.19540786743164,41.75083840437744,41.00805893359639,41.590929101303125,24120000,AVGO
2022-10-18,41.144317626953125,42.44252410801918,40.70243197956554,42.41035238418551,20341000,AVGO
2022-10-19,41.18878936767578,41.472657110727255,40.77056415298495,40.99292553392874,12702000,AVGO
2022-10-20,40.71568298339844,41.84073690414984,40.51130065430637,41.17270703688062,23402000,AVGO
2022-10-21,42.5541877746582,42.64218809036092,40.608767177707485,40.88506218040559,26980000,AVGO
2022-10-24,43.19666290283203,43.411455109070914,42.68475958576347,42.83804542814078,25287000,AVGO
2022-10-25,43.532562255859375,43.929025572310195,43.225987010655075,43.33574914206636,18246000,AVGO
2022-10-26,43.63759994506836,44.63869544174907,43.085010015529136,43.335756737926324,29291000,AVGO
2022-10-27,43.0906867980957,44.54501991977405,43.044322406231515,44.09840575596405,18512000,AVGO
2022-10-28,44.74656295776367,44.882815427840974,43.11433792023881,43.23829272777629,23094000,AVGO
2022-10-31,44.4835205078125,44.73805002920716,44.000002489661405,44.174108103486226,19259000,AVGO
2022-11-01,44.27345657348633,45.118425497695554,43.825896718093205,45.02096823286327,16324000,AVGO
2022-11-02,43.15029525756836,45.46095273347805,43.12096062250854,44.498652535748555,21070000,AVGO
2022-11-03,42.02334976196289,42.85034318290368,41.76219679445114,42.6686720241383,23887000,AVGO
2022-11-04,44.02743911743164,44.367131834281686,42.89008755010298,43.228834570514664,28891000,AVGO
2022-11-07,44.966087341308594,45.204532793133076,43.67450420106415,44.1665334671859,17687000,AVGO
2022-11-08,45.61802673339844,46.2510477526785,44.803334547068424,45.53665352821726,20743000,AVGO
2022-11-09,44.42201232910156,45.323759174653524,44.38038002749485,45.27644547520313,23695000,AVGO
2022-11-10,47.932472229003906,47.98924288708098,46.09870561683542,46.45921084611477,33970000,AVGO
2022-11-11,49.02251434326172,49.10862325340445,47.50005495777414,47.764994344279685,26728000,AVGO
2022-11-14,48.56169891357422,49.67823414418241,48.540882766821824,48.767030511312484,21608000,AVGO
2022-11-15,49.62146759033203,50.392632437323094,48.81623601726524,50.145668525678516,23315000,AVGO
2022-11-16,48.42071533203125,49.06508824554693,48.28351356855576,48.892877671360104,25405000,AVGO
2022-11-17,48.45668029785156,48.51629166332111,47.60792490514148,47.78392191204006,20375000,AVGO
2022-11-18,48.745277404785156,48.98845496296994,48.351651080770864,48.90708174791127,14536000,AVGO
2022-11-21,48.96100616455078,49.283665484380705,48.36205191239319,48.53520819088747,18622000,AVGO
2022-11-22,50.15419387817383,50.175955725983606,49.10957104037589,49.48427259275356,18920000,AVGO
2022-11-23,50.49387741088867,51.23571125204984,50.03591130394581,50.182573652971264,13964000,AVGO
2022-11-25,50.14093780517578,50.5828198232635,50.1002512064069,50.214741822655135,7455000,AVGO
2022-11-28,49.412353515625,50.03212393018647,48.84746236644461,49.69905472385663,23505000,AVGO
2022-11-29,49.33476257324219,49.75677415722451,48.71404646893564,49.487102705490756,12694000,AVGO
2022-11-30,52.13935089111328,52.19896225070235,48.997913455155555,49.59213565822613,47349000,AVGO
2022-12-01,52.11286163330078,52.27087957665172,51.281136004065985,52.139355573275104,23006000,AVGO
2022-12-02,51.17136764526367,51.35114740210972,50.72475353732553,50.8165366131398,19320000,AVGO
2022-12-05,50.21001052856445,51.04646810503452,49.722709812863116,50.88466379417896,18548000,AVGO
2022-12-06,49.75394058227539,50.487255966559644,49.36882917656544,50.210961011300405,19655000,AVGO
2022-12-07,49.061309814453125,49.676351804414395,48.82948785003382,49.165394176710734,16524000,AVGO
2022-12-08,50.251651763916016,50.3784436667933,49.239197105175855,49.279887318434476,27514000,AVGO
2022-12-09,51.54228973388672,52.29169280225364,51.19029574289843,52.13083777841803,37028000,AVGO
2022-12-12,52.669227600097656,52.6919387511716,51.307623346463224,51.545123079197374,23416000,AVGO
2022-12-13,54.03272247314453,55.054633950376044,53.4640449699167,54.48501436037938,40414000,AVGO
2022-12-14,54.35444641113281,55.415153295286366,53.71953395119153,53.79712437659985,35218000,AVGO
2022-12-15,52.79886245727539,53.602199075155944,52.77047712674424,53.34577457537677,36876000,AVGO
2022-12-16,52.60110092163086,52.96917894134673,52.1242100674439,52.74681757152132,49549000,AVGO
2022-12-19,52.44081497192383,53.09437881321127,52.06775496029524,52.85966900170197,25092000,AVGO
2022-12-20,51.905555725097656,52.38070413091435,51.609779955275876,52.01527647027759,29831000,AVGO
2022-12-21,53.547584533691406,53.61246485307417,52.18511238523509,52.253807053025405,25619000,AVGO
2022-12-22,52.77093505859375,52.94744694254875,52.20896652638722,52.79574288177946,27553000,AVGO
2022-12-23,52.70796203613281,52.8215007674473,52.23281363749063,52.47611299867605,13761000,AVGO
2022-12-27,52.81386947631836,53.24989897721787,52.18415625346254,52.6240001025836,16677000,AVGO
2022-12-28,51.988555908203125,53.21745287223619,51.75575330511925,52.632583783857584,15410000,AVGO
2022-12-29,53.22127151489258,53.67829083575667,52.52381723630647,52.652624277689796,18176000,AVGO
2022-12-30,53.34721755981445,53.39683320548236,52.28624637621877,52.64976323672149,14376000,AVGO
2023-01-03,52.808143615722656,54.152486606967415,52.55148675505354,53.90728007010199,20173000,AVGO
2023-01-04,53.453125,54.20878454652295,53.051446449995595,53.71550703974029,17074000,AVGO
2023-01-05,52.955078125,53.4149618724323,52.58297534390491,53.020912029930244,16277000,AVGO
2023-01-06,56.142765045166016,56.38797159938553,53.64967341935682,53.727911238143875,35261000,AVGO
2023-01-09,55.041717529296875,57.40600557832267,53.48365456938965,56.51200316574409,37739000,AVGO
2023-01-10,54.85472106933594,54.873803732117544,52.47516797912077,54.57516715689466,44635000,AVGO
2023-01-11,55.160987854003906,55.18007051604943,54.085705507240206,54.67057472233534,22502000,AVGO
2023-01-12,55.52354431152344,55.82599882622344,54.74308063637084,54.917681695085506,19514000,AVGO
2023-01-13,55.243038177490234,55.522592051380215,55.02072864440514,55.06652630083621,19647000,AVGO
2023-01-17,55.26593780517578,55.84985340278962,54.817504369509535,54.851855343194835,15835000,AVGO
2023-01-18,54.793643951416016,56.0597489862902,54.7392603789638,55.64470937195186,15703000,AVGO
2023-01-19,53.737449645996094,54.39006354092216,53.459802937498715,54.300375399361776,22692000,AVGO
2023-01-20,54.45875549316406,54.51409629847392,53.34530795340727,53.71932153410087,22950000,AVGO
2023-01-23,55.493961334228516,55.79546224243546,54.363342027564855,54.575154804961834,23429000,AVGO
2023-01-24,55.818359375,55.97674216491762,54.921496263097474,55.18960342951216,13825000,AVGO
2023-01-25,55.8803825378418,56.00346077964074,54.960618720409634,55.11613711980126,13766000,AVGO
2023-01-26,57.11118698120117,57.30009912584588,55.935719886974454,56.331676888667914,24525000,AVGO
2023-01-27,56.38700485229492,57.17510073925044,56.31067786518756,56.60931434504766,19344000,AVGO
2023-01-30,55.4767951965332,56.25534808782015,55.31555162945657,55.624681265276315,16984000,AVGO
2023-01-31,55.81645965576172,56.02827246192681,55.40905594316825,55.53595218151703,23719000,AVGO
2023-02-01,57.50904846191406,58.038580417761914,55.59605467222627,55.67906041684835,26553000,AVGO
2023-02-02,57.79719161987305,58.50037108136196,57.222815563987815,57.9746570824131,24188000,AVGO
2023-02-03,57.01959228515625,58.01377594181049,56.888878065906006,57.05584679141987,19093000,AVGO
2023-02-06,57.37070083618164,57.55388780689309,56.508185051769274,56.61122704036104,18709000,AVGO
2023-02-07,58.6253662109375,58.8696191890368,57.21996072944758,57.30964887688418,24025000,AVGO
2023-02-08,57.409828186035156,58.21796051427438,57.305828955518,57.884019400003375,15290000,AVGO
2023-02-09,57.19038391113281,58.6711627864315,56.81541670707355,58.44885323590454,18837000,AVGO
2023-02-10,56.60264205932617,57.0997338579192,56.25725430502432,56.89459982465956,21035000,AVGO
2023-02-13,57.3535270690918,57.38787439965094,56.62363264604092,56.7696115306511,19847000,AVGO
2023-02-14,57.467071533203125,57.7790655796949,56.60932721203822,56.690425791661994,17571000,AVGO
2023-02-15,57.980384826660156,58.036675582538756,56.93181390358012,57.13790518515711,12683000,AVGO
2023-02-16,57.29819107055664,58.09964457169632,57.20373499968695,57.318227317094006,17449000,AVGO
2023-02-17,56.825904846191406,57.32776824874543,56.52631472772983,57.24666967355608,14215000,AVGO
2023-02-21,55.485374450683594,56.58737157038706,55.32317731602805,56.29255305541157,22737000,AVGO
2023-02-22,54.973026275634766,55.63326887609599,54.5847015854642,55.553123883663915,23475000,AVGO
2023-02-23,55.701011657714844,55.905192119747085,54.735450154434346,55.887063046476925,18939000,AVGO
2023-02-24,55.123775482177734,55.36134605305505,54.72877205172144,55.10278200780364,15353000,AVGO
2023-02-27,55.85844039916992,56.273480095873204,55.74490165741395,55.89851653590578,18321000,AVGO
2023-02-28,56.701873779296875,57.11118828825497,55.546442905472325,55.86893367611284,27822000,AVGO
2023-03-01,56.6331787109375,57.07588699070191,56.321184659474646,56.67420843460079,15484000,AVGO
2023-03-02,57.11787414550781,57.336365718912774,55.923324215482076,56.234364700758256,27525000,AVGO
2023-03-03,60.372344970703125,60.655716859091825,58.749401514934995,58.93545291931294,46088000,AVGO
2023-03-06,60.387603759765625,61.44952849782142,60.27406502597331,60.58605905704917,24983000,AVGO
2023-03-07,59.64625549316406,60.66047534161533,59.489783513056594,60.57365160907913,19334000,AVGO
2023-03-08,60.32463073730469,60.36947116425462,59.50504818686307,59.89718718361738,20912000,AVGO
2023-03-09,59.39532470703125,61.29591826095837,59.334262381192794,60.11663321254423,21775000,AVGO
2023-03-10,58.66162109375,60.12427084013967,58.469844536920064,59.93631227135541,26098000,AVGO
2023-03-13,58.81808853149414,59.57374437575755,57.90309630237892,57.92313254886367,22364000,AVGO
2023-03-14,60.343719482421875,60.430546868601006,59.0117802447286,59.47834277855306,25893000,AVGO
2023-03-15,59.731178283691406,60.115684984888155,58.79233174651275,59.88669669302309,22963000,AVGO
2023-03-16,60.72917556762695,60.783559145606226,58.94593870082277,59.33140260077263,31716000,AVGO
2023-03-17,60.20155334472656,61.02208954328456,59.83040415330096,60.72917816756575,79303000,AVGO
2023-03-20,61.417091369628906,61.51536179059259,60.26166051674484,60.37042767452554,25857000,AVGO
2023-03-21,61.190303802490234,62.135904072628236,60.957746453800056,61.7995630719453,25000000,AVGO
2023-03-22,60.63004684448242,62.31944627381556,60.606024584565574,61.20471150327764,25799000,AVGO
2023-03-23,61.428619384765625,62.2886954478483,60.68866561542341,61.39690619008946,27162000,AVGO
2023-03-24,61.134559631347656,61.4353455879174,60.40229313893887,61.313302394463086,17228000,AVGO
2023-03-27,60.23796844482422,61.416129639492794,60.15628616030419,61.40652146842525,14707000,AVGO
2023-03-28,60.03232192993164,60.20914013759481,59.471110895234744,60.08325146841206,12439000,AVGO
2023-03-29,60.10920333862305,60.926997698737715,60.026560596823174,60.808796289644604,26395000,AVGO
2023-03-30,60.902008056640625,61.12303265584063,60.474372948169034,60.80398711294884,21523000,AVGO
2023-03-31,61.65060806274414,61.715955356899585,60.148599076903,60.593533281633654,22097000,AVGO
2023-04-03,61.73998260498047,61.87740034991181,61.160511997432806,61.40652297338642,15682000,AVGO
2023-04-04,60.965431213378906,61.91007460305389,60.733834338749524,61.80532684523602,13429000,AVGO
2023-04-05,60.446502685546875,60.70500317455866,60.12841760653569,60.65118861929896,16908000,AVGO
2023-04-06,59.83435821533203,60.387881971399956,59.481678590178696,59.98042734069567,14493000,AVGO
2023-04-10,60.29082107543945,60.33694836028699,59.239512692303485,59.39326908651473,15400000,AVGO
2023-04-11,59.731536865234375,60.62620753628965,59.659462750835964,60.61659569925426,16518000,AVGO
2023-04-12,59.26353454589844,60.3033138500733,59.221252729178815,60.286018409525084,14112000,AVGO
2023-04-13,59.98811721801758,60.20530001449192,59.30293839607104,59.4912930127585,17265000,AVGO
2023-04-14,59.53644561767578,60.35231888610221,59.120343322338556,59.62677927487791,17465000,AVGO
2023-04-17,60.287940979003906,60.38211645165767,59.37020484712665,59.44708487875354,13201000,AVGO
2023-04-18,60.76457977294922,61.07017164190011,60.26583472179273,60.69731158366334,16806000,AVGO
2023-04-19,60.97407913208008,61.19414326975848,60.11400303942848,60.23316488679691,19060000,AVGO
2023-04-20,60.83185577392578,61.7649701556255,60.266802911363484,60.3359920104163,20239000,AVGO
2023-04-21,60.8203239440918,60.906812146907896,59.77189688872786,60.59929935152659,14807000,AVGO
2023-04-24,60.977928161621094,61.39210965915537,60.71366127448885,60.89143995026969,12338000,AVGO
2023-04-25,59.774776458740234,61.11726263049861,59.74786918159237,60.925066222653165,23670000,AVGO
2023-04-26,59.21452713012695,59.88144636982537,58.956987090848926,59.57777904506558,17179000,AVGO
2023-04-27,59.4278564453125,59.589300089829884,57.96909361067621,59.21451915338848,18250000,AVGO
2023-04-28,60.205299377441406,60.232206655848934,59.05789091128948,59.49129238326311,16183000,AVGO
2023-05-01,61.30561065673828,61.40555249080045,60.17646185484579,60.20529369744928,17030000,AVGO
2023-05-02,58.84455108642578,60.205296820983115,58.14111274386765,60.13418315999356,28357000,AVGO
2023-05-03,58.92719650268555,59.76805262134926,58.85032013521687,59.28275749214194,19816000,AVGO
2023-05-04,58.63505935668945,59.0002321901761,57.78267414949025,58.61968481607165,17684000,AVGO
2023-05-05,60.55317687988281,60.68290736150028,58.94353866168249,59.19147055190921,24876000,AVGO
2023-05-08,60.45130920410156,60.611796096538356,59.636399881939965,60.52050196991952,13934000,AVGO
2023-05-09,59.437477111816406,59.971780871394174,59.182814754702214,59.843007184127806,16990000,AVGO
2023-05-10,60.18319320678711,60.34944279259706,59.414411219882005,59.778623587833664,19174000,AVGO
2023-05-11,60.31772994995117,60.395570432537845,59.38750429021766,60.21298585515278,14430000,AVGO
2023-05-12,60.65214920043945,60.801099669231206,59.98523000162211,60.385957791184566,11942000,AVGO
2023-05-15,61.483402252197266,61.50454316273822,60.39461419968115,60.72134702707934,14614000,AVGO
2023-05-16,61.6410026550293,62.16666241467643,61.380581233454244,61.546827171917485,14967000,AVGO
2023-05-17,63.18144607543945,63.511056551408146,61.94274355668013,62.20893497405663,24133000,AVGO
2023-05-18,65.14472961425781,65.28502871329357,63.040184475251976,63.040184475251976,26389000,AVGO
2023-05-19,65.562744140625,65.82221239167886,65.19373321822343,65.3465254858686,22968000,AVGO
2023-05-22,65.18989562988281,65.79627721904453,64.7814841722764,65.48107346021831,17796000,AVGO
2023-05-23,65.9711685180664,67.17143106557776,65.5406520724839,66.36901498269667,36088000,AVGO
2023-05-24,65.30138397216797,65.76072870952454,64.9679242686557,65.48492537794885,23021000,AVGO
2023-05-25,70.03610229492188,70.38109465071292,66.38150746713018,67.21179126957227,49263000,AVGO
2023-05-26,78.10161590576172,78.31783462338898,71.78702637655982,71.82641951920712,82500000,AVGO
2023-05-30,77.19922637939453,88.58105447272783,76.76390041680216,80.25321660675851,116912000,AVGO
2023-05-31,77.6432113647461,78.96071491096093,75.92978957145755,76.38817376295948,89998000,AVGO
2023-06-01,75.91249084472656,77.43468026832609,75.4521784403528,76.93784874942975,80792000,AVGO
2023-06-02,78.03143310546875,79.16250641362197,75.64821108590804,75.9787893139165,62815000,AVGO
2023-06-05,77.09928894042969,77.76235895355205,76.34779883909034,77.76235895355205,26222000,AVGO
2023-06-06,75.91728973388672,77.07046082248776,74.60843768896818,77.07046082248776,37823000,AVGO
2023-06-07,76.17003631591797,77.40200847558333,75.67801434617981,75.90000306899988,28957000,AVGO
2023-06-08,77.28187561035156,77.35971608687615,75.80004720008375,76.3891259198088,21909000,AVGO
2023-06-09,77.32223510742188,78.58400303465685,77.25112511703121,77.43563424355676,19241000,AVGO
2023-06-12,82.1982421875,82.45194039797053,77.9468707625347,77.9468707625347,51065000,AVGO
2023-06-13,81.7907943725586,82.9574191768179,80.81828321965625,82.75273323790782,38990000,AVGO
2023-06-14,85.15998077392578,85.38677173646857,81.41601265676123,82.25013827692395,43524000,AVGO
2023-06-15,84.89572143554688,85.33200060764007,83.70314242818878,84.98989691307078,33814000,AVGO
2023-06-16,83.42349243164062,85.52227475615679,83.16787329342368,85.45788791342565,68299000,AVGO
2023-06-20,83.41580963134766,84.28453346212481,82.74119944946327,82.899761765697,27535000,AVGO
2023-06-21,81.89228057861328,83.66410435991776,81.59665475922047,83.0844469021909,23229000,AVGO
2023-06-22,81.38700103759766,82.0130351608189,80.69914111552342,81.64398939034072,23464000,AVGO
2023-06-23,79.427734375,80.7677131489379,79.10892767351903,80.57353095231534,37413000,AVGO
2023-06-26,79.37751007080078,80.86239776803755,79.24129137632686,79.70308314334055,21372000,AVGO
2023-06-27,81.96375274658203,82.1183319682436,79.31664622694315,80.0586073269869,24923000,AVGO
2023-06-28,81.9193115234375,82.9424074643763,80.86819938948327,81.02953757651694,19445000,AVGO
2023-06-29,83.33271789550781,83.35879558323046,81.77149876899671,82.54824237769868,23386000,AVGO
2023-06-30,83.80224609375,84.49204451924386,83.50275803330648,83.90755190984461,23145000,AVGO
2023-07-03,84.67269134521484,84.70070753890238,83.55974602402357,83.91720494148318,9038000,AVGO
2023-07-05,83.2641372680664,84.7171542209157,83.2535160254076,83.7993565008392,14440000,AVGO
2023-07-06,81.92512512207031,82.49511948602985,81.57056285956696,81.63529273212028,23939000,AVGO
2023-07-07,81.80435943603516,82.8902542294062,81.60244528725113,82.1598798803824,19409000,AVGO
2023-07-10,84.79732513427734,84.93644053851098,81.95216672365899,81.95216672365899,30622000,AVGO
2023-07-11,85.21468353271484,85.3064640302987,83.53173641961456,85.12386860252447,25498000,AVGO
2023-07-12,85.97789001464844,86.71598879206591,85.20983653994594,85.8861095297584,28197000,AVGO
2023-07-13,86.01751708984375,86.84642357512936,84.84950479116361,86.84642357512936,25912000,AVGO
2023-07-14,85.8455581665039,87.27248271658,85.61175814931107,85.61175814931107,18510000,AVGO
2023-07-17,87.94873809814453,88.2250377724986,85.96146783722995,86.08029895684624,26819000,AVGO
2023-07-18,87.28019714355469,87.90525826859414,86.78071873903718,87.52654948937021,24513000,AVGO
2023-07-19,87.08116149902344,87.52556561834463,85.56052592532839,86.68505784897583,24118000,AVGO
2023-07-20,85.82234954833984,87.62508582541216,85.59628149553878,86.22810894016595,28268000,AVGO
2023-07-21,86.63484954833984,88.02602579192492,86.35274908172264,87.3826041073723,74287000,AVGO
2023-07-24,87.1024169921875,87.47436674633452,86.39136888104052,87.02610032939617,19992000,AVGO
2023-07-25,88.68684387207031,89.18824607868814,87.00872455611314,87.00872455611314,20042000,AVGO
2023-07-26,86.28123474121094,87.97480275248228,85.75567872665859,87.81829978827334,19877000,AVGO
2023-07-27,86.3237533569336,87.90042898223109,85.59628313959927,87.77000368565945,21922000,AVGO
2023-07-28,86.92854309082031,87.29276840795991,86.36434211691021,86.88313930748367,18791000,AVGO
2023-07-31,86.81839752197266,87.04543114899546,86.07933311766202,86.70729831217736,14952000,AVGO
2023-08-01,88.88103485107422,88.94092951975281,86.72663261101304,86.85029895990421,19683000,AVGO
2023-08-02,86.20494079589844,88.20476366294514,86.01075117683301,88.13713708756651,26877000,AVGO
2023-08-03,85.49774932861328,86.49765701311046,85.12097166538322,85.6561908296265,18281000,AVGO
2023-08-04,85.17605590820312,86.33247419542036,84.37612370042386,85.4977668129737,21156000,AVGO
2023-08-07,86.66477966308594,86.69472698804546,85.52574941073696,85.75857641069297,11146000,AVGO
2023-08-08,85.3219223022461,86.04069510774761,84.37900518328847,85.9914290573977,14081000,AVGO
2023-08-09,82.18885803222656,85.35765847662809,81.99467580195889,85.27941066654945,24672000,AVGO
2023-08-10,81.43241882324219,83.22936207948236,80.86918339117416,82.41976688713896,20186000,AVGO
2023-08-11,80.16294860839844,80.80443911930989,79.55624063403666,80.57354322188351,20331000,AVGO
2023-08-14,82.51444244384766,82.52216698311668,79.93302377448542,80.2953105627972,17688000,AVGO
2023-08-15,81.39569091796875,82.56466866063408,80.81024016466218,82.04200926775529,14035000,AVGO
2023-08-16,80.47500610351562,82.55307661166911,80.37549369842019,81.90482711046639,16003000,AVGO
2023-08-17,79.90596771240234,81.09620267508015,79.8972702355725,80.8150677926701,19228000,AVGO
2023-08-18,79.78424835205078,80.00935086946937,78.44716593326227,79.22004739270818,17759000,AVGO
2023-08-21,83.58102416992188,83.7935669648218,80.35715624673915,80.57838914967026,30012000,AVGO
2023-08-22,82.67769622802734,84.50941411125127,82.20333737287893,84.37996176616105,17079000,AVGO
2023-08-23,84.68621826171875,84.84176305166382,82.11833247182277,82.19272538112077,19692000,AVGO
2023-08-24,82.54920959472656,87.90139344539531,82.35599294135656,87.17585437182872,30934000,AVGO
2023-08-25,82.29415893554688,83.99642461119824,80.92712938328195,82.79653402234545,24181000,AVGO
2023-08-28,83.18878173828125,83.48344197094032,81.83913954697782,82.73567999272127,14306000,AVGO
2023-08-29,85.97595977783203,86.25709466309885,82.73856722954754,82.92985275580324,27822000,AVGO
2023-08-30,86.20299530029297,86.8242015466961,84.93065021889339,86.21362391215003,23234000,AVGO
2023-08-31,89.16023254394531,89.23558365839101,86.34695228728287,86.75658137711163,55203000,AVGO
2023-09-01,84.29398345947266,87.1294787922199,83.53463477851344,87.1294787922199,65017000,AVGO
2023-09-05,84.26019287109375,85.30647744068993,83.76071436189913,84.00320448916237,24808000,AVGO
2023-09-06,84.26983642578125,84.76254852054629,83.73559019105481,84.29205921761509,20142000,AVGO
2023-09-07,82.79750061035156,83.24769821451893,81.20247185182865,83.03612104024259,27789000,AVGO
2023-09-08,82.84774017333984,83.16462318150484,82.12993293866464,82.60138781053051,16810000,AVGO
2023-09-11,83.00135040283203,83.95392315195117,81.69808505925201,83.93170036096566,15710000,AVGO
2023-09-12,81.58891296386719,82.9172977351439,81.31260592417853,82.1415196725016,16680000,AVGO
2023-09-13,82.4013900756836,82.99844231156597,81.56185516068986,81.84685228119932,17413000,AVGO
2023-09-14,84.20896911621094,84.69491482753115,82.6013805979294,82.99071798152929,19648000,AVGO
2023-09-15,82.28064727783203,83.87277957900739,81.43241468651989,83.87277957900739,50190000,AVGO
2023-09-18,82.11834716796875,82.72989045501522,81.15224896599265,81.40150542729809,16541000,AVGO
2023-09-19,82.04105377197266,82.21784843755725,81.00732903820116,81.73093708891561,13126000,AVGO
2023-09-20,80.67823791503906,82.56462013279751,80.65687232533757,82.56462013279751,13681000,AVGO
2023-09-21,78.52084350585938,79.89434775829668,77.23185301488664,77.23379466742117,53654000,AVGO
2023-09-22,80.53350067138672,80.67920613289895,78.71706247198209,78.80059799724356,27764000,AVGO
2023-09-25,81.00072479248047,81.45435261951634,79.94388778765654,80.428596876338,15648000,AVGO
2023-09-26,79.28141021728516,80.64908188255217,78.797672021583,80.54223172313748,17641000,AVGO
2023-09-27,79.34162902832031,80.00894968346546,78.13423263339376,79.5796148155699,15352000,AVGO
2023-09-28,80.81714630126953,81.48350374454425,79.1347560554573,79.66802876446529,16180000,AVGO
2023-09-29,80.67919158935547,81.98664238039089,79.93416036936503,81.249377769227,16481000,AVGO
2023-10-02,81.10367584228516,81.45433673175305,79.99146490394244,80.53154062685095,14676000,AVGO
2023-10-03,79.14930725097656,81.18138720000647,78.574259499155,80.33144742861771,18761000,AVGO
2023-10-04,80.02156829833984,80.67918061425644,79.29207780612417,79.68353558821201,16417000,AVGO
2023-10-05,80.02644348144531,80.48977951881861,79.21243911476779,79.66218358622655,11474000,AVGO
2023-10-06,82.10515594482422,82.40918757718178,78.84721151848653,79.59322103072643,21103000,AVGO
2023-10-09,83.13673400878906,83.20764878271694,81.38342940123032,81.63889748429462,15760000,AVGO
2023-10-10,83.38249969482422,84.75599646045205,83.12119922562373,83.26010148303956,14718000,AVGO
2023-10-11,84.95124816894531,85.02700967203364,83.20182665074769,83.50877820082258,14334000,AVGO
2023-10-12,87.96635437011719,89.1640428440077,85.13289758447087,85.13289758447087,43871000,AVGO
2023-10-13,85.78855895996094,89.93918209789035,85.68267961114339,88.29661077361166,28312000,AVGO
2023-10-16,87.67202758789062,88.95616391567731,86.5452466312605,86.5452466312605,21150000,AVGO
2023-10-17,85.90705871582031,86.74047963099933,84.11975292102872,85.97990773276169,33008000,AVGO
2023-10-18,86.16252136230469,86.9978912879401,85.01339674333853,85.47479852444658,20404000,AVGO
2023-10-19,84.2975082397461,86.4014737601073,84.0876986299267,86.16155371813444,26620000,AVGO
2023-10-20,82.9181900024414,84.98427133958172,82.74431575898939,84.98427133958172,26953000,AVGO
2023-10-23,83.75260162353516,84.85800977235415,81.8681608613892,83.33879983481428,16456000,AVGO
2023-10-24,85.58748626708984,85.77107618051392,83.84000643035291,83.92549101644853,14972000,AVGO
2023-10-25,82.5296401977539,85.35630077299385,82.18481161884898,85.19505469047046,21432000,AVGO
2023-10-26,80.30718994140625,82.99494136713074,79.49027287173398,82.3625850665919,27917000,AVGO
2023-10-27,81.43492126464844,81.61462787255697,80.48104371820403,80.62286586986166,18236000,AVGO
2023-10-30,81.71562957763672,82.51020253255318,80.3460089303138,81.70105977593208,20889000,AVGO
2023-10-31,81.727294921875,82.12846844836558,80.87541350259113,81.97207650759876,14747000,AVGO
2023-11-01,82.8511734008789,82.93762882270495,81.16392166095268,81.78850390817344,18684000,AVGO
2023-11-02,84.63456726074219,85.52822380928308,83.53693347715905,83.73120245112351,18759000,AVGO
2023-11-03,85.73997497558594,86.20817254007382,84.61125993594611,85.23681284948144,18041000,AVGO
2023-11-06,85.56028747558594,86.05179234456895,84.62584128224228,85.63119484548476,12870000,AVGO
2023-11-07,87.21060943603516,87.59430064608912,85.10664408824013,85.70500643209934,19365000,AVGO
2023-11-08,88.5035171508789,88.67642058369594,87.32526003444238,87.42239454620497,15280000,AVGO
2023-11-09,88.52779388427734,90.31704150235812,88.25387266134156,88.63658571244403,24486000,AVGO
2023-11-10,93.00965118408203,93.14855345482476,89.19123569101423,89.53413006037856,36272000,AVGO
2023-11-13,91.9809799194336,92.51231091664368,91.35444866014248,92.28404075685701,16893000,AVGO
2023-11-14,94.5094223022461,94.8795146013573,92.78914786326875,93.47784161677615,23886000,AVGO
2023-11-15,94.7464370727539,95.36325262920985,93.92175353990656,95.14566156875037,16099000,AVGO
2023-11-16,93.20684051513672,94.09563570848077,92.3297026484149,93.63909537203092,26198000,AVGO
2023-11-17,94.97277069091797,95.57112575950937,92.3763217385844,93.0766728538568,19789000,AVGO
2023-11-20,96.71926879882812,97.12335484381366,94.51331441936557,94.51331441936557,18674000,AVGO
2023-11-21,95.3098373413086,96.26176590604948,94.38024519302648,94.7075915272668,43344000,AVGO
2023-11-22,94.41616821289062,95.96937897263696,94.31903371649062,95.5516939683186,33743000,AVGO
2023-11-24,95.08349609375,95.17965976368089,93.90620999313718,94.70369554502247,23158000,AVGO
2023-11-27,92.30249786376953,95.29136800850041,92.21410079977291,94.81928707509591,96962000,AVGO
2023-11-28,91.92462158203125,92.36270128161674,90.74053246186023,91.3019811794113,39025000,AVGO
2023-11-29,91.38845825195312,93.19518834981245,91.24663608289755,92.1179490400069,34843000,AVGO
2023-11-30,89.92168426513672,91.54288244331882,89.2067634296463,91.40495101881822,49571000,AVGO
2023-12-01,90.33646392822266,90.71529366795389,88.19947527277019,89.60406075286058,29612000,AVGO
2023-12-04,89.75074005126953,90.43068898879267,89.0193002666847,89.42727704008618,25009000,AVGO
2023-12-05,88.69681549072266,89.09993075552963,87.99063936298681,88.5491757755745,37066000,AVGO
2023-12-06,87.77597045898438,89.4593389407309,87.72351619078127,89.40008888785101,24813000,AVGO
2023-12-07,89.5846176147461,89.7652950246406,87.77594632888838,87.96050704324492,43517000,AVGO
2023-12-08,91.72550201416016,92.35008414336406,88.44522118679481,90.12664023999226,69668000,AVGO
2023-12-11,99.97624206542969,100.97382160922028,92.87074257839255,92.9601030578445,101184000,AVGO
2023-12-12,104.1569595336914,104.8476022995856,99.5235768161804,99.85481380892026,90242000,AVGO
2023-12-13,105.84811401367188,106.82821130747152,103.21086814733563,103.74123572813325,71654000,AVGO
2023-12-14,107.4800033569336,108.9341307248205,105.90542682812492,106.08998758020735,66964000,AVGO
2023-12-15,109.73841094970703,111.69472970327224,106.32699401792493,106.38528065056158,118544000,AVGO
2023-12-18,111.41497039794922,111.88316803325132,108.66019532166354,108.8700123666431,54741000,AVGO
2023-12-19,111.20321655273438,112.26491309311007,110.51330662605854,111.4393633667827,36020000,AVGO
2023-12-20,108.35381317138672,111.37692292500427,108.24452109166691,110.53185244292553,34523000,AVGO
2023-12-21,110.0039291381836,110.79727944521467,108.80464214179918,110.52697511911929,24106000,AVGO
2023-12-22,109.48576354980469,110.4635404861313,108.66118908805228,110.07125787422588,19089000,AVGO
2023-12-26,110.45279693603516,110.80507026102134,109.58723806636425,109.7062904733185,16793000,AVGO
2023-12-27,109.89462280273438,111.20223386295541,109.58138340700489,110.85386168430898,20055000,AVGO
2023-12-28,109.5277099609375,110.48694881883102,109.19983377499457,110.43327807803942,21247000,AVGO
2023-12-29,108.9266128540039,109.71996310578236,108.77243509491456,109.43502199932493,20558000,AVGO
2024-01-02,105.91423797607422,107.53605635946798,105.10527564244013,106.57194097792315,28831000,AVGO
2024-01-03,103.29901123046875,104.90131617828298,102.97991266914421,104.43291632793574,34735000,AVGO
2024-01-04,102.36516571044922,104.36463006473024,102.20512875208657,103.23852705900545,25658000,AVGO
2024-01-05,102.39149475097656,102.99455166087394,101.63327736282962,102.61788863721479,22475000,AVGO
2024-01-08,104.88668823242188,105.1940758928081,102.65692161050563,103.09604790319507,33110000,AVGO
2024-01-09,105.6322250366211,106.22357853293241,103.89720593928551,103.98600202578312,23225000,AVGO
2024-01-10,105.44486236572266,105.67808330428771,103.69130535283057,105.42339853485107,17643000,AVGO
2024-01-11,107.33893585205078,107.46774116350818,104.85350183192182,105.8107901133978,25757000,AVGO
2024-01-12,108.09031677246094,108.87195601835869,107.34185972773632,108.521633272969,26882000,AVGO
2024-01-16,108.80073547363281,109.90146597425681,107.20720790777804,108.54506796068428,26145000,AVGO
2024-01-17,107.69902038574219,108.62020067077067,106.38556494781751,107.95468789429425,18314000,AVGO
2024-01-18,111.62574005126953,111.88335812313876,109.47599939669307,109.77069338677484,32228000,AVGO
2024-01-19,118.19208526611328,118.75805886735152,112.80551986943752,112.93335734469912,53077000,AVGO
2024-01-22,119.099609375,120.15642949409673,117.90129026552242,118.68488019694277,31222000,AVGO
2024-01-23,119.66655731201172,119.73193898744836,117.44264972664332,119.14839524998544,16952000,AVGO
2024-01-24,122.35594940185547,125.3497856587456,120.12520714877685,121.2269204873594,34805000,AVGO
2024-01-25,120.0266342163086,125.00335427393145,119.90953238078863,125.00335427393145,36356000,AVGO
2024-01-26,117.57535552978516,119.16888299786315,117.12159988425736,119.02153227698163,25818000,AVGO
2024-01-29,118.83319854736328,119.40893248494422,117.58609266772505,118.55410919084726,21526000,AVGO
2024-01-30,117.89543914794922,119.83147977440542,117.51779333478086,118.73562570198546,20683000,AVGO
2024-01-31,115.14751434326172,116.82788751067858,114.59226888755407,116.06966998660197,27400000,AVGO
2024-02-01,117.10012817382812,117.40068135591574,115.06065483468812,115.86473324254071,19411000,AVGO
2024-02-02,119.47431945800781,120.48430328666687,117.60170997495365,117.95300805057731,26689000,AVGO
2024-02-05,121.3049545288086,121.75871759063034,119.26059741509049,119.72997256473386,22045000,AVGO
2024-02-06,119.30940246582031,124.13583853168394,118.26429332804723,123.30248650119036,25354000,AVGO
2024-02-07,122.66722869873047,122.90630139027807,119.70461685546333,120.41697336846,25768000,AVGO
2024-02-08,124.3944320678711,126.46416180553668,123.443002909208,123.63718990201218,29326000,AVGO
2024-02-09,125.24144744873047,125.46686606831152,121.87973352037115,122.17638555537432,26293000,AVGO
2024-02-12,123.44203186035156,125.88843218446802,122.85653754605418,125.88258044265962,24778000,AVGO
2024-02-13,122.13932037353516,122.5511162828595,119.74268932496835,120.52627934616261,31907000,AVGO
2024-02-14,123.1707534790039,124.22269714154905,121.13127998422972,123.8557869705519,27306000,AVGO
2024-02-15,123.44886016845703,124.90576512680437,121.47573631286461,124.90088867554105,21873000,AVGO
2024-02-16,121.53721618652344,124.48421591673936,121.23568769235796,122.86043944970231,21268000,AVGO
2024-02-20,119.68997192382812,120.77997417364107,118.32478892461906,120.5984659578985,26329000,AVGO
2024-02-21,119.77780151367188,119.83634870910747,117.35677373090205,118.85564596074215,20579000,AVGO
2024-02-22,127.3355941772461,127.92889830488184,124.56131741779807,125.07265248398136,40819000,AVGO
2024-02-23,126.5031967163086,128.77200493887943,125.76645793198743,127.6742002724466,23115000,AVGO
2024-02-26,127.74833679199219,128.69098828782603,126.99987972353979,127.8332391555046,16282000,AVGO
2024-02-27,126.48954010009766,128.02256246286277,126.09823278060051,127.74834954064589,12126000,AVGO
2024-02-28,125.82498931884766,126.71299477767903,125.19557722001369,126.17433678313388,10967000,AVGO
2024-02-29,126.90522766113281,127.67710660417285,125.61616198209182,127.18040840818277,27536000,AVGO
2024-03-01,136.53468322753906,137.37291162943944,128.80905984895088,129.38772705532898,44488000,AVGO
2024-03-04,136.83621215820312,140.3404076200568,135.17047600490335,136.92306510342704,34854000,AVGO
2024-03-05,131.02906799316406,136.12776627000062,130.01616579245476,136.12776627000062,36040000,AVGO
2024-03-06,131.7365264892578,136.1111566624949,131.44962741513908,135.79401615078353,43196000,AVGO
2024-03-07,137.2997283935547,138.0120773622898,133.970206841959,134.85821227239364,62832000,AVGO
2024-03-08,127.70832824707031,137.8842532840718,127.01159878111083,136.05457904964922,74025000,AVGO
2024-03-11,126.1860580444336,126.76179203800875,122.22810646505671,124.70378050534465,31105000,AVGO
2024-03-12,126.06505584716797,127.61759887936293,122.88385991485055,127.54049883121101,42789000,AVGO
2024-03-13,122.74626922607422,125.18680289944194,122.20858647562643,125.18680289944194,37838000,AVGO
2024-03-14,123.17562103271484,124.23537438615931,121.75482416614881,123.20196875913895,38029000,AVGO
2024-03-15,120.56334686279297,123.67330194301906,120.03347387674505,122.31592864046691,88823000,AVGO
2024-03-18,120.7331314086914,123.23515294416211,120.19252280814608,122.36666813836688,25737000,AVGO
2024-03-19,120.80827331542969,121.02880803256969,117.49143772121218,118.7531804030709,24491000,AVGO
2024-03-20,125.04572296142578,126.22071912681807,120.20362922209509,121.42175082340722,40946000,AVGO
2024-03-21,132.10159301757812,137.55126318972412,128.9656532182899,130.17298592884723,72468000,AVGO
2024-03-22,132.6376190185547,134.86707200561227,131.92027748438747,132.29756515737532,38624000,AVGO
2024-03-25,132.45242309570312,133.12468039740153,131.06965784885267,131.8105360273332,21237000,AVGO
2024-03-26,130.48365783691406,135.23167300524878,130.38761251902676,133.73719111117884,23522000,AVGO
2024-03-27,129.23318481445312,132.2975878656336,127.00764921996868,132.2975878656336,25583000,AVGO
2024-03-28,129.8878173828125,130.34645131209237,128.52760164993737,129.15184383348915,19856000,AVGO
2024-04-01,132.3230438232422,133.5695839747422,129.88778807778462,129.91424053247624,17252000,AVGO
2024-04-02,131.1960906982422,131.54985681986378,127.73185038223613,128.94505972983626,24694000,AVGO
2024-04-03,133.59214782714844,134.9259110896939,129.87408927395205,130.1416344535413,28650000,AVGO
2024-04-04,129.11265563964844,137.58753685238446,128.86766008815005,135.75889268778866,27014000,AVGO
2024-04-05,131.26173400878906,133.3981027346553,128.78924410744025,129.94563074609113,19438000,AVGO
2024-04-08,130.9354248046875,131.56261282635919,128.94115740134808,130.6953339462377,17139000,AVGO
2024-04-09,130.73745727539062,133.22660524159485,128.24437658070877,133.01983045304576,17986000,AVGO
2024-04-10,129.5898895263672,130.90110303412882,128.91468642066772,129.65163186643525,17467000,AVGO
2024-04-11,135.47860717773438,136.4007647088454,129.715335693387,130.60025940762947,31713000,AVGO
2024-04-12,131.71644592285156,133.91552888635286,130.98636407622809,132.49455789587506,27823000,AVGO
2024-04-15,128.44528198242188,134.25755593476774,127.98567609141429,134.25755593476774,24370000,AVGO
2024-04-16,130.2455291748047,130.95699426838402,128.47568143639356,128.9049021860121,18923000,AVGO
2024-04-17,125.69544982910156,132.003591401519,125.57686983675995,131.6223858851552,24718000,AVGO
2024-04-18,123.37877655029297,126.67739388389786,123.03283847988179,126.22170576625062,24888000,AVGO
2024-04-19,118.05943298339844,123.47775375822297,117.35874184206044,123.37877759243626,44797000,AVGO
2024-04-22,119.99488067626953,120.85138552214521,117.65076529878648,119.9987984511697,25162000,AVGO
2024-04-23,122.41838836669922,123.27195496863456,120.3437693349693,120.35846846901684,22025000,AVGO
2024-04-24,123.1661148071289,125.98846068480513,122.00385891744092,123.85994234318306,20108000,AVGO
2024-04-25,126.8508529663086,128.18460127862903,123.18375539113298,124.69783352129349,30410000,AVGO
2024-04-26,131.71644592285156,132.86889979634148,127.70440512782322,128.37764933109474,24100000,AVGO
2024-04-29,131.18235778808594,132.58961656938865,129.91622862508027,131.71743313577858,13372000,AVGO
2024-04-30,127.42411804199219,132.1358853419896,127.30456609446006,130.2278542033839,22113000,AVGO
2024-05-01,121.79805755615234,126.64994537339437,121.65007930298006,125.27405117169533,30958000,AVGO
2024-05-02,121.37764739990234,123.91383860907672,119.88219373084911,123.11319190279205,29480000,AVGO
2024-05-03,125.25249481201172,125.81794791817286,122.21748999396577,123.37975336197228,24898000,AVGO
2024-05-06,128.4080352783203,128.45310464377113,124.95457645897648,126.04724688771655,16287000,AVGO
2024-05-07,127.70244598388672,129.25865497346888,127.080147809463,129.00875476463168,12413000,AVGO
2024-05-08,129.88388061523438,131.11277592561467,126.26970342518075,126.76068135977746,13918000,AVGO
2024-05-09,127.95330810546875,129.51539363470795,127.59365041335222,129.14496953903563,12170000,AVGO
2024-05-10,130.61203002929688,131.7096053385599,128.8980480524802,128.8980480524802,16300000,AVGO
2024-05-13,131.07357788085938,133.1197777606654,130.34838582617502,132.10157503910392,18507000,AVGO
2024-05-14,135.24046325683594,135.43253889350711,129.92601674658252,130.5669168468337,19420000,AVGO
2024-05-15,140.74209594726562,141.01453085605556,134.25559108752438,135.23753209172378,32757000,AVGO
2024-05-16,138.38619995117188,141.64659609910947,137.6933519378965,139.74544352087707,28395000,AVGO
2024-05-17,136.73593139648438,139.11140409649937,135.41196263891115,138.41463824798026,18174000,AVGO
2024-05-20,138.57241821289062,138.85759338231063,136.52718992794215,136.80551646710708,27170000,AVGO
2024-05-21,137.11907958984375,138.1176784960234,136.5565648977507,137.06811861183712,15333000,AVGO
2024-05-22,136.43702697753906,137.6874850945575,135.65107941905717,136.80647915271814,21002000,AVGO
2024-05-23,136.53990173339844,140.03941648471886,135.04151744708645,139.98356576708906,31039000,AVGO
2024-05-24,137.96578979492188,138.52830451682976,136.4154574716201,137.17691142103243,16730000,AVGO
2024-05-28,138.41757202148438,138.8811106298134,136.4664302203944,138.17748118322086,22919000,AVGO
2024-05-29,136.2831573486328,137.10928444292566,135.53151283360535,137.10928444292566,26861000,AVGO
2024-05-30,133.6774139404297,135.50997583285903,132.85029976884584,135.13953670692757,21717000,AVGO
2024-05-31,130.19554138183594,133.52749009968355,128.10916126485336,133.41086897865702,73091000,AVGO
2024-06-03,129.54383850097656,132.59158348444382,127.64561660861094,132.56218521718694,26278000,AVGO
2024-06-04,130.41796875,130.53263095364593,128.0846347751545,129.39682018130188,23048000,AVGO
2024-06-05,138.4803009033203,138.6037706371312,131.37052574083253,131.90560112958815,32947000,AVGO
2024-06-06,137.32196044921875,139.4210805824358,136.04504978276245,139.3407213267411,20172000,AVGO
2024-06-07,137.8481903076172,139.6474358348531,136.90544211515254,137.95990670113784,17859000,AVGO
2024-06-10,141.16346740722656,142.0042936566099,138.09220111946487,138.1578612308119,31042000,AVGO
2024-06-11,143.17831420898438,143.5683571131692,138.787998815963,140.94102547879248,34844000,AVGO
2024-06-12,146.5572967529297,147.56570514388423,144.68455540211698,146.99731373636945,56697000,AVGO
2024-06-13,164.5380401611328,170.11022372405344,161.94402406134134,167.57696305397164,89061000,AVGO
2024-06-14,170.03082275390625,171.22640218691026,164.84280592494906,165.30927540005425,69705000,AVGO
2024-06-17,179.22598266601562,180.61070684548417,174.29766074265194,176.39678075890885,87528000,AVGO
2024-06-18,176.64373779296875,181.45545363933093,174.92779709859306,180.27653226608072,86797000,AVGO
2024-06-20,169.98377990722656,176.86228691377855,168.77448825785663,176.73585641464507,68157000,AVGO
2024-06-21,162.54278564453125,167.96893436253492,161.83621038046263,166.1716474600927,99289000,AVGO
2024-06-24,156.5291748046875,163.29189005610505,156.37679646213644,161.42892306065718,58575000,AVGO
2024-06-25,155.406494140625,157.88881521757884,153.7558786564692,157.30780336741915,53329000,AVGO
2024-06-26,156.508544921875,159.08228101611766,154.6986657028687,157.06104021010248,46479000,AVGO
2024-06-27,155.9835662841797,157.8475083491552,154.44404698381294,156.50853503020306,31649000,AVGO
2024-06-28,157.83865356445312,161.15168988808438,155.91868348382226,156.8899716427613,69377000,AVGO
2024-07-01,161.30604553222656,162.08760336625176,156.6560156828897,158.10116488567505,47623000,AVGO
2024-07-02,162.9458465576172,163.11493582591444,159.4578253685634,161.30604667519648,32539000,AVGO
2024-07-03,169.99855041503906,169.99855041503906,163.63203673627353,164.17667156462375,39954000,AVGO
2024-07-05,167.4513397216797,173.5622539935585,166.73271041208397,172.5880107016743,45240000,AVGO
2024-07-08,171.63441467285156,172.71975408056818,167.61749480058327,167.61749480058327,36398000,AVGO
2024-07-09,170.400634765625,174.10396263868222,167.67255531792907,172.68633997949223,37802000,AVGO
2024-07-10,171.51939392089844,173.6625462989013,169.71739022721854,171.64819097496567,41074000,AVGO
2024-07-11,167.7108917236328,173.50327884136524,164.02921016139518,173.4826377113185,51026000,AVGO
2024-07-12,167.19183349609375,169.67316456777718,166.2716530350707,168.21031434773144,30453000,AVGO
2024-07-15,168.52194213867188,170.57660463829993,166.39845587071287,167.12595070348252,22999200,AVGO
2024-07-16,166.51644897460938,169.88845383890944,163.58681836270804,169.48538174118295,22244900,AVGO
2024-07-17,153.3429718017578,160.08699609312055,152.97923188397516,159.56595756193192,43343400,AVGO
2024-07-18,157.8062286376953,158.77948194642119,151.29813716517035,156.20378086563406,37973500,AVGO
2024-07-19,154.6898193359375,161.17822957926435,154.4636969556373,159.10390100885886,26309500,AVGO
2024-07-22,158.3370819091797,160.2344607062348,155.23050196217147,157.52111227115293,28813300,AVGO
2024-07-23,161.0012664794922,162.53489031832814,157.19668349380453,157.68823036526834,21570200,AVGO
2024-07-24,148.78143310546875,158.68119627009045,148.5455001606713,157.63911909504037,37162600,AVGO
2024-07-25,146.736572265625,150.95405298409875,143.0598111273686,148.70275982647078,30872100,AVGO
2024-07-26,149.06651306152344,150.98354291178117,147.38541611540793,150.90489361012695,20839900,AVGO
2024-07-29,147.68035888671875,152.37954627500477,146.62844127010337,149.449930811367,16625800,AVGO
2024-07-30,141.09361267089844,150.875392030567,140.9264885412308,150.6886018265798,31102300,AVGO
2024-07-31,157.96351623535156,158.60253625297966,148.44717474979876,148.9092300699467,45827500,AVGO
2024-08-01,144.5344696044922,156.22345549375785,143.69883378785508,154.83728949239048,40320000,AVGO
2024-08-02,141.38856506347656,142.89269745769892,137.2399078059626,139.5305032815083,33745800,AVGO
2024-08-05,139.67799377441406,142.96152405086485,126.32757579321162,127.4188107055439,41309300,AVGO
2024-08-06,141.4868621826172,146.39250579354206,137.87890962740332,139.33388429525573,24751300,AVGO
2024-08-07,133.96620178222656,147.56239139005254,133.53363809247833,145.74366178565336,29749800,AVGO
2024-08-08,143.27609252929688,143.79713103129222,136.06017280201706,138.81283837910723,27583200,AVGO
2024-08-09,145.75347900390625,147.02167838562457,141.6736458009603,141.76212064131627,18438700,AVGO
2024-08-12,146.107421875,148.57499735464776,143.89546042957312,145.57655772845993,17778500,AVGO
2024-08-13,153.51991271972656,153.73619452946357,147.27726184933607,148.9878502533962,22053600,AVGO
2024-08-14,155.02406311035156,157.54078082828835,152.10427333580841,155.3484858631698,20184200,AVGO
2024-08-15,163.32139587402344,163.85225998442917,157.62927374144294,158.47473510306878,27945000,AVGO
2024-08-16,162.91831970214844,163.28205963906714,159.92970589349144,161.68945234680447,19296900,AVGO
2024-08-19,164.87466430664062,164.99263075987963,157.7079022559588,162.07284103564936,20441700,AVGO
2024-08-20,163.1444091796875,165.52349431827682,161.3748373821523,164.22581833396472,19417500,AVGO
2024-08-21,162.97727966308594,163.6556167465057,160.1263138061143,162.32843419191747,16097700,AVGO
2024-08-22,159.59544372558594,169.5050310193637,158.75982299694877,167.95174101688292,30044500,AVGO
2024-08-23,163.54750061035156,165.43503908447633,160.69653432148885,162.239983932796,18848000,AVGO
2024-08-26,156.9214324951172,162.89864478735905,155.97767081787032,162.17116495298572,18521200,AVGO
2024-08-27,158.66152954101562,159.2907090592693,153.19552966353265,154.9356101283994,16683100,AVGO
2024-08-28,155.5057830810547,159.53647399827534,153.60841908886368,157.37367045766857,18063600,AVGO
2024-08-29,154.2769012451172,160.44090350788034,152.782609485094,155.8105401580159,23519300,AVGO
2024-08-30,160.0673370361328,160.48023462512052,156.02682098575673,158.3960656034608,25158500,AVGO
2024-09-03,150.2069091796875,158.02251762285726,148.82075819239526,157.66860322165402,37179100,AVGO
2024-09-04,151.51441955566406,155.12237218968338,146.62844191484464,147.7590088442847,20324100,AVGO
2024-09-05,150.23641967773438,153.71656554543796,147.5722285608589,148.0244583632859,31548500,AVGO
2024-09-06,134.68385314941406,141.07396297037167,134.290621622299,140.82818951571946,76634600,AVGO
2024-09-09,138.4392852783203,139.1962567538257,132.6193563964344,136.75818816870392,39516700,AVGO
2024-09-10,145.704345703125,147.32644455077934,138.6555496175304,138.8325143104649,36067500,AVGO
2024-09-11,155.59426879882812,156.18411611197098,142.58792628256415,145.8812967006935,39700800,AVGO
2024-09-12,161.77793884277344,163.50819380418704,154.17862677047324,155.4271602936163,43530700,AVGO
2024-09-13,164.85499572753906,165.2384016955645,161.26669448752727,163.9210596516638,29850000,AVGO
2024-09-16,161.24705505371094,162.70202972961283,157.69808570851856,162.39727304082473,26126900,AVGO
2024-09-17,159.72325134277344,163.21323734291678,157.98317111156803,162.6921988274926,19844300,AVGO
2024-09-18,158.93678283691406,164.6387302355115,158.63202613988793,161.0012859470203,26557600,AVGO
2024-09-19,165.1309051513672,167.67563124331426,163.39497462243494,165.38734481638784,32453100,AVGO
2024-09-20,168.76058959960938,169.66800881575972,164.19388985677136,164.89417373926975,91758500,AVGO
2024-09-23,170.57545471191406,170.95026392183328,166.04821577697197,169.64830459274194,29431100,AVGO
2024-09-24,172.449462890625,173.58374832473666,169.3326649858136,170.44721965972357,34223400,AVGO
2024-09-25,173.1201629638672,174.71800829124547,171.38421737347156,172.26204802310227,16613800,AVGO
2024-09-26,175.65501403808594,177.78548448219934,172.60726648757216,176.05941181732362,24340000,AVGO
2024-09-27,170.32887268066406,176.02984356638336,169.41158041799713,175.73394235100173,20580900,AVGO
2024-09-30,170.14146423339844,170.55571990551266,167.31070961553766,169.52007320014678,16902000,AVGO
2024-10-01,165.1802520751953,169.89489587723867,163.5330871113164,169.8061300226363,23770400,AVGO
2024-10-02,168.32662963867188,170.47681604367028,164.73639867653355,165.2591509694978,14317800,AVGO
2024-10-03,169.53977966308594,172.54808059509406,166.87669926677782,167.30081273334105,13072300,AVGO
2024-10-04,174.224853515625,174.4812931953401,170.24009784922612,173.8895058459606,17921400,AVGO
2024-10-07,172.68617248535156,175.87200521038767,171.48285206595853,172.4297328247212,15588300,AVGO
2024-10-08,178.25892639160156,179.1170413655262,172.4987786467154,173.02153090488926,20774200,AVGO
2024-10-09,183.4075469970703,183.87112200319834,174.00784961776665,176.78929965453483,25504100,AVGO
2024-10-10,183.151123046875,183.76264117118706,180.03432509362926,181.05024103247825,16318000,AVGO
2024-10-11,178.9986572265625,180.09348102781436,174.97444041791132,178.66330958838128,23070000,AVGO
2024-10-14,179.81732177734375,182.4212251622244,177.6671355577031,180.7937911904839,17195800,AVGO
2024-10-15,173.57388305664062,179.21567670972908,170.99956806790564,178.3181152080648,27657500,AVGO
2024-10-16,174.40240478515625,176.79917296020497,172.93277165323119,176.06928532183724,15285100,AVGO
2024-10-17,179.04798889160156,182.973567229094,178.21947759326522,178.8901729156823,25232400,AVGO
2024-10-18,177.430419921875,180.21187017156402,176.23695724980777,179.8272031210922,17835200,AVGO
2024-10-21,177.529052734375,179.23539471654794,175.8128378472892,176.92739249092767,13695100,AVGO
2024-10-22,176.92739868164062,178.21948505700175,174.9843326659698,176.21724181042282,12062600,AVGO
2024-10-23,171.1376495361328,176.5328612329093,170.21051448846927,175.16186684680943,19513700,AVGO
2024-10-24,169.00718688964844,171.91684938043508,167.1824753860202,171.87738786080894,20485200,AVGO
2024-10-25,170.63461303710938,174.3826595704997,170.35844261308517,171.80834486429185,19977700,AVGO
2024-10-28,169.6680145263672,171.59134961719008,169.00717708747723,170.63461099890603,13195800,AVGO
2024-10-29,176.78929138183594,177.7657456701994,168.8690852309661,170.08226346356,23702300,AVGO
2024-10-30,174.224853515625,176.73999113842856,173.21879545647155,175.04350697991887,17911500,AVGO
2024-10-31,167.4488067626953,172.0648117665006,165.0914848808043,172.0648117665006,26086600,AVGO
2024-11-01,166.61041259765625,168.98746510096208,165.20982957977537,165.9594329407063,17847000,AVGO
2024-11-04,166.2454833984375,170.09215417169702,166.11725602260836,166.96549817391193,13621300,AVGO
2024-11-05,171.52230834960938,172.01547199069526,167.72495734334396,167.72495734334396,13441800,AVGO
2024-11-06,177.09506225585938,177.74604185844208,173.55415101023954,177.17397024255058,24300800,AVGO
2024-11-07,181.29681396484375,182.34231846805935,179.3044286557922,179.50170615087126,18970600,AVGO
2024-11-08,181.12913513183594,182.5198601628718,179.34388522185745,180.48802844101428,13503200,AVGO
2024-11-11,176.4638214111328,181.1192874858165,174.40240095967505,180.8924213699862,17036700,AVGO
2024-11-12,173.8105926513672,177.10492211976333,170.83188008315716,176.4539425097948,15862000,AVGO
2024-11-13,171.20668029785156,173.18919258787466,170.24008383830466,172.32123487018637,17472500,AVGO
2024-11-14,168.05043029785156,173.16947078693426,167.54739380229367,172.38040603030413,20638900,AVGO
2024-11-15,162.586181640625,166.8273918612032,161.19545659443082,166.16655440418376,20836200,AVGO
2024-11-18,163.4048309326172,164.07554127733505,160.0020049878093,163.39497307834162,17856900,AVGO
2024-11-19,163.08921813964844,164.51938965379793,162.06342936318066,164.38130443967646,18003400,AVGO
2024-11-20,161.01792907714844,163.27661193493515,158.6606074709197,163.27661193493515,17196700,AVGO
2024-11-21,161.698486328125,164.06566562835079,158.40415703609378,163.97689979087806,24835300,AVGO
2024-11-22,161.9845428466797,162.65525329713984,160.17956191917747,162.05359298797242,17332500,AVGO
2024-11-25,162.56646728515625,164.94350455924942,160.6628478347686,163.13852385557357,26850600,AVGO
2024-11-26,162.48756408691406,164.09526734455116,160.46559012100516,162.3494788675435,16308800,AVGO
2024-11-27,157.48687744140625,160.9686115899544,155.38599548627428,160.9686115899544,19722700,AVGO
2024-11-29,159.8639373779297,160.46559765848292,156.9049553522897,157.3882611678688,11024000,AVGO
2024-12-02,164.2333526611328,166.0777949390114,160.5247674457285,160.72202989492314,21472400,AVGO
2024-12-03,165.85092163085938,165.96929113536993,161.78725816310546,162.2311024170814,17024400,AVGO
2024-12-04,168.22796630859375,172.99192853265495,166.255311891185,171.0685934857132,32748200,AVGO
2024-12-05,168.13922119140625,170.04282571470796,166.88658126794616,168.41539163986286,18490000,AVGO
2024-12-06,177.07534790039062,178.20961833256297,167.01481194275772,167.77428821612654,27830800,AVGO
2024-12-09,176.493408203125,178.31810466493087,173.6133343138179,176.50326605799654,20886300,AVGO
2024-12-10,169.46087646484375,176.05940794370028,167.40931405085325,175.37883975706896,27762600,AVGO
2024-12-11,180.6951446533203,182.3423093134464,174.01770512442374,177.54875839679,41295200,AVGO
2024-12-12,178.1898956298828,179.51157061467765,173.58374889320675,178.45619316775614,46967200,AVGO
2024-12-13,221.7263641357422,225.57303430958544,208.22354195987432,210.97538830729152,121336600,AVGO
2024-12-16,246.58184814453125,248.43614845862984,227.65422307293116,228.62081970361245,111623200,AVGO
2024-12-17,236.94540405273438,239.1547826320025,230.60332671137238,237.35965971444207,70382100,AVGO
2024-12-18,220.56251525878906,236.57061884517165,216.22268097687103,236.13663240694768,53960100,AVGO
2024-12-19,215.3349609375,224.931920353135,214.60507339344466,224.79383514752007,40845200,AVGO
2024-12-20,217.7711944580078,227.14130365797496,215.91690939780733,217.34708094987556,131910400,AVGO
2024-12-23,229.7871856689453,230.8255920971575,222.64682105758146,224.1896118439952,40643800,AVGO
2024-12-24,237.0363311767578,237.58026771509478,232.21016765870442,237.47148040742738,22827200,AVGO
2024-12-26,242.65367126464844,244.55249178697088,234.97926976728473,237.35279164756676,28459000,AVGO
2024-12-27,239.08349609375,243.06904396306888,233.7430641613554,242.93058876750266,29282200,AVGO
2024-12-30,232.98155212402344,236.1363688075348,229.06522432265098,232.11125370361077,27316800,AVGO
2024-12-31,229.28280639648438,234.8408281845078,228.75865349179406,233.27825373808736,17927700,AVGO
2025-01-02,229.4212646484375,236.85832354198084,227.70046644428936,233.55516724457323,31525800,AVGO
2025-01-03,229.98500061035156,233.8815452330146,226.47415372447318,231.01352287828195,24973200,AVGO
2025-01-06,233.80239868164062,239.08349480029065,230.72670141275174,233.8914023589193,34028400,AVGO
2025-01-07,226.11810302734375,236.85831796542894,225.08958085428003,236.85831796542894,25928600,AVGO
2025-01-08,226.78070068359375,229.90584940055177,223.56654829133555,227.1663983670454,18756500,AVGO
2025-01-10,221.8358612060547,225.31703987722108,218.80961538069084,224.79288697755925,23864000,AVGO
2025-01-13,222.80503845214844,226.73125044999077,217.0887932186595,217.56350967058134,23772100,AVGO
2025-01-14,222.2215576171875,227.7202284431736,220.63921465983412,224.0709417923263,18143100,AVGO
2025-01-15,225.48516845703125,227.79935472211065,223.09186277812623,226.02910499552902,21745600,AVGO
2025-01-16,226.87962341308594,235.96826061193516,226.68183242064174,232.6255370048323,23471900,AVGO
2025-01-17,234.82102966308594,235.4737534582526,230.09375446260756,234.46499987394813,31196600,AVGO
2025-01-21,237.65939331054688,240.07248267758192,234.78148680688693,238.83627009942754,30903200,AVGO
2025-01-22,238.2527618408203,244.2657011385912,238.03518723767354,244.0283429104808,29610500,AVGO
2025-01-23,237.6297149658203,237.748386539149,233.51559606492995,235.78034585918525,17653900,AVGO
2025-01-24,242.00096130371094,246.8370241064407,239.24174158284657,242.00096130371094,25387800,AVGO
2025-01-27,199.90049743652344,216.0206952760911,194.06556577606568,211.04617771908858,90569400,AVGO
2025-01-28,205.07281494140625,207.63424355895927,196.69623803277352,205.71563938997124,50316000,AVGO
2025-01-29,204.07395935058594,209.11769714341634,200.53344504704296,206.5364849180351,32533700,AVGO
2025-01-30,213.28126525878906,219.51177902674007,211.34287749679922,216.1591714649617,42449500,AVGO
2025-01-31,218.8293914794922,224.2983942561441,213.91420947660487,217.2371492096768,41104700,AVGO
2025-02-03,215.3284454345703,218.50304594481196,211.15499060327966,213.08349427919904,24507300,AVGO
2025-02-04,219.97659301757812,220.5699810622988,212.92524707778153,216.9305786534341,23768500,AVGO
2025-02-05,229.4410400390625,235.30562489662833,224.99067503830483,231.3596442538667,29196000,AVGO
2025-02-06,228.80809020996094,232.2101492817941,226.03897130796997,231.9134552761372,21169500,AVGO
2025-02-07,222.38966369628906,233.05075835200287,221.63805198082568,232.40793393263795,22117500,AVGO
2025-02-10,232.44749450683594,233.21890496468305,224.61485417558436,224.9214324510127,23901600,AVGO
2025-02-11,232.44749450683594,235.26606495022816,227.43342461897655,229.91573380467187,18476200,AVGO
2025-02-12,233.74307250976562,233.87162835207147,227.4631067862131,227.8191366004544,16397300,AVGO
2025-02-13,233.19912719726562,234.33643665219162,228.18504209298325,233.45625396268352,20962000,AVGO
2025-02-14,230.46957397460938,233.1398051838795,226.37523856834332,231.9431447827226,16988800,AVGO
2025-02-18,226.00930786132812,229.6388258696694,221.82596907979357,227.56199797019465,26080500,AVGO
2025-02-19,226.2071075439453,226.54336881816806,221.92486556362536,225.33682419135806,16375500,AVGO
2025-02-20,224.23904418945312,226.45432714341382,220.29304879198565,226.1279652602714,16104000,AVGO
2025-02-21,216.24818420410156,225.23791789828155,213.25160630604157,223.16107485841528,24883600,AVGO
2025-02-24,205.63650512695312,217.05911054911817,205.2508074675779,216.18882729414628,33050400,AVGO
2025-02-25,200.30596923828125,206.3386920358868,198.70384273059886,204.71678190365114,33100800,AVGO
2025-02-26,210.59127807617188,211.18465103276202,203.7278237358365,204.62779007405584,21368300,AVGO
2025-02-27,195.61827087402344,216.83167455718848,195.22267381597945,214.8834024314655,27572900,AVGO
2025-02-28,197.2302703857422,198.9708671600704,191.0195402912148,193.60075247088662,39747200,AVGO
2025-03-03,185.3032989501953,201.80921020853262,182.49462784952914,201.7498744246499,37435600,AVGO
2025-03-04,185.41209411621094,191.81073131806144,178.48930401384894,187.13290737422975,37910500,AVGO
2025-03-05,189.46688842773438,191.93931361064588,185.03630672529292,189.7437988409816,25644500,AVGO
2025-03-06,177.47067260742188,184.7692764116702,175.65097133556938,179.0431313665612,56864100,AVGO
2025-03-07,192.80960083007812,193.32385437290472,179.5573935702602,185.65933675403647,74528900,AVGO
2025-03-10,182.41551208496094,189.86245492069332,178.43984849007097,187.50871660024785,44217100,AVGO
2025-03-11,187.99330139160156,193.46230421783983,183.30559330653128,185.97580925595483,42153200,AVGO
2025-03-12,192.08763122558594,197.77420849914202,190.3272659029238,194.0556868797909,30409700,AVGO
2025-03-13,189.24929809570312,194.15459589124757,187.38014541619106,191.01954773991395,27236100,AVGO
2025-03-14,193.38319396972656,195.3215818777956,191.06900770995418,194.03591781442702,25900900,AVGO
2025-03-17,192.35467529296875,194.5501900176903,185.43188492252773,185.97582146973087,26830600,AVGO
2025-03-18,186.58897399902344,190.76242873844913,184.8384928182443,188.33945517980257,24951000,AVGO
2025-03-19,193.41287231445312,196.08308832632883,184.83848903858095,187.2515782801449,37962700,AVGO
2025-03-20,189.008544921875,192.28202449061752,187.4214138622241,189.98067915647198,31430000,AVGO
2025-03-21,190.1195526123047,190.52626090469866,185.86402464778783,186.69728472239078,43086500,AVGO
2025-03-24,189.7128448486328,195.10912374611092,189.13750473157765,192.73833376756608,33180300,AVGO
2025-03-25,186.7468719482422,190.0600385059313,186.17153182907637,189.3557384063574,23417300,AVGO
2025-03-26,177.82913208007812,186.54847630839103,176.15271293462126,185.15973478110882,30578500,AVGO
2025-03-27,170.60765075683594,176.946291081194,169.08994920988738,176.23207680778907,32151700,AVGO
2025-03-28,167.76072692871094,171.9071388842304,165.1320318289812,170.54813969306764,30391500,AVGO
2025-03-31,166.08428955078125,166.5902001599504,159.32902671951672,163.16793224400578,35656400,AVGO
2025-04-01,167.16554260253906,167.35401791946424,162.10652725744052,165.0328139179336,20472400,AVGO
2025-04-02,170.70684814453125,172.0360744577063,164.16981793903045,164.74515809013954,19523700,AVGO
2025-04-03,152.7721405029297,162.11642551775435,152.4646345470422,159.24965447330013,44354900,AVGO
2025-04-04,145.11419677734375,151.5718827538793,138.05142816767963,146.9790912405844,72302200,AVGO
2025-04-07,152.90110778808594,159.14054560589818,136.99003504853414,143.32867517641293,68503500,AVGO
2025-04-08,154.7759246826172,168.4154105573576,151.8595521901617,166.27276768908646,58888200,AVGO
2025-04-09,183.661865234375,185.82435152488372,156.24402018806086,159.209993744844,72708300,AVGO
2025-04-10,170.91514587402344,175.52776555512818,165.0625579020504,173.89103344535474,51212200,AVGO
2025-04-11,180.47769165039062,181.19190598783305,171.9170489149746,172.22455492267773,33964100,AVGO
2025-04-14,176.9264373779297,184.50503049832915,174.40685921274965,183.59242678747077,25748300,AVGO
2025-04-15,177.51170349121094,180.79509726152583,176.64870087643214,178.28543310504324,17242400,AVGO
2025-04-16,173.2065887451172,174.66477496583272,165.57839399303128,169.060177240944,34638600,AVGO
2025-04-17,169.6156768798828,174.83339429025574,168.55426971728085,174.83339429025574,22501800,AVGO
2025-04-21,164.8740997314453,166.64970601058192,160.31106601241103,165.64782929845984,23469800,AVGO
2025-04-22,168.21701049804688,169.14945771379675,163.89205318867215,166.08428194079727,18504900,AVGO
2025-04-23,175.4881134033203,178.99965447157095,174.40687776376714,176.3511160522657,24380500,AVGO
2025-04-24,186.63775634765625,187.05439395770773,176.86693386059227,178.24576126332568,27576900,AVGO
2025-04-25,190.7643280029297,191.81580595268252,185.3878924478258,185.41765011537368,21242300,AVGO
2025-04-28,190.92303466796875,191.5479759228102,186.1715255409266,188.99862488448343,16385800,AVGO
2025-04-29,189.6334991455078,191.69678328648155,188.57210697430506,190.17908163357882,14630000,AVGO
2025-04-30,190.92303466796875,191.64716309687955,182.5409540836624,184.4058333993292,22768900,AVGO
2025-05-01,195.74398803710938,199.7812680795465,194.6627524006387,196.54747534744348,24939700,AVGO
2025-05-02,202.00326538085938,204.02686244621472,199.46384351996315,202.2611702105557,17766800,AVGO
2025-05-05,199.1067352294922,201.59655591831608,198.3925209432048,198.6405115943838,14025400,AVGO
2025-05-06,198.48178100585938,200.2871600941004,194.3651425191122,194.86112378913703,16348800,AVGO
2025-05-07,203.16384887695312,204.5724338915524,196.83512291973943,197.6882113242035,20253700,AVGO
2025-05-08,206.10006713867188,209.46281964114755,202.05285804200378,206.3282142913535,18460900,AVGO
2025-05-09,206.52659606933594,208.2724598122335,204.86010628145775,207.64751857370567,13289200,AVGO
2025-05-12,219.79905700683594,220.01728997213652,214.14487366983641,217.72585897262726,25437700,AVGO
2025-05-13,230.55194091796875,233.38895450086977,220.2156926556064,220.2156926556064,28790500,AVGO
2025-05-14,230.25436401367188,231.62327730555495,226.51467574492406,228.37955522251184,19751400,AVGO
2025-05-15,230.77017211914062,232.57555126533205,226.2369110363982,228.31010917897373,18803700,AVGO
2025-05-16,226.77256774902344,230.7701757660246,224.57040959373398,230.4527556088002,23094600,AVGO
2025-05-19,228.77633666992188,229.3913486313337,219.8189157050691,220.0669063522381,15355500,AVGO
2025-05-20,229.81788635253906,229.90717448940936,224.5208097369431,224.6696132076283,11787200,AVGO
2025-05-21,227.88356018066406,234.59915111236128,225.99883732555242,226.55433395080016,17642900,AVGO
2025-05-22,228.6771240234375,231.8117292946869,225.6020340830357,226.50472363061684,14340200,AVGO
2025-05-23,226.88168334960938,228.796163870756,224.36208991082574,225.11599116155526,15385600,AVGO
2025-05-27,233.75596618652344,234.57929690996914,229.2723064096958,230.99831153987253,17941700,AVGO
2025-05-28,237.50558471679688,239.05305900027113,232.54577199528856,235.24391132668086,20443000,AVGO
2025-05-29,240.02520751953125,244.09226050487248,235.49193087024582,243.93354284562574,20743700,AVGO
2025-05-30,240.12437438964844,241.2155240795418,233.01198980416723,239.28120019351311,27088600,AVGO
2025-06-02,246.71099853515625,247.99062349247296,241.23536133032144,241.2948766581762,19197000,AVGO
2025-06-03,254.78558349609375,255.80730369756282,247.39545049194467,248.06999288740658,30380200,AVGO
2025-06-04,258.9815368652344,263.29657947287524,255.5195976855611,255.98582123668166,31536000,AVGO
2025-06-05,257.8408508300781,262.7610074938025,256.9778481464538,260.83659748264785,41970900,AVGO
2025-06-06,244.9453125,253.26789307302678,244.1517545452877,249.12148161976054,41146700,AVGO
2025-06-09,242.31661987304688,246.17535373631114,239.17210028429176,243.08043530420346,25334100,AVGO
2025-06-10,242.663818359375,244.30055061297722,239.45976822799153,242.25711005621142,25491300,AVGO
2025-06-11,250.8772430419922,252.7222939234308,241.84046393423768,244.37988554822917,24599000,AVGO
2025-06-12,254.01185607910156,255.81723517575236,247.49465489526634,248.17911147287248,20410900,AVGO
2025-06-13,246.7010955810547,251.95850038803462,246.35391775276003,248.64534893686752,19028400,AVGO
2025-06-16,250.0737762451172,253.13893703088328,247.56411209074776,248.33784170392858,20363000,AVGO
2025-06-17,247.36569213867188,251.9188116709702,245.92734949230686,248.93299475796073,22014300,AVGO
2025-06-18,249.24049377441406,253.58529439366598,247.40537222025338,248.87347249081125,30435500,AVGO
2025-06-20,248.5644073486328,252.07427588432242,242.7775893178268,251.7660461241791,42134900,AVGO
2025-06-23,252.32284545898438,252.760338725152,245.05453418015304,247.6894161171529,19747000,AVGO
2025-06-24,262.26580810546875,264.3538386650651,257.294321222405,257.294321222405,32764900,AVGO
2025-06-25,263.14080810546875,268.33104189049055,261.9277640302399,264.48311570123377,18894200,AVGO
2025-06-26,268.6293640136719,270.12081023639746,262.62379872730264,263.5683631288982,23569600,AVGO
2025-06-27,267.81402587890625,270.2997695192459,265.3581099485086,268.75859025610515,27477600,AVGO
2025-06-30,274.07806396484375,276.12631411950804,270.5781481462096,273.16332737685366,24708400,AVGO
2025-07-01,263.23028564453125,272.9346380403458,261.1621603905054,272.83520223100203,28847600,AVGO
2025-07-02,268.36083984375,270.4488702785806,261.23174507180704,262.4845390578685,17582100,AVGO
2025-07-03,273.6107482910156,274.2272078173821,268.5796059289009,269.1861431149877,10592700,AVGO
2025-07-07,272.616455078125,275.97718516023826,271.10513394699154,273.5610497498013,16760600,AVGO
2025-07-08,270.25,274.774071021526,269.60371280936664,274.774071021526,14869400,AVGO
2025-07-09,276.31524658203125,277.85642578711236,271.16479323572867,271.40341490627577,20133000,AVGO
2025-07-10,273.8294982910156,279.57653605766296,271.1449135132259,278.19447844829074,17891600,AVGO
2025-07-11,272.8153076171875,274.89338540599704,270.33951696310925,272.5766859667356,14274700,AVGO
2025-07-14,274.0283508300781,276.7725908334091,268.04266147021036,272.56673253796464,11934200,AVGO
2025-07-15,279.337890625,281.74407313940566,276.2655155571406,278.2143298019854,17918400,AVGO
2025-07-16,279.2086181640625,279.9046384009573,274.0979458979762,278.51259792716763,15031000,AVGO
2025-07-17,284.8164978027344,286.6360486644115,278.3137844147582,279.536781120835,17231100,AVGO
2025-07-18,281.7242126464844,285.89032104645884,279.39756044627137,285.4727028006807,15012400,AVGO
2025-07-21,286.5664367675781,288.883166634135,282.01256816006986,282.34067294130205,17726800,AVGO
2025-07-22,277.0013122558594,286.35765454022237,274.8536262055818,286.0096443774533,16564800,AVGO
2025-07-23,282.0722351074219,282.3804648775155,271.4431933505695,275.2016363524508,20556200,AVGO
2025-07-24,287.0635986328125,289.5394198336083,281.8833175888375,288.1374568350622,16413800,AVGO
2025-07-25,288.52520751953125,290.92146785547334,285.6317984917393,286.4272546048279,12476200,AVGO
2025-07-28,292.6216735839844,293.7651397160392,288.93283921906095,290.792170253659,13683400,AVGO
2025-07-29,295.7239685058594,300.4667565401795,293.1884917372768,295.8034989527347,19210800,AVGO
2025-07-30,300.894287109375,301.53065203729915,294.1131712709888,295.45547888669455,16738900,AVGO
2025-07-31,292.025146484375,305.1995864915155,288.5749334348008,301.07322817670536,25488500,AVGO
2025-08-01,286.9940185546875,290.9712081886923,280.0040786431172,284.9059879281252,21428100,AVGO
2025-08-04,296.022216796875,296.7778925146136,289.7382500811123,290.5337061901919,17164600,AVGO
2025-08-05,291.259521484375,299.48238015902194,289.78798079577285,296.1116975078201,18477500,AVGO
2025-08-06,299.94970703125,301.0831902773515,290.23540210982287,291.22969949995144,17392100,AVGO
2025-08-07,302.0278015136719,308.57026534867197,298.16992257324665,304.42406199663805,16319400,AVGO
2025-08-08,303.2308654785156,306.1143217384544,300.82465252896566,302.31609856102506,12458700,AVGO
2025-08-11,302.1669616699219,306.5518166692501,299.5718601249272,303.31039756534346,12396400,AVGO
2025-08-12,311.0460510253906,311.65258823506815,302.93261071587807,304.88142517840953,17609600,AVGO
2025-08-13,307.3273620605469,315.54026782243,303.01211523379976,314.9436833480101,17371200,AVGO
2025-08-14,309.4552001953125,312.3784370682503,305.2493111409307,305.25926382517076,15717600,AVGO
2025-08-15,304.59307861328125,309.7236571204512,298.0506147129102,309.2563361030282,22806900,AVGO
2025-08-18,304.0163879394531,304.42405352165923,297.29492769042946,300.97384027084104,14724700,AVGO
2025-08-19,293.2282409667969,301.17266724150545,290.7226225185964,300.69542392387547,20149600,AVGO
2025-08-20,289.50958251953125,293.8049241553724,280.26259864638365,293.77509644760784,23600500,AVGO
2025-08-21,287.9485168457031,290.7226149312188,284.53808423877217,288.4058851276779,14946300,AVGO
2025-08-22,292.32342529296875,298.37869260424026,287.361891151843,290.08625622184906,16301300,AVGO
2025-08-25,292.5521240234375,296.698327034538,290.0464752489418,291.1402084168925,15124700,AVGO
2025-08-26,296.310546875,298.537763107986,292.3134523254253,292.6714151306097,25689100,AVGO
2025-08-27,298.53778076171875,299.4624700191788,292.1046756627868,295.8332907430747,13830300,AVGO
2025-08-28,306.889892578125,309.2264975835595,300.6059256020137,301.2025101226533,18907100,AVGO
2025-08-29,295.6941223144531,305.2592585756986,291.98538203906287,305.2592585756986,21610700,AVGO
2025-09-02,296.5392761230469,297.00659716089535,285.5324258801925,287.690034458678,19693000,AVGO
2025-09-03,300.66558837890625,302.7138384798026,294.7097266554902,300.5661525758095,18529400,AVGO
2025-09-04,304.35443115234375,307.01914082260106,300.5263802075415,303.32035339092016,31220800,AVGO
2025-09-05,332.9802551269531,354.307915143692,329.5300420981367,353.75111105346923,78401600,AVGO
2025-09-08,343.6788635253906,352.15029613473433,339.30396137418364,340.795407358246,43535600,AVGO
2025-09-09,334.7501220703125,348.9785155669414,333.9148855443519,347.5566472108421,26972300,AVGO
2025-09-10,367.4624938964844,370.8430989555386,348.5509381089459,349.51540779149104,51086800,AVGO
2025-09-11,357.5791931152344,372.0959418044151,356.7141591976126,369.06331640702246,29430900,AVGO
2025-09-12,357.8177795410156,362.31202294585194,355.12324224091253,360.84045195630114,31949800,AVGO
2025-09-15,362.01373291015625,363.4156958706093,354.307928141354,357.8177967126278,21792200,AVGO
2025-09-16,357.947021484375,363.6045754458755,354.9541769559185,363.34604844264686,21306500,AVGO
2025-09-17,344.1959533691406,357.87746531965445,339.5525710377554,356.80363745055035,45197100,AVGO
2025-09-18,343.380615234375,348.70011242524,341.8295137084828,348.00409210361323,24663900,AVGO
2025-09-19,342.9729309082031,344.2953330347468,334.5114507356632,342.6845761800293,41240100,AVGO
2025-09-22,337.4351806640625,345.28367325298416,336.5885737516059,341.0606084270775,28660000,AVGO
2025-09-23,337.5845642089844,343.8394489551671,335.67222901216985,338.8793532849425,21944100,AVGO
2025-09-24,337.95306396484375,338.71997371776,332.4750589983509,338.4012765294073,19677300,AVGO
2025-09-25,334.7559509277344,336.7081044280019,325.9911236613484,331.65837193110127,21678200,AVGO
2025-09-26,333.19219970703125,337.7239919137433,329.2579837594843,336.08059640996515,15464700,AVGO
2025-09-29,326.5887145996094,339.68612138090174,326.2401081782098,334.656328600332,21336000,AVGO
2025-09-30,328.5906677246094,329.72609296966556,323.3118446022923,328.7998194074157,20109500,AVGO
2025-10-01,332.0567932128906,336.59855541282326,323.2023295934908,326.837727221675,21122700,AVGO
2025-10-02,336.8276062011719,346.21988820563433,333.9093306066824,346.21988820563433,19917600,AVGO
2025-10-03,337.016845703125,343.0227303782379,334.3973582704928,340.13433362422603,14749100,AVGO
2025-10-06,334.1483459472656,342.75380866679006,333.2220723671261,334.57664945247484,18465700,AVGO
2025-10-07,335.0646667480469,336.7578500424013,325.2739608698581,335.6821824433723,18086700,AVGO
2025-10-08,344.11834716796875,345.1541967237403,331.28984936250185,332.48506272651053,21478300,AVGO
2025-10-09,343.6402282714844,345.9210789009516,339.03870886032774,344.36731988927625,17643700,AVGO
2025-10-10,323.331787109375,349.1979325045112,322.75408954786695,344.0087761645016,28941000,AVGO
2025-10-13,355.2735595703125,357.9428348856006,342.1462436328903,351.35925264203496,45984300,AVGO
2025-10-14,342.7538146972656,349.267669476328,338.2917194609827,348.7298204480106,22078000,AVGO
2025-10-15,349.92498779296875,357.96272246505765,346.1103176658243,353.05244525324514,23918500,AVGO
2025-10-16,352.7337341308594,361.78737921559485,348.09236600682163,355.3731305974428,20317200,AVGO
2025-10-17,347.9329833984375,349.56643947544666,339.417187803511,348.2118624365201,20937900,AVGO
2025-10-20,347.8433532714844,355.16396614831154,346.4489580557878,352.3851150572024,15640200,AVGO
2025-10-21,341.2897033691406,349.6959541684103,339.94509595160935,348.6003469987353,16092600,AVGO
2025-10-22,338.9391174316406,346.6183067837734,334.16829467718156,345.91112421133204,19268800,AVGO
2025-10-23,342.9131774902344,345.1840584530217,339.03871918336426,339.03871918336426,12859200,AVGO
2025-10-24,352.7138366699219,356.8671437910621,349.47683344124437,351.1003199238364,16143700,AVGO
2025-10-27,360.6021423339844,361.2993551775869,353.66001429366173,360.09420250359625,20065800,AVGO
2025-10-28,371.4784851074219,372.56412252342585,361.0802324898972,361.169868930242,21056000,AVGO
2025-10-29,384.43646240234375,384.9344628835344,371.69760158273596,371.69760158273596,24975200,AVGO
2025-10-30,374.9645080566406,384.8547909652582,368.58013782259627,384.8547909652582,24295300,AVGO
2025-10-31,368.15185546875,377.30510711464575,363.6399721426167,376.75728832587123,21598400,AVGO
2025-11-03,361.1001281738281,373.3509579573757,360.5324307393669,370.5123492029235,17198900,AVGO
2025-11-04,350.5325622558594,367.47454744020746,349.5963189699949,357.0862348613752,24047500,AVGO
2025-11-05,357.54443359375,363.41086341015694,348.6899705182648,349.48678951919794,17087600,AVGO
2025-11-06,354.16796875,362.0463397915529,351.29948119455554,358.6698820328004,19896900,AVGO
2025-11-07,348.0325927734375,353.08232471234805,335.9212179877443,352.77356686003935,21903200,AVGO
2025-11-10,356.9568176269531,358.56036466797076,353.1919046182223,356.4687564616332,16409000,AVGO
2025-11-11,350.552490234375,360.4428028921463,348.2716699151433,357.53446670774576,16446800,AVGO
2025-11-12,353.7994689941406,357.4348664885674,350.2736170175513,356.6081990499921,12190500,AVGO
2025-11-13,338.6203918457031,352.1361007553853,332.8236593997151,350.17397779599213,22616600,AVGO
2025-11-14,341.0904541015625,343.3613349004467,327.74404833985596,330.14441411689927,18500800,AVGO
2025-11-17,341.2796936035156,350.7915201932923,336.17020425351814,338.46102450242506,14799600,AVGO
2025-11-18,339.1383361816406,346.57846477272454,334.16830098149796,341.8275510056133,21726800,AVGO
2025-11-19,353.0026550292969,358.25156886971325,336.44909441350086,339.347460701947,21851900,AVGO
2025-11-20,345.43304443359375,374.57601052051825,343.79958834409007,364.5363346772143,28867000,AVGO
2025-11-21,338.8395080566406,347.2059092836678,330.47307643407913,343.77966385998917,30280300,AVGO
2025-11-24,376.448486328125,380.4723384179547,346.2696716432394,346.3393990001815,47262400,AVGO
2025-11-25,383.490234375,386.5778433170829,370.2633433262028,383.39062820353877,33507600,AVGO
2025-11-26,395.9801025390625,398.2708925516895,381.7273314642951,384.0081517409119,28693000,AVGO
2025-11-28,401.3485107421875,401.38835928859874,395.57171772949863,397.752962113603,13365500,AVGO
2025-12-01,384.5360107421875,393.83868581507573,383.55994932184797,393.27095801210174,23252000,AVGO
2025-12-02,380.0440979003906,391.92638219264916,378.271217387361,386.7571347201425,22207000,AVGO
2025-12-03,379.0879211425781,380.7711652425636,369.1677598209674,378.4803751302536,21336400,AVGO
2025-12-04,379.5062561035156,382.35483474134327,375.02425164733893,379.1576496778165,15845900,AVGO
2025-12-05,388.6794128417969,391.9562645778702,383.60977149932444,384.6257119524167,24779900,AVGO
2025-12-08,399.4959716796875,405.6612197534834,395.81075614894235,400.8704578008361,30410600,AVGO
2025-12-09,404.66522216796875,405.30264695088596,393.92833346962834,397.1553667228235,24546000,AVGO
2025-12-10,411.3185119628906,412.9519377089591,397.9621356270513,400.591592714844,31531000,AVGO
2025-12-11,404.7449035644531,407.66317907015735,392.61361921715974,403.2110535816976,45681600,AVGO
2025-12-12,358.4906005859375,380.47234798569394,353.72971744738294,378.4404976165911,95588500,AVGO
2025-12-15,338.4510803222656,360.5523438301254,336.1602902959243,360.44279831550426,65894900,AVGO
2025-12-16,339.93511962890625,346.11033781431183,333.7200832894025,334.67623571189444,58061100,AVGO
2025-12-17,324.7162170410156,345.22387284443886,320.13463701193336,345.22387284443886,73300900,AVGO
2025-12-18,328.560791015625,334.6861906441596,322.335785215176,334.6563118321389,54501900,AVGO
2025-12-19,338.99884033203125,342.07650975758594,331.2499548064838,332.00692519159463,159095200,AVGO
2025-12-22,340.7352600097656,345.5152112478357,336.5141036420898,345.3056593647258,28739600,AVGO
2025-12-23,348.5887756347656,349.37710000083763,337.83134263055865,340.09657987546063,28232600,AVGO
2025-12-24,349.48687744140625,352.1213352312898,346.41333827759297,349.95589479748145,11424400,AVGO
2025-12-26,351.39288330078125,352.51053390724485,347.02204717974354,350.325115846726,15028100,AVGO
2025-12-29,348.65863037109375,349.5966346351222,343.9684567824758,347.99001949427986,21946900,AVGO
2025-12-30,349.1176452636719,351.9417076647023,348.56877833761786,349.2373891882818,16633600,AVGO
