Date,Close,High,Low,Open,Volume,Ticker
2018-01-02,102.63436889648438,102.91943045057434,100.53075562065007,101.13038233719067,4669200,CRM
2018-01-03,103.49940490722656,104.33494803077696,102.84080094510479,103.11603797407231,3888700,CRM
2018-01-04,104.86576080322266,105.82909786097075,103.97123299962469,104.19732483448726,4540200,CRM
2018-01-05,106.26162719726562,106.45823045505075,105.37693128635117,105.92741290850208,3368400,CRM
2018-01-08,107.00870513916016,107.2839422018564,105.74064224346893,106.163329875366,2933600,CRM
2018-01-09,107.29375457763672,107.48051826472816,106.40905882420373,107.14630403545686,3302300,CRM
2018-01-10,106.94971466064453,107.62797519549831,106.38940856681928,106.83175271996943,3113300,CRM
2018-01-11,107.24462127685547,107.5395224145058,106.8219336460353,107.14632339752117,3668100,CRM
2018-01-12,108.36522674560547,108.82723499886346,107.05785078383025,107.3724084775904,5749500,CRM
2018-01-16,107.03819274902344,109.5448299029823,106.38942075013188,108.96485966947195,5790800,CRM
2018-01-17,108.16864013671875,108.50285443347548,107.37241754767672,107.88357103084809,4254700,CRM
2018-01-18,109.86919403076172,110.26239298020552,108.34555841368051,108.3553904498193,3842800,CRM
2018-01-19,110.02649688720703,110.48850517547365,109.71193916961131,110.30173395264734,3120900,CRM
2018-01-22,110.97015380859375,111.03896306488922,109.12212842548213,109.73157969562875,2214700,CRM
2018-01-23,111.314208984375,111.82536992882433,110.76373489002685,111.25523175987972,2816800,CRM
2018-01-24,110.93083953857422,111.9040012191615,110.58679323732082,111.69757343840946,4975500,CRM
2018-01-25,110.05597686767578,111.54029949659736,109.99699964389313,111.35352828842299,4715100,CRM
2018-01-26,111.76639556884766,111.98265541158035,110.12479767122802,110.80306581440824,3927400,CRM
2018-01-29,111.37318420410156,112.46430776203188,110.93083255919535,111.76637566671184,3181500,CRM
2018-01-30,110.32139587402344,111.5206419929287,109.9380213979072,110.50815959355478,3737700,CRM
2018-01-31,111.97282409667969,112.57244339754037,110.72441780723626,111.13727339129666,4181800,CRM
2018-02-01,110.82271575927734,112.32669503054669,110.61628796710777,111.37319737137688,4302800,CRM
2018-02-02,108.89604187011719,110.43934169307765,108.82723261048125,110.12478400622096,4403800,CRM
2018-02-05,105.81927490234375,109.71192911314841,105.67182434518853,107.29376547460218,6124000,CRM
2018-02-06,107.70662689208984,107.75577958036351,101.92662623438866,103.22417770855209,6857900,CRM
2018-02-07,108.17845916748047,110.38036294504847,106.95954158556445,107.2151220462432,4515400,CRM
2018-02-08,102.26083374023438,108.30624651462392,102.23134512908292,108.22760521845555,6803800,CRM
2018-02-09,105.16067504882812,106.27145529040543,100.62907324524059,103.52890181819441,6615800,CRM
2018-02-12,106.70397186279297,107.61815632715037,104.4529153322861,105.86842119671434,4624100,CRM
2018-02-13,105.85858917236328,106.24195609807887,104.12851823859137,106.17314684217214,7542800,CRM
2018-02-14,107.16596984863281,107.36257308837405,104.91492087585807,104.91492087585807,7428000,CRM
2018-02-15,111.19624328613281,111.50096891472673,108.17845311051914,110.40001333776237,8341900,CRM
2018-02-16,110.94066619873047,112.2087289330173,110.75389500153928,110.92100212552796,4667300,CRM
2018-02-20,112.40531921386719,113.29984701002051,110.3705227156234,110.53762983150496,4287800,CRM
2018-02-21,112.53313446044922,113.70289199242471,112.22840128015264,112.81819606513194,4976500,CRM
2018-02-22,111.07828521728516,113.04427256626364,110.56713180639522,112.57243230266432,4763400,CRM
2018-02-23,113.00495910644531,113.00495910644531,110.82271181034473,111.69757563630981,4173500,CRM
2018-02-26,114.66621398925781,114.81366454082364,113.40798328190301,114.13539650340877,5418900,CRM
2018-02-27,114.4892807006836,115.60989295063752,113.7913560537577,115.305167294843,5908200,CRM
2018-02-28,114.27302551269531,116.14071517154194,114.24353689960334,115.01027083858366,9684400,CRM
2018-03-01,117.39894104003906,120.38724286815346,116.04241239752503,118.85377505490742,15555500,CRM
2018-03-02,119.84659576416016,120.24962680002481,115.63938372940682,116.63220951319676,10627500,CRM
2018-03-05,120.41674041748047,120.84926008907128,117.62504162722439,117.95925591916455,10121300,CRM
2018-03-06,122.3630599975586,122.56948777615592,120.66247758390419,120.78043952866558,8154800,CRM
2018-03-07,123.19860076904297,123.6311128921861,121.08516283902009,121.28175857684454,6750400,CRM
2018-03-08,124.21109008789062,125.12527456976764,123.5623106170405,123.62129534143865,6127900,CRM
2018-03-09,125.24321746826172,125.33168329193185,124.1029412988737,125.02695767754014,5637800,CRM
2018-03-12,124.6239242553711,126.01977333214442,124.6239242553711,125.69539115208147,5609800,CRM
2018-03-13,124.5748062133789,125.93133494269132,123.59181242411407,125.71507510910946,4641800,CRM
2018-03-14,125.81336212158203,126.67839388154907,124.35853563892627,124.88935313924017,5402400,CRM
2018-03-15,125.05647277832031,126.27539049340365,124.51582318698112,125.82320674447585,4603500,CRM
2018-03-16,123.82772827148438,125.7740517655903,123.55249121168332,125.12527976743746,6662900,CRM
2018-03-19,122.85454559326172,123.62127941483271,121.37022313119837,122.90369077434035,6830400,CRM
2018-03-20,122.99217224121094,124.67309053814984,122.33356077427445,122.4711792898381,7113600,CRM
2018-03-21,119.63033294677734,121.91087808143564,118.15584236403328,119.492714425693,14824000,CRM
2018-03-22,116.03256225585938,118.60800811696926,115.44276761199372,118.35242768809069,10950500,CRM
2018-03-23,112.48396301269531,116.07189131417478,112.36600107551139,116.00308205906241,10902100,CRM
2018-03-26,116.94676971435547,117.2318388068758,113.08360390826184,116.22918096426673,13171700,CRM
2018-03-27,111.87451171875,118.11652777604891,110.80305217483816,118.04771101669809,8304700,CRM
2018-03-28,110.96033477783203,112.90666575490805,109.4465234622501,111.22574729725699,6489500,CRM
2018-03-29,114.32217407226562,115.26584715536482,110.60645146427584,111.9728196519188,7794700,CRM
2018-04-02,113.33917999267578,115.67870236863031,111.67791819020539,113.93880676754449,6461300,CRM
2018-04-03,114.50891876220703,115.45259168856617,112.65106151661784,114.77433122566022,5193300,CRM
2018-04-04,117.4480972290039,117.64469298028189,112.06128814800923,112.12026537346318,6389300,CRM
2018-04-05,117.01555633544922,118.98154348994336,116.6518460119953,118.35242820047691,5052400,CRM
2018-04-06,114.12557220458984,116.95659898773191,112.9951278988017,116.09155969303978,5385500,CRM
2018-04-09,115.19703674316406,117.20234483708266,115.1478840571788,115.1478840571788,4104200,CRM
2018-04-10,117.45792388916016,118.07721476620542,115.67870755911005,116.89761773828184,3693000,CRM
2018-04-11,117.13353729248047,118.65717308493467,116.84846820881295,117.30064442784338,3059400,CRM
2018-04-12,119.33544158935547,119.65983132361599,117.3104693842889,117.95924885280994,4419900,CRM
2018-04-13,116.98607635498047,119.86624804869275,116.48474749371414,119.86624804869275,4933100,CRM
2018-04-16,117.37928771972656,118.92258761292581,116.64204240451073,118.89309150061355,4464700,CRM
2018-04-17,121.25228118896484,121.75361011635971,117.96908556560217,118.35245253959607,5524600,CRM
2018-04-18,122.34339141845703,122.61862844645152,120.15131973146764,121.42920700424872,4321800,CRM
2018-04-19,121.95021057128906,122.402386827278,121.08517871195993,121.93055399478853,3657000,CRM
2018-04-20,120.73129272460938,122.26476058297312,119.97439083288161,121.9010576932904,2971000,CRM
2018-04-23,119.81710052490234,122.451523919602,119.17815312513571,121.09499532443563,3932700,CRM
2018-04-24,115.87528991699219,121.42920559477426,114.92179236669216,121.24243439952598,5379300,CRM
2018-04-25,115.3248291015625,116.21935703446012,113.0836044999758,115.76717329937402,5080500,CRM
2018-04-26,118.77513122558594,119.9940413204033,116.15053983203481,116.6813498332714,4998800,CRM
2018-04-27,118.1755142211914,119.57136359820309,117.51691018410598,119.56153156043612,3801200,CRM
2018-04-30,118.93241882324219,119.63034352751153,117.74299721458759,118.81446436596418,2788300,CRM
2018-05-01,121.01634979248047,121.22277756062806,118.37209445353221,118.82427063609072,3873900,CRM
2018-05-02,120.73129272460938,121.86173704312117,119.66965766898194,120.21030723424975,3671000,CRM
2018-05-03,122.29425048828125,122.87421317463506,119.60084233574756,120.53469085566286,4435600,CRM
2018-05-04,122.99217224121094,123.69992139283261,120.88856636085607,122.26475151649262,6341200,CRM
2018-05-07,124.81070709228516,125.51846373243089,123.3263845552932,123.65077426530108,4342000,CRM
2018-05-08,126.5604248046875,126.76686005842627,124.34868922557646,124.43715504891085,4467800,CRM
2018-05-09,127.52376556396484,127.53360510028605,125.1645867380208,126.68822993778569,4605300,CRM
2018-05-10,128.39865112304688,128.77219358359835,126.85535858736577,127.74004704738213,3772400,CRM
2018-05-11,128.40846252441406,128.6247223226842,126.69804821063009,127.78917173852302,3233200,CRM
2018-05-14,125.51847076416016,128.77217758414739,124.99748529143497,128.56574230283465,4169800,CRM
2018-05-15,125.95098876953125,126.40315747619456,123.94567320300021,124.77139181860986,2933100,CRM
2018-05-16,126.58010864257812,126.7767043915626,125.74455796027631,126.52113141781219,2439900,CRM
2018-05-17,123.90636444091797,127.2583767080553,123.41486756887886,126.9929641973518,5557000,CRM
2018-05-18,124.80087280273438,125.54795007602893,123.72941332493441,123.91617701852326,3612300,CRM
2018-05-21,124.22090148925781,126.16723207883044,123.85719116453707,125.82317832587893,2887200,CRM
2018-05-22,123.30673217773438,124.8893526353459,123.12979301167698,124.50598569216267,2789800,CRM
2018-05-23,125.91166687011719,125.91166687011719,122.46136417907141,122.7562578067012,4303900,CRM
2018-05-24,126.55061340332031,127.1797287667033,125.22356591840158,126.61941516217966,5972400,CRM
2018-05-25,125.78387451171875,127.0519373003999,125.44966024940506,126.5407763702595,4031800,CRM
2018-05-29,124.72225189208984,125.3710314064123,123.97518199636093,124.59446539668433,8141900,CRM
2018-05-30,127.10110473632812,130.29583467169954,125.66592715028666,130.05008621513252,14170900,CRM
2018-05-31,127.13058471679688,128.76235795740712,126.2262322579669,127.16989786748756,6408300,CRM
2018-06-01,128.30030822753906,128.64434693260606,126.16721425868128,127.67119302473903,6132800,CRM
2018-06-04,130.3941192626953,130.54157732966277,127.39600022518911,128.17255871375653,4860700,CRM
2018-06-05,131.839111328125,132.34044771879454,130.70867456354867,130.8757816940073,5123200,CRM
2018-06-06,133.24478149414062,133.40206406526596,131.83909288855682,132.04552813807024,4766900,CRM
2018-06-07,130.64967346191406,133.4413714827924,128.50673977033077,133.2447757769669,6564100,CRM
2018-06-08,131.25912475585938,131.40656778552494,128.59522069129525,129.46024479748482,3486600,CRM
2018-06-11,131.70147705078125,132.37974502808922,130.99372046570267,131.60318669130982,3443100,CRM
2018-06-12,133.94271850585938,135.16163611493255,132.36009802119642,132.66483867293505,5319900,CRM
2018-06-13,134.1786346435547,135.15180376708855,133.29394634891875,134.05084066792995,5809300,CRM
2018-06-14,136.05616760253906,137.37337561865837,134.56201291300243,134.6701428247313,6494900,CRM
2018-06-15,136.05616760253906,136.58697762420258,134.47354707594087,135.72195332966595,7711100,CRM
2018-06-18,137.4225311279297,137.80589809569716,134.58167975157727,134.67997012834397,4202400,CRM
2018-06-19,137.14727783203125,137.33404902485188,134.89621398075155,135.73176458043562,4833700,CRM
2018-06-20,136.5771484375,139.7030612349573,136.4591939920997,137.61911936998575,5341400,CRM
2018-06-21,135.53517150878906,137.67809050165565,134.7880867228559,136.70493637156923,3912800,CRM
2018-06-22,132.71400451660156,134.96506900618962,131.67203335518747,134.92574084955308,7466000,CRM
2018-06-25,130.9249267578125,132.59601296441443,129.43077220870467,131.9570730910731,6969800,CRM
2018-06-26,133.1759490966797,134.83721043567922,131.54419136067963,132.468192609067,7043100,CRM
2018-06-27,130.95440673828125,135.08297679998287,130.83645230772433,134.3555561465344,6851600,CRM
2018-06-28,132.82208251953125,133.57899174624117,130.92491218421276,131.71131001722256,6333700,CRM
2018-06-29,134.08035278320312,135.36808730347374,133.58885586684343,133.9623983230514,5229500,CRM
2018-07-02,138.0417938232422,138.08112196963057,132.99904649767785,133.83458211726793,6399200,CRM
2018-07-03,135.49586486816406,138.35638049093362,135.3680858707839,138.2089374173044,3164700,CRM
2018-07-05,137.3930206298828,137.5109750629319,135.8693775393996,136.89168429083998,5576700,CRM
2018-07-06,138.9953155517578,139.3197053015458,136.6459609996219,137.8059014684967,5045800,CRM
2018-07-09,139.3491973876953,140.440321118974,137.50117922067832,140.22406128039296,5183100,CRM
2018-07-10,140.02745056152344,141.06942149105075,139.1034340770615,139.88000750519168,3643700,CRM
2018-07-11,142.77984619140625,143.16321316468506,138.6217867121062,138.80855792973082,6168000,CRM
2018-07-12,145.6403350830078,146.1711450262521,143.32046959170043,143.32046959170043,4681000,CRM
2018-07-13,145.09970092773438,145.483067871478,142.9371177835576,145.23731944601943,3941800,CRM
2018-07-16,144.46075439453125,146.16132922089335,144.32313588255903,145.3257786129453,3592100,CRM
2018-07-17,144.51974487304688,144.932600446841,140.64674711026643,142.93712434052222,5133900,CRM
2018-07-18,145.32579040527344,145.6698442127683,143.2811616334249,144.51974334097113,2908100,CRM
2018-07-19,144.65736389160156,145.48307504200938,144.1167143290866,144.5000812917255,3590600,CRM
2018-07-20,144.37229919433594,145.40444571699626,144.19536750437473,144.93261287780416,2462200,CRM
2018-07-23,145.05055236816406,145.12919366646267,142.33749507368503,144.3722842947208,2538100,CRM
2018-07-24,143.51707458496094,146.31861252006948,142.71101258283684,146.02371142174863,4052300,CRM
2018-07-25,146.3383026123047,146.81015050159374,143.51711481267984,143.6449088242744,4056900,CRM
2018-07-26,145.06040954589844,146.22033508845072,143.20253677133297,145.46342562466063,3414300,CRM
2018-07-27,141.46261596679688,145.7582933019941,139.9586369226887,145.7288046932306,5924400,CRM
2018-07-30,135.6826171875,141.28567819407783,133.21530843704286,141.09890699397636,9522000,CRM
2018-07-31,134.8175811767578,137.41268396829824,133.08751764882874,136.3215603514407,7442900,CRM
2018-08-01,135.3385772705078,138.50381846169157,135.1714701267863,135.65314248172115,5098100,CRM
2018-08-02,138.73974609375,138.897028703578,134.42440385692544,134.71930500052912,3779200,CRM
2018-08-03,138.64141845703125,139.32952601474474,136.06597988153123,139.12309074757215,3463500,CRM
2018-08-06,140.2830352783203,140.4206537941429,138.25805568936886,138.4939795733333,3247300,CRM
2018-08-07,141.98362731933594,142.15073446594715,140.30270131634884,141.0890993586861,3928300,CRM
2018-08-08,142.70118713378906,143.16319535170342,140.72537528646728,142.00327003816037,3026700,CRM
2018-08-09,143.3401336669922,144.35261587303808,142.62253754092708,142.8289727962056,3572600,CRM
2018-08-10,143.03541564941406,144.50008174164336,141.89515429499812,142.46527747255894,2748500,CRM
2018-08-13,141.9934539794922,144.67702290224838,141.76736960120382,143.15339448411456,2880400,CRM
2018-08-14,144.07740783691406,144.2740035961971,142.11142024549355,143.69402585726388,3474700,CRM
2018-08-15,142.57342529296875,145.36513930257695,141.1579267097698,143.59574732445802,4476900,CRM
2018-08-16,143.25167846679688,144.41161891960093,142.7503570418674,144.0184124104747,3704000,CRM
2018-08-17,142.5537567138672,143.52691091923495,141.5019462099028,143.02558951038776,2865600,CRM
2018-08-20,143.23202514648438,143.5760639575686,141.86566444126058,142.74052827411188,2882200,CRM
2018-08-21,143.0550537109375,146.2596073643738,142.88794660317126,143.92009285635484,4063700,CRM
2018-08-22,143.96926879882812,144.6966745620231,142.58324403485182,143.11405405121826,4245300,CRM
2018-08-23,145.3159637451172,145.8172851436671,143.58590019388174,144.33297002296877,6196300,CRM
2018-08-24,149.70994567871094,149.78858697576544,145.9745665647377,145.9745665647377,4882000,CRM
2018-08-27,149.10047912597656,152.24607100569924,147.64565263114574,152.0789638744742,5814800,CRM
2018-08-28,150.3882293701172,150.79124543537498,148.98254041303784,149.44454870668744,5266900,CRM
2018-08-29,152.16744995117188,152.3345571046267,150.4472107253011,150.72244780149674,9018600,CRM
2018-08-30,149.5526580810547,151.12545397093658,146.95755536225482,148.55000032627265,14441000,CRM
2018-08-31,150.08346557617188,151.25323043743705,149.31673171739675,149.55265559674794,6210500,CRM
2018-09-04,150.60447692871094,150.7322559149019,148.93337557767111,149.52317781913152,5310900,CRM
2018-09-05,146.12200927734375,150.1817781073516,144.57871694926047,149.79841115967415,7287400,CRM
2018-09-06,146.29898071289062,146.62337049265756,144.57874142579993,146.22033940270808,4190300,CRM
2018-09-07,147.87173461914062,148.83507924155572,144.99157028699872,145.32578454410105,3866800,CRM
2018-09-10,148.74661254882812,149.00218550878898,145.48306629445386,147.44905367681136,3872300,CRM
2018-09-11,150.24075317382812,151.13528103866793,148.05850596474096,148.51068966542383,4151000,CRM
2018-09-12,152.7277069091797,153.12091333865476,149.2282521829553,150.24073436500476,5180800,CRM
2018-09-13,155.4899444580078,156.07974670879773,153.170093603113,153.2192312912669,6213500,CRM
2018-09-14,154.8116912841797,156.08957116136983,153.66159039513198,155.26386001015007,4615300,CRM
2018-09-17,152.28536987304688,155.7356720809191,151.99046878706727,154.32999840340193,3899600,CRM
2018-09-18,153.34701538085938,155.34249136824377,152.11827327043582,152.1280978075736,3749600,CRM
2018-09-19,150.29974365234375,154.65441391737033,149.79842222198818,153.71073328454798,5546000,CRM
2018-09-20,152.85549926757812,153.4158127989584,149.0709680448379,150.68307689051787,4655600,CRM
2018-09-21,152.87518310546875,155.27369011267197,152.32470903810278,154.39882632718817,17991600,CRM
2018-09-24,156.07974243164062,156.20753641564508,150.7224296310703,152.73756976687028,5082100,CRM
2018-09-25,156.16819763183594,156.43361011927269,154.4971114132534,156.2959916071375,5699600,CRM
2018-09-26,155.63739013671875,157.21017101485958,154.67406053641935,156.3549713186249,4079700,CRM
2018-09-27,157.70167541503906,158.3406303330817,156.2271848339629,156.3451542799688,3930300,CRM
2018-09-28,156.3254852294922,158.12436548105717,156.23701939727422,157.27899030817898,4607700,CRM
2018-10-01,157.141357421875,158.4487407091736,156.31564639809443,157.38710582175912,4297600,CRM
2018-10-02,154.5855712890625,156.86612368723505,154.03509726172217,156.5613980649068,4137000,CRM
2018-10-03,156.3943328857422,157.0430974494748,154.34970380786982,155.86350778897437,3561600,CRM
2018-10-04,152.2657012939453,156.13869844358686,151.16475327145335,155.5095831451212,6206400,CRM
2018-10-05,152.43284606933594,153.9368252877235,149.8770563521929,152.22641078477756,4963600,CRM
2018-10-08,146.12200927734375,151.9904829374558,143.12389045541957,151.6169555264455,10238700,CRM
2018-10-09,145.9745330810547,148.3042228496461,144.70647808024032,145.79760145273698,5593300,CRM
2018-10-10,135.4663543701172,145.08003119942154,135.20094188116414,145.01122944260734,13660600,CRM
2018-10-11,136.87205505371094,139.7423950017817,134.12949409353044,135.10266330509356,10499300,CRM
2018-10-12,144.2445068359375,146.22031885398326,140.7843646706493,143.29100170800498,9371700,CRM
2018-10-15,139.53598022460938,144.2052012201446,138.91670427103892,144.2052012201446,6040800,CRM
2018-10-16,144.93260192871094,145.3946101944341,141.56092554264362,142.9961030275209,5383100,CRM
2018-10-17,144.50990295410156,145.82712595273617,142.94694652207974,145.82712595273617,3377900,CRM
2018-10-18,140.4108123779297,145.0800323155827,139.0247877018697,143.60554180895545,5338200,CRM
2018-10-19,138.10079956054688,142.89779893825423,137.99266964633432,141.16773531014766,5141600,CRM
2018-10-22,140.51895141601562,141.3545020904691,136.83272490982793,139.29020924728638,4234900,CRM
2018-10-23,138.26788330078125,139.5556025161956,135.43685693454444,136.95067547732629,6462000,CRM
2018-10-24,130.99374389648438,139.0936179304863,130.73817091699416,138.82820541378464,7251500,CRM
2018-10-25,138.40550231933594,139.2803660261422,131.39675312930768,131.4164172011719,7792900,CRM
2018-10-26,133.21530151367188,136.8425504239496,130.3547864381675,133.441385849748,7457000,CRM
2018-10-29,128.76234436035156,137.176767653287,126.34417336763201,135.75142985237542,9212500,CRM
2018-10-30,129.92227172851562,130.72833373859706,125.85267852953369,128.2216968770641,10037900,CRM
2018-10-31,134.90606689453125,136.35106889888556,132.47807114567982,132.6255142076367,6666400,CRM
2018-11-01,137.21607971191406,137.42251497766395,134.09016711122106,136.04631487101443,4668800,CRM
2018-11-02,134.4636993408203,138.15976518962827,133.78544629874006,137.7567341796392,4481400,CRM
2018-11-05,133.1366729736328,135.0043550578647,131.19034959121407,135.0043550578647,4629900,CRM
2018-11-06,131.67198181152344,135.6531086522633,130.71847687685047,133.09731944605494,4667100,CRM
2018-11-07,139.37867736816406,139.88983831853622,134.10983026231955,134.5227008371587,5804000,CRM
2018-11-08,139.4573211669922,141.1873997994688,138.28755618234118,140.78436875446735,3986700,CRM
2018-11-09,134.59152221679688,138.66111633950388,132.7533284341057,138.66111633950388,5252500,CRM
2018-11-12,128.28067016601562,134.33591459513823,127.8678146366608,133.43156224522397,7571200,CRM
2018-11-13,129.91244506835938,131.49506545317016,126.75702883554419,129.244001583205,6176300,CRM
2018-11-14,127.15023803710938,132.6451690881412,126.39332870650874,131.92758790419919,5729600,CRM
2018-11-15,130.23683166503906,130.689000336022,124.15209868486569,127.00277421710848,6468700,CRM
2018-11-16,130.29583740234375,131.20018994154773,127.8678414006337,129.6077447093946,5126900,CRM
2018-11-19,118.95207214355469,130.0107439926484,118.37210194900435,129.3619795369856,14284700,CRM
2018-11-20,118.61783599853516,122.81522287339602,111.66807154145592,112.38566016982314,13829500,CRM
2018-11-21,121.48819732666016,123.61146748528382,119.54187384756914,122.0878241307355,7311300,CRM
2018-11-23,119.95472717285156,121.60615698743464,118.65717571136823,119.26663454162828,3009600,CRM
2018-11-26,124.26024627685547,124.79105631386858,121.55701340475818,122.36306799754311,9321200,CRM
2018-11-27,125.37101745605469,125.43982671510071,121.61598182030048,123.02166311193774,10558800,CRM
2018-11-28,138.2482452392578,138.49399368535998,129.7256909283504,136.12497506510442,25705400,CRM
2018-11-29,137.34385681152344,140.45011995710615,136.90151272416998,137.47165076982432,7763000,CRM
2018-11-30,140.33213806152344,140.7843216435041,135.92833165116423,136.52795824939426,9401400,CRM
2018-12-03,141.69854736328125,144.56890239977443,140.13559085317672,143.8119929895001,7358900,CRM
2018-12-04,136.87205505371094,142.7306893999955,136.43953540412733,140.30269363925552,6978400,CRM
2018-12-06,139.6440887451172,139.6440887451172,130.49241939672893,132.50755956994593,9186600,CRM
2018-12-07,133.6379852294922,139.94880273397152,132.44857129914024,139.4867945133014,6225300,CRM
2018-12-10,134.935546875,137.11779404812725,130.91509131773455,132.86142960682204,5897000,CRM
2018-12-11,134.4636993408203,138.30720824240805,133.28410992070226,138.1990783372718,4548700,CRM
2018-12-12,137.7075653076172,141.5805623644768,137.17675538071526,139.3786513729503,6794300,CRM
2018-12-13,138.73974609375,141.1874060865767,137.20627814616518,139.09362446621537,5122800,CRM
2018-12-14,134.7094268798828,138.31702633779668,134.06066254892568,136.51814637626754,5354400,CRM
2018-12-17,128.6050567626953,133.19563515597892,127.75968165177053,132.02587035140127,8392400,CRM
2018-12-18,130.0697479248047,131.40660510488124,127.91698908456029,129.8928012396624,6668400,CRM
2018-12-19,128.92945861816406,134.17864143033344,127.2976854595471,129.73550566082346,7350700,CRM
2018-12-20,125.55779266357422,130.07956232995778,120.5543506688593,127.05193983607643,12265100,CRM
2018-12-21,120.81976318359375,127.18955836628908,120.37741150446543,126.38351130579107,12568600,CRM
2018-12-24,119.26660919189453,122.71691115179568,118.11650853859415,119.07983801755417,4721500,CRM
2018-12-26,128.61489868164062,128.67387590676796,120.04319947924678,120.43639097962529,8110900,CRM
2018-12-27,132.9007568359375,132.9007568359375,125.66592197271525,126.60960260674199,7967700,CRM
2018-12-28,132.3896026611328,134.5522011002318,130.35481321981132,133.68716172459222,7276200,CRM
2018-12-31,134.6406707763672,135.62366464054492,132.2028501930093,133.6871655281711,5467700,CRM
2019-01-02,133.24478149414062,134.50301206456012,130.78729756765074,131.1313363177844,4783900,CRM
2019-01-03,128.18240356445312,132.48792181431313,127.88751738237818,131.21002669456547,6365700,CRM
2019-01-04,135.61383056640625,136.950702727662,129.9714407830057,131.22967164074115,6650600,CRM
2019-01-07,139.80136108398438,140.9514618790933,136.4296849929565,138.62177167869007,9064800,CRM
2019-01-08,143.24185180664062,143.96927258827625,140.45997766787715,142.26868258517743,9057300,CRM
2019-01-09,143.50726318359375,144.99157834863723,142.07208570669061,144.39195156024059,5445900,CRM
2019-01-10,144.53936767578125,144.70648978176027,141.3151499718648,141.32498950709387,5116900,CRM
2019-01-11,145.04071044921875,145.5125431831729,143.1337004420683,144.06754137360187,5185200,CRM
2019-01-14,143.5662078857422,144.23463628568817,142.2391606221029,143.27130682723447,5815500,CRM
2019-01-15,146.65284729003906,147.31145133553153,143.3204989110068,143.86114850037976,5350400,CRM
2019-01-16,146.01385498046875,147.24259691513413,145.28644935469322,146.6134816445571,3936800,CRM
2019-01-17,147.27212524414062,148.15681358589978,145.17834383620522,146.01387949246805,3743200,CRM
2019-01-18,149.9163818359375,150.66346673742817,147.68499666778865,149.24795323912517,6151200,CRM
2019-01-22,146.41690063476562,148.8055829952044,144.8932574829523,147.78326120332113,5203300,CRM
2019-01-23,147.2033233642578,148.23546986683786,145.13903035909772,147.18365928821285,3335400,CRM
2019-01-24,144.37229919433594,147.94057160150902,144.02826035297952,147.39992199446834,6734700,CRM
2019-01-25,147.19349670410156,147.3409397740754,145.04073788671377,146.00406760889774,4600800,CRM
2019-01-28,144.82449340820312,145.67969330332545,143.61541510832387,145.65020468620375,4054700,CRM
2019-01-29,142.7110137939453,145.4830631426759,142.18020381189746,144.5688862293454,3915100,CRM
2019-01-30,146.62335205078125,147.14433754082836,143.59572948639203,144.68685315408004,4653400,CRM
2019-01-31,149.38555908203125,150.77158384797187,146.1810049062319,146.4857305641421,8615900,CRM
2019-02-01,153.21923828125,153.29787958489595,148.50088005685257,149.8082486069935,5959200,CRM
2019-02-04,155.0377655029297,156.1976908538492,152.76705248600265,153.3666792350032,5264700,CRM
2019-02-05,156.28619384765625,157.16105775311647,155.13609287076778,155.6472388609657,4575600,CRM
2019-02-06,155.44081115722656,156.39431632331653,152.4426771297939,156.2960109456454,4205100,CRM
2019-02-07,152.29519653320312,154.3889777736338,150.7519043272805,153.30769377568686,4545500,CRM
2019-02-08,154.005615234375,154.03510384429325,150.11296873223787,150.30956446479044,3018700,CRM
2019-02-11,157.1905059814453,158.75346216391017,154.8903046186527,155.5095803706097,7125500,CRM
2019-02-12,160.02154541015625,160.611347657837,157.30848806927207,158.50774164007385,5631700,CRM
2019-02-13,157.6721649169922,160.78826777850088,157.54438595055564,160.66047381277258,5296000,CRM
2019-02-14,156.7580108642578,157.7115159795107,154.04495357714399,156.7580108642578,5061100,CRM
2019-02-15,156.34515380859375,158.47824837620416,155.40147323986088,158.25216402092306,5282000,CRM
2019-02-19,157.8786163330078,158.73381603910371,156.43361441624992,156.9447753322041,3883200,CRM
2019-02-20,155.84381103515625,158.74365438329014,154.53644264342574,157.60337811753055,7047200,CRM
2019-02-21,156.91531372070312,157.7508494970624,154.6249362408668,155.01812778276576,4463000,CRM
2019-02-22,158.5667266845703,158.95993320217954,157.475602972059,157.74101549653335,4175000,CRM
2019-02-25,158.61585998535156,160.28694623285998,158.19316490550275,159.74629671179437,5076700,CRM
2019-02-26,160.2279815673828,160.6015239928969,157.1512063240141,158.0752228507315,4496300,CRM
2019-02-27,160.34591674804688,160.74894773774102,157.7704782272265,159.53003023206574,4278300,CRM
2019-02-28,160.86692810058594,161.8007842026512,159.41210148787124,160.227988135347,6908100,CRM
2019-03-01,161.73193359375,163.32437840417407,158.99921262310764,162.34138481763244,6919900,CRM
2019-03-04,155.8045196533203,162.97053796386828,152.77689690367475,162.74445358625604,17886300,CRM
2019-03-05,154.300537109375,158.14404644537115,152.16744237540834,157.2003658030423,16042900,CRM
2019-03-06,154.1235809326172,157.52474585147093,153.62225952809314,154.4578102015939,7436300,CRM
2019-03-07,152.95382690429688,154.9099747828988,152.17725347567819,153.43548422147933,6916500,CRM
2019-03-08,152.4229736328125,152.7670273663831,147.69477717601592,149.43467991559473,4800700,CRM
2019-03-11,154.96896362304688,155.08693307632393,150.82072866599535,153.24872450576277,5699500,CRM
2019-03-12,155.58824157714844,156.6597011099123,154.4872934333392,155.31300454119614,4082100,CRM
2019-03-13,157.09222412109375,159.24498276953184,155.91263465599303,156.1485585487307,5230600,CRM
2019-03-14,157.93760681152344,158.84195927763488,157.02342980748384,158.2128438664576,3247200,CRM
2019-03-15,158.7633056640625,159.4219096372434,156.4827681001384,157.90810595250264,6743700,CRM
2019-03-18,159.19583129882812,160.55236744366047,158.14403580917667,158.6551817484026,3575500,CRM
2019-03-19,161.1421356201172,161.82040361230335,158.85177370346867,159.7561260266195,4379000,CRM
2019-03-20,160.72927856445312,162.1447917521109,158.76329135921554,161.05366825323236,4391000,CRM
2019-03-21,164.1107940673828,164.15012221471213,159.98222355611594,160.39507910731328,4277800,CRM
2019-03-22,158.75347900390625,163.6586228570852,158.6060359519171,163.13763740766598,5614300,CRM
2019-03-25,158.14402770996094,158.85178435803553,156.51225460471716,157.5050728197111,3795400,CRM
2019-03-26,156.68919372558594,159.31380017004963,154.71338173858229,158.68466978688687,6910300,CRM
2019-03-27,152.48196411132812,156.59088520420661,149.77873168156066,156.29598412110082,8218700,CRM
2019-03-28,152.5409393310547,153.81883400825507,150.89934182238426,153.04227566555878,4424800,CRM
2019-03-29,155.6767120361328,155.80450602065568,152.78670807346515,154.2022214428774,4913100,CRM
2019-04-01,158.4389190673828,158.93041592265965,155.8143276601197,157.37729905936325,4601100,CRM
2019-04-02,157.78030395507812,158.2521517023622,156.20752312867577,158.12435772922785,3158400,CRM
2019-04-03,159.85443115234375,160.36559207761084,157.91793235785056,159.02872004180782,3819100,CRM
2019-04-04,155.8241424560547,160.03135366928805,153.17988739461546,159.9428878492147,6295200,CRM
2019-04-05,155.86349487304688,157.514932260335,155.332684819562,156.9153054410362,4315300,CRM
2019-04-08,155.7750244140625,156.08957462180302,153.7893727927132,155.70620765028806,2848400,CRM
2019-04-09,154.300537109375,155.65707334544305,153.9859718955004,154.3693388753507,5642900,CRM
2019-04-10,157.51490783691406,157.65252634790843,154.9689428845792,155.5095923918045,3414700,CRM
2019-04-11,157.99658203125,158.09488740646145,156.31567110991227,157.4362833905689,2578400,CRM
2019-04-12,157.97694396972656,159.73649631404982,156.7875148436366,159.24499940231428,2844200,CRM
2019-04-15,157.36746215820312,159.2744723885017,156.7776749215697,158.26199004961848,2608400,CRM
2019-04-16,155.9912872314453,157.53457968504497,155.06727066720205,157.31831985089036,3004800,CRM
2019-04-17,152.69822692871094,156.3451398967586,152.43282944802442,156.3451398967586,4765500,CRM
2019-04-18,153.33718872070312,153.55344852908692,150.565139358307,152.26571421578586,4391500,CRM
2019-04-22,156.06008911132812,156.43363155228548,152.63927491292878,152.80638205775313,2943300,CRM
2019-04-23,158.48806762695312,158.65517475348182,155.71603323498698,157.0430657101125,3418400,CRM
2019-04-24,156.84646606445312,159.7266452892579,156.68918347894788,159.12701855640043,3384900,CRM
2019-04-25,160.31643676757812,161.102834716814,158.2619835621606,159.2449772488821,5498400,CRM
2019-04-26,163.13763427734375,163.2359246436861,158.53721615274503,159.65782832423952,3342900,CRM
2019-04-29,162.54783630371094,164.7104194102155,162.51834769311307,163.87488377778752,4509700,CRM
2019-04-30,162.53802490234375,163.60948450543935,160.83743489086777,162.38074230024864,3581800,CRM
2019-05-01,159.39242553710938,163.39321717312492,159.38260099966507,163.18678189244437,2707700,CRM
2019-05-02,159.07789611816406,159.9330959655925,156.9153126538315,158.94027757950553,3181100,CRM
2019-05-03,160.5622100830078,160.71949269709893,158.12438956177814,159.81514016501848,3131000,CRM
2019-05-06,159.73646545410156,160.07067968968303,155.17537559433768,155.9224453561008,2520600,CRM
2019-05-07,154.23171997070312,158.9206045585166,152.11828931754405,158.5863902690552,6541900,CRM
2019-05-08,154.19241333007812,155.2442089323392,152.4033573533616,154.43816178846475,4061300,CRM
2019-05-09,153.65174865722656,154.4283221091959,149.79841500743368,152.01997545369304,5809300,CRM
2019-05-10,157.22000122070312,157.87860514299607,151.75455911987873,153.6222409891099,4462200,CRM
2019-05-13,150.54547119140625,154.23169737140438,150.1817683414201,152.2853741481673,5694600,CRM
2019-05-14,155.3818359375,155.8929819099674,150.31940890793717,152.413190485162,4954000,CRM
2019-05-15,152.4229736328125,153.72053228586537,149.12011478783978,151.2040712609892,7783800,CRM
2019-05-16,155.78485107421875,156.73835624700308,153.24872530530428,154.0941005616091,5048100,CRM
2019-05-17,151.94137573242188,154.48732635721282,150.5651752600751,153.52398152678109,5314000,CRM
2019-05-20,153.32736206054688,153.43549197381932,149.1201499793371,149.87705937224422,5437600,CRM
2019-05-21,153.13075256347656,155.15571712181696,152.54095036233392,154.6838843604787,3803100,CRM
2019-05-22,154.95913696289062,155.49978653506352,153.18974518091326,153.21923379400502,3170100,CRM
2019-05-23,151.09597778320312,153.6812411781962,149.56249491480688,153.37651551180988,4508200,CRM
2019-05-24,151.8823699951172,154.26121324377834,151.53833115709037,152.25591244714755,3151700,CRM
2019-05-28,152.55081176757812,155.12625074989884,151.7644137197511,152.70809437700257,4934100,CRM
2019-05-29,150.28990173339844,151.44000252835568,148.62864002980695,151.14510142724774,4359500,CRM
2019-05-30,153.0128173828125,153.21923767968957,151.28273870798398,151.69560930032802,4418100,CRM
2019-05-31,148.83509826660156,151.85288150208444,148.6876401936473,150.06384054474344,5326900,CRM
2019-06-03,142.63238525390625,148.1371407189995,140.95145950518457,148.1371407189995,8835200,CRM
2019-06-04,148.2452850341797,148.35341494664897,140.0864339095098,143.566240184034,12375100,CRM
2019-06-05,155.7455291748047,155.804506398791,151.92168416032032,154.47745886192283,12072400,CRM
2019-06-06,156.60072326660156,157.2789913165411,154.65439994886154,155.80450077294853,5601200,CRM
2019-06-07,158.5274200439453,160.21817064087492,156.78751675538376,157.12173105960818,7175300,CRM
2019-06-10,150.19158935546875,154.77234324753684,148.26493025018272,150.8698573565667,29856300,CRM
2019-06-11,147.5965118408203,153.0619699227015,146.2596396839845,152.66876340639985,15214300,CRM
2019-06-12,148.70729064941406,149.72961253079643,147.5965029319392,148.54018351480798,7161300,CRM
2019-06-13,148.76625061035156,149.650953866496,147.69479116611473,149.57231257710814,5173800,CRM
2019-06-14,147.45887756347656,149.39537632649947,146.93789210939357,148.47135986098073,6248200,CRM
2019-06-17,147.73411560058594,148.70728475692397,147.32126004921952,147.64564976799886,4491800,CRM
2019-06-18,148.02903747558594,150.3489035177384,147.94057163058793,149.2971079177393,7317800,CRM
2019-06-19,151.51866149902344,151.84305124815816,147.9503892578364,149.11032972437522,8095300,CRM
2019-06-20,154.526611328125,155.59807089380018,152.77688368898575,153.63208343415664,10153600,CRM
2019-06-21,154.17274475097656,155.10658586571373,153.28805632634032,154.0056376040695,9706900,CRM
2019-06-24,149.96551513671875,155.0475907205493,149.91636245229773,154.71337646535582,6378200,CRM
2019-06-25,146.80029296875,150.36856532272262,146.06304760631238,150.23094678837276,7362500,CRM
2019-06-26,146.50537109375,148.80558769854457,146.38741665222474,148.7072823310781,5844900,CRM
2019-06-27,148.12733459472656,148.19613635945484,145.94508721074592,147.340936573593,6832800,CRM
2019-06-28,149.149658203125,149.1889863581921,147.05589142434138,147.86193861166043,6936600,CRM
2019-07-01,151.44003295898438,152.10847658910018,149.2676249095242,151.94136943139526,6476400,CRM
2019-07-02,151.49900817871094,151.7349321037289,149.98520424124263,151.66611533419604,4736300,CRM
2019-07-03,152.94398498535156,153.1012675759502,151.53831120502133,151.91183860857637,3885400,CRM
2019-07-05,151.95118713378906,152.17727151353603,149.97537494703596,151.33189622481322,3940900,CRM
2019-07-08,150.2112579345703,151.07629715024822,149.45434862085213,150.90919002890914,4717400,CRM
2019-07-09,151.33187866210938,151.56780255226676,149.10047874049704,149.49368522409264,4979100,CRM
2019-07-10,153.6124267578125,153.74020573684652,151.94134049966502,151.94134049966502,4966300,CRM
2019-07-11,156.1976776123047,156.59088405331988,153.95645339604033,154.15306411619395,7083200,CRM
2019-07-12,155.3916473388672,156.90545105123508,154.72320381702747,156.68919123528343,4348000,CRM
2019-07-15,156.93495178222656,157.1217230012717,154.80185706860095,156.06008791351104,3603700,CRM
2019-07-16,154.45782470703125,158.86163284850332,154.13343494447724,157.23969903502876,6913100,CRM
2019-07-17,155.54891967773438,157.2003418005399,154.97878156411073,154.99843063750652,4160500,CRM
2019-07-18,155.29335021972656,155.88315247625988,153.55346206161275,154.33002053339698,3724000,CRM
2019-07-19,154.08425903320312,158.0064092083393,153.63207534161447,157.01357599396846,5218800,CRM
2019-07-22,155.01806640625,156.34511358350716,154.4774170007271,154.96891373314975,2909500,CRM
2019-07-23,153.59274291992188,155.75532574037612,152.6392379719317,155.29331756972968,4865800,CRM
2019-07-24,157.0332489013672,157.52474576803814,153.05212128147372,153.32735832686595,4110500,CRM
2019-07-25,156.64004516601562,158.38977267467598,155.97160167995045,157.3969394820444,6934500,CRM
2019-07-26,157.24949645996094,158.08504706786096,156.0305789259252,156.8464654608895,4979100,CRM
2019-07-29,153.55343627929688,158.45856472533768,152.87516829795615,157.67216684843117,8880500,CRM
2019-07-30,154.29071044921875,155.52927721340234,151.99049360245672,152.69825032464584,4241600,CRM
2019-07-31,151.87255859375,155.20490733767983,149.70997499874687,154.713410384302,7454200,CRM
2019-08-01,148.2452850341797,155.09675267146457,147.8520935339065,152.09861873417515,26124700,CRM
2019-08-02,143.22216796875,147.35073818830233,142.83880105549068,147.2524478255108,13138900,CRM
2019-08-05,140.39114379882812,141.30532058626568,137.42249912479693,138.93630256825915,13070100,CRM
2019-08-06,140.37147521972656,142.49474478590724,139.54576427708648,141.3446291880915,6694000,CRM
2019-08-07,139.23121643066406,140.66639372270464,136.69509107851061,138.53328435729742,7635500,CRM
2019-08-08,141.37417602539062,142.49478836145923,139.8996853200743,141.07927488446833,8670300,CRM
2019-08-09,140.93177795410156,142.01307683956296,139.28035601916883,141.16770180164522,5286700,CRM
2019-08-12,138.3268585205078,139.55560050210747,137.6682546182854,139.142744996205,4389500,CRM
2019-08-13,141.43313598632812,142.5340841121099,138.04179577870883,138.53329262047473,5205800,CRM
2019-08-14,137.34385681152344,139.93895912319346,135.52531278660365,138.88714884949727,8607800,CRM
2019-08-15,139.71290588378906,140.86300676640593,137.37337596912042,138.700423525606,6647700,CRM
2019-08-16,141.44296264648438,142.86830050914122,140.09626607960567,140.6270760769913,5341100,CRM
2019-08-19,141.22669982910156,143.65469541217072,140.45014142366128,143.12388542607516,4632100,CRM
2019-08-20,143.0648956298828,144.00857617584367,140.62707546848299,141.70837453163674,6259200,CRM
2019-08-21,144.8736114501953,145.8664296541744,143.67435797644598,144.4017636905184,6142400,CRM
2019-08-22,145.718994140625,147.35075231286882,142.99609734225126,146.94773628799481,11744500,CRM
2019-08-23,148.9923553466797,155.72585287746674,148.08798798555986,155.01809624659467,26531900,CRM
2019-08-26,152.5016326904297,152.57044944488146,148.94320051385128,150.89934825765778,8975400,CRM
2019-08-27,150.9583282470703,153.24869004307365,149.93600654480838,151.63658120423725,6516500,CRM
2019-08-28,149.24794006347656,150.1817811086048,148.3042594814845,149.90654406371004,5326800,CRM
2019-08-29,153.2781982421875,153.34701499986105,150.06381968879697,150.7912254168127,5979900,CRM
2019-08-30,153.4158477783203,155.52927842398017,151.08614229994146,153.75988660473513,7591000,CRM
2019-09-03,150.13258361816406,152.67854802259058,149.17907878315623,151.58742470620479,4953800,CRM
2019-09-04,149.8672332763672,152.28538949452854,149.72961475175063,151.46950288455395,3604500,CRM
2019-09-05,151.15496826171875,152.10847349456907,149.36591225804634,152.01016811001503,5065400,CRM
2019-09-06,148.50086975097656,151.43018686184428,148.20596863259394,151.35154556365598,4722300,CRM
2019-09-09,146.99688720703125,149.5625016416663,145.5715491876329,149.08084427608685,6265500,CRM
2019-09-10,147.10499572753906,149.08082259051312,145.22748922991477,146.23997150326954,6249700,CRM
2019-09-11,151.46949768066406,152.01997176021817,146.50537642870268,147.53752282751344,6242400,CRM
2019-09-12,152.11830139160156,154.13344182508135,151.78408707561263,152.40336301422835,4993500,CRM
2019-09-13,150.3783721923828,152.27555783511204,150.14246330366996,151.69559515130155,3763500,CRM
2019-09-16,150.40786743164062,151.4793420125055,148.7859337530903,149.07099533927826,2592300,CRM
2019-09-17,150.22109985351562,150.8403756661147,149.14962535372112,150.3980315144602,3028500,CRM
2019-09-18,150.1719512939453,150.30956981155674,148.00936816035428,149.75909574111103,2951200,CRM
2019-09-19,150.98780822753906,151.62674800547967,150.17192181923167,150.90916694729722,2947000,CRM
2019-09-20,152.56063842773438,154.21207585106873,151.0075063864813,152.0593169774287,11733000,CRM
2019-09-23,152.01995849609375,152.5606079910877,150.3587118649923,151.52846168233427,3642200,CRM
2019-09-24,149.46420288085938,153.61243771117336,148.52052227994818,151.6562747463949,4120800,CRM
2019-09-25,150.3882293701172,150.60448920966786,146.36777326159455,149.46421278281804,3445000,CRM
2019-09-26,149.749267578125,150.79123857622022,149.25777069228425,149.82790887977487,3837300,CRM
2019-09-27,145.7386474609375,150.54548628150224,144.25433230342165,150.51599766904985,5858200,CRM
2019-09-30,145.91558837890625,146.43657384407243,144.903106059863,145.43391606236102,3671200,CRM
2019-10-01,145.1783447265625,147.60634041189357,144.74582509041213,146.94773642022597,3172900,CRM
2019-10-02,141.7673797607422,144.0086046259671,140.76472179494272,143.57608491525767,4432400,CRM
2019-10-03,144.5000762939453,144.55905351703544,139.66374900973668,141.55109514508928,3660900,CRM
2019-10-04,145.5125274658203,146.38739108602385,143.72348708486848,145.758275842274,3259000,CRM
2019-10-07,146.2694854736328,146.7904710056186,144.50009357288127,144.77533064640977,2704700,CRM
2019-10-08,143.42860412597656,145.81727144676398,143.3302987632782,145.03087354305435,2613200,CRM
2019-10-09,144.54922485351562,145.3356228039552,144.11670523080917,144.76548466486884,2273000,CRM
2019-10-10,143.92010498046875,145.05054168676713,143.0354016892287,144.34278505349224,2687400,CRM
2019-10-11,146.8297576904297,148.1469805897709,145.57152700989204,145.6206796925819,4663900,CRM
2019-10-14,146.8297576904297,147.7242855177895,146.26945910578524,146.85924630018502,1556900,CRM
2019-10-15,150.1424560546875,150.36854039521967,147.07550565585308,147.11483380160212,3942600,CRM
2019-10-16,144.4705810546875,148.28460129867716,143.34014433253662,144.75564261964354,8988600,CRM
2019-10-17,143.6842041015625,145.52239773536374,143.03542458399903,145.07022898018576,5024400,CRM
2019-10-18,141.6395721435547,143.94961355861693,139.97831023220715,143.81199502746185,6080000,CRM
2019-10-21,142.0917510986328,142.72086650546294,140.56810776980055,141.64940690620912,3358000,CRM
2019-10-22,139.9095001220703,143.47777218039442,139.72272891250708,142.5832442815885,4460500,CRM
2019-10-23,142.66188049316406,143.0944001210886,139.08378402482504,139.69323531910405,4761400,CRM
2019-10-24,145.60101318359375,146.25961712259883,143.91026292254185,144.09703411406275,5280100,CRM
2019-10-25,147.9307098388672,148.09781694821294,143.81196432249487,144.54920951040998,4991400,CRM
2019-10-28,152.15760803222656,152.2854020296376,146.8887605143203,148.62866378963497,7576700,CRM
2019-10-29,152.45248413085938,153.4748059435779,151.7938801742489,152.14775849414485,5477300,CRM
2019-10-30,155.58824157714844,155.7258600951246,152.37384797956327,153.0914441797829,4724500,CRM
2019-10-31,153.82870483398438,155.5882571325455,152.57047397260888,153.89750660020437,4578300,CRM
2019-11-01,157.02342224121094,157.36746104365363,154.08426561850297,155.2245419335964,4771100,CRM
2019-11-04,154.91983032226562,158.5077517259568,154.02530235610536,158.20302604500654,5748100,CRM
2019-11-05,155.46044921875,156.4139543172829,152.82603327591656,154.90997514110086,4015000,CRM
2019-11-06,156.2271728515625,157.27898325171884,155.06724754974155,156.23701238756306,4207400,CRM
2019-11-07,156.78750610351562,158.38979074622864,155.39165675191379,156.22719245571002,3802300,CRM
2019-11-08,158.37013244628906,158.46843782645917,156.20754907620272,156.5417633699089,3265300,CRM
2019-11-11,159.02874755859375,159.4710918015417,157.5247681329931,158.47827338965445,3541200,CRM
2019-11-12,160.09036254882812,161.57467770994901,158.8419562878993,159.2449873247865,3710600,CRM
2019-11-13,159.83477783203125,161.62381852400281,159.26463969962688,160.2771219866901,5389700,CRM
2019-11-14,160.2771453857422,160.79813091051196,159.6283658645701,160.2574813095352,3820700,CRM
2019-11-15,160.43441772460938,161.14215943049683,158.2521703835144,160.93573914107384,3693000,CRM
2019-11-18,160.00189208984375,161.21097016628866,159.13685281600672,161.21097016628866,5556700,CRM
2019-11-19,161.17164611816406,161.65330340910248,159.0876893720533,160.85708094920668,4952900,CRM
2019-11-20,161.4075927734375,163.51119908549276,159.49075769925335,160.66052282124932,8450300,CRM
2019-11-21,160.11000061035156,163.0884699857155,159.45139670549568,162.50850736791145,5724200,CRM
2019-11-22,160.04116821289062,160.70961158783447,158.63549471740674,160.20827530680398,3761900,CRM
2019-11-25,158.95994567871094,161.84993506367124,158.70435767238047,160.9947351946021,5509300,CRM
2019-11-26,159.7758026123047,159.84461937665696,158.56672446111207,158.81247290643628,5881400,CRM
2019-11-27,158.7633056640625,160.06086453609177,158.37011418730458,159.16633667728007,4012800,CRM
2019-11-29,160.1198272705078,160.6309881434795,158.5765351146074,158.86159665957135,2432500,CRM
2019-12-02,158.26199340820312,160.43441619070086,155.41131753907743,160.32628627846262,5117400,CRM
2019-12-03,158.8223114013672,159.0975484583802,153.5338000929268,154.29070949935996,6216400,CRM
2019-12-04,153.7696990966797,157.95726190739182,151.87252843306675,157.65253625670113,17803300,CRM
2019-12-05,155.52923583984375,156.2173283035675,152.60974388727436,153.0914161115264,7126600,CRM
2019-12-06,155.3228302001953,156.7874962229643,154.90997464328518,155.4113110332639,4751200,CRM
2019-12-09,154.80184936523438,156.19769867061723,154.38899379597697,154.70355899119826,3709000,CRM
2019-12-10,153.74021911621094,154.98862539975528,153.51413474966645,154.3398459138855,4074700,CRM
2019-12-11,153.7303924560547,154.21206479484695,152.83586454085233,154.1727366451159,4867500,CRM
2019-12-12,155.89295959472656,156.28616605491024,152.6687416176844,153.1209252970724,5353900,CRM
2019-12-13,158.3898162841797,158.74369469793166,155.8536901521734,156.15841586970765,5742300,CRM
2019-12-16,159.20567321777344,159.97240713737858,158.0850609507125,158.1145495630593,5370000,CRM
2019-12-17,158.8813018798828,159.60870773439072,157.02344409043806,159.24500480713678,4789600,CRM
2019-12-18,158.73382568359375,160.50321742379265,158.73382568359375,159.04839088153764,4144800,CRM
2019-12-19,160.5523681640625,160.5621927016438,158.09488383227796,158.84195366939463,4185400,CRM
2019-12-20,161.7516326904297,162.36108404628064,160.847280194901,161.92856437465932,8586700,CRM
2019-12-23,160.95541381835938,162.0661866377284,160.57204682774088,161.250299965531,4368600,CRM
2019-12-24,160.4737091064453,161.05367174473338,160.11000626536506,160.53268632399428,1238000,CRM
2019-12-26,161.71231079101562,161.7319748675664,160.49340803218817,160.62118703152922,2155500,CRM
2019-12-27,162.1742706298828,162.6461183303195,161.11263580283696,162.0563162044192,3409900,CRM
2019-12-30,159.677490234375,162.13497434904025,158.45857271375567,162.05633305745582,3197100,CRM
2019-12-31,159.8740997314453,160.48355104459228,159.0483885976409,159.28429749341703,3273500,CRM
2020-01-02,164.15011596679688,164.22875725916884,160.7981040009947,161.1323182441059,5189300,CRM
2020-01-03,163.3440399169922,163.9338420593949,162.19393923866934,162.25291645305128,3205400,CRM
2020-01-06,170.500244140625,170.7165039417267,161.65330136596745,162.1939508687217,8836200,CRM
2020-01-07,173.00686645507812,173.86206605198623,169.16335803797915,170.28397009572788,8272700,CRM
2020-01-08,174.3142547607422,175.80840921431064,171.77812950377572,172.24996222621616,7225100,CRM
2020-01-09,176.545654296875,176.84054037366175,174.27492651057437,175.79856957090374,5952900,CRM
2020-01-10,177.13548278808594,177.6073156203488,175.65116752445934,176.78160441406496,5111800,CRM
2020-01-13,180.72341918945312,181.3132064798615,178.04967480824175,178.17745380488446,6202600,CRM
2020-01-14,179.02279663085938,180.72338642483166,178.94415533986998,180.3793326516646,4342300,CRM
2020-01-15,177.98081970214844,179.97629552013908,177.54830011610852,178.590270937409,3886600,CRM
2020-01-16,179.58311462402344,179.9959701624089,177.88253978749202,179.13093093952912,3485300,CRM
2020-01-17,179.13092041015625,180.22204391150012,178.2757207737191,180.11391401499606,4577000,CRM
2020-01-21,182.11923217773438,182.83681332053465,178.4133420305217,178.4231665669765,6302400,CRM
2020-01-22,179.64208984375,183.26933881832048,179.58311262453628,182.23719248420235,4781800,CRM
2020-01-23,180.8511962890625,181.16576150675024,178.2167800877558,180.09430185767977,4369000,CRM
2020-01-24,179.0129852294922,182.9646241457332,178.04965559294862,181.85383645302994,4653600,CRM
2020-01-27,177.63681030273438,178.6394531459688,174.28479795614155,175.72979999413212,4239400,CRM
2020-01-28,179.74041748046875,180.73323579193712,177.28293304676967,178.05949152812894,3445300,CRM
2020-01-29,178.67877197265625,180.9691491310506,178.53131391566717,180.87084375972458,2785500,CRM
2020-01-30,182.51243591308594,182.77784840815661,177.46967350320978,177.8235518302062,3715700,CRM
2020-01-31,179.20957946777344,182.86631724030042,177.715424840464,181.71621640851598,4193300,CRM
2020-02-03,182.26670837402344,182.70905258362552,178.75742831193233,180.14343816877948,4755200,CRM
2020-02-04,185.1370391845703,186.4640867461386,183.47577734799617,184.8028249095645,3983200,CRM
2020-02-05,182.33551025390625,187.30945606989098,179.75023197434118,187.16199801253197,6162700,CRM
2020-02-06,183.55441284179688,184.37029942800532,181.10676808246535,183.65271821335696,4102700,CRM
2020-02-07,182.56158447265625,185.44174870843096,182.49276771651765,183.67237211271734,3713100,CRM
2020-02-10,185.9037628173828,186.05122087122376,182.4043076627167,183.0039344166989,3873500,CRM
2020-02-11,185.89395141601562,189.32460505407792,185.4417676846282,188.22364183824988,4299200,CRM
2020-02-12,186.2379913330078,187.27996224578484,183.5937359038132,186.4837397558059,4535400,CRM
2020-02-13,185.43194580078125,187.80096440711014,185.21568596953907,185.29432727174483,3132100,CRM
2020-02-14,186.71963500976562,187.01453609545135,184.90110581340625,186.12984783768647,3599400,CRM
2020-02-18,187.8402557373047,188.2432867395539,185.70716128539306,187.7026372242553,4957000,CRM
2020-02-19,189.5900115966797,190.62215809846373,188.53821601816102,188.7348117805734,3903200,CRM
2020-02-20,190.0716552734375,192.3915209180378,186.54271162317605,190.70077061777184,5451200,CRM
2020-02-21,186.27732849121094,188.77412618897577,183.54460687740487,188.5775304252557,5242100,CRM
2020-02-24,182.77786254882812,183.96727660152084,175.74944814931098,175.74944814931098,8463300,CRM
2020-02-25,178.1873016357422,186.74916977757755,176.3785815294745,185.264854445111,11361100,CRM
2020-02-26,175.8280792236328,179.5634583027052,171.286653106047,173.5377020909366,13923100,CRM
2020-02-27,169.2223663330078,175.2972754455437,167.15808847868524,169.281358556812,9927300,CRM
2020-02-28,167.5021209716797,168.8488325441501,160.3459280146292,162.18413643854151,12640800,CRM
2020-03-02,173.75396728515625,173.78345589727738,165.72291026613257,169.2715182512169,7761000,CRM
2020-03-03,166.48965454101562,175.3857514006736,164.24842988456788,175.37592686245316,8323500,CRM
2020-03-04,172.70216369628906,172.82011813924709,166.74522433821483,169.3206630047542,5846300,CRM
2020-03-05,166.71572875976562,170.79514640069831,165.2412382872416,169.6352210953066,5797500,CRM
2020-03-06,161.2896270751953,164.72028089163302,155.84383293677323,162.85258364228116,9757700,CRM
2020-03-09,148.63848876953125,155.0279480255591,148.07817514280308,149.12014609851443,9657100,CRM
2020-03-10,158.59620666503906,158.72400065121727,148.43205497703804,154.55610178721545,11443900,CRM
2020-03-11,151.94137573242188,156.90548297404317,147.59652945472806,154.99847239046187,10341300,CRM
2020-03-12,138.19908142089844,148.6581338447588,137.7174241048751,141.8853078155761,13213000,CRM
2020-03-13,145.2667999267578,146.95755019922746,133.01870748701475,146.92806158976634,13765400,CRM
2020-03-16,122.18611145019531,139.14275160118734,121.29158364529829,131.73097121674414,13845300,CRM
2020-03-17,133.1170196533203,135.66297001570985,120.82959705573172,124.84021359150006,12191500,CRM
2020-03-18,129.99110412597656,131.15102959794956,113.32935489381057,123.40504123639876,12988200,CRM
2020-03-19,137.0883026123047,141.55108723516904,126.6685638022209,129.35213229791896,10444000,CRM
2020-03-20,136.98019409179688,143.7136927235849,132.31097347150714,138.03198967399703,12450100,CRM
2020-03-23,138.13027954101562,141.27585639521246,131.80962222214015,136.4002010217372,11898300,CRM
2020-03-24,151.02713012695312,151.51862690750156,140.74501087819152,142.17036354121512,11834400,CRM
2020-03-25,144.55905151367188,155.3326690945429,144.46076114298174,150.07364678558068,10639300,CRM
2020-03-26,152.09861755371094,152.4426713632504,145.2176613572746,145.7779749900742,8573100,CRM
2020-03-27,143.51707458496094,148.87438704049987,142.44561509371175,148.06834003766872,8273500,CRM
2020-03-30,147.30162048339844,150.39804481817245,144.06756262332436,145.2078389812536,7650400,CRM
2020-03-31,141.5314483642578,149.36591044026454,140.3518587604437,146.49557023790848,10429700,CRM
2020-04-01,131.7801513671875,136.69512055139884,130.83648568342446,135.96771471168475,8737600,CRM
2020-04-02,132.03573608398438,133.0875316636408,127.82850876747298,131.73099540272602,8150500,CRM
2020-04-03,132.02590942382812,133.87394277120626,129.42098156655294,132.1635279710182,6004400,CRM
2020-04-06,145.04071044921875,147.30159875665785,135.94801953829645,136.63611206683214,12296800,CRM
2020-04-07,142.6029052734375,148.23545505421524,142.0524161942533,147.77344680874424,7859500,CRM
2020-04-08,148.5500030517578,149.5723248987258,142.5340864112765,143.81198122033973,7665500,CRM
2020-04-09,151.92169189453125,153.44533525535263,149.10048954277718,149.7984217271658,7094600,CRM
2020-04-13,149.90655517578125,152.66876536634612,147.44907066470287,151.4990003391856,5138600,CRM
2020-04-14,155.0279083251953,156.08952808418374,152.5114324170775,153.06192136526244,7334300,CRM
2020-04-15,152.98330688476562,154.59541587432926,151.38102243197815,152.44265737622143,4042600,CRM
2020-04-16,154.3889923095703,155.31300881251917,151.6267823375385,154.33001508585767,4391500,CRM
2020-04-17,159.85443115234375,160.48354652217495,154.94930217483426,157.27899245073687,7312900,CRM
2020-04-20,159.99205017089844,161.51569341488653,157.79015386925292,158.0162382218054,4686000,CRM
2020-04-21,147.99952697753906,157.36745560601528,145.48306554104042,157.27898977409777,13737900,CRM
2020-04-22,151.51866149902344,153.05212940453677,148.10767186334925,151.38104296902338,6660900,CRM
2020-04-23,149.13980102539062,153.80902096456063,148.92354121773826,150.8895285605467,6281400,CRM
2020-04-24,151.36135864257812,151.8725195424583,148.72694284952806,150.9779917174912,6710500,CRM
2020-04-27,154.9492950439453,155.7455175066974,151.5776189988172,152.8948269001427,5036400,CRM
2020-04-28,151.8332061767578,158.07520687104713,151.55795415468685,156.7874875860579,4731800,CRM
2020-04-29,157.70167541503906,159.1368528469758,153.85818136649715,155.19505342664465,5256700,CRM
2020-04-30,159.19583129882812,162.4888662883611,157.28882106603308,158.88128110540399,6830700,CRM
2020-05-01,153.7107391357422,157.4461186589431,152.6196153934258,155.794696237759,4276900,CRM
2020-05-04,158.72401428222656,159.26466388637905,152.44268433413504,152.93418124712903,5974200,CRM
2020-05-05,160.4737091064453,161.3485728317706,157.52472823465763,159.76595249727288,5264800,CRM
2020-05-06,160.88658142089844,162.89189702261984,160.14933612600254,161.64349079012717,4112600,CRM
2020-05-07,167.01065063476562,168.3573624210393,163.19664466158645,163.66847751407641,6460900,CRM
2020-05-08,172.90859985351562,173.08554653349898,168.23937939983253,170.00877120319245,5403400,CRM
2020-05-11,179.56344604492188,180.18273683660576,171.19817558568892,172.5743606791058,8696000,CRM
2020-05-12,174.52069091796875,179.90750707060147,173.9997054687945,179.88784299724776,5904600,CRM
2020-05-13,166.75502014160156,172.2303012479492,163.44233677880032,172.1909731075443,12534900,CRM
2020-05-14,164.1599578857422,165.70326528828144,161.77129024910198,165.5754712997339,7442300,CRM
2020-05-15,168.4163360595703,168.79970305640737,163.3539087944398,164.4253834772934,5673800,CRM
2020-05-18,169.56642150878906,173.98989337423575,169.20271862184873,171.04091213060462,6398300,CRM
2020-05-19,173.04620361328125,175.1694735960929,169.8121609537073,169.8121609537073,5264000,CRM
2020-05-20,173.9210662841797,176.09348893767134,171.9255902944312,175.53319033428693,4951200,CRM
2020-05-21,172.27951049804688,175.25798090126594,171.95512070174718,173.92110855862032,4429700,CRM
2020-05-22,174.82545471191406,175.60201322036383,172.46626057368488,173.59671245219943,4965100,CRM
2020-05-26,173.51806640625,178.90486812584092,173.22316527211768,178.90486812584092,8353600,CRM
2020-05-27,173.59669494628906,173.6065194836298,168.4556270505883,173.2919542972027,6340200,CRM
2020-05-28,178.02015686035156,181.6572303827699,174.08818224167382,176.93885784049806,10275200,CRM
2020-05-29,171.81747436523438,172.02390965651182,167.78720891000143,171.3358170177447,19588900,CRM
2020-06-01,173.36077880859375,174.50105516144095,169.7433539993909,170.1562245748621,5711600,CRM
2020-06-02,171.26699829101562,171.92560230909288,168.30819247858597,171.8764646206185,8571800,CRM
2020-06-03,172.01406860351562,172.93807005869274,169.90062320249905,171.85678601567108,6004000,CRM
2020-06-04,168.52444458007812,172.4465798959464,167.10893123327398,172.0238997989585,7301600,CRM
2020-06-05,170.9229736328125,171.22769932320725,164.15997121645577,167.21708265764423,8232200,CRM
2020-06-08,173.54754638671875,173.56721046116132,169.72370136916072,170.67720648915665,4592600,CRM
2020-06-09,171.59136962890625,173.00688288879232,170.57888736648914,173.00688288879232,4025600,CRM
2020-06-10,179.00315856933594,179.39635004917838,173.05604369113462,173.25263943105583,8127200,CRM
2020-06-11,169.12405395507812,175.39554300051324,169.0749012746166,173.63599103461132,6521200,CRM
2020-06-12,172.13201904296875,174.66814446565206,168.93728967320266,172.90857742854615,5443800,CRM
2020-06-15,175.572509765625,175.8575713460938,168.35733942628138,169.07492064549777,6000000,CRM
2020-06-16,177.4106903076172,179.39634168663565,174.98269478457246,176.94868209072737,5824100,CRM
2020-06-17,178.31509399414062,179.64214180748522,177.6073371602631,177.89241380131503,5038600,CRM
2020-06-18,184.4685821533203,185.7857899744733,178.53129242331568,178.81636896626623,8677800,CRM
2020-06-19,183.7706756591797,187.99755171725656,182.33551320645915,186.27731268193523,11841000,CRM
2020-06-22,188.39071655273438,189.22626710851472,183.81980233398573,183.84929094190343,6252200,CRM
2020-06-23,185.84478759765625,190.78924473732792,185.38277935603898,188.73479149226858,6950800,CRM
2020-06-24,182.39450073242188,186.08072744488274,180.91017050998892,184.32116016119627,4903100,CRM
2020-06-25,185.1370391845703,185.5597342964965,181.30336956116406,182.97445593548744,4022400,CRM
2020-06-26,180.0549774169922,185.01909924114227,179.90753434272153,184.80283939934833,7595700,CRM
2020-06-29,180.21224975585938,180.58579218844474,176.93887869999412,180.20242521789987,3972100,CRM
2020-06-30,184.1442108154297,184.69468488513485,180.01564029334762,180.33019047633908,4478900,CRM
2020-07-01,188.62664794921875,189.54083982905695,184.27199334746734,184.90110867365897,4754600,CRM
2020-07-02,189.25576782226562,192.06713028482247,189.019843944541,189.87505862673467,4200300,CRM
2020-07-06,194.35752868652344,196.05810370254022,190.5435080732355,191.133310332775,5794200,CRM
2020-07-07,193.04031372070312,196.81500604844342,192.8732065863249,194.29854449661656,5431500,CRM
2020-07-08,196.8739776611328,197.7783300680889,193.99381331064916,194.63275321796038,4233700,CRM
2020-07-09,197.32615661621094,199.37078526942017,192.31288285120536,198.58438732598688,6062800,CRM
2020-07-10,195.49778747558594,197.3163167802651,193.728395855371,196.65771281593658,3783200,CRM
2020-07-13,185.1370391845703,196.85432287892098,184.83231352210652,196.598749903792,5555400,CRM
2020-07-14,186.33627319335938,186.7294796514563,180.18273836724632,182.82699367568893,5854700,CRM
2020-07-15,184.8912811279297,188.83309545796993,183.57407317193474,187.7812850010455,7681800,CRM
2020-07-16,182.35516357421875,183.68221112487626,178.83604417995926,183.24969147875697,7350000,CRM
2020-07-17,184.58656311035156,185.19601442876035,180.24173258386628,183.95744771736037,4324300,CRM
2020-07-20,191.77224731445312,191.98850713965243,184.08524397999574,184.70451984370797,5729000,CRM
2020-07-21,187.5552215576172,193.15828326309997,186.25766253145528,192.66678635912263,5376800,CRM
2020-07-22,188.05654907226562,188.6070232226078,185.6580417035212,187.53556353717065,2833000,CRM
2020-07-23,185.3336181640625,191.26108373664536,184.32113589361947,188.22362192602336,3639500,CRM
2020-07-24,185.2845001220703,185.7268443163599,181.2443951488758,182.89581747403543,3908400,CRM
2020-07-27,187.7124786376953,188.30226584267956,185.44175065073256,186.67049274356617,3015700,CRM
2020-07-28,186.27732849121094,189.6883182392522,185.834984273017,187.7518192180543,3114200,CRM
2020-07-29,190.31741333007812,191.25125435735436,186.5230569988001,186.91624848419207,3747800,CRM
2020-07-30,188.4398956298828,188.65615545110197,184.1835309657694,186.85727511966647,3587400,CRM
2020-07-31,191.5363311767578,191.67394969674905,187.42740965251627,189.71778680610103,3734000,CRM
2020-08-03,199.7344970703125,201.3072780282768,193.2270834207622,194.43616150081925,6557500,CRM
2020-08-04,197.9847412109375,199.93106430605658,195.51741771732455,199.54769740854385,4480300,CRM
2020-08-05,199.19386291503906,200.43242970256543,198.15189188753826,199.3511455227775,3559100,CRM
2020-08-06,204.25625610351562,206.37952611385154,198.9579206143095,199.5182342278538,5113300,CRM
2020-08-07,197.6309051513672,203.42073799418267,195.20290928186765,203.10617278065152,5423400,CRM
2020-08-10,193.8070526123047,198.05357784033384,192.39153920319683,196.99194278350296,5528200,CRM
2020-08-11,188.72496032714844,192.50947696156655,188.4595478361312,190.32722981163178,5015400,CRM
2020-08-12,189.34425354003906,192.09663907209335,188.8527566592899,189.71779596918267,3980300,CRM
2020-08-13,191.82139587402344,194.70157530258325,189.9438742498753,190.03235508503957,4711600,CRM
2020-08-14,190.1699676513672,192.15560412430628,189.24595117421063,191.90003116225398,2833000,CRM
2020-08-17,193.39419555664062,193.7185852936901,191.11364285955133,192.0179953086161,3574500,CRM
2020-08-18,200.54052734375,201.3171007199107,195.61573460102727,195.94012430254207,7284800,CRM
2020-08-19,201.62184143066406,203.578004322746,196.62823155986044,200.53071780732893,7080700,CRM
2020-08-20,205.94699096679688,206.5367931472209,200.04902915972679,200.38325839492308,5175100,CRM
2020-08-21,204.0006561279297,206.42865146655103,202.74242554750546,206.36967425173296,5727800,CRM
2020-08-24,204.91488647460938,205.73075809867927,201.66116451903784,205.32774205523452,5699000,CRM
2020-08-25,212.37579345703125,214.63668198362683,207.21507649382758,209.59391946552242,27096500,CRM
2020-08-26,267.6888122558594,273.24271984518344,245.227403511085,247.67506286423003,63253400,CRM
2020-08-27,271.6208190917969,273.5474782924699,256.40406622481066,262.4593108540835,22817100,CRM
2020-08-28,266.48956298828125,271.0604770918359,262.85247477764295,266.6664946313286,28068000,CRM
2020-08-31,268.01324462890625,270.0382093894628,261.3878762374886,265.40831714552905,16010100,CRM
2020-09-01,276.4670104980469,277.135439092656,265.97845329150556,266.3913238932291,13293600,CRM
2020-09-02,271.9845275878906,279.6617059380066,264.002623592527,278.64922363314815,12963800,CRM
2020-09-03,260.5031433105469,267.1285105692776,253.03238595728268,265.97839485889403,14000600,CRM
2020-09-04,250.36851501464844,261.15197307733075,239.06408644312572,258.5077173854961,14374300,CRM
2020-09-08,237.16690063476562,249.36584138334342,236.05611292384842,236.47880802595168,15229600,CRM
2020-09-09,246.17111206054688,249.13975731839267,238.82816271301493,242.20964853733966,9988600,CRM
2020-09-10,243.58584594726562,252.14772781762443,242.7699593626597,250.47662650014829,5945000,CRM
2020-09-11,238.96578979492188,247.02633565199707,235.3778535602465,246.4561974695181,5455200,CRM
2020-09-14,242.445556640625,244.6376283111057,239.88976711501763,242.12116693165453,4255200,CRM
2020-09-15,247.3998565673828,247.65544453859118,244.28376822051834,247.09513090875197,4133600,CRM
2020-09-16,246.3382110595703,251.08605711972638,245.97449321491115,250.3389873564809,5441200,CRM
2020-09-17,240.37147521972656,244.588527065291,237.20623395078798,241.93443177818824,5279500,CRM
2020-09-18,238.6511993408203,243.89055734339743,234.65042294817604,240.9612404392721,6595600,CRM
2020-09-21,240.88262939453125,240.96127069704434,232.7729306891403,234.9060253971884,5561600,CRM
2020-09-22,243.56617736816406,244.34275078943605,237.15705425535816,242.5438705216072,3600800,CRM
2020-09-23,231.97669982910156,244.5393587198702,231.34758443079042,244.26412167056495,7507900,CRM
2020-09-24,233.5101776123047,235.87919624398558,229.65684375875432,231.8292516331694,4166800,CRM
2020-09-25,238.61187744140625,239.80129132560583,231.05265408081925,233.35285555875743,5117800,CRM
2020-09-28,242.4750518798828,244.35257342891018,238.0909084190586,243.34991566461542,4088300,CRM
2020-09-29,243.24180603027344,243.68415022808497,240.34197740095922,241.08904726838998,3983700,CRM
2020-09-30,247.04598999023438,251.06643072278266,242.03271599659703,242.45539609838409,8188500,CRM
2020-10-01,249.1397705078125,250.33902411919564,246.54466752893143,248.87435798744548,4318000,CRM
2020-10-02,243.63499450683594,250.61424077617465,243.0058791389055,245.50267653682812,4494500,CRM
2020-10-05,247.25241088867188,248.97264991047874,244.76543795994607,245.74843168669284,3403500,CRM
2020-10-06,245.88604736328125,252.9144614277702,244.76543512772847,248.43199748626526,4448100,CRM
2020-10-07,255.55870056152344,256.3057553383416,247.91099614617048,247.91099614617048,4963200,CRM
2020-10-08,255.79464721679688,260.1198139266099,252.70803229294475,259.7069733308196,4150400,CRM
2020-10-09,261.4566955566406,261.5254823220897,257.05287263701905,258.4290579248416,4225000,CRM
2020-10-12,262.5281982421875,265.4083632810938,260.7784702323522,265.4083632810938,4317000,CRM
2020-10-13,262.29217529296875,264.21886439352375,259.73641587138115,261.88917430618994,3713200,CRM
2020-10-14,257.3772888183594,265.56564509665316,254.34968069774447,265.40836246721165,5129500,CRM
2020-10-15,253.33714294433594,256.08951336335616,249.7000691769502,253.72049489621233,5256800,CRM
2020-10-16,254.15301513671875,258.0555014178091,254.0940379132131,254.83128320562122,3092300,CRM
2020-10-19,250.6732177734375,257.033203204981,250.17189638671078,255.34245284281695,3242300,CRM
2020-10-20,251.61691284179688,254.7723143979304,249.72956663080328,251.7643559054314,2989300,CRM
2020-10-21,249.906494140625,253.91711039685524,247.56697924062797,252.08875644109284,2794000,CRM
2020-10-22,245.42405700683594,250.87967552468854,241.94426560045406,249.57229198802875,3685700,CRM
2020-10-23,246.25958251953125,246.30873520371048,242.6126693432567,245.84672697115374,3159600,CRM
2020-10-26,237.86483764648438,243.89059449402203,233.34307512571715,241.12838429126413,5864100,CRM
2020-10-27,246.04335021972656,247.4686882245372,241.590389522323,243.78246148832264,4285600,CRM
2020-10-28,234.3751983642578,241.2758188583971,233.9623427790419,240.44028314997013,4425400,CRM
2020-10-29,233.1071319580078,238.39564301215452,233.09730742047785,238.39564301215452,4589000,CRM
2020-10-30,228.31996154785156,233.70676307529467,224.77135352536953,231.8095923454698,5741200,CRM
2020-11-02,228.4968719482422,234.44398655677364,225.0957223038779,231.12146320537772,3953400,CRM
2020-11-03,233.09730529785156,236.84250896593434,229.31277348141916,231.10182924898177,4151400,CRM
2020-11-04,246.4758758544922,248.57948202955887,239.1034222036563,241.8361438236225,6505400,CRM
2020-11-05,255.79464721679688,256.4827548745674,251.09593806411362,253.72051470455042,8961700,CRM
2020-11-06,255.725830078125,257.2986261517409,250.1620965911752,255.57838700841506,3798600,CRM
2020-11-09,254.87062072753906,266.31268248584,252.87514459597693,256.51223350505336,8777500,CRM
2020-11-10,243.44822692871094,254.5953720511186,238.76916724822345,253.6713555596175,6863200,CRM
2020-11-11,249.8573455810547,252.37380719532538,246.93786792648024,249.19874156476465,4163400,CRM
2020-11-12,245.17828369140625,250.63390165589018,242.17032540809439,243.192632243218,5607000,CRM
2020-11-13,245.26675415039062,249.4739660115452,243.34991942381447,248.5401249908331,5160000,CRM
2020-11-16,245.6403045654297,249.17908802160994,243.95937867392053,245.27660168217847,5712600,CRM
2020-11-17,251.81350708007812,253.87776983277786,246.20060650350337,249.42482461077267,5090700,CRM
2020-11-18,252.78663635253906,258.1931011220985,251.49891714367615,252.03955162119857,5880500,CRM
2020-11-19,260.1492614746094,262.5477683620736,251.31215822853343,252.47208352696367,8084600,CRM
2020-11-20,253.6516876220703,260.512964039829,253.43542782102264,259.1072903323118,7286100,CRM
2020-11-23,253.2584991455078,257.2887491237367,250.2800145777182,256.7874427597701,5383600,CRM
2020-11-24,256.40411376953125,257.8491159376277,253.4354831242479,255.57840253041783,5797300,CRM
2020-11-25,242.62252807617188,261.57464664974395,240.88262491375934,259.2449562283962,26394900,CRM
2020-11-27,243.41871643066406,247.55711119693703,242.8289142552877,246.73140015084405,7395000,CRM
2020-11-30,241.61985778808594,243.41873808378008,232.0553331551402,241.305292600092,18966400,CRM
2020-12-01,237.2455291748047,242.50453633013547,234.64058693962087,240.83345008450974,18872000,CRM
2020-12-02,217.02537536621094,222.15660432988014,211.96296316991635,221.6454433413538,52225500,CRM
2020-12-03,217.21209716796875,222.2646836760916,216.3863861431297,222.2646836760916,21395300,CRM
2020-12-04,222.01895141601562,224.71235947774625,218.0476635797849,220.0136509242996,20504800,CRM
2020-12-07,223.82766723632812,225.96076181064444,222.40232934096304,224.2306982617047,12864100,CRM
2020-12-08,223.98497009277344,225.59707934081442,221.8223867111519,224.76152860279703,12116800,CRM
2020-12-09,216.8189239501953,224.94827091253453,216.32742710848854,224.17171250232684,15651800,CRM
2020-12-10,219.12896728515625,220.4953280122446,216.41590990599144,216.81894094761682,9258600,CRM
2020-12-11,218.63748168945312,218.95204690870207,216.23897439021303,218.14598478384804,8214400,CRM
2020-12-14,217.50701904296875,219.66960217161807,216.70095701359128,219.29605976782915,8508500,CRM
2020-12-15,216.4060821533203,218.3622452429351,214.48924721587107,218.29344347558833,10766800,CRM
2020-12-16,219.81704711914062,220.19058952614643,216.50436313898996,217.71344119417506,8821400,CRM
2020-12-17,222.0779266357422,222.8741491032105,220.68207743362726,221.07526889927067,9946900,CRM
2020-12-18,223.56227111816406,223.94565309671577,220.5838011256396,223.15925506254177,11845400,CRM
2020-12-21,222.6185760498047,223.57208110281636,220.88851260274592,221.07526879930165,9219000,CRM
2020-12-22,227.2386932373047,227.9267859528326,222.74641900933958,223.1396105612709,10339600,CRM
2020-12-23,223.56227111816406,229.21448542730315,223.24772090407143,228.54605684779696,7090500,CRM
2020-12-24,221.9403076171875,225.29231960157983,221.00646663894227,224.41745584311747,6146300,CRM
2020-12-28,220.8197021484375,223.96527895980972,218.2737520885529,223.3558276711576,6422500,CRM
2020-12-29,218.67678833007812,221.46848687946232,217.10399238714106,221.14409715375805,6122400,CRM
2020-12-30,218.61782836914062,219.8367461547567,217.8117812039253,219.33542468612143,4724000,CRM
2020-12-31,218.74559020996094,219.001163176128,216.425724442473,218.4900172437939,6011100,CRM
2021-01-04,216.56333923339844,219.94483995482548,212.0514017588483,218.8537163499382,10319900,CRM
2021-01-05,217.75277709960938,219.20760363243483,214.2828104034879,215.75730101088095,8657200,CRM
2021-01-06,212.47410583496094,216.7108217515443,212.1104029253723,214.29265038149444,9789800,CRM
2021-01-07,214.27297973632812,216.90741086355487,212.8181531432805,213.3391386461819,8443100,CRM
2021-01-08,218.26393127441406,218.53918333085736,215.49189662761884,216.25863057243208,7301700,CRM
2021-01-11,214.53836059570312,216.8287375625735,212.55270925545074,215.89489661023993,7199000,CRM
2021-01-12,211.85484313964844,214.58756489930371,210.4491541054006,214.2926637383367,10736000,CRM
2021-01-13,214.4696044921875,215.1773613086778,211.86467662545004,213.30967887584305,6839200,CRM
2021-01-14,211.93345642089844,215.76712600857692,211.8843037340217,214.51871975851992,6548000,CRM
2021-01-15,209.51528930664062,214.1648455894237,209.3678462424286,212.4937591980785,8525600,CRM
2021-01-19,213.0736846923828,213.58484555784196,210.06572671359302,211.68767513304266,7753800,CRM
2021-01-20,219.64013671875,220.81972627699446,216.2291470382906,218.21479871090065,9857700,CRM
2021-01-21,218.3917236328125,220.91802481618956,217.06469104561253,219.88587835994878,6785900,CRM
2021-01-22,221.93048095703125,223.91611733409005,219.94482958067965,221.07526628048336,10186100,CRM
2021-01-25,222.0779266357422,226.38344368121432,217.55616478367125,225.7838169465677,8213500,CRM
2021-01-26,222.4121551513672,224.03410379961912,220.72140474189518,223.92597388973564,5021000,CRM
2021-01-27,220.95733642578125,223.93580632204709,217.81175939003947,219.8957013638507,7641100,CRM
2021-01-28,222.6480712890625,225.69535773467874,221.17358075072434,221.17358075072434,7246000,CRM
2021-01-29,221.7240447998047,224.89911008242427,219.2272475340598,220.8393565164941,6473000,CRM
2021-02-01,224.57476806640625,225.99026652588006,220.9278545025148,223.34602582779382,5696700,CRM
2021-02-02,230.21713256835938,231.93737162576494,227.4450980012017,227.53356383860907,7134900,CRM
2021-02-03,230.8265838623047,231.98650920868738,228.31010743419395,231.0035155255997,5357600,CRM
2021-02-04,233.93284606933594,234.1785945043611,231.46553718142934,231.5146898682932,4770700,CRM
2021-02-05,234.827392578125,235.2894008725209,232.3895721093284,235.08296557105442,5020000,CRM
2021-02-08,234.86669921875,237.00963348216828,233.09732239487724,235.43683741728708,4336400,CRM
2021-02-09,232.6746063232422,235.99712983662863,232.22243761981056,235.4859689116553,5157200,CRM
2021-02-10,232.69427490234375,234.1687654842701,229.9812176313451,233.41185611907895,5535600,CRM
2021-02-11,237.13739013671875,238.75932363632194,234.52262346525717,234.86666223826472,6091600,CRM
2021-02-12,236.2821807861328,237.4519456391013,234.84701844498122,236.852318907718,4314400,CRM
2021-02-16,244.36239624023438,246.9574989653271,239.65386309482543,240.8334525154506,10837600,CRM
2021-02-17,243.44822692871094,245.2569317635293,241.32495690559696,244.3624038835192,5879200,CRM
2021-02-18,242.80926513671875,243.7922588233568,238.4447857674522,241.78695830230424,4152800,CRM
2021-02-19,242.36695861816406,245.14883298330133,241.79682039145402,243.78247214664478,4647700,CRM
2021-02-22,236.8523406982422,240.36163558000436,236.29204206123723,240.10604760584923,5055000,CRM
2021-02-23,231.63262939453125,234.8961756010743,225.11537651776052,231.25908699758418,8641600,CRM
2021-02-24,236.3804931640625,237.39297546194848,227.57286312694464,231.52450194934318,6128300,CRM
2021-02-25,227.1501922607422,236.26254831086413,225.8624728781137,234.47349252786088,8828900,CRM
2021-02-26,212.81813049316406,226.58004193383056,212.6608479054404,225.48891835534886,20372900,CRM
2021-03-01,213.84046936035156,216.45523652575068,211.373160267776,216.16033537939893,14027700,CRM
2021-03-02,209.8396759033203,214.88243861394056,209.7118819167216,214.68582786554435,10211500,CRM
2021-03-03,202.49673461914062,209.69225685478378,201.90693230499758,209.21058446492376,11459000,CRM
2021-03-04,201.83811950683594,205.53417080887718,198.0830759771668,203.32243475062668,12800500,CRM
2021-03-05,207.17575073242188,208.73872214445942,199.76398469386604,206.43850544347177,11406000,CRM
2021-03-08,204.1874542236328,211.24534184734028,204.04001116715176,209.98711110105654,9576400,CRM
2021-03-09,207.9326629638672,212.12021086312308,207.57878462031783,208.5716028900536,9732200,CRM
2021-03-10,208.3553466796875,212.47407759290246,208.1685754808989,211.06840383240845,7186400,CRM
2021-03-11,212.27745056152344,214.45969740585787,210.70466990748278,211.3436097045476,6431000,CRM
2021-03-12,208.60110473632812,210.21321384345825,205.74058940011562,209.82000735434488,6114600,CRM
2021-03-15,209.18106079101562,209.31867930801175,205.93717860548583,208.2472197828781,5733700,CRM
2021-03-16,210.83248901367188,213.00491173608486,209.84949529298243,211.18636735309184,5311000,CRM
2021-03-17,209.49563598632812,211.15689792510665,207.27407537548603,209.88884250990318,5805100,CRM
2021-03-18,205.91749572753906,207.78519257255036,204.85586083653405,207.11674912297298,5580100,CRM
2021-03-19,208.59124755859375,209.13189706084222,205.5144876626935,206.24189335727092,7088400,CRM
2021-03-22,211.5107879638672,213.29000445821436,207.77540827997964,207.88353820501547,5002500,CRM
2021-03-23,211.3436279296875,213.73229522244182,210.68502400535658,211.10770406155567,4578000,CRM
2021-03-24,205.9666748046875,211.61888874553907,205.8487203570003,211.4714456859301,4617700,CRM
2021-03-25,201.94622802734375,204.6297966272055,200.89441756920652,202.6638092281843,7977200,CRM
2021-03-26,205.53414916992188,205.848714353639,201.28762418479516,202.14282390417415,7333200,CRM
2021-03-29,207.18557739257812,208.05060161166523,202.4868689096375,205.45549895581814,5686900,CRM
2021-03-30,206.42868041992188,207.6967357142407,203.83357760890033,205.09180836580205,4717900,CRM
2021-03-31,208.26687622070312,210.03626792984997,206.53681266025617,206.8612023902076,6838000,CRM
2021-04-01,215.00035095214844,215.20677119852175,209.7413294477945,209.96742876430602,7763500,CRM
2021-04-05,216.54367065429688,218.06731385454447,215.20679865269358,215.8752421531418,5553200,CRM
2021-04-06,217.33006286621094,217.78224654570607,214.53836449506306,216.0816717279756,5448500,CRM
2021-04-07,217.03518676757812,218.8930443833957,215.65900149634084,218.18530267196977,4403400,CRM
2021-04-08,220.63294982910156,221.87153158531973,218.66696227883236,219.20761185501533,6169100,CRM
2021-04-09,227.3467559814453,227.37624458916127,219.82686102804192,220.51495354023376,7319300,CRM
2021-04-12,224.86964416503906,225.94111874873775,223.2870236323898,225.6167290123109,6205700,CRM
2021-04-13,228.0545654296875,229.51923161602963,224.61408707191202,225.10558398016568,5397100,CRM
2021-04-14,224.1422576904297,229.17518130865358,223.78837931106736,228.89011969716793,4617600,CRM
2021-04-15,229.03753662109375,229.1161779185613,225.59705860318033,225.96076147958573,5073900,CRM
2021-04-16,227.966064453125,230.020517613173,225.98041304999558,230.020517613173,5088700,CRM
2021-04-19,226.58004760742188,228.2511338957741,224.97776307836338,226.9044373279898,4257700,CRM
2021-04-20,224.083251953125,227.5138903895636,223.03144148741663,226.08855251487208,4081200,CRM
2021-04-21,226.63900756835938,226.86509190209628,222.81516297065377,223.24768256513644,4024000,CRM
2021-04-22,227.41558837890625,229.91238566615556,225.1153718237605,226.08854094321805,4975400,CRM
2021-04-23,229.5388641357422,231.4852025515257,227.80880054322884,228.97856550038213,5447100,CRM
2021-04-26,231.45570373535156,231.7899179942917,228.4673944808571,230.05983947875484,3459600,CRM
2021-04-27,230.22698974609375,231.88823670655677,227.96610095469404,231.45573202410495,3445200,CRM
2021-04-28,232.8515625,234.2769004266243,229.55852746323507,231.0035294645098,4274500,CRM
2021-04-29,230.3743896484375,233.62809619099147,228.2216311808935,233.28405741719715,4140800,CRM
2021-04-30,226.40313720703125,230.51204405491575,225.6167391741491,228.84095760960048,5024800,CRM
2021-05-03,219.95465087890625,227.52371388542653,219.2763978685861,226.84544587581382,5835700,CRM
2021-05-04,213.486572265625,218.2246092701608,210.71453773128562,217.90021953754663,6727500,CRM
2021-05-05,211.73684692382812,215.83594404470745,211.18637282586383,215.09869873508507,4205800,CRM
2021-05-06,214.341796875,214.56788124475162,209.86917217309156,212.1398854065526,5200000,CRM
2021-05-07,212.81813049316406,217.48735044624735,211.43210581252373,216.75992972749515,5774700,CRM
2021-05-10,210.25253295898438,212.28733722474053,209.60375348300752,211.8351534992522,5263700,CRM
2021-05-11,211.89413452148438,212.88696782807776,205.35723195501592,205.44569779442682,6097900,CRM
2021-05-12,206.95948791503906,209.7413618982766,205.44568421002282,209.71187328708947,5482500,CRM
2021-05-13,208.25706481933594,211.97278014327225,206.8907040520609,209.34818852552644,5337000,CRM
2021-05-14,213.95843505859375,214.5580618792301,210.5081172057128,210.5474453574928,4429000,CRM
2021-05-17,211.4026336669922,214.0174006441961,209.20073726454197,212.90661290591373,3816100,CRM
2021-05-18,210.68504333496094,213.65368853432383,210.15421833278603,211.7761669513275,3540600,CRM
2021-05-19,217.57582092285156,217.8314088831832,210.86197218388367,212.17919513507883,8092100,CRM
2021-05-20,219.97433471679688,222.97246857976253,218.5784854263476,219.18793673645104,6705500,CRM
2021-05-21,218.79473876953125,221.9403155985106,218.65712025199133,221.38001699113144,4913600,CRM
2021-05-24,223.1297607421875,223.7293875404891,220.39703926777543,221.17359774461133,5288300,CRM
2021-05-25,223.8375244140625,225.81333654893,222.43183548283824,224.1225860158841,6256300,CRM
2021-05-26,225.7739715576172,226.3244605942577,224.40761100088125,224.5943821919727,5807100,CRM
2021-05-27,221.98947143554688,225.6167206270713,221.55695180305273,225.6167206270713,15344100,CRM
2021-05-28,234.05079650878906,239.35895627450233,233.78538402071553,235.15174460851202,17810800,CRM
2021-06-01,232.18312072753906,234.3457039774697,228.50673370244527,233.95251247722567,8103900,CRM
2021-06-02,230.62998962402344,234.23757489910318,229.92223292162856,230.41372979833088,5543900,CRM
2021-06-03,226.91424560546875,229.21444709635247,225.52822098943915,228.92938554377318,5109000,CRM
2021-06-04,233.4413299560547,233.84436095610354,227.58269614760368,227.69082605007307,6177600,CRM
2021-06-07,234.0901336669922,235.39751716916274,231.8292450166167,232.57632987459672,3510800,CRM
2021-06-08,232.39935302734375,237.67802403935588,231.662107802234,234.7388826747989,5827300,CRM
2021-06-09,232.07498168945312,234.80770300678782,231.50484353701222,234.80770300678782,3350900,CRM
2021-06-10,236.10525512695312,236.2035454956802,231.1509585648758,231.98650919516894,4659500,CRM
2021-06-11,236.2232208251953,236.2821980491005,234.35553873815974,234.9649900509051,4624200,CRM
2021-06-14,242.07203674316406,242.44557916989476,236.39033403834833,236.60659386442458,6764700,CRM
2021-06-15,238.4546356201172,241.18735715914696,237.894321959587,241.0399140902153,5135300,CRM
2021-06-16,238.26785278320312,240.84329159027712,235.40733739103356,237.88448582337688,5099300,CRM
2021-06-17,240.2731475830078,242.9763803107922,237.0980820698124,237.8844800450266,5170200,CRM
2021-06-18,238.6511993408203,241.82626465970463,236.96044904733495,237.73702243757742,7822200,CRM
2021-06-21,240.32229614257812,240.5582200308798,234.82736494645837,239.30981382913544,5895100,CRM
2021-06-22,238.97560119628906,240.5582216677596,236.79335396235345,239.6538692553898,4457200,CRM
2021-06-23,237.72720336914062,240.34197032713143,236.75404916245634,239.6047250193795,4482400,CRM
2021-06-24,239.62437438964844,243.47770782845907,238.57256394880483,239.21151884255727,4987300,CRM
2021-06-25,237.75668334960938,240.04706048912053,236.8916590861057,240.0372359517864,15409300,CRM
2021-06-28,240.4108123779297,243.37944299659256,239.4573071463267,240.05693399301214,4274900,CRM
2021-06-29,241.6296844482422,242.5831895586966,238.30716086751264,240.28298784863483,3871900,CRM
2021-06-30,240.11587524414062,242.43574097558425,239.35896589551075,241.3052892212655,4168800,CRM
2021-07-01,240.8137969970703,242.3964174840817,238.49393122106534,240.34196421191666,3899600,CRM
2021-07-02,243.97903442382812,244.72611923869434,241.6591686815522,242.72080368218292,4056200,CRM
2021-07-06,245.99415588378906,248.618747075721,244.1559625956398,244.76541384640748,5590200,CRM
2021-07-07,244.21495056152344,249.18889614786212,243.64481243117135,248.69739931127856,5101400,CRM
2021-07-08,241.61985778808594,242.38659168470392,237.62890571099894,240.67617722339793,5159600,CRM
2021-07-09,240.8924560546875,243.78246020049997,239.9389508773468,241.41344156404335,4213500,CRM
2021-07-12,238.7790069580078,243.05502061953268,237.7370360197874,243.0157074706141,5604500,CRM
2021-07-13,239.8701171875,242.9567166808869,237.569900622923,238.16952735568094,6699800,CRM
2021-07-14,238.3071746826172,241.96391274104394,235.79071300784926,240.3419790051443,6375700,CRM
2021-07-15,233.53965759277344,237.9139767929239,231.80959398757187,237.117754253034,7912600,CRM
2021-07-16,234.3751983642578,236.78354511029255,233.7264338728012,234.24741937314232,7288100,CRM
2021-07-19,233.5101776123047,234.44401871213765,230.3252723357144,232.48785567198414,8843000,CRM
2021-07-20,236.02659606933594,239.04437864949224,232.25190421040816,234.64057148074315,8487000,CRM
2021-07-21,237.9925994873047,238.84779918561844,234.21790737143823,237.33399552432485,15323100,CRM
2021-07-22,244.0576934814453,244.47054906740954,239.2017018285935,239.35898443256883,7868700,CRM
2021-07-23,244.02818298339844,246.298896002209,242.48487569397355,245.74842193695716,5877300,CRM
2021-07-26,243.3892364501953,244.2542606723095,241.63950893365308,243.97902364718774,3960700,CRM
2021-07-27,239.36880493164062,243.91024629920733,237.0882672096573,243.00589384055064,6352500,CRM
2021-07-28,239.81114196777344,241.89508374522683,238.86746144632124,239.6735234541547,4100200,CRM
2021-07-29,239.8897705078125,241.9737273040697,239.34913598450845,239.34913598450845,3271100,CRM
2021-07-30,237.815673828125,240.08640201953907,237.52078769872853,238.86748435395396,3748400,CRM
2021-08-02,236.76385498046875,238.3464753826185,234.8175317216916,238.18919279623634,3525700,CRM
2021-08-03,237.02926635742188,238.91661238726942,234.97479820576962,237.27501477275555,3077900,CRM
2021-08-04,240.01759338378906,240.48942620609475,235.59412130152396,237.51095620397984,4121600,CRM
2021-08-05,246.29888916015625,246.6331034048758,239.39826946405992,240.5188816369907,5235200,CRM
2021-08-06,246.328369140625,247.79303504311687,244.98167267277248,244.99149720928725,4045400,CRM
2021-08-09,245.0800018310547,248.1272733679669,243.63499986058275,247.14427964651898,3312200,CRM
2021-08-10,239.25083923339844,246.97717041839954,238.90678543409314,246.6036280076445,4430600,CRM
2021-08-11,238.1597442626953,241.96392559029576,236.01682490998573,240.50909891968118,3999200,CRM
2021-08-12,244.16578674316406,244.20509988860894,237.81564130440515,238.37595487221876,4467400,CRM
2021-08-13,247.2819061279297,249.45432892195245,244.6376505322252,247.4293641904701,5986400,CRM
2021-08-16,244.9620361328125,246.7314278583487,240.31247995902922,245.91554125714885,4047500,CRM
2021-08-17,242.7896270751953,244.9620348215996,241.75748065754945,244.03801831436033,3472600,CRM
2021-08-18,246.94766235351562,252.43275364118912,243.5071846286629,243.78242164670772,8306700,CRM
2021-08-19,248.7662353515625,251.09592573778434,244.1559922671517,244.9325507294609,6600800,CRM
2021-08-20,251.77418518066406,253.484584646289,248.31404310189123,248.69741005100997,5510700,CRM
2021-08-23,256.0895080566406,257.4067160154898,252.20670093878948,252.62938103034668,7603900,CRM
2021-08-24,255.24415588378906,258.03585448101023,254.65435364525774,257.4657313162023,6685200,CRM
2021-08-25,256.41387939453125,257.44601064625596,254.34958689249868,256.42368893122,9701000,CRM
2021-08-26,263.23590087890625,270.5395371353906,262.8131907736344,265.2116978885948,18987000,CRM
2021-08-27,261.997314453125,266.3028317376491,260.91601536363004,263.30468289865917,7992500,CRM
2021-08-30,260.4638977050781,263.0294974125518,260.2476378447912,261.2896089901935,5730000,CRM
2021-08-31,260.75872802734375,262.23321857750113,258.23245701700023,260.2672311772913,5901500,CRM
2021-09-01,263.7568664550781,268.612857542807,261.07328295967454,261.7417114498383,7189000,CRM
2021-09-02,259.6577453613281,264.68085810030334,259.43167603945574,264.4252701727088,4498300,CRM
2021-09-03,262.5379333496094,262.862338056415,257.34772802799125,259.1171346140387,7356700,CRM
2021-09-07,260.69976806640625,263.3440236946542,259.57917077335605,262.00716657331867,4672500,CRM
2021-09-08,258.1537780761719,259.84452829198085,257.13145631813785,259.1367716900472,3851500,CRM
2021-09-09,256.3057861328125,259.2252788312799,256.02073953833815,257.36743620421294,4126500,CRM
2021-09-10,252.82598876953125,257.14131546428143,252.13788118790737,256.5613527876952,5280900,CRM
2021-09-13,249.7885284423828,253.30764767048203,247.901182347853,252.62937962102887,5258200,CRM
2021-09-14,250.04409790039062,250.77151862426297,248.69740135684873,249.7885249430106,4097500,CRM
2021-09-15,251.80368041992188,252.3836431275704,248.6482639100494,250.21122035918796,4764600,CRM
2021-09-16,255.93228149414062,256.7776718609173,250.66344850527622,251.18443408065718,5122600,CRM
2021-09-17,256.099365234375,257.2494811425714,254.28082076345044,254.86078348686945,7049400,CRM
2021-09-20,253.8286590576172,254.80181331555076,250.60444060852828,252.2263743712809,5985500,CRM
2021-09-21,253.5828857421875,258.0849836844283,253.386275002944,255.0573762907527,6040600,CRM
2021-09-22,254.7624969482422,255.93223188247788,251.85281392279512,254.4970694433537,4355600,CRM
2021-09-23,273.1346130371094,274.63862218548906,261.8695137190807,265.40829701229535,15617200,CRM
2021-09-24,280.7725524902344,281.49011883822027,273.4787245519842,273.76380118262426,13368300,CRM
2021-09-27,274.9236755371094,278.93430670118545,274.2945751575722,277.63674779524393,5941100,CRM
2021-09-28,267.6495361328125,271.99438169230154,265.44763973990683,270.4313952364,7127100,CRM
2021-09-29,265.8997802734375,270.00868649907454,264.6611986844465,268.83892166471304,4361900,CRM
2021-09-30,266.6075439453125,269.5958530968741,265.8408100838984,266.0472303546598,5224200,CRM
2021-10-01,270.5788879394531,271.64050806350235,264.199237661657,266.88282158426205,4756000,CRM
2021-10-04,266.2536315917969,270.61812556740745,261.61393060723555,270.5394992789335,6393800,CRM
2021-10-05,267.1482238769531,268.89795170421655,266.4208180382252,267.48243818119545,4050400,CRM
2021-10-06,270.5886535644531,270.80491336925746,262.9508036377194,265.08391307595264,4745500,CRM
2021-10-07,269.9104309082031,274.74677372011604,269.41893399636035,272.19098377881545,5374200,CRM
2021-10-08,267.8460998535156,272.21059372213347,267.63964960398766,270.85405779018697,2683300,CRM
2021-10-11,269.09454345703125,271.57167694799296,266.89264702062087,267.1580445379631,2693000,CRM
2021-10-12,274.2552795410156,275.97551874960624,271.3259471177514,271.71916865001646,5970100,CRM
2021-10-13,279.5732116699219,280.25147964966993,273.8620212886573,275.23820632054327,6573500,CRM
2021-10-14,285.0877990722656,285.6972803159029,279.81896766470186,281.1361755165928,5433900,CRM
2021-10-15,286.69989013671875,287.8893038817695,284.39968892787977,287.51576154896486,5119300,CRM
2021-10-18,286.7392272949219,288.2628552807753,283.80005621459185,285.83486003976293,5163300,CRM
2021-10-19,287.368408203125,290.5041608720532,286.40506346518094,287.13249928713486,3631200,CRM
2021-10-20,285.1566162109375,290.38614947972565,283.0530254590862,288.12524614993686,4487900,CRM
2021-10-21,284.8813781738281,286.6114565419123,283.36755960175446,284.5471639433727,2828500,CRM
2021-10-22,287.5846252441406,288.017144858149,283.2791081765215,284.0851701843176,2927000,CRM
2021-10-25,288.9215087890625,290.1109227141166,286.75891074479523,288.3120275230703,2993500,CRM
2021-10-26,290.09124755859375,293.28597698614016,288.62659658982,290.7498665168812,3601400,CRM
2021-10-27,290.1305847167969,294.1018876666121,290.071607494651,291.487120823326,3742700,CRM
2021-10-28,293.3056945800781,293.7283747140365,288.53816865464637,290.0519875048906,3450400,CRM
2021-10-29,294.5933532714844,295.6648126916084,291.231501972802,292.9320916938707,4251900,CRM
2021-11-01,297.6111755371094,299.67543826194515,294.62286635652293,296.37259390333884,3825100,CRM
2021-11-02,297.7979431152344,298.2796004120286,294.31813713797743,296.58885010655894,4177500,CRM
2021-11-03,297.73895263671875,298.7809234763963,293.1188706128015,298.7809234763963,3260200,CRM
2021-11-04,302.8013916015625,303.1650944754177,297.2572926636772,298.33859174715707,3833800,CRM
2021-11-05,302.02484130859375,306.10425952834095,298.18133199837536,303.25358354337243,4681800,CRM
2021-11-08,304.6886901855469,306.09439384321644,300.6977385389253,301.9756482278445,3893000,CRM
2021-11-09,304.4429931640625,306.44830886142955,301.9953482678133,304.7280697579572,3126500,CRM
2021-11-10,294.57379150390625,303.3420801823076,292.82406358387783,301.3564433287989,4350900,CRM
2021-11-11,297.82745361328125,300.5503354687311,296.3726120811853,296.3726120811853,2681900,CRM
2021-11-12,301.43499755859375,301.99531114021494,296.5003802222205,299.32156720530133,3803700,CRM
2021-11-15,300.2947692871094,302.5261844339394,298.0732236765144,301.6807941584391,3595300,CRM
2021-11-16,301.8675537109375,302.3492110594572,297.5718757289603,298.90873285896976,2989400,CRM
2021-11-17,302.7817077636719,304.6297407138865,302.0248134164401,302.5457988759294,3864700,CRM
2021-11-18,297.83721923828125,301.7691936115322,294.48520748525476,300.9533221284595,4443100,CRM
2021-11-19,296.04827880859375,300.7961260298808,295.9794620376175,300.5110494062597,4758900,CRM
2021-11-22,291.7918395996094,300.2947289094028,291.6738851580952,296.70680798660976,4474700,CRM
2021-11-23,286.46405029296875,291.4281567044957,283.4069241475458,288.6561071446535,6431100,CRM
2021-11-24,284.2522888183594,284.5275258422058,278.3838154897535,281.1755138740775,5091400,CRM
2021-11-26,279.37664794921875,282.6795225799478,278.2265620499727,279.6617245390392,4195300,CRM
2021-11-29,291.69354248046875,293.31550609291276,279.85831986888536,284.59632672900636,8215600,CRM
2021-11-30,280.1138916015625,294.18052981445163,278.58042374596874,291.1529222530095,13597600,CRM
2021-12-01,247.22293090820312,272.2302945896198,247.18361775745004,266.6468972264239,30723100,CRM
2021-12-02,256.7579650878906,258.114471187937,247.85202961336387,248.5204731254779,12200800,CRM
2021-12-03,253.92691040039062,257.29857120157646,247.41948265988106,257.1019604848925,8944000,CRM
2021-12-06,254.34962463378906,254.8214724181085,246.44636173761103,251.74469727976924,7123000,CRM
2021-12-07,262.4494934082031,265.63441357781585,259.1171601734445,260.95535369804384,7401200,CRM
2021-12-08,261.78106689453125,263.9338256376078,260.07066734469635,263.7470544225581,4586500,CRM
2021-12-09,259.82489013671875,262.14474076362137,258.1734679956777,261.515640423571,3967000,CRM
2021-12-10,261.505859375,265.96865996725427,259.9429027135291,261.57467614591445,3480100,CRM
2021-12-13,261.2403869628906,265.95874421144043,260.10992033169424,261.2796851076435,3625700,CRM
2021-12-14,251.2433624267578,257.6917988591194,248.99231339750668,257.5443558001727,7227300,CRM
2021-12-15,255.61770629882812,255.76514936342693,247.6161226759257,250.51596627358737,6484900,CRM
2021-12-16,248.81533813476562,256.9053863566298,247.93064988416214,255.57833898143238,6556700,CRM
2021-12-17,248.6285858154297,249.5820908908511,242.5930051829946,246.96733908539508,12119400,CRM
2021-12-20,243.00592041015625,247.26227065399934,242.3079881650413,245.64033677350554,5580100,CRM
2021-12-21,248.2550506591797,248.70721934103796,241.0791939752465,243.7824265274664,5428200,CRM
2021-12-22,248.50079345703125,249.93595576180826,245.2667360044049,249.1102447098029,4982400,CRM
2021-12-23,248.8350372314453,249.9851381188286,245.0996579822407,246.95751556944353,3769500,CRM
2021-12-27,253.9073028564453,254.03509685843167,248.93337130800668,249.08081438776324,3531800,CRM
2021-12-28,251.10572814941406,256.3450861717822,250.60440678115745,255.31295482532997,3293700,CRM
2021-12-29,250.21121215820312,252.06906966875394,248.81536289095325,251.64638957342828,2592700,CRM
2021-12-30,250.98779296875,253.51407907623297,250.1325932163098,250.9583043565482,2950600,CRM
2021-12-31,249.80819702148438,252.12804778425755,249.3167001651083,250.14241128398962,3169300,CRM
2022-01-03,251.11558532714844,252.33450295433516,244.42138541413468,250.6732261484,4316800,CRM
2022-01-04,244.00851440429688,252.50157910964447,239.2606531802275,252.48193003574355,7240700,CRM
2022-01-05,223.7981719970703,234.1490943710815,223.4442936680745,232.15361837680578,18882500,CRM
2022-01-06,225.25299072265625,230.4923487195177,222.20571938254463,224.16186716234486,9376100,CRM
2022-01-07,224.4272918701172,228.32977810467116,222.20573148189825,224.61406307518703,6286700,CRM
2022-01-10,225.72488403320312,225.92147980461374,215.16752461626797,221.6651146067069,7803800,CRM
2022-01-11,230.84625244140625,232.33058262783206,222.7070652576782,224.9089766935866,7635300,CRM
2022-01-12,233.78538513183594,235.2107229461357,231.75058104575612,232.96949859002322,6718900,CRM
2022-01-13,224.74183654785156,234.72904034569714,224.04390447669752,233.46098517328664,6680300,CRM
2022-01-14,227.29763793945312,229.32260264075046,223.73920540607799,224.15206097630707,5805100,CRM
2022-01-18,222.21554565429688,226.80612427291234,221.46847586815727,224.56489991520058,6032000,CRM
2022-01-19,222.4219970703125,228.26098226796694,222.32369169689508,223.60158655485114,5332600,CRM
2022-01-20,219.14862060546875,227.464739011369,218.70627643482194,225.17437686124083,5663700,CRM
2022-01-21,214.91192626953125,220.94750723578693,214.53838384839452,219.26658133996577,9128400,CRM
2022-01-24,219.2371063232422,219.5811601534454,203.98103832592423,208.7780528764638,11664300,CRM
2022-01-25,211.72702026367188,220.0922915599175,211.0192635735857,217.2416157243384,9092700,CRM
2022-01-26,207.41165161132812,217.69377136672517,205.5144811445909,215.87522718937345,10029600,CRM
2022-01-27,209.12210083007812,219.3550546154866,208.4536572642861,210.43930888708977,9462100,CRM
2022-01-28,218.35240173339844,218.50966933051083,207.29372228666332,210.65555903855554,8254900,CRM
2022-01-31,228.67385864257812,228.94909571403537,218.48020246296062,219.15847060308573,7084200,CRM
2022-02-01,228.17250061035156,228.821280074264,222.471148955734,228.4182490437159,6387100,CRM
2022-02-02,221.18344116210938,230.5022336753324,219.22729299685673,229.76498828658794,9378900,CRM
2022-02-03,209.15158081054688,217.03517975123552,206.82187546336766,214.3614505963104,12826600,CRM
2022-02-04,215.501708984375,217.9002160604897,209.56443351668102,211.33382521211757,6176500,CRM
2022-02-07,213.2801513671875,217.67413455195648,212.97542570996137,215.27562744446897,3922300,CRM
2022-02-08,213.73233032226562,214.23366674946539,208.54212436535056,211.9334649047792,5628700,CRM
2022-02-09,218.26393127441406,218.41138934029024,211.903975347385,217.3792428763356,6107700,CRM
2022-02-10,213.96824645996094,218.21478663376956,212.13987749612014,213.99773507233786,5312600,CRM
2022-02-11,204.36441040039062,216.18982492576353,202.60485805175836,213.9191115878718,8165600,CRM
2022-02-14,202.88987731933594,206.3303549918974,201.14998941013104,202.30009014647223,7005900,CRM
2022-02-15,210.6063995361328,210.9209647187648,204.97384985335836,206.18292790060144,6353000,CRM
2022-02-16,208.1390838623047,208.80751235431563,204.66911742754127,207.41166315103428,7072700,CRM
2022-02-17,196.6282196044922,206.18291913078224,196.10723416729942,204.78706994063438,8820100,CRM
2022-02-18,193.49249267578125,199.15454646628461,192.46034620361283,196.9919481439147,6691800,CRM
2022-02-22,191.81155395507812,198.0339055021007,190.2387581298679,192.2047454117344,8434800,CRM
2022-02-23,187.29962158203125,195.61575526483898,186.89660554602457,193.01082784017564,7784300,CRM
2022-02-24,200.8157958984375,201.4154227137104,181.30337805584,181.59827919437166,11792600,CRM
2022-02-25,204.55116271972656,204.92470513880687,198.1813675166228,201.23847863249546,5853600,CRM
2022-02-28,206.9496612548828,208.07027346637975,203.43054202947823,204.25625313283524,7904700,CRM
2022-03-01,205.3375701904297,210.74403598269936,204.91489006451374,209.7708667403447,12587300,CRM
2022-03-02,206.81204223632812,213.61435678427733,197.7291751235381,212.42494281669724,16670100,CRM
2022-03-03,201.26797485351562,208.0309768058769,200.7469893542047,206.8120591286297,6559900,CRM
2022-03-04,199.5575714111328,202.87027080750443,195.8713445600378,201.21883337858023,6813600,CRM
2022-03-07,192.89283752441406,201.4448791813393,192.7060663331722,199.99005279584927,7043500,CRM
2022-03-08,188.8134307861328,193.84635370610815,185.98240414399996,190.97601391585388,8229000,CRM
2022-03-09,199.7050323486328,201.7398217999836,193.86604653287682,194.97683437304394,6881300,CRM
2022-03-10,196.7462158203125,197.7783623770592,194.170776697187,195.7140842628618,5604200,CRM
2022-03-11,194.53445434570312,201.28763151123138,194.2690568364871,201.28763151123138,5196900,CRM
2022-03-14,189.8357696533203,196.7560548349776,188.5578896333442,194.86870842160633,5665500,CRM
2022-03-15,192.80438232421875,196.5594254307339,189.46220976809718,195.1537366502632,5276300,CRM
2022-03-16,202.0740509033203,202.39842567116398,193.9741762613783,195.2815598685899,6043400,CRM
2022-03-17,206.83172607421875,207.0971235968979,199.11521885581377,201.1401836547158,5842600,CRM
2022-03-18,215.07904052734375,215.84577447032265,204.76743044906334,205.6717829202873,12220600,CRM
2022-03-21,210.0854034423828,215.37391406315746,207.02829260015963,214.47938624453334,6448700,CRM
2022-03-22,214.4990997314453,218.07719683093538,209.0041525792351,210.08545183977998,7018800,CRM
2022-03-23,207.51980590820312,210.29184041338394,204.7674204780329,210.2328631897643,8404700,CRM
2022-03-24,210.34100341796875,210.46879740827632,206.3008984095988,208.7387337669565,4150300,CRM
2022-03-25,207.44114685058594,212.18900793630903,204.93451006629462,210.62605164702234,3656500,CRM
2022-03-28,211.61886596679688,211.71717132881722,205.74056830085595,206.80220321364766,4290900,CRM
2022-03-29,217.5266876220703,218.38190241272878,213.08356652277655,214.9020960215966,5370400,CRM
2022-03-30,211.28465270996094,216.11115502116388,209.7708341238981,215.97353651327566,4951200,CRM
2022-03-31,208.70924377441406,213.1032121128228,208.18824327863967,210.85216298645653,7141300,CRM
2022-04-01,208.64044189453125,210.3901697243745,206.46801891516196,208.86652627722904,6007900,CRM
2022-04-04,215.128173828125,217.24160424984282,210.45895382727997,210.97993928006238,7843600,CRM
2022-04-05,206.56629943847656,214.5580431709268,205.12129747210818,214.29263066708734,7304600,CRM
2022-04-06,197.40481567382812,201.97573069494925,194.71140734997485,201.72015771503547,7171300,CRM
2022-04-07,196.7560272216797,199.27248875300737,194.81952838716862,195.73370535001914,5246000,CRM
2022-04-08,193.81683349609375,196.7363254949879,193.27618405198538,195.26183519248747,3897700,CRM
2022-04-11,192.1261444091797,193.74809325641596,188.89210125202285,190.9072416383672,5173800,CRM
2022-04-12,191.4969940185547,197.69968166230194,191.27090967476943,196.35298513722964,4832200,CRM
2022-04-13,192.39154052734375,193.74807672029095,186.10038644278114,188.72497799052653,8733000,CRM
2022-04-14,186.1888427734375,193.10911191305556,186.00207156808625,192.98133292988922,5126700,CRM
2022-04-18,183.82965087890625,186.12986759194666,182.37482436755724,185.09772118214946,4899500,CRM
2022-04-19,188.13516235351562,188.9313848451712,182.36499417383934,184.0557445261941,6120400,CRM
2022-04-20,183.06289672851562,190.0126687864866,182.91545368597698,189.60963780449137,6015400,CRM
2022-04-21,174.21597290039062,186.93591404471422,173.7343155768495,185.56955337306567,9119500,CRM
2022-04-22,168.5146026611328,176.00502484886476,168.19022793976174,174.67797735517274,8843900,CRM
2022-04-25,171.60122680664062,171.78798302046204,166.3520287616979,166.80421248815153,7988900,CRM
2022-04-26,167.1875457763672,170.76564171963568,164.70057328004742,169.68434280850045,8073300,CRM
2022-04-27,171.7093048095703,174.21594134288134,167.72819296175462,168.09189577271775,9644600,CRM
2022-04-28,182.5812530517578,183.7510029413462,175.936206119769,178.3248885818027,10614800,CRM
2022-04-29,172.9479217529297,182.20772102329778,172.31880635661895,179.4651750766931,7110800,CRM
2022-05-02,174.55020141601562,174.75662169684946,170.17586737872074,172.11236619991905,6278400,CRM
2022-05-03,175.3267822265625,177.3222585255086,173.134710159112,173.94075730976868,5047700,CRM
2022-05-04,182.32566833496094,182.81716518781505,171.76832553520242,176.65380545251583,7563100,CRM
2022-05-05,169.3698272705078,179.14078761148747,166.93200695382035,177.42054853735146,8379400,CRM
2022-05-06,166.8140106201172,169.49757894348886,162.76408179517463,166.60759036409195,7232700,CRM
2022-05-09,160.8177947998047,167.39401084998448,159.37279268582606,163.88473071553304,9997800,CRM
2022-05-10,164.307373046875,168.34747731350234,160.5031926422792,164.572785516749,8598700,CRM
2022-05-11,158.5274200439453,167.08928795116984,158.09490035645698,162.68547976812545,7220100,CRM
2022-05-12,157.69183349609375,164.0124902232493,152.01013161655246,154.26118038918568,10187500,CRM
2022-05-13,164.07150268554688,165.8113909537057,159.25482395066314,160.76864283850773,6499700,CRM
2022-05-16,161.32894897460938,163.28511217359448,159.12705230767935,161.93841537288844,5065800,CRM
2022-05-17,160.94558715820312,166.22427460436558,155.57844886010741,164.4843712003625,7317700,CRM
2022-05-18,154.65438842773438,161.7221149733913,153.53377629805684,160.05102881500093,7454400,CRM
2022-05-19,152.95382690429688,156.5417479373668,152.09861217915392,152.5901090329604,8382200,CRM
2022-05-20,156.93495178222656,157.99658686998723,151.9216924780896,156.04043883730245,9068700,CRM
2022-05-23,157.5935516357422,157.99656763909135,153.25854597152116,157.12170387686177,6148800,CRM
2022-05-24,154.26119995117188,155.69637740691311,151.92168505657995,155.0869260897337,6928400,CRM
2022-05-25,156.93495178222656,159.1368632604666,152.67860189237442,152.67860189237442,7436800,CRM
2022-05-26,159.69717407226562,160.90625220652242,154.89033514902616,156.97427713641096,6697700,CRM
2022-05-27,162.29226684570312,162.42004582795198,157.524741372315,157.93759692888258,7883600,CRM
2022-05-31,157.51490783691406,164.43517653151923,156.64004408860146,164.120626363229,18114600,CRM
2022-06-01,173.07571411132812,181.28370279853775,171.40461276248735,174.98270935771333,37037400,CRM
2022-06-02,185.1959991455078,186.8965889731369,171.72898903236435,172.02389012958795,19231200,CRM
2022-06-03,181.76535034179688,186.41490587424056,180.67422684482892,181.85381616604758,9224000,CRM
2022-06-06,179.7600555419922,187.18166107687765,178.6099546974066,185.71699504439152,5811700,CRM
2022-06-07,183.96728515625,185.3926381771991,178.61981144046445,178.61981144046445,6331100,CRM
2022-06-08,185.9725799560547,187.31927652132094,182.23720090717947,183.81982135949767,6226200,CRM
2022-06-09,183.92794799804688,189.4032149940281,183.43645115822517,185.3237972232253,8467700,CRM
2022-06-10,175.4152069091797,180.82167177048376,174.18646489524696,180.50712161454888,7855800,CRM
2022-06-13,163.20645141601562,169.74335386595234,162.25294627679918,167.6495873740794,10726200,CRM
2022-06-14,161.6533203125,166.74523577256494,159.39243167190884,165.86053239183218,8576200,CRM
2022-06-15,165.68360900878906,168.58343773676359,161.87941277987318,163.89455308212501,7740700,CRM
2022-06-16,157.13156127929688,164.06165540886352,155.92246813389363,160.94556693517072,8090900,CRM
2022-06-17,160.48355102539062,163.40304360462272,155.48011653748415,155.8634834923685,13074600,CRM
2022-06-21,163.99285888671875,166.47000748416417,162.09567303650965,162.243131107375,6736800,CRM
2022-06-22,164.602294921875,167.55127607305567,161.41740487814792,161.89906219995942,5864500,CRM
2022-06-23,170.10708618164062,170.44130048577853,164.27792493925648,166.21442399454892,7258000,CRM
2022-06-24,182.75816345214844,183.23983570308485,173.54751846485294,174.6976191463542,12107100,CRM
2022-06-27,178.22659301757812,183.40697423933207,177.40088187387184,182.9449659805048,6170600,CRM
2022-06-28,168.5441131591797,179.2292503068082,168.5244490845891,177.2239346788041,6668600,CRM
2022-06-29,167.7085723876953,170.8246609257852,165.2019352042674,169.56643006495696,5430400,CRM
2022-06-30,162.23326110839844,164.6514320231737,158.3701033656643,162.24310064418574,9539400,CRM
2022-07-01,165.33953857421875,166.27337959633013,161.2601206884878,161.9580378210926,4561600,CRM
2022-07-05,169.27151489257812,169.41897294955197,161.81059618809041,163.27526222465227,4614200,CRM
2022-07-06,169.79246520996094,172.08284189394197,167.9247835359752,170.56903848441874,4085100,CRM
2022-07-07,173.6360321044922,173.9309332577217,170.2250422638981,171.20803610846596,4000100,CRM
2022-07-08,172.51539611816406,173.60651973631906,169.90062924953406,171.09005823841403,2869200,CRM
2022-07-11,171.39476013183594,173.32143413621827,168.34747405326647,171.0408818452878,3689300,CRM
2022-07-12,163.50135803222656,170.4314672152022,161.5550345380474,169.28136628685564,7073000,CRM
2022-07-13,160.70962524414062,163.0196511496628,158.42907294668262,159.6479903814576,6225900,CRM
2022-07-14,158.30130004882812,158.9599190322012,154.96895198052817,158.29147551149927,6096100,CRM
2022-07-15,164.53350830078125,164.75959267670586,159.46125665419933,160.92592282713534,6037700,CRM
2022-07-18,165.03482055664062,169.70404088241293,164.26808662940473,166.07679153471534,3818200,CRM
2022-07-19,170.85414123535156,171.13921782236915,164.95617873715565,168.0132898986923,4373400,CRM
2022-07-20,179.3472137451172,180.37936022309194,172.62353983036513,173.1052121865653,5654000,CRM
2022-07-21,182.1978759765625,182.3748076309395,176.85038821021203,177.58763343536788,3886000,CRM
2022-07-22,179.36688232421875,184.37031723440356,177.853063452035,181.92267223867964,3804700,CRM
2022-07-25,174.2749481201172,178.89503055320935,172.10254042219344,178.73774795989266,4407900,CRM
2022-07-26,167.56109619140625,174.11766172445354,166.87298866977267,174.0979976525889,3886500,CRM
2022-07-27,177.2337646484375,179.1309352634287,171.3849552145244,171.8862765948164,4960900,CRM
2022-07-28,178.2069091796875,178.78688682279167,172.93806270527455,175.3758977153275,4562100,CRM
2022-07-29,180.89051818847656,181.28370969770052,177.15513885367056,178.7279348891556,4751400,CRM
2022-08-01,179.86819458007812,182.03077785913354,176.70295346281458,178.21677225765947,3997100,CRM
2022-08-02,180.66441345214844,181.99146100510612,176.378560132083,177.73509629739138,4317900,CRM
2022-08-03,186.42477416992188,187.43725661656262,182.21756177046632,182.3748443833589,5786300,CRM
2022-08-04,188.01722717285156,188.32195284909574,184.065587921281,185.3533073914973,3759700,CRM
2022-08-05,186.93592834472656,188.5382130316323,183.11208307909044,183.81983981200003,4090300,CRM
2022-08-08,186.52305603027344,191.0644821599322,185.86445204605016,187.84026399872,3396800,CRM
2022-08-09,179.14076232910156,183.94760052074835,176.76191957365535,183.13171401796143,5851700,CRM
2022-08-10,185.40245056152344,186.34613115497297,183.0432715768409,184.96010637680723,4179200,CRM
2022-08-11,183.55441284179688,189.22629079691444,183.1513968167057,188.86258792087102,4175100,CRM
2022-08-12,186.66064453125,186.7884384924696,182.35512798428238,183.4560909593387,3846200,CRM
2022-08-15,187.81077575683594,188.84292215177769,185.6875057442633,185.8349638002799,2768500,CRM
2022-08-16,186.3657684326172,187.60435007056816,183.19070304190922,186.32645528505532,3835900,CRM
2022-08-17,184.76351928710938,186.20850635842473,183.29885314090515,184.52759537786662,3181300,CRM
2022-08-18,184.73399353027344,185.36312387950784,183.43644968321018,185.21566582917112,2791600,CRM
2022-08-19,180.64476013183594,182.28635784439007,178.49200148505795,182.0700980260374,4346100,CRM
2022-08-22,173.97021484375,177.51882257869303,173.06586247076388,176.9388599154671,5182900,CRM
2022-08-23,173.00686645507812,175.0809834653919,171.93540707515785,172.8889120277229,5076800,CRM
2022-08-24,176.9486846923828,178.1479381667132,173.06586270549676,173.66548944266194,11438800,CRM
2022-08-25,170.9524383544922,171.1785227062027,162.74443494116184,165.7130801216959,24025600,CRM
2022-08-26,162.4200439453125,173.30179134328128,161.8302567281781,171.00158969794091,11074700,CRM
2022-08-29,157.4854278564453,163.00002313371812,157.32814526403587,161.48620443054088,9329900,CRM
2022-08-30,156.95462036132812,161.0635423003366,155.68656494192862,159.3826162799933,8079400,CRM
2022-08-31,153.46498107910156,158.46843071917178,153.31753801475432,157.0725663799771,9166100,CRM
2022-09-01,150.91903686523438,152.688428704521,148.30426975824943,152.23624495697746,9924000,CRM
2022-09-02,151.07632446289062,155.97162954719067,150.3587431652245,153.79922157774655,7315700,CRM
2022-09-06,149.13980102539062,151.8037054752919,148.25511272084407,150.28007728404987,6373700,CRM
2022-09-07,150.6732635498047,151.43999738707947,147.9208783650604,148.71710081151554,6211400,CRM
2022-09-08,154.23171997070312,154.35951396344214,149.19879655525406,149.72962160255858,6659200,CRM
2022-09-09,159.82493591308594,160.51302847666324,155.77500682520844,155.90280080104884,5642300,CRM
2022-09-12,162.81326293945312,162.84275155261219,159.97241154387052,160.90625262559522,6353400,CRM
2022-09-13,155.41131591796875,158.51756472939502,155.1262393344533,155.55875897889462,5463200,CRM
2022-09-14,157.55422973632812,158.9009263115398,155.3228298276082,155.89296797605746,6037300,CRM
2022-09-15,152.1477813720703,157.1217276723665,151.68577307942192,154.1334330766893,7012200,CRM
2022-09-16,148.9333953857422,149.62150309206203,147.01656034499877,149.33642647103326,9882300,CRM
2022-09-19,150.23094177246094,150.9288589593278,147.84225907828284,148.14699975065707,4874800,CRM
2022-09-20,147.25244140625,149.00216878016099,146.31860050433215,148.4320307033721,5505700,CRM
2022-09-21,145.11935424804688,150.69292632452348,145.00138481304882,148.64829777630246,6164400,CRM
2022-09-22,147.5965118408203,150.26043161631998,146.61351804900852,146.96739641403258,12405100,CRM
2022-09-23,144.50990295410156,147.29177701196792,142.32765567194906,145.55188890807676,9175800,CRM
2022-09-26,143.83163452148438,148.61880867918268,142.87812950454966,144.5000629873437,7862400,CRM
2022-09-27,146.35794067382812,148.0486911449849,143.7726622791174,145.84677971761238,7046600,CRM
2022-09-28,147.61618041992188,148.31411263309047,143.19270822181795,143.51709798292768,7908400,CRM
2022-09-29,144.31333923339844,146.44643430252594,142.5439471255769,145.9254487095698,8602500,CRM
2022-09-30,141.393798828125,146.10234667176306,141.3053330020756,143.5268931855282,7575600,CRM
2022-10-03,145.38475036621094,146.4267362025866,141.45277588707833,142.51441079635921,6819900,CRM
2022-10-04,153.0815887451172,154.74285032484667,148.64829301995647,149.12012574697397,8017900,CRM
2022-10-05,153.57308959960938,154.29068574425492,149.35605355448286,149.6116264968476,4256200,CRM
2022-10-06,152.8162078857422,155.55875372132954,151.8135501074518,153.07178084914054,3853900,CRM
2022-10-07,147.73411560058594,150.56514223771956,146.73147283267897,149.2184456773605,5956700,CRM
2022-10-10,143.1632080078125,148.39274191575035,142.12123704101288,148.05851264395332,5497800,CRM
2022-10-11,140.1454315185547,142.50461060942624,137.14729746607156,142.0524268673735,7415000,CRM
2022-10-12,139.8701934814453,141.00064545026416,137.20628844918764,139.88985755897423,5707100,CRM
2022-10-13,142.9665985107422,143.8512867938893,135.25009237715398,136.59680387392189,6548600,CRM
2022-10-14,139.80136108398438,145.18816220104733,139.58510127642955,144.82445934256563,5736300,CRM
2022-10-17,144.67701721191406,146.46607308958252,143.45811452534804,143.58590851640858,6288200,CRM
2022-10-18,150.91903686523438,156.26652553539168,149.3167521719783,153.78937696039043,16354800,CRM
2022-10-19,151.05662536621094,153.29784958397283,148.07815594525653,149.27740934239304,6220500,CRM
2022-10-20,154.82150268554688,158.5568816232155,150.9878333806696,152.36401851593502,9203400,CRM
2022-10-21,157.4460906982422,157.70166364681123,152.18708368442492,154.8214994596977,8335500,CRM
2022-10-24,157.91793823242188,158.82230567203456,155.70620231880648,158.4389237143522,6259200,CRM
2022-10-25,162.45938110351562,163.2064509530395,158.94026168203987,158.95008621978434,5804500,CRM
2022-10-26,157.1905059814453,161.32890052741516,156.00107715749488,157.0823760883589,6617500,CRM
2022-10-27,157.0332489013672,161.85975173190644,156.6105687956913,159.0483890545769,4987700,CRM
2022-10-28,160.2476348876953,160.31643664608114,155.48010951099184,156.79731745037,5055400,CRM
2022-10-31,159.82493591308594,161.21096057640855,158.26197959025473,159.3629276919784,4878100,CRM
2022-11-01,157.10206604003906,162.8820590064647,156.92511936797925,162.19396639132998,4545900,CRM
2022-11-02,147.45887756347656,157.0529055466057,147.4097398785691,156.79731758847896,7238200,CRM
2022-11-03,143.84144592285156,147.8618858852633,143.64485021550968,146.46603686405768,5999400,CRM
2022-11-04,137.3930206298828,144.45090752743934,133.7264436768245,144.00856340421313,14265300,CRM
2022-11-07,142.1310577392578,142.46527200273246,136.41004211407906,138.22857148836903,7379900,CRM
2022-11-08,144.598388671875,148.9825324593389,142.61273706896066,142.62256160685382,9101800,CRM
2022-11-09,139.6440887451172,143.8414762279631,139.52613429571915,143.36964343107675,5588500,CRM
2022-11-10,153.6419219970703,153.71072375808885,147.183646033419,148.43205226218134,8777900,CRM
2022-11-11,155.04757690429688,157.20033529618243,152.93414665616095,153.82867443531475,7382500,CRM
2022-11-14,155.96177673339844,157.43626721430323,152.0199625815656,153.170078356049,6580100,CRM
2022-11-15,159.31381225585938,162.4397253380433,158.01625324109204,159.91342407412287,8116100,CRM
2022-11-16,152.48196411132812,158.0850396924617,151.21390895305302,157.27897773192535,6454700,CRM
2022-11-17,147.14431762695312,149.1791066241681,145.81727023798814,147.63581443778574,7357900,CRM
2022-11-18,145.5223846435547,149.7296115915209,143.17303023764052,149.25776380339946,7555700,CRM
2022-11-21,142.3866424560547,144.8342871525116,140.96128960151682,143.53674327715373,8015900,CRM
2022-11-22,146.71182250976562,146.83961650167578,140.489470046622,142.73069467798337,7017700,CRM
2022-11-23,149.65098571777344,150.30958978236848,145.0407422663127,145.10954403461298,5558900,CRM
2022-11-25,150.74208068847656,151.4203337006472,148.80558201780048,149.48385002926372,3023700,CRM
2022-11-28,151.07632446289062,152.67860920906833,149.41506248667127,149.41506248667127,7931700,CRM
2022-11-29,149.10047912597656,151.40069581290018,148.68762356660406,150.12280098667455,6398100,CRM
2022-11-30,157.52474975585938,157.52474975585938,147.57685772237744,148.1863090527039,14591500,CRM
2022-12-01,144.5000762939453,145.08003898672317,139.66374900973668,145.04072583776102,33721500,CRM
2022-12-02,142.10157775878906,142.74053271231676,140.35185003868253,141.83616523965313,15086700,CRM
2022-12-05,131.65235900878906,141.93448126994713,130.62022746668254,140.37152464972706,20294600,CRM
2022-12-06,131.00357055664062,132.26180125387398,128.68370489624917,130.45309650151265,16981800,CRM
2022-12-07,128.26100158691406,131.4753948802364,127.80883292749029,130.2466528720099,12915900,CRM
2022-12-08,127.91699981689453,129.2243834916489,124.85988071671163,126.24589820300183,15156900,CRM
2022-12-09,128.8802947998047,131.10185499300903,126.1770623305076,127.53359833305569,10287500,CRM
2022-12-12,130.8463134765625,131.80964326082588,128.72304313634055,128.87050121511194,11852400,CRM
2022-12-13,133.31358337402344,137.50114558837888,131.7604517310573,135.053486195471,12579800,CRM
2022-12-14,132.4584197998047,134.93556847378562,130.96426496478333,132.71399279818775,9611800,CRM
2022-12-15,128.22171020507812,131.83912009161037,127.47462533772868,129.43078834658493,10807300,CRM
2022-12-16,126.08860778808594,127.67122826626098,124.73207166413769,126.72754770192878,15464700,CRM
2022-12-19,126.81599426269531,127.37630779370619,125.03677831215161,125.59708434351677,9441400,CRM
2022-12-20,126.26554107666016,127.77935981396688,125.0269743819224,125.33170003702736,8455500,CRM
2022-12-21,128.08407592773438,129.9124447214578,124.4469949134942,125.78386688094028,9313200,CRM
2022-12-22,126.99295806884766,127.33699686309568,124.19142003370541,126.48179714679253,9968600,CRM
2022-12-23,127.23871612548828,127.65157170941681,125.42017164931522,126.54078394834828,5821300,CRM
2022-12-27,128.43795776367188,129.5094172744996,125.47914468846727,126.37366503699863,8300800,CRM
2022-12-28,126.28520965576172,128.9098011973038,125.99030852764919,127.50412731895611,6249800,CRM
2022-12-29,130.28598022460938,130.68901124708935,127.29768593440977,127.49428167730687,7628800,CRM
2022-12-30,130.33514404296875,130.38429673271492,128.14307207380355,128.3888205232394,5630200,CRM
2023-01-03,132.48789978027344,134.6209944718781,130.76766067420888,132.8909308278107,8196400,CRM
2023-01-04,137.21607971191406,139.4376549557378,135.27958102558813,138.81836415778088,14322600,CRM
2023-01-05,134.02137756347656,136.23311372027163,131.9570994833786,135.29927256503953,8493500,CRM
2023-01-06,138.12045288085938,139.24106520836528,133.2448120521406,135.2402882581441,9145700,CRM
2023-01-09,144.598388671875,146.66266657652352,140.1650771970619,140.1650771970619,13679700,CRM
2023-01-10,144.93260192871094,146.74130684171965,143.12389701570223,143.33031730506275,6527700,CRM
2023-01-11,142.435791015625,144.53939707964793,141.11858296603845,142.80933344732355,13595000,CRM
2023-01-12,147.05587768554688,147.2721375203226,141.49212920776293,145.3257990073413,11678000,CRM
2023-01-13,146.96737670898438,147.4097358554251,143.60554019165082,143.71367009422409,8378100,CRM
2023-01-17,145.945068359375,147.93071973141414,143.61537820954368,147.05585598322193,9407600,CRM
2023-01-18,142.9763946533203,146.9968342738517,142.81911210110502,146.32840592587132,7812600,CRM
2023-01-19,143.92010498046875,144.18550246847718,140.72537559390312,141.07925391054056,7070100,CRM
2023-01-20,148.6778106689453,148.95304773007481,141.84600683145442,141.84600683145442,10127100,CRM
2023-01-23,153.21923828125,155.18522587451392,150.6241352581134,154.67407989975771,19922900,CRM
2023-01-24,152.2263946533203,157.48541659120994,151.87251634535943,153.24870143226704,6390200,CRM
2023-01-25,153.5141143798828,153.74019871642818,147.27211378900105,148.6384743434759,9390500,CRM
2023-01-26,162.2824249267578,162.3610662219915,155.41130862285382,155.4997744552567,13354600,CRM
2023-01-27,161.72213745117188,164.3958816759375,160.81778499269151,162.24312294356497,9872300,CRM
2023-01-30,161.94821166992188,163.60947341865355,160.62116417852377,161.27978315525468,8169800,CRM
2023-01-31,165.11346435546875,165.15277750648593,161.48621495287944,161.48621495287944,6421300,CRM
2023-02-01,168.8979949951172,170.13656173262106,164.1599578735952,164.87753911838993,8853900,CRM
2023-02-02,171.6700439453125,175.798615081334,169.9596292607012,172.7218545557821,10667100,CRM
2023-02-03,168.1312713623047,172.10257514875872,166.97134575095708,167.12862837600997,6481700,CRM
2023-02-06,166.17510986328125,168.25905198187672,164.50402335312666,165.14296334253135,4310600,CRM
2023-02-07,168.36715698242188,168.80950114032865,163.7765782784157,164.72025881467104,6179200,CRM
2023-02-08,166.7451934814453,169.51722737303814,166.35198707886047,167.10889627945704,7694500,CRM
2023-02-09,170.7067108154297,172.3974613900758,169.08476200872508,170.38232105408878,11512300,CRM
2023-02-10,164.1894073486328,166.85332640217123,162.51832135530066,164.8086980694117,11273700,CRM
2023-02-13,168.1705780029297,168.24921930539497,164.11080888401548,165.41819241382336,8820300,CRM
2023-02-14,167.06961059570312,169.85146947980795,164.99549335398282,165.35919621176686,8393100,CRM
2023-02-15,168.1902618408203,168.6915833287355,165.37889869435193,165.97852557172342,4997000,CRM
2023-02-16,165.25106811523438,167.47262843189174,165.103625062978,166.11610735325357,7483500,CRM
2023-02-17,162.36106872558594,164.26807891635184,159.972401218115,162.22345020662829,8084500,CRM
2023-02-21,158.87144470214844,161.71229603300552,158.70433756495618,160.9554016467748,5210800,CRM
2023-02-22,160.5818634033203,162.19397259153104,159.3531211867178,160.33611495999983,4343700,CRM
2023-02-23,161.32894897460938,162.65599669742932,158.82232660818786,162.4790500013818,4679400,CRM
2023-02-24,159.4415740966797,159.62834529834433,156.94477671470906,157.85895365006536,6569900,CRM
2023-02-27,160.36558532714844,161.96786979506737,159.46123295853994,161.053677890297,6891200,CRM
2023-02-28,160.82762145996094,161.65333267904322,158.78299248940323,159.76598632144277,6912600,CRM
2023-03-01,164.50401306152344,165.12328893579422,160.20832009618246,160.2181596334102,15841200,CRM
2023-03-02,183.41676330566406,190.6122833074473,182.05040286807403,189.83571000160413,37712500,CRM
2023-03-03,183.25953674316406,186.54274761035964,181.15593049854195,184.871661060775,12087200,CRM
2023-03-06,180.6742706298828,185.7858355934411,180.5071634771481,181.92267700536638,10770300,CRM
2023-03-07,180.20242309570312,182.994121771373,179.91734650599432,181.32303538096747,9024300,CRM
2023-03-08,179.8386993408203,181.75553410846263,178.7082625545757,180.18275314496117,6749100,CRM
2023-03-09,175.68064880371094,180.71357213582613,175.50370212444096,179.98616634131255,7102400,CRM
2023-03-10,170.23486328125,176.30977291465214,168.78987615897722,175.46439762583876,14109000,CRM
2023-03-13,172.5252227783203,174.08819419603404,167.1089327689091,168.09192649107916,9154800,CRM
2023-03-14,179.7797393798828,182.15858262754375,176.06402393526494,176.9388878362613,10138100,CRM
2023-03-15,179.79940795898438,180.73324911275924,175.17933988297003,176.1131810367449,7716900,CRM
2023-03-16,184.1147003173828,184.4587390704033,179.86816085711575,180.1827260020059,8369500,CRM
2023-03-17,181.70640563964844,184.46861575254573,181.04778660981873,182.8761556346229,10493300,CRM
2023-03-20,182.0995635986328,182.36497606926656,179.5437742501633,181.07725685882016,5513200,CRM
2023-03-21,185.4712677001953,186.06106999490984,181.74572770315825,182.7090574518496,6982000,CRM
2023-03-22,183.33816528320312,188.18433243872587,183.2398749043644,186.76881898965394,6575600,CRM
2023-03-23,184.25234985351562,187.3192855363243,182.4239808889272,184.21302170413418,8685000,CRM
2023-03-24,186.82777404785156,187.08336200095277,182.92528798787697,183.3283189913881,6102700,CRM
2023-03-27,188.00738525390625,188.84293596791676,185.6973588669094,185.7071834049785,7776500,CRM
2023-03-28,189.02969360351562,189.55067907034248,187.92873044780197,187.92873044780197,4899000,CRM
2023-03-29,193.29588317871094,194.0724416125101,189.59983221653718,189.85540518224332,8085200,CRM
2023-03-30,193.25657653808594,194.79986892027003,192.16545287963203,194.4066774214356,6932500,CRM
2023-03-31,196.38247680664062,196.59873661686262,193.63993103052442,194.13142787206658,6634300,CRM
2023-04-03,193.1484375,195.5469295284352,192.20475694837313,194.84901240108562,5340800,CRM
2023-04-04,193.84634399414062,195.32083446316193,193.2762058795373,194.78018495799557,4659100,CRM
2023-04-05,191.98849487304688,194.9178118645475,190.4353630455282,194.63275029461315,3953700,CRM
2023-04-06,189.27545166015625,190.76960637651882,186.37562306537544,190.70078961359485,6304700,CRM
2023-04-10,188.23345947265625,189.2754303419599,186.06103690607029,187.34875618791887,5263800,CRM
2023-04-11,185.6776885986328,187.22099598380842,184.12455667571578,185.8447957360025,4907700,CRM
2023-04-12,187.08335876464844,188.62665099631627,186.3067853811419,187.06369469183628,5033400,CRM
2023-04-13,190.7204132080078,191.07429148679068,187.21111902680335,187.21111902680335,4716400,CRM
2023-04-14,191.3397216796875,191.85088261410723,187.93857180664503,188.58735126195157,5073800,CRM
2023-04-17,193.72840881347656,194.16092846060317,191.713268638979,191.84106262543756,5413500,CRM
2023-04-18,195.124267578125,196.71671272029803,193.708754118729,195.69440577700922,4679000,CRM
2023-04-19,195.537109375,195.68456743287229,192.4013570020184,192.96167062320416,3665100,CRM
2023-04-20,194.15109252929688,196.67739369725166,193.47283943293672,193.8267027879275,3620000,CRM
2023-04-21,195.64524841308594,195.73371425236078,193.1287867673048,193.67926087740761,4860100,CRM
2023-04-24,191.60511779785156,195.38964929752447,190.759742670617,195.07508413423136,4449700,CRM
2023-04-25,187.42742919921875,190.81875486641277,187.38811604624718,190.67131179365032,5010000,CRM
2023-04-26,188.262939453125,191.0644622281528,187.32909852811574,189.34422341918602,4007600,CRM
2023-04-27,192.60780334472656,194.1510957772225,189.98321175624383,190.86790015710957,4794400,CRM
2023-04-28,194.9964599609375,195.27169700333405,191.9491884203202,192.81421269672632,4094600,CRM
2023-05-01,194.4263153076172,195.66489695632418,193.76771133536042,194.39682669686638,2882900,CRM
2023-05-02,190.5435028076172,195.03579139544405,189.64897490511026,194.65242443712594,6051000,CRM
2023-05-03,189.33441162109375,192.46032429603548,189.2852589376722,190.90720749482477,3779900,CRM
2023-05-04,189.10833740234375,191.2512565207698,187.51587737011695,188.63648961538343,4386500,CRM
2023-05-05,194.22972106933594,194.74088199178587,189.96353202245257,190.65162461077352,4284400,CRM
2023-05-08,194.53445434570312,197.09024405890278,192.74541354589863,195.34051640884707,4169400,CRM
2023-05-09,197.75868225097656,200.33413616438844,193.43351560141122,193.43351560141122,6996800,CRM
2023-05-10,201.36624145507812,202.77191507895319,199.58701047063911,201.45470727770837,6535600,CRM
2023-05-11,200.00975036621094,200.33414012122964,195.17342265367716,199.4592762362259,5366300,CRM
2023-05-12,198.37796020507812,200.49140570235363,196.7265379553742,199.97040523147746,4733600,CRM
2023-05-15,199.87210083007812,201.90688988773422,199.03655022712667,200.28495636352585,4518200,CRM
2023-05-16,201.08119201660156,202.17231564063619,198.31898207629337,198.49591374539932,4423200,CRM
2023-05-17,205.81924438476562,205.92737430155063,201.31713103026402,202.9882174720637,5772200,CRM
2023-05-18,209.69223022460938,210.24270431494344,205.770079832038,205.9371869666541,5165500,CRM
2023-05-19,206.78256225585938,209.61358900642713,206.35986715107325,209.3383519611546,6091600,CRM
2023-05-22,206.6842498779297,209.20072634830953,205.48499636447548,205.61279034519725,3890800,CRM
2023-05-23,203.12582397460938,206.07480516762013,202.95871684025403,204.2071230784309,4256800,CRM
2023-05-24,205.504638671875,206.63509030625607,201.92654258428706,202.53599381371336,4894000,CRM
2023-05-25,206.34024047851562,208.71908377052725,204.8952383343022,208.41435808012636,6496700,CRM
2023-05-26,211.77615356445312,212.474070653741,208.93530252654145,209.18105093812306,6933300,CRM
2023-05-30,215.1478271484375,218.36222075962846,212.06122751851305,215.5410336295291,10421000,CRM
2023-05-31,219.58111572265625,221.17356055890693,213.36858895529699,215.81624842522737,19624000,CRM
2023-06-01,209.2793731689453,211.69754450679812,202.55569920412765,204.6789694033211,20907400,CRM
2023-06-02,209.4071502685547,212.46426132746194,206.85136060541845,209.27935628560974,11026900,CRM
2023-06-05,206.2910614013672,208.7092325372779,203.53867600255722,206.89068816682476,7804400,CRM
2023-06-06,209.23023986816406,209.7708744678711,204.82641677019535,205.00336345682126,6796000,CRM
2023-06-07,202.2312774658203,212.97540575641273,201.29743650717816,211.22567827621805,9323900,CRM
2023-06-08,205.9666748046875,206.80222547392228,201.36627135335985,201.88725682970352,5548600,CRM
2023-06-09,211.6483612060547,214.94139594609925,207.10693532513798,207.10693532513798,7676700,CRM
2023-06-12,210.055908203125,216.64196243047277,208.5322650984651,212.47406409888364,11568300,CRM
2023-06-13,205.426025390625,212.55272992948326,204.3840544372445,211.83514870675225,11698900,CRM
2023-06-14,205.8389129638672,208.10964143149903,201.53340995870622,204.16782636373554,8963400,CRM
2023-06-15,208.3160400390625,209.70206486856932,203.84341534060337,204.41355353286778,7905400,CRM
2023-06-16,208.15872192382812,210.01657925095105,207.01846073311572,209.90844935363523,13672700,CRM
2023-06-20,213.2801513671875,213.35879266571263,205.06232316248622,205.1016363121018,9522900,CRM
2023-06-21,206.02566528320312,214.09605091590834,204.5315255187267,212.8378200619835,7971600,CRM
2023-06-22,209.6627197265625,210.32133870510808,205.5341491853726,206.0649741831118,5689800,CRM
2023-06-23,206.5171356201172,207.41166345570434,204.53149921496112,206.9201666228709,14037600,CRM
2023-06-26,203.83358764648438,208.14892967351005,203.82376310858348,205.4653608957036,4771500,CRM
2023-06-27,205.26873779296875,206.90049582548085,203.9908430692749,204.6002943224074,4014800,CRM
2023-06-28,208.561767578125,208.59125618862288,204.0694942538585,204.86571673588804,4775900,CRM
2023-06-29,206.85137939453125,209.03362684376967,206.15346219188459,208.2963814892782,3838300,CRM
2023-06-30,207.66726684570312,210.21323221239132,207.37238070221758,208.25706913126456,5984200,CRM
2023-07-03,208.0506134033203,208.35535405382527,206.35003847925177,206.98899339242107,2400000,CRM
2023-07-05,210.18373107910156,210.9701140806181,206.51715358767106,206.91036008772363,5069300,CRM
2023-07-06,206.56629943847656,208.88616521447733,204.29558634826736,207.6082703803653,4250900,CRM
2023-07-07,206.02566528320312,208.50281383905917,205.72093960754407,206.20261196541173,3022200,CRM
2023-07-10,209.19090270996094,209.2498799365321,204.77727026288005,205.44569882974602,3820100,CRM
2023-07-11,217.4087371826172,218.5686776675126,213.54557874407584,218.2836010655972,10028100,CRM
2023-07-12,223.414794921875,224.211017376171,217.84122274251035,218.12628430049193,8923500,CRM
2023-07-13,226.45225524902344,227.03223293502037,223.72937348292396,224.3781379294139,5800300,CRM
2023-07-14,225.42994689941406,228.2511340171196,224.27000653440663,225.7936497684441,4278700,CRM
2023-07-17,224.12255859375,226.36378297974406,223.93578739503496,225.34147615426858,3557900,CRM
2023-07-18,223.75888061523438,225.71502865252072,221.6356104347183,223.18874241865348,5092700,CRM
2023-07-19,230.3842315673828,234.16876335970838,227.29763191052618,230.00086461953194,8516300,CRM
2023-07-20,224.2798309326172,229.5290133336508,223.4541198806261,227.16983461387844,5303000,CRM
2023-07-21,224.18154907226562,226.88478184674787,223.42463969560825,226.08855932033288,3529700,CRM
2023-07-24,221.82235717773438,223.7195277783278,219.73840037897207,223.39513806437952,5363200,CRM
2023-07-25,222.18606567382812,223.65073169226125,221.36035456245224,222.038622617973,3203700,CRM
2023-07-26,221.7436981201172,223.64086856873254,219.32552726407755,220.64275008773075,4856700,CRM
2023-07-27,221.32102966308594,226.22617371687298,220.2004174242587,224.1618809088415,4299600,CRM
2023-07-28,221.7633819580078,223.4442927644704,220.1709219843198,222.15657343339385,4238700,CRM
2023-07-31,221.18344116210938,221.54715908674447,217.9788866054466,218.5686889161605,5571900,CRM
2023-08-01,220.4560089111328,220.9868189277725,217.86090605349585,220.0824664924605,4212600,CRM
2023-08-02,216.75015258789062,219.06019422743478,215.07906597596119,218.20497934423312,5127000,CRM
2023-08-03,211.89413452148438,214.49907700984215,210.95046890251209,212.52324993389746,5515200,CRM
2023-08-04,210.9406280517578,213.55539506178107,209.44648833113982,212.72968390049832,4800400,CRM
2023-08-07,212.38560485839844,213.20149138489126,210.72434319596184,211.64835962353908,3615200,CRM
2023-08-08,207.98182678222656,210.54744116045637,207.54930711703918,209.91832573817334,4843800,CRM
2023-08-09,202.3590850830078,208.06045158234002,201.42524406140106,208.05061204572402,7847500,CRM
2023-08-10,204.70846557617188,206.7629190858449,202.9292491395988,204.63964880824912,4004700,CRM
2023-08-11,205.1507568359375,205.93715469860675,202.0051803845522,202.62447113878912,2930800,CRM
2023-08-14,208.45367431640625,208.49300247017894,203.59768227689574,204.36441628320836,3304700,CRM
2023-08-15,205.22943115234375,208.758375067336,204.3054146399404,206.75307444411771,4076400,CRM
2023-08-16,203.4698944091797,206.12397469994082,203.43056625712074,204.46271275888762,2759600,CRM
2023-08-17,200.37342834472656,203.41087521933045,199.9310841881142,203.05701189347513,4062700,CRM
2023-08-18,201.34657287597656,202.0051767618545,196.79530788930606,197.55221713098905,4267200,CRM
2023-08-21,205.47515869140625,205.85852560976983,200.7469616984911,202.49668917197545,4023300,CRM
2023-08-22,203.24378967285156,206.53682485371286,202.4967197956816,206.28125186925087,3153200,CRM
2023-08-23,205.57347106933594,207.4018398960632,203.61730826569607,204.46268342212466,3833200,CRM
2023-08-24,202.01502990722656,208.38483988334767,201.9462281478524,207.42149525776108,3960300,CRM
2023-08-25,205.90769958496094,207.20524352003093,201.98554916895392,202.01503778116273,3068800,CRM
2023-08-28,208.11941528320312,209.8494786950322,206.0747867059728,206.87100915686736,4086900,CRM
2023-08-29,208.3553466796875,208.84684351890246,203.00785866914202,203.2339430153788,5850400,CRM
2023-08-30,211.38296508789062,211.92361463921972,205.86836966292202,208.16858639045898,9946000,CRM
2023-08-31,217.6938018798828,224.89913284831667,217.43821390603284,224.12257438762794,19268400,CRM
2023-09-01,217.76258850097656,220.1610954775359,216.76977028496836,219.69908724847932,5600900,CRM
2023-09-05,214.97088623046875,216.5731706984662,213.90925127614767,215.6000015738487,5807300,CRM
2023-09-06,217.85105895996094,218.4310366423328,215.29528433993903,215.73762850501075,5066700,CRM
2023-09-07,218.74559020996094,218.94218595311204,215.58034924755893,216.03253295617083,4201900,CRM
2023-09-08,220.93765258789062,221.63558469554908,219.06997060853462,219.52215429789393,4578900,CRM
2023-09-11,221.47833251953125,222.97248730775658,219.00118392313308,222.1664251853932,4418000,CRM
2023-09-12,217.89039611816406,220.96715632639638,217.4971896223892,219.6499483139624,4002300,CRM
2023-09-13,215.07904052734375,218.08699907276787,214.587543640855,217.41855550750995,4173600,CRM
2023-09-14,215.0593719482422,216.81893916462755,214.6268522973029,215.68848734980088,4297200,CRM
2023-09-15,210.96026611328125,215.4623787936351,209.82982942467854,215.14781362852915,9939000,CRM
2023-09-18,211.3436279296875,212.70016392268414,210.53756596303958,210.9111083377586,4279400,CRM
2023-09-19,212.03173828125,212.3856166135407,208.6502375503152,210.7440189329763,4001500,CRM
2023-09-20,209.4071502685547,213.4865681931402,209.29902035974598,211.54024483387738,2990900,CRM
2023-09-21,205.06231689453125,208.28653503903988,204.5315068948289,206.23208180048468,4957300,CRM
2023-09-22,202.9193572998047,206.15341457410278,202.37872283082402,205.75038360690962,3848300,CRM
2023-09-25,202.83091735839844,203.01768856211436,200.40292170867872,201.5137093943827,4067300,CRM
2023-09-26,199.04641723632812,202.92923969330405,197.85698815492444,201.9757345204162,5404500,CRM
2023-09-27,199.28231811523438,200.46190761169103,197.52276590791988,199.53790608898439,4123800,CRM
2023-09-28,199.7443389892578,201.6611739169518,196.1564175861202,197.3458316954068,4344000,CRM
2023-09-29,199.3314666748047,204.2562598451964,198.6630381403952,201.5923552457845,4405100,CRM
2023-10-02,200.24563598632812,201.6218210481266,197.10988395341707,197.38512096577676,3745700,CRM
2023-10-03,196.431640625,200.10804260787063,194.0626221146532,199.30198054239065,4622400,CRM
2023-10-04,198.43692016601562,199.29213482741713,196.11705458898314,197.46376606755854,3656400,CRM
2023-10-05,198.57455444335938,198.71217296312443,195.11442737518226,198.56472990598104,3592600,CRM
2023-10-06,203.83358764648438,204.7281155721847,196.49062302429232,197.07058574562987,4989200,CRM
2023-10-09,203.69595336914062,204.73792427925923,201.20898053671237,201.4055762745906,2781100,CRM
2023-10-10,203.36175537109375,205.6619571866579,202.75228903587055,204.10882523446742,4503500,CRM
2023-10-11,203.33226013183594,205.64228641004763,200.9337530179901,203.705787551703,3971000,CRM
2023-10-12,202.18212890625,205.03281952147697,199.8131255837404,204.29557427604993,3548500,CRM
2023-10-13,201.11068725585938,203.61732431252457,199.75416608346075,201.6218482045007,3677500,CRM
2023-10-16,204.9836883544922,205.92736896738015,201.55303471926456,202.3394327301221,3623200,CRM
2023-10-17,206.2714080810547,208.3357009876056,202.49671562267625,202.97838796735,4006100,CRM
2023-10-18,201.34657287597656,206.06494496808253,200.71745759698186,205.32769979741883,3380800,CRM
2023-10-19,204.7772674560547,207.36253084752101,202.03470646373026,202.93905892377978,4995900,CRM
2023-10-20,200.26528930664062,204.5708062330437,198.68266895235993,203.8335610058811,5539100,CRM
2023-10-23,198.56472778320312,200.1080350948424,194.4853099200478,196.5004350095019,4564100,CRM
2023-10-24,200.74697875976562,201.1598343223767,197.51292102037158,200.26530643707247,3959600,CRM
2023-10-25,193.708740234375,200.2751460894065,192.106455669586,199.74432108053318,4490000,CRM
2023-10-26,192.9125213623047,196.2645336135771,190.38622025231933,194.06262223751753,5149100,CRM
2023-10-27,193.22705078125,194.93744997161028,192.0867746548156,193.9446318783633,3168600,CRM
2023-10-30,195.8811492919922,197.16886857660762,193.72839079358624,195.6157368060714,3438300,CRM
2023-10-31,197.41464233398438,198.47627741466852,195.28154763457727,197.0116112849729,3425400,CRM
2023-11-01,200.4422607421875,201.01239892159657,197.08042389060532,197.50310400677557,3593600,CRM
2023-11-02,204.57083129882812,204.71827436260963,202.4475611846083,202.80143953697828,4963600,CRM
2023-11-03,203.9416961669922,206.6056005902575,203.6762836785648,205.82904219730182,3861900,CRM
2023-11-06,203.89256286621094,204.9345338466444,201.20899411481037,204.6691363322811,3729700,CRM
2023-11-07,208.2373809814453,209.71187152559142,205.4063693362043,205.9371793324078,5467100,CRM
2023-11-08,207.87367248535156,208.9058188381665,206.08461680723323,208.80751347150107,3433500,CRM
2023-11-09,206.43849182128906,209.94778636478605,205.51449038618347,209.93796182799412,4731400,CRM
2023-11-10,209.9969482421875,210.62606360815286,205.2884000350226,205.8388741053306,4112600,CRM
2023-11-13,211.61886596679688,212.46424108257773,208.15872421391566,208.9549616479787,3306600,CRM
2023-11-14,217.41854858398438,217.4873653455628,214.24348299817694,215.27562942679438,4743800,CRM
2023-11-15,215.68846130371094,217.6052958895423,213.95839790816692,216.9958446364299,4800700,CRM
2023-11-16,217.6839599609375,218.98151889285538,215.2166510819225,216.25862204278704,3712300,CRM
2023-11-17,217.45787048339844,219.00116281383995,216.63215936395355,217.40871779786855,3634900,CRM
2023-11-20,221.30140686035156,222.2549120801893,216.8680950652123,217.6643176716283,4599300,CRM
2023-11-21,220.5051727294922,222.12710647266042,219.73842377895843,220.19060751908913,3852300,CRM
2023-11-22,220.03329467773438,221.85183892715435,219.41401887870595,220.48547835572768,3893600,CRM
2023-11-24,220.56414794921875,220.67227786439884,218.34257241902688,220.54448387392384,1869100,CRM
2023-11-27,220.9671630859375,222.37285197748068,220.43635304952124,221.6650952627293,4885500,CRM
2023-11-28,221.09495544433594,221.69458223992834,218.45069982113813,219.80723601428366,5535300,CRM
2023-11-29,226.4326171875,227.56305400465203,223.39515508879495,224.7222026561424,12327400,CRM
2023-11-30,247.61610412597656,248.20590633877615,239.50640619609575,244.81458111341195,24425700,CRM
2023-12-01,255.578369140625,258.95003042616526,245.4535307478876,245.74843186598557,14538200,CRM
2023-12-04,246.39720153808594,250.78134498881528,245.60097905035624,248.5008074313236,11429200,CRM
2023-12-05,246.75106811523438,247.39000798255992,244.41153844844325,245.73858586432567,5771500,CRM
2023-12-06,244.8932342529297,249.66074487302092,244.6179972067893,247.24258868203128,5374800,CRM
2023-12-07,244.6179962158203,246.46601423252008,242.6913219013487,244.51969084289954,6568200,CRM
2023-12-08,246.54466247558594,247.80289328808448,243.78245241065872,244.3231019783638,4605800,CRM
2023-12-11,247.81272888183594,249.2085781985117,245.46337443346079,245.74843601955402,4766000,CRM
2023-12-12,252.08877563476562,252.21653963178736,246.7511114243704,247.5178453994533,5827600,CRM
2023-12-13,252.9439239501953,254.71330045593396,250.8206541441583,253.13069513673915,6567600,CRM
2023-12-14,252.83578491210938,254.36925258557224,248.91364990097375,252.13786782961174,6613200,CRM
2023-12-15,257.1511535644531,257.84907068002843,250.18171695002857,250.67321379170428,13739500,CRM
2023-12-18,259.1073303222656,261.07331790845706,255.26382099143063,255.40145452178717,7498500,CRM
2023-12-19,259.84454345703125,262.0464396810721,259.2547412545671,260.9553311053117,4665500,CRM
2023-12-20,255.82411193847656,260.4147057440132,255.65698980910955,257.21013666350683,4510500,CRM
2023-12-21,262.70501708984375,263.7961254930307,259.7461970078265,260.24753330041585,5160700,CRM
2023-12-22,261.8105163574219,263.58973240434227,260.78819459611685,262.71488368445796,3110600,CRM
2023-12-26,261.692626953125,261.9973526502382,260.11983077533927,261.0143587889461,3218800,CRM
2023-12-27,262.18408203125,262.4691586051236,260.88652314181206,261.41734814177977,3387000,CRM
2023-12-28,261.0634460449219,262.3806839633229,260.78820901687976,261.96781342196664,2958700,CRM
2023-12-29,258.66497802734375,261.13227182875414,258.1832907126788,260.5031714565901,3706600,CRM
2024-01-02,251.77418518066406,256.12884014118475,249.45431941183702,256.10919106636396,4741400,CRM
2024-01-03,247.55715942382812,249.8377122803152,247.4883576562299,249.18893276087024,5097100,CRM
2024-01-04,246.96734619140625,248.34353139176966,245.5911459917491,247.54730888303843,4489800,CRM
2024-01-05,246.84938049316406,249.59194139741706,245.91553945022144,246.93786132826128,3676000,CRM
2024-01-08,256.43359375,257.11186188760854,247.1148165098063,247.92087864415132,6626000,CRM
2024-01-09,256.8955383300781,259.44148809979913,254.3790771677831,255.08683374459002,4571800,CRM
2024-01-10,259.6380615234375,261.9284230341151,258.28152577951363,258.79267156767634,5128300,CRM
2024-01-11,266.7648010253906,268.3179176735948,260.59160257798754,263.44227794408374,9012600,CRM
2024-01-12,267.30548095703125,270.5591878418816,266.4502812016025,266.61740333705546,4847600,CRM
2024-01-16,264.6120910644531,266.95162099897107,263.16708904599136,265.1134274785894,5858700,CRM
2024-01-17,266.82379150390625,267.27596017101285,259.6381105175921,263.7273675902808,4706500,CRM
2024-01-18,269.79241943359375,271.00151238070066,267.51189704351765,268.3572571539127,4752400,CRM
2024-01-19,276.103271484375,277.2042196135628,270.84424926149256,271.8075938738252,7413600,CRM
2024-01-22,275.5331115722656,280.86095042187037,275.4053475949653,278.9637798530922,6735900,CRM
2024-01-23,272.06317138671875,276.91916294728037,271.021200403951,276.0541236411512,6573800,CRM
2024-01-24,272.17132568359375,276.18192715196193,271.9845544633948,275.21861243576706,7037800,CRM
2024-01-25,274.28472900390625,275.09079103196245,272.15161949035985,273.8718584533987,4178000,CRM
2024-01-26,275.17926025390625,278.52143285211577,273.9505181223155,274.5304808085959,4877400,CRM
2024-01-29,282.9645690917969,283.24964568153734,276.2212463037747,276.6144378076922,5762300,CRM
2024-01-30,282.8367614746094,284.3702291023638,281.6473176105994,282.7384561141463,4810900,CRM
2024-01-31,276.3096923828125,280.77249212953404,276.04429488632974,279.21934530203356,4557300,CRM
2024-02-01,278.9736328125,280.20237508175626,276.5751255030246,277.21409548191025,3218300,CRM
2024-02-02,280.8019714355469,283.2594555760961,278.34448729499763,280.3498027532898,3629600,CRM
2024-02-05,283.2102966308594,284.1343130960976,276.57508924668764,281.3819427732092,5274800,CRM
2024-02-06,280.9690856933594,283.7313256836519,277.1157670566119,283.0432180706529,4207200,CRM
2024-02-07,283.92791748046875,284.8715831019034,280.3498357499599,282.4632663598621,3621400,CRM
2024-02-08,286.98504638671875,288.12529277401666,284.0655536569576,284.38008886797627,4488400,CRM
2024-02-09,286.3460388183594,290.21903620699356,286.1002904053678,288.26288843912795,4376300,CRM
2024-02-12,282.4338073730469,286.0512176334921,282.11924213337534,285.874285935649,3750000,CRM
2024-02-13,276.3686828613281,278.6099073793401,271.7191416894029,275.6412770962768,4956600,CRM
2024-02-14,284.2326354980469,284.5373611592502,279.7993541050935,280.15321745413416,3850700,CRM
2024-02-15,286.9751892089844,287.03416643233686,283.1120310864568,286.38538697687164,3986500,CRM
2024-02-16,284.79296875,287.103010210655,282.9842637336079,287.0341934440717,4159400,CRM
2024-02-20,281.5196228027344,285.9037669694865,279.3176961820236,284.57671927367335,4295500,CRM
2024-02-21,278.7278747558594,278.74755383058744,273.6261346297864,275.30707559520204,3797200,CRM
2024-02-22,288.6560363769531,289.6193808101189,286.44430099351194,287.0341030954791,5264300,CRM
2024-02-23,287.820556640625,292.9321361159084,286.12980619867017,292.9321361159084,4416800,CRM
2024-02-26,295.2815246582031,298.66299576215505,289.9831736288476,290.56313637627443,8719300,CRM
2024-02-27,294.4066467285156,296.61838280577496,291.5559706730995,296.4512606583355,6178800,CRM
2024-02-28,294.6720275878906,295.76316625687684,291.56576371750543,294.48525637426764,12490800,CRM
2024-02-29,303.5681457519531,305.25889625022563,289.7767442451787,294.8981334294654,21737800,CRM
2024-03-01,311.4910583496094,313.2899236783681,301.40553306771676,301.77907548535546,9450200,CRM
2024-03-04,309.2890930175781,312.2478830896875,308.20779415465285,309.220276272078,9350000,CRM
2024-03-05,293.6694030761719,307.23470576276463,291.1038036109638,306.0158030282067,9015300,CRM
2024-03-06,298.6039733886719,300.6879451473118,297.59149111851025,299.4690126095062,8270000,CRM
2024-03-07,297.2769775390625,301.55297627307226,296.61835853944706,300.79608189915757,6788900,CRM
2024-03-08,300.08831787109375,303.6172616817226,297.0607104509137,297.0607104509137,4851600,CRM
2024-03-11,300.79608154296875,302.378687049804,295.1438675924064,297.4932370077015,4895500,CRM
2024-03-12,301.405517578125,303.78437548481014,298.70228495618505,301.4939834095581,4832000,CRM
2024-03-13,299.8897705078125,302.8918359967921,298.3444470619879,300.2047466313773,5548800,CRM
2024-03-14,298.5511474609375,304.62412462420303,297.25189356476733,300.2047269445498,4828800,CRM
2024-03-15,289.7024230957031,295.3324923694678,289.1512300231194,294.25963335183985,11885100,CRM
2024-03-18,295.7853088378906,296.2380681809461,291.36588142566967,294.90928724425504,5240500,CRM
2024-03-19,296.7105712890625,297.0255173738296,291.95649243011314,293.4919634802918,3329900,CRM
2024-03-20,301.2677001953125,302.1929236209662,295.962459100074,297.2223333336366,4946600,CRM
2024-03-21,303.5414123535156,306.89777285552003,301.53347744795536,303.09847537627815,6083900,CRM
2024-03-22,302.9311218261719,305.3524664747584,301.828735663126,304.45677020784115,3779000,CRM
2024-03-25,301.2480773925781,302.8721298430466,297.78343016239364,298.92519607681015,4141200,CRM
2024-03-26,301.0216369628906,303.1378580564633,300.0964435559876,302.6457192045202,3893900,CRM
2024-03-27,296.64166259765625,304.43712633164654,293.93489851600873,302.6063839527375,3859900,CRM
2024-03-28,296.4447937011719,298.0393190016241,294.919175058832,295.2833530548889,4892300,CRM
2024-04-01,297.5078430175781,298.73819037335414,295.2735129953114,296.94679741427774,2918100,CRM
2024-04-02,299.22039794921875,299.6731572460665,290.2536432051198,292.82259338780455,4746100,CRM
2024-04-03,299.94879150390625,302.330756872199,298.3345916158032,299.21058319243747,3047400,CRM
2024-04-04,289.5155029296875,306.405684502354,287.5075676932328,303.4135014478534,8351000,CRM
2024-04-05,297.1633605957031,298.6496299178275,288.6887117949974,288.9249589295671,4918200,CRM
2024-04-08,296.98614501953125,298.7283058744591,294.8108695011229,296.36604521282544,3142900,CRM
2024-04-09,297.6160888671875,300.7953171380894,294.5451467794906,298.5511648403281,2997700,CRM
2024-04-10,294.9093017578125,296.18888088632093,293.46241222892394,293.75771358370616,3036400,CRM
2024-04-11,294.4466857910156,296.3561870477538,291.7497743416688,294.7616618831685,3468600,CRM
2024-04-12,289.6926574707031,293.1671570011287,288.88554244288684,292.2025539163403,3820000,CRM
2024-04-15,268.6094055175781,281.9759148580112,267.3889106580971,278.4915630366649,18365100,CRM
2024-04-16,273.04852294921875,276.1489921802481,268.1566608157186,270.45986738841975,7624300,CRM
2024-04-17,271.9756164550781,274.58394630631784,270.5188746712862,273.37327394316685,4199400,CRM
2024-04-18,267.6448059082031,271.9854441401961,265.50891007853295,271.9756217888621,5918200,CRM
2024-04-19,266.11920166015625,268.85549292443665,264.50500158055627,268.20586592874434,4913600,CRM
2024-04-22,269.5050354003906,275.30244462755473,265.3218557843631,274.99732098799524,6747200,CRM
2024-04-23,272.3299560546875,272.349660833529,266.1585454801704,270.6271748001635,6285200,CRM
2024-04-24,271.8476867675781,274.55445070545613,269.800372131593,273.6292271745777,3938800,CRM
2024-04-25,268.8456115722656,269.2786661032484,265.0462842259833,267.3298155816308,4811900,CRM
2024-04-26,269.9775695800781,272.5465202523701,269.160602174613,270.67639841632143,3754600,CRM
2024-04-29,271.40472412109375,272.9303725828894,268.9243551239727,270.5681121040448,3576400,CRM
2024-04-30,264.7116394042969,270.292476981142,264.14074153361474,270.19407324419814,5218000,CRM
2024-05-01,264.4656066894531,269.69211944799633,262.35923776176384,264.7904051495396,3761000,CRM
2024-05-02,267.85150146484375,268.7865472786771,263.72737540401,266.17821732126697,3859900,CRM
2024-05-03,269.3574523925781,273.3044157781072,269.0523286934137,272.46777368391287,4041600,CRM
2024-05-06,271.2964782714844,272.7728948814258,269.7511550106802,271.8279966616397,3744800,CRM
2024-05-07,272.8221130371094,274.4953973100246,269.76102350125603,271.2571149416949,3507700,CRM
2024-05-08,274.583984375,275.53873506096556,271.3949338534461,271.3949338534461,3283300,CRM
2024-05-09,270.8437194824219,271.02088226691615,266.80817473267234,267.8908862564256,4709700,CRM
2024-05-10,272.3201904296875,275.24349710820303,270.6469059193209,271.75914479574095,2912300,CRM
2024-05-13,273.1567687988281,273.43236538591424,270.8634147031944,272.78276846032026,2998700,CRM
2024-05-14,272.44805908203125,274.475668768822,270.7157507319541,272.60554712072405,3056800,CRM
2024-05-15,283.0192565917969,283.2751484027621,275.3320491169051,275.3418714695505,5828500,CRM
2024-05-16,280.2042236328125,285.46026398182573,280.10578983586475,284.86972127569425,3559200,CRM
2024-05-17,281.1195983886719,282.82240998010104,279.79084724544373,282.52713862333434,3478900,CRM
2024-05-20,282.5566101074219,283.1963846129268,280.62740416392415,281.50342574608976,2799300,CRM
2024-05-21,279.2986755371094,282.70426828279335,278.83606377390976,282.2810360418037,3492100,CRM
2024-05-22,279.3577575683594,282.5763354506755,278.38330203289803,278.95420002947577,3309200,CRM
2024-05-23,274.1902770996094,282.4877318397026,273.0977131094365,282.1727557310244,5456600,CRM
2024-05-24,268.009033203125,270.63703832987864,264.3081387505354,266.67039966244863,8325100,CRM
2024-05-28,265.5876770019531,268.93424569638154,262.9596719838622,268.8062847708236,9294100,CRM
2024-05-29,267.3495178222656,268.5798650105632,263.5600424747545,263.78643717099953,13397900,CRM
2024-05-30,214.5823974609375,221.551086077128,208.66689329829012,219.88765419451116,66763300,CRM
2024-05-31,230.75405883789062,230.93122160902647,212.6630304980097,215.6650803885226,36807400,CRM
2024-06-03,232.8998260498047,237.20113057775347,226.59061628342292,230.93127029918472,19962700,CRM
2024-06-04,231.16748046875,236.80738795401604,228.54929796423895,232.0139599619796,11197500,CRM
2024-06-05,232.81121826171875,233.19508598883147,227.90951920345958,231.93521165272378,10772100,CRM
2024-06-06,238.94326782226562,242.8705415606845,235.68531078226476,236.10855803634576,11693800,CRM
2024-06-07,238.04759216308594,240.09487677240472,236.51210617776582,238.5200413022451,6883800,CRM
2024-06-10,238.03773498535156,239.80943799517343,236.64989970941718,237.98851809251735,7656900,CRM
2024-06-11,237.2010955810547,239.9176967093025,232.5454511041335,237.36842099290354,7264400,CRM
2024-06-12,232.0927276611328,238.39210010059637,231.19703118366405,236.77788497430328,10260100,CRM
2024-06-13,225.42913818359375,231.9450522647236,225.06496021195568,231.81710636648936,13566700,CRM
2024-06-14,228.2933807373047,231.55133764395984,225.59645433095426,225.74410500284546,8833700,CRM
2024-06-17,226.85633850097656,228.19495688236603,224.18895412808413,226.65948594877838,10563700,CRM
2024-06-18,228.16542053222656,228.6378696421919,225.62598216047252,226.8563293356119,7119800,CRM
2024-06-20,237.9983673095703,239.93739571406888,229.1890842896221,229.1890842896221,14809600,CRM
2024-06-21,241.20712280273438,241.51224652724758,236.41369457298302,236.7877249547155,15719600,CRM
2024-06-24,236.1676483154297,240.56737185264333,236.03968737881658,239.3665515796429,7545700,CRM
2024-06-25,237.95899963378906,239.27794332293843,236.0987151603937,237.9786893954178,6037800,CRM
2024-06-26,239.32713317871094,239.7799075601064,236.1282304340868,237.67355373824785,4524700,CRM
2024-06-27,248.87464904785156,254.5342464276487,240.6067064729894,241.14806226961704,12869000,CRM
2024-06-28,253.05784606933594,256.0894086885379,249.19946360712032,249.5144397341944,12619300,CRM
2024-07-01,252.18179321289062,255.4004006705798,250.52821380657258,254.09129444558158,5871700,CRM
2024-07-02,252.162109375,253.67790546166358,250.0655930429394,251.040033384366,5130600,CRM
2024-07-03,256.8473205566406,257.11306476624935,252.90035671097655,252.93973623610339,4755700,CRM
2024-07-05,259.0520935058594,261.6308967042584,257.2114987056788,258.58948170813136,6562100,CRM
2024-07-08,253.3235626220703,258.70756317794184,253.14639983410032,257.2705260570072,6539300,CRM
2024-07-09,248.84800720214844,253.35316605223687,247.5270254328761,252.45607535607135,7014900,CRM
2024-07-10,249.00572204589844,251.18436856987495,242.61767802838423,247.63544686999734,8947700,CRM
2024-07-11,247.55657958984375,251.79556520794355,247.3594206164528,249.01558908592074,5341800,CRM
2024-07-12,250.36614990234375,251.66741119200324,246.14688459223302,248.04949054274906,4705500,CRM
2024-07-15,249.27191162109375,252.75183468207214,248.54240682220953,252.38705971923028,4404300,CRM
2024-07-16,252.3969268798828,253.13628436167184,249.08460475977725,250.1788544345157,4780400,CRM
2024-07-17,247.6551513671875,251.94343022547758,246.06799690926042,250.39570154289788,5625300,CRM
2024-07-18,243.84007263183594,248.8676938459603,242.23319776137845,248.56209519895012,6351600,CRM
2024-07-19,244.11610412597656,245.45680615748154,241.69100521521574,245.1216193679066,4468900,CRM
2024-07-22,250.47457885742188,251.9532936936094,244.48085291633666,245.22021033443042,5647600,CRM
2024-07-23,252.426513671875,253.6784815785349,250.14929491117056,252.9489917839731,3905500,CRM
2024-07-24,246.23561096191406,252.27863083898822,245.3680933823329,250.03098533031542,5204100,CRM
2024-07-25,252.8799591064453,260.3326799677429,248.1480833510137,251.12523363024792,7155800,CRM
2024-07-26,258.9821472167969,260.73688788483275,253.4221942344666,254.50659129550783,6127300,CRM
2024-07-29,254.9206085205078,262.3043159159967,254.85159459907436,258.98214097438745,5101400,CRM
2024-07-30,254.2699432373047,257.04993440785154,251.49981979292215,255.93596439439995,3944300,CRM
2024-07-31,255.12757873535156,258.1145813960761,251.7265527823844,252.5743348180912,4647700,CRM
2024-08-01,249.4690704345703,259.62290116636893,246.19618913209925,256.2120070687744,5527400,CRM
2024-08-02,240.508056640625,244.48086956771914,237.6984922436056,244.2738428579558,6504500,CRM
2024-08-05,235.61839294433594,238.3885310950474,228.91489839329708,229.0233380720955,6899300,CRM
2024-08-06,235.03680419921875,240.38975999789068,234.6523389241303,237.668914935173,5673900,CRM
2024-08-07,236.6337890625,243.03170038494034,236.25919154936844,239.16732758965423,4035500,CRM
2024-08-08,245.58494567871094,245.8905443262702,239.63066078729975,239.78839397386727,4474300,CRM
2024-08-09,248.9465789794922,249.3606173426253,244.9244726832861,245.17092516436048,2975300,CRM
2024-08-12,247.74388122558594,250.4844315183566,245.48638319447477,249.01558440826014,3679700,CRM
2024-08-13,250.98719787597656,252.15044629745577,249.4098960736248,249.4098960736248,4031600,CRM
2024-08-14,251.69700622558594,254.05307638619846,250.2577170652853,251.76600510081246,4145200,CRM
2024-08-15,259.0610046386719,259.1595916503707,252.60393142904906,254.2403795527471,5167900,CRM
2024-08-16,259.17926025390625,259.8594714282475,255.99508374336003,258.0357172663837,3494900,CRM
2024-08-19,261.6142272949219,261.6240950206405,257.91744029399774,259.3665820017412,4501300,CRM
2024-08-20,258.1244201660156,261.7324874448906,257.325916678878,261.1903041186456,5731300,CRM
2024-08-21,257.38507080078125,258.4201891162776,255.502170518514,257.3949385255896,4648200,CRM
2024-08-22,254.9206085205078,259.52435453410624,253.61933207862378,257.78931927826085,5111400,CRM
2024-08-23,260.25384521484375,261.8311472633557,257.00068418347195,258.2723574480889,4711300,CRM
2024-08-26,261.5156555175781,263.50698073425303,259.5045948483169,260.1946738291465,3818300,CRM
2024-08-27,260.45098876953125,260.70727888718767,255.7190831778156,255.96553565390923,5276400,CRM
2024-08-28,255.22618103027344,261.4170660943943,253.70802533718543,258.1145968615435,10981900,CRM
2024-08-29,253.36302185058594,268.0910247344491,252.6433697652493,267.16436098575383,14301700,CRM
2024-08-30,249.3113250732422,255.45293176247793,247.43829222470256,253.78691057539768,10507700,CRM
2024-09-03,244.54002380371094,250.0901388630033,243.1401754224616,249.03531495302244,6190400,CRM
2024-09-04,244.1654052734375,245.9398662215254,241.68117498838077,242.9725836376856,4706500,CRM
2024-09-05,242.62753295898438,244.973765384644,241.52343066091663,242.4895201717259,4083600,CRM
2024-09-06,240.508056640625,246.45248948358784,238.0139586504324,244.22456439387204,6259400,CRM
2024-09-09,242.2726287841797,245.82155034111585,241.2966866377209,243.0021335048457,4588800,CRM
2024-09-10,242.6669921875,243.83024076230976,239.8574276824333,243.62322908685158,3544800,CRM
2024-09-11,246.02857971191406,246.47219115079537,238.57584436119444,241.33611504195002,4822200,CRM
2024-09-12,249.774658203125,250.53373606425816,246.02859248715168,247.8227587453341,5219700,CRM
2024-09-13,250.95762634277344,253.18553619607928,248.86769918533128,248.95641846367036,4998900,CRM
2024-09-16,253.2644500732422,254.1516730541043,250.9576582891873,250.9576582891873,5367000,CRM
2024-09-17,251.56883239746094,255.68951058554032,251.14492631577053,255.0487401633464,5423400,CRM
2024-09-18,249.23867797851562,252.88203002430376,247.78727613077635,252.76355193041852,4436700,CRM
2024-09-19,262.627197265625,266.13233427592775,254.78757673843398,257.4238343756841,11022800,CRM
2024-09-20,263.427001953125,266.9025200729128,258.01630145952277,262.64701112526376,11463200,CRM
2024-09-23,260.8697509765625,264.67108387828637,258.9246552402579,263.87132660855457,6034000,CRM
2024-09-24,267.0209655761719,269.01541688520405,262.9234379642404,266.4186618307043,7154500,CRM
2024-09-25,270.6248474121094,273.54741754080595,265.97440144226994,267.0308813310491,7920000,CRM
2024-09-26,272.2737731933594,275.11736823429777,269.26231408285514,272.63909072691104,5253400,CRM
2024-09-27,273.1426086425781,274.3274196302333,271.58256683095436,272.76740795037085,5220100,CRM
2024-09-30,270.2496032714844,272.25393771989127,265.73740255718485,270.48658955264796,5059700,CRM
2024-10-01,267.4455261230469,271.2271222913872,266.28045148324,270.67420449175813,4369900,CRM
2024-10-02,275.94671630859375,278.43484664393463,267.4258152941175,270.2595268200854,8512300,CRM
2024-10-03,277.3586120605469,277.5659487084617,274.2188222936495,275.46287231289955,3868400,CRM
2024-10-04,284.11212158203125,284.2503660957415,277.9115176664149,280.27128643084876,6129900,CRM
2024-10-07,280.9723815917969,284.526875258086,279.79742354472125,282.9569500344943,4794700,CRM
2024-10-08,287.8838806152344,288.93047732595613,280.50831767804493,282.3842912086727,5211200,CRM
2024-10-09,284.2799987792969,287.88384780696254,283.4505919221484,287.143329645178,4851000,CRM
2024-10-10,286.5014953613281,286.56073439175753,281.0216439925704,284.2799413249613,3965500,CRM
2024-10-11,284.4577331542969,286.5706627688548,282.680471379195,285.5536856369445,3597000,CRM
2024-10-14,287.9530029296875,288.75276022514623,284.60584599318156,286.25474654624423,3642500,CRM
2024-10-15,284.7045593261719,289.86842009649354,284.35897815275894,289.74994201001175,3850800,CRM
2024-10-16,287.1828308105469,287.2420999906038,280.636674920083,283.9146794087513,3497000,CRM
2024-10-17,287.42962646484375,289.63144453040655,286.43241588255205,288.2688863635768,2830000,CRM
2024-10-18,289.23651123046875,290.9841231747716,286.4817753421948,288.34789549831066,3087900,CRM
2024-10-21,287.6073913574219,289.2167889972083,284.39847929558755,285.34633411388234,2712600,CRM
2024-10-22,284.6847839355469,288.2491602944817,284.01338804542837,286.086844888922,3100100,CRM
2024-10-23,280.8341064453125,284.65517542069983,279.04699165388723,284.092404505855,3227100,CRM
2024-10-24,283.1346435546875,285.25745613243635,281.5746018462608,282.9371600039279,3210700,CRM
2024-10-25,286.7878723144531,290.6583272599078,285.1784746488326,286.33369626761163,3351200,CRM
2024-10-28,290.0559997558594,292.3269400679122,288.7921833705922,289.8881658559014,3867800,CRM
2024-10-29,295.111328125,296.7997011875263,289.1081770310534,290.28313498797434,4280700,CRM
2024-10-30,292.65277099609375,295.7530881578899,292.60341517143274,293.3143138107658,2826500,CRM
2024-10-31,287.6863708496094,292.34669979337616,285.8893728374647,288.90083151025345,4301800,CRM
2024-11-01,290.9939880371094,293.235278594767,286.3336596811663,286.56076274144976,3527500,CRM
2024-11-04,294.2424621582031,296.38501137937783,289.2168153485035,294.2226957209251,5107900,CRM
2024-11-05,293.72900390625,295.0323231748622,291.0137704958559,293.67964807876615,4456100,CRM
2024-11-06,303.02008056640625,304.6590980099927,299.2385137277714,301.14410691036716,5874900,CRM
2024-11-07,306.8509826660156,308.24316044766306,302.13141471334563,303.61245105997966,5722600,CRM
2024-11-08,317.8797912597656,318.72890433221784,305.52793804599,306.1104754139715,8485000,CRM
2024-11-11,337.4096984863281,340.519868669447,321.1380355969636,321.1380355969636,13954200,CRM
2024-11-12,336.8370361328125,344.4495547222921,334.2304277611701,335.0005654768556,7659700,CRM
2024-11-13,337.39984130859375,343.7880462053909,334.4871243269854,341.1320518427314,6902900,CRM
2024-11-14,327.4571228027344,341.62570955785907,326.6376293007872,338.1107191186139,7630600,CRM
2024-11-15,321.14794921875,326.08473732021633,320.0815861150458,322.7968195708523,7093000,CRM
2024-11-18,318.17596435546875,322.86591262758196,316.16174655539453,322.86591262758196,4250400,CRM
2024-11-19,319.34100341796875,320.5949666268674,312.00494501212194,314.9670172748952,5469900,CRM
2024-11-20,321.5823974609375,323.12267297866424,317.9390453354551,321.1775772101323,3763500,CRM
2024-11-21,331.5349426269531,338.60442684863386,324.44572210017697,327.1609555731015,8364200,CRM
2024-11-22,337.696044921875,338.47606588452095,331.5349429682248,334.6648799054847,5649400,CRM
2024-11-25,334.82281494140625,343.4523406918245,334.01320462485523,340.6383655586829,7117200,CRM
2024-11-26,338.84136962890625,339.4634097300807,334.85246667048375,337.6565586030256,4492800,CRM
2024-11-27,325.8379211425781,333.1147425017873,324.7222021310303,332.2063601683874,7471500,CRM
2024-11-29,325.8180847167969,327.7927996739711,323.1127348676311,325.1763083820671,3517600,CRM
2024-12-02,326.8251953125,330.2710631302012,325.9365495125731,327.8026695343103,6063400,CRM
2024-12-03,327.2398986816406,328.5925736756064,319.5582583094884,323.2608490441073,12632400,CRM
2024-12-04,363.2192687988281,364.33498781022377,352.1411143056694,362.1726720573942,24733100,CRM
2024-12-05,356.8112487792969,360.8298009301451,352.16080351359597,356.2188282685383,10942100,CRM
2024-12-06,357.4135437011719,362.5083121868735,356.52492794789197,360.37561629994536,5738900,CRM
2024-12-09,347.12530517578125,357.12724209622974,346.35516748297607,357.12724209622974,6475000,CRM
2024-12-10,344.41009521484375,350.99575372333953,343.037653647943,346.90810880974965,6033000,CRM
2024-12-11,350.3638610839844,355.64623043162305,347.4314077171775,349.0210390384675,7546600,CRM
2024-12-12,353.5036315917969,355.4487272210269,348.45824884365527,350.5119393429571,5422000,CRM
2024-12-13,349.8306884765625,360.18806063961284,348.04357353081775,359.3981865679934,5538000,CRM
2024-12-16,352.7137451171875,353.5431218355771,346.1280570626412,346.34527692686896,5482300,CRM
2024-12-17,346.5329284667969,352.71379722699794,344.69642750122665,352.38795231663556,6911000,CRM
2024-12-18,333.3465270996094,350.6845177004979,331.37942309074754,350.41763783473704,8400000,CRM
2024-12-19,332.3580017089844,339.57392317968777,331.567196372352,337.7650106482683,7423400,CRM
2024-12-20,339.69256591796875,342.46033958716737,327.3266499400111,328.9082004182483,14932300,CRM
2024-12-23,338.9512023925781,339.8902743832241,332.80282989281926,338.3086937408348,5330300,CRM
2024-12-24,340.4635314941406,340.977562472337,336.9049831172078,339.05000663637503,1811000,CRM
2024-12-26,337.7847900390625,340.9084034351624,337.1027335923685,340.9084034351624,3483300,CRM
2024-12-27,334.552490234375,338.32847695975715,331.4090875457361,336.43060418495196,3220400,CRM
2024-12-30,331.8736267089844,334.2163290908917,327.79118273849406,329.6297787657265,3411100,CRM
2024-12-31,330.4798583984375,333.26739065285864,328.5819859198685,332.39751986428985,3026000,CRM
2025-01-02,326.8522033691406,335.01709286845846,324.0350172437165,332.437133308158,4807100,CRM
2025-01-03,329.06640625,329.6001962003747,325.4782035363992,328.27563090334155,4101200,CRM
2025-01-06,326.7236633300781,332.72376933175275,323.51108985794446,330.17346334391164,5785300,CRM
2025-01-07,321.1881408691406,327.6824888380216,319.1914137879175,326.69400470879674,4643100,CRM
2025-01-08,323.13543701171875,325.0135507147569,319.3890739333845,323.96576001202595,3788200,CRM
2025-01-10,314.189697265625,319.0530224548987,312.38075435416357,319.0530224548987,6540000,CRM
2025-01-13,315.3956298828125,316.85856704845264,310.18629935534506,310.97710473717564,4583000,CRM
2025-01-14,319.81414794921875,326.1404400331239,317.7976319778633,321.25732626067054,5935200,CRM
2025-01-15,317.4615783691406,327.71215434386943,317.0859495594818,326.0811615032152,6042700,CRM
2025-01-16,316.3149108886719,323.9460093205067,315.8700809787784,319.2210565457528,5047700,CRM
2025-01-17,320.82244873046875,325.7747645218848,319.34961683752925,324.9345468683938,6303600,CRM
2025-01-21,323.0761413574219,325.7252715197611,318.7367118215333,325.6066582537073,6397200,CRM
2025-01-22,328.7895812988281,331.369540523756,323.5110797479705,327.4353628887087,7259300,CRM
2025-01-23,330.80615234375,331.59692770028516,325.80442430660696,328.50296708123915,4355900,CRM
2025-01-24,330.0350646972656,334.7501228310553,327.969136619797,332.42717924332845,3299100,CRM
2025-01-27,343.10284423828125,349.0831611004924,326.69400180573325,328.53256779000554,15661100,CRM
2025-01-28,355.8049011230469,362.8626626497762,346.4241655186757,350.6845300225502,12099300,CRM
2025-01-29,349.92340087890625,356.0322258916636,347.4521904207219,354.62859524445514,6266700,CRM
2025-01-30,339.6134948730469,343.99247226575136,336.08459934010193,336.97422901100924,7591100,CRM
2025-01-31,337.7650451660156,345.47520944774885,336.183464497261,343.9924832269431,5778000,CRM
2025-02-03,335.3333435058594,337.5277794608043,327.44525952776286,332.10101129047274,4549400,CRM
2025-02-04,340.17694091796875,342.9347899043463,334.76993155296583,341.6398781151791,4965600,CRM
2025-02-05,343.9233093261719,344.0320582773682,334.9676446567503,341.73876763441467,4521000,CRM
2025-02-06,327.0003967285156,333.5935984248076,325.3100974983242,333.5935984248076,13240600,CRM
2025-02-07,322.0777587890625,329.9757672060883,319.9920718323211,328.17671891673126,7626100,CRM
2025-02-10,323.4320068359375,327.92959738623296,322.88832248587664,324.14371658853065,5981900,CRM
2025-02-11,320.66424560546875,322.68076167635013,317.5604211249527,320.28861680964224,5455900,CRM
2025-02-12,322.36444091796875,323.2343117823756,313.31981712609394,315.8700929184305,5643400,CRM
2025-02-13,326.05145263671875,326.5456946355114,319.4977989061466,322.44349207876013,4312100,CRM
2025-02-14,322.7796325683594,324.71705311454707,318.90476130984075,324.2524643433234,5879700,CRM
2025-02-18,325.17169189453125,325.3694007632366,319.2803356339954,324.80595763695055,5262100,CRM
2025-02-19,320.792724609375,325.9427180163102,319.151837481428,325.9427180163102,5012000,CRM
2025-02-20,314.76300048828125,320.71369437465654,314.54553276874356,318.5291226846192,6393100,CRM
2025-02-21,306.23236083984375,315.2967732722444,303.3262151846399,315.2967732722444,7353200,CRM
2025-02-24,304.76947021484375,309.12868936319194,300.0247277304918,307.92273737544383,6652900,CRM
2025-02-25,302.3575439453125,304.86830219359,297.15810753732615,302.7232782630801,7360100,CRM
2025-02-26,303.79083251953125,310.0875021427578,302.92099177280824,309.0594701397207,12638500,CRM
2025-02-27,291.5039978027344,301.4086292434734,289.2996972428272,292.92741752875503,16691400,CRM
2025-02-28,294.4200439453125,298.50248878054754,288.7856715763567,292.551794207366,10863100,CRM
2025-03-03,289.6852111816406,299.5799488361907,287.7082425499957,297.5337790625628,6298200,CRM
2025-03-04,284.031005859375,288.29136973986766,278.9897311258461,286.6603770759393,9096300,CRM
2025-03-05,288.60772705078125,289.309542371598,282.330846478695,283.91242719887987,6612600,CRM
2025-03-06,282.755859375,294.64732166578744,281.54990758922986,284.9107775983907,10396800,CRM
2025-03-07,279.6322937011719,284.98986086334855,272.00119491034366,279.91893238302794,8248100,CRM
2025-03-10,269.7572937011719,275.1445438898427,267.6024056921593,273.78043106167195,10040200,CRM
2025-03-11,273.85955810546875,277.2204287952692,268.8677245506739,270.56791872139024,8313400,CRM
2025-03-12,281.3028259277344,282.63728565736193,275.87605721554604,278.60428331468285,7463900,CRM
2025-03-13,268.61065673828125,279.3060618229899,266.64358305399503,278.80192528434753,9494500,CRM
2025-03-14,276.1824645996094,276.6668423445477,269.5398499260608,271.8331403866514,6976900,CRM
2025-03-17,277.5169372558594,279.4741468183126,272.9007028002634,274.1758558560803,4484300,CRM
2025-03-18,275.52020263671875,277.26980875191947,272.76232336517967,276.7953254921048,5881700,CRM
2025-03-19,276.172607421875,278.970004356819,274.0967846264915,274.3043578561869,5245400,CRM
2025-03-20,275.8167419433594,279.6224121027663,273.8694268851367,273.8694268851367,5504700,CRM
2025-03-21,277.3883972167969,278.60424349287615,270.8940495827069,273.0291788117011,9804100,CRM
2025-03-24,282.66693115234375,283.4577366057825,279.9584941189071,280.4724950390346,6763800,CRM
2025-03-25,285.2864074707031,287.1052449257096,282.32095490200714,282.32095490200714,4301700,CRM
2025-03-26,277.7541198730469,285.7114344697087,276.3603537610929,285.01948357742896,5070300,CRM
2025-03-27,274.61077880859375,277.66519120671086,272.83151940822296,277.30935139309355,3757200,CRM
2025-03-28,266.8611145019531,274.01773136379876,266.0900979348822,273.52348920115975,4973400,CRM
2025-03-31,265.2695617675781,265.35855187713645,256.20518003866044,261.5034399987918,7585800,CRM
2025-04-01,267.08843994140625,267.7012953120197,262.7588743668874,265.76384458190455,4598200,CRM
2025-04-02,268.4129943847656,270.47892263715283,262.689662713003,262.897235937865,5396900,CRM
2025-04-03,252.2908172607422,259.54630272651195,251.51980079408338,257.1442933687838,8872600,CRM
2025-04-04,237.98745727539062,247.40771076047716,236.77162589835382,244.84754023019556,9705000,CRM
2025-04-07,241.39772033691406,250.03706213430823,227.3513539620959,227.3513539620959,11965200,CRM
2025-04-08,241.18023681640625,254.4259325770935,237.50307482137677,251.02552983555998,9340300,CRM
2025-04-09,262.1163635253906,265.08181606812497,238.12583314833822,238.12583314833822,12491100,CRM
2025-04-10,252.5782928466797,258.63731584963637,245.65794228927857,257.40967935489147,9692300,CRM
2025-04-11,252.45953369140625,253.85549003273687,245.21245276713196,251.73681062877398,6089000,CRM
2025-04-14,252.01400756835938,257.4097080425117,250.61805129527303,257.4097080425117,6038100,CRM
2025-04-15,252.3902130126953,254.16238831935667,251.27148108587912,251.83579451679154,5227700,CRM
2025-04-16,247.35092163085938,254.05346344365145,244.23231010008894,249.42009601430442,7190900,CRM
2025-04-17,244.796630859375,249.0537945054991,244.34122213605195,247.28163428774863,5566900,CRM
2025-04-21,233.90621948242188,240.0642530240193,230.45099879024664,238.03467342987338,9240000,CRM
2025-04-22,240.96517944335938,241.78691222063023,233.2527954721082,235.85658331580024,7145300,CRM
2025-04-23,247.9845428466797,255.2217283211393,247.0143105062503,250.0933271653285,5818900,CRM
2025-04-24,262.0628662109375,262.3400754261026,254.43956747358968,255.6276242320335,7857600,CRM
2025-04-25,265.1814880371094,266.3497247610452,261.5678580548796,262.08266655690056,5651700,CRM
2025-04-28,262.9935302734375,266.8150598564511,260.7065162496383,265.47850342114094,4977700,CRM
2025-04-29,265.0924072265625,265.90421488123275,262.5282141473929,262.75590339841057,3139800,CRM
2025-04-30,266.0329284667969,266.19133806878403,260.37982364516705,262.1618787938235,4624100,CRM
2025-05-01,266.6467590332031,271.86427545584047,266.32005998591563,270.6762184931624,5208900,CRM
2025-05-02,272.3394470214844,273.5671138179322,269.53765475817636,271.7256287300308,4323400,CRM
2025-05-05,269.91387939453125,273.4186199672366,269.59706020087106,270.64649734302185,4219600,CRM
2025-05-06,270.6365966796875,272.0622528870195,265.8646395940643,267.1318861990769,4681600,CRM
2025-05-07,275.4581298828125,276.01254843630477,270.98314128363836,270.98314128363836,4267600,CRM
2025-05-08,276.9530334472656,280.2300545974685,275.6065971789169,276.4283148701089,4789900,CRM
2025-05-09,272.6761169433594,279.66577864567444,271.15145087112035,278.814330761447,4324200,CRM
2025-05-12,285.94256591796875,286.09106546282413,280.4082613137376,282.1606163701095,5937400,CRM
2025-05-13,286.28912353515625,289.82353403263124,286.0514940178616,288.10087865334714,6711600,CRM
2025-05-14,287.84344482421875,293.1005406507739,286.37820890653796,290.57595753444326,7926200,CRM
2025-05-15,287.86328125,289.0612180323795,285.0812786005527,286.6851343385494,4635600,CRM
2025-05-16,288.2493896484375,289.2592471565123,286.8336433848733,288.1899898201442,3846000,CRM
2025-05-19,284.76446533203125,287.01183937790387,284.05163718763976,285.22978412369713,5781200,CRM
2025-05-20,285.1901550292969,285.56637405436,282.36854255486526,285.2198549410891,4032300,CRM
2025-05-21,279.46771240234375,284.7644177075506,278.3093555313541,281.57649656905636,5689800,CRM
2025-05-22,280.5964050292969,283.4972072755575,278.23020120971404,279.685557353867,6642700,CRM
2025-05-23,270.40887451171875,277.9430433587101,268.9436085287679,276.2203882401683,8887800,CRM
2025-05-27,274.4284973144531,275.80463372977465,267.5972446003825,270.44855743737986,10958000,CRM
2025-05-28,273.280029296875,276.0323321306658,270.85442551947347,274.9432849201275,12758600,CRM
2025-05-29,264.2607727050781,265.12210033265166,251.9644959917955,260.9639315353864,28053100,CRM
2025-05-30,262.7261962890625,267.0526545023712,258.10273896797963,265.40918894109205,12388500,CRM
2025-06-02,259.0135498046875,261.1619440082328,256.5582766732531,260.4886956917858,9213500,CRM
2025-06-03,261.8351745605469,262.1123838051324,258.75614274512765,259.3897811404899,7838500,CRM
2025-06-04,260.5481262207031,262.85489980640233,259.013550297099,261.55795337698316,7372500,CRM
2025-06-05,264.47857666015625,266.0725221976128,261.0134461385129,261.0827257866551,8642900,CRM
2025-06-06,271.775146484375,272.1612453169144,265.5378934214904,267.2803687223913,7507000,CRM
2025-06-09,269.53765869140625,271.4682435387997,266.97346567420016,270.1316871224151,5728300,CRM
2025-06-10,265.5478210449219,271.02272641939106,264.18156465839434,269.3594709112455,6309700,CRM
2025-06-11,263.2608337402344,266.82497422095787,262.76581506828785,265.8250268352924,6568100,CRM
2025-06-12,264.2508850097656,266.33984941296524,260.77584408123784,262.0629108242506,8054000,CRM
2025-06-13,255.8256378173828,263.05292839201945,255.42962893151508,260.855044329881,7659300,CRM
2025-06-16,261.25103759765625,261.35004736658954,257.3700782356646,257.7958172207237,7177000,CRM
2025-06-17,260.1422119140625,267.8050909859561,259.488783667178,261.2213489508209,9110100,CRM
2025-06-18,257.3221130371094,262.85526885789585,255.30915128238325,262.5776200041907,7628000,CRM
2025-06-20,258.44256591796875,260.66375616067836,257.08406901911695,258.5020599236522,12859200,CRM
2025-06-23,261.19927978515625,262.5181041652862,256.57838618424154,258.4525384870847,9283800,CRM
2025-06-24,268.8941345214844,271.0855779340558,263.21221443935144,263.47993748602585,9713900,CRM
2025-06-25,265.51275634765625,271.7003756570579,264.73930393398103,269.7171612362035,6074300,CRM
2025-06-26,268.4677429199219,268.7354962504743,262.9345876616876,266.5242011415845,6708000,CRM
2025-06-27,271.12530517578125,271.8690107163253,267.16877112229685,269.5783698109102,21741400,CRM
2025-06-30,270.4013671875,274.060400141214,268.13057824814024,272.1565010204925,8541900,CRM
2025-07-01,269.6279296875,271.70038519869985,268.36859938015414,269.79648597277975,6256800,CRM
2025-07-02,266.9505920410156,269.42961028434075,263.42047248343687,269.2412024769318,6115200,CRM
2025-07-03,269.8659362792969,272.42430020794757,267.05970077273724,267.4365164104032,5031800,CRM
2025-07-07,267.53564453125,271.70040740629304,265.95899251380695,269.23131484747046,6283500,CRM
2025-07-08,271.35333251953125,274.4768894729093,267.4662488366685,268.5173501573424,6661200,CRM
2025-07-09,268.646240234375,273.24728197998616,267.10923089292993,272.05734121638034,6373600,CRM
2025-07-10,261.7546081542969,269.21148495278027,261.00097684212255,268.62644021465525,7244600,CRM
2025-07-11,255.90408325195312,260.7431313410721,255.10088382239738,260.3762112490156,7011200,CRM
2025-07-14,257.50054931640625,260.0291658223091,255.33885289253013,256.42962686008923,6533900,CRM
2025-07-15,255.418212890625,259.6127229572389,255.07117452050525,258.8095234089551,5201500,CRM
2025-07-16,255.78512573242188,256.80648008326114,252.3839046845891,256.75688155933517,5649500,CRM
2025-07-17,257.69891357421875,258.01623517741075,254.49601105624748,255.82476122547868,5837400,CRM
2025-07-18,260.17791748046875,260.77288788820994,256.94526813218806,258.1153574351595,6381200,CRM
2025-07-21,260.0787658691406,262.0917275120132,259.44415292227313,261.40751604242786,6714700,CRM
2025-07-22,261.37774658203125,263.6584613718957,259.8010947149445,260.7927019466809,5001400,CRM
2025-07-23,264.977294921875,266.2267297611283,260.29690741429135,261.70500304753335,5620700,CRM
2025-07-24,265.4532775878906,267.0398250065708,263.4105690379603,265.7309264123049,5877100,CRM
2025-07-25,266.8514099121094,268.82472889809685,264.7690589166368,265.76066615693856,4015400,CRM
2025-07-28,267.9818420410156,268.0710830563898,264.35255610854966,267.2381366514476,4533700,CRM
2025-07-29,265.1458740234375,271.7003833443128,265.0665284979461,269.32053202424413,5137100,CRM
2025-07-30,262.5875244140625,265.52267352339237,261.11993472867107,264.6302330134252,3928200,CRM
2025-07-31,256.161865234375,262.81557108976716,255.69580865706757,262.77589833002105,7340300,CRM
2025-08-01,248.63560485839844,253.84154286952358,248.03072383663869,252.84993562930927,7646900,CRM
2025-08-04,250.2023468017578,251.37243608568048,248.53643876563865,248.89341797832662,4403500,CRM
2025-08-05,245.4128875732422,251.16419760827037,244.9369051917035,250.88654878440252,6761000,CRM
2025-08-06,247.0787811279297,248.1596294185707,244.94683155422675,247.27709955536525,5834700,CRM
2025-08-07,238.8583526611328,250.88653798436223,234.98116478875298,248.58601709552786,10010200,CRM
2025-08-08,238.49143981933594,240.91096378384682,235.83393981288953,239.26489221707632,8812000,CRM
2025-08-11,230.7271728515625,239.8400461047398,229.62650330482788,236.9148076776565,10740100,CRM
2025-08-12,229.71572875976562,231.70885379491153,224.579195569484,231.04447878319624,13178000,CRM
2025-08-13,235.04066467285156,235.35798625481127,227.68294071182618,231.0543993011561,10209200,CRM
2025-08-14,231.411376953125,235.01091607920839,230.91557333270472,235.01091607920839,7544800,CRM
2025-08-15,240.40525817871094,242.44796664238922,232.660808168228,234.16804025691314,12942800,CRM
2025-08-18,241.9224395751953,242.46782662847767,237.48004300893777,237.75769184865842,8809200,CRM
2025-08-19,243.9353790283203,246.4143971078764,241.40677756102795,242.94377179649786,8642200,CRM
2025-08-20,244.38160705566406,245.4922174796425,242.3983925287271,243.63790160806272,8195100,CRM
2025-08-21,243.76681518554688,244.22294605314545,238.0055794106412,242.98343697487053,5646800,CRM
2025-08-22,246.20616149902344,247.43575995633137,242.06125038852153,243.71723270760194,6694300,CRM
2025-08-25,245.78968811035156,247.27709900892046,244.71875044769482,247.27709900892046,4957700,CRM
2025-08-26,241.69435119628906,246.741628355362,240.81182136861082,244.62950011792034,8862300,CRM
2025-08-27,248.06048583984375,248.2687148996708,243.54866959796234,243.68749401475594,6506900,CRM
2025-08-28,252.39378356933594,253.50437880982565,248.1893635249137,250.36098574965544,8461200,CRM
2025-08-29,254.099365234375,255.4777138776314,250.74772778964623,253.25649299496558,7363200,CRM
2025-09-02,250.73782348632812,252.8499518856104,246.66231686179464,252.6813804596232,9312500,CRM
2025-09-03,254.2976837158203,255.8346628024953,248.4471920384133,252.919335154295,17417900,CRM
2025-09-04,241.96206665039062,243.16191801606882,232.65087567742583,238.04522124907393,30967500,CRM
2025-09-05,248.65542602539062,249.0223309930399,242.30914574244525,242.77520235564717,13029400,CRM
2025-09-08,250.15277099609375,250.817146053316,245.22448163882999,248.69510709432694,12602200,CRM
2025-09-09,249.9445343017578,253.1970050442092,249.10167717288496,249.2107545814128,10901900,CRM
2025-09-10,240.5341796875,251.85833275119066,239.70121809194185,250.62873430496745,11363600,CRM
2025-09-11,244.21304321289062,245.09557309952766,241.456376145385,241.654694578086,6944900,CRM
2025-09-12,240.7225799560547,245.51204497612912,239.22525839718975,244.03455979964144,8386400,CRM
2025-09-15,240.48458862304688,242.65621086833335,238.81868061582657,241.20845766123387,7244600,CRM
2025-09-16,237.30154418945312,240.64325599998335,235.24892491488183,240.48461032889716,8779800,CRM
2025-09-17,240.59542846679688,241.38015563699818,237.78429150205213,238.3703549089052,10124000,CRM
2025-09-18,242.651611328125,245.64154100236095,241.33047538172133,242.53241610672924,9344400,CRM
2025-09-19,245.44288635253906,245.5521536952295,241.72782701521152,244.38002688916262,11813900,CRM
2025-09-22,248.0255584716797,248.81028562962007,241.53908893658263,243.64495207790347,7523800,CRM
2025-09-23,242.9297637939453,249.6844381137545,242.50263744375127,248.0752418629596,7669800,CRM
2025-09-24,244.2509002685547,247.1812325805079,241.39009345595196,244.03236557275451,6707100,CRM
2025-09-25,239.34381103515625,243.0290866405082,237.89355196330317,242.87014957159818,8145500,CRM
2025-09-26,241.8072967529297,242.89997025375462,238.74784126476882,239.0855711988149,4974600,CRM
2025-09-29,243.46617126464844,244.18137296250734,241.25102551516156,243.0886994915912,6373500,CRM
2025-09-30,235.42015075683594,243.5754293150353,234.23808090807282,243.41649224222758,10801100,CRM
2025-10-01,234.118896484375,240.85369989534703,231.95342044940543,234.9135667280067,10016600,CRM
2025-10-02,237.28761291503906,237.80413564307892,232.04281100226157,233.86059874725305,7679200,CRM
2025-10-03,238.75775146484375,241.19141663780366,236.91014969115807,237.15848318140038,8849800,CRM
2025-10-06,244.14161682128906,248.80035546815884,233.84074861837047,237.73461588037736,13922600,CRM
2025-10-07,238.14187622070312,245.71107573860073,235.96647254015522,244.83693705054466,8387400,CRM
2025-10-08,238.82728576660156,239.71136757525295,234.0791504706588,238.14189804020245,7120200,CRM
2025-10-09,243.6946258544922,244.3204311088745,235.56914605901795,237.67502439238638,7929100,CRM
2025-10-10,240.06895446777344,247.38983637358723,239.11536231325954,244.87670255962956,7988300,CRM
2025-10-13,247.09181213378906,247.68781854749363,240.75433688588328,241.27087476728906,8276500,CRM
2025-10-14,238.1716766357422,246.62494278137268,237.95314196225053,246.45607783496052,9123900,CRM
2025-10-15,235.00294494628906,239.71135327046605,234.32746998655438,239.2643408725642,8389200,CRM
2025-10-16,244.3601531982422,255.02855018612635,241.05234930561232,251.502226767664,24869700,CRM
2025-10-17,241.4596405029297,249.1083095871451,240.54577500406694,244.92638176253496,10851200,CRM
2025-10-20,252.5849609375,253.6974901347749,242.6714921507363,243.3668228990331,9963900,CRM
2025-10-21,261.65411376953125,265.3493174789288,252.3068371492567,252.803504151519,13354700,CRM
2025-10-22,254.9292449951172,260.650828057305,254.80010672855937,260.4521794514944,9370000,CRM
2025-10-23,253.34983825683594,256.83643511999617,252.42602976053433,255.8828429735078,6110100,CRM
2025-10-24,253.1313018798828,256.7768357955393,252.30683285132295,255.70404842715232,5490800,CRM
2025-10-27,253.7670135498047,256.3794865663768,253.22067687144346,255.3662665837137,4942400,CRM
2025-10-28,252.56509399414062,257.11456547193757,252.44589876600384,253.76703478712363,6435600,CRM
2025-10-29,249.7837677001953,251.87970299102287,247.37988614557347,250.32016137689058,7904200,CRM
2025-10-30,254.93914794921875,257.5516210443747,248.33348335480997,248.8301503215196,7767800,CRM
2025-10-31,258.6741027832031,260.07470731869716,250.94596570863703,253.1014986048366,6878300,CRM
2025-11-03,259.597900390625,259.8164350802179,253.39950601547787,258.2668364864311,7054300,CRM
2025-11-04,252.743896484375,257.5317734711582,251.77043344263768,256.42915700663156,6792200,CRM
2025-11-05,250.99562072753906,255.11795064781944,250.33008878525933,253.0021595946237,5241200,CRM
2025-11-06,237.67503356933594,248.8698969843938,232.91695515840684,248.8698969843938,11041800,CRM
2025-11-07,238.28097534179688,239.36370581213535,234.21822758217348,234.5758284443217,5741500,CRM
2025-11-10,240.09877014160156,240.29743391211673,233.5129608073587,238.40016231598756,6486600,CRM
2025-11-11,242.87014770507812,244.0621453985964,239.5524159917124,240.28747340489429,5762800,CRM
2025-11-12,244.38003540039062,246.77395882568126,242.05562231648304,244.10190309241432,4278200,CRM
2025-11-13,238.82728576660156,244.26082394601738,238.3107630009449,243.6151629104096,5542100,CRM
2025-11-14,242.0357666015625,243.54562337173718,235.83735697159995,236.72142362723048,5512900,CRM
2025-11-17,235.449951171875,241.21129126539054,234.01954782098028,240.4563629000066,5280900,CRM
2025-11-18,231.9434814453125,236.204877497401,228.7350169737969,234.66522197320865,8045100,CRM
2025-11-19,226.36094665527344,230.73160999713977,223.5597376250506,230.45347770213408,9710700,CRM
2025-11-20,223.86767578125,229.52969163233666,221.8114823100099,227.72181650075206,7521100,CRM
2025-11-21,225.59608459472656,227.15561108785266,220.4804205745986,223.3610831021723,7479300,CRM
2025-11-24,225.30801391601562,227.3145375828279,223.53986553971077,225.82453665715587,8563300,CRM
2025-11-25,232.559326171875,233.06593615781603,225.00999767954636,225.28812995701216,10233000,CRM
2025-11-26,226.62913513183594,231.2680180268392,224.49347319743302,228.9734038653133,8506600,CRM
2025-11-28,229.00320434570312,231.0097431878008,227.10594800250274,227.47347671724094,3691500,CRM
2025-12-01,231.27793884277344,232.6884711929492,227.07614059733578,227.14566609018732,5634700,CRM
2025-12-02,233.14541625976562,235.07247137583184,230.0760028587697,231.4666794721943,7626200,CRM
2025-12-03,237.12867736816406,237.66507102212515,231.6057431335055,233.7910747516482,13782000,CRM
2025-12-04,245.8104248046875,247.31035360573722,236.016151496486,242.06555158644403,20912100,CRM
2025-12-05,258.8330383300781,260.1343033980639,247.83682407085763,249.15796006210823,15852400,CRM
2025-12-08,257.7999572753906,262.5182935094206,254.6312195688788,260.1342981066347,10805400,CRM
2025-12-09,259.280029296875,260.5018410277533,257.27350553360577,258.26683953180503,8045900,CRM
2025-12-10,262.4388122558594,264.157260395403,257.4224581829772,259.0117983873967,8894700,CRM
2025-12-11,260.6011657714844,266.11415702445385,259.0316811670522,261.7434937420645,7783800,CRM
2025-12-12,260.4819641113281,262.7268781513645,259.17075606477175,261.7633430387785,6006600,CRM
2025-12-15,252.88296508789062,260.5316336613609,251.40289200910016,259.468759033079,10271800,CRM
2025-12-16,253.21075439453125,254.15441859162476,250.42941637382975,252.3068168853155,6145300,CRM
2025-12-17,256.41925048828125,260.223706328179,254.5418346981557,254.62128807905603,6269000,CRM
2025-12-18,256.54461669921875,258.7533789592764,254.86317005082404,257.11173830886,5654200,CRM
2025-12-19,258.59417724609375,260.7133987167576,254.2064997708628,259.36026809551663,20732100,CRM
2025-12-22,263.290283203125,263.290283203125,257.10177149732687,259.30057460108554,5664200,CRM
2025-12-23,262.0963439941406,262.9022408344935,259.2010726049517,261.38994696336636,4745100,CRM
2025-12-24,263.9170837402344,264.9517966936607,261.2207817362974,261.8973621911715,2076600,CRM
2025-12-26,264.73291015625,266.55366246487364,263.45939159438825,263.45939159438825,2456400,CRM
2025-12-29,264.8821716308594,267.74756558580185,263.36984748352836,263.36984748352836,4300100,CRM
2025-12-30,264.5737609863281,266.9217986247408,263.98672121364575,265.3100049300543,3291800,CRM
