Date,Close,High,Low,Open,Volume,Ticker
2018-01-02,78.69992065429688,79.0295544003833,78.28788196460778,78.8647375273401,22483800,MSFT
2018-01-03,79.06615447998047,79.21266142253118,78.7182109701758,78.80061588598394,26061400,MSFT
2018-01-04,79.76204681396484,80.2656556861351,79.26759637197095,79.28590624648834,21912000,MSFT
2018-01-05,80.75096130371094,80.95240488652034,80.0550671955975,80.2656692101264,23407100,MSFT
2018-01-08,80.83336639404297,81.10806345948694,80.21072576676166,80.76011291181304,22113000,MSFT
2018-01-09,80.77841186523438,81.24539397861601,80.44877825412205,81.17214051262772,19484300,MSFT
2018-01-10,80.41215515136719,80.75094720748172,80.03674334644032,80.44878188601487,18652200,MSFT
2018-01-11,80.65023803710938,80.69601622319637,79.88109046098184,80.69601622319637,17808900,MSFT
2018-01-12,82.04202270507812,82.20683955078843,80.9890265789199,81.19047016654768,24271500,MSFT
2018-01-16,80.89745330810547,83.131635390555,80.58613651869443,82.49983639508031,36599700,MSFT
2018-01-17,82.53649139404297,82.664681526028,81.26374152230714,81.56590697020253,25621200,MSFT
2018-01-18,82.4998550415039,83.02177394264803,82.09697481037486,82.22516492743921,24159700,MSFT
2018-01-19,82.40826416015625,82.96680962055301,82.09694740430763,82.53645423442747,36875000,MSFT
2018-01-22,83.88248443603516,83.89164286886006,82.1702207613225,82.40829111390825,23601600,MSFT
2018-01-23,84.14803314208984,84.51429365457815,83.8183993794342,84.14803314208984,23412800,MSFT
2018-01-24,84.07473754882812,85.54893030877857,83.8549841456941,84.74316317339732,33277500,MSFT
2018-01-25,84.5417251586914,85.3749606505963,84.17546480568296,84.66991523436909,26383200,MSFT
2018-01-26,86.12580871582031,86.12580871582031,84.77065421615262,85.26510474522162,29172200,MSFT
2018-01-29,85.99759674072266,87.39853605717248,85.81447006653588,87.11468761643253,31569900,MSFT
2018-01-30,84.91716766357422,85.75956887587364,84.33115368118018,85.42993513754728,38635100,MSFT
2018-01-31,86.99566650390625,87.35276845186678,85.62219532380091,85.84194875658378,48756300,MSFT
2018-02-01,86.30892181396484,87.96624129442017,85.68628133186442,86.79421379536878,47227900,MSFT
2018-02-02,84.03811645507812,86.04338647747564,83.7817363032499,85.74122116174871,47867800,MSFT
2018-02-05,80.57698822021484,85.374979653657,80.57698822021484,82.92104382388061,51031500,MSFT
2018-02-06,83.62610626220703,83.76345481461205,78.05896655997934,79.560628231709,67998600,MSFT
2018-02-07,82.05119323730469,84.02898869166187,81.67577431666412,82.85696072080758,41107600,MSFT
2018-02-08,77.8392105102539,82.29841019952326,77.6102985923789,82.14275177196922,55628700,MSFT
2018-02-09,80.7417984008789,81.42853403924457,76.7587330955253,79.02038358227666,63499100,MSFT
2018-02-12,81.61166381835938,82.20683612449804,80.51288954997754,81.25456183184346,35720300,MSFT
2018-02-13,82.25260162353516,82.40825999358937,80.39383865474665,81.42851762643231,26407700,MSFT
2018-02-14,83.54054260253906,83.70613365602746,81.33267124756276,81.42466471757812,34960900,MSFT
2018-02-15,85.24246215820312,85.29765684216474,83.3657656983297,83.90853214035916,27823900,MSFT
2018-02-16,84.63528442382812,86.01520753943402,84.45129748254143,85.04925855104912,30596900,MSFT
2018-02-20,85.29764556884766,85.61042476149531,83.72453411597772,84.15691113293907,30911700,MSFT
2018-02-21,84.16612243652344,85.88642939685167,84.16612243652344,85.53685134347427,26922500,MSFT
2018-02-22,84.38690948486328,85.30685831726987,84.04652589015791,84.68129283048728,24392800,MSFT
2018-02-23,86.5303726196289,86.53957407186662,84.96646263449422,86.10719705916483,26329200,MSFT
2018-02-26,87.78147888183594,87.80907621218452,86.70514088634344,86.84313455673599,30199800,MSFT
2018-02-27,86.65917205810547,88.16788749214969,86.65917205810547,88.07589401810351,25869100,MSFT
2018-02-28,86.26361083984375,88.04831406715468,86.1348185470124,87.24795594571395,31167300,MSFT
2018-03-01,85.4172592163086,86.99957254464015,84.48810880492255,86.46600046533699,37135600,MSFT
2018-03-02,85.60121154785156,85.69320499499783,83.58652206769268,84.24888611698603,32830400,MSFT
2018-03-05,86.14399719238281,86.723562356665,84.87447049119965,84.94806105429379,23901600,MSFT
2018-03-06,85.84964752197266,86.9259862567967,85.50006939968448,86.78799249161696,22175800,MSFT
2018-03-07,86.34638214111328,86.41997971868963,85.03085527120403,85.70242088394846,26716100,MSFT
2018-03-08,86.87077331542969,87.48713738265516,86.26360368360544,86.72357812517424,25887800,MSFT
2018-03-09,88.81185150146484,88.81185150146484,87.39512961079893,87.66191558553328,36937300,MSFT
2018-03-12,89.02344512939453,89.42822486028373,88.3518864144039,88.77506203367325,26073700,MSFT
2018-03-13,86.85237121582031,89.45582103477052,86.44759149021354,89.23503528382705,35387800,MSFT
2018-03-14,86.3371810913086,87.77230578612534,86.01520046122678,87.50551983015717,32132000,MSFT
2018-03-15,86.64077758789062,87.00875850874635,85.39884812132331,86.0428094688316,27611000,MSFT
2018-03-16,87.02716064453125,87.74471963145847,86.40159513975958,87.1007582377168,49081300,MSFT
2018-03-19,85.45404052734375,86.3831907485651,84.73648161104192,86.23599557668159,33344100,MSFT
2018-03-20,85.67483520507812,86.2636019167347,85.5552443794348,85.60124463011067,23075200,MSFT
2018-03-21,85.0768814086914,86.52120096967494,84.82849126342572,85.49085562592961,24457100,MSFT
2018-03-22,82.60222625732422,84.40532555779167,82.48263540722763,83.9637469244313,38604700,MSFT
2018-03-23,80.20111846923828,83.21854872567897,80.10912501383963,82.33539892028053,44068900,MSFT
2018-03-26,86.27278137207031,86.47517119359267,83.16335753033422,83.35654590033711,56396800,MSFT
2018-03-27,82.30782318115234,87.52393137786285,81.42467314403622,87.33994441879172,56569000,MSFT
2018-03-28,82.23422241210938,83.92693184848972,81.75585212581954,82.62980067561247,52501100,MSFT
2018-03-29,83.9637222290039,84.90207391691112,81.3234737171022,82.9609814257672,45867500,MSFT
2018-04-02,81.4338607788086,83.60494040408472,80.50471758883897,83.22776506388908,48515400,MSFT
2018-04-03,82.52861022949219,82.84139648719949,80.85430360854896,82.40901940608649,37213800,MSFT
2018-04-04,84.93885803222656,85.33443622079814,80.70709577084627,80.81748511365164,35560000,MSFT
2018-04-05,84.98487854003906,85.61964553959179,84.08333253061241,85.0400802478175,29771900,MSFT
2018-04-06,83.0069808959961,85.05846272983517,82.31701931607986,84.16611129682583,38026000,MSFT
2018-04-09,83.50374603271484,85.71162446509142,83.3657593333461,83.75213612888268,31533900,MSFT
2018-04-10,85.4448471069336,85.81282805258338,84.30411249220671,84.99407413330529,26812000,MSFT
2018-04-11,84.5064926147461,85.82201960609693,84.15691461696443,84.64448633077768,24872100,MSFT
2018-04-12,86.08882141113281,86.62239346792697,85.0308787519453,85.0308787519453,26758900,MSFT
2018-04-13,85.62883758544922,86.64077988059141,85.04007090396094,86.5211890610759,23346100,MSFT
2018-04-16,86.63157653808594,87.08235650209282,85.94161494026369,86.53958306210677,20288100,MSFT
2018-04-17,88.3794937133789,88.81187083487742,87.28475223712974,87.39514863580597,26771000,MSFT
2018-04-18,88.71986389160156,88.97744843079862,87.87350566740112,88.51747403404606,21043300,MSFT
2018-04-19,88.41629791259766,89.29944809998214,87.7079332604748,88.71988276350746,23552500,MSFT
2018-04-20,87.3951416015625,88.41628539650456,86.521192993008,88.23229843217293,31154400,MSFT
2018-04-23,87.71711730957031,88.58187143378241,87.05475304580379,88.07589678266844,22331800,MSFT
2018-04-24,85.66561889648438,88.74744540124568,85.01245621184819,88.53585412827712,34524800,MSFT
2018-04-25,84.92045593261719,85.83121013128265,83.05296133355034,85.83121013128265,33729300,MSFT
2018-04-26,86.71434783935547,87.5331014453574,85.6472042071529,86.06118524460393,42529000,MSFT
2018-04-27,88.14947509765625,90.06296988155927,86.39237691086181,89.78698249245082,48272800,MSFT
2018-04-30,86.03359985351562,88.68305661739622,85.69322332440437,88.61866048875476,41523600,MSFT
2018-05-01,87.3951416015625,87.66192761290034,85.36205546549081,85.74843230177893,31408900,MSFT
2018-05-02,86.02440643310547,87.55151765258299,85.73002312461271,87.38592660289008,27471000,MSFT
2018-05-03,86.53958892822266,87.33074550884652,85.04926924918992,85.51844513273495,31142500,MSFT
2018-05-04,87.54231262207031,87.73550098688511,85.48162269341067,85.84960353914639,22531300,MSFT
2018-05-07,88.51747131347656,88.968244243217,87.4871261697035,87.55152230252355,24242000,MSFT
2018-05-08,88.1402816772461,88.46226933342734,87.45032016026029,88.17708046705685,23484600,MSFT
2018-05-09,89.17986297607422,89.2074603245348,87.44115983651541,88.32431008052511,27327400,MSFT
2018-05-10,90.07218933105469,90.1089811062134,89.28103281074924,89.65820816467034,22388100,MSFT
2018-05-11,89.87899017333984,90.03538679519943,89.27182764732414,89.9709906633697,16778300,MSFT
2018-05-14,90.18256378173828,90.78973325124286,89.52019963997006,90.0813688701542,19454100,MSFT
2018-05-15,89.5293960571289,90.01696768444354,88.62784335516265,89.4557984858152,24594000,MSFT
2018-05-16,89.76040649414062,89.99139055251511,89.27072141823857,89.95443225728631,17384700,MSFT
2018-05-17,88.86418151855469,90.12073527942137,88.540805267392,89.40006619138063,17246700,MSFT
2018-05-18,89.03050231933594,89.55714572770695,88.7071260245598,88.7071260245598,17865800,MSFT
2018-05-21,90.1761703491211,90.55498756895888,89.43702562972157,89.62181004730303,19422500,MSFT
2018-05-22,90.08379364013672,90.70282929952685,89.80660991699864,90.25010246420457,15441200,MSFT
2018-05-23,91.15553283691406,91.22020807757163,88.9935188437979,89.35385333447184,21251200,MSFT
2018-05-24,90.83216857910156,91.41425291581591,89.44626423313261,91.22022715326914,26649300,MSFT
2018-05-25,90.87837219238281,91.45121521815086,90.41640405681726,90.82293827181873,18363900,MSFT
2018-05-29,90.55498504638672,91.35880499445527,89.83431596919141,90.39791054183702,28671000,MSFT
2018-05-30,91.42347717285156,91.70066083126555,90.46258980158247,90.83215861403677,22158500,MSFT
2018-05-31,91.32185363769531,92.38438171256918,91.10935225216495,91.73762917085848,34140900,MSFT
2018-06-01,93.12354278564453,93.18821804625306,91.62676340560832,91.72839696500381,28655600,MSFT
2018-06-04,93.93659973144531,94.11214988004193,93.17897226513404,93.55778952282687,27281600,MSFT
2018-06-05,94.41703796386719,94.54638846168065,93.80723671782648,94.24148783866029,23514400,MSFT
2018-06-06,94.6942138671875,94.79584740742816,94.14909492323616,94.68497958103718,21122900,MSFT
2018-06-07,93.20667266845703,94.87900182862973,92.74470461132914,94.84204353817073,28232200,MSFT
2018-06-08,93.89962768554688,94.19528696937581,92.89254067312352,93.4007013223843,22165100,MSFT
2018-06-11,93.36376190185547,93.86268127911943,93.01266161161325,93.3268036055629,23490900,MSFT
2018-06-12,93.60398864746094,93.73333917154643,93.08658655111898,93.4099628613327,18325200,MSFT
2018-06-13,93.17894744873047,94.25071662976582,92.91100515347163,93.98277433450698,29492900,MSFT
2018-06-14,93.70562744140625,94.26922920599529,93.31757584748192,93.91813591374117,25691800,MSFT
2018-06-15,92.51371765136719,93.80722958015357,92.45828374197173,93.78875396004607,65738600,MSFT
2018-06-18,93.18822479248047,93.41920888981478,91.85775413613077,92.40288027135885,23586000,MSFT
2018-06-19,93.18822479248047,93.31757532306166,91.9316707390558,92.07026260727143,28653100,MSFT
2018-06-20,94.12139129638672,94.7219442385856,93.42843908701164,93.65942315680333,26180800,MSFT
2018-06-21,93.44691467285156,94.66651027889083,93.20668926662545,94.31541703061757,23198200,MSFT
2018-06-22,92.77241516113281,93.10502562887889,92.051739175312,92.77241516113281,38923100,MSFT
2018-06-25,90.90608978271484,92.49526130792646,89.89900262375771,92.39362775347169,35433300,MSFT
2018-06-26,91.5435791015625,92.46751508672384,91.23867853468194,91.30335377168035,26897200,MSFT
2018-06-27,90.12073516845703,92.412092930223,89.99138466815123,92.00556580743628,31298400,MSFT
2018-06-28,91.12781524658203,91.57130767734826,89.86202729763778,89.97289511852455,26650700,MSFT
2018-06-29,91.10933685302734,92.31045656927783,90.85063588006824,91.40499611484815,28053200,MSFT
2018-07-02,92.40284729003906,92.44903986357328,90.54573383658906,90.63812603273023,19564500,MSFT
2018-07-03,91.51587677001953,92.97569050249281,91.4142432314895,92.83710572183665,14670300,MSFT
2018-07-05,92.17188262939453,92.31970876444636,91.49740606269937,91.93165722972684,18977400,MSFT
2018-07-06,93.46539306640625,93.71485274866468,92.08872299870986,92.29199009858847,19234600,MSFT
2018-07-09,94.1028823852539,94.47245820368917,93.5485221821372,93.91809800057248,18212000,MSFT
2018-07-10,94.35237884521484,94.71271344345048,94.11215343003286,94.24150394995978,19293100,MSFT
2018-07-11,94.2230224609375,94.55563302785202,93.4099540444876,93.4561536769038,19644600,MSFT
2018-07-12,96.26493072509766,96.46819785029359,94.91598449770404,94.95293574858063,24335900,MSFT
2018-07-13,97.41058349609375,97.56765094162441,96.17250545414652,96.43121348387548,24635200,MSFT
2018-07-16,96.93014526367188,97.77092349798122,96.56980367859823,97.38287200522306,21786900,MSFT
2018-07-17,97.89102935791016,98.39919704490751,96.38501601592206,96.6529583373322,25901700,MSFT
2018-07-18,97.12418365478516,97.98344467151716,96.75460773539221,97.88181111745725,29493900,MSFT
2018-07-19,96.45893859863281,97.29971685688679,95.98772917310774,96.94862364616488,40171600,MSFT
2018-07-20,98.18668365478516,99.96988056269902,98.01114059378645,99.85901274503097,56004000,MSFT
2018-07-23,99.75739288330078,99.91446034590324,98.05734660566769,98.21442111734395,29707000,MSFT
2018-07-24,99.47096252441406,100.54272471997172,99.10138667974583,100.31174069818819,26316600,MSFT
2018-07-25,102.39984893798828,102.6955082348288,99.41553196284845,99.74814955292823,30702100,MSFT
2018-07-26,101.28186798095703,102.55689713743203,101.17099312206133,102.31667180102752,31372100,MSFT
2018-07-27,99.48945617675781,101.79929681324543,98.06659349879253,101.79929681324543,37005300,MSFT
2018-07-30,97.35517883300781,99.35087774695096,96.79157707765958,99.03674276151762,34668300,MSFT
2018-07-31,98.01113891601562,98.60245743036576,97.36437944470768,98.38994903501833,27655200,MSFT
2018-08-01,98.19593811035156,98.35300557241743,97.40135241521702,97.9649540605816,23628700,MSFT
2018-08-02,99.3878173828125,99.86826110826921,96.86546843921167,97.38287750786564,26104300,MSFT
2018-08-03,99.82207489013672,99.83131622652508,98.6948715192824,99.60033216033605,18659600,MSFT
2018-08-06,99.90522003173828,100.17316237901555,99.37857667304128,99.89598574495463,20265900,MSFT
2018-08-07,100.59818267822266,100.80144979383631,99.94218874542608,100.30252334162314,16080200,MSFT
2018-08-08,101.1617660522461,101.4019914225229,100.48729661714455,101.01393993528036,15487500,MSFT
2018-08-09,101.32804870605469,101.78078237348008,101.26337347486128,101.36500698803258,13677200,MSFT
2018-08-10,100.70905303955078,101.3465713190829,100.13621001670494,101.09710457966847,18183700,MSFT
2018-08-13,99.97913360595703,101.2449287154656,99.87750006181025,100.93078674744636,18472500,MSFT
2018-08-14,101.22644805908203,101.40199819320668,99.82206813330617,100.30251185686602,16788300,MSFT
2018-08-15,99.85376739501953,101.0873260717042,99.07467062828121,100.6235801865173,29982800,MSFT
2018-08-16,99.83519744873047,100.96673835775339,99.51985369438611,100.4473453147394,21384300,MSFT
2018-08-17,99.7795639038086,100.07636097998875,98.95409681455128,99.57551458714715,18061500,MSFT
2018-08-20,99.12104034423828,100.07635566129031,98.75931914799916,99.71463446505119,17914200,MSFT
2018-08-21,98.29557800292969,99.56623716163527,98.1749995476128,99.16741542923414,22881900,MSFT
2018-08-22,99.29725646972656,99.5569530065571,98.1100682578156,98.17499239202323,18000600,MSFT
2018-08-23,99.76101684570312,100.33606431548814,99.12105230844985,99.38074888312666,18167700,MSFT
2018-08-24,100.54012298583984,100.68851800964025,99.7610261132325,99.86305078793349,17234000,MSFT
2018-08-27,101.65308380126953,101.69018431655091,100.64212129560093,101.34700985734794,19662300,MSFT
2018-08-28,102.2652359008789,102.487831925535,101.82931367361901,101.96843884260409,19151500,MSFT
2018-08-29,103.89762115478516,103.9068980534814,102.27451061676027,102.44145941229084,20818000,MSFT
2018-08-30,103.83270263671875,104.44485061219955,103.35968692061168,103.57300606876959,22798700,MSFT
2018-08-31,104.1851577758789,104.60252626414608,103.43388459031657,103.59156357753398,23222700,MSFT
2018-09-04,103.61009979248047,103.84197272382418,102.22813910300803,102.81245634256207,22634600,MSFT
2018-09-05,100.62358093261719,103.34113212301044,100.26185970558538,102.96086417396192,32872400,MSFT
2018-09-06,100.8554458618164,101.08731878770189,99.71463502913187,100.40097690841688,23477600,MSFT
2018-09-07,100.36388397216797,100.83690675804041,99.45494599671183,100.38243777031235,22498600,MSFT
2018-09-10,101.44905090332031,101.69020075352834,100.50301237742863,100.94820448036558,20727900,MSFT
2018-09-11,103.17418670654297,103.49880742399567,100.99458237370227,101.00385927311548,24301800,MSFT
2018-09-12,103.61009979248047,103.73994806793692,102.49711255251077,103.35040324156756,18891100,MSFT
2018-09-13,104.72310638427734,105.48364940518745,103.99038698619792,103.99038698619792,26055600,MSFT
2018-09-14,105.14973449707031,105.48363206856341,104.2871669500798,105.14045759891773,19122300,MSFT
2018-09-17,104.0089111328125,105.45579581555096,103.74921460782863,105.44652599408695,20736500,MSFT
2018-09-18,105.00133514404297,105.4558040984605,103.61937448400592,104.05529671783911,22170900,MSFT
2018-09-19,103.6008071899414,105.10334610472391,102.98866642360728,104.85292649035978,21728400,MSFT
2018-09-20,105.33523559570312,105.54856180733915,103.81414972311683,104.13877041369311,23714500,MSFT
2018-09-21,105.9752197265625,106.93053519053329,105.2796008458613,105.73406986658308,71229700,MSFT
2018-09-24,106.3554916381836,106.56881788302285,104.08313937426847,104.83440552884748,27334500,MSFT
2018-09-25,106.15143585205078,106.75430694962952,105.50219440924354,106.47606364965542,22668000,MSFT
2018-09-26,105.71549987792969,106.71718546778034,105.49289679022989,106.16996879863413,19352000,MSFT
2018-09-27,106.11431121826172,106.57805699145325,105.91953176646622,106.45747856165615,19091300,MSFT
2018-09-28,106.07723236083984,106.26272787750213,105.43726079881428,105.91028356536363,21647800,MSFT
2018-10-01,107.22731018066406,107.29223431309069,106.41112007641514,106.42966679588001,18883100,MSFT
2018-10-02,106.80070495605469,107.44066962268398,106.14218648679709,106.93983017095753,20787200,MSFT
2018-10-03,106.81920623779297,107.75597473832165,106.59661023437009,107.05107913858328,16648000,MSFT
2018-10-04,104.61177825927734,106.43893784078179,103.53588460828412,106.29981268574655,34821700,MSFT
2018-10-05,103.9996337890625,104.96422593215057,102.61767324349766,104.4633796034587,29068900,MSFT
2018-10-08,102.81246948242188,103.90691014128626,101.41195481677818,103.56374268780753,29640600,MSFT
2018-10-09,104.12023162841797,104.88077462267803,102.76609444723302,103.08143826319898,26198600,MSFT
2018-10-10,98.46253967285156,103.41534282973487,98.11936513575986,103.1741929637731,61376300,MSFT
2018-10-11,98.23064422607422,101.03166590062192,96.64462727464452,97.71124408931723,63904300,MSFT
2018-10-12,101.62529754638672,103.17420747879228,99.35294499051997,101.105904293892,47742100,MSFT
2018-10-15,99.7981185913086,101.541807744727,99.19524749201396,101.01313768945039,32068100,MSFT
2018-10-16,102.95156860351562,103.33184355979802,101.05020797450246,101.59743170346016,31610200,MSFT
2018-10-17,102.68260955810547,103.7028490555921,101.60672282067242,103.58227767697473,26548200,MSFT
2018-10-18,100.63284301757812,102.51564991603765,100.011425316587,102.1168282274822,32506200,MSFT
2018-10-19,100.78128051757812,102.82176001422964,100.36390488676159,101.03170023510634,32785500,MSFT
2018-10-22,101.680908203125,102.52492901083843,100.39169536099993,101.39338805272583,26545600,MSFT
2018-10-23,100.2618408203125,101.06876106196194,97.48864291002666,99.95576689318347,43770400,MSFT
2018-10-24,94.90097045898438,100.62359375559767,94.2238982617801,100.54939978187521,63897800,MSFT
2018-10-25,100.44735717773438,101.3470182117209,98.45324854322749,98.82424665042417,61646800,MSFT
2018-10-26,99.20451354980469,100.8647245782131,97.16403459571404,98.02660217860333,55523100,MSFT
2018-10-29,96.32002258300781,100.81835642430593,94.26098964266824,100.271139655654,55162000,MSFT
2018-10-30,96.2087173461914,96.81158129143232,92.85119483807064,96.14379321011006,65350900,MSFT
2018-10-31,99.06539154052734,100.29895726615871,97.74835495398283,97.79473237195712,51062400,MSFT
2018-11-01,98.23992919921875,99.53841912707702,97.8782079653712,99.28799945602904,33384200,MSFT
2018-11-02,98.46253967285156,99.53842655540168,97.36809899034982,98.75933678626554,37680200,MSFT
2018-11-05,99.71463012695312,99.92794924560849,98.22136799156644,98.65729020299234,27922100,MSFT
2018-11-06,99.90941619873047,100.94820246901995,98.57382576412886,99.5940653122492,24340200,MSFT
2018-11-07,103.84196472167969,104.10166125258019,101.46758835207551,101.50468886737553,37901700,MSFT
2018-11-08,103.6471939086914,104.07383922686732,102.86810430407449,103.69357132257569,25644100,MSFT
2018-11-09,101.62529754638672,103.3689799484778,100.87403129528509,102.81248616706169,32039200,MSFT
2018-11-12,99.12104034423828,101.98698629539436,98.40686777387894,101.48613992917095,33621800,MSFT
2018-11-13,99.18598175048828,100.85546285239221,98.90773136207031,99.7517523510572,35374600,MSFT
2018-11-14,97.77941131591797,100.84404262970372,97.31366200573966,100.69499943919682,39495100,MSFT
2018-11-15,99.9311752319336,100.41555851552734,96.79202929216486,97.79804244506956,38505200,MSFT
2018-11-16,100.8719711303711,101.42155182165904,99.48404038674023,99.7448588237426,33502100,MSFT
2018-11-19,97.45339965820312,101.12349982056207,96.4566963017098,100.85336433614054,44773900,MSFT
2018-11-20,94.74270629882812,95.91639633327237,92.54436939287757,94.82654485467302,64052500,MSFT
2018-11-21,96.04679870605469,97.27637628563339,95.23639255553537,96.50323092319448,28130600,MSFT
2018-11-23,96.00956726074219,96.69887428397637,95.01286397197369,95.17121703963531,13823100,MSFT
2018-11-26,99.17664337158203,99.32567943146275,97.41611182945199,97.61172565560318,32336200,MSFT
2018-11-27,99.80075073242188,99.97773772515438,98.14268450609534,98.99034446265533,29124500,MSFT
2018-11-28,103.50811767578125,103.7037315113656,100.47143052315587,100.49937434155798,46788500,MSFT
2018-11-29,102.64183807373047,103.50813209875449,101.56129623315398,102.77224731562478,28123200,MSFT
2018-11-30,103.29388427734375,103.36840587464218,101.868692486172,103.11689726045266,33665600,MSFT
2018-12-03,104.41168212890625,105.65057706112067,103.14485048054775,105.25934932677006,34732800,MSFT
2018-12-04,101.08623504638672,104.9240122203262,100.79747272569772,104.27196597787652,45197000,MSFT
2018-12-06,101.7103271484375,101.75689781105125,97.8073460188522,98.57117453206196,49107400,MSFT
2018-12-07,97.63970184326172,101.9525386365743,97.15532560460191,100.9558352261642,45044900,MSFT
2018-12-10,100.21991729736328,100.5832082400558,96.77337579002113,97.6210428116881,40801500,MSFT
2018-12-11,101.15142822265625,103.34976545807343,100.08021053226442,102.27854776768162,42381900,MSFT
2018-12-12,101.60785675048828,103.6478336060795,101.57059595816554,103.2938667391677,36183000,MSFT
2018-12-13,101.95252227783203,103.27525573444744,101.18869368500059,102.07362164814482,31333400,MSFT
2018-12-14,98.76679992675781,101.77554366899868,98.2731067833183,100.83472805018204,47043100,MSFT
2018-12-17,95.84190368652344,98.5525683999628,94.74273490170854,98.18928446408741,56957300,MSFT
2018-12-18,96.84790802001953,97.35091810354068,95.49723082164701,96.64297719635128,49319200,MSFT
2018-12-19,96.58707427978516,99.55854943269603,94.40736426260312,96.54981348985045,68198200,MSFT
2018-12-20,94.55643463134766,97.16462671637441,92.01344006400622,95.99094347615934,70334200,MSFT
2018-12-21,91.50110626220703,95.9443512463454,90.78384839445772,94.66819566647624,111242100,MSFT
2018-12-24,87.68196105957031,91.25891939540907,87.54224195434917,90.98878394736427,43935200,MSFT
2018-12-26,93.6714859008789,93.79258525293807,87.52359728687782,88.62276578959084,51634800,MSFT
2018-12-27,94.24901580810547,94.25833278273342,89.79645424303467,92.49780123682501,49498500,MSFT
2018-12-28,93.51314544677734,95.3947766299849,92.70273909280928,95.09669025050847,38196300,MSFT
2018-12-31,94.61229705810547,95.38544247539859,93.55970637053582,94.35147862980638,33173800,MSFT
2019-01-02,94.193115234375,94.77995663347241,92.16244855736745,92.73066311653712,35329300,MSFT
2019-01-03,90.72796630859375,93.32684829113309,90.54166232197043,93.24300972046,42579100,MSFT
2019-01-04,94.9476547241211,95.48792562993353,92.15315886108223,92.88904362449493,44060600,MSFT
2019-01-07,95.06873321533203,96.19584553067855,94.06272025150858,94.67750555680239,35656100,MSFT
2019-01-08,95.75802612304688,96.84787740611905,94.74268930130607,95.98158372057678,31514400,MSFT
2019-01-09,97.1273422241211,97.69555685868518,96.16789993824808,96.74543154739648,32280800,MSFT
2019-01-10,96.50325775146484,96.64298396891861,95.36682827277113,96.14929082644984,30067600,MSFT
2019-01-11,95.75802612304688,96.35418445430523,94.67748470591118,96.12130988407094,28314200,MSFT
2019-01-14,95.05944061279297,95.82326922584178,94.32355582231888,94.91971439314864,28437100,MSFT
2019-01-15,97.81666564941406,97.85392644457843,94.90107061203932,95.48791925241571,31587600,MSFT
2019-01-16,98.16133117675781,98.98105458718067,97.77010342547663,98.04955588026098,29853900,MSFT
2019-01-17,98.85061645507812,99.32567553993157,97.58377801526416,97.807335649711,28393000,MSFT
2019-01-18,100.33170318603516,100.50869017626661,98.65501014000569,100.09882855963359,37427600,MSFT
2019-01-22,98.44076538085938,99.76349159382995,97.67693686706806,99.4374685282062,32371300,MSFT
2019-01-23,99.40019989013672,99.70759608779746,98.12404444051957,98.85061920956383,25874300,MSFT
2019-01-24,98.9251480102539,99.67034972944384,98.12405864949432,99.53994049460114,23164800,MSFT
2019-01-25,99.82869720458984,100.49006031768445,98.92514248028162,99.89390181836622,31225600,MSFT
2019-01-28,97.8818588256836,99.18595807695827,97.49063118233194,98.98102728088764,29476700,MSFT
2019-01-29,95.88848114013672,97.77942241706069,95.17122314123856,97.69558383618954,31490500,MSFT
2019-01-30,99.09281158447266,99.09281158447266,97.18324385198478,97.45337927991883,49471900,MSFT
2019-01-31,97.27639770507812,98.01228244147227,96.11202447156276,96.68955615382367,55636400,MSFT
2019-02-01,95.73941802978516,96.96899580836966,95.33887337655393,96.67091656225128,35535700,MSFT
2019-02-04,98.49665069580078,98.55254543913937,95.73009897732443,95.82325451396552,31315100,MSFT
2019-02-05,99.87528991699219,99.92186058707432,98.7015995866497,98.79474803358492,27325400,MSFT
2019-02-06,98.76679992675781,99.67035474706215,98.30105060550986,99.67035474706215,20609800,MSFT
2019-02-07,98.05886840820312,98.3569477182256,97.14600363047177,97.98435391077601,29760700,MSFT
2019-02-08,98.43144226074219,98.53390766165148,97.1180331050029,97.23912534845508,21461100,MSFT
2019-02-11,98.04023742675781,99.27913239392764,97.77941892983175,98.92515834229567,18914100,MSFT
2019-02-12,99.56787872314453,99.80075335896568,98.25446947263366,98.86925481568112,25056600,MSFT
2019-02-13,99.49335479736328,100.39690950021166,99.40020636657648,100.13609105130074,18394900,MSFT
2019-02-14,99.57717895507812,99.9404627573332,98.42212294551763,99.02759121143028,21784700,MSFT
2019-02-15,100.8067626953125,100.88128427641905,100.00567346533983,100.518000451986,26606900,MSFT
2019-02-19,100.76021575927734,101.21665525313153,100.39693182369302,100.40624880087428,18038500,MSFT
2019-02-20,100.2363510131836,100.97537861880066,99.43184031021426,100.90053875407739,21607700,MSFT
2019-02-21,102.3504867553711,102.41596982454375,99.9743756013474,100.0024387542615,29063200,MSFT
2019-02-22,103.80985260009766,104.02500824857779,102.73405294633407,102.94921573193517,27763200,MSFT
2019-02-25,104.38986206054688,104.94179713341468,104.08116011303738,104.54889855504099,23750600,MSFT
2019-02-26,105.11016845703125,105.93338542967308,103.99694883794052,104.08114545694866,21536700,MSFT
2019-02-27,104.93243408203125,105.11017696322715,103.72566811747757,104.48340920138725,21487100,MSFT
2019-02-28,104.80148315429688,105.59663714641886,104.52084434731884,104.81083992233299,29083900,MSFT
2019-03-01,105.26918029785156,105.72756183189817,104.46466985361954,105.60595244367519,23501200,MSFT
2019-03-04,105.01661682128906,105.94273676013616,103.65082168948928,105.72757397781771,26608000,MSFT
2019-03-05,104.49275207519531,105.13823332865095,104.053083989651,105.00726715217029,19538300,MSFT
2019-03-06,104.5395278930664,105.39081517018386,104.24017561545702,104.6517876735904,17687000,MSFT
2019-03-07,103.26728057861328,104.35243706298319,102.78083579614767,104.21211411936689,25339000,MSFT
2019-03-08,103.37953186035156,103.56662434504166,101.7798675637525,102.11663974589133,22818400,MSFT
2019-03-11,105.54984283447266,105.66209547609726,103.81921228392213,103.82856191264341,26491600,MSFT
2019-03-12,106.28887939453125,106.63500125192128,105.38146573260926,105.54049507990315,26132700,MSFT
2019-03-13,107.11209869384766,107.57983711609154,106.43855422387696,106.7659696920233,35513800,MSFT
2019-03-14,107.1962890625,107.76693051328365,106.95307021966781,107.14951950216549,30763400,MSFT
2019-03-15,108.43111419677734,109.6846496238026,107.19627802741456,107.89788559430455,54681100,MSFT
2019-03-18,109.98399353027344,110.02141345411441,108.5620721099197,108.67432474432194,31207600,MSFT
2019-03-19,110.058837890625,110.79786535826463,109.4414198276143,110.47044279551113,37588700,MSFT
2019-03-20,109.93724060058594,111.08788031172752,109.17950660612823,109.81563117466132,28113300,MSFT
2019-03-21,112.4630126953125,113.02429730126065,109.53496598679597,109.58174267775873,29854400,MSFT
2019-03-22,109.49756622314453,111.87367109972185,109.48820945641481,111.78948161051984,33624500,MSFT
2019-03-25,110.0682144165039,110.39562990091643,108.81467167131014,109.03918412674699,27067100,MSFT
2019-03-26,110.30204010009766,111.05041703519028,109.31043013384874,110.96622757405414,26097700,MSFT
2019-03-27,109.23561096191406,110.58269969185966,108.06626508859208,110.27399066839367,22733400,MSFT
2019-03-28,109.38529205322266,109.99335334252171,108.6369078299129,109.86238717401064,18334800,MSFT
2019-03-29,110.33012390136719,110.6856024767777,109.41335359819583,110.45173330258429,25399800,MSFT
2019-04-01,111.34043884277344,111.42463546097007,110.47980195188099,111.27495575622991,22789100,MSFT
2019-04-02,111.49947357177734,111.77076267954062,110.87269873936926,111.37785702929526,18142300,MSFT
2019-04-03,112.22915649414062,112.65947497970495,111.4620657786352,112.12625347181852,22860700,MSFT
2019-04-04,111.65850830078125,112.47237566341686,110.74173792204958,112.35075911505533,20112800,MSFT
2019-04-05,112.15428924560547,112.47235500159583,111.66784455288617,111.6865509445938,15826200,MSFT
2019-04-08,112.1917495727539,112.2759390714398,110.9849834650645,112.07948977071676,15116200,MSFT
2019-04-09,111.58368682861328,111.82691282828479,110.92885583386986,110.97562539799578,17612000,MSFT
2019-04-10,112.43495178222656,112.58462434948032,111.82689047316553,112.03269649812044,16477200,MSFT
2019-04-11,112.56591796875,113.05236273378559,112.18236907908332,112.76236722792521,14209100,MSFT
2019-04-12,113.14591979980469,113.17399009990342,112.60334866230004,112.85592426621412,19745100,MSFT
2019-04-15,113.23944854736328,113.7352500177085,112.7904166260935,113.13654554742897,15792600,MSFT
2019-04-16,112.9775390625,113.80076328032436,112.35077126910892,113.79140651317941,14071800,MSFT
2019-04-17,113.9129867553711,113.98782659911397,112.76235449058571,113.4171852805351,19300900,MSFT
2019-04-18,115.40977478027344,115.55009058984051,113.47333809991099,114.3059118765761,27991000,MSFT
2019-04-22,115.77462005615234,115.99913250777318,114.66140029094865,114.70817698955065,15648700,MSFT
2019-04-23,117.3462142944336,117.47718047793992,115.84009604698912,116.09267164743082,24025500,MSFT
2019-04-24,116.9439468383789,117.72974385784991,116.4855581065665,117.67361753849369,31257000,MSFT
2019-04-25,120.81682586669922,122.89358555373819,120.51748070622843,121.66811320064403,38033900,MSFT
2019-04-26,121.50907135009766,122.0984262551426,120.69521116636285,121.33132848830684,23654900,MSFT
2019-04-29,121.39679718017578,121.78033172132908,121.0038987379098,121.51839942648509,16324200,MSFT
2019-04-30,122.17326354980469,122.2668026558876,121.04133045454007,121.43422895826848,24166500,MSFT
2019-05-01,119.62873840332031,122.22000530126053,119.4603523391752,122.10775268324355,26821700,MSFT
2019-05-02,118.0665054321289,119.74100946786045,117.42102426908771,119.72230307546404,27350200,MSFT
2019-05-03,120.58294677734375,121.07874831048684,119.03941585706693,119.14231887003487,24911100,MSFT
2019-05-06,119.88131713867188,120.26486595947834,117.97295121012417,118.23488350866522,24239800,MSFT
2019-05-07,117.4210433959961,118.9739382913038,116.20492785276527,118.30039386139306,36017700,MSFT
2019-05-08,117.41168212890625,118.21619265854247,116.70071784145824,117.3461990456624,28419000,MSFT
2019-05-09,117.40233612060547,117.67362524379291,115.59686564617424,116.27041007103666,27235800,MSFT
2019-05-10,118.92713165283203,119.67551575032725,115.83070654525697,116.85037969966622,30915100,MSFT
2019-05-13,115.39102935791016,117.44908202062564,115.10103391545317,116.1019935240933,33944900,MSFT
2019-05-14,116.6820297241211,117.75782238347155,115.71848258100876,115.87751906847197,25266300,MSFT
2019-05-15,118.32514953613281,118.97302006648157,116.14681023977987,116.67262121720279,24722700,MSFT
2019-05-16,121.05748748779297,121.48002181042364,118.73831246831794,119.01060583834227,30112200,MSFT
2019-05-17,120.24998474121094,122.49404950033257,120.1091352245321,120.47532104457021,25770500,MSFT
2019-05-20,118.51293182373047,119.79927421282763,118.08102056077807,118.79460934467902,23706900,MSFT
2019-05-21,119.15142059326172,119.7429498825604,118.85096024835038,119.64905736793929,15293300,MSFT
2019-05-22,119.87438201904297,120.40958431180584,118.7946003615445,118.88850002496585,15396500,MSFT
2019-05-23,118.47537231445312,118.5786562202599,117.1232973028292,118.49414795026388,23603800,MSFT
2019-05-24,118.53173828125,119.63968734423895,118.27822773012262,119.16083328504935,14123400,MSFT
2019-05-28,118.45659637451172,120.18424140622751,118.35331246897012,119.2265263844788,23128400,MSFT
2019-05-29,117.31110382080078,117.73362373181999,116.46605683522245,117.72423233099691,22763100,MSFT
2019-05-30,118.05287170410156,118.08103874417998,117.16087484155737,117.61156897343257,16829600,MSFT
2019-05-31,116.12802124023438,117.01062653787463,115.7900024949057,116.64444075769173,26646800,MSFT
2019-06-03,112.52249145507812,116.77589284851813,111.74317721677703,116.28764036109636,37983600,MSFT
2019-06-04,115.6397933959961,115.75246155243883,113.28305322202273,113.87458253396697,29382600,MSFT
2019-06-05,118.14676666259766,118.184325104657,116.62568199512563,117.3204952643727,24926100,MSFT
2019-06-06,120.01525115966797,120.15609352272283,117.9308042443685,118.71951717935161,21459000,MSFT
2019-06-07,123.37666320800781,124.17476763441147,120.42839330568805,121.30161462268939,33885600,MSFT
2019-06-10,124.5033950805664,125.8930216590109,123.94002559702024,124.31559570133028,26477100,MSFT
2019-06-11,124.0339126586914,126.04324259904969,123.26397539803801,125.70522380875205,23913700,MSFT
2019-06-12,123.4611587524414,123.91184569625841,122.72878709608393,123.37664330972353,17092500,MSFT
2019-06-13,124.24048614501953,124.87895815180465,123.52688292910639,123.92123581454668,17200800,MSFT
2019-06-14,124.362548828125,125.6207244705567,123.60201003422347,124.18414800939125,17821700,MSFT
2019-06-17,124.73815155029297,125.56440878808782,124.43768395321585,124.53158365907335,14517800,MSFT
2019-06-18,126.90702819824219,126.98214505496371,125.41411827947489,125.99625601022241,25934500,MSFT
2019-06-19,127.40471649169922,127.63005282614675,125.63950546076002,126.75684587599999,23744400,MSFT
2019-06-20,128.58775329589844,129.25440660145264,127.43286179759795,129.0572230153629,33042600,MSFT
2019-06-21,128.60655212402344,129.320141028793,128.12769810824025,128.2403662702879,36727900,MSFT
2019-06-24,129.36709594726562,129.94923391012415,128.63472421106255,128.63472421106255,20628800,MSFT
2019-06-25,125.28268432617188,129.18867588881974,124.6254295745434,128.86943991332578,33327400,MSFT
2019-06-26,125.75218963623047,127.45168256166157,125.4423521369228,126.14655692587915,23657700,MSFT
2019-06-27,125.95872497558594,126.48454311689689,125.35780428402427,125.94934073857445,16557500,MSFT
2019-06-28,125.78034973144531,126.38127047661843,125.02919521820874,126.35310343599161,30043000,MSFT
2019-07-01,127.39527130126953,128.35299335340088,126.72863245306884,128.28727505559954,22613500,MSFT
2019-07-02,128.2403106689453,128.249694902687,127.07602096662667,127.80839235656236,15237800,MSFT
2019-07-03,129.06666564941406,129.3295676359168,127.96809352292598,128.44696196962175,13629300,MSFT
2019-07-05,128.6910858154297,128.94460357127926,127.43290993053576,127.6394778312896,18141100,MSFT
2019-07-08,128.59713745117188,128.72858838481056,127.10421302196715,128.07131938953984,16779700,MSFT
2019-07-09,128.12770080566406,128.60655483152837,127.5079972471943,127.69578229692064,19953100,MSFT
2019-07-10,129.43287658691406,130.11829873220282,128.65355471669852,128.7568386832834,24204400,MSFT
2019-07-11,129.94918823242188,130.71912530486543,129.45155156933563,129.76140324528905,22327900,MSFT
2019-07-12,130.418701171875,130.63466758951597,129.5830455236234,130.37176565481306,18936800,MSFT
2019-07-15,130.418701171875,131.01962192649322,130.00557979382822,130.92573656528842,16651500,MSFT
2019-07-16,128.70985412597656,130.55956645715375,128.1840501931291,130.47506532374956,22726100,MSFT
2019-07-17,127.94931030273438,129.50793923541355,127.90236045474984,129.29198712718318,20211000,MSFT
2019-07-18,128.09010314941406,128.2778881521538,126.44695930305605,127.27323050760369,30381800,MSFT
2019-07-19,128.27789306640625,132.0806004076441,128.11827509160875,131.65808055352386,48992400,MSFT
2019-07-22,129.9773712158203,130.69097431240974,128.94454649629662,129.01966336578383,25074900,MSFT
2019-07-23,130.78489685058594,131.44216606376384,129.60183805561326,131.22619962991078,18034600,MSFT
2019-07-24,132.12759399414062,132.14637679947703,130.3717813628768,130.41871688559382,20738300,MSFT
2019-07-25,131.6299285888672,132.02428145300124,130.81305582223808,131.85526489575548,18356900,MSFT
2019-07-26,132.709716796875,133.02895281557116,131.73322593760406,131.79894425812105,19037600,MSFT
2019-07-29,132.4186248779297,132.86931178665947,130.85998200668604,132.85992755023454,16605900,MSFT
2019-07-30,131.78018188476562,132.59705477251788,131.26376222644112,131.5829982599211,16846500,MSFT
2019-07-31,127.94931030273438,131.9116367776502,126.83196982528001,131.7614029949325,38598800,MSFT
2019-08-01,129.62998962402344,132.33414006352837,128.56898336714653,128.63471601145017,40557500,MSFT
2019-08-02,128.54086303710938,129.8741702662045,127.00100221662503,129.6582037796538,30791600,MSFT
2019-08-05,124.13719177246094,125.7521544557483,122.79450090039946,125.16063234092599,42749600,MSFT
2019-08-06,126.46577453613281,127.39531555257098,125.07614796696842,125.63011888160464,32696700,MSFT
2019-08-07,127.01976776123047,127.36717088277113,123.78042850119981,125.62074238118574,33414500,MSFT
2019-08-08,130.40933227539062,130.5032319747228,127.63006450389935,128.25916670067636,27496500,MSFT
2019-08-09,129.30137634277344,130.86940372790897,128.12770186344318,130.14641623705882,23466700,MSFT
2019-08-12,127.49858093261719,129.4421924607648,126.9821756995304,128.70043660312965,20484300,MSFT
2019-08-13,130.1370391845703,130.3248242462156,126.75685076662751,127.74274024911765,25154600,MSFT
2019-08-14,126.21800994873047,128.98768653652,125.92597176256544,128.46013182928155,32527300,MSFT
2019-08-15,125.93541717529297,126.78328547751407,124.58826925452,126.60429057899658,28074400,MSFT
2019-08-16,128.24349975585938,128.55438338343822,126.91518272205668,127.06591679145104,24449100,MSFT
2019-08-19,130.39137268066406,130.52326136000605,128.95942818010255,129.86381796329613,24355700,MSFT
2019-08-20,129.30801391601562,130.67402153767446,129.28918294004671,130.20298839221715,21170800,MSFT
2019-08-21,130.74937438964844,131.4088322941226,130.0051483436039,130.5232876793518,14970300,MSFT
2019-08-22,129.79788208007812,131.13561438171598,128.39419824342653,130.62690495002428,18697000,MSFT
2019-08-23,125.6622085571289,130.3348631862218,125.10639295476594,129.24206295545477,38508600,MSFT
2019-08-26,127.60285949707031,127.706487350474,126.14265406266887,127.16951710995593,20312600,MSFT
2019-08-27,127.87609100341797,128.7993119977184,126.85865762458432,128.48842837850881,23102100,MSFT
2019-08-28,127.70646667480469,127.89487700281988,125.81291915985409,127.06586868459571,17393300,MSFT
2019-08-29,130.11814880371094,130.4196168177783,128.9782570156357,129.2985559994927,20168700,MSFT
2019-08-30,129.87322998046875,131.11674972750893,128.3753483676388,131.08848889517535,23940100,MSFT
2019-09-03,128.1586456298828,129.25144558282722,127.83834665653949,128.69563012176926,18869300,MSFT
2019-09-04,129.6565704345703,129.71309210430604,128.5731857237431,129.34568687623496,17995900,MSFT
2019-09-05,131.9363555908203,132.2472391179814,130.7210823142099,131.0508111876561,26101800,MSFT
2019-09-06,131.04141235351562,132.05883118559822,130.19354416039448,131.91752700747264,20824500,MSFT
2019-09-09,129.55294799804688,131.6537516015237,128.55436012486388,131.50301755940075,25773900,MSFT
2019-09-10,128.1962890625,128.959359901449,126.71723916495762,128.8745774470725,28903400,MSFT
2019-09-11,128.23402404785156,128.37534257793357,127.26369718206007,128.0361982304384,24726100,MSFT
2019-09-12,129.55294799804688,130.4008018291069,128.94059634246844,129.8638315693794,27010000,MSFT
2019-09-13,129.36453247070312,130.06165223182276,128.65798284808366,129.79787485602796,23363100,MSFT
2019-09-16,128.43190002441406,128.78045995445083,127.80071733025433,127.96086687580612,16731400,MSFT
2019-09-17,129.43045043945312,129.5529236224832,128.52606073166706,129.02536894910247,17814200,MSFT
2019-09-18,130.49497985839844,130.63628400146004,128.62026343666227,129.40217990276975,23982100,MSFT
2019-09-19,132.89727783203125,134.12195231938244,131.95521168804507,132.17188287622108,35772100,MSFT
2019-09-20,131.36167907714844,133.44363678800835,130.24061829063047,132.8407151517448,39167300,MSFT
2019-09-23,131.07908630371094,131.5407039018818,130.4196428597447,131.16386880905182,17139300,MSFT
2019-09-24,129.4210662841797,132.53930327795948,128.95003315823615,132.2284196898619,29773200,MSFT
2019-09-25,131.28631591796875,131.85156125747696,128.14923447074904,129.53407261523665,21382000,MSFT
2019-09-26,131.45594787597656,132.05886983709323,130.4196833919163,131.3617498545857,17456600,MSFT
2019-09-27,129.75079345703125,132.22843254021143,128.7333600811412,132.03059228318074,22477700,MSFT
2019-09-30,130.97544860839844,131.1544434671942,129.79786598451886,130.05222785621746,17280900,MSFT
2019-10-01,129.12899780273438,132.12476088219773,129.0630462806495,131.56894537371167,21466600,MSFT
2019-10-02,126.84917449951172,128.46952908454108,125.84117140724922,128.35648577039947,30521700,MSFT
2019-10-03,128.38478088378906,128.82755314879915,125.50206060506926,127.13183110990826,24132900,MSFT
2019-10-04,130.11814880371094,130.24062198127407,128.51663950963984,128.82752300860201,22897700,MSFT
2019-10-07,129.17611694335938,130.17470484785542,129.08191894517083,129.19496229291303,15303700,MSFT
2019-10-08,127.81012725830078,129.7790422838803,127.76302107053102,129.1384441295405,25550500,MSFT
2019-10-09,130.23118591308594,130.66452814633456,129.0347582803812,129.49637571341754,19749900,MSFT
2019-10-10,131.04141235351562,131.57838260518204,130.24065034469942,130.46675140448957,17654600,MSFT
2019-10-11,131.58779907226562,132.85959418402572,131.4182340572519,132.00231049757377,25446000,MSFT
2019-10-14,131.46531677246094,132.1624364316741,131.4370559416705,131.5972054410786,13304300,MSFT
2019-10-15,133.3682861328125,133.57552742119194,131.71024082748983,131.94575731974263,19695700,MSFT
2019-10-16,132.27554321289062,132.82194343556887,131.44652020264886,132.63351866066512,20751600,MSFT
2019-10-17,131.59725952148438,133.22703039090297,130.9660767497996,132.78425802684473,21460600,MSFT
2019-10-18,129.44931030273438,131.88925812815606,128.64854834275522,131.6631570821554,32273500,MSFT
2019-10-21,130.41017150878906,130.476123019598,129.072439698111,130.42901685113225,20078200,MSFT
2019-10-22,128.4695587158203,131.8986789919642,128.3659308623604,130.9189365022612,27431000,MSFT
2019-10-23,129.28915405273438,129.486979879743,127.75358174170623,128.95000968878912,29844600,MSFT
2019-10-24,131.83273315429688,132.28492086017002,130.63630517491148,131.31459392111518,37029300,MSFT
2019-10-25,132.5769500732422,132.963200600433,131.13559017888338,131.26747884977937,25959700,MSFT
2019-10-28,135.83653259277344,137.23078659427898,135.19592007870443,136.03435845204905,35280100,MSFT
2019-10-29,134.55528259277344,136.1285310186724,134.38570324533563,135.73286504103186,20589500,MSFT
2019-10-30,136.2322235107422,136.59962883399365,134.5176557523737,135.2053745784231,18496600,MSFT
2019-10-31,135.0640106201172,136.53363141942768,134.70603528104652,136.5053705867323,24605100,MSFT
2019-11-01,135.39378356933594,136.0532271715104,134.68723377240778,135.90249309821553,33128400,MSFT
2019-11-04,136.17567443847656,136.59960136084538,135.80826918911828,136.43945182905225,16912000,MSFT
2019-11-05,136.0908660888672,136.61842076984976,135.57272689333539,136.57131459302198,18250200,MSFT
2019-11-06,135.7140350341797,136.14739174901885,134.903857643227,136.00607321438574,16575800,MSFT
2019-11-07,135.9024200439453,136.48651067028717,135.4408169579539,135.50675409533065,17786700,MSFT
2019-11-08,137.50396728515625,137.5322281167354,135.43141047077083,135.63866615220937,16732700,MSFT
2019-11-11,137.64527893066406,137.9373171227263,136.34522310815422,136.9198840061692,14362600,MSFT
2019-11-12,138.54969787597656,139.02073102677576,137.59820171149596,137.8054574478309,18641600,MSFT
2019-11-13,138.7757568359375,138.91707537779078,137.80542988932166,138.23878662630173,16919200,MSFT
2019-11-14,139.48228454589844,139.81201338372344,138.4836969224776,138.50254226672683,19729800,MSFT
2019-11-15,141.28167724609375,141.30052259611287,139.68016748943623,140.30192029216403,23485700,MSFT
2019-11-18,141.6302032470703,141.82804343792287,140.34899287356916,141.3758557692715,21534000,MSFT
2019-11-19,141.67735290527344,142.56289754363652,141.49835800499267,142.1389705757454,23935700,MSFT
2019-11-20,141.4315643310547,142.58479709913956,140.33505998777505,142.0838041911342,25696800,MSFT
2019-11-21,141.29922485351562,141.60171875338148,140.3728625266567,141.22360137854915,18576100,MSFT
2019-11-22,141.40318298339844,142.0743322028531,140.67533419630763,141.85692376149487,15901800,MSFT
2019-11-25,142.9534454345703,143.0668878548469,141.71514172629512,141.79076519857867,22420900,MSFT
2019-11-26,143.7096710205078,144.07832644663813,143.03853611781818,143.07634064349944,24620100,MSFT
2019-11-27,143.9838104248047,144.15395242888414,143.2275900846994,143.99325795046357,15184400,MSFT
2019-11-29,143.09524536132812,143.9648936601184,143.00071241471292,143.77584219059054,11977300,MSFT
2019-12-02,141.36538696289062,143.5206053054718,140.2027067994801,143.50169583265574,27418400,MSFT
2019-12-03,141.13851928710938,141.25194727879412,138.6240930309501,139.41813224384907,24066000,MSFT
2019-12-04,141.64895629882812,141.96088323676742,141.03452109910205,141.92307871885663,17574700,MSFT
2019-12-05,141.72459411621094,142.09326396513643,141.2992246907547,141.8380365403815,17869100,MSFT
2019-12-06,143.44497680664062,143.55840479215541,142.045978765054,142.72657552554503,16403500,MSFT
2019-12-09,143.07630920410156,143.87979582937618,142.6509398710679,142.80218678796427,16687400,MSFT
2019-12-10,142.8589324951172,143.57733387433322,142.50917211917388,143.01016502189213,16476100,MSFT
2019-12-11,143.39768981933594,143.5583842503885,142.10267242434227,143.24644291115737,18856600,MSFT
2019-12-12,144.85345458984375,145.04250606349174,142.75495005783458,143.35046147864057,24612100,MSFT
2019-12-13,146.07284545898438,146.4131438731203,144.4658863347823,144.62658080483226,23845400,MSFT
2019-12-16,147.0181121826172,147.367858109915,146.34697732625102,146.62109978370296,24144200,MSFT
2019-12-17,146.2240753173828,147.1882564487192,145.99720492656812,146.94247658607804,25425600,MSFT
2019-12-18,145.92160034179688,146.97085259654958,145.7419963954613,145.85543881739588,24129200,MSFT
2019-12-19,147.1882781982422,147.2449921984011,145.33553912540125,145.57185707519866,24958900,MSFT
2019-12-20,148.7952423095703,149.81613761741565,147.7365280512288,148.7385283075295,53477500,MSFT
2019-12-23,148.7952423095703,149.4663772319914,148.66290483024056,149.4663772319914,17718200,MSFT
2019-12-24,148.76686096191406,149.0788023457909,148.5210810950226,148.86137947527905,8989200,MSFT
2019-12-26,149.98629760742188,150.0430116162629,148.78579820003418,148.9370451727471,14520600,MSFT
2019-12-27,150.2603759765625,150.81808274437748,149.56086981821346,150.72354981735478,18412800,MSFT
2019-12-30,148.96536254882812,150.31710856933202,148.1524283163877,150.28875157245514,16348400,MSFT
2019-12-31,149.06935119628906,149.1355271417693,147.88776151587507,148.19025539743808,18369400,MSFT
2020-01-02,151.8295440673828,151.93352453696647,149.66487810348934,150.0902475068035,22622100,MSFT
2020-01-03,149.9390106201172,151.19622386441185,149.4096607117201,149.65544061469248,21116200,MSFT
2020-01-06,150.32655334472656,150.39272928536337,147.9444646847199,148.4832764629302,20813700,MSFT
2020-01-07,148.95594787597656,150.93156268718585,148.71018237427404,150.60072617609066,21634100,MSFT
2020-01-08,151.32855224609375,151.9997015405678,149.3056712613287,150.23203354534573,27746500,MSFT
2020-01-09,153.21910095214844,153.34199090041147,152.21711516271918,152.98278300469048,21385000,MSFT
2020-01-10,152.51016235351562,154.28727811161113,152.35891539033636,153.9091751273673,20725900,MSFT
2020-01-13,154.3439178466797,154.37227483566738,152.43446552055568,152.90710123528063,21626500,MSFT
2020-01-14,153.2569122314453,154.6464628468558,152.86934735532085,154.44794943449625,23477400,MSFT
2020-01-15,154.24942016601562,154.96783584765552,153.67281830910034,153.72007035240767,21417900,MSFT
2020-01-16,157.07582092285156,157.14199687545099,155.0529397493098,155.35543366341506,23865400,MSFT
2020-01-17,157.9549102783203,158.30465619935018,156.37629381209493,158.25738972858082,34371700,MSFT
2020-01-21,157.3877716064453,158.985283427841,157.3215956499593,157.55791362534438,29517200,MSFT
2020-01-22,156.63156127929688,158.32360616920698,156.61265180141203,158.2385207305779,24138800,MSFT
2020-01-23,157.59571838378906,157.6713418599453,156.22507713475247,157.09472547499433,19680800,MSFT
2020-01-24,156.00767517089844,158.36140750217533,155.44996818605821,158.34249802467247,24918100,MSFT
2020-01-27,153.39869689941406,154.4385015834786,151.4325299482661,152.3305352170298,32078100,MSFT
2020-01-28,156.40467834472656,156.6882483457103,154.14547932010373,154.81661422070258,24899900,MSFT
2020-01-29,158.84344482421875,159.5145940552649,156.62206505752158,158.65439337526382,34754500,MSFT
2020-01-30,163.32403564453125,164.52453468683692,161.44293985569806,164.52453468683692,51597500,MSFT
2020-01-31,160.91360473632812,162.9648426873359,160.29918387299614,162.7852531721158,36142700,MSFT
2020-02-03,164.8364715576172,164.9498995377037,161.07428008281042,161.10263707783204,30107000,MSFT
2020-02-04,170.26234436035156,170.75388971293165,166.6608612717509,167.44543856138947,36433300,MSFT
2020-02-05,170.0543975830078,174.11906936388917,168.64595177807354,173.9583748825606,39186300,MSFT
2020-02-06,173.5802764892578,173.75988045068001,170.20564902136644,171.0658498767549,27751400,MSFT
2020-02-07,173.82603454589844,175.47081270658518,172.4931978169128,172.8429581987189,33529100,MSFT
2020-02-10,178.372802734375,178.5051402220091,173.22107381930567,173.53301527380845,35844300,MSFT
2020-02-11,174.345947265625,180.26334402188803,173.45738939363605,180.21607754330697,53159900,MSFT
2020-02-12,174.60116577148438,175.6787750789202,171.89768776529226,175.42354764661337,47062900,MSFT
2020-02-13,173.65589904785156,176.03797374039397,172.86185972663358,173.06037316286404,35295800,MSFT
2020-02-14,175.2061309814453,175.26284498070825,172.65388562499024,173.2210544650253,23149500,MSFT
2020-02-18,176.98326110839844,177.4275400736451,175.34794469249135,175.4519251827343,27792200,MSFT
2020-02-19,177.5140380859375,178.36710062256168,176.74627891035584,178.25336280783833,29997500,MSFT
2020-02-20,174.8031768798828,177.4856045751215,171.65631012999017,177.20124557370298,36862400,MSFT
2020-02-21,169.2772216796875,173.931187721472,168.00710094621752,173.6183942041663,48572600,MSFT
2020-02-24,161.9787139892578,165.44786191190894,154.7181513655058,159.0214151505909,68311100,MSFT
2020-02-25,159.30575561523438,165.72271383699095,158.90764439039998,165.1160881339019,68073300,MSFT
2020-02-26,161.29623413085938,164.2250980795155,159.43844930371904,160.86022960459255,56206100,MSFT
2020-02-27,149.93148803710938,158.31999888346724,149.74192019388477,154.80346983288783,93174900,MSFT
2020-02-28,153.56178283691406,155.17314580344524,144.0737718821789,144.46239539589996,97012700,MSFT
2020-03-02,163.77963256835938,163.9028581761286,153.84612995671205,156.68969102388243,71030800,MSFT
2020-03-03,155.93138122558594,165.87437010304947,153.79871075283245,164.73694874353373,71677000,MSFT
2020-03-04,161.6564483642578,161.79862063132381,156.98352219099715,159.70387209335476,49814400,MSFT
2020-03-05,157.59963989257812,161.9597582663655,157.04988300701586,157.3911109200166,47817300,MSFT
2020-03-06,153.1447296142578,154.60441795195356,147.86517755045685,154.1304911008303,72821100,MSFT
2020-03-09,142.76568603515625,149.52388595235027,142.17802150778155,143.1258749845001,70419300,MSFT
2020-03-10,152.52857971191406,152.63284417285914,144.62348518857524,149.91250932333253,65354400,MSFT
2020-03-11,145.61878967285156,149.47654727038636,143.26810174258725,148.93627810386312,56371600,MSFT
2020-03-12,131.80853271484375,145.4671079518946,131.35356699021355,137.72314498743467,93226400,MSFT
2020-03-13,150.54759216308594,153.46698304753858,133.3914358600728,139.80840891555962,92727400,MSFT
2020-03-16,128.35833740234375,141.5619460470006,127.96024061156848,132.6995087823673,87905900,MSFT
2020-03-17,138.9268798828125,139.80837660317738,127.96020909443355,132.6994760979311,81059800,MSFT
2020-03-18,133.0786590576172,138.38664577676045,127.97921578102556,130.80381587118453,81593200,MSFT
2020-03-19,135.26821899414062,142.32023895199598,131.75167511472426,135.32508790671272,85922700,MSFT
2020-03-20,130.18771362304688,139.4292873501573,128.77540638008531,138.38664247775617,84866200,MSFT
2020-03-23,128.88912963867188,133.23978869379377,125.60956425248216,129.86541769841315,78975200,MSFT
2020-03-24,140.60459899902344,141.79890378670194,133.90328159423055,136.25395446330393,82516700,MSFT
2020-03-25,139.25863647460938,146.2822344811286,136.90796381068236,141.14487017328082,75638200,MSFT
2020-03-26,147.96942138671875,148.49074374282242,140.63302954842695,140.66146399847827,64568100,MSFT
2020-03-27,141.89366149902344,146.8130233200836,141.4197347642484,143.83676400422027,57042300,MSFT
2020-03-30,151.87457275390625,152.22528840805572,142.18750815722464,144.4907998422536,63420300,MSFT
2020-03-31,149.48602294921875,156.1873415159035,148.39598244665945,151.08788365564143,77927200,MSFT
2020-04-01,144.1780242919922,149.5239184853041,142.9552994047509,145.02161349129338,57969900,MSFT
2020-04-02,147.1637420654297,147.3722710107029,142.51926529474,143.94104566900393,49630700,MSFT
2020-04-03,145.80833435058594,149.17321783075897,144.25385488302902,147.01211258227983,41243300,MSFT
2020-04-06,156.65176391601562,157.8176197600713,149.3627676322206,151.95989162657898,67111700,MSFT
2020-04-07,154.96463012695312,161.1351534432699,154.74661332944947,160.74652989617405,62769000,MSFT
2020-04-08,156.51905822753906,157.97874630175247,154.97405234356808,157.03089277059914,48318200,MSFT
2020-04-09,156.52854919433594,158.64225875732106,154.81293642372253,157.6849317896961,51385100,MSFT
2020-04-13,156.87921142578125,156.93609477892562,153.83661010338588,155.77971247094064,41905300,MSFT
2020-04-14,164.6421356201172,164.68953118358047,159.23937403649794,160.18722745338187,52874300,MSFT
2020-04-15,162.9171142578125,164.51898947901861,160.41478082759673,162.2725661589912,40940800,MSFT
2020-04-16,167.80801391601562,168.0355040124014,163.883900147735,165.21090401533556,50479600,MSFT
2020-04-17,169.2866668701172,170.6136561885665,166.69901600449276,170.13972936582047,52765600,MSFT
2020-04-20,165.93124389648438,169.42882588907332,165.86490166729666,167.4193809458809,36669600,MSFT
2020-04-21,159.06886291503906,164.6138000567487,157.448026234783,164.4526666146584,56203700,MSFT
2020-04-22,164.47158813476562,164.926553888929,161.9123858808334,162.45265500207105,34620200,MSFT
2020-04-23,162.4810333251953,165.93121923378612,161.99763328234144,165.03076136740552,32790800,MSFT
2020-04-24,165.44789123535156,165.4573645670676,161.80813594834027,163.08772995889328,34277600,MSFT
2020-04-27,164.97396850585938,167.67534334996145,164.2630781053427,167.38151096517757,33194400,MSFT
2020-04-28,160.9550018310547,166.50942396479073,160.55690509338584,166.4335939486019,34392700,MSFT
2020-04-29,168.1776580810547,168.41462148214717,162.9170821472806,164.18720250599264,51286600,MSFT
2020-04-30,169.8648681640625,170.99280191954153,167.0402537209176,170.613666224283,53875900,MSFT
2020-05-01,165.46682739257812,169.32458443172894,164.93601717144193,166.63268339420114,39370500,MSFT
2020-05-04,169.51414489746094,169.6658049540385,164.73696882006053,165.39099015883954,30372900,MSFT
2020-05-05,171.33407592773438,174.07337328281594,170.5189209468224,171.20137695238142,36839200,MSFT
2020-05-06,173.02122497558594,174.5946657427931,172.15868901608658,172.5852203302304,32139300,MSFT
2020-05-07,174.02593994140625,174.92639803706723,173.05912514642642,174.56620901356314,28316000,MSFT
2020-05-08,175.04959106445312,175.35291115035147,173.79843186786684,175.33395002920838,30877800,MSFT
2020-05-11,177.002197265625,177.7320341687052,173.3150471152791,173.59939164214202,30892700,MSFT
2020-05-12,172.99276733398438,177.2865432828998,172.79372616350702,177.05906765949712,32038200,MSFT
2020-05-13,170.376708984375,174.45248294032083,167.3340921291514,173.0307023368351,44711500,MSFT
2020-05-14,171.11599731445312,171.26765735101736,166.5189018898924,168.28191004143457,41873900,MSFT
2020-05-15,173.6088409423828,177.30546360297237,167.77006023372707,169.72263602178697,46610400,MSFT
2020-05-18,175.26766967773438,176.49039485583543,174.36721135735263,176.06386348966544,35264500,MSFT
2020-05-19,174.0543975830078,176.86952452057,173.92169862979046,175.3813871151814,26799100,MSFT
2020-05-20,176.4686279296875,176.6492240164961,174.83377793793983,175.6607026476636,31261300,MSFT
2020-05-21,174.34901428222656,177.42861841763434,174.21594577347696,176.22148762180447,29119500,MSFT
2020-05-22,174.42507934570312,175.32805988927586,173.5030993721259,174.1209289284326,20826900,MSFT
2020-05-26,172.58108520507812,177.26701047752772,172.13435216853748,177.1149280601144,36073600,MSFT
2020-05-27,172.8092498779297,172.98034627836358,167.85718603483812,171.27895450631132,39517100,MSFT
2020-05-28,172.41952514648438,175.03338242380826,171.45003216242014,171.79221042249597,33810200,MSFT
2020-05-29,174.17794799804688,175.14745550760477,171.47854971997998,173.68368727702386,42130400,MSFT
2020-06-01,173.7786865234375,173.94026863914522,172.47651538290248,173.50303535288364,22622400,MSFT
2020-06-02,175.75579833984375,175.84133929436416,172.37204299612597,175.12846899992755,30794600,MSFT
2020-06-03,176.18348693847656,176.73477494392236,174.49160956121008,175.67022679734052,27311000,MSFT
2020-06-04,173.86428833007812,176.63972791378023,173.27498693658933,175.1759741448824,28761800,MSFT
2020-06-05,177.9324188232422,178.43617932704035,172.99935416964996,173.5791559103173,39893600,MSFT
2020-06-08,179.034912109375,179.2155081504002,175.30898024819479,176.73472014676062,33211600,MSFT
2020-06-09,180.40367126464844,181.25910962308345,177.98940962513453,178.6927800443984,29783900,MSFT
2020-06-10,187.0951385498047,188.69197518428444,181.55375966025008,181.66782874345716,43872300,MSFT
2020-06-11,177.0484161376953,186.0685895505903,176.85832035143625,183.56880167969496,52854700,MSFT
2020-06-12,178.44564819335938,182.22860811999774,176.01237274212465,181.1070182904642,43373600,MSFT
2020-06-15,179.5862274169922,181.3731596709733,174.90028735842841,175.44207556438678,32770200,MSFT
2020-06-16,183.9870147705078,185.89750128714283,181.98147311232987,183.34067171544817,42556700,MSFT
2020-06-17,184.62388610839844,186.60091457988608,184.10111171633025,185.3747696872733,25687800,MSFT
2020-06-18,186.60089111328125,186.76247326807626,184.39573922892131,184.39573922892131,23061600,MSFT
2020-06-19,185.48878479003906,189.42382696188116,184.7474010839948,188.75848446971048,44441100,MSFT
2020-06-22,190.64048767089844,190.82106925250457,185.5648413739242,186.09711541174806,32818900,MSFT
2020-06-23,191.91415405273438,193.85315449194295,191.45790671131317,192.085235928232,30917400,MSFT
2020-06-24,188.04562377929688,193.18779690970953,186.82899330343227,191.61948849260602,36740600,MSFT
2020-06-25,190.421875,190.67851232035468,185.79297603620233,188.00762775594458,27803900,MSFT
2020-06-26,186.6103973388672,189.99415200060372,185.23218461473925,189.84206955429684,54675800,MSFT
2020-06-29,188.6159210205078,188.70146194950837,183.96800866755066,186.08760498304542,26701600,MSFT
2020-06-30,193.43492126464844,194.2808598745895,187.95058437366583,188.08365287961007,34310300,MSFT
2020-07-01,194.56602478027344,196.1343478236479,191.78108566908128,193.083257178087,32061200,MSFT
2020-07-02,196.04876708984375,197.72164478695544,194.85115060490307,195.49747916723908,29315800,MSFT
2020-07-06,200.2689971923828,200.67771697922893,197.78820833392348,198.49157881412916,31897600,MSFT
2020-07-07,197.94029235839844,204.04245953487583,197.69316924341797,200.0313753793955,33600700,MSFT
2020-07-08,202.29354858398438,202.70225385814945,198.35850577769656,199.67019154758614,33600000,MSFT
2020-07-09,203.7097930908203,205.6678075649142,201.00088055902637,205.62027998475654,33121700,MSFT
2020-07-10,203.09193420410156,203.48164000033935,200.6301596435578,203.04440663081272,26177600,MSFT
2020-07-13,196.8187255859375,205.11653102704423,196.27693724789137,203.86187245686293,38135600,MSFT
2020-07-14,198.03533935546875,198.51058613625617,192.02821308469305,195.92524248850216,37591800,MSFT
2020-07-15,197.7406463623047,200.86777786204274,194.87966636549174,199.18540043368412,32179400,MSFT
2020-07-16,193.8246307373047,195.51650798920733,192.2943356382939,195.23135704153594,29940700,MSFT
2020-07-17,192.83615112304688,194.88920632879422,191.4199104017401,194.34743250474673,31635300,MSFT
2020-07-20,201.1243896484375,201.78973206294626,192.95964111525447,194.85112801820785,36884800,MSFT
2020-07-21,198.41554260253906,203.34860679664743,197.731186037843,203.0824697440858,37990400,MSFT
2020-07-22,201.26702880859375,201.78980321266909,198.07336958951217,198.84326711943132,49605700,MSFT
2020-07-23,192.512939453125,200.47807930746816,192.14224758300097,196.93274275439686,67457000,MSFT
2020-07-24,191.33432006835938,192.81708741886504,187.7319420405287,190.4978812538678,39827000,MSFT
2020-07-27,193.7581329345703,193.8721875294753,190.91615175000567,191.49595344640912,30160900,MSFT
2020-07-28,192.0187225341797,194.56603843914536,191.7525854845081,193.53000388839655,23251400,MSFT
2020-07-29,193.9577178955078,194.51850562770954,192.00920315300615,192.47495022909868,19632600,MSFT
2020-07-30,193.8056182861328,194.3379068274269,189.68999420605252,191.04919294548517,25079600,MSFT
2020-07-31,194.8606719970703,194.94622743673912,189.15771085707848,194.2808703677026,51044000,MSFT
2020-08-03,205.81988525390625,206.8654340533145,200.02188278490044,201.04841765066982,78983000,MSFT
2020-08-04,202.73074340820312,204.1374841693981,199.8982769624529,203.56718229287267,49280100,MSFT
2020-08-05,202.39808654785156,204.3561008212258,201.09591510463036,204.26104567065477,28806400,MSFT
2020-08-06,205.63926696777344,205.65826639464163,201.07689543479427,201.8277788907073,32656800,MSFT
2020-08-07,201.9608917236328,205.021482513169,200.48762362874464,204.21357159256627,27820400,MSFT
2020-08-10,197.94029235839844,201.39058877024152,196.1343603183058,201.19097873259398,36716500,MSFT
2020-08-11,193.31138610839844,197.36998319308316,193.08326243132456,196.90425062787259,36446500,MSFT
2020-08-12,198.83372497558594,199.8697593440699,194.6135317826881,195.12679185865025,28013100,MSFT
2020-08-13,198.36798095703125,200.88679731225912,197.8452066566346,199.07135133423577,22588900,MSFT
2020-08-14,198.55807495117188,199.21391774906647,197.23688964214472,198.42500644894537,17958900,MSFT
2020-08-17,199.86976623535156,200.73471877613036,198.57709453262723,199.2234376356791,20184800,MSFT
2020-08-18,201.01988220214844,201.84680693348818,198.85275811055578,200.10740203040297,21336200,MSFT
2020-08-19,199.80032348632812,202.0870312239164,199.37157032879307,201.5058279761873,27627600,MSFT
2020-08-20,204.4499053955078,204.85007589217304,199.04758188287093,199.6478303586499,26981500,MSFT
2020-08-21,202.9635467529297,206.04105767072892,202.80157402445997,203.76388771893443,36249300,MSFT
2020-08-24,203.6019287109375,205.34553813622844,202.4014026425913,204.6499901784463,25460100,MSFT
2020-08-25,206.2506866455078,206.38407681542566,203.03978535206127,203.03978535206127,23043700,MSFT
2020-08-26,210.70977783203125,211.6054039276982,207.0987054135543,207.59416093128425,39600800,MSFT
2020-08-27,215.8834228515625,220.2376708942696,209.04237476042434,212.36762114380463,57602200,MSFT
2020-08-28,218.1033935546875,219.75171793097093,215.88338875711744,217.4078456498201,26292900,MSFT
2020-08-31,214.88299560546875,217.90334192876838,213.72058919228218,216.2835998158093,28774200,MSFT
2020-09-01,216.5408477783203,216.7123432061148,213.83490987501472,214.86392605709895,25725500,MSFT
2020-09-02,220.71408081054688,221.86696458633978,216.61709018577795,217.2078160912499,34080800,MSFT
2020-09-03,207.04150390625,218.48451950532868,204.81197627565626,218.4464142591676,58400300,MSFT
2020-09-04,204.13552856445312,208.05150124587362,195.50324202808818,204.94540695523105,59664100,MSFT
2020-09-08,193.09266662597656,200.11473306475375,192.65437628036617,196.75138131717694,52924300,MSFT
2020-09-09,201.31527709960938,204.6976892856009,196.9419683106915,197.7994892451576,45679000,MSFT
2020-09-10,195.67471313476562,204.60237606499447,194.47420152382745,203.32562487927262,35461500,MSFT
2020-09-11,194.39794921875,198.7807936939121,191.73966868940005,197.41829498533878,33620100,MSFT
2020-09-14,195.7128448486328,199.32391711756875,194.3979883338327,194.59808088373535,30375800,MSFT
2020-09-15,198.9237518310547,199.87654306102945,197.16108224022523,198.58074640672615,21823900,MSFT
2020-09-16,195.36981201171875,200.70543328613255,194.97916418339267,200.67685071707825,26328100,MSFT
2020-09-17,193.33087158203125,194.68383338131366,190.52014036683838,190.60588808814126,34011300,MSFT
2020-09-18,190.92984008789062,194.0359343629213,186.98528485141622,193.22607051465485,55225300,MSFT
2020-09-21,192.9783172607422,193.140304553541,187.109134700145,187.88089322203805,39839700,MSFT
2020-09-22,197.62794494628906,198.27585050912126,192.54004353083127,195.37935717841205,33517100,MSFT
2020-09-23,191.12037658691406,198.27584755147745,190.58681585985815,198.08527768743798,30803800,MSFT
2020-09-24,193.59765625,195.86530407538416,189.7960139318749,190.41533696691582,31202500,MSFT
2020-09-25,198.00909423828125,199.1714862447696,192.97834281685655,193.9406713310271,29437300,MSFT
2020-09-28,199.55255126953125,202.53479178027638,198.23769502469003,200.92457264876782,32004900,MSFT
2020-09-29,197.47549438476562,200.1528498081341,197.04674126220954,199.4668389966685,24221900,MSFT
2020-09-30,200.40054321289062,201.97264262940195,196.78945699327505,197.9232806684825,33829100,MSFT
2020-10-01,202.43003845214844,203.88780792375502,201.3438569921584,203.41141229150605,27158400,MSFT
2020-10-02,196.45602416992188,201.02942493807893,195.83670115325253,198.18057395365662,33154800,MSFT
2020-10-05,200.44821166992188,200.47679424204267,197.2087129579813,197.4373880733873,21331600,MSFT
2020-10-06,196.18923950195312,200.2576474587062,195.15070058306898,198.96186538347163,28554300,MSFT
2020-10-07,199.92416381835938,200.1909441707046,196.96098283340308,197.28492832718817,25681100,MSFT
2020-10-08,200.6387939453125,201.21999722056478,198.48549083850378,200.5720915757786,19925800,MSFT
2020-10-09,205.6218719482422,205.66951441718192,201.25808639297776,201.25808639297776,26458000,MSFT
2020-10-12,210.9479522705078,213.29182486837524,206.5746444335624,208.46116681722611,40461400,MSFT
2020-10-13,212.33905029296875,214.57811545870766,210.0237600855834,212.2056601046975,28950800,MSFT
2020-10-14,210.4334259033203,213.63480432186398,208.7851015044337,212.47239811082844,23421700,MSFT
2020-10-15,209.2901153564453,209.9570662787995,205.81241880530467,206.85097224701303,22733100,MSFT
2020-10-16,209.2901153564453,211.79594628889316,208.96616984250753,209.75697373287338,26057900,MSFT
2020-10-19,204.10693359375,211.80548829345503,203.6305379900933,210.01423617140503,27625800,MSFT
2020-10-20,204.51663208007812,207.10822539351736,203.03028008469627,205.61235071965658,22753500,MSFT
2020-10-21,204.6595458984375,206.67945852332676,203.05884917539285,203.05884917539285,22724900,MSFT
2020-10-22,204.7452850341797,205.86004890997927,201.70587900793112,203.8305991538514,22351500,MSFT
2020-10-23,206.0220184326172,206.06966089598714,203.09695727371624,204.87867200393134,18879600,MSFT
2020-10-26,200.16236877441406,206.12683620625828,198.27584634708583,203.75439552083563,37111600,MSFT
2020-10-27,203.18275451660156,204.53571648318933,200.4006055311397,201.60111739315477,36700300,MSFT
2020-10-28,193.11170959472656,198.9809067591582,192.5591035035503,197.8661428219542,51195600,MSFT
2020-10-29,195.055419921875,197.57078816372166,193.76914595817738,194.4361114436148,31432600,MSFT
2020-10-30,192.9116668701172,194.64573957676825,190.196205692143,193.893040802998,36953700,MSFT
2020-11-02,192.77821350097656,195.58894417052068,190.67253889874814,194.64567580398509,30842200,MSFT
2020-11-03,196.68463134765625,198.29485039991718,193.53089558893754,194.26454870059058,27512000,MSFT
2020-11-04,206.1744842529297,208.01337880275392,202.39190207967457,203.91637379335975,42311800,MSFT
2020-11-05,212.7487030029297,213.53952130359875,210.70973077728522,211.5577142136879,36080100,MSFT
2020-11-06,213.158447265625,213.7682330487648,207.73706304101447,211.7673657242911,25231900,MSFT
2020-11-09,208.08004760742188,217.35070093341986,207.59412938058674,213.84443666623005,44395000,MSFT
2020-11-10,201.04844665527344,206.27927507697552,199.81935252170467,204.37369285917435,44045100,MSFT
2020-11-11,206.326904296875,207.74655365341502,202.18225742380903,202.3632900490306,29440800,MSFT
2020-11-12,205.2693328857422,208.76607475027214,204.33560160583502,206.95577733475665,21593900,MSFT
2020-11-13,206.28883361816406,207.15587716722698,204.04978284604508,206.14592074235856,18621100,MSFT
2020-11-16,206.97482299804688,207.4607558021883,204.3927670537816,204.72623524216695,24953300,MSFT
2020-11-17,204.3355712890625,207.40354503928398,203.97350604430233,205.89814800130065,24154100,MSFT
2020-11-18,201.64169311523438,205.54880785492185,201.498391524417,204.09676961168395,28372800,MSFT
2020-11-19,202.9217987060547,203.50452360075073,200.5431319241308,201.92830793266506,24792700,MSFT
2020-11-20,200.98252868652344,203.75285098407457,200.60996790062518,202.71159322047438,22843100,MSFT
2020-11-23,200.715087890625,202.79760381204372,198.85228360850653,201.51752441576778,25683500,MSFT
2020-11-24,204.29736328125,204.66992405352661,199.52093564872897,200.21829000165692,33979700,MSFT
2020-11-25,204.30694580078125,205.66344973103548,202.96000405638625,205.49150530360316,21012900,MSFT
2020-11-27,205.6061248779297,206.59963010957043,204.46933263042834,205.2431262455821,14512200,MSFT
2020-11-30,204.49798583984375,205.1571206288047,201.4124030008416,204.52664324038548,33064800,MSFT
2020-12-01,206.54229736328125,207.60266491805436,203.81018007832992,204.91830024990742,30904500,MSFT
2020-12-02,205.73983764648438,205.83537202902343,203.2847614414329,205.27175707094355,23724500,MSFT
2020-12-03,204.660400390625,206.7047110734639,204.0967707859038,205.01385141230443,25120900,MSFT
2020-12-04,204.7750244140625,205.74941981992606,203.6477798118867,204.64128501141468,24666000,MSFT
2020-12-07,204.7081298828125,205.902236795737,203.46627035457135,204.78455447441974,24620000,MSFT
2020-12-08,206.3512420654297,207.24921288280584,203.3707555877573,204.40246580922124,23284100,MSFT
2020-12-09,202.32952880859375,205.606151999851,201.76591370319153,205.5392895757968,32440600,MSFT
2020-12-10,201.1067352294922,203.55226411394892,200.95388603008814,202.30084226889505,26733300,MSFT
2020-12-11,203.72421264648438,203.7815420297955,199.75978302617932,200.65775387019116,30979400,MSFT
2020-12-14,204.62217712402344,206.5423105513928,203.36120768395418,203.57137168671602,28798400,MSFT
2020-12-15,204.55528259277344,205.7875944368426,202.74979363543983,205.54877306906567,27000600,MSFT
2020-12-16,209.4750518798828,210.26794077804252,205.11895132134546,205.14760872687503,35023300,MSFT
2020-12-17,209.6088104248047,211.01308172990858,208.17588171155623,210.0386861234783,32515800,MSFT
2020-12-18,208.81588745117188,209.86670750037604,206.36081090203456,208.81588745117188,63354900,MSFT
2020-12-21,212.63702392578125,213.98398015637602,207.5644595855646,207.8223907859236,37181900,MSFT
2020-12-22,213.92665100097656,215.54108593235114,211.93010767555515,212.73254404895405,22612200,MSFT
2020-12-23,211.13723754882812,213.56365667587485,210.9270735405994,213.13378105049873,18699600,MSFT
2020-12-24,212.7898712158203,213.6114174296126,211.30917559396767,211.51933959585654,10550600,MSFT
2020-12-28,214.90106201171875,215.92321005733746,213.04780555492192,214.413857010838,17933500,MSFT
2020-12-29,214.1272735595703,217.0217879256929,213.58276831645435,216.1906940710148,17403200,MSFT
2020-12-30,211.76771545410156,215.54110542494223,211.56711363086075,215.15898241983697,20272300,MSFT
2020-12-31,212.47462463378906,213.0286920393946,209.857136802446,211.78681782520988,20942100,MSFT
2021-01-04,207.9561309814453,213.02869534095603,205.2049037044896,212.57970992905,37130100,MSFT
2021-01-05,208.15673828125,208.74902529905103,206.0551127566878,207.54535604544097,23823000,MSFT
2021-01-06,202.75936889648438,206.8097850939476,202.46323269229157,202.68294429919243,35930700,MSFT
2021-01-07,208.52928161621094,209.53233438460273,204.15408651290377,204.4693179251259,27694500,MSFT
2021-01-08,209.79981994628906,210.71690054092753,207.3256337272198,208.90184914517474,22956200,MSFT
2021-01-11,207.76504516601562,209.12154880413732,207.03901886920423,208.70122085893067,23031300,MSFT
2021-01-12,205.3195037841797,207.39248612899152,203.78150813560933,206.81930900323252,23249300,MSFT
2021-01-13,206.66650390625,207.06772214925758,204.36426188128715,204.45024867204106,20087100,MSFT
2021-01-14,203.49490356445312,207.73637314720776,203.22742481387388,206.25567783589494,29480800,MSFT
2021-01-15,203.1415252685547,204.91835748972647,202.5492527203324,203.97263385001733,31746500,MSFT
2021-01-19,206.76197814941406,207.27782586133804,203.12234304003755,204.19225804343466,30480900,MSFT
2021-01-20,214.30877685546875,215.69393811736836,207.5740101820579,207.9656807925922,37777300,MSFT
2021-01-21,214.9105987548828,216.18113032934212,212.47461760314508,214.65266756607497,30709400,MSFT
2021-01-22,215.84678649902344,219.7825732306377,215.70349948425073,216.92626393198466,30172700,MSFT
2021-01-25,219.26670837402344,219.50552978031035,214.19414403672963,218.87503776935245,33152100,MSFT
2021-01-26,221.94146728515625,223.70873659737057,219.79207505231525,221.49248196373176,49169600,MSFT
2021-01-27,222.4860382080078,229.6889006948132,219.8494548701194,227.3580012073378,69870600,MSFT
2021-01-28,228.2464141845703,231.79053068312115,224.5781204522102,225.07487311695797,49111200,MSFT
2021-01-29,221.58810424804688,227.3771339595911,221.00537931734496,225.4379049196251,42503100,MSFT
2021-02-01,228.93417358398438,231.65674320065412,222.03701082648814,224.54941645846407,33314200,MSFT
2021-02-02,228.80047607421875,231.4752789882707,228.01714936865181,230.51044566483372,25916300,MSFT
2021-02-03,232.13441467285156,234.13095819780892,228.5616410677944,228.85779186575422,27158100,MSFT
2021-02-04,231.1886749267578,232.36368677142988,229.6220070436973,231.80961934520695,25296100,MSFT
2021-02-05,231.37014770507812,232.40185780549683,229.66974066267514,231.3988051042703,18054800,MSFT
2021-02-08,231.6281280517578,232.78401560191813,230.04235026944374,232.2777153400292,22211900,MSFT
2021-02-09,232.86997985839844,233.81570329400722,230.58684780779984,231.05492843301977,23565000,MSFT
2021-02-10,231.9624786376953,234.92385553583864,230.11876967307288,234.04499444872175,22186700,MSFT
2021-02-11,233.55776977539062,234.1882471613524,231.32239050634175,233.83479617171466,15751100,MSFT
2021-02-12,234.03541564941406,234.331551842112,231.87646094509842,233.0228007069779,16561100,MSFT
2021-02-16,232.80311584472656,235.12446761239,232.05799418510682,234.07364754036084,26728500,MSFT
2021-02-17,233.81802368164062,233.92334770145064,230.69662531011264,231.0604745803787,21653500,MSFT
2021-02-18,233.42543029785156,233.5594777102561,230.6200042346453,231.52004312224952,16925600,MSFT
2021-02-19,230.72537231445312,233.49250590696394,229.96895029206306,233.38718187638082,25262600,MSFT
2021-02-22,224.5399932861328,227.81459302124637,222.51969763144905,227.32628051507058,36446900,MSFT
2021-02-23,223.3527374267578,224.84641307604537,219.00574330888236,220.53772657537354,30228700,MSFT
2021-02-24,224.57830810546875,225.20066806135043,219.26425873805556,220.2313141829066,26339700,MSFT
2021-02-25,219.25465393066406,224.61656504128703,218.19184422785054,222.21328121333582,39542200,MSFT
2021-02-26,222.5005645751953,225.36343789150433,219.78129368104075,221.6866957656996,37819200,MSFT
2021-03-01,226.86672973632812,227.37419613535064,223.2378497017219,225.87093613856865,25324000,MSFT
2021-03-02,223.92723083496094,227.21141518766257,223.52508849566448,226.9337360850043,22812500,MSFT
2021-03-03,217.88546752929688,223.64953616836328,217.59821886567516,222.28990807796603,34029500,MSFT
2021-03-04,217.0907440185547,222.60587139092198,214.7257530035434,217.10032822667858,44727800,MSFT
2021-03-05,221.75367736816406,223.35267661428756,216.83220182288616,219.762105508003,41872800,MSFT
2021-03-08,217.72268676757812,223.44844753169778,217.47374572916362,221.53347600830642,35267400,MSFT
2021-03-09,223.8410186767578,225.37300172907223,221.82072314892886,222.97928734112668,33080500,MSFT
2021-03-10,222.538818359375,226.9241044948039,222.17496912842194,226.9241044948039,29746800,MSFT
2021-03-11,227.04859924316406,229.0018637332939,224.3484824311404,224.97085693103975,29907600,MSFT
2021-03-12,225.727294921875,225.79432594592853,223.31442642722314,224.06126424055526,22653700,MSFT
2021-03-15,224.82723999023438,225.19108927209567,221.95478256941098,224.97087162731992,26034900,MSFT
2021-03-16,227.60397338867188,229.85405642506078,225.90921930197513,226.23476099250502,28092200,MSFT
2021-03-17,226.96241760253906,228.40823044727705,223.3143992028997,226.11025586249227,29562100,MSFT
2021-03-18,220.91111755371094,224.23359433735567,220.5376986886075,222.6728878603491,34833000,MSFT
2021-03-19,220.55686950683594,222.58673481626653,219.59938366501783,221.19838326764514,46430700,MSFT
2021-03-22,225.95706176757812,226.8283626746955,220.35576442572489,220.48024224534427,30127000,MSFT
2021-03-23,227.47946166992188,230.8019383245051,226.99114920685457,227.3932914605699,31638400,MSFT
2021-03-24,225.44964599609375,227.88165385671942,225.31559854881638,227.73803680966364,25620100,MSFT
2021-03-25,222.46221923828125,226.86665920740955,221.72496578441863,225.29638327764653,34061900,MSFT
2021-03-26,226.42625427246094,226.64648654164532,221.70585594983098,221.70585594983098,25479900,MSFT
2021-03-29,225.23895263671875,226.7326280661036,222.02179993878485,226.53154963057577,25227500,MSFT
2021-03-30,221.99310302734375,223.9080747520219,221.27498863058946,223.6016722632375,24792000,MSFT
2021-03-31,225.7464141845703,228.9348434120641,222.5101077486613,223.00800441804873,43623500,MSFT
2021-04-01,232.04669189453125,232.51585059097783,227.92949998956965,228.33164227655556,30338000,MSFT
2021-04-05,238.4810028076172,239.33316461233116,232.38180813268252,232.43925494489872,36910600,MSFT
2021-04-06,237.3224639892578,238.79698589796425,236.38413186553555,237.0830925059559,22931900,MSFT
2021-04-07,239.2757110595703,240.2619203285823,236.6809325553028,237.27456911449357,22719800,MSFT
2021-04-08,242.48329162597656,243.33545344847238,241.28643431291647,242.02370250858237,23625200,MSFT
2021-04-09,244.97274780273438,245.10679523034713,241.70771771793406,242.11942959914686,24326800,MSFT
2021-04-12,245.03016662597656,246.7153507921409,243.79500190327002,243.88118671909228,27148700,MSFT
2021-04-13,247.50047302246094,248.1707247107551,245.9110432297693,246.32278429436747,23837500,MSFT
2021-04-14,244.72378540039062,247.82602995681816,244.3120735305234,246.53344753840463,23070900,MSFT
2021-04-15,248.4675750732422,248.87928697093244,246.7728356584702,246.96431529406738,25627500,MSFT
2021-04-16,249.65481567382812,249.9037713098706,246.64832572687448,248.43881933651508,24878600,MSFT
2021-04-19,247.7398681640625,250.3633991429451,246.85899758557616,249.12823427121432,23209300,MSFT
2021-04-20,247.28025817871094,249.1377827138243,245.92061567212983,246.85896214682066,19722900,MSFT
2021-04-21,249.50161743164062,249.5973718481958,246.31320282338555,247.93135603668824,24030400,MSFT
2021-04-22,246.23666381835938,250.6506598285872,244.77169693784316,249.14739994018404,25606200,MSFT
2021-04-23,250.0474395751953,250.3921496973052,246.33238956883352,246.91647116846514,21462600,MSFT
2021-04-26,250.4303741455078,251.28255044757523,249.10906841916076,250.53571276740308,19763300,MSFT
2021-04-27,250.8325653076172,252.0006991948617,249.06121066923387,250.45913180637936,31014200,MSFT
2021-04-28,243.73753356933594,245.633365588806,242.19598115899743,245.19290117146514,46903100,MSFT
2021-04-29,241.77471923828125,245.2121041526669,238.41394954646933,244.59931386273354,40589000,MSFT
2021-04-30,241.4587860107422,242.32053208236758,238.98848525827847,239.12253269918796,30945100,MSFT
2021-05-03,241.15237426757812,243.53651917014565,240.4438295156719,242.62689597172758,19626600,MSFT
2021-05-04,237.25538635253906,240.53000045768178,235.31169145877024,240.30019861922892,32756100,MSFT
2021-05-05,235.9915313720703,238.89271223968217,235.36917143271003,238.47141614100633,21901300,MSFT
2021-05-06,239.11294555664062,239.23742339669937,234.28722313302063,235.97239302807878,26491100,MSFT
2021-05-07,241.7268524169922,243.4886226435184,240.4916876508421,241.43001956995911,27032900,MSFT
2021-05-10,236.6713104248047,241.02787332068948,236.6138636199037,240.20443502693968,29299900,MSFT
2021-05-11,235.76171875,236.11599842229506,232.25733191028016,234.15314965767922,33641600,MSFT
2021-05-12,228.83909606933594,233.99037412051345,227.94864132759164,231.8743241677581,36684400,MSFT
2021-05-13,232.69773864746094,235.15848380508328,231.1561861513427,231.52003537715683,29624300,MSFT
2021-05-14,237.60008239746094,238.58629154857746,235.05318141277328,235.13935162363052,23901100,MSFT
2021-05-17,234.75637817382812,236.1064367545311,233.16696273612823,236.06814374823256,24970200,MSFT
2021-05-18,232.74560546875,235.93403432568056,232.57325046050104,235.79998692374073,20168000,MSFT
2021-05-19,233.3214874267578,233.42705466326876,228.98366832095294,229.66504486622338,25739800,MSFT
2021-05-20,236.54603576660156,237.95679107071055,234.0316351278429,234.12761065425127,21800700,MSFT
2021-05-21,235.28883361816406,238.32147864585824,234.8761710741965,237.59211443977617,21863100,MSFT
2021-05-24,240.67274475097656,241.03743419435494,237.53453234396076,237.8032462568259,21411500,MSFT
2021-05-25,241.57485961914062,242.56334606960098,240.7111384283455,241.62284738392032,17704300,MSFT
2021-05-26,241.35414123535156,242.74569859585426,240.64396036767923,241.29654712947791,17771600,MSFT
2021-05-27,239.26199340820312,241.3445335898177,239.20441394645133,241.04702994155994,24426200,MSFT
2021-05-28,239.61705017089844,241.92033089438252,239.50189126005725,240.88385676538599,18270200,MSFT
2021-06-01,237.4290008544922,241.16222110992703,237.00674653058428,241.1046416404765,23213300,MSFT
2021-06-02,237.3330078125,239.22361157042198,235.9318441224372,238.1295578675878,19406700,MSFT
2021-06-03,235.80709838867188,236.41169739236216,233.20631371426092,235.33684170241455,25307700,MSFT
2021-06-04,240.6823272705078,241.50766701250188,237.53452328797448,237.77444746130055,25281100,MSFT
2021-06-07,243.5806121826172,243.84932608170533,239.74182545986196,239.90497213832194,23079200,MSFT
2021-06-08,242.390625,245.6919842968053,242.33303089186523,244.876236168721,22455000,MSFT
2021-06-09,243.36952209472656,245.23133633758238,243.00484724739417,243.58065657446144,17937600,MSFT
2021-06-10,246.87234497070312,247.0834793950277,243.4462357101778,244.04124291847,24563600,MSFT
2021-06-11,247.49623107910156,248.07202575056814,246.26779101297777,247.59217733259723,18999700,MSFT
2021-06-14,249.41561889648438,249.47319836227948,246.45012996992423,247.50580232220523,19150500,MSFT
2021-06-15,247.9471893310547,249.5114994108037,247.29460269889398,249.3003649959735,18038900,MSFT
2021-06-16,247.0067596435547,250.0777717386489,244.16605075768612,248.9453365777258,27220000,MSFT
2021-06-17,250.38490295410156,251.20065113623295,245.69200057504625,245.7495800431851,27565500,MSFT
2021-06-18,248.97412109375,251.72844608322075,248.3215343320705,249.1660721590066,37202200,MSFT
2021-06-21,252.04513549804688,252.89925028570661,247.52497248384933,249.348390258595,26696100,MSFT
2021-06-22,254.8091583251953,255.07787231209056,251.82448544339604,252.1315955105986,24694100,MSFT
2021-06-23,254.57876586914062,256.07589057104275,253.7726240517797,255.26974875368182,19518700,MSFT
2021-06-24,255.9415283203125,257.05478006360823,254.77069711508946,255.43289021487416,21446900,MSFT
2021-06-25,254.3387908935547,256.4789249266626,254.08928968479023,255.50004490547056,25611100,MSFT
2021-06-28,257.8897399902344,258.0624783950666,255.19299417128897,255.46170811912478,19590000,MSFT
2021-06-29,260.461669921875,260.70159408895256,257.1795237173201,258.03363852255484,19937800,MSFT
2021-06-30,259.9817810058594,260.42323320384054,258.7341872468465,259.7802529375048,21656500,MSFT
2021-07-01,260.65362548828125,260.88394332062984,258.7342321183935,258.7438091696623,16725300,MSFT
2021-07-02,266.4599304199219,266.79583030841275,261.51749553612404,261.82460567918054,26458000,MSFT
2021-07-06,266.4693908691406,268.11046403566195,263.244794707822,266.8244739642971,31565600,MSFT
2021-07-07,268.64788818359375,269.3772670421519,265.97993254914314,268.13925010791996,23260000,MSFT
2021-07-08,266.2390441894531,267.4962443949508,263.7918002820035,265.7399832123837,24618600,MSFT
2021-07-09,266.7381286621094,266.8436812511514,264.2237277535544,264.6076006127589,23916700,MSFT
2021-07-12,266.1430969238281,268.49433627554,265.43290144744316,267.9089353442858,18931700,MSFT
2021-07-13,269.6556396484375,271.4502681264369,266.210331366787,266.33506735947253,26120100,MSFT
2021-07-14,271.1239013671875,272.2275466221714,269.2428749057434,270.97034639354206,23113700,MSFT
2021-07-15,269.7035827636719,271.12394453030225,268.5519349217963,270.634489804362,22604200,MSFT
2021-07-16,269.43487548828125,272.6498656125402,268.1968584208553,270.70168228808353,26186800,MSFT
2021-07-19,265.8455810546875,269.0701477729701,263.38875994905754,267.688182240101,32935600,MSFT
2021-07-20,268.0625,269.6459937608424,265.12583032349374,266.82448300692533,26259700,MSFT
2021-07-21,270.05865478515625,270.173813707087,266.11431527092736,267.6594129528652,24364300,MSFT
2021-07-22,274.6075744628906,274.87628831519737,271.9971987743624,272.4002549090158,23384100,MSFT
2021-07-23,277.995361328125,278.30244201944714,274.9531098439966,275.78804130305343,22768100,MSFT
2021-07-26,277.4002380371094,278.01445780296854,275.08739544174887,277.35226493123116,23176100,MSFT
2021-07-27,274.991455078125,277.90891147588917,271.54614801020494,277.7649628522518,33604100,MSFT
2021-07-28,274.68438720703125,278.4559881617901,272.3906980646863,277.3427364892114,33566900,MSFT
2021-07-29,274.9530944824219,276.9876467259065,274.5500089966287,274.7035639775205,18168300,MSFT
2021-07-30,273.4271545410156,275.10662354630284,272.4674579665658,273.67668502240946,20944800,MSFT
2021-08-02,273.3408508300781,275.212242025892,272.30436188036447,274.8187628216139,16267400,MSFT
2021-08-03,275.5480651855469,275.6536470342406,272.55381667429816,273.91659864421985,17879000,MSFT
2021-08-04,274.962646484375,275.99910579105216,273.17759581092656,274.68432630603274,16191300,MSFT
2021-08-05,277.8514099121094,277.9569917907823,274.569263222689,275.31782556305,13900200,MSFT
2021-08-06,277.79376220703125,277.832158270537,276.0279240247651,276.88206803398026,16589300,MSFT
2021-08-09,276.7093505859375,279.7995752873609,276.2103188203015,278.07213285524966,16117600,MSFT
2021-08-10,274.89556884765625,277.5923146609027,273.7055541222731,277.16043936211105,18616600,MSFT
2021-08-11,275.385009765625,277.0260831007816,274.3389144756151,275.6345110192113,13955900,MSFT
2021-08-12,278.12969970703125,278.2832546943312,274.7995509694879,275.0778712144452,14561300,MSFT
2021-08-13,281.04718017578125,281.0951532950036,277.64023937005385,277.81300703201526,18249000,MSFT
2021-08-16,282.7265930175781,282.93772741778326,278.33116667356506,281.37341744639224,22507600,MSFT
2021-08-17,281.2678527832031,281.60375243417633,279.34845967777284,280.605689106435,20075300,MSFT
2021-08-18,279.54681396484375,283.47948483534077,279.1044871600753,280.80642126360254,21813000,MSFT
2021-08-19,285.3544616699219,286.0275472712108,277.5372141574895,277.5852791245708,29850500,MSFT
2021-08-20,292.6524658203125,294.0755466635113,286.5948135303095,288.190963446094,40817600,MSFT
2021-08-23,292.931396484375,293.6525471548652,290.2391123853567,291.5852544348658,22830200,MSFT
2021-08-24,290.9794006347656,293.892847343343,290.38325427792677,293.28707625697854,18175800,MSFT
2021-08-25,290.39288330078125,292.8736280290071,288.86404781166596,292.5947749618287,20006100,MSFT
2021-08-26,287.58514404296875,290.79666345082654,287.4505445681289,289.4120524153368,17666100,MSFT
2021-08-27,288.19097900390625,289.29673726337023,285.4121315880625,287.4890486022759,22605700,MSFT
2021-08-30,291.91204833984375,292.5178193402861,289.4793689535972,289.53705863519326,16348100,MSFT
2021-08-31,290.2679138183594,292.7871284221074,289.9025261716433,292.7102186066526,26285300,MSFT
2021-09-01,290.2197265625,293.4504953070567,289.89280860005545,291.21972990530116,18983800,MSFT
2021-09-02,289.56591796875,291.69089959705036,288.6332289446876,290.57554613458024,16285600,MSFT
2021-09-03,289.5563659667969,290.96019740569926,288.7102113426839,289.4121123902904,14747900,MSFT
2021-09-07,288.6332702636719,289.5082697285104,286.7294517158089,289.4313599194175,17180400,MSFT
2021-09-08,288.6620788574219,289.04668654196234,286.0274854074498,288.248626330133,15046800,MSFT
2021-09-09,285.8160705566406,290.51798736666865,285.5756869817402,289.2487550487067,19927000,MSFT
2021-09-10,284.335205078125,288.38328426235665,284.01791177587137,286.9409832920089,19633400,MSFT
2021-09-13,285.56591796875,287.0563129863409,282.767851049367,286.1043745569801,23652900,MSFT
2021-09-14,288.25830078125,289.79676112846977,286.6333058908585,288.0371373862397,21853400,MSFT
2021-09-15,293.0948181152344,293.57558514343583,290.2102159460255,291.594827334741,28356300,MSFT
2021-09-16,293.4794006347656,293.5659351711585,289.19096732817496,292.0755692493566,19550800,MSFT
2021-09-17,288.335205078125,292.7871123350573,288.0082870289444,292.469819016164,41372500,MSFT
2021-09-20,282.9794921875,287.2294860954919,278.383360066102,284.93140536294595,38278700,MSFT
2021-09-21,283.4601745605469,286.09479733126966,282.7582736118841,284.31595379410885,22364100,MSFT
2021-09-22,287.0948181152344,288.6717480113228,283.18139690958066,285.3160036325235,26626300,MSFT
2021-09-23,288.037109375,289.32556135418525,286.085196618995,287.35442848279695,18604600,MSFT
2021-09-24,287.835205078125,288.26787776636394,285.5082799167376,286.7582917069234,14999000,MSFT
2021-09-27,282.8545227050781,285.0660395820949,281.67182509968364,284.74874621384953,23571700,MSFT
2021-09-28,272.6141052246094,279.59485135493725,271.87373461890644,278.6525374846611,43186200,MSFT
2021-09-29,273.07568359375,275.7391224791571,272.1237742275419,274.1333769693656,26353700,MSFT
2021-09-30,271.0756530761719,276.7582926672313,270.78717529668586,274.71984547108286,32343600,MSFT
2021-10-01,277.9794616699219,278.8256162130786,270.46988411493584,271.2679443559621,30086300,MSFT
2021-10-04,272.2198181152344,276.6813490007705,269.4698455515758,276.34480630440487,31350700,MSFT
2021-10-05,277.6526184082031,279.22951920014657,273.1237713059689,273.1237713059689,24993000,MSFT
2021-10-06,281.835205078125,282.3352215175468,274.5275704532508,274.7871740588591,28002600,MSFT
2021-10-07,283.50830078125,285.22945482720434,282.6140812194665,283.825594084445,20430500,MSFT
2021-10-08,283.50830078125,285.22945482720434,282.46023226093035,284.82559764308587,17685700,MSFT
2021-10-11,282.912109375,286.5082365093531,281.4890287428217,281.65250240514854,19298600,MSFT
2021-10-12,281.6141052246094,284.0756301147398,281.10449333744236,283.97947083828177,17974100,MSFT
2021-10-13,284.91217041015625,285.8448596726452,282.2006371715357,283.56602852194857,23416300,MSFT
2021-10-14,291.1044616699219,291.6044488603404,286.37370077714104,287.70062258890977,27262900,MSFT
2021-10-15,292.5082092285156,292.7389973101157,288.96014691464524,290.71014559366176,25384800,MSFT
2021-10-18,295.4696960449219,296.35429060794576,291.0466351987641,291.8927895416074,22729300,MSFT
2021-10-19,296.37359619140625,297.402415134152,295.4024375898514,296.48897556115827,17682100,MSFT
2021-10-20,295.5851135253906,297.7870341774877,294.3351019599555,297.31586265453666,16537100,MSFT
2021-10-21,298.80633544921875,299.0563143524255,294.5755620879851,295.3544316768825,16918100,MSFT
2021-10-22,297.267822265625,299.1235756390308,295.960120910737,298.46011490450775,17449300,MSFT
2021-10-25,296.2774963378906,297.49863403751334,294.6717215370627,297.4601644586546,17554500,MSFT
2021-10-26,298.1812744140625,300.3831953408259,296.7293781263278,299.03705370094167,28107300,MSFT
2021-10-27,310.73895263671875,313.55624018654,303.8447410132644,303.8447410132644,52588700,MSFT
2021-10-28,311.87359619140625,312.37358336767323,308.9985892327168,311.8543467291355,26297900,MSFT
2021-10-29,318.8638916015625,319.2292792064878,311.44084815229064,311.6620115299265,34766000,MSFT
2021-11-01,316.7004699707031,318.7389174914313,313.81586777864834,318.6139133681184,27073200,MSFT
2021-11-02,320.3158264160156,320.62352433879016,317.30622029819705,317.60429349098206,26487100,MSFT
2021-11-03,321.15234375,322.01771844825345,317.9311991041292,321.0561844849301,21500100,MSFT
2021-11-04,323.49847412109375,323.59463338175044,316.83505110356475,320.08504044542997,23992200,MSFT
2021-11-05,323.1330871582031,325.75808532637757,321.5561867864097,325.48885700223303,22570100,MSFT
2021-11-08,324.0273132324219,324.6619291544204,321.57541342152103,324.32538640649415,20897000,MSFT
2021-11-09,323.02728271484375,325.69072070181716,321.6618918462256,324.14263606886954,21307400,MSFT
2021-11-10,318.0754089355469,321.75810028088216,317.2292837348111,321.7004105931885,25500900,MSFT
2021-11-11,319.64276123046875,320.93121335247633,317.79663226365136,318.50815807964443,16849800,MSFT
2021-11-12,323.7677307128906,324.2581224444753,320.95044312615977,321.07544724155895,23831000,MSFT
2021-11-15,323.1427001953125,324.88307418193443,321.18116285112575,324.5561561818509,16723000,MSFT
2021-11-16,326.450439453125,327.5658224885891,322.6043031971898,322.76774755560007,20886800,MSFT
2021-11-17,326.6719055175781,329.6292219748661,325.59302210058706,326.4985198392835,19053400,MSFT
2021-11-18,328.7430114746094,329.87971962558396,324.7453511615108,325.7664394516795,22463500,MSFT
2021-11-19,330.5155334472656,332.4325070081749,329.63896245799737,330.0628138404935,21963400,MSFT
2021-11-22,327.3558654785156,336.8346949958714,327.0861445993955,331.9700474366429,31031100,MSFT
2021-11-23,325.2848205566406,326.9898682292672,321.31605752223925,324.6779411746802,30427600,MSFT
2021-11-24,325.5063781738281,325.7472014512142,321.65320573565054,323.9362057016911,21661300,MSFT
2021-11-26,317.5784912109375,325.5256600131003,316.0757561892276,322.07708333440075,24217200,MSFT
2021-11-29,324.2734375,326.58533560623965,322.45279900050696,322.645469424935,28563500,MSFT
2021-11-30,318.455078125,325.38115820776426,316.9138032094252,323.0114652960252,42885600,MSFT
2021-12-01,317.9637756347656,326.8260839728482,317.2991304369134,322.82842346064837,33337600,MSFT
2021-12-02,317.3954772949219,321.2486502191634,315.76750938263973,318.1757424602907,30766000,MSFT
2021-12-03,311.1532897949219,320.48760157043654,306.3560799414712,319.8036423557392,41779300,MSFT
2021-12-06,314.21661376953125,315.43037261838606,307.51210127524547,312.05884639145665,30032600,MSFT
2021-12-07,322.6261291503906,323.4738023613807,317.9830494801912,319.46652904482426,31021900,MSFT
2021-12-08,322.6742858886719,323.184830047875,318.65734078900067,323.00180200991804,24761000,MSFT
2021-12-09,320.8729553222656,324.13850382611764,319.92891744874584,322.1348670016077,22214200,MSFT
2021-12-10,329.96636962890625,330.409476146995,322.5008493952642,322.6838774043945,38095700,MSFT
2021-12-13,326.9416809082031,331.1705518397965,326.6334200526802,328.17469493292174,28899400,MSFT
2021-12-14,316.2877502441406,322.3565162798483,312.213008594339,320.9886267221217,44438700,MSFT
2021-12-15,322.3659973144531,322.886183766917,312.58857922136355,316.54769934976275,35381100,MSFT
2021-12-16,312.9739074707031,324.39857838163,311.1629118249928,323.3871030361662,35034800,MSFT
2021-12-17,311.914306640625,312.993219650069,305.6047483392989,309.101507137352,47750300,MSFT
2021-12-20,308.1671142578125,310.9510161666708,305.9130118209808,308.3019600117902,28326500,MSFT
2021-12-21,315.2762145996094,315.7000659257097,308.06112911488344,311.42304210587787,24740600,MSFT
2021-12-22,320.96929931640625,321.36422365049356,313.7927533668709,316.24913921677904,24831500,MSFT
2021-12-23,322.404541015625,324.0421508973986,320.5164949405719,320.5357502177873,19617800,MSFT
2021-12-27,329.8797302246094,329.90862784139654,323.11739392269027,323.1462915394775,19947000,MSFT
2021-12-28,328.72381591796875,331.18984424383433,327.827960266222,330.55406718206604,15661500,MSFT
2021-12-29,329.3980407714844,331.6617557188024,327.2113469290697,328.7718768270416,15042000,MSFT
2021-12-30,326.8646240234375,330.5347684082041,326.38297747008363,329.3595496421258,15994500,MSFT
2021-12-31,323.9747314453125,326.90312120375734,323.5219825277928,326.08434561446063,18000800,MSFT
2022-01-03,322.46234130859375,325.5930436513956,317.6747737807834,323.04032300520043,28865100,MSFT
2022-01-04,316.9330749511719,322.89586164300437,314.1491437576021,322.5394184991603,32674300,MSFT
2022-01-05,304.7666931152344,314.1010061399775,304.3813817326678,313.8986934112964,40054300,MSFT
2022-01-06,302.3584289550781,307.0015085378214,300.05614444176234,301.6552144415301,39646100,MSFT
2022-01-07,302.5126037597656,304.88229679267107,298.7075838733872,302.61855190067536,32720000,MSFT
2022-01-10,302.7340393066406,303.16753285656387,293.50570655801414,298.12950056949,44289500,MSFT
2022-01-11,303.4180603027344,304.98820330544083,298.5149021278563,301.87678551872176,29386800,MSFT
2022-01-12,306.5872497558594,311.538589841844,305.44092874443083,307.93588346156525,34372200,MSFT
2022-01-13,293.6117248535156,309.1014943499301,292.84110213316677,308.7065406516053,45366000,MSFT
2022-01-14,298.81353759765625,299.4107746285059,292.6002852144012,293.0819317744249,39846400,MSFT
2022-01-18,291.54071044921875,298.4282516430957,290.6641100212884,292.90859986576606,42333200,MSFT
2022-01-19,292.1957092285156,302.3873676008085,291.58885921501854,295.0470782257124,45933900,MSFT
2022-01-20,290.52923583984375,300.21032076889657,290.0861291978272,297.725037240553,35380700,MSFT
2022-01-21,285.16363525390625,292.9470300221771,284.7590392453866,291.57917037846426,57984400,MSFT
2022-01-24,285.49114990234375,286.20397733564954,265.9170285250383,281.4742344395524,85731500,MSFT
2022-01-25,277.9003601074219,284.1617639753021,274.7022500122877,280.81913642686214,72848600,MSFT
2022-01-26,285.8187255859375,297.1759609807795,282.27381356056463,296.68467202710303,90428900,MSFT
2022-01-27,288.83380126953125,296.019959606394,286.9939079100606,291.55029488282537,53481300,MSFT
2022-01-28,296.9447021484375,297.1566277790234,283.6416285034805,289.20946072810676,49743700,MSFT
2022-01-31,299.5648498535156,300.9134540935953,295.12405410178434,297.6093663560582,46444500,MSFT
2022-02-01,297.4263610839844,299.2277143206684,293.929602731659,299.0157886812132,40950400,MSFT
2022-02-02,301.9538879394531,303.5529582305001,297.5420178765897,298.2644877997953,36636000,MSFT
2022-02-03,290.19207763671875,299.8057543934319,288.94942117258597,298.12960422865086,43730000,MSFT
2022-02-04,294.7098693847656,297.4648733158477,288.95900886982764,289.1901897878569,35096500,MSFT
2022-02-07,289.903076171875,296.5401504808717,288.89160075762936,294.931467433284,28533300,MSFT
2022-02-08,293.38055419921875,294.34384733210226,288.9397869673649,290.1920562811641,32421200,MSFT
2022-02-09,299.7864990234375,300.48007137385594,296.10674096728,298.4956895318713,31284700,MSFT
2022-02-10,291.28057861328125,297.77316484125447,289.66225322547234,292.8796487217257,45386200,MSFT
2022-02-11,284.2099914550781,293.12045222250043,283.4200840938403,292.06082398149493,39175600,MSFT
2022-02-14,284.17144775390625,285.866852917156,280.65543402557785,282.9865867276755,36359500,MSFT
2022-02-15,289.440673828125,289.7585476106749,286.11730093278925,288.9975672412042,27058300,MSFT
2022-02-16,289.1028137207031,290.42524925713894,283.484848801482,288.0120371225755,29982100,MSFT
2022-02-17,280.6372985839844,286.49655572673316,279.93262997944396,286.0718280004565,32461600,MSFT
2022-02-18,277.9344787597656,283.65861124098427,276.37072190934305,282.876732815773,34264000,MSFT
2022-02-22,277.73187255859375,281.41926927360004,274.62365288365766,275.10629550735473,41736100,MSFT
2022-02-23,270.5403747558594,281.5736029979626,270.37629282765295,280.10635117029534,37811200,MSFT
2022-02-24,284.3632507324219,284.913470148122,262.0941229321313,263.04977493259855,56989700,MSFT
2022-02-25,286.9888610839844,287.2977593325136,281.52534482802724,284.8942092758671,32546700,MSFT
2022-02-28,288.4174499511719,288.7553055184813,282.82844278237695,284.09296349755033,34627500,MSFT
2022-03-01,284.7107849121094,289.5565043668673,282.00796959435814,286.1104303022666,31217800,MSFT
2022-03-02,289.76885986328125,291.00442328606925,283.504170648304,285.10651756719705,31873000,MSFT
2022-03-03,285.647216796875,292.6069150221364,283.8421086809278,292.37525599470666,27314500,MSFT
2022-03-04,279.7974548339844,285.39612468595874,277.20086566715224,284.0736891436429,32356500,MSFT
2022-03-07,269.22760009765625,279.6333695655803,268.8607871426468,278.5136356085561,43157200,MSFT
2022-03-08,266.27386474609375,274.10231170934804,260.6269417825075,268.1561527618495,48159500,MSFT
2022-03-09,278.48468017578125,279.5464994060376,271.03267993001293,273.60034117475794,35204500,MSFT
2022-03-10,275.6757507324219,276.6506980483507,270.83966326078166,273.1949611124185,30628000,MSFT
2022-03-11,270.34735107421875,279.4596429563479,269.7295545935928,277.9634336750457,27209300,MSFT
2022-03-14,266.8433837890625,275.49232901217977,266.2449118112666,270.60798934145595,30660700,MSFT
2022-03-15,277.1816101074219,277.8283640849266,269.05392607565614,270.6176832217213,34245100,MSFT
2022-03-16,284.17022705078125,284.343971257443,273.36868699762886,279.07349465678493,37826300,MSFT
2022-03-17,284.9714660644531,285.34791193212243,279.32454238410753,283.10847290668306,30816600,MSFT
2022-03-18,290.00048828125,290.55070765473886,282.56781343474125,285.11614983812484,43390600,MSFT
2022-03-21,288.774658203125,289.72064808863075,284.66253476098274,288.5140418634162,28351200,MSFT
2022-03-22,293.50457763671875,294.4119479641465,288.39821134013704,289.3924537893616,27599700,MSFT
2022-03-23,289.0932312011719,292.7034175820103,287.38468714348056,290.07784087692966,25715400,MSFT
2022-03-24,293.5431823730469,293.6397167673037,287.9638360996713,288.75537689115174,24484500,MSFT
2022-03-25,293.1377258300781,294.8945515047454,288.9001402281707,294.6339351738191,22566500,MSFT
2022-03-28,299.9140319824219,300.0105369064653,293.7651423882981,293.7651423882981,29578200,MSFT
2022-03-29,304.46051025390625,304.8562805932184,298.3212830440557,303.01258292097964,30393400,MSFT
2022-03-30,302.9642639160156,304.98173500944773,300.76341581769765,302.8677590054926,28163600,MSFT
2022-03-31,297.6069641113281,304.19987600855126,297.20156097857216,303.0029027856713,33422100,MSFT
2022-04-01,298.678466796875,299.36381082776825,294.9331566706007,298.6301848769681,27110500,MSFT
2022-04-04,304.0357971191406,304.1709216917822,298.9583889350334,299.32520192359516,24289600,MSFT
2022-04-05,300.0877685546875,303.93924580373067,299.11282139815006,302.3947841023135,23156700,MSFT
2022-04-06,289.1028137207031,296.3424501243935,286.4096607302466,294.59528689562205,40110400,MSFT
2022-04-07,290.90789794921875,293.1087462850132,286.06217848359114,286.36141443806906,31411200,MSFT
2022-04-08,286.6607360839844,290.6666636194937,285.994686964746,290.01027677849993,24361900,MSFT
2022-04-11,275.35723876953125,282.4520607322384,275.106255215354,281.6605493335074,34569300,MSFT
2022-04-12,272.2681579589844,280.64682078741856,270.75265414473523,279.19889396166,30966700,MSFT
2022-04-13,277.63531494140625,278.5619804531801,271.53470561771667,272.9150857943455,21907200,MSFT
2022-04-14,270.1156921386719,278.30131965119733,269.62341681375074,278.08895577007974,28221600,MSFT
2022-04-18,270.7817077636719,272.65436281401867,268.67739376545774,269.2276132247998,20778000,MSFT
2022-04-19,275.39581298828125,276.2356357266572,268.74501431186735,269.6813419887161,22297700,MSFT
2022-04-20,276.4189453125,279.64302251578187,275.46332277285063,279.35341939656814,22906700,MSFT
2022-04-21,271.0616760253906,283.11807613900845,270.33771228198214,278.56192980216474,29454600,MSFT
2022-04-22,264.51702880859375,273.36870459899797,263.8895994942571,271.90145264874303,29405800,MSFT
2022-04-25,270.97479248046875,271.351238292918,261.3701954398088,263.8027323682706,35678900,MSFT
2022-04-26,260.8393249511719,268.6967298664818,260.62696106383044,267.86659887115906,46518400,MSFT
2022-04-27,273.3879699707031,280.86892738240044,269.46891592845344,272.30685567741426,63477700,MSFT
2022-04-28,279.57550048828125,280.8786411356231,271.689109042136,275.28963271284965,33646600,MSFT
2022-04-29,267.88592529296875,279.81686511286546,266.90134504097585,278.5909341142436,37073900,MSFT
2022-05-02,274.5945739746094,275.0482590184196,266.6309742081337,268.0692391635906,35151100,MSFT
2022-05-03,271.99798583984375,274.26641131232816,270.42456669386183,274.10229991297473,25978600,MSFT
2022-05-04,279.913330078125,280.7820806094394,267.1233049625317,272.77986042090856,33599300,MSFT
2022-05-05,267.7218017578125,276.4093667940325,264.8162844690875,275.62748829742554,43260400,MSFT
2022-05-06,265.1927490234375,269.55582646003774,261.8528418348636,265.26995885904273,37780300,MSFT
2022-05-09,255.3950958251953,262.9050120493982,254.17885674013965,260.6848683023518,47726000,MSFT
2022-05-10,260.1443176269531,264.24677903665463,255.86811198044657,262.2582942158993,39336400,MSFT
2022-05-11,251.5049285888672,261.939654328253,250.29832265731793,256.4568440452498,48975900,MSFT
2022-05-12,246.48550415039062,250.8582435521003,241.3405338858611,248.74426727264887,51033800,MSFT
2022-05-13,252.05517578125,253.90853565823974,246.485492791465,248.41606249500785,34925100,MSFT
2022-05-16,252.42201232910156,256.59205034843524,246.9005812826205,250.9354652701601,32550900,MSFT
2022-05-17,257.557373046875,259.01493349139474,253.348714764612,256.87199942771946,28828800,MSFT
2022-05-18,245.83082580566406,255.0417455754485,244.56335973469547,254.46121977706724,31356000,MSFT
2022-05-19,244.9213409423828,249.30427969315693,243.70225448849024,245.65666082139012,32692300,MSFT
2022-05-20,244.36016845703125,250.1460272870901,238.43887034074822,248.8882164839808,39199300,MSFT
2022-05-23,252.18751525878906,253.0099243599592,245.2019245791374,247.19505531377055,33175400,MSFT
2022-05-24,251.19094848632812,252.8454218843062,245.26965040786493,249.51713505523247,29043900,MSFT
2022-05-25,253.99681091308594,255.98992698907475,248.78182219830612,249.7590402014901,28547900,MSFT
2022-05-26,257.26708984375,258.4377968295687,252.94221495828464,253.75493935952196,25002100,MSFT
2022-05-27,264.3687744140625,264.4655336439164,258.873192668912,259.7633362460875,26910800,MSFT
2022-05-31,263.04327392578125,265.84911459447005,260.1987236575402,263.68184944791426,37827700,MSFT
2022-06-01,263.57537841796875,268.674267192914,261.27264493032675,266.26511923779674,25292200,MSFT
2022-06-02,265.6652526855469,265.73298709587516,253.10669066458044,255.86416618600398,44008200,MSFT
2022-06-03,261.2532653808594,264.571926206195,259.6955513321792,261.53385823484007,28059000,MSFT
2022-06-06,260.0245666503906,265.27826522689224,258.5442419264379,263.2270994161104,22400300,MSFT
2022-06-07,263.65277099609375,264.26232157625736,257.3057561922374,257.9830411761452,22860700,MSFT
2022-06-08,261.630615234375,264.1365222872214,260.85657107937885,262.88839638694134,17372300,MSFT
2022-06-09,256.193115234375,263.8559613723618,256.0383063846379,259.08602995149107,26439700,MSFT
2022-06-10,244.77622985839844,252.11978854806873,244.33115809000796,252.11978854806873,31422800,MSFT
2022-06-13,234.3945770263672,240.9351106086177,233.68828195632932,237.1520524259518,46135800,MSFT
2022-06-14,236.5521697998047,237.76158615878145,233.66891057036807,235.94261923059773,28651500,MSFT
2022-06-15,243.5861358642578,247.01121141715927,238.41951248541616,240.24814951336052,33111700,MSFT
2022-06-16,237.01657104492188,239.38702405079715,235.12988456120002,237.99377410485405,33169200,MSFT
2022-06-17,239.60958862304688,242.36706412018737,236.10712319916604,236.75536866492723,43084800,MSFT
2022-06-21,245.5018768310547,246.47908003768092,241.4092008096241,242.1348507017861,29928300,MSFT
2022-06-22,244.91168212890625,248.82052450027996,242.24128106481916,243.7119356534914,25939900,MSFT
2022-06-23,250.4556427001953,250.9490941058249,245.39546270431345,247.27247956979176,25861400,MSFT
2022-06-24,259.0086975097656,259.27960567496183,253.2228372705622,253.30991173150647,33923200,MSFT
2022-06-27,256.2898864746094,259.589148741076,254.73214265073585,259.50207429528484,24615100,MSFT
2022-06-28,248.1529083251953,258.2442718055391,247.99809948086303,255.40940681520112,27295500,MSFT
2022-06-29,251.81021118164062,253.46468475908262,247.45629682631295,249.22688443197563,20069800,MSFT
2022-06-30,248.4915008544922,251.10385190666133,244.68910304500875,248.70435930708942,31730900,MSFT
2022-07-01,251.1522216796875,251.33605532539292,246.34359589719068,248.06581834657763,22837700,MSFT
2022-07-05,254.31605529785156,254.4418393123032,246.4693620667488,247.84325715699325,22941000,MSFT
2022-07-06,257.56707763671875,259.289286037968,253.88077746591685,255.186953560111,23824400,MSFT
2022-07-07,259.6859436035156,260.3245191537176,256.41567617677276,256.51243541651996,20859900,MSFT
2022-07-08,258.96990966796875,259.395626588486,254.74179480110894,256.1930944319359,19658800,MSFT
2022-07-11,255.9221954345703,257.87660171050175,253.66782672632655,257.0251678392389,19455200,MSFT
2022-07-12,245.43418884277344,257.30582745769215,243.85710472123532,257.2477778174813,35868500,MSFT
2022-07-13,244.51499938964844,245.31805374321544,240.05467060292142,242.06714149558593,29497400,MSFT
2022-07-14,245.83082580566406,246.85640858787121,237.95510651412596,242.43478974627138,25102800,MSFT
2022-07-15,248.38511657714844,251.91660674220472,246.49842984837338,247.41758340717305,29774100,MSFT
2022-07-18,245.9953155517578,252.3713557823353,245.07616196648328,251.3167481398981,20975000,MSFT
2022-07-19,251.10391235351562,251.28774603986494,245.44383672914083,249.2172106364665,25012600,MSFT
2022-07-20,253.75491333007812,256.2705054721165,250.50401605859645,251.46186444630638,22788300,MSFT
2022-07-21,256.2414245605469,256.28981892441135,248.68499453524507,251.35539494275176,22404700,MSFT
2022-07-22,251.90692138671875,256.71556241158675,250.65882485957425,256.62848796970013,21881300,MSFT
2022-07-25,250.42657470703125,253.0099010286227,248.47216851036575,252.526134487459,21056000,MSFT
2022-07-26,243.72161865234375,251.4425445815862,241.46727918195788,251.4231750195412,39348000,MSFT
2022-07-27,260.0148620605469,261.28232818719346,250.4459740907152,252.68097341491003,45994000,MSFT
2022-07-28,267.4358215332031,268.81938674780196,259.17308078267786,260.9920476929204,33459300,MSFT
2022-07-29,271.6252746582031,272.8443759995339,267.64872718084746,268.6839948428737,32152800,MSFT
2022-08-01,268.98394775390625,272.1477710808105,266.8843874576311,268.80011406095605,21539600,MSFT
2022-08-02,265.8974914550781,268.8678255810628,263.53670799309106,267.0391735890701,22754200,MSFT
2022-08-03,273.2991027832031,274.29566079302055,267.6293429063653,267.7744965070368,23518900,MSFT
2022-08-04,274.44073486328125,274.58585891074097,271.0737388551581,272.6507928732396,18098700,MSFT
2022-08-05,273.7248229980469,274.44078812230066,269.632146904856,270.0868886929883,16774600,MSFT
2022-08-08,271.2189636230469,276.63715644551485,270.251430244991,274.82784422605897,18739200,MSFT
2022-08-09,273.1346435546875,273.8893183608111,268.59690993620944,270.5610309152516,23405200,MSFT
2022-08-10,279.7718505859375,280.4007411412907,277.62392610830153,278.8140023481959,24687800,MSFT
2022-08-11,277.701416015625,281.7553831803719,277.2079940772859,281.4070853415443,20065900,MSFT
2022-08-12,282.4326171875,282.4326171875,277.62397604955174,279.1139854304459,22619700,MSFT
2022-08-15,283.9419860839844,284.62892642888846,280.6910589868737,281.55217775836655,18085700,MSFT
2022-08-16,283.2066650390625,284.49350086788803,280.9910350330185,282.5100398793754,18102900,MSFT
2022-08-17,282.4600524902344,284.42831264174936,280.6663108728771,280.9280886741136,18253400,MSFT
2022-08-18,281.3450622558594,283.0321341039528,280.28818642679033,281.36444334293145,17186200,MSFT
2022-08-19,277.4472961425781,280.45302156557796,276.87524340040335,280.1136602196925,20570000,MSFT
2022-08-22,269.302734375,273.8694799294029,268.7888545532896,273.5010322101689,25061100,MSFT
2022-08-23,268.0326232910156,270.37900717902073,267.02424456116967,268.0326232910156,17527400,MSFT
2022-08-24,267.40234375,268.7985510668254,266.74300225801466,267.03389604285996,18137000,MSFT
2022-08-25,270.3692932128906,270.5341064037505,266.170965672793,268.89550229541334,16583400,MSFT
2022-08-26,259.9365539550781,271.813993730699,259.82991359676106,270.59230474229855,27549300,MSFT
2022-08-29,257.16351318359375,259.2674999332414,255.82547868834627,257.76465225492166,20338500,MSFT
2022-08-30,254.97225952148438,258.92816091829354,252.73251622654692,258.559742764077,22767100,MSFT
2022-08-31,253.5178680419922,258.986322342565,253.38211168370708,257.3186614112336,24791800,MSFT
2022-09-01,252.4804229736328,252.95554067570222,247.64219380873456,250.99695619943782,23263400,MSFT
2022-09-02,248.27236938476562,256.6883748850605,246.73073007411588,253.74085260542935,22855400,MSFT
2022-09-06,245.5478973388672,249.9885925912268,244.2777407898771,248.4081907033707,21328200,MSFT
2022-09-07,250.24072265625,250.95820761744986,245.51883837266882,246.9538230897931,24126700,MSFT
2022-09-08,250.65756225585938,252.50947654562356,247.04100773001082,249.67829973457307,20319900,MSFT
2022-09-09,256.4169616699219,257.1635625736853,252.37380057718096,252.57740555573184,22084700,MSFT
2022-09-12,258.5404052734375,259.3160927400393,257.09572990172785,257.6968691949372,18747700,MSFT
2022-09-13,244.326171875,252.48038524578442,243.9383282959198,250.96783227417103,33353300,MSFT
2022-09-14,244.54917907714844,246.4980431807775,242.26095368229554,245.81933539304998,23913000,MSFT
2022-09-15,237.917236328125,243.75413876662034,236.59859756302296,242.1737221928397,31530900,MSFT
2022-09-16,237.29669189453125,237.83965816543386,234.69819143342704,236.8312795525679,39791800,MSFT
2022-09-19,237.0833740234375,237.68451311918642,233.5249921595804,235.09571807800603,26826900,MSFT
2022-09-20,235.0763397216797,236.10409946317117,232.35180291402574,234.7079067620096,26660300,MSFT
2022-09-21,231.6827850341797,240.12789337863492,231.634302730604,236.84099440441966,28625600,MSFT
2022-09-22,233.65101623535156,236.44343087375472,230.34473658595115,230.63560078185145,31061200,MSFT
2022-09-23,230.68409729003906,233.79647753038185,228.04681992346752,232.25482322354088,34176000,MSFT
2022-09-26,230.22837829589844,234.1067254216907,229.69510260715796,229.84054950120728,27694200,MSFT
2022-09-27,229.2200164794922,234.44608868363423,227.36810216062796,232.6814336251009,27018700,MSFT
2022-09-28,233.73829650878906,234.95997054824008,227.59110496512747,229.60784728045007,29029700,MSFT
2022-09-29,230.27687072753906,232.652355487679,227.28085099175377,231.6245958212714,27484200,MSFT
2022-09-30,225.81675720214844,233.224399677071,225.65192922341265,231.04282940218874,35694800,MSFT
2022-10-03,233.41835021972656,234.26188606885609,227.52326022905194,228.25045038719026,28880400,MSFT
2022-10-04,241.310791015625,242.74577547683293,237.52939325058418,237.6360484007584,34888400,MSFT
2022-10-05,241.6210479736328,242.95908260476142,236.67616375353109,238.50868236825332,20347100,MSFT
2022-10-06,239.28431701660156,242.72635307461078,238.5959186818319,240.38964536366748,20239900,MSFT
2022-10-07,227.1160430908203,233.98072018796898,226.07857799580754,233.5734806664739,37769600,MSFT
2022-10-10,222.2777557373047,227.42625885745642,219.8343930584343,225.96218823518748,29743600,MSFT
2022-10-11,218.55458068847656,222.0935668585732,217.29411479408543,220.69735939369207,30474000,MSFT
2022-10-12,218.8842315673828,220.93006041435294,217.14867761413385,218.54487025171542,21903900,MSFT
2022-10-13,227.1160430908203,228.91947533494175,212.465584291104,213.16368804977824,42551800,MSFT
2022-10-14,221.60882568359375,230.0248494228803,221.39551533755878,228.37653951356913,30198600,MSFT
2022-10-17,230.30596923828125,231.6924861628052,227.98865719878884,228.64798396705297,28142300,MSFT
2022-10-18,231.24647521972656,236.51132497546385,228.2116634940623,235.84232244327512,26329600,MSFT
2022-10-19,229.28787231445312,232.32268360031256,227.16447494797129,229.83083853160068,19985700,MSFT
2022-10-20,228.96795654296875,233.9710288478756,227.72688640768192,228.59952355559247,21811000,MSFT
2022-10-21,234.75636291503906,235.60960407563198,227.3681158672251,227.60082203685621,26299700,MSFT
2022-10-24,239.73037719726562,240.30242995612315,233.9613377120293,236.3465133618895,24911200,MSFT
2022-10-25,243.03660583496094,243.40503872064642,238.35350029739558,239.7400021772855,34775500,MSFT
2022-10-26,224.28482055664062,231.0525321235999,223.06313174791288,224.13937366312916,82543200,MSFT
2022-10-27,219.8538360595703,226.58277171119522,218.9133355552526,224.01335747357737,40424600,MSFT
2022-10-28,228.6964569091797,229.40426599695735,219.1751212635659,219.35934514135127,40647700,MSFT
2022-10-31,225.0701904296875,227.77533111378162,224.11998470584146,226.65060686599685,28357300,MSFT
2022-11-01,221.2306365966797,228.57041637850017,220.41618716835114,227.46508792727667,30592300,MSFT
2022-11-02,213.40606689453125,224.2654364159978,213.34787925724922,222.48140020209192,38407000,MSFT
2022-11-03,207.73397827148438,213.70663669340686,207.4721856849331,213.3963618064245,36633900,MSFT
2022-11-04,214.6568145751953,214.85072897039285,206.93889737068497,210.93360492641042,36789100,MSFT
2022-11-07,220.9397430419922,221.46332820770985,214.5501694748692,215.23858262395112,33498000,MSFT
2022-11-08,221.90936279296875,224.60481335809473,218.97151548785143,221.74453478514138,28192500,MSFT
2022-11-09,217.6819610595703,221.67666935840754,217.50744250984388,220.45498033143147,27852900,MSFT
2022-11-10,235.59019470214844,235.92955599741592,227.85289624042093,228.2698114597355,46268000,MSFT
2022-11-11,239.5946044921875,240.44784564522814,234.5721369704996,235.59991144789905,34620200,MSFT
2022-11-14,234.20372009277344,236.49194578262,231.93489028356817,234.6303406985499,31123300,MSFT
2022-11-15,234.61093139648438,239.4879520708681,232.72993053937964,238.18870924194545,31390100,MSFT
2022-11-16,235.0387420654297,237.05145015358517,233.76500614633548,236.06939815763067,24093300,MSFT
2022-11-17,234.99012756347656,236.51667602662837,231.05224616268976,231.19808812700944,23123500,MSFT
2022-11-18,234.54286193847656,236.99311072037338,232.4134803048627,236.76946659991202,27613500,MSFT
2022-11-21,235.34991455078125,237.8973866399334,234.51371927043422,234.74706643193417,26394700,MSFT
2022-11-22,238.24737548828125,238.51962368090963,234.04696420457608,236.8472334482416,19665700,MSFT
2022-11-23,240.726806640625,241.40742716232413,237.50843223083618,238.32517685687512,19508500,MSFT
2022-11-25,240.63929748535156,241.81579547416155,239.900325357093,240.46427230471662,9200800,MSFT
2022-11-28,235.0679168701172,239.8225578203936,234.13449861777707,239.26834351489458,24778200,MSFT
2022-11-29,233.67750549316406,236.069402727706,231.61619326885713,234.71787945747192,17956300,MSFT
2022-11-30,248.0775604248047,248.26230347666475,233.2205218203915,233.910875092645,47594200,MSFT
2022-12-01,247.6400146484375,249.03042418074372,243.97436658880594,246.84270566954237,26041500,MSFT
2022-12-02,247.9608612060547,248.9720667058495,242.778397783122,242.90480403425175,21528500,MSFT
2022-12-05,243.2742919921875,246.79409803519974,241.19352923147437,245.0341875954859,23435300,MSFT
2022-12-06,238.33489990234375,244.8883372658951,237.03199561292425,243.87713173110765,22463700,MSFT
2022-12-07,237.60565185546875,239.34611163220632,235.50545353805643,238.05292524127822,20481500,MSFT
2022-12-08,240.55178833007812,241.85470746474556,236.33192613856002,238.06265330165112,22611800,MSFT
2022-12-09,238.62660217285156,241.43660437225947,237.40148518904434,237.92653108598594,20609700,MSFT
2022-12-12,245.5203399658203,245.5495083577721,240.32815848858516,240.6004067044122,30665100,MSFT
2022-12-13,249.80825805664062,256.614492351379,246.0648232599692,254.44620988669473,42196900,MSFT
2022-12-14,250.10000610351562,255.32135671859504,247.27055298866887,250.01250091515968,35410900,MSFT
2022-12-15,242.11721801757812,247.16355744305537,240.49344660406408,246.69684834391964,35560400,MSFT
2022-12-16,237.9168243408203,242.9242630632895,236.76947979184487,241.66997762867638,86102000,MSFT
2022-12-19,233.79417419433594,238.42242358687312,232.1023480969562,238.08210589515767,29696400,MSFT
2022-12-20,235.10682678222656,236.18610187706696,231.8203825618914,232.7732513908985,25150800,MSFT
2022-12-21,237.66400146484375,238.82106381583225,233.4635897668888,234.99985605475112,23690600,MSFT
2022-12-22,231.5967559814453,235.2915726004728,227.39632912956154,234.5817687693653,28651700,MSFT
2022-12-23,232.12179565429688,232.25791977065128,227.46439246807083,229.57432368977197,21207000,MSFT
2022-12-27,230.40078735351562,232.3162427208361,229.30206179925912,232.09261343652005,16688600,MSFT
2022-12-28,228.0380401611328,233.08437961165026,227.6880046259404,230.33271426152407,17457100,MSFT
2022-12-29,234.3386688232422,235.2234829457409,229.12703678909463,229.12703678909463,19770700,MSFT
2022-12-30,233.18162536621094,233.3177494769252,230.1090927684712,231.6161906747891,21938500,MSFT
2023-01-03,232.94825744628906,238.9474656895386,230.82859367762717,236.35137496373926,25740000,MSFT
2023-01-04,222.7583770751953,226.42401047503648,219.7052947992431,225.8503455985308,50623400,MSFT
2023-01-05,216.1562957763672,221.25125412142148,215.62151720752513,220.91093644040888,39585600,MSFT
2023-01-06,218.7038116455078,219.51083858737974,213.27828204953124,216.8272421866287,43613600,MSFT
2023-01-09,220.83314514160156,224.8391105735464,220.14280677677522,220.18169301907503,27369800,MSFT
2023-01-10,222.5153045654297,224.90720202339816,221.03737489705813,221.45546512498274,27033900,MSFT
2023-01-11,229.2437286376953,229.41873899259986,224.71271707723938,224.88772743214392,28669300,MSFT
2023-01-12,231.9078826904297,233.25940599267489,227.09490487805533,228.74784480479596,27269500,MSFT
2023-01-13,232.60794067382812,232.74406478160432,228.41724688827324,230.43967280124468,21333300,MSFT
2023-01-17,233.6969757080078,234.2414722028024,230.52720494179857,231.38285076871398,29831300,MSFT
2023-01-18,229.28262329101562,235.67076853478866,229.0006572078567,234.88319223600368,30028700,MSFT
2023-01-19,225.51002502441406,229.00066284863416,224.2946258083473,227.30882179875937,28623000,MSFT
2023-01-20,233.57054138183594,234.07615156759218,228.0185916995672,228.35890938614477,35389800,MSFT
2023-01-23,235.865234375,238.3835379806386,233.01633090813738,234.42620586269453,31934000,MSFT
2023-01-24,235.34019470214844,237.19732842463722,233.78449247373834,235.78746818012206,40234400,MSFT
2023-01-25,233.9497528076172,236.5652941592754,224.50852565701223,227.98943061234027,66526600,MSFT
2023-01-26,241.13519287109375,241.43660948835614,235.30127691453504,236.90559786802248,33454500,MSFT
2023-01-27,241.29075622558594,242.9145276437586,239.99756980206558,242.0977830088241,26498900,MSFT
2023-01-30,235.9916534423828,238.80165597851493,235.4957610418544,237.74181653285473,25867400,MSFT
2023-01-31,240.95045471191406,241.08657882687118,236.22498209780977,236.7111417707159,26541100,MSFT
2023-02-01,245.7537078857422,248.11643670951443,238.67522443009082,241.1351911203326,31259900,MSFT
2023-02-02,257.27569580078125,257.3632009780913,250.12914292548695,251.6556913662783,39940400,MSFT
2023-02-03,251.19869995117188,256.8867738555353,249.9833008123263,252.3557623051793,29077300,MSFT
2023-02-06,249.6624298095703,251.15007723406973,247.72752379068612,250.31389683270552,22518000,MSFT
2023-02-07,260.15374755859375,261.33024559426707,252.88078856760495,253.31834411841427,50841400,MSFT
2023-02-08,259.3467102050781,269.09907056810056,258.8410852318201,265.63761659917793,54686000,MSFT
2023-02-09,256.32281494140625,266.3960585481187,255.525505975814,266.2210185187912,42375100,MSFT
2023-02-10,255.8172607421875,256.7798475306488,253.44479884068832,254.2907120393768,25818500,MSFT
2023-02-13,263.8096923828125,266.9988986544617,259.7551076492649,260.23156430688056,44630900,MSFT
2023-02-14,264.6361083984375,267.3585900699576,261.82609189388216,265.12226795926784,37047900,MSFT
2023-02-15,262.52099609375,263.89540406867326,259.4602514374333,261.54624119639954,28922400,MSFT
2023-02-16,255.53187561035156,260.0059950098316,255.28818699547477,257.3546616900865,29603600,MSFT
2023-02-17,251.54515075683594,253.52390125596546,249.5371588117941,252.8415909356279,30000100,MSFT
2023-02-21,246.291259765625,249.04007506409081,245.23852294112166,248.0555633319736,28397400,MSFT
2023-02-22,245.1605224609375,247.91907974541917,244.02006137135174,247.67539109703995,22491100,MSFT
2023-02-23,248.3382568359375,250.35599131241563,244.15655088158258,249.1083064975943,29219100,MSFT
2023-02-24,242.92837524414062,244.66343747539474,241.83665470499022,243.64969909955178,24990900,MSFT
2023-02-27,243.84461975097656,246.43747061453573,243.09405452761465,246.08655835575647,21190000,MSFT
2023-02-28,243.12330627441406,245.14105556625483,242.4507231771338,242.7821510664902,22491000,MSFT
2023-03-01,240.05284118652344,244.59518672884,239.58494822729267,244.4294802167035,27565300,MSFT
2023-03-02,244.77064514160156,245.05331745079246,239.4094944705545,240.32576623774196,24808200,MSFT
2023-03-03,248.84512329101562,249.16679413004076,245.04358587267618,245.82339261513917,30760100,MSFT
2023-03-06,250.38522338867188,253.55317601638902,249.51769234094775,249.9563289608396,24109800,MSFT
2023-03-07,247.73387145996094,251.1845110149319,246.9930633309493,249.82958786516494,21473200,MSFT
2023-03-08,247.29527282714844,248.11406323334165,244.47823224326854,247.62668586676327,17340200,MSFT
2023-03-09,245.95010375976562,253.00731800229747,245.22877995450497,249.36174508099094,26653400,MSFT
2023-03-10,242.3142852783203,246.4082523472973,241.34928757282523,244.74143001585446,28333900,MSFT
2023-03-13,247.50970458984375,251.3989810865607,239.5264614444424,241.15429996225072,33339700,MSFT
2023-03-14,254.20631408691406,254.4792442426015,249.40076516094558,250.26829634300452,33620300,MSFT
2023-03-15,258.73895263671875,259.75270609954026,252.66621867540252,253.41679901443572,46028000,MSFT
2023-03-16,269.22723388671875,269.57813126600007,256.6333912973098,258.51466054625075,54768800,MSFT
2023-03-17,272.37567138671875,276.1772083863334,269.3441988521381,271.23522516040924,69527400,MSFT
2023-03-20,265.35748291015625,270.47494508940247,263.0375619626868,269.98756773899805,43466600,MSFT
2023-03-21,266.86834716796875,268.0575491212291,262.7158825243108,267.94058331388436,34558700,MSFT
2023-03-22,265.41595458984375,273.9450578612845,265.3087161087697,266.4979179833595,34873300,MSFT
2023-03-23,270.6504211425781,273.9645815107582,268.2525326655101,270.9233512964952,36610900,MSFT
2023-03-24,273.4869384765625,273.54542137989336,268.3304776871036,270.24098860593506,28172000,MSFT
2023-03-27,269.4026794433594,274.3544196920251,268.56437502402,273.41866361100745,26840200,MSFT
2023-03-28,268.2817687988281,269.1687992182552,265.18202599070054,268.8276290958363,21878600,MSFT
2023-03-29,273.4284362792969,274.0425364680911,271.3814455656998,271.9175487241211,25087000,MSFT
2023-03-30,276.87908935546875,277.2787423935812,274.3739921244632,277.05456782750633,25053400,MSFT
2023-03-31,281.02178955078125,281.96730287180225,275.8556011455048,276.5671828397676,32766000,MSFT
2023-04-03,279.97882080078125,280.992544334595,276.78162637356223,279.286723502298,24883300,MSFT
2023-04-04,279.9300537109375,283.1175206876223,278.4581943099055,279.9788092952923,25824300,MSFT
2023-04-05,277.1617431640625,279.90080144519544,275.77760817176124,278.6336322553814,22064800,MSFT
2023-04-06,284.2384338378906,284.70629698554035,274.9100256186965,276.0602288528665,29770300,MSFT
2023-04-10,282.08428955078125,282.2889797177499,277.5224147425445,281.90881108908263,23103000,MSFT
2023-04-11,275.6898193359375,278.7603200001052,274.5298887759889,278.53611574215296,27276600,MSFT
2023-04-12,276.3332824707031,279.76443907213064,274.8419085265659,277.60048180542543,27403400,MSFT
2023-04-13,282.52288818359375,282.58137108364906,276.02129123451107,276.4306715348985,24222700,MSFT
2023-04-14,278.916259765625,281.1971816675533,276.5280994029268,279.7545343355265,20987900,MSFT
2023-04-17,281.5091857910156,284.2385171903197,278.93584848287077,282.6106635193612,23836200,MSFT
2023-04-18,281.0899658203125,284.39439803515654,279.7643139062447,284.2091922902282,20161800,MSFT
2023-04-19,281.16802978515625,281.75285885875036,277.3567350040731,278.7701115947992,17150300,MSFT
2023-04-20,278.88702392578125,281.7333204424285,277.88302787911294,278.0487492496202,23244400,MSFT
2023-04-21,278.5458679199219,279.042972509136,275.91401875313767,277.81480201216493,21676400,MSFT
2023-04-24,274.6565856933594,277.75632784748706,271.6835961405842,274.9685142964532,26611000,MSFT
2023-04-25,268.46697998046875,274.49095750236273,268.4182243921978,272.45372354096446,45772200,MSFT
2023-04-26,287.9132995605469,292.0072813214267,285.3399625443694,289.20974000859206,64599200,MSFT
2023-04-27,297.1344299316406,297.49511411918564,287.7962940057379,288.49811850361414,46462600,MSFT
2023-04-28,299.50311279296875,301.1309363430766,295.65282016140077,296.33516029137365,36469600,MSFT
2023-05-01,297.8460998535156,300.80936302886863,297.44644678158,299.2205078090528,21294100,MSFT
2023-05-02,297.6998596191406,301.3746744145902,296.2377274555762,299.9905392914893,26404400,MSFT
2023-05-03,296.7153015136719,300.8190101503688,296.41312996008793,298.87925796823623,22360800,MSFT
2023-05-04,297.6998596191406,299.9905392914893,295.74059300087464,298.5088929942314,22519900,MSFT
2023-05-05,302.80755615234375,304.09423955747224,296.58861610804354,298.00202238980415,28197100,MSFT
2023-05-08,300.8580322265625,302.36891985995953,298.3626625741606,302.30067989163814,21318600,MSFT
2023-05-09,299.2497253417969,302.21298828024834,298.5771421461096,300.2244801474705,21340800,MSFT
2023-05-10,304.4256286621094,305.09821176430125,299.9027824610233,300.8287815493971,30078000,MSFT
2023-05-11,302.2811584472656,303.2656701896078,298.5283767405059,302.2714311285641,31680200,MSFT
2023-05-12,301.1699523925781,302.8075331032812,298.8597885779878,302.71005168658775,19774700,MSFT
2023-05-15,301.6476135253906,302.07650801921994,299.8248268001941,301.2967160743426,16336500,MSFT
2023-05-16,303.87005615234375,305.7903243255261,302.0082708882203,302.0082708882203,26730300,MSFT
2023-05-17,306.7420654296875,307.1621190650021,303.5574089684494,305.0715994717328,24315000,MSFT
2023-05-18,311.1575927734375,311.665592368816,306.4685537852504,307.2598287418547,27276000,MSFT
2023-05-19,310.9817199707031,311.3822465947649,309.05725438357535,309.4186972410466,27546700,MSFT
2023-05-22,313.756103515625,315.1335157612651,310.65939292099665,311.2357518358931,24115700,MSFT
2023-05-23,307.9729309082031,315.26048835857114,307.9631525133489,312.63266399021563,30797200,MSFT
2023-05-24,306.59552001953125,309.18426063109985,305.384161727715,307.4551840291494,23384900,MSFT
2023-05-25,318.3865661621094,319.3438949651791,312.6033903237595,315.7684901108892,43301700,MSFT
2023-05-26,325.1954345703125,325.69362591247574,316.3936865085404,316.53043497879963,36630600,MSFT
2023-05-30,323.5542297363281,327.9795197443462,322.8801763737934,327.4813284245179,29503100,MSFT
2023-05-31,320.79949951171875,328.1749743960477,319.76397327421006,324.60934766264484,45950600,MSFT
2023-06-01,324.892578125,325.8206313081567,317.21427212946173,318.396295279445,26773900,MSFT
2023-06-02,327.6473693847656,329.6988347635074,324.8632399287716,326.5239570954144,25873800,MSFT
2023-06-05,328.1749267578125,330.73436207197636,326.92451447409195,327.4715679849584,21307100,MSFT
2023-06-06,325.9671325683594,327.6180713778492,324.49205579861786,327.57898761210754,20396200,MSFT
2023-06-07,315.90521240234375,326.75839512631626,315.04554846139996,323.984044106474,40717100,MSFT
2023-06-08,317.7417907714844,319.08989754628954,315.8759358684607,316.4522947423508,23277700,MSFT
2023-06-09,319.2364501953125,322.3624661949436,316.9114577219513,317.47803824659906,22529000,MSFT
2023-06-12,324.17950439453125,324.4237258036258,317.6441371021866,320.9850692837771,24260300,MSFT
2023-06-13,326.56304931640625,329.19087359317086,322.75320197847674,326.7388815445772,22951300,MSFT
2023-06-14,329.5426330566406,331.20335074507136,325.11734183212303,326.61197582683593,26003800,MSFT
2023-06-15,340.05389404296875,341.7536655006573,329.40584662971514,329.679373413851,38899100,MSFT
2023-06-16,334.4172668457031,343.3460164076844,334.0460753238459,343.19948951587423,46552000,MSFT
2023-06-20,330.23614501953125,334.17299255500126,328.09676330100183,331.4670303403785,26375400,MSFT
2023-06-21,325.8499755859375,329.92360187076076,324.39442550484875,328.59502188215436,25117800,MSFT
2023-06-22,331.8578186035156,332.2583453008443,325.63506173065974,326.39703135157714,23556800,MSFT
2023-06-23,327.2762145996094,330.14826075055646,325.7425268104143,326.6314665032556,23146900,MSFT
2023-06-26,321.00457763671875,328.3409673865728,320.89710473059927,326.00622657027685,21520600,MSFT
2023-06-27,326.83660888671875,328.3800749537934,321.6884029069419,324.1892275549751,24354100,MSFT
2023-06-28,328.0870361328125,330.1678072397065,326.0941811528345,326.92453987884056,20259500,MSFT
2023-06-29,327.30548095703125,328.3409772213773,324.93165630266327,326.97334345829574,16997000,MSFT
2023-06-30,332.6685791015625,334.80796061953606,329.40578527983763,329.9430603518384,26832800,MSFT
2023-07-03,330.17755126953125,333.02029191600536,328.7903904255227,331.3498259032752,12508700,MSFT
2023-07-05,330.3338928222656,333.75299276532775,326.99296042986884,327.34462497130613,18172400,MSFT
2023-07-06,333.38177490234375,335.06201951292167,327.7451550984621,329.50353744833353,28161200,MSFT
2023-07-07,329.4253234863281,333.8896972947202,329.21040748776585,331.47678896129895,21214800,MSFT
2023-07-10,324.15997314453125,327.48140841968,320.0179872598145,326.8659656503179,32791400,MSFT
2023-07-11,324.7851867675781,325.1661566846007,319.4416208471581,323.4077743662795,26698200,MSFT
2023-07-12,329.40582275390625,333.75294560855826,327.91118903960694,328.8196854554752,29995300,MSFT
2023-07-13,334.7395324707031,335.7945555151531,331.1836555414366,331.71118196974885,20567200,MSFT
2023-07-14,337.2599792480469,343.3069035731136,336.35148278353853,339.55566639937143,28352700,MSFT
2023-07-17,337.7386474609375,338.9695029653532,334.29024270759476,337.689785296776,20363900,MSFT
2023-07-18,351.1806335449219,358.30213870194854,334.260995743675,337.8363711993752,64738600,MSFT
2023-07-19,346.8725280761719,354.0819486228708,344.293565577068,353.388368189592,39732900,MSFT
2023-07-20,338.8523254394531,349.69576227029717,337.38699694372247,345.39747131192405,33778400,MSFT
2023-07-21,335.823974609375,342.20303681474576,331.9750427010371,341.07962426148026,69405400,MSFT
2023-07-24,337.1329345703125,338.9011247209187,334.3976671440658,337.85585009967554,26678100,MSFT
2023-07-25,342.8672790527344,343.75624842360725,337.0938822455354,339.0867071747874,41637700,MSFT
2023-07-26,329.962646484375,336.70318113968654,325.4103558990967,333.547829841797,58383700,MSFT
2023-07-27,323.07562255859375,333.4403649695194,321.444210409782,332.61003601882766,39635300,MSFT
2023-07-28,330.5487976074219,332.15090440744063,325.4690100380954,325.95745287046435,28484900,MSFT
2023-07-31,328.1554260253906,329.8942812123279,325.6545714457516,329.13231163180893,25446000,MSFT
2023-08-01,328.565673828125,330.7148339075202,325.9867115450311,327.4422614370604,18311900,MSFT
2023-08-02,319.92999267578125,325.9183054002414,318.81632892578153,325.9183054002414,27761300,MSFT
2023-08-03,319.10943603515625,322.25500868577666,318.415855644904,318.46468799733185,18253700,MSFT
2023-08-04,320.20355224609375,327.393445572908,319.67602568873457,324.20878906184083,23741500,MSFT
2023-08-07,322.4796447753906,323.45653023504116,319.94951501235715,320.7798736154958,17741500,MSFT
2023-08-08,318.5135192871094,321.151122177393,315.5340303066097,319.4024887084689,22327600,MSFT
2023-08-09,314.7818298339844,319.5490060989431,313.62908227048086,318.9238148724649,22373300,MSFT
2023-08-10,315.46563720703125,320.6724537793776,313.75608752866935,318.4842099187915,20113700,MSFT
2023-08-11,313.5900573730469,314.9576912566164,311.8316453980151,312.8573931698293,24355500,MSFT
2023-08-14,316.550048828125,316.56957580963035,312.6815600127045,313.9613076998514,18836100,MSFT
2023-08-15,314.42034912109375,317.5756999823602,313.48254739923874,315.53401288819225,16966300,MSFT
2023-08-16,313.65673828125,317.5921510091484,313.06936012593593,314.0483137596947,20698900,MSFT
2023-08-17,310.2109069824219,315.09587723168505,309.5549947446499,313.7938817302348,21257200,MSFT
2023-08-18,309.8193359375,311.679342341884,304.99307058455463,307.8711973932979,24755000,MSFT
2023-08-21,315.1056823730469,315.9769357985516,310.3675491383052,311.23880256380994,24040000,MSFT
2023-08-22,315.6734619140625,319.2172702035748,314.69450802744353,318.6494900944686,16084600,MSFT
2023-08-23,320.1179504394531,322.27166113870885,316.652444996216,317.00488396305076,21166400,MSFT
2023-08-24,313.2358703613281,325.97206974501347,313.22607126255105,325.8448009621162,23281400,MSFT
2023-08-25,316.1825256347656,318.5124107055097,312.0904758312742,314.70429575926823,21684100,MSFT
2023-08-28,316.88739013671875,319.2858092722639,314.949050654982,318.8061314202153,14808500,MSFT
2023-08-29,321.4982604980469,322.056271402599,315.1056925945481,315.1056925945481,19284600,MSFT
2023-08-30,321.8702087402344,322.86873080054954,319.57946057224274,321.75273907140877,15222100,MSFT
2023-08-31,320.8619384765625,323.94563727355137,319.9025529034829,322.2716344766663,26411000,MSFT
2023-09-01,321.7429504394531,325.00285335659055,319.9025125671937,324.33717196139406,14942000,MSFT
2023-09-05,326.5299987792969,327.80265653043256,321.74293066142496,322.07577133856296,18553900,MSFT
2023-09-06,325.8741760253906,327.4209100280818,323.23098856949474,326.3636529709045,17535800,MSFT
2023-09-07,322.9666748046875,326.0699418421109,322.1051906191248,324.3176359252016,18381000,MSFT
2023-09-08,327.23492431640625,329.0851616119029,322.5261582327596,323.14290399792515,19530100,MSFT
2023-09-11,330.82769775390625,331.2976064014658,328.37051379787096,330.14241804396147,16583300,MSFT
2023-09-12,324.78753662109375,329.7019045004539,324.5036614898463,328.75231798743556,17565500,MSFT
2023-09-13,328.98724365234375,329.76062559468676,324.2001746396606,324.33721264984047,16544400,MSFT
2023-09-14,331.57171630859375,333.6862305598508,329.4865396056531,332.0122276628957,20267000,MSFT
2023-09-15,323.2701110839844,330.2989918946616,322.7121002719872,329.8291132111252,37679800,MSFT
2023-09-18,322.1345520019531,323.4463465779978,319.4913646526402,320.90106058890035,16834200,MSFT
2023-09-19,321.733154296875,322.45760041034737,317.6803011768475,319.30536803908217,16505900,MSFT
2023-09-20,314.0189514160156,322.6533297752539,313.76444378232884,322.57502662841824,21436500,MSFT
2023-09-21,312.8051452636719,318.50266425545,308.3704851953978,312.540838460042,35560400,MSFT
2023-09-22,310.338134765625,314.6846917624831,309.4962190138313,314.5574229961994,21447900,MSFT
2023-09-25,310.85699462890625,310.9842634015669,308.3704436389246,309.9269765789233,17836000,MSFT
2023-09-26,305.5706787109375,309.23195666524725,303.49527138826676,308.4977412546043,26297600,MSFT
2023-09-27,306.20697021484375,307.6851701509051,303.1722074325514,305.7272625333357,19410100,MSFT
2023-09-28,307.0390930175781,308.84036447643473,302.9372740873856,304.4448414726015,19683600,MSFT
2023-09-29,309.1047058105469,312.74641565358826,308.3509220336715,311.0626136858314,24147300,MSFT
2023-10-02,315.02734375,315.1154758886586,308.5466739037748,309.62352913697714,20570000,MSFT
2023-10-03,306.7943420410156,314.6259723470464,304.66020007739525,314.0777307403494,21033500,MSFT
2023-10-04,312.24713134765625,313.3044183025866,307.391528310135,307.4208957324774,20720100,MSFT
2023-10-05,312.6386413574219,313.24561775068076,308.2725161916583,312.3743346117822,16965600,MSFT
2023-10-06,320.3724670410156,322.26184092251725,309.6431106472469,309.8878491254301,25673600,MSFT
2023-10-09,322.8785705566406,323.3484492911128,316.37830256029935,317.9152672966711,19891200,MSFT
2023-10-10,321.47869873046875,324.1316555430621,320.7738506985827,323.99458765130214,20557100,MSFT
2023-10-11,325.42388916015625,325.81546476985574,322.2129213601342,324.23933335603755,20063200,MSFT
2023-10-12,324.19036865234375,326.6083859172805,321.8017188086289,323.6127894514465,19313100,MSFT
2023-10-13,320.83258056640625,326.80417560812504,319.49138859402285,325.38471034218486,21072400,MSFT
2023-10-16,325.63922119140625,329.06555964733286,323.6421469834392,324.0826582883067,22158000,MSFT
2023-10-17,325.07135009765625,326.4418792472216,320.5192215516416,322.65333336134296,18338500,MSFT
2023-10-18,323.16241455078125,328.52709196343386,321.3905106177838,325.4923293025366,23153600,MSFT
2023-10-19,324.3470153808594,329.7899967094516,323.9456406942705,325.15953397789394,25052100,MSFT
2023-10-20,319.79486083984375,324.934368448125,318.6005359720502,324.73856573197526,25027700,MSFT
2023-10-23,322.3890686035156,325.7273046053134,317.5628335992071,318.620090545015,24374700,MSFT
2023-10-24,323.5735778808594,324.8560048878325,320.7052505981055,324.3273615041399,31153600,MSFT
2023-10-25,333.5002136230469,338.9138270951405,330.51438652342347,337.7586388732426,55053800,MSFT
2023-10-26,320.9891662597656,334.4399815109655,320.05914822735156,333.3729254857893,37828500,MSFT
2023-10-27,322.8688049316406,329.63338041744635,321.48847625541964,323.47575161012696,29856500,MSFT
2023-10-30,330.2109069824219,332.3058824741977,324.84622935304117,326.39299310170355,22828100,MSFT
2023-10-31,330.9941101074219,331.86539347468425,327.6461042839537,331.7185563552872,20265300,MSFT
2023-11-01,338.7865295410156,340.10812307119625,332.50163335597534,332.63870122035286,28158800,MSFT
2023-11-02,340.9892272949219,341.48847346531505,337.5139230484177,339.93194035995595,24348100,MSFT
2023-11-03,345.3748779296875,346.9314407134558,340.01999961550734,342.27161121053757,23637700,MSFT
2023-11-06,349.02642822265625,350.0151812088652,345.91336203130555,346.0112633950899,23828300,MSFT
2023-11-07,352.94219970703125,354.83157330344505,350.10323976353783,351.8359771725129,25833900,MSFT
2023-11-08,355.5560302734375,356.211912585882,352.9617788165993,354.06800138493276,26767800,MSFT
2023-11-09,353.0988464355469,357.11256296700316,352.77577495327927,354.6749477041347,24847300,MSFT
2023-11-10,361.889892578125,362.31083557483976,353.47088326732273,353.88202716517856,28042100,MSFT
2023-11-13,358.9627990722656,360.71513487046275,358.1992162461448,360.4703964021509,19986500,MSFT
2023-11-14,362.4772033691406,364.1218684157094,359.6186750774512,363.2016494775537,27683900,MSFT
2023-11-15,362.6243591308594,366.0184055463694,360.11312341587404,364.203659277244,26860100,MSFT
2023-11-16,369.00054931640625,369.17711149272384,363.1246930041327,363.8898257041159,27182300,MSFT
2023-11-17,362.8009948730469,367.2348369276998,360.00530734381556,366.4893122703207,40157000,MSFT
2023-11-20,370.24627685546875,371.6490149349355,363.9290160684621,364.1448242296059,52465100,MSFT
2023-11-21,365.9595642089844,369.0495215118682,364.04671781694736,368.51001608638865,28423100,MSFT
2023-11-22,370.6484680175781,372.5514954656195,367.8233538705503,370.7956031427492,23345300,MSFT
2023-11-24,370.23651123046875,370.76622769070315,367.9901781565456,370.1384111547305,10176600,MSFT
2023-11-27,371.39398193359375,373.38532049617334,369.02994094912424,369.5988734413345,22179200,MSFT
2023-11-28,375.40606689453125,375.7003371685908,370.95258715281994,371.1389683050371,20453100,MSFT
2023-11-29,371.6294250488281,376.97553440384473,370.24629493974936,376.44584793002184,28963400,MSFT
2023-11-30,371.68829345703125,372.8457964517108,368.3138546072338,371.27628513665223,30554400,MSFT
2023-12-01,367.37213134765625,370.95255911244834,364.23310896058763,369.57924804408185,33040500,MSFT
2023-12-04,362.1044616699219,362.47719398696046,355.98337139108264,362.06521566015255,32063300,MSFT
2023-12-05,365.4200439453125,365.9693683802573,358.65155863650625,359.46575623768496,23065000,MSFT
2023-12-06,361.77093505859375,367.04840106048385,361.0156214613024,366.4206145498899,21182100,MSFT
2023-12-07,363.8800048828125,364.37047528705625,359.33824414976533,361.211844686289,23118900,MSFT
2023-12-08,367.0975341796875,367.3231314340742,361.2118886130133,362.1634025103966,20154400,MSFT
2023-12-11,364.2232666015625,364.51756677042914,359.1223929698161,361.45703660419446,27708800,MSFT
2023-12-12,367.2445983886719,367.28384440026525,363.3992975227853,363.7818787799653,24838300,MSFT
2023-12-13,367.23480224609375,370.4424978188213,363.70340938140794,368.8533485777596,30955500,MSFT
2023-12-14,358.95562744140625,366.63640997800485,357.1899461347514,366.19497468337374,43277500,MSFT
2023-12-15,363.66424560546875,365.30240021178247,359.2990464463836,359.85818996702847,78502300,MSFT
2023-12-18,365.5475769042969,365.89091216563435,361.65324079721444,362.4085843593443,21802900,MSFT
2023-12-19,366.14593505859375,366.14593505859375,362.7911046946417,364.4096508615579,20603700,MSFT
2023-12-20,363.5562744140625,368.8631677330293,363.46799333439736,367.852799906723,26316700,MSFT
2023-12-21,366.420654296875,367.27406804850153,362.9873613143247,365.45932148482285,17708000,MSFT
2023-12-22,367.4407958984375,368.02936637236263,365.60644137118885,366.55795515551875,17107500,MSFT
2023-12-26,367.5192565917969,369.7558002532684,366.38136175547834,367.8527728468658,12673100,MSFT
2023-12-27,366.94049072265625,367.9116124252774,365.7044958750045,366.56772847108294,14905400,MSFT
2023-12-28,368.12738037109375,369.28488307309067,367.0287317091353,368.2156614311514,14327000,MSFT
2023-12-29,368.8729553222656,369.9716041347207,366.3617494835299,368.83370931155366,18730800,MSFT
2024-01-02,363.8014831542969,368.7356138207432,359.779620180644,366.73448635273246,25258600,MSFT
2024-01-03,363.5366516113281,366.1459576250118,361.48648901542015,361.97695939537715,23083500,MSFT
2024-01-04,360.9273376464844,365.9889954484458,360.1720240549271,363.6053166389914,20901500,MSFT
2024-01-05,360.7409973144531,364.9688499798779,359.51482125288123,361.93774634798484,21004600,MSFT
2024-01-08,367.5486755371094,368.04896487668356,361.9769395114855,362.26139076236115,23134000,MSFT
2024-01-09,368.6277160644531,368.8238862439724,364.11538283242464,364.9197613954772,20830000,MSFT
2024-01-10,375.4747009277344,376.84804200266086,369.1476507008414,369.1966857666869,25514200,MSFT
2024-01-11,377.29925537109375,383.2339350900792,373.1302570741052,378.64313944413783,27850800,MSFT
2024-01-12,381.06610107421875,381.272090274914,377.31889976513236,378.1428865038529,21661200,MSFT
2024-01-16,382.8317565917969,386.52010359232963,380.2322694497991,386.15716028479716,27202300,MSFT
2024-01-17,382.0469970703125,382.67478358686355,377.47580955942465,380.58540492477397,22234100,MSFT
2024-01-18,386.3631591796875,386.4808672893111,382.68463107425833,384.2541423864291,23392100,MSFT
2024-01-19,391.0716857910156,391.0716857910156,386.00020863284516,388.2171444423586,29331100,MSFT
2024-01-22,388.9528503417969,392.9845027036078,386.0884900033909,392.39593223013395,27016900,MSFT
2024-01-23,391.2972412109375,391.7681035262422,386.42196470997874,388.2072839775827,20525900,MSFT
2024-01-24,394.8874816894531,397.8989767917514,392.8177112032317,393.8869329627974,24867000,MSFT
2024-01-25,397.1534729003906,399.25270045475327,394.858075159448,396.6139674673759,21021200,MSFT
2024-01-26,396.2314147949219,398.4287425690661,394.7600035777077,396.6630311468464,17803300,MSFT
2024-01-29,401.91107177734375,402.16612596865383,396.6237864171102,398.3208248033987,24510200,MSFT
2024-01-30,400.80255126953125,405.1775383466925,398.7033537683388,404.4026167586847,33477600,MSFT
2024-01-31,390.00238037109375,407.40428830097585,389.6394371111151,399.2036086917865,47871100,MSFT
2024-02-01,396.08428955078125,400.2238610760148,394.1420159186215,394.1714429462631,30657700,MSFT
2024-02-02,403.3824462890625,404.78518434173446,395.86843674032343,396.113671921669,28256700,MSFT
2024-02-05,397.9185485839844,403.3235408719433,396.2901835949312,402.08754613588246,25352300,MSFT
2024-02-06,397.7616882324219,400.1944322717671,395.23087405866585,398.1442695260025,18382600,MSFT
2024-02-07,406.15850830078125,406.4037434899342,399.63525825649936,399.67450426882596,22340500,MSFT
2024-02-08,406.21734619140625,407.63972220628386,404.6674730294275,406.15849214322577,21225300,MSFT
2024-02-09,412.5346374511719,412.79951062359436,407.17870911735395,407.3356632361391,22032800,MSFT
2024-02-12,407.345458984375,412.72099505038886,406.84516963028506,412.54443290280494,21202900,MSFT
2024-02-13,398.57586669921875,402.2543946406928,395.70171738557195,397.2221636270064,27824900,MSFT
2024-02-14,402.42822265625,402.7721928081846,397.5930862054174,401.03272774217567,20401200,MSFT
2024-02-15,399.5487976074219,402.07448469518283,397.3179549607251,401.1015670196542,21825500,MSFT
2024-02-16,397.09185791015625,401.248921048528,396.48255480055184,400.924595205485,22296500,MSFT
2024-02-20,395.84381103515625,397.51447618664315,391.1462443294289,396.2860326967427,24307900,MSFT
2024-02-21,395.24432373046875,395.35244235543763,390.3698682526408,393.2690069492409,18518900,MSFT
2024-02-22,404.551025390625,405.7106689082216,401.5241536683513,403.1162117164581,27009900,MSFT
2024-02-23,403.2635803222656,408.6883757427927,401.9172111140197,408.5016799323737,16295900,MSFT
2024-02-26,400.5118713378906,405.05219339501383,400.33495269298504,404.36425308702184,16193500,MSFT
2024-02-27,400.45294189453125,401.27845233828214,396.88553712565647,400.9541264549498,14835800,MSFT
2024-02-28,400.68878173828125,402.24152110085487,398.33017625490425,401.1408405413653,13183100,MSFT
2024-02-29,406.5067138671875,407.05705416129825,398.9198455368932,401.59293981884394,31947300,MSFT
2024-03-01,408.3345947265625,408.6982091819838,403.79427262351686,404.17753137688453,17823400,MSFT
2024-03-04,407.7646484375,410.1527354833861,405.2094798738606,406.31016048803207,17596000,MSFT
2024-03-05,395.7062072753906,407.1061687535314,393.7308905561475,406.8211614689715,26919200,MSFT
2024-03-06,395.1558532714844,398.1729175476419,391.51967869638725,396.0206822488724,22344100,MSFT
2024-03-07,402.0843505859375,402.713298120837,395.3033178435415,399.11641162004844,18718500,MSFT
2024-03-08,399.21466064453125,403.3422428484954,397.35723965535834,400.92464441897226,18002200,MSFT
2024-03-11,397.5439453125,398.68394443475927,394.34018518419236,396.7970720878644,16120800,MSFT
2024-03-12,408.118408203125,408.4034154899357,399.7748296289143,400.5905029088669,22457000,MSFT
2024-03-13,407.9414978027344,410.968369200055,404.35444900675975,410.88976201717287,17115900,MSFT
2024-03-14,417.8869934082031,420.4421618629372,410.7816654727546,412.99286375239626,34157300,MSFT
2024-03-15,409.2387390136719,415.31215606424155,405.6713345351322,412.0592402980969,45079900,MSFT
2024-03-18,410.1232604980469,413.4744581297676,406.6442999374372,407.10619591579865,20106000,MSFT
2024-03-19,414.14263916015625,414.39816496544705,408.38368133647776,410.6243607307359,19837900,MSFT
2024-03-20,417.8968200683594,418.61421185332546,413.4056235884817,414.7225113763612,17860100,MSFT
2024-03-21,421.9654235839844,423.3904300401875,419.7935438740281,422.41748239432127,21296200,MSFT
2024-03-22,421.3463134765625,422.44699413264203,418.72237476810477,422.2897797457437,17648500,MSFT
2024-03-25,415.56768798828125,420.03924040543956,414.3392444656493,417.9066492539799,18060500,MSFT
2024-03-26,414.3785095214844,418.6436612820826,414.0836951106592,418.270209700842,16725600,MSFT
2024-03-27,414.1623229980469,417.13026150811925,411.78407332169564,417.1204243635022,16705000,MSFT
2024-03-28,413.464599609375,414.59476162825587,411.89218593509474,413.70045116356334,21871200,MSFT
2024-04-01,417.2481689453125,420.5109217375922,414.93868940887074,416.6388658317179,16316000,MSFT
2024-04-02,414.1722106933594,415.0960026612766,410.6342871982826,412.8651299341305,17912000,MSFT
2024-04-03,413.1992492675781,415.96078773337547,411.8626872035861,412.49166464341647,16502300,MSFT
2024-04-04,410.6735534667969,421.27748545517426,410.36890189824567,417.66092523693425,19370900,MSFT
2024-04-05,418.1818542480469,419.1548019931233,411.1060369628787,412.7668951431704,16554800,MSFT
2024-04-08,417.26788330078125,419.91149627913853,416.00012113110665,417.8378979159273,14272400,MSFT
2024-04-09,418.9287109375,420.3635245342137,414.34907001434647,419.0859553029516,12496900,MSFT
2024-04-10,415.9608154296875,416.71752584552905,412.46221066374153,414.90926057255786,16216600,MSFT
2024-04-11,420.55023193359375,421.96540116941117,415.07628079166767,418.4766338120234,17966400,MSFT
2024-04-12,414.6242370605469,417.84767154999884,412.5309645735886,416.7371538463039,19253800,MSFT
2024-04-15,406.5067138671875,419.4594150607099,406.30031376342345,419.2432078029309,20273500,MSFT
2024-04-16,407.4305419921875,411.18467317297296,406.595224261291,407.4207348365792,16765600,MSFT
2024-04-17,404.73773193359375,411.65633410094387,403.25376259314334,410.0544389834795,15855500,MSFT
2024-04-18,397.29827880859375,404.78689570186344,396.98382006074763,403.54861503604855,21029900,MSFT
2024-04-19,392.2370910644531,398.48742718931453,390.91036608589934,397.0624207324797,30565800,MSFT
2024-04-22,394.04534912109375,395.9027700554988,388.9252051027742,393.18052011404563,20286900,MSFT
2024-04-23,400.54144287109375,401.16058328928654,396.1092084416129,397.2688520867322,15734500,MSFT
2024-04-24,402.0056457519531,405.3568429660157,399.76496617669443,402.4970231148721,15065300,MSFT
2024-04-25,392.15850830078125,392.99385593125254,381.3383676792714,387.2348968478242,40586500,MSFT
2024-04-26,399.31292724609375,405.8777219430486,398.7625869715763,405.0620486762338,29694700,MSFT
2024-04-29,395.3131103515625,399.31292950505053,392.30588312333157,398.2613746922827,19582100,MSFT
2024-04-30,382.6159362792969,395.2246979226767,382.45872189410846,394.5662389705951,28781400,MSFT
2024-05-01,388.129150390625,394.79222617325195,383.5789912516123,385.83931510454033,23562500,MSFT
2024-05-02,390.9790954589844,393.0330490212779,387.84410581356497,390.80220682482496,17709400,MSFT
2024-05-03,399.6470642089844,400.12860445610875,394.92982324925293,395.3425934548566,17446700,MSFT
2024-05-06,406.4084167480469,406.7916755135943,399.36205183771864,401.7108501382599,16996600,MSFT
2024-05-07,402.28082275390625,407.5189223273103,402.0351340682459,407.5090851826696,20018200,MSFT
2024-05-08,403.4601745605469,405.1210326153664,399.6962067828019,401.13105042212936,11792300,MSFT
2024-05-09,405.2095031738281,405.60259913130744,402.045031230476,403.48968211746933,14689700,MSFT
2024-05-10,407.5876770019531,408.2166544093559,404.69837576819543,405.81873052839654,13402300,MSFT
2024-05-13,406.5853271484375,411.13548678399485,403.7353441559508,410.80135374265615,15440200,MSFT
2024-05-14,409.3763427734375,410.29029755221785,404.45273155985166,404.91462752191757,15109300,MSFT
2024-05-15,416.5338134765625,417.25252925056685,410.81371203905996,411.43396907005973,22239500,MSFT
2024-05-16,414.4761657714844,418.8376448328751,413.8460838814957,415.2736305334928,17530100,MSFT
2024-05-17,413.7082824707031,416.3763735645946,411.56201978291415,416.00224831627656,15352200,MSFT
2024-05-20,418.7588806152344,420.1667475860199,413.49165301735496,413.7082502471213,16272100,MSFT
2024-05-21,422.4016418457031,426.27082729608003,418.2764696581723,420.22581467067795,21453300,MSFT
2024-05-22,423.8587341308594,425.71950537683756,420.5212017999642,423.43539455106486,18073700,MSFT
2024-05-23,420.3931884765625,426.89107515061806,418.83764844643395,426.2708180980622,17211700,MSFT
2024-05-24,423.5043640136719,424.39043277762465,417.84333074152363,420.5803160608508,11855300,MSFT
2024-05-28,423.6618347167969,424.1540984130066,419.99939161518114,422.98250841239616,15718000,MSFT
2024-05-29,422.52960205078125,424.2722045863308,419.10343616970863,419.10343616970863,15517100,MSFT
2024-05-30,408.25396728515625,417.7349403773821,407.8305976923989,417.7349403773821,28394500,MSFT
2024-05-31,408.70684814453125,410.3017776619535,398.2511723788605,410.3017776619535,47995300,MSFT
2024-06-03,407.1217956542969,409.98677424724076,402.5929932498963,409.10070551791864,17484700,MSFT
2024-06-04,409.63232421875,409.99659455099004,403.341179685009,406.04863004617806,14348900,MSFT
2024-06-05,417.4494934082031,417.5183874951578,409.8587651411263,411.3454112041521,16988000,MSFT
2024-06-06,417.9515686035156,418.7293536763162,414.0725281736093,417.44948005128595,14861300,MSFT
2024-06-07,417.2919006347656,419.6842947543912,416.45504642365455,419.60554579064143,13621700,MSFT
2024-06-10,421.2497253417969,421.45646767892094,417.33132559781046,418.12879037210877,13982900,MSFT
2024-06-11,425.9853515625,426.1231998343133,418.67031944713443,418.8967715885156,14551100,MSFT
2024-06-12,434.2356262207031,436.5394165910894,426.54647009815636,428.58444890305617,22366200,MSFT
2024-06-13,434.7476501464844,436.52967260389505,432.5718527345657,434.02896428414414,15960600,MSFT
2024-06-14,435.7223205566406,436.2835084137765,429.9628289677156,431.4986893853765,13582000,MSFT
2024-06-17,441.43255615234375,443.96279884211964,433.90092737019853,435.7419888452348,20790000,MSFT
2024-06-18,439.4339599609375,443.1751821409538,438.00641324566425,442.75181252074634,17112500,MSFT
2024-06-20,438.8038635253906,439.6210080275433,434.4423844149745,439.3945559147101,19877400,MSFT
2024-06-21,442.82073974609375,443.6083496603445,439.60134591371855,440.45787995794916,34187100,MSFT
2024-06-24,440.743408203125,445.74479433203504,439.5028940256874,442.8404263927747,15913700,MSFT
2024-06-25,443.9726257324219,444.4353547941903,439.83759879553867,441.3143898379412,16413400,MSFT
2024-06-26,445.1639404296875,446.58166237734525,441.2553652071883,442.05283004707155,16507000,MSFT
2024-06-27,445.8432312011719,449.1118693221635,444.7799248025884,445.18358463488477,14806300,MSFT
2024-06-28,440.0345153808594,448.33407381119525,439.5028621939787,446.05981801420484,28362300,MSFT
2024-07-01,449.6632080078125,450.2932899171113,438.7644825324962,441.71806471797646,17662800,MSFT
2024-07-02,452.1737060546875,452.478907120072,446.099159273985,446.1877931726741,13979800,MSFT
2024-07-03,453.6406555175781,453.88678735468443,450.79538710423196,451.1005881786126,9932800,MSFT
2024-07-05,460.3255920410156,461.1033770377166,451.8685059547019,452.498587816865,16000300,MSFT
2024-07-08,459.0260314941406,460.46346308739743,457.2735739768986,459.33123257528905,12962300,MSFT
2024-07-09,452.4296569824219,460.0991025612114,450.91347661776734,459.7742217914789,17207200,MSFT
2024-07-10,459.0359191894531,459.24266153927346,451.76024698147666,454.0837473649462,18196100,MSFT
2024-07-11,447.6646423339844,457.58866578342753,444.5633568384772,455.81652839633193,23111200,MSFT
2024-07-12,446.5323791503906,449.29889867197954,443.67725577045155,447.3003093014831,16324300,MSFT
2024-07-15,446.9360656738281,450.185024234339,444.44521246679955,446.28627396172595,14429400,MSFT
2024-07-16,442.56475830078125,447.27079820143007,439.7490242805094,447.19204922721934,17175700,MSFT
2024-07-17,436.6575622558594,437.9670004651751,432.38471713490526,435.74195902538145,21778000,MSFT
2024-07-18,433.55633544921875,437.7701116080265,427.6787055457858,437.46491051123894,20794800,MSFT
2024-07-19,430.34674072265625,434.31441483454387,425.3158203253179,426.39880643244663,20940400,MSFT
2024-07-22,436.0865478515625,437.72086686190295,432.1189038234256,434.95434740544323,15808800,MSFT
2024-07-23,437.9670104980469,441.45224583194545,436.24408758502966,437.0316974699668,13107100,MSFT
2024-07-24,422.2637939453125,434.64916540683873,420.9740654607642,433.6351033912307,26805800,MSFT
2024-07-25,411.9262390136719,423.1498448431678,411.0500252919827,422.1653174889069,29943800,MSFT
2024-07-26,418.6899719238281,422.28352110182095,410.8137524352177,411.72938578526725,23583800,MSFT
2024-07-29,420.1274108886719,425.46353285919287,418.12882136064246,424.9023450000168,15125800,MSFT
2024-07-30,416.37640380859375,422.4115324395336,410.90240300010083,421.10212402070425,32687600,MSFT
2024-07-31,411.87701416015625,415.2539356882569,405.83200193737093,413.9937419087569,42891400,MSFT
2024-08-01,410.6562194824219,420.8460843318748,406.69843005351635,414.27930323794226,30296400,MSFT
2024-08-02,402.1695861816406,408.5788691410044,398.08380349930894,406.10769576372263,29437900,MSFT
2024-08-05,389.0359802246094,394.8348607957488,379.61404618021845,383.1485258419234,40709200,MSFT
2024-08-06,393.4269714355469,399.39323499306323,392.3341604668248,393.81095153508136,24946500,MSFT
2024-08-07,392.2652587890625,403.7349973998657,391.32012086399686,402.3173055349637,20650900,MSFT
2024-08-08,396.4593200683594,399.58025493530266,393.75186986205176,396.2131882314223,20203000,MSFT
2024-08-09,399.7378234863281,401.736413003281,396.0360207139592,397.7786234799922,19276700,MSFT
2024-08-12,400.51556396484375,402.4354042920839,397.98532149531104,400.7616957993417,16762900,MSFT
2024-08-13,407.60418701171875,408.5296451452922,403.23288307516907,403.2525628062739,19414300,MSFT
2024-08-14,410.4100646972656,411.25677385836923,406.0683254390975,408.3819407203729,18267000,MSFT
2024-08-15,415.2627258300781,415.34161674551206,411.9388929382302,414.0495635460023,20752100,MSFT
2024-08-16,412.7377624511719,415.5684441235936,411.5837759699612,414.83859034033384,22775600,MSFT
2024-08-19,415.755859375,415.9728470077707,410.75530126947416,413.22105614207504,15234000,MSFT
2024-08-20,418.9810485839844,420.0265262237166,415.86436096713305,415.92353667507666,16387600,MSFT
2024-08-21,418.3301086425781,420.55913050260955,415.943244764668,418.27090283610073,16067300,MSFT
2024-08-22,409.8577575683594,420.94381179948715,408.9306313403218,418.54707521874735,19361900,MSFT
2024-08-23,411.080810546875,413.51697764071497,406.4451792024677,411.26821033098173,18493800,MSFT
2024-08-26,407.8259582519531,411.5640508373135,405.7054152115458,410.6665125068156,13152800,MSFT
2024-08-27,408.1711730957031,408.6840392458711,404.6303529004273,407.2045864016282,13492900,MSFT
2024-08-28,404.97552490234375,409.31524680031816,401.73058355405493,409.1968954003027,14882700,MSFT
2024-08-29,407.4610290527344,416.268697643249,404.9755591436319,409.25610570352524,17045200,MSFT
2024-08-30,411.4259948730469,411.7711764633265,406.4846126518204,409.90708149754283,24308300,MSFT
2024-09-03,403.8314514160156,414.1284456363182,401.45446023053216,412.18542969380115,20313600,MSFT
2024-09-04,403.2988586425781,405.6068015782242,398.830912042889,400.3498254636215,15135800,MSFT
2024-09-05,402.79583740234375,407.44131080829675,400.56678553175374,402.0363656944642,14195500,MSFT
2024-09-06,396.197509765625,405.0248942566708,395.30981392110493,403.4566777506577,19609500,MSFT
2024-09-09,400.1623840332031,403.0522412027111,396.641279237834,401.66155199530795,15295100,MSFT
2024-09-10,408.52630615234375,410.62710415809914,402.11534306269766,402.6084940695935,19594300,MSFT
2024-09-11,417.24517822265625,418.1821469994098,403.9695325309428,409.8084532189213,19266900,MSFT
2024-09-12,421.15093994140625,421.51586685329676,414.00025068010603,417.51148327493246,17395700,MSFT
2024-09-13,424.6917419433594,425.914746697553,419.6320082561189,419.9969351521576,15874600,MSFT
2024-09-16,425.43145751953125,427.5914610863902,422.3542004104568,424.70160374609685,13834700,MSFT
2024-09-17,429.1892395019531,435.79747386739723,426.34868538784633,434.199669703098,18874200,MSFT
2024-09-18,424.90875244140625,430.05724996700025,424.5142376703877,429.04136013434226,18898000,MSFT
2024-09-19,432.68084716796875,435.45235351054754,430.91535807693765,435.1860627938422,21706600,MSFT
2024-09-20,429.3075866699219,433.2232061386539,428.27198178833163,431.23088727806737,55167100,MSFT
2024-09-23,427.57177734375,430.48135010026584,424.4945200082598,428.33121902605126,15128900,MSFT
2024-09-24,423.29119873046875,427.4139334394583,420.2632446802758,427.0687217553129,17015800,MSFT
2024-09-25,426.19091796875,427.1870925626301,422.69943076362244,423.94215074360574,13396400,MSFT
2024-09-26,425.40185546875,429.33719028271923,423.2517246244965,429.1300753187062,14492000,MSFT
2024-09-27,422.1569519042969,425.9345052473445,421.61449786891575,425.60900874647825,14896100,MSFT
2024-09-30,424.40570068359375,424.52408219664926,419.54323948144145,422.3443332995087,16807300,MSFT
2024-10-01,414.9273986816406,422.61069983568314,413.0731460704372,422.58111197910216,19092900,MSFT
2024-10-02,411.4161376953125,417.0281982052677,411.00187763203274,416.7914652693021,16582300,MSFT
2024-10-03,410.834228515625,413.8029769595959,408.6150490966078,411.9092940444477,13686400,MSFT
2024-10-04,410.36077880859375,414.00023534021534,409.28571331626097,412.5109097932594,19169700,MSFT
2024-10-07,403.93011474609375,411.39639773757887,403.3975032576847,410.3016170053712,20919800,MSFT
2024-10-08,409.0292663574219,409.966265233936,402.57887338489604,405.27145839926953,19229300,MSFT
2024-10-09,411.7415771484375,414.6215919010832,408.62485957486433,410.16348810998284,14974300,MSFT
2024-10-10,410.1437683105469,411.63309377445904,407.49061385739407,409.5421386142519,13848400,MSFT
2024-10-11,410.6171875,411.4160895790265,407.58923364023417,410.4396603934482,14144900,MSFT
2024-10-14,413.3985595703125,418.2314324717677,411.80072533718436,412.047300792356,16653100,MSFT
2024-10-15,413.0040588378906,416.69284850861214,409.57174739931537,416.3969398711013,18900200,MSFT
2024-10-16,410.419921875,410.65662468764714,404.85719508098555,409.4829531752425,15508900,MSFT
2024-10-17,411.0117492675781,416.7125733271007,409.89722324961605,416.57447660649984,14820000,MSFT
2024-10-18,412.4320068359375,413.9015870376485,410.55803924257515,411.42598973201757,17145300,MSFT
2024-10-21,413.04351806640625,413.22104518863654,408.08242059822123,410.4199513395574,14206100,MSFT
2024-10-22,421.65399169921875,424.6819160644371,412.3137102440662,412.75752809912296,25482200,MSFT
2024-10-23,418.7838134765625,425.17503084101816,416.74216121867397,424.9580432083023,19654400,MSFT
2024-10-24,418.9120178222656,420.144895200207,416.6139175340375,419.5037748840412,13581600,MSFT
2024-10-25,422.28515625,426.5952907757042,420.72681247783265,420.9142122484759,16899100,MSFT
2024-10-28,420.7465515136719,426.02327304477956,420.46051551603273,425.74710969864265,14882400,MSFT
2024-10-29,426.0330810546875,427.2363704730416,419.96730081243857,422.13717684538614,17644100,MSFT
2024-10-30,426.6051940917969,432.4934181148105,426.1810914644013,431.44794042425275,29749100,MSFT
2024-10-31,400.7838439941406,410.459464695632,400.734510831916,409.67040499598727,53971000,MSFT
2024-11-01,404.7486877441406,409.8084210802644,401.91800623395363,403.40733166804887,24230400,MSFT
2024-11-04,402.8648681640625,404.7980415718176,400.01447130701087,404.18650910637746,19672300,MSFT
2024-11-05,405.8237609863281,409.2166418436789,402.4900558335031,402.7760918050739,17626000,MSFT
2024-11-06,414.42437744140625,414.69069825173966,404.89669627254005,406.77069419877853,26681800,MSFT
2024-11-07,419.60235595703125,421.00291771813414,414.1283931580868,415.5092096200281,19901800,MSFT
2024-11-08,416.7520446777344,420.65779206836214,416.00244554535874,419.4939629624982,16891400,MSFT
2024-11-11,412.28411865234375,418.9909603752076,410.3016419524007,416.7323203125478,24503300,MSFT
2024-11-12,417.23529052734375,418.6259798148705,411.485163708279,412.5207686609151,19401200,MSFT
2024-11-13,419.37554931640625,423.4489505825368,412.4812790708163,415.86431721659767,21502200,MSFT
2024-11-14,421.0424499511719,422.30491523139983,414.24681513135374,419.17832483529844,30246900,MSFT
2024-11-15,409.3153076171875,417.0084507566798,407.9739514183208,414.06929022111444,28247600,MSFT
2024-11-18,410.06488037109375,412.66870168958155,406.45501186857297,409.1870572477352,24727000,MSFT
2024-11-19,412.067138671875,412.215077958307,405.91259346035645,407.4512222383487,18133500,MSFT
2024-11-20,409.7986145019531,411.57397618834216,404.9558679972854,411.1597160983201,19191700,MSFT
2024-11-21,408.0295715332031,414.85856338751086,405.47983232208855,414.5818472703372,20780200,MSFT
2024-11-22,412.11114501953125,412.50644943843054,406.2407824115055,406.547145598137,24814600,MSFT
2024-11-25,413.8801574707031,416.14328803070504,409.9863472135053,413.4749606494442,27691100,MSFT
2024-11-26,422.9723205566406,424.0100286609721,413.93949178519347,414.67080652096905,23458900,MSFT
2024-11-27,418.03094482421875,422.22125646736464,417.07231569319254,420.12608556589345,18332400,MSFT
2024-11-29,418.4953918457031,419.89875718802,412.9017454606376,415.1649061905191,16271900,MSFT
2024-12-02,425.9272766113281,427.92358362660957,416.37063273208213,416.62759418862754,20207200,MSFT
2024-12-03,426.1446838378906,427.3997836787713,422.72522667678595,424.80061260374794,18302000,MSFT
2024-12-04,432.291748046875,434.5153692878957,427.5578970490266,427.95320145991604,26009400,MSFT
2024-12-05,437.4307861328125,439.44687793021666,431.0564230401268,432.7859063083414,21697800,MSFT
2024-12-06,438.36968994140625,440.87002757046025,436.5907746503493,437.1145598403157,18821000,MSFT
2024-12-09,440.7909240722656,443.0738395996816,435.33565050126293,437.41103647885797,19144400,MSFT
2024-12-10,438.1324462890625,444.34871163189086,436.42274787532307,439.1800467406791,18469500,MSFT
2024-12-11,443.7261047363281,445.0701760009867,438.84401807874156,438.84401807874156,19200200,MSFT
2024-12-12,444.2894287109375,450.81205740820604,443.8446923743848,443.8446923743848,20834800,MSFT
2024-12-13,442.0262145996094,446.13744655491615,440.3560256752725,443.18251083945466,20177800,MSFT
2024-12-16,446.2956237792969,446.8787030896928,440.0596036741231,442.02626356510217,23598800,MSFT
2024-12-17,449.1319885253906,449.9522746519603,444.2993336430134,445.7224537683285,22733500,MSFT
2024-12-18,432.2621154785156,447.34318887069384,431.89642797238076,446.0287948744165,24444500,MSFT
2024-12-19,431.90631103515625,437.9842031344139,431.2046434354816,436.44249480171817,22963700,MSFT
2024-12-20,431.48138427734375,438.5376604876813,423.6048219518138,428.03227991601136,64263700,MSFT
2024-12-23,430.1471862792969,432.51904296318025,427.7555447705133,431.61970806424813,19152500,MSFT
2024-12-24,434.1792907714844,434.4461445992581,429.0995677097259,429.55416623436787,7164500,MSFT
2024-12-26,432.9736633300781,435.7705018127553,431.5110338839644,433.9322924323696,8194200,MSFT
2024-12-27,425.4825439453125,430.117561657289,421.351556737901,429.5048352492743,18117700,MSFT
2024-12-30,419.849365234375,422.5374777077036,416.9537232035626,421.0649558192297,13158700,MSFT
2024-12-31,416.55841064453125,421.72710593306806,415.72826227096317,421.1044871129431,13246500,MSFT
2025-01-02,413.6726379394531,421.0748471756245,409.98638702094667,420.54116958363784,16896500,MSFT
2025-01-03,418.38671875,419.0587393010629,414.62138898974536,416.1433125624827,16662900,MSFT
2025-01-06,422.833984375,429.2281326887413,420.491774572373,422.9822197752049,20573600,MSFT
2025-01-07,417.418212890625,425.6011386030249,415.8666120215368,423.9704889084133,18139100,MSFT
2025-01-08,419.5825500488281,421.96429936103294,416.5979667184096,418.49544017357744,15054600,MSFT
2025-01-10,414.0382995605469,419.73074959963856,410.15435142162687,419.651700779007,20201100,MSFT
2025-01-13,412.2989807128906,413.5936202176339,407.4564330075351,410.3718299167744,17604800,MSFT
2025-01-14,410.7967529296875,414.8190138642203,405.90477401390683,412.9116481684101,16935900,MSFT
2025-01-15,421.3119812011719,423.1304056035061,413.3662329233126,414.2161660512409,19637800,MSFT
2025-01-16,419.60223388671875,424.45467293276505,419.4144891834001,423.6739565648765,15300000,MSFT
2025-01-17,424.0000915527344,429.3862083308609,423.1501885882937,429.0007661773637,26197500,MSFT
2025-01-21,423.4763488769531,425.84820570918225,420.61035394801814,425.1564304696716,26085700,MSFT
2025-01-22,440.9688415527344,442.0262741390286,430.888412499157,432.430120920086,27803800,MSFT
2025-01-23,441.4728698730469,441.5124093673138,436.32395911733414,436.81809723637986,18389300,MSFT
2025-01-24,438.8539123535156,441.4135440071518,436.225094129831,439.94102216929423,15549500,MSFT
2025-01-27,429.46527099609375,430.0977821935737,418.53493945291683,419.0389699284215,35647800,MSFT
2025-01-28,441.95709228515625,443.1232508667098,426.32255685114393,429.5048071593075,23491700,MSFT
2025-01-29,437.1441955566406,441.6408703345489,435.23682974085557,441.4530954449331,23581400,MSFT
2025-01-30,410.12469482421875,417.9024230144378,408.31616280623206,413.86037732807745,54586300,MSFT
2025-01-31,410.19390869140625,415.7579084081136,410.0456732964256,414.06796458574274,34161900,MSFT
2025-02-03,406.1024475097656,410.53979775772405,403.8689337668832,406.774468051233,25679100,MSFT
2025-02-04,407.5354309082031,409.0672770356713,404.9362598096777,407.8516865143663,20532100,MSFT
2025-02-05,408.4446716308594,408.97831905399164,405.5885389886856,407.515689607161,16316700,MSFT
2025-02-06,410.94500732421875,413.2971094519946,409.14633744300244,409.14633744300244,16309800,MSFT
2025-02-07,404.9461669921875,413.7418190108213,403.31551731813784,411.59727657785896,22886800,MSFT
2025-02-10,407.3872375488281,410.5892429521528,406.1024904859577,408.8597595122439,20817900,MSFT
2025-02-11,406.6163635253906,407.65404147500567,404.50143797348676,404.83747842325164,18140600,MSFT
2025-02-12,404.2444763183594,405.93442005448907,399.6292135248499,402.435914112503,19121700,MSFT
2025-02-13,405.7268981933594,406.1814967766394,401.5958809737979,402.2283921851393,23891700,MSFT
2025-02-14,403.6416320800781,404.1160155029715,401.1215398904841,403.0091510093491,22758500,MSFT
2025-02-18,404.8374938964844,405.7862306432336,401.7342920226082,403.2167063843153,21423100,MSFT
2025-02-19,409.9073181152344,410.6188782021152,402.8707962337448,403.09811062253897,24114200,MSFT
2025-02-20,412.07598876953125,415.2250013636158,408.52096684547683,411.24417583261857,23508700,MSFT
2025-02-21,404.2331237792969,413.97725680128366,403.91626425407014,413.27418223243296,27524800,MSFT
2025-02-24,400.06414794921875,405.38182745676596,395.429748735741,404.5302202614153,26443700,MSFT
2025-02-25,394.0235595703125,398.00441513588805,392.8352683816966,397.1923965138258,29387400,MSFT
2025-02-26,395.83575439453125,399.66804717869115,390.40913086553707,394.13250979931917,19619000,MSFT
2025-02-27,388.7058410644531,401.7871363921192,388.34936280983527,397.36068340902,21127400,MSFT
2025-02-28,393.1224060058594,393.7561854578909,382.80393739721217,388.83460333794534,32845700,MSFT
2025-03-03,384.7052001953125,394.93457905310964,382.3979130752632,394.93457905310964,23007700,MSFT
2025-03-04,384.82403564453125,388.75535997703025,377.2881889484286,379.6648014174362,29342900,MSFT
2025-03-05,397.1131591796875,397.7568509049982,385.02212029604283,385.54695570418704,23433100,MSFT
2025-03-06,393.02337646484375,398.2321111971438,388.8543699652718,390.4387882624292,23304600,MSFT
2025-03-07,389.4783020019531,390.95377648794664,381.7840095954452,388.49795642753014,22034100,MSFT
2025-03-10,376.4563903808594,382.6355890788174,373.5450301742595,382.08104715568106,32840100,MSFT
2025-03-11,376.74359130859375,382.23950999896846,373.2380702422645,375.30770541349494,30380200,MSFT
2025-03-12,379.5361022949219,381.46711712441265,375.25821149680263,379.2192427611773,24253600,MSFT
2025-03-13,375.0799255371094,381.5661320778761,373.7728082450696,379.4271716632625,20473000,MSFT
2025-03-14,384.7745361328125,386.42827981726157,375.8127158813028,376.08007458561946,19952800,MSFT
2025-03-17,384.9132080078125,388.88412112316473,381.813696346666,382.9326924641042,22474300,MSFT
2025-03-18,379.78363037109375,383.5961286419255,377.38722360904,383.2990634136601,19486900,MSFT
2025-03-19,384.0417785644531,385.8836435250732,380.2589866011294,381.7740797920575,19185500,MSFT
2025-03-20,383.07135009765625,387.97313863322194,379.5460345045817,381.98206039861145,18470500,MSFT
2025-03-21,387.4482727050781,387.92357710345186,379.07067004050685,379.4865916093534,39675900,MSFT
2025-03-24,389.25048828125,391.54789342681113,386.0123564410982,391.54789342681113,21004500,MSFT
2025-03-25,391.31024169921875,392.49853282327706,388.8148031404558,390.082331804945,15775000,MSFT
2025-03-26,386.17083740234375,391.45881045430576,384.7844825194778,391.15183295239507,16108400,MSFT
2025-03-27,386.77490234375,388.41873402068063,383.6258895962636,386.3293044381274,13766800,MSFT
2025-03-28,375.109619140625,385.3389984995421,373.2578420054409,384.2992097422753,21632000,MSFT
2025-03-31,371.7329406738281,373.3965667515317,363.66231432847826,368.91069951541476,35184700,MSFT
2025-04-01,378.46661376953125,379.120187514209,369.59391274714585,371.00006183577835,19689500,MSFT
2025-04-02,378.4171142578125,381.32844426453147,372.95087209109226,374.2877261088344,16092600,MSFT
2025-04-03,369.4750671386719,373.80251903809335,365.7517184220645,371.13872318254886,30198000,MSFT
2025-04-04,356.3343200683594,370.94062085342546,355.97784180916346,360.5825339787073,49209900,MSFT
2025-04-07,354.3736267089844,367.3856281525139,341.43098078163547,347.4616469003483,50425000,MSFT
2025-04-08,351.1058044433594,370.00982228854286,346.8377957272636,364.6723484414274,35868900,MSFT
2025-04-09,386.68572998046875,389.39905670107095,349.66000929830324,350.0957251156184,50199700,MSFT
2025-04-10,377.63482666015625,380.15997201946135,364.21681503291546,378.3379012524662,38024400,MSFT
2025-04-11,384.6656188964844,386.25000705363004,375.1987576222842,376.9317086118959,23839200,MSFT
2025-04-14,384.0318603515625,390.8052198187617,380.46692636349223,389.38915847164185,19251200,MSFT
2025-04-15,381.9721374511719,388.07212889209285,380.41742551182244,384.7250528209778,17199900,MSFT
2025-04-16,367.9896545410156,377.8922316795949,364.41483869971677,376.9614172312142,21967800,MSFT
2025-04-17,364.1969909667969,370.6732850580017,363.31567729138493,370.10883089247193,21120200,MSFT
2025-04-21,355.62139892578125,360.92919678600947,352.2050274305898,359.28536510699473,20807300,MSFT
2025-04-22,363.246337890625,364.1870645763753,356.3541225187108,359.83984897446516,19485000,MSFT
2025-04-23,370.74261474609375,376.68416126561135,369.38593623911186,372.3963282706759,20545500,MSFT
2025-04-24,383.5267639160156,384.66558435456824,371.5347586504801,372.03979970687254,22232300,MSFT
2025-04-25,388.0325012207031,388.33947870228997,380.8531326101871,383.2297451406492,18973200,MSFT
2025-04-28,387.3492431640625,388.91383718504306,382.8732888048125,388.1414373128656,16579400,MSFT
2025-04-29,390.201171875,391.2508426713115,386.5768248872523,387.48784509297593,14974000,MSFT
2025-04-30,391.4092712402344,392.79562598704683,380.69467558939255,386.49757125114587,36461100,MSFT
2025-05-01,421.25567626953125,432.7327609318022,420.7605473528486,426.91004003637113,58938100,MSFT
2025-05-02,431.0393981933594,435.1588741169636,425.80092616148227,427.533877248033,30757400,MSFT
2025-05-05,431.9207458496094,435.2182909345157,427.9002714913439,428.652877068793,20136100,MSFT
2025-05-06,429.08856201171875,433.4655143471482,426.9694262460728,427.98939046931366,15104200,MSFT
2025-05-07,429.1282043457031,433.8517229596541,426.9100064238295,429.61342097536215,23295300,MSFT
2025-05-08,433.9012451171875,439.3476626606329,431.41568853142036,433.66356271096413,23491300,MSFT
2025-05-09,434.4557800292969,436.4461774951318,431.6335394854884,435.7133964534002,15324200,MSFT
2025-05-12,444.88323974609375,444.99215360101994,435.495584693897,441.59557651706575,22821900,MSFT
2025-05-13,444.7643737792969,446.27946690563454,441.0211705280613,443.4176075446257,23618800,MSFT
2025-05-14,448.52734375,449.4779827199474,443.7741186799948,443.7741186799948,19902800,MSFT
2025-05-15,449.539306640625,452.5750561297104,446.86068990284366,447.19799203765865,21992300,MSFT
2025-05-16,450.67022705078125,450.7595102326154,445.17414935289,448.4678177382938,23849800,MSFT
2025-05-19,455.2337646484375,455.9480603525366,447.2277066057748,447.3070896149787,21336500,MSFT
2025-05-20,454.5393371582031,454.70797307292094,450.71983965496236,451.9797648957129,15441800,MSFT
2025-05-21,448.9837341308594,454.1524403651085,448.22974686474834,450.967885651573,19216900,MSFT
2025-05-22,451.2555847167969,456.6028878213618,450.3032004241896,451.34489818162797,18025600,MSFT
2025-05-23,446.6126403808594,450.0948358464348,445.3527151156796,446.4142434023006,16883500,MSFT
2025-05-27,457.03936767578125,457.29731705224054,452.5055743512772,452.86273735527834,20974300,MSFT
2025-05-28,453.7357177734375,458.8548319074409,453.309132497874,457.56514563572654,17086300,MSFT
2025-05-29,455.0453186035156,458.0612374989779,451.702028016876,457.89257129241645,13974800,MSFT
2025-05-30,456.7119445800781,458.02149174118404,451.93016282180776,456.07703188956276,34770500,MSFT
2025-06-02,458.3092346191406,458.44810948050275,453.2695031394806,453.51752207653715,16626500,MSFT
2025-06-03,459.30126953125,460.46201137480375,457.20797414521616,457.81315604121755,15743800,MSFT
2025-06-04,460.19415283203125,461.9997378828715,459.35088242690273,460.3231275179124,14162700,MSFT
2025-06-05,463.9739685058594,465.92835889810493,460.35289815926444,461.2755213187348,20131700,MSFT
2025-06-06,466.652587890625,469.58912358157227,465.0652606634985,466.3648774509946,15285600,MSFT
2025-06-09,469.0038146972656,469.67841894667356,464.90653697170796,465.9779957450024,16469900,MSFT
2025-06-10,467.1883239746094,469.0534009468453,463.25968221899245,467.45617352695865,15375900,MSFT
2025-06-11,468.87481689453125,471.7022387212418,465.93828127215454,466.29541399515057,16399200,MSFT
2025-06-12,475.0752868652344,476.6130223697302,469.7676758011157,471.2557893550323,18950600,MSFT
2025-06-13,471.1962890625,475.3828499324856,469.0137405811006,472.6348110082228,16814500,MSFT
2025-06-16,475.3431701660156,476.8808754060361,471.23596219473825,471.44428961660435,15626100,MSFT
2025-06-17,474.25189208984375,474.9463269378011,470.3232503868908,471.63279762120845,15414100,MSFT
2025-06-18,476.4344177246094,477.1884049341582,470.70022147094187,474.2121778763568,17526500,MSFT
2025-06-20,473.6169738769531,479.6289507141904,473.09117492174096,478.4087168746746,37576200,MSFT
2025-06-23,482.1488037109375,483.884936234588,468.76571183115124,474.42052531416374,24864000,MSFT
2025-06-24,486.2261962890625,487.9524285572733,482.9424282150726,485.07541514458467,22305600,MSFT
2025-06-25,488.3691101074219,490.64097201284227,485.5119574284625,488.1409520653471,17495100,MSFT
2025-06-26,493.5080871582031,494.09340820956044,488.9048412091741,489.0735074056833,21578900,MSFT
2025-06-27,492.0100402832031,495.3434002058453,489.12309627390664,493.60726767719865,34539200,MSFT
2025-06-30,493.4684143066406,496.79187420420715,491.4048797426009,493.101351114434,28369000,MSFT
2025-07-01,488.1508483886719,494.10330273882704,487.08935037246306,492.53583641461546,19945400,MSFT
2025-07-02,487.198486328125,489.5893925672679,484.82744098086494,486.107196925814,16319600,MSFT
2025-07-03,494.8870849609375,496.16687121115365,489.52988173373706,489.89694493303733,13984800,MSFT
2025-07-07,493.77593994140625,494.7977767455099,491.3056810299541,493.4386378219278,13981600,MSFT
2025-07-08,492.68463134765625,494.25212791462184,490.1945116420166,493.2997134401056,11846600,MSFT
2025-07-09,499.5200500488281,502.76412671878114,495.77990524850594,496.3354652236218,18659500,MSFT
2025-07-10,497.50616455078125,500.4427003321828,493.80571105535574,499.0637004891913,16492100,MSFT
2025-07-11,499.33154296875,501.0279839194423,493.85526578992295,494.51996982276876,16459500,MSFT
2025-07-14,499.033935546875,499.9764196247383,497.0597144820079,497.5458219138798,12058800,MSFT
2025-07-15,501.8117370605469,504.27206541624594,498.805748905247,499.033906939414,14927200,MSFT
2025-07-16,501.61334228515625,502.70463167926073,497.9129190668174,501.1768265275145,15154400,MSFT
2025-07-17,507.6451721191406,509.3019216630888,501.61333461976557,501.67285674255714,17503100,MSFT
2025-07-18,506.0082092285156,510.5618634291492,503.40897568442307,510.4030974050004,21209700,MSFT
2025-07-21,506.0181579589844,508.03210080948105,501.54388660874696,502.69469811942383,14066800,MSFT
2025-07-22,501.26611328125,507.1491456054249,501.26611328125,506.92095727911294,13868600,MSFT
2025-07-23,501.861328125,502.77405108780124,496.7323137246232,502.7343595827018,16396600,MSFT
2025-07-24,506.8316650390625,509.59953458867506,503.28001689239056,504.73836945889843,16107000,MSFT
2025-07-25,509.6392517089844,514.1829150146133,506.3157616392057,508.409026924469,19125700,MSFT
2025-07-28,508.4388122558594,510.91900158393673,506.07766717141,510.0063088656235,14308000,MSFT
2025-07-29,508.5082702636719,513.5182406496896,507.50626407616875,511.4448362580723,16469200,MSFT
2025-07-30,509.1729431152344,511.86149016920456,505.4030674134904,511.08764202727673,26380400,MSFT
2025-07-31,529.2723388671875,551.0484106553389,527.6850421089878,550.8301225339796,51617300,MSFT
2025-08-01,519.956787109375,531.5541546097426,516.7325410439772,530.7605061500977,28977600,MSFT
2025-08-04,531.3954467773438,533.9847498429226,523.9449485218581,524.0838536533402,25349000,MSFT
2025-08-05,523.5679321289062,533.0422426180032,523.0619638515897,532.9231983823397,19171600,MSFT
2025-08-06,520.7802124023438,527.4866537198485,519.8774501718309,526.6930052823053,21355700,MSFT
2025-08-07,516.7127075195312,523.9052559727172,513.4487398823029,522.6254396329194,16079100,MSFT
2025-08-08,517.9032592773438,520.5024931820143,515.2940949258492,518.4588193359411,15531000,MSFT
2025-08-11,517.6353759765625,523.4092640243366,515.6015722772428,518.1611446296885,20194400,MSFT
2025-08-12,525.0462036132812,526.7724058726347,518.5580494708657,519.5997169841131,18667000,MSFT
2025-08-13,516.4547729492188,528.478725311786,515.2543395813665,527.8933740196283,19619200,MSFT
2025-08-14,518.3396606445312,521.7821945996749,516.0182375574066,518.4190436500928,20269100,MSFT
2025-08-15,516.0480346679688,521.9310366989816,514.9667059909838,518.6274679925785,25213300,MSFT
2025-08-18,513.0023193359375,518.6770238166106,509.9467697824549,517.4567900842618,23760600,MSFT
2025-08-19,505.73046875,511.0777415589167,504.5201350651639,510.919036073865,21481000,MSFT
2025-08-20,501.7125244140625,506.9506829011106,500.44266872858867,505.8296325155463,27723000,MSFT
2025-08-21,501.0666198730469,504.43529989468334,499.55619671725805,500.5200933584279,18443300,MSFT
2025-08-22,504.0378112792969,507.51578439064156,499.248138173549,501.07655468445085,24324200,MSFT
2025-08-25,501.0865173339844,504.9917771303553,500.9473838488724,503.44159720621536,21638600,MSFT
2025-08-26,498.8804931640625,501.801993130018,495.3727099158942,501.1858695359189,30835700,MSFT
2025-08-27,503.5509033203125,504.09746017877256,496.75395340313815,498.8407434548062,17277900,MSFT
2025-08-28,506.4326477050781,507.87350408410515,502.3186878124423,503.89867767213724,18015600,MSFT
2025-08-29,503.5011901855469,506.39287997665497,501.3150235761296,505.458793364042,20961600,MSFT
2025-09-02,501.9410705566406,502.81553721257154,493.68337117589067,497.32034095368414,18128000,MSFT
2025-09-03,502.1696472167969,504.5942937991858,499.1587173668126,500.6194673133705,16345100,MSFT
2025-09-04,504.7731628417969,504.95202275876863,499.983489561643,501.1262461318779,15509500,MSFT
2025-09-05,491.884765625,508.74796779288187,489.27131242222254,505.86622472604114,31994800,MSFT
2025-09-08,495.06463623046875,498.04575600626316,491.91457299081776,494.97517595073856,16771000,MSFT
2025-09-09,495.2733154296875,499.0891451753406,494.5677922273047,498.27429847652155,14410500,MSFT
2025-09-10,497.2209777832031,500.06299449245154,493.5939546766565,499.81456783685906,21611800,MSFT
2025-09-11,497.85699462890625,500.0034047018473,494.7466878610638,499.0891812108548,18881600,MSFT
2025-09-12,506.6910095214844,509.32432605160386,500.67909648146514,503.4614629424367,23624900,MSFT
2025-09-15,512.1166381835938,512.2259313574772,503.80926524972944,505.58800862213144,17143800,MSFT
2025-09-16,505.83642578125,513.9748550906477,505.3991924428879,513.6270820344445,19711900,MSFT
2025-09-17,506.81024169921875,508.07226852063866,502.74598524416496,507.4064717390096,15816600,MSFT
2025-09-18,505.2501525878906,509.84107240669834,504.4651158521554,508.270998935228,18913700,MSFT
2025-09-19,514.6704711914062,516.0318444319288,507.09843147001845,507.34685812925306,52474100,MSFT
2025-09-22,511.21240234375,514.48167541423,509.3143886623668,512.3452424901319,20009300,MSFT
2025-09-23,506.0252685546875,511.35155218118825,504.1173383670773,510.5664850795932,19799600,MSFT
2025-09-24,506.9394226074219,509.2547456727144,503.72976965544393,507.16798604562155,13533700,MSFT
2025-09-25,503.83905029296875,506.8003068435259,501.8615838862597,505.1010467430239,15786500,MSFT
2025-09-26,508.2411804199219,510.70558375978015,503.4316440082871,506.849997214163,16213100,MSFT
2025-09-29,511.3613586425781,513.5971983462931,505.6773863749633,508.28089264453985,17617800,MSFT
2025-09-30,514.6903686523438,514.8990082310244,506.45253207823936,510.0099885223437,19728200,MSFT
2025-10-01,516.4392700195312,517.2342231556227,508.4697238165545,511.56013673304216,22632300,MSFT
2025-10-02,512.4942626953125,518.3173691617891,507.4661094259624,514.3823296081488,21222900,MSFT
2025-10-03,514.0940551757812,517.2143082734997,511.75886906280147,513.8456285403139,15112300,MSFT
2025-10-06,525.2435302734375,527.6880704621805,514.9387971845453,515.3461902238155,21388600,MSFT
2025-10-07,520.682373046875,526.4657528279373,518.1583800775612,524.9652461341774,14615200,MSFT
2025-10-08,521.546875,523.6336952116123,519.7980023635643,519.9868090400763,13363400,MSFT
2025-10-09,519.1123657226562,521.0302122328587,514.1438325922749,519.0527457511332,18343600,MSFT
2025-10-10,507.74432373046875,520.2849266906686,506.42270727517143,516.3697201998212,24133800,MSFT
2025-10-13,510.8148498535156,513.159982800976,508.45977013619586,513.159982800976,14284200,MSFT
2025-10-14,510.3379211425781,512.0371813139038,502.8155546768959,507.01894463812107,14684300,MSFT
2025-10-15,510.19879150390625,513.93513816427,506.7903850161382,511.71919177145384,14694700,MSFT
2025-10-16,508.3902282714844,513.597241245564,504.93214864922606,509.3541552294708,15559600,MSFT
2025-10-17,510.3478698730469,512.235876086287,504.1173098719632,505.8364332653001,19867800,MSFT
2025-10-20,513.53759765625,515.4356111738924,510.19875812962454,511.37132460679527,14665600,MSFT
2025-10-21,514.4021606445312,515.4257076122852,509.81124074780416,514.2431942660954,15586200,MSFT
2025-10-22,517.2640991210938,521.9245862885218,514.4519526367303,517.8703063443006,18962700,MSFT
2025-10-23,517.283935546875,520.6526156742948,515.3461954332505,519.1720024577996,14023500,MSFT
2025-10-24,520.314697265625,522.0437370421222,517.4329845218087,519.499850577073,15532400,MSFT
2025-10-27,528.1749877929688,531.2157277722118,525.6807743511338,528.4333612309177,18734700,MSFT
2025-10-28,538.6585693359375,550.2352153811122,537.366762825241,546.5386557673307,29986700,MSFT
2025-10-29,538.141845703125,542.8321728172806,533.3521721804118,541.510525937623,36023000,MSFT
2025-10-30,522.4512329101562,531.6032326010347,518.834126044735,527.1414993194383,41023100,MSFT
2025-10-31,514.5512084960938,525.9887810857076,511.85824179468614,525.5515477587454,34006400,MSFT
2025-11-03,513.7761840820312,521.6562706261378,511.35153740299523,516.5386570612455,22374700,MSFT
2025-11-04,511.0931701660156,512.3054631947169,504.64399323613884,508.53933673798264,20958700,MSFT
2025-11-05,503.96826171875,511.5900049686576,503.39189488693165,510.06960470137113,23024300,MSFT
2025-11-06,493.9715576171875,502.51744045426454,492.6896676102462,502.47768369906356,27406500,MSFT
2025-11-07,493.6933288574219,496.2372153715257,490.1457889557352,493.8225155697467,24019800,MSFT
2025-11-10,502.8155517578125,503.66020845333964,495.66085193460816,496.8930687697553,26101500,MSFT
2025-11-11,505.4786682128906,506.39289163210333,499.18851875070465,501.6230817360039,17980000,MSFT
2025-11-12,507.9232482910156,508.449911619763,495.97887455805096,506.15442128351987,26574900,MSFT
2025-11-13,500.1225891113281,510.26832472026865,498.1351759673349,507.098398329558,25273100,MSFT
2025-11-14,506.9692077636719,508.38028442839277,494.30939583697693,495.09443251402297,28505700,MSFT
2025-11-17,504.2961730957031,508.8970396915909,501.73242330739504,505.2501533046029,19092800,MSFT
2025-11-18,490.6824035644531,499.8145698875434,483.71651040889276,492.2524466910109,33815100,MSFT
2025-11-19,484.0543518066406,492.0735713081103,479.79134202204426,487.0156083775533,23245300,MSFT
2025-11-20,476.308837890625,491.38172816347884,473.39183555424523,490.525525238351,26802500,MSFT
2025-11-21,470.0268249511719,476.796695003642,466.19388806310616,476.3785437287191,31769200,MSFT
2025-11-24,471.89849853515625,474.7856351712577,465.94500021095376,472.8940649877621,34421000,MSFT
2025-11-25,474.8752136230469,477.0256407210385,462.82888433135173,471.9681767111092,28019800,MSFT
2025-11-26,483.3475341796875,486.14507360501653,479.06661039650686,484.1539406114854,25709100,MSFT
2025-11-28,489.82867431640625,490.44592067381114,484.49242217644115,485.4382224868377,14386700,MSFT
2025-12-01,484.5820007324219,487.68816317334665,482.5012705124726,486.27447583839387,23964000,MSFT
2025-12-02,487.82757568359375,491.312058367048,484.16389832530854,484.56211884124775,19562700,MSFT
2025-12-03,475.6119689941406,482.09308589504883,473.0931871020635,474.2082166599713,34615100,MSFT
2025-12-04,478.70819091796875,479.1860737742951,474.377470578239,477.6329924690825,22318200,MSFT
2025-12-05,481.01788330078125,481.2568095233099,476.7568601661199,480.3807061976695,22608700,MSFT
2025-12-08,488.8430480957031,490.11737199051475,482.2325023858298,482.74025101921535,21965900,MSFT
2025-12-09,489.8385925292969,489.93815525049575,486.33420957194573,486.93155551686203,14696100,MSFT
2025-12-10,476.43829345703125,482.10306917330496,472.9737111601482,481.88404333185355,35756200,MSFT
2025-12-11,481.3265075683594,483.8751552220924,473.750231167373,474.51683677020293,24669200,MSFT
2025-12-12,476.4084167480469,480.31105063829824,474.22812377070755,477.69270598810584,21248100,MSFT
2025-12-15,472.7148742675781,478.588710310573,470.42505317808707,477.97146396596463,23727700,MSFT
2025-12-16,474.2779235839844,475.7712732838117,468.79234263095657,469.8177748762136,20705600,MSFT
2025-12-17,474.00909423828125,477.8718969329872,472.8940646732686,474.79560024235434,24527200,MSFT
2025-12-18,481.8342590332031,487.4293375934554,475.7712630284666,476.06992080908344,28573500,MSFT
2025-12-19,483.7656555175781,485.68709144559693,480.35083955461556,485.1992432324443,70836100,MSFT
2025-12-22,482.7701110839844,486.5632169440421,480.5499868948874,483.9647726311972,16963000,MSFT
2025-12-23,484.6915283203125,485.66716398872717,482.59086732909867,482.8298239351052,14683600,MSFT
2025-12-24,485.8563232421875,486.99128356758627,482.680463867149,483.5267014178325,5855900,MSFT
2025-12-26,485.5476989746094,485.9558848600665,483.8054577080926,484.5521325365998,8842200,MSFT
2025-12-29,484.9404296875,486.1848877649252,482.0333622504328,482.71034015280554,10893400,MSFT
2025-12-30,485.3187255859375,487.5089534635432,483.3474931520442,483.77557941756965,13944500,MSFT
