Date,Close,High,Low,Open,Volume,Ticker
2018-01-02,4.922529220581055,4.926233475649677,4.802768982234694,4.834375485622499,355616000,NVDA
2018-01-03,5.246499061584473,5.2768715921266445,5.031177092524499,5.039819567643107,914704000,NVDA
2018-01-04,5.274156093597412,5.38428668271751,5.251932446899893,5.3277399216062165,583268000,NVDA
2018-01-05,5.318849563598633,5.356135603489793,5.212175987069669,5.288971090438664,580124000,NVDA
2018-01-08,5.481823444366455,5.555901948622903,5.397373497373646,5.442314845965731,881216000,NVDA
2018-01-09,5.48034143447876,5.526764011442247,5.398854895983358,5.487255415261424,497000000,NVDA
2018-01-10,5.5233073234558105,5.526764314036415,5.333665957208936,5.387990162186952,582664000,NVDA
2018-01-11,5.533184051513672,5.58726145673746,5.511700788622706,5.555901280923127,406032000,NVDA
2018-01-12,5.50602388381958,5.555656674213335,5.465527630034055,5.521333552306982,359916000,NVDA
2018-01-16,5.435153961181641,5.617881358656475,5.3507044795640475,5.532444232660265,702348000,NVDA
2018-01-17,5.548986911773682,5.5588638240049875,5.355888591405077,5.449721377010482,538408000,NVDA
2018-01-18,5.542074203491211,5.596398410676426,5.498614555155242,5.529727471644802,408632000,NVDA
2018-01-19,5.682082653045654,5.706281587472886,5.605288008141734,5.632203082211665,609380000,NVDA
2018-01-22,5.770483016967773,5.7722115122356215,5.6324497178900605,5.689984119368288,550944000,NVDA
2018-01-23,5.899380683898926,5.92209791736987,5.805300610615454,5.8238200022750926,475228000,NVDA
2018-01-24,5.822584629058838,5.938394272835507,5.767025521047098,5.902589462007986,579972000,NVDA
2018-01-25,5.8361663818359375,5.9201222710314765,5.821350775207208,5.876909417809855,409884000,NVDA
2018-01-26,6.008524417877197,6.0087712112767635,5.867034088263604,5.8798744097376066,516356000,NVDA
2018-01-29,6.095441818237305,6.126555205457101,5.941358468062582,5.993954179465622,455116000,NVDA
2018-01-30,5.993459701538086,6.084823626143927,5.887033377530123,5.953704311352254,570832000,NVDA
2018-01-31,6.06951379776001,6.155198176737527,6.036178331753405,6.068772946829248,478576000,NVDA
2018-02-01,5.938643455505371,6.096678367542696,5.878392895499152,5.889751514979711,519224000,NVDA
2018-02-02,5.766285419464111,5.8761692122464035,5.70825742887083,5.8522170708127845,718464000,NVDA
2018-02-05,5.276872634887695,5.759124725722033,5.0620442099654275,5.605288167231631,1165204000,NVDA
2018-02-06,5.570224285125732,5.573187218233309,5.037351292123833,5.047228677775093,1114800000,NVDA
2018-02-07,5.649734973907471,5.802090300947284,5.597880113087888,5.66899568719736,802932000,NVDA
2018-02-08,5.371199131011963,5.808263048004478,5.370951866705575,5.775174844993028,1144000000,NVDA
2018-02-09,5.730727672576904,5.898886243549443,5.371199240991339,5.883082992680038,1674604000,NVDA
2018-02-12,5.630720615386963,5.814682886868104,5.556642120188144,5.811719483311583,1093172000,NVDA
2018-02-13,5.744308948516846,5.790484735326262,5.562075147582211,5.594422971878374,625524000,NVDA
2018-02-14,5.961361408233643,5.990252251396279,5.692949546715767,5.704061373241411,744988000,NVDA
2018-02-15,6.086798191070557,6.132973970021222,5.9638277803779545,6.044573459728234,698900000,NVDA
2018-02-16,6.021116733551025,6.1732248004750225,6.011980198829314,6.059637690216526,637656000,NVDA
2018-02-20,6.150508403778076,6.219401436141514,6.039883740623566,6.043587996274106,686240000,NVDA
2018-02-21,5.9635796546936035,6.221867639163761,5.95987587189423,6.214953660082529,892292000,NVDA
2018-02-22,5.9831013679504395,6.06908595216146,5.917624671658032,5.997432289076396,534364000,NVDA
2018-02-23,6.076496124267578,6.076496124267578,5.992241143868929,6.042893005008565,415300000,NVDA
2018-02-26,6.092558860778809,6.127150250558239,6.030293887903493,6.122702853482647,469312000,NVDA
2018-02-27,6.079709529876709,6.150127973546111,6.056730765739726,6.065872505043838,455436000,NVDA
2018-02-28,5.979394912719727,6.130114872492914,5.967781819998213,6.090581721935456,523116000,NVDA
2018-03-01,5.737500190734863,6.031033994346544,5.636443397901122,5.97716993297133,1040120000,NVDA
2018-03-02,5.844488620758057,5.850913006314892,5.481524503696904,5.630021027743416,913428000,NVDA
2018-03-05,5.822497844696045,5.862030997490262,5.671036093708031,5.7943303672938855,620776000,NVDA
2018-03-06,5.983348846435547,6.00262153121743,5.864749376895527,5.907741672821975,636808000,NVDA
2018-03-07,5.975440979003906,6.027575476602985,5.879325937048318,5.880561141732676,581208000,NVDA
2018-03-08,5.959133148193359,6.002866742964197,5.914905188818221,6.002866742964197,411912000,NVDA
2018-03-09,6.061675548553467,6.074523379317053,5.990515758143821,6.006575782234552,505524000,NVDA
2018-03-12,6.171131134033203,6.251185699554829,6.094782654396949,6.1029366088716035,605060000,NVDA
2018-03-13,6.120479583740234,6.288248784927967,6.079216858231815,6.213876817556124,619772000,NVDA
2018-03-14,6.145929336547852,6.190651202145571,6.083664355888642,6.163471980336942,505496000,NVDA
2018-03-15,6.160754203796387,6.241797033879044,6.118750165774702,6.159518998827692,401952000,NVDA
2018-03-16,6.188920497894287,6.2079457611636775,6.1395038257144074,6.177060458869331,399456000,NVDA
2018-03-19,5.954686641693115,6.161000243993237,5.855853764205862,6.1320919277643275,713772000,NVDA
2018-03-20,6.166683673858643,6.205475515716861,5.957651760642879,5.957651760642879,554696000,NVDA
2018-03-21,6.141480445861816,6.226476758762241,6.111089038768458,6.16025829004422,438688000,NVDA
2018-03-22,5.975687503814697,6.124678344170441,5.938378292695647,6.078226922452298,551196000,NVDA
2018-03-23,5.756280422210693,5.991749793357609,5.745161692403051,5.989278912147866,735620000,NVDA
2018-03-26,6.04067325592041,6.041908461123347,5.828676509150512,5.880563610578725,611424000,NVDA
2018-03-27,5.572202205657959,6.177059899728876,5.4321066266287,6.121466266376863,1409000000,NVDA
2018-03-28,5.469169616699219,5.667823629263365,5.361688892153834,5.537858501727341,945904000,NVDA
2018-03-29,5.722182273864746,5.818791220491202,5.453109325727342,5.537364338975265,916628000,NVDA
2018-04-02,5.461756706237793,5.797788943645551,5.374042561443721,5.651763333448893,922092000,NVDA
2018-04-03,5.568002700805664,5.691543919765226,5.4691698198924845,5.628538105455683,667432000,NVDA
2018-04-04,5.589993953704834,5.600371372233682,5.287564779540483,5.3125200676130575,789168000,NVDA
2018-04-05,5.469911098480225,5.661399892464157,5.398504383685218,5.6483046477489145,701240000,NVDA
2018-04-06,5.293741226196289,5.475346975127524,5.264585489977508,5.3673718781755655,662988000,NVDA
2018-04-09,5.322403430938721,5.484489560749731,5.3023894347219755,5.356747878247084,499524000,NVDA
2018-04-10,5.631256580352783,5.6581883844427345,5.49536094111408,5.552437213274264,761676000,NVDA
2018-04-11,5.589993953704834,5.657694592159041,5.557379075107766,5.616431864787933,460244000,NVDA
2018-04-12,5.796553611755371,5.81434367122385,5.638667953244426,5.682895919574601,593920000,NVDA
2018-04-13,5.719956874847412,5.868453340435077,5.671775887228296,5.860052441678295,503036000,NVDA
2018-04-16,5.719712257385254,5.753068448075414,5.625573706188963,5.726630536526406,350792000,NVDA
2018-04-17,5.869197368621826,5.890446571998541,5.716253436206854,5.771847090453658,447224000,NVDA
2018-04-18,5.840287685394287,5.911447457746737,5.751338323408006,5.818791538526428,391364000,NVDA
2018-04-19,5.659176349639893,5.759491859702497,5.603830121341837,5.726135671923989,471996000,NVDA
2018-04-20,5.651022434234619,5.734783081732713,5.6198901831966905,5.65052806954587,386200000,NVDA
2018-04-23,5.531682014465332,5.719958626574713,5.505738470305602,5.6688128496987265,427508000,NVDA
2018-04-24,5.465462684631348,5.6532448866715415,5.400232948627083,5.557377269794424,414596000,NVDA
2018-04-25,5.353287696838379,5.4748523883524705,5.196143359985117,5.43581313300979,588492000,NVDA
2018-04-26,5.564790725708008,5.572944680228743,5.4489090917317045,5.514880154243845,375824000,NVDA
2018-04-27,5.592216968536377,5.6903090144787685,5.549965986303618,5.670542437255602,400848000,NVDA
2018-04-30,5.556884288787842,5.6581880564035085,5.537612076202708,5.608524430770249,327844000,NVDA
2018-05-01,5.612232208251953,5.614950036641048,5.490173107342092,5.548732011823409,253788000,NVDA
2018-05-02,5.59172248840332,5.653245676682889,5.565531528912585,5.6087712360513065,268248000,NVDA
2018-05-03,5.756773471832275,5.782964431798426,5.57837992758132,5.62359615167403,443144000,NVDA
2018-05-04,5.906752109527588,5.909964301493581,5.710815939958727,5.728111633202851,400660000,NVDA
2018-05-07,6.144445419311523,6.2015216788325995,6.00138458611721,6.011268108792078,687616000,NVDA
2018-05-08,6.186943054199219,6.189660881219886,6.095769312409841,6.144691612598578,506616000,NVDA
2018-05-09,6.319873809814453,6.322097743834752,6.17977821961558,6.206957436148472,596760000,NVDA
2018-05-10,6.427355766296387,6.436497507612215,6.35496031956407,6.3727503800306735,994080000,NVDA
2018-05-11,6.288989543914795,6.4189551572692665,6.190404073614181,6.245750302554876,1214456000,NVDA
2018-05-14,6.30949592590332,6.386833119690314,6.28577632113989,6.327039036259138,523140000,NVDA
2018-05-15,6.067355632781982,6.2487144092462685,5.967040139842372,6.245996110622868,963528000,NVDA
2018-05-16,6.0784759521484375,6.140493517913737,5.99199699127198,6.028812321677307,553828000,NVDA
2018-05-17,6.120479583740234,6.214123764289259,6.064144624607503,6.0802051164367485,519784000,NVDA
2018-05-18,6.0767436027526855,6.235617475475372,6.071801842386492,6.172364733622482,483716000,NVDA
2018-05-21,6.03474235534668,6.177803226165363,5.942086426627042,6.174097139823752,640624000,NVDA
2018-05-22,5.996691703796387,6.073287138099452,5.9361562908444645,6.048084903173839,518264000,NVDA
2018-05-23,6.120060920715332,6.121297360963063,5.939826412201038,5.94056818203692,442956000,NVDA
2018-05-24,6.123770236968994,6.166047823147959,6.063197859331765,6.116353480600925,437372000,NVDA
2018-05-25,6.163079261779785,6.179396782056297,6.100776259758787,6.136377907833108,292112000,NVDA
2018-05-29,6.146021366119385,6.214011442333314,6.099294104002322,6.145032496721267,352684000,NVDA
2018-05-30,6.254805088043213,6.263458284830537,6.154922204233035,6.179645825724187,390996000,NVDA
2018-05-31,6.235025405883789,6.309443359324026,6.212279997982969,6.222910932089949,493868000,NVDA
2018-06-01,6.369273662567139,6.375454920453975,6.271121436515737,6.279774631680784,421968000,NVDA
2018-06-04,6.548026084899902,6.570029725256526,6.3712528343067705,6.403393210976503,642024000,NVDA
2018-06-05,6.553464889526367,6.591044753875298,6.506490059090202,6.551239579835776,391712000,NVDA
2018-06-06,6.555442810058594,6.558656989179558,6.447153833389016,6.463471356881197,371356000,NVDA
2018-06-07,6.499814987182617,6.5636015387033915,6.409573705424271,6.551734163638174,369448000,NVDA
2018-06-08,6.484486103057861,6.527010312038009,6.408337508734217,6.427127439991888,360456000,NVDA
2018-06-11,6.443444728851318,6.5134120623230585,6.430588485380875,6.471876724140297,265372000,NVDA
2018-06-12,6.491904258728027,6.50401873541634,6.419711597569327,6.469900615413379,319160000,NVDA
2018-06-13,6.487451553344727,6.568297380275118,6.4783036887804855,6.493385239607516,338208000,NVDA
2018-06-14,6.598955154418945,6.655572041586089,6.51761465130932,6.53244910381306,430016000,NVDA
2018-06-15,6.558160781860352,6.613047027250425,6.510938861735974,6.541843262192052,432260000,NVDA
2018-06-18,6.553958892822266,6.571512382860502,6.486958168246381,6.5141537228346875,356268000,NVDA
2018-06-19,6.432319164276123,6.518109821084411,6.304993169028046,6.4508615239808345,594932000,NVDA
2018-06-20,6.485228061676025,6.538136107117899,6.435039053196084,6.473360686687477,369780000,NVDA
2018-06-21,6.356665134429932,6.535416100834752,6.349000808315392,6.517120840866388,359516000,NVDA
2018-06-22,6.2043681144714355,6.390783883407651,6.189039933407088,6.377432969323854,434160000,NVDA
2018-06-25,5.911888599395752,6.1017651569803375,5.823378441826234,6.098056779670731,665816000,NVDA
2018-06-26,5.982846260070801,6.073334649697153,5.931421277708338,6.02512384662331,478884000,NVDA
2018-06-27,5.827829360961914,6.092618098974124,5.822389872414972,6.026359139611977,453892000,NVDA
2018-06-28,5.954907417297363,5.966774790451967,5.8102745732667165,5.817938898780575,338012000,NVDA
2018-06-29,5.857001781463623,6.03253853996287,5.855765341438304,6.019929869712301,392300000,NVDA
2018-07-02,5.989027976989746,5.992736355490017,5.767010506225389,5.787531080846164,357572000,NVDA
2018-07-03,5.855520725250244,6.029574489720484,5.847114627142565,6.023640801148233,222732000,NVDA
2018-07-05,6.001140594482422,6.006084940429795,5.871836398792618,5.910652225971076,306216000,NVDA
2018-07-06,6.114869117736816,6.1232752139489,5.955402275391055,5.976664615349915,296352000,NVDA
2018-07-09,6.162338733673096,6.198682630405443,6.083718195534143,6.189040564563735,303880000,NVDA
2018-07-10,6.261231899261475,6.28323553498429,6.134400115458975,6.174699481208446,360016000,NVDA
2018-07-11,6.119813919067383,6.203132167984538,6.109182513334937,6.168519385515629,367508000,NVDA
2018-07-12,6.211289405822754,6.259253092482257,6.155167195656722,6.165056829491698,345508000,NVDA
2018-07-13,6.164068698883057,6.229833456417124,6.122038689961179,6.229833456417124,246988000,NVDA
2018-07-16,6.136378288269043,6.1892868006375465,6.124016715484966,6.136378288269043,197036000,NVDA
2018-07-17,6.272110939025879,6.287192493015592,6.061713782436663,6.087179171672873,362136000,NVDA
2018-07-18,6.2229108810424805,6.278538903205476,6.171980577328074,6.264693790411804,277640000,NVDA
2018-07-19,6.2310686111450195,6.264692991141211,6.189039079277233,6.204120158833194,235752000,NVDA
2018-07-20,6.20288610458374,6.2674144333487165,6.192007597606349,6.22859859630203,222352000,NVDA
2018-07-23,6.166294574737549,6.178161950133588,6.014739146335825,6.176431310870159,301584000,NVDA
2018-07-24,6.148987770080566,6.300790287758488,6.131433807610705,6.214257858821427,354620000,NVDA
2018-07-25,6.227114677429199,6.239723823051808,6.1005299654223775,6.158383304050002,319112000,NVDA
2018-07-26,6.300543785095215,6.33738188386494,6.190277059823228,6.207089255285769,325124000,NVDA
2018-07-27,6.2308220863342285,6.344055865179182,6.176924705176644,6.337133309027177,295420000,NVDA
2018-07-30,6.035754203796387,6.250849079466511,6.000893848582832,6.24491539195008,340340000,NVDA
2018-07-31,6.053801536560059,6.12846658338702,5.986553716003607,6.025369543202064,283988000,NVDA
2018-08-01,6.093605995178223,6.14033371720076,6.02981945505752,6.085200371609465,283556000,NVDA
2018-08-02,6.1962103843688965,6.20016586196513,5.963561999832719,6.022403737369431,269668000,NVDA
2018-08-03,6.232800006866455,6.256534755260272,6.203873812770747,6.220685533246548,214288000,NVDA
2018-08-06,6.280515670776367,6.28397694843968,6.173710261986309,6.220190411054713,207508000,NVDA
2018-08-07,6.352709770202637,6.371252602861012,6.3025212324926825,6.329222590857342,258132000,NVDA
2018-08-08,6.389052391052246,6.434049476976423,6.319085060697001,6.353945411950338,262100000,NVDA
2018-08-09,6.3405961990356445,6.409574678675901,6.332931871124073,6.406855169719646,204280000,NVDA
2018-08-10,6.299307346343994,6.3316952943591875,6.2476352664436865,6.258760872243204,256396000,NVDA
2018-08-13,6.332187652587891,6.45283864199914,6.306228070456396,6.307958709265162,375208000,NVDA
2018-08-14,6.463470458984375,6.477563142330335,6.354439727543762,6.437510873299413,466220000,NVDA
2018-08-15,6.405370712280273,6.51810982494344,6.326749711256938,6.484238341164835,591136000,NVDA
2018-08-16,6.364824295043945,6.477563888544107,6.304746120358458,6.475091479399227,801260000,NVDA
2018-08-17,6.052813529968262,6.2543103925105195,6.025864600772823,6.253568622621382,1143188000,NVDA
2018-08-20,6.127479076385498,6.259997008578247,5.902000346212003,6.012267537774206,854388000,NVDA
2018-08-21,6.262964248657227,6.267414396897227,6.124017954398875,6.143796757792996,673988000,NVDA
2018-08-22,6.497835636138916,6.502780453475233,6.2268661536883085,6.230327431510983,749856000,NVDA
2018-08-23,6.597226142883301,6.662496240996871,6.44542360340671,6.459268718574575,720684000,NVDA
2018-08-24,6.73023796081543,6.744824844240702,6.601181319621181,6.605631467323773,531512000,NVDA
2018-08-27,6.821220397949219,6.895390782287352,6.728507181744651,6.759905786011847,505776000,NVDA
2018-08-28,6.7836408615112305,6.83803291943394,6.663731611887613,6.8152870382966295,475384000,NVDA
2018-08-29,6.8890204429626465,6.914004818889428,6.755192928225578,6.775971957096754,420108000,NVDA
2018-08-30,6.872199535369873,6.96892158076988,6.8353412912755545,6.857851907460349,346608000,NVDA
2018-08-31,6.943195343017578,6.956058620253745,6.842267945680956,6.8521629920880605,306592000,NVDA
2018-09-04,7.0179009437561035,7.055500891753382,6.901636512569428,6.9300840620367445,391720000,NVDA
2018-09-05,6.8872880935668945,7.035710463506061,6.806398036419235,7.0003365746425885,393156000,NVDA
2018-09-06,6.746286869049072,6.873435267421616,6.713386742071153,6.8709615062607785,322796000,NVDA
2018-09-07,6.725013732910156,6.850430552376574,6.6094914867958945,6.654265481017739,295420000,NVDA
2018-09-10,6.796008586883545,6.825693249881618,6.703739604745101,6.747524187778689,220140000,NVDA
2018-09-11,6.74826717376709,6.837320229812747,6.728972022545656,6.749751053228916,243112000,NVDA
2018-09-12,6.634476184844971,6.727982290265793,6.479127459547784,6.708439905373068,419092000,NVDA
2018-09-13,6.712150573730469,6.8026879738979895,6.682960850511504,6.700276708044495,305536000,NVDA
2018-09-14,6.838062286376953,6.90411025548557,6.765582914854368,6.802441158943348,386936000,NVDA
2018-09-17,6.776219844818115,6.861562967081699,6.756925165241341,6.81258362066938,205528000,NVDA
2018-09-18,6.704233646392822,6.882835138502996,6.697555010488127,6.780176648816838,299520000,NVDA
2018-09-19,6.727982044219971,6.745792842653954,6.635713058791179,6.685681810783271,224860000,NVDA
2018-09-20,6.5869832038879395,6.64833090148645,6.533056320974749,6.606030653585699,430584000,NVDA
2018-09-21,6.516975402832031,6.64437152628743,6.4838280364211505,6.598855352257606,435128000,NVDA
2018-09-24,6.572635173797607,6.576098346260093,6.398981137718912,6.48605539041362,293912000,NVDA
2018-09-25,6.639671802520752,6.664656182667533,6.553092029111985,6.638682392191445,280388000,NVDA
2018-09-26,6.602813243865967,6.68494043101475,6.586981735698912,6.644619013107843,268548000,NVDA
2018-09-27,6.614687442779541,6.65921421048837,6.583271659484446,6.6379402369663145,214428000,NVDA
2018-09-28,6.951605319976807,6.973868701782201,6.718582458478351,6.746535538948417,709396000,NVDA
2018-10-01,7.1579108238220215,7.224700480008055,6.990688269262388,7.02927808954538,622060000,NVDA
2018-10-02,7.086668968200684,7.2420172061980805,7.064405589517653,7.130453550034417,383964000,NVDA
2018-10-03,7.092854022979736,7.164343983919293,6.98895840006214,7.156922699488836,320552000,NVDA
2018-10-04,6.908810138702393,7.08097977620803,6.831877717918174,7.056737575588032,391220000,NVDA
2018-10-05,6.675539016723633,6.946162256589947,6.618148985182396,6.884072409171846,426636000,NVDA
2018-10-08,6.57436466217041,6.707697231251956,6.43361080939942,6.592422694508517,408612000,NVDA
2018-10-09,6.568675994873047,6.648328942870429,6.50089644123862,6.5538334262312885,273500000,NVDA
2018-10-10,6.077645301818848,6.5085648156203355,6.075418775025503,6.462800937723825,684940000,NVDA
2018-10-11,5.816422462463379,6.123903989627401,5.794901256217261,5.990570932922012,725436000,NVDA
2018-10-12,6.0986714363098145,6.1728828608288815,5.9282333853283555,6.073192591043174,608236000,NVDA
2018-10-15,5.822607040405273,6.0853145876937855,5.821617630090751,6.0853145876937855,449760000,NVDA
2018-10-16,6.081109046936035,6.092240738309164,5.885933831894159,5.935160414186905,408712000,NVDA
2018-10-17,6.0125861167907715,6.1812930397813375,5.963606778855773,6.143197684617434,329668000,NVDA
2018-10-18,5.925264835357666,6.120192798270936,5.86490656711467,6.0818506761808315,524020000,NVDA
2018-10-19,5.668989181518555,5.999970717753412,5.6326258798969935,5.980428804861731,613608000,NVDA
2018-10-22,5.719699859619141,5.821121713091837,5.61704136141607,5.721184210752967,368844000,NVDA
2018-10-23,5.468372821807861,5.5457997249829,5.360766308179031,5.452788075499012,626436000,NVDA
2018-10-24,4.932816028594971,5.4765364745777125,4.918963338483547,5.4300308801116834,884288000,NVDA
2018-10-25,5.141348361968994,5.188596121781388,4.791071657561693,4.835351186645003,951720000,NVDA
2018-10-26,4.905109405517578,5.067136769292304,4.777218817229926,4.905603874712344,664784000,NVDA
2018-10-29,4.591691493988037,5.049574268414846,4.353968323409663,5.0461110963584925,758016000,NVDA
2018-10-30,5.021620750427246,5.031515796486237,4.5916910961498605,4.614696653597426,807192000,NVDA
2018-10-31,5.215310573577881,5.258847914400886,5.0466036727772545,5.186120856673454,745772000,NVDA
2018-11-01,5.395396709442139,5.404796812303259,5.125267959235983,5.251674171032682,566528000,NVDA
2018-11-02,5.316487789154053,5.491626176770276,5.199976098731876,5.385998944865753,452960000,NVDA
2018-11-05,5.238564968109131,5.326629086762901,5.078021475818935,5.303375822452559,379332000,NVDA
2018-11-06,5.221001625061035,5.314754966188575,5.183895675237758,5.230648964413517,299012000,NVDA
2018-11-07,5.2885332107543945,5.3780812001815415,5.223969597297446,5.287543800590485,483812000,NVDA
2018-11-08,5.095583915710449,5.230153117792413,5.042151527072607,5.229410942305845,511352000,NVDA
2018-11-09,5.087667942047119,5.1779581003272765,4.973135585180833,5.0067778873565185,413240000,NVDA
2018-11-12,4.68865966796875,5.018404526043291,4.666890758660313,4.996388382167304,617116000,NVDA
2018-11-13,4.930340766906738,5.051552240335643,4.780186805114317,4.786371444308816,644712000,NVDA
2018-11-14,4.8778977394104,5.117599665092707,4.770044494083222,5.1032520397163585,526580000,NVDA
2018-11-15,5.006531238555908,5.078516139035172,4.836092709345151,4.871961542286755,840708000,NVDA
2018-11-16,4.0675129890441895,4.221624597657671,3.9977541439452753,4.040054850732546,1963520000,NVDA
2018-11-19,3.579451084136963,4.002949103971042,3.577719498242671,4.002207400149291,1697820000,NVDA
2018-11-20,3.6877987384796143,3.815936547258066,3.2976956142785774,3.3162483512074563,1692032000,NVDA
2018-11-21,3.579698324203491,3.8416636793208245,3.5524876549787154,3.824842525477642,1025496000,NVDA
2018-11-23,3.58687162399292,3.7004145730867912,3.532202822863743,3.5450660979424735,411968000,NVDA
2018-11-26,3.7860047817230225,3.7963942952430196,3.625461319468034,3.707835723938029,814832000,NVDA
2018-11-27,3.8028266429901123,3.8839641820689237,3.7241628654717807,3.7600314644551864,738060000,NVDA
2018-11-28,3.959658622741699,3.9648533793306,3.787983477109452,3.920326624670497,804524000,NVDA
2018-11-29,3.896516799926758,3.999030540692202,3.866307468648602,3.961887935753284,549172000,NVDA
2018-11-30,4.046819686889648,4.057467075873948,3.8559060609465217,3.9061725146944575,729564000,NVDA
2018-12-03,4.21049690246582,4.325391841975348,4.143639921140175,4.273887246491347,890804000,NVDA
2018-12-04,3.8903257846832275,4.170876782974731,3.875220885459031,4.16592431054446,812112000,NVDA
2018-12-06,3.9195446968078613,3.924496933073557,3.734326431991942,3.749926295027175,692308000,NVDA
2018-12-07,3.6550891399383545,3.9339071020600067,3.605813306355245,3.9237546735982303,681676000,NVDA
2018-12-10,3.760326385498047,3.785088276464206,3.6065555573984267,3.6102699118874186,629472000,NVDA
2018-12-11,3.6694514751434326,3.8601172265160715,3.5904612668197795,3.8519458337980024,671912000,NVDA
2018-12-12,3.687032699584961,3.783108383838456,3.5860045411823034,3.6751469505445433,654136000,NVDA
2018-12-13,3.686784029006958,3.7979645890058,3.6508795452886424,3.733831576682287,471384000,NVDA
2018-12-14,3.626366138458252,3.7288798926207596,3.6028423596443613,3.6451849253624107,471820000,NVDA
2018-12-17,3.5552988052368164,3.6684601640487577,3.4973561485793327,3.5964034794123507,662868000,NVDA
2018-12-18,3.638498544692993,3.722440974942913,3.5718892969335556,3.5991271888681555,564372000,NVDA
2018-12-19,3.4297571182250977,3.65830863146097,3.378252525253978,3.604823001780598,745364000,NVDA
2018-12-20,3.3453190326690674,3.511223101443563,3.2856430548572284,3.4213377937059306,749588000,NVDA
2018-12-21,3.2083868980407715,3.4047480590699566,3.1809012804141465,3.371814767092615,863740000,NVDA
2018-12-24,3.1467294692993164,3.2185386771140743,3.0828439351668155,3.132120004078285,463840000,NVDA
2018-12-26,3.295795440673828,3.2967858408120705,3.081853425117454,3.19278626959552,695100000,NVDA
2018-12-27,3.248004913330078,3.277966760350411,3.0996817507019645,3.2435478766439565,637044000,NVDA
2018-12-28,3.309414863586426,3.402024141408632,3.2267105335135886,3.268557898708085,628728000,NVDA
2018-12-31,3.3057007789611816,3.385185954618849,3.274996007369128,3.352748100528841,465140000,NVDA
2019-01-02,3.373051881790161,3.4290135007628106,3.220271688741212,3.234881152570605,508752000,NVDA
2019-01-03,3.169262409210205,3.34680449917898,3.161833936081145,3.3128808158221736,705552000,NVDA
2019-01-04,3.3723089694976807,3.410441967558925,3.2116048783493887,3.242309404030075,585620000,NVDA
2019-01-07,3.550842523574829,3.587737650937453,3.3782526351098423,3.429509747750952,709160000,NVDA
2019-01-08,3.462442398071289,3.634537066324582,3.389890270266063,3.6323083116588215,786016000,NVDA
2019-01-09,3.5305373668670654,3.577832398815382,3.463185196648294,3.513699147202186,617260000,NVDA
2019-01-10,3.596156597137451,3.604823190418427,3.4508048397329176,3.5112237468369347,523156000,NVDA
2019-01-11,3.6852986812591553,3.708079538497349,3.546137301225491,3.5738703955257685,874764000,NVDA
2019-01-14,3.7251646518707275,3.7504217433238005,3.6095270582266896,3.633050831449988,730168000,NVDA
2019-01-15,3.7110507488250732,3.797221699312551,3.6927269296751715,3.7578503426020893,617012000,NVDA
2019-01-16,3.6855459213256836,3.771221671354495,3.6800984845296334,3.7382886240345203,470104000,NVDA
2019-01-17,3.7568602561950684,3.796726816295886,3.6253750649879635,3.652613195956674,493436000,NVDA
2019-01-18,3.885869026184082,3.911869037587816,3.7551267594139857,3.806631345995397,651336000,NVDA
2019-01-22,3.6838126182556152,3.867297583177716,3.653603289208936,3.8556595552286868,661552000,NVDA
2019-01-23,3.696688652038574,3.8276786281555033,3.6654889238183594,3.7390314439548784,591020000,NVDA
2019-01-24,3.908402681350708,3.9259833480829425,3.776422286838493,3.7811270421483245,708972000,NVDA
2019-01-25,3.965601921081543,3.9836780228449444,3.7464601814829033,3.8489739187978556,1154572000,NVDA
2019-01-28,3.4173762798309326,3.5072616022722207,3.2437962272716665,3.3812240707918275,2511528000,NVDA
2019-01-29,3.2586522102355957,3.4196040207088623,3.2440427472905946,3.3713183594934417,1153932000,NVDA
2019-01-30,3.4020233154296875,3.4163850611148643,3.255185759523989,3.3346711511975444,974228000,NVDA
2019-01-31,3.5595083236694336,3.59516532462294,3.37701376428753,3.3988042193554775,842852000,NVDA
2019-02-01,3.583775281906128,3.6347846721896735,3.5305376091747194,3.5780801263534454,625048000,NVDA
2019-02-04,3.693964958190918,3.7311075595030876,3.577584445320874,3.5996223824688434,528592000,NVDA
2019-02-05,3.7130320072174072,3.7496794138921903,3.6721750452817186,3.7058510150750936,542424000,NVDA
2019-02-06,3.788555145263672,3.852935876807486,3.740764914745462,3.746212351620541,702464000,NVDA
2019-02-07,3.650383234024048,3.744478070671639,3.6075454874745083,3.7422495528732123,637120000,NVDA
2019-02-08,3.6689562797546387,3.679603673198839,3.5689185302913784,3.583280279029312,461604000,NVDA
2019-02-11,3.626366138458252,3.679108616026563,3.5780804623511124,3.6248803018242413,495180000,NVDA
2019-02-12,3.7432403564453125,3.758840455010406,3.6503836277041213,3.664745608215041,591060000,NVDA
2019-02-13,3.7855842113494873,3.858631544117865,3.759088997041317,3.7727080633310974,605372000,NVDA
2019-02-14,3.8264410495758057,3.8546695815008256,3.741507971816293,3.784593687951043,827264000,NVDA
2019-02-15,3.8960213661193848,4.057715641424069,3.873240509966178,4.0349350214177715,1516748000,NVDA
2019-02-19,3.878688097000122,3.959164132900291,3.8663073863818664,3.885373888543268,551892000,NVDA
2019-02-20,3.9259824752807617,3.9930869169133465,3.8967637858350845,3.9079063763054944,540988000,NVDA
2019-02-21,3.857145309448242,3.9631256834479633,3.8425358444025264,3.938611744491741,448548000,NVDA
2019-02-22,3.941831111907959,3.960650134003871,3.895278992952339,3.908898059387055,401740000,NVDA
2019-02-25,3.929450273513794,4.0926304027463685,3.9207834448772534,4.025278463314607,656020000,NVDA
2019-02-26,3.8900787830352783,3.9807070143369634,3.856650296415104,3.924745387991044,488464000,NVDA
2019-02-27,3.8482308387756348,3.9022114203693636,3.791278584709584,3.875716447675701,500256000,NVDA
2019-02-28,3.8236918449401855,3.86434317592044,3.8013834557961195,3.8420345503860722,324944000,NVDA
2019-03-01,3.8779754638671875,3.9201136810041977,3.815263493934576,3.8735135978621438,357188000,NVDA
2019-03-04,3.886155843734741,3.9392006420677186,3.829640599606062,3.916396307522011,409992000,NVDA
2019-03-05,3.8797121047973633,3.917884417795232,3.816256426001872,3.870540632171086,362924000,NVDA
2019-03-06,3.768911600112915,3.8792150871425233,3.766185074620006,3.8707875372597664,403524000,NVDA
2019-03-07,3.6997556686401367,3.7550315283201217,3.6536512809246053,3.745364345836841,450104000,NVDA
2019-03-08,3.7339608669281006,3.744619466373364,3.5892028132188467,3.6105200121093732,422416000,NVDA
2019-03-11,3.9942281246185303,4.017032220525099,3.7104132468627493,3.7575092789922193,859728000,NVDA
2019-03-12,4.028434753417969,4.074786629138914,3.9458927102492316,4.021989809263708,579576000,NVDA
2019-03-13,4.179637432098389,4.208886474846685,4.058427367884118,4.065863733470836,768900000,NVDA
2019-03-14,4.103787899017334,4.200706488078726,4.096103797162113,4.188808493413833,519384000,NVDA
2019-03-15,4.209134578704834,4.251768511099473,4.143447866293532,4.146918075590544,661484000,NVDA
2019-03-18,4.187816143035889,4.294401651809758,4.1607976876526935,4.2406129507633255,486992000,NVDA
2019-03-19,4.355381011962891,4.399750539064013,4.265403272215883,4.282258378458766,854972000,NVDA
2019-03-20,4.322908401489258,4.437673521455852,4.2882058347189105,4.3843807498112275,719148000,NVDA
2019-03-21,4.559378147125244,4.585652922155928,4.341002262962438,4.3459598390483,824312000,NVDA
2019-03-22,4.399747848510742,4.5806951113483825,4.385867014405987,4.532112191981738,747644000,NVDA
2019-03-25,4.3075408935546875,4.423297453120556,4.241358694459646,4.359098568846415,525212000,NVDA
2019-03-26,4.384133338928223,4.505095202851292,4.3278658277383935,4.4490759014802626,703508000,NVDA
2019-03-27,4.374961853027344,4.4560163056173785,4.305557660121188,4.409664422261027,474372000,NVDA
2019-03-28,4.393551826477051,4.459238062152531,4.340506796604897,4.400987718648294,480264000,NVDA
2019-03-29,4.450811386108398,4.475103328561793,4.40991255062805,4.460230594950168,456896000,NVDA
2019-04-01,4.5182318687438965,4.548472328288547,4.470888101591923,4.542523331173803,483824000,NVDA
2019-04-02,4.536078929901123,4.580448440193339,4.499393994882644,4.542276137523133,440920000,NVDA
2019-04-03,4.675384044647217,4.734378080160501,4.5806964924996185,4.585654069826234,783504000,NVDA
2019-04-04,4.666460990905762,4.708847191535176,4.603749006002984,4.660016045538845,457376000,NVDA
2019-04-05,4.7331390380859375,4.750490560887049,4.673154046983878,4.709591252026839,481744000,NVDA
2019-04-08,4.753961086273193,4.77899624193223,4.678607409436,4.702651143996761,424192000,NVDA
2019-04-09,4.691248893737793,4.731652256662603,4.649110425769231,4.72049794241267,439972000,NVDA
2019-04-10,4.761643409729004,4.787422242324242,4.686042489364285,4.690504119471046,444772000,NVDA
2019-04-11,4.747763156890869,4.795602881676551,4.698436537073652,4.764122784482669,374600000,NVDA
2019-04-12,4.709837913513184,4.790396881960387,4.701162390484168,4.7864307259554595,471708000,NVDA
2019-04-15,4.578217029571533,4.70711118439683,4.538557362360754,4.7021536078003505,440092000,NVDA
2019-04-16,4.665220737457275,4.684059151396104,4.584662240587354,4.61738149157994,394964000,NVDA
2019-04-17,4.642416477203369,4.720992129672078,4.62010785478453,4.700170874822639,351004000,NVDA
2019-04-18,4.617877006530762,4.683067772083667,4.590115332177181,4.649109362959098,380988000,NVDA
2019-04-22,4.671665668487549,4.687281610127979,4.562849551023288,4.59432917131352,279936000,NVDA
2019-04-23,4.726197719573975,4.757430076453827,4.675136000252518,4.684802944457456,346856000,NVDA
2019-04-24,4.738592147827148,4.779243243282639,4.675880163403559,4.736608833155228,318204000,NVDA
2019-04-25,4.632997989654541,4.7207451253797705,4.553430904050099,4.698436499498399,499296000,NVDA
2019-04-26,4.414373397827148,4.483778057349987,4.295642123758112,4.479315954390358,868988000,NVDA
2019-04-29,4.445109844207764,4.472871519131866,4.350174087910344,4.422305273533989,391920000,NVDA
2019-04-30,4.486504554748535,4.512035177805658,4.39379985128873,4.412886002523264,362920000,NVDA
2019-05-01,4.473369121551514,4.580946124477476,4.4731209116617086,4.538807649680459,354280000,NVDA
2019-05-02,4.540788650512695,4.582431161421947,4.439904372692867,4.4830342512147485,394684000,NVDA
2019-05-03,4.5363264083862305,4.559130502393794,4.474853598350998,4.5492158228019575,336824000,NVDA
2019-05-06,4.458000183105469,4.470145918397513,4.312994098026153,4.350174987888833,422176000,NVDA
2019-05-07,4.290934085845947,4.409665396696584,4.242846614260101,4.409665396696584,555220000,NVDA
2019-05-08,4.311010360717773,4.391073385860817,4.251520854734579,4.263418850487332,419168000,NVDA
2019-05-09,4.218553066253662,4.2517682624256565,4.099822273281469,4.2421013189180234,660248000,NVDA
2019-05-10,4.184596061706543,4.253257055607763,4.0651210721329365,4.187818534882726,569500000,NVDA
2019-05-13,3.9275505542755127,4.075778844553139,3.911686638804407,4.052726536980217,656912000,NVDA
2019-05-14,4.016537666320801,4.05173571178523,3.9285425526597293,3.967210571591715,524880000,NVDA
2019-05-15,3.9555609226226807,3.991998127407538,3.9017724315499462,3.961013974653153,502320000,NVDA
2019-05-16,3.970679759979248,4.013314161077269,3.9077202882386697,3.9501064795673853,781088000,NVDA
2019-05-17,3.8799593448638916,4.05793241263566,3.84054764233292,3.928790492286999,1022068000,NVDA
2019-05-20,3.7614760398864746,3.8363337612673276,3.7366886241269976,3.7813058779379296,572064000,NVDA
2019-05-21,3.8435215950012207,3.8593855113872992,3.7835363753950677,3.8222046272629533,361848000,NVDA
2019-05-22,3.772629499435425,3.8308796059783496,3.761722925502517,3.8048530380730843,325868000,NVDA
2019-05-23,3.651668071746826,3.7104138991528792,3.591930587012482,3.7104138991528792,591844000,NVDA
2019-05-24,3.59787917137146,3.705703868653798,3.591186489834491,3.6705058291125585,357584000,NVDA
2019-05-28,3.5527663230895996,3.648197553821421,3.55078324499088,3.6154783017294005,428356000,NVDA
2019-05-29,3.478652238845825,3.5401245858320607,3.4439499092198114,3.5051745191916663,559800000,NVDA
2019-05-30,3.4521000385284424,3.5176132426818305,3.413883923885589,3.481878746174516,394300000,NVDA
2019-05-31,3.3615224361419678,3.470462996970709,3.3597853510032443,3.403212716131436,389720000,NVDA
2019-06-03,3.319833278656006,3.411402775871238,3.2905508432696378,3.372690379598396,478644000,NVDA
2019-06-04,3.5486323833465576,3.553843638882873,3.361770770092565,3.3838566011741076,641836000,NVDA
2019-06-05,3.5059494972229004,3.627794187677335,3.469718728804367,3.6223346757717674,511616000,NVDA
2019-06-06,3.567988872528076,3.592556323518667,3.507686925854797,3.5101685439330685,408140000,NVDA
2019-06-07,3.6106717586517334,3.644917189289571,3.554836534431191,3.5739447099018427,348856000,NVDA
2019-06-10,3.6833810806274414,3.751872169648638,3.666754525432909,3.666754525432909,402780000,NVDA
2019-06-11,3.740952968597412,3.780906161129714,3.7014962889274483,3.7431863298375854,383872000,NVDA
2019-06-12,3.628042221069336,3.7037299087080866,3.612904730873607,3.6975258640966544,358892000,NVDA
2019-06-13,3.67916202545166,3.6975254273481823,3.632508514792754,3.6501276207519027,308080000,NVDA
2019-06-14,3.5893309116363525,3.6104241963239807,3.5446629603320967,3.586104996798566,394428000,NVDA
2019-06-17,3.599008321762085,3.6359836257979934,3.564762655565564,3.587593020809871,276040000,NVDA
2019-06-18,3.7938103675842285,3.849149070172521,3.6493835766947877,3.6603023633506604,581920000,NVDA
2019-06-19,3.799766778945923,3.840464274972169,3.773710261901939,3.8290492102307088,331644000,NVDA
2019-06-20,3.8240859508514404,3.9042403700145063,3.8096929917731086,3.890343687227134,350168000,NVDA
2019-06-21,3.766017198562622,3.858331447746775,3.759565133744916,3.809196547210423,434428000,NVDA
2019-06-24,3.78835129737854,3.817881983735955,3.7402089492520556,3.7873587448378245,282948000,NVDA
2019-06-25,3.7590689659118652,3.868257794693554,3.7563393280233672,3.793314632724528,311868000,NVDA
2019-06-26,3.952134847640991,4.013181570562658,3.873469486368051,3.886373617827231,584072000,NVDA
2019-06-27,4.0506510734558105,4.0697590054385415,4.001764208089538,4.037746947876291,445440000,NVDA
2019-06-28,4.07546854019165,4.103758420847202,4.02881525208753,4.094576480462772,397668000,NVDA
2019-07-01,4.12360954284668,4.316674934254186,4.086137734084276,4.282429275559038,709756000,NVDA
2019-07-02,4.025836944580078,4.128077436863435,4.012684794144779,4.106983918882038,400228000,NVDA
2019-07-03,4.038740158081055,4.05487043601337,3.9789347351642497,4.049162668133274,246636000,NVDA
2019-07-05,3.976205587387085,3.984891013500101,3.9129255133405683,3.980424290544868,396552000,NVDA
2019-07-08,3.9012627601623535,3.9355084299977956,3.8712360307581113,3.916648509604952,329788000,NVDA
2019-07-09,3.9037442207336426,3.9317858436962787,3.846420165710537,3.8590760398522117,342860000,NVDA
2019-07-10,3.9719860553741455,4.029309855757994,3.933273675640064,3.947170354520997,452076000,NVDA
2019-07-11,4.126339435577393,4.1670369236067675,4.007720668204289,4.044943986198475,682560000,NVDA
2019-07-12,4.1593451499938965,4.2303181080214305,4.154133893564071,4.154133893564071,506392000,NVDA
2019-07-15,4.150906562805176,4.196567285208484,4.12261716355152,4.180437480835474,289840000,NVDA
2019-07-16,4.146193504333496,4.173242342434457,4.090606288986848,4.1360190100675105,341444000,NVDA
2019-07-17,4.2114577293396,4.218406070489946,4.1186472030368435,4.147929633119086,348204000,NVDA
2019-07-18,4.223119258880615,4.285902799249958,4.1652989527403275,4.221878686983386,442192000,NVDA
2019-07-19,4.179941654205322,4.267788943467835,4.17398586566886,4.261337115323473,344896000,NVDA
2019-07-22,4.2514119148254395,4.26431604829374,4.193839590634533,4.201284446861759,315940000,NVDA
2019-07-23,4.359109878540039,4.361094983373158,4.274984789744258,4.290619028595652,428176000,NVDA
2019-07-24,4.433557033538818,4.439264802250148,4.32635378692082,4.402289498828608,366236000,NVDA
2019-07-25,4.302530765533447,4.404771252642297,4.279204123683019,4.392115142493998,392700000,NVDA
2019-07-26,4.344468116760254,4.3911213876879325,4.329578885751874,4.329578885751874,274160000,NVDA
2019-07-29,4.338266372680664,4.354396656712668,4.250171043457255,4.337273819917522,248160000,NVDA
2019-07-30,4.353899002075195,4.366058598546031,4.277466779509722,4.291859974102234,197772000,NVDA
2019-07-31,4.186890602111816,4.32337677198391,4.144704036634304,4.322383745983711,359416000,NVDA
2019-08-01,4.092590808868408,4.2876413418581345,4.040477778383073,4.197312436118388,421212000,NVDA
2019-08-02,4.000027656555176,4.0692635084057995,3.9526300865301973,4.000027656555176,428348000,NVDA
2019-08-05,3.741945505142212,3.8178812021442226,3.6950439756233027,3.8166403933922854,589156000,NVDA
2019-08-06,3.7806577682495117,3.862052978983206,3.733011941311789,3.816640513205052,361272000,NVDA
2019-08-07,3.8188741207122803,3.8307856965451412,3.702488946544037,3.7198597974168814,372560000,NVDA
2019-08-08,3.927319049835205,3.9285598589107837,3.8191230070421525,3.876447061037143,309300000,NVDA
2019-08-09,3.82607102394104,3.889847137722322,3.775695315714958,3.8863729672694967,341816000,NVDA
2019-08-12,3.7583250999450684,3.826071671908554,3.736487284357438,3.773958869630453,279200000,NVDA
2019-08-13,3.872476100921631,3.918385086800619,3.717875040369741,3.7568354485894377,351956000,NVDA
2019-08-14,3.724078893661499,3.795547882888534,3.6804035054272526,3.784380838530552,419880000,NVDA
2019-08-15,3.691819429397583,3.7627921588850644,3.6575739922749193,3.742939683549572,477200000,NVDA
2019-08-16,3.9595789909362793,4.0087136529243805,3.8930730035786243,3.954367735321479,1007960000,NVDA
2019-08-19,4.238010883331299,4.253893147176015,4.056608971617907,4.072739255318222,815112000,NVDA
2019-08-20,4.165796756744385,4.233047039437114,4.144703241392675,4.23255052653228,463188000,NVDA
2019-08-21,4.249176979064941,4.304267667180546,4.210216571039822,4.2318061266537566,427244000,NVDA
2019-08-22,4.2553815841674805,4.301290336647535,4.216172680040969,4.25885575491386,303488000,NVDA
2019-08-23,4.031047344207764,4.233294687427818,4.011194876201635,4.178948538511534,568056000,NVDA
2019-08-26,4.105743408203125,4.133785268218952,4.067527528758819,4.1097140920359,318208000,NVDA
2019-08-27,4.015164375305176,4.146686759572827,3.985881958130712,4.143957122941314,290968000,NVDA
2019-08-28,4.00473165512085,4.057392782573672,3.949586454115993,3.9888341529341274,255612000,NVDA
2019-08-29,4.148309230804443,4.180601248407322,4.092667010059698,4.096144619244449,357976000,NVDA
2019-08-30,4.160977840423584,4.244192678295925,4.14284452290001,4.194512135644787,290616000,NVDA
2019-09-03,4.078010559082031,4.1212324007118895,4.055157838265876,4.088195119488883,296140000,NVDA
2019-09-04,4.192028522491455,4.199480746845919,4.138622099089851,4.138622099089851,227728000,NVDA
2019-09-05,4.464772701263428,4.470982649442789,4.292381848684692,4.29412065312646,695676000,NVDA
2019-09-06,4.43769645690918,4.498306344795361,4.399691025904709,4.4414223309170975,376976000,NVDA
2019-09-09,4.483652114868164,4.570096305349643,4.467257600537183,4.468748140146039,417524000,NVDA
2019-09-10,4.550222396850586,4.576800991316352,4.441173784814077,4.450861340895248,352812000,NVDA
2019-09-11,4.57879114151001,4.626981157899907,4.535817540886716,4.564880699465734,361512000,NVDA
2019-09-12,4.577300071716309,4.679890043704751,4.569351316295376,4.625241817173387,327840000,NVDA
2019-09-13,4.5194220542907715,4.5477399368594575,4.475703193108127,4.510728029877859,324592000,NVDA
2019-09-16,4.4764485359191895,4.5109763688048865,4.433971948267542,4.4444047777332525,231832000,NVDA
2019-09-17,4.497810363769531,4.502033242595779,4.43670346411562,4.48315465741563,223048000,NVDA
2019-09-18,4.470734596252441,4.506504699218102,4.38429089143522,4.490855456841406,258152000,NVDA
2019-09-19,4.39522123336792,4.495078856815174,4.384539664785912,4.4766967988047615,245476000,NVDA
2019-09-20,4.289649486541748,4.4178249719627845,4.279465397875577,4.394226976885047,350244000,NVDA
2019-09-23,4.343056678771973,4.388514346249962,4.286172646537439,4.289898995536494,249712000,NVDA
2019-09-24,4.285677433013916,4.403916678832423,4.2501560535645995,4.3743569858250355,317268000,NVDA
2019-09-25,4.427264213562012,4.4468880685788506,4.240465903650763,4.28517829278737,308432000,NVDA
2019-09-26,4.405157089233398,4.42627148742333,4.354234742031431,4.417577462812419,234564000,NVDA
2019-09-27,4.266549587249756,4.4141002265778075,4.205939201389443,4.36342614042172,362056000,NVDA
2019-09-30,4.323930263519287,4.3341148288361575,4.261084540293746,4.292383506119842,186184000,NVDA
2019-10-01,4.3221893310546875,4.496070704367189,4.317469922551285,4.347029594926277,366008000,NVDA
2019-10-02,4.298343658447266,4.312254094391925,4.226058665558821,4.3003307282140195,293372000,NVDA
2019-10-03,4.503771781921387,4.5099817302570395,4.272509837768459,4.302814783628945,450588000,NVDA
2019-10-04,4.520165920257568,4.54947732882906,4.440925716255937,4.506006746476185,265524000,NVDA
2019-10-07,4.57879114151001,4.678400045629442,4.576307066317975,4.585001092595648,480984000,NVDA
2019-10-08,4.402423858642578,4.487128752025181,4.384290543295214,4.487128752025181,444436000,NVDA
2019-10-09,4.488867282867432,4.538299551257255,4.450365319380643,4.47917972567834,292412000,NVDA
2019-10-10,4.546497821807861,4.5974201696329065,4.481416769097177,4.486633183927551,309124000,NVDA
2019-10-11,4.620023727416992,4.703238074504034,4.6115779705609174,4.6304565539608475,446404000,NVDA
2019-10-14,4.6334381103515625,4.65430376772576,4.5802799580793065,4.611330178825796,200040000,NVDA
2019-10-15,4.877865314483643,4.950399059227821,4.709697305752132,4.723608217939063,664124000,NVDA
2019-10-16,4.824211597442627,4.948661245793435,4.81278523129635,4.843835458595036,428944000,NVDA
2019-10-17,4.826198101043701,4.913635344117551,4.771797674871035,4.868674685329174,263436000,NVDA
2019-10-18,4.731804370880127,4.859234576136827,4.657532308727944,4.826693821535992,307440000,NVDA
2019-10-21,4.868923187255859,4.882337095465651,4.774281981387723,4.793160569496206,261868000,NVDA
2019-10-22,4.858986854553223,5.030880725953008,4.851286366161707,4.92580670192421,328720000,NVDA
2019-10-23,4.846070289611816,4.860228993304525,4.745219137599581,4.7770146283676835,279916000,NVDA
2019-10-24,4.8900370597839355,4.92357087913144,4.853273422604732,4.887304246339131,232020000,NVDA
2019-10-25,5.080810070037842,5.101675728362133,4.962819131070851,4.970519620279404,423092000,NVDA
2019-10-28,5.13670015335083,5.18911256029062,5.095216631561461,5.124528046514247,330792000,NVDA
2019-10-29,5.040567874908447,5.12924737996355,5.021192759747854,5.122788692384218,211236000,NVDA
2019-10-30,5.042555809020996,5.073109500042547,4.974493681436007,5.067396081111445,205960000,NVDA
2019-10-31,4.993372440338135,5.042555981770884,4.913635680625914,5.021690323064044,209732000,NVDA
2019-11-01,5.032371520996094,5.064663541790093,4.933010436546448,4.958098972971242,283640000,NVDA
2019-11-04,5.228855133056641,5.241275501231398,5.090247330262,5.1133483148687064,376716000,NVDA
2019-11-05,5.206748962402344,5.254690221348743,5.158807229667227,5.228608152456501,300868000,NVDA
2019-11-06,5.157566547393799,5.208240156857396,5.070128820646721,5.182655086783872,269012000,NVDA
2019-11-07,5.175202369689941,5.2586654740785965,5.130489975417849,5.244009765902245,280340000,NVDA
2019-11-08,5.161290645599365,5.192837863322895,5.120801140764416,5.158310041158445,189100000,NVDA
2019-11-11,5.171228408813477,5.194329402705062,5.074351393267429,5.16054684051113,243436000,NVDA
2019-11-12,5.206748962402344,5.262639448449089,5.174456471002572,5.209481301935524,283504000,NVDA
2019-11-13,5.180915832519531,5.203023290736433,5.114592510291266,5.17545067895377,300188000,NVDA
2019-11-14,5.2112202644348145,5.213456073459919,5.129992976686992,5.189857604309165,518080000,NVDA
2019-11-15,5.072115898132324,5.260652561120242,4.983932909683737,5.208984947465319,1053628000,NVDA
2019-11-18,5.273073673248291,5.29965227975907,5.061683778986319,5.064664384597203,574588000,NVDA
2019-11-19,5.166508197784424,5.2656205425735925,5.108382371167746,5.242022545733795,414564000,NVDA
2019-11-20,5.245748996734619,5.329460373239897,5.130987396550761,5.143656035633732,472588000,NVDA
2019-11-21,5.220908164978027,5.296919043773521,5.199297238139873,5.241277291468851,288388000,NVDA
2019-11-22,5.238545894622803,5.289964776940032,5.214947419676877,5.2435135706950815,224100000,NVDA
2019-11-25,5.494894981384277,5.499863129910593,5.3535543301950135,5.366471232090203,506476000,NVDA
2019-11-26,5.390318393707275,5.481978514484049,5.383859705352823,5.47725863087291,385244000,NVDA
2019-11-27,5.425118923187256,5.470112747755643,5.3987691633811155,5.435808370317738,215784000,NVDA
2019-11-29,5.387832164764404,5.422633919033561,5.363967833757931,5.3942956186363,141556000,NVDA
2019-12-02,5.201641082763672,5.3942948425342525,5.18647766664446,5.38087103973987,372036000,NVDA
2019-12-03,5.162116050720215,5.166093122255287,4.980897571567401,5.018185224969009,465232000,NVDA
2019-12-04,5.205868244171143,5.268014509863485,5.177281018849271,5.245641816283171,273424000,NVDA
2019-12-05,5.188964366912842,5.243404457640698,5.15838813326808,5.227743668078507,184884000,NVDA
2019-12-06,5.274227619171143,5.307041305159171,5.248126308412968,5.258069935828416,232236000,NVDA
2019-12-09,5.274227619171143,5.328916621679605,5.242657597817423,5.251358034736814,211880000,NVDA
2019-12-10,5.319222927093506,5.370928661542184,5.251607480586127,5.304307483137535,256388000,NVDA
2019-12-11,5.402746677398682,5.408215862705567,5.327177092503382,5.329662999617729,233796000,NVDA
2019-12-12,5.57004451751709,5.588191212847948,5.364962157672717,5.373911044033196,404348000,NVDA
2019-12-13,5.568057537078857,5.692101634976411,5.51411433295875,5.573029352729624,454704000,NVDA
2019-12-16,5.596890926361084,5.66922924985056,5.5874446701416876,5.615534990360436,320976000,NVDA
2019-12-17,5.674949645996094,5.697570792593448,5.606091463685457,5.615537724504134,321196000,NVDA
2019-12-18,5.705275535583496,5.765681710318968,5.70129798892131,5.709749979241984,343548000,NVDA
2019-12-19,5.853183746337891,5.86660755208629,5.734857298669903,5.739829113698079,445360000,NVDA
2019-12-20,5.950378894805908,5.975734385172872,5.9004132593766325,5.919554219903856,603044000,NVDA
2019-12-23,5.936708450317383,6.011035330842272,5.9260194747075206,5.978967929874309,355060000,NVDA
2019-12-24,5.931735038757324,5.948887464129337,5.886989663723944,5.921294514467969,138864000,NVDA
2019-12-26,5.945905685424805,5.973995536815829,5.91632372070032,5.935216236710832,182852000,NVDA
2019-12-27,5.888233661651611,5.974492697227238,5.861883424733075,5.961068893221164,254644000,NVDA
2019-12-30,5.77512788772583,5.871579007150527,5.743806308417609,5.86635874393249,258056000,NVDA
2019-12-31,5.849205017089844,5.85865127331278,5.720686527252954,5.739827488138359,231004000,NVDA
2020-01-02,5.963803768157959,5.963803768157959,5.884505550296847,5.934968095675587,237536000,NVDA
2020-01-03,5.868347644805908,5.912098763641108,5.819376262428301,5.8442348634514465,205384000,NVDA
2020-01-06,5.8929572105407715,5.898177473983396,5.749026818972195,5.775128136185318,262636000,NVDA
2020-01-07,5.964300632476807,6.010040281790685,5.876301509096684,5.921295338837738,314856000,NVDA
2020-01-08,5.975486755371094,6.01675195985036,5.920052401950536,5.960074415808599,277108000,NVDA
2020-01-09,6.041114330291748,6.11345267607093,5.987420054256741,6.061746936440658,255112000,NVDA
2020-01-10,6.073429107666016,6.178580656241072,6.059259958542958,6.148253347803174,316296000,NVDA
2020-01-13,6.263845443725586,6.288952489506994,6.133835297475145,6.156456910250187,319840000,NVDA
2020-01-14,6.1470112800598145,6.246445205302498,6.133835923434662,6.221089234322224,359088000,NVDA
2020-01-15,6.104503154754639,6.182061762177155,6.0786502856138,6.15968906872303,263104000,NVDA
2020-01-16,6.188027381896973,6.193993464647111,6.134581559774977,6.157948519655376,284192000,NVDA
2020-01-17,6.196727275848389,6.214625522525774,6.149247540649398,6.207167801208955,253792000,NVDA
2020-01-21,6.163417816162109,6.196976854432715,6.129361406762414,6.160186089168899,217916000,NVDA
2020-01-22,6.21735954284668,6.303867019248585,6.189766591842113,6.208659105515355,239240000,NVDA
2020-01-23,6.285721302032471,6.294173292221765,6.168638052545545,6.25738300125643,244516000,NVDA
2020-01-24,6.226557731628418,6.450781528296051,6.172366094269509,6.401064334103999,373512000,NVDA
2020-01-27,5.971012592315674,6.021972504994483,5.772890101483585,5.922289664238681,470536000,NVDA
2020-01-28,6.164163112640381,6.196478957414824,5.983689951264804,6.036887321336886,310976000,NVDA
2020-01-29,6.103755474090576,6.185788493992577,6.063981443280998,6.1497435600909505,258848000,NVDA
2020-01-30,6.11046838760376,6.123892191463495,5.9511256737179945,6.006062657393327,290504000,NVDA
2020-01-31,5.8772969245910645,6.076662168956458,5.835534813466124,6.064730001738358,370420000,NVDA
2020-02-03,5.974245548248291,5.993634964765349,5.852935811266366,5.859150343527555,255564000,NVDA
2020-02-04,6.143282413482666,6.162423853757808,6.0659727292741294,6.115938379346584,271544000,NVDA
2020-02-05,6.233517646789551,6.274285477663795,6.1502414234516865,6.264093401410666,208220000,NVDA
2020-02-06,6.3202738761901855,6.3202738761901855,6.186784032913833,6.267822801669854,218284000,NVDA
2020-02-07,6.254150867462158,6.302376423964702,6.2287948985436135,6.2802521818150865,189752000,NVDA
2020-02-10,6.537040710449219,6.537786055878757,6.2718001514092725,6.276771965769414,529608000,NVDA
2020-02-11,6.65934419631958,6.7739420040767095,6.583277238541487,6.645175046983783,638556000,NVDA
2020-02-12,6.774936199188232,6.781399652596957,6.673264825343856,6.7120441233812835,374644000,NVDA
2020-02-13,6.731185436248779,6.7983035102749065,6.689671780436804,6.717016286330041,528016000,NVDA
2020-02-14,7.203747749328613,7.332514745918989,7.109534067011033,7.140855653553392,1041924000,NVDA
2020-02-18,7.372287273406982,7.39068289468149,7.081194275806796,7.100583691147785,620164000,NVDA
2020-02-19,7.822971343994141,7.840621144248622,7.49459070572819,7.49459070572819,694332000,NVDA
2020-02-20,7.673820972442627,7.863242571008195,7.3668182731537275,7.774994988942748,810052000,NVDA
2020-02-21,7.310140132904053,7.5868154972700355,7.225372733301837,7.561708450077723,768180000,NVDA
2020-02-24,6.793331623077393,7.006866456625877,6.662078754814775,6.716518843394687,856916000,NVDA
2020-02-25,6.514171600341797,6.930302945472241,6.412500210276758,6.868405127821072,1055496000,NVDA
2020-02-26,6.653379440307617,6.847275971235997,6.512929213052933,6.514420378343546,747732000,NVDA
2020-02-27,6.28301477432251,6.641191518128375,6.190734478134659,6.3402234247130185,906416000,NVDA
2020-02-28,6.717551231384277,6.77699866718428,6.014132526651322,6.030797544626237,1133252000,NVDA
2020-03-02,6.875746726989746,6.90460012185315,6.491950746144979,6.887437432968634,890744000,NVDA
2020-03-03,6.61358118057251,6.991158887369875,6.528265410526086,6.931462850373076,652792000,NVDA
2020-03-04,7.07672119140625,7.08617309675684,6.646163015549632,6.7207833958577385,597408000,NVDA
2020-03-05,6.797643661499023,7.044138573937588,6.753120114977706,6.877486969671298,540328000,NVDA
2020-03-06,6.617311477661133,6.675764049860248,6.417329367295338,6.618306340364054,515412000,NVDA
2020-03-09,6.104921817779541,6.45215413856938,5.924341142174752,5.967123096403663,614160000,NVDA
2020-03-10,6.493941307067871,6.493941307067871,6.118602323837332,6.381016056279252,580648000,NVDA
2020-03-11,6.130539417266846,6.382506779809828,6.033533424930338,6.354151057970355,499964000,NVDA
2020-03-12,5.380358695983887,5.873099896236231,5.367673129494751,5.607949780649273,816540000,NVDA
2020-03-13,5.990502834320068,5.994979953996098,5.462441346775268,5.733312068605224,634836000,NVDA
2020-03-16,4.885130882263184,5.623870451229937,4.825434836944395,5.28335358926961,726972000,NVDA
2020-03-17,5.404238224029541,5.493533932299811,4.750814909910553,4.99730987245585,833632000,NVDA
2020-03-18,5.044816970825195,5.221915344621923,4.494120840313374,4.977161561552436,874268000,NVDA
2020-03-19,5.297281265258789,5.390804989871851,4.810260686946355,5.023425058031686,765512000,NVDA
2020-03-20,5.117697715759277,5.7288363212727065,5.102276153075,5.447269689766438,804636000,NVDA
2020-03-23,5.290316581726074,5.384587051709071,4.937860991668966,5.116700479033214,643876000,NVDA
2020-03-24,6.197947978973389,6.284507700206213,5.672373774240404,5.696003311904587,1101644000,NVDA
2020-03-25,6.10939884185791,6.512347277962248,6.060646761736831,6.312862785818038,793432000,NVDA
2020-03-26,6.398426055908203,6.522295239784668,6.21834262205559,6.316343477852053,696108000,NVDA
2020-03-27,6.286247253417969,6.544681468954972,6.185509929720243,6.21834277196547,638828000,NVDA
2020-03-30,6.606119155883789,6.615322467118645,6.307638489346079,6.351664371055623,602252000,NVDA
2020-03-31,6.556621074676514,6.850126943033816,6.411111600364291,6.646164892139033,949960000,NVDA
2020-04-01,6.0459699630737305,6.5051325489684855,6.0014468918111765,6.358877293798993,656912000,NVDA
2020-04-02,6.354402542114258,6.367585308128627,6.027068868541299,6.075074214375535,675764000,NVDA
2020-04-03,6.066864013671875,6.358379663037295,5.929562996468458,6.316841179647941,663212000,NVDA
2020-04-06,6.676013469696045,6.712826240772359,6.291222162421738,6.348679878999139,727884000,NVDA
2020-04-07,6.442950248718262,6.921016732850142,6.3999192267850225,6.897386723143072,784520000,NVDA
2020-04-08,6.639946460723877,6.664819927163349,6.482000494418423,6.551894702646605,542444000,NVDA
2020-04-09,6.540452480316162,6.788439907863823,6.477522791428222,6.765556643407409,525564000,NVDA
2020-04-13,6.712080478668213,6.720786122072241,6.392457643914677,6.480758012396661,398408000,NVDA
2020-04-14,7.062793731689453,7.0968700332485595,6.812567493136743,6.840176949824809,530948000,NVDA
2020-04-15,6.985438346862793,7.068266728820845,6.849629840850387,6.894899184713868,366148000,NVDA
2020-04-16,7.330182075500488,7.4371376439735055,7.127464448617053,7.1406472096626326,745620000,NVDA
2020-04-17,7.2709832191467285,7.433654883302121,7.137164469093302,7.412263676173463,539120000,NVDA
2020-04-20,7.139901638031006,7.300335006334705,7.095627159726841,7.144627829354325,449388000,NVDA
2020-04-21,6.7036237716674805,7.083191266559698,6.643927724837678,7.022003162515106,735160000,NVDA
2020-04-22,7.117515563964844,7.160297985277611,6.850127091236819,6.8956450294305265,483356000,NVDA
2020-04-23,7.064286708831787,7.291380639717549,7.039164642874313,7.159552061322838,424160000,NVDA
2020-04-24,7.203080177307129,7.205069902972947,6.979468506658928,7.054088912190543,352328000,NVDA
2020-04-27,7.3893818855285645,7.549068993615915,7.312771754298701,7.337396625716924,479388000,NVDA
2020-04-28,7.247105598449707,7.566479794148547,7.241633616006236,7.53663153895252,442904000,NVDA
2020-04-29,7.423707962036133,7.476439492546448,7.30655419417302,7.381671801019242,379160000,NVDA
2020-04-30,7.269989967346191,7.423707427424529,7.256060938526402,7.369731966325882,375916000,NVDA
2020-05-01,7.033692359924316,7.1859172806554765,6.985437955761158,7.072743452911202,342096000,NVDA
2020-05-04,7.245364665985107,7.259045096885763,6.986432764934915,6.986432764934915,317556000,NVDA
2020-05-05,7.30630350112915,7.468726569323231,7.245363538713571,7.349334512729044,368896000,NVDA
2020-05-06,7.407042026519775,7.5117592899465135,7.347843653286045,7.385651288802493,323464000,NVDA
2020-05-07,7.583144187927246,7.646322475594118,7.49484383831785,7.54608282489044,373732000,NVDA
2020-05-08,7.772929668426514,7.779147917276859,7.620953332367935,7.654781042582035,339216000,NVDA
2020-05-11,8.024648666381836,8.071410544031213,7.739350734221137,7.76795505913149,469060000,NVDA
2020-05-12,7.762979030609131,8.131104815572956,7.753278525773543,8.082353219891191,493060000,NVDA
2020-05-13,7.740593433380127,8.037581075925017,7.556281469377941,7.877396787105867,625852000,NVDA
2020-05-14,7.989826679229736,7.995298662838856,7.648563532216864,7.802032414632307,602312000,NVDA
2020-05-15,8.447744369506836,8.457444400932566,7.834117990428447,7.849788147818248,987660000,NVDA
2020-05-18,8.705933570861816,8.871341813083605,8.636536991925702,8.716131750062853,774460000,NVDA
2020-05-19,8.760900497436523,9.04147176793053,8.718366667845403,8.745727533174101,717320000,NVDA
2020-05-20,8.924568176269531,8.997198393542552,8.843729509049695,8.945461722429382,587536000,NVDA
2020-05-21,8.730802536010742,9.006647564701275,8.693243502257346,9.00565317637838,761068000,NVDA
2020-05-22,8.980530738830566,9.046943165034369,8.669116398399483,8.780548617812489,1038764000,NVDA
2020-05-26,8.673592567443848,9.135243019223017,8.62807463372257,9.110369079581073,770780000,NVDA
2020-05-27,8.482069969177246,8.589024607829826,7.956246272031052,8.581314301909094,1175892000,NVDA
2020-05-28,8.444012641906738,8.716126818247057,8.336807522343962,8.36964036521895,734896000,NVDA
2020-05-29,8.830545425415039,8.830545425415039,8.442023234926523,8.51117118789498,745256000,NVDA
2020-06-01,8.761646270751953,8.795971650904905,8.645487840751274,8.788509941773912,389876000,NVDA
2020-06-02,8.780548095703125,8.792487396907989,8.614145567728748,8.7516956542315,391320000,NVDA
2020-06-03,8.725082397460938,8.821342618286915,8.655934444253308,8.777565804011429,365440000,NVDA
2020-06-04,8.726076126098633,8.902010324242097,8.63748582686999,8.687752876236223,424280000,NVDA
2020-06-05,8.87886905670166,8.955513667793715,8.667846716392749,8.753948023245258,481748000,NVDA
2020-06-08,8.764399528503418,8.84875796278578,8.645699106542606,8.836315791447598,387736000,NVDA
2020-06-09,9.004288673400879,9.067744989711962,8.710898494136034,8.759423633292464,468488000,NVDA
2020-06-10,9.323558807373047,9.456194614625154,9.111291963518875,9.125477007268065,632180000,NVDA
2020-06-11,8.75568962097168,9.21854464450774,8.745486794003435,9.107807709528801,583652000,NVDA
2020-06-12,8.891311645507812,9.14488723008976,8.663118775221182,9.120251596693144,570908000,NVDA
2020-06-15,9.131450653076172,9.139911559125865,8.703433037578094,8.77460413262687,400004000,NVDA
2020-06-16,9.026684761047363,9.224021398349738,8.797994456053088,9.182463952946726,535716000,NVDA
2020-06-17,9.193413734436035,9.256122973976474,9.028427490860382,9.07172781257394,408304000,NVDA
2020-06-18,9.175495147705078,9.239697586467326,9.072472033633701,9.184453472998934,254408000,NVDA
2020-06-19,9.218545913696289,9.40144879419368,9.184703242099346,9.1998831293818,524160000,NVDA
2020-06-22,9.48282241821289,9.487302056324824,9.230491304611464,9.257118524157914,398468000,NVDA
2020-06-23,9.406423568725586,9.598036018461734,9.364120002183721,9.506957666162588,375108000,NVDA
2020-06-24,9.192916870117188,9.512436887422146,9.102335902683947,9.432556171138103,449372000,NVDA
2020-06-25,9.44624137878418,9.461172555518514,9.1399106647532,9.312610716944958,376072000,NVDA
2020-06-26,9.112784385681152,9.45619379454365,9.082922986864295,9.45619379454365,592084000,NVDA
2020-06-29,9.157576560974121,9.162056197776709,8.858959737939557,9.12746645295521,342248000,NVDA
2020-06-30,9.45395565032959,9.482323840413832,9.223772146240533,9.271052779473228,367892000,NVDA
2020-07-01,9.486056327819824,9.531595986934233,9.369596194012617,9.476849291492085,326648000,NVDA
2020-07-02,9.567930221557617,9.692602582908426,9.534086593655633,9.59455649551203,364056000,NVDA
2020-07-06,9.793878555297852,9.863058044346857,9.667713036457133,9.696828302232177,315892000,NVDA
2020-07-07,9.826229095458984,10.023564739395194,9.805326022149982,9.900385643316657,357800000,NVDA
2020-07-08,10.168892860412598,10.177852135345317,9.919548208152843,9.94766768707391,365480000,NVDA
2020-07-09,10.46054458618164,10.521263196295083,10.186314574371659,10.332388382755358,494548000,NVDA
2020-07-10,10.430930137634277,10.606118244789283,10.330893436767795,10.539925164838058,497676000,NVDA
2020-07-13,10.005899429321289,10.742487094268514,9.978774789284222,10.546147190037164,457076000,NVDA
2020-07-14,10.32915210723877,10.35478353495252,9.740379198636003,10.028544566254594,542676000,NVDA
2020-07-15,10.180092811584473,10.384893623623142,10.009383383606286,10.36623083826327,403984000,NVDA
2020-07-16,10.088017463684082,10.15968501248177,9.84987050020244,9.968819626685535,344964000,NVDA
2020-07-17,10.154458999633789,10.201242205886482,10.041234014835991,10.178348498417453,266284000,NVDA
2020-07-20,10.46228313446045,10.482688788071664,10.10991539172372,10.226873884937834,284852000,NVDA
2020-07-21,10.28087329864502,10.51130643491116,10.239315860666807,10.464522279095037,277036000,NVDA
2020-07-22,10.390616416931152,10.553611049792725,10.244045222912812,10.319694993925742,367292000,NVDA
2020-07-23,10.083038330078125,10.49836392130244,9.984992298395763,10.401811101682203,411660000,NVDA
2020-07-24,10.14749526977539,10.316960222004235,9.731920730302257,9.829468447594639,473292000,NVDA
2020-07-27,10.373445510864258,10.393601505544966,10.170634417210804,10.185068171231439,292132000,NVDA
2020-07-28,10.16839599609375,10.334128352270644,10.162175384539536,10.326414528145886,271636000,NVDA
2020-07-29,10.417243003845215,10.467758773160696,10.29928965550237,10.342837732498475,284508000,NVDA
2020-07-30,10.565057754516602,10.574016079653706,10.247777173412945,10.32715949631909,308880000,NVDA
2020-07-31,10.565805435180664,10.716856279883503,10.38489318588376,10.51454258205135,386080000,NVDA
2020-08-03,10.959481239318848,11.047573183866636,10.665841424159556,10.683011944240379,412720000,NVDA
2020-08-04,11.175978660583496,11.175978660583496,10.855712561468552,10.999048630506225,310336000,NVDA
2020-08-05,11.234705924987793,11.319314022602223,11.114761945386586,11.192153640280633,249924000,NVDA
2020-08-06,11.283231735229492,11.305628025623456,11.127204783408471,11.297415830981054,244316000,NVDA
2020-08-07,11.147858619689941,11.451701263494748,10.986605906099884,11.260337487409021,342516000,NVDA
2020-08-10,11.113519668579102,11.355647969659833,10.80644183145694,11.2819897659241,427796000,NVDA
2020-08-11,10.799969673156738,11.08539727357645,10.74596911283335,11.022687098568131,354512000,NVDA
2020-08-12,11.38749885559082,11.414125122757872,10.907721031284495,10.940071438029333,464412000,NVDA
2020-08-13,11.390233993530273,11.667699042003894,11.303386562871257,11.49275872959911,374460000,NVDA
2020-08-14,11.5106782913208,11.650779221877425,11.387747881419168,11.476834671108962,366436000,NVDA
2020-08-17,12.28011417388916,12.352528815873693,11.762761090180327,11.79660376231853,621300000,NVDA
2020-08-18,12.204214096069336,12.438379802232884,12.030519221573105,12.392591435062732,503448000,NVDA
2020-08-19,12.082529067993164,12.258214588595601,12.042215177317894,12.239800515615501,622624000,NVDA
2020-08-20,12.085017204284668,12.317938426854452,11.823976501691238,11.91978322105072,921388000,NVDA
2020-08-21,12.625016212463379,12.749688543498525,12.139016821784638,12.145487093065004,999868000,NVDA
2020-08-24,12.66159725189209,12.85296104070654,12.449827806001334,12.824343188832731,490564000,NVDA
2020-08-25,12.691207885742188,12.702405554694398,12.515770144609954,12.572507468754125,289076000,NVDA
2020-08-26,12.714103698730469,12.809163342409363,12.619292765610336,12.740232546554608,321244000,NVDA
2020-08-27,12.570021629333496,12.790749404758962,12.508555946693578,12.722564739853016,317604000,NVDA
2020-08-28,13.08712387084961,13.087372581370376,12.584203668831243,12.616554072790118,537160000,NVDA
2020-08-31,13.312828063964844,13.51240305938988,12.977630848012788,13.12196173347842,500840000,NVDA
2020-09-01,13.761388778686523,13.933393212520636,13.378546663293708,13.42185899037855,511316000,NVDA
2020-09-02,14.284621238708496,14.66323112605834,13.840046302454015,14.640329615319995,874012000,NVDA
2020-09-03,12.959360122680664,13.8246113357648,12.823199748148971,13.769101909402469,945128000,NVDA
2020-09-04,12.568056106567383,13.118172794342433,11.654264257485755,12.728609755391352,1463684000,NVDA
2020-09-08,11.861615180969238,12.495867661284716,11.653765820445578,11.683884939027743,795728000,NVDA
2020-09-09,12.660157203674316,12.75400040657726,12.17899096545241,12.346515345038622,736200000,NVDA
2020-09-10,12.258646965026855,13.008896928842086,12.114520712963447,12.933224521841012,698684000,NVDA
2020-09-11,12.112030982971191,12.597926004409656,11.844439994967425,12.431646509399577,636928000,NVDA
2020-09-14,12.816728591918945,13.257568885233198,12.576768855905764,13.024578926203295,1201744000,NVDA
2020-09-15,12.934967041015625,13.24138939468092,12.772421205731272,13.222720077777511,727556000,NVDA
2020-09-16,12.460522651672363,13.036278499769432,12.4597762967511,12.901362978238856,556384000,NVDA
2020-09-17,12.409743309020996,12.535449042053106,11.982842526145728,12.079921843900053,792512000,NVDA
2020-09-18,12.136672973632812,12.578010766171868,11.937038272202205,12.539428213988266,698460000,NVDA
2020-09-21,12.46325969696045,12.468487029467878,11.853152604133797,11.873564364275431,721044000,NVDA
2020-09-22,12.583239555358887,12.593445435426194,12.10307037011186,12.520760350235273,646452000,NVDA
2020-09-23,12.07145881652832,12.67210744174115,12.027151349496169,12.521260177157716,647012000,NVDA
2020-09-24,12.294739723205566,12.515284736210981,11.962180709019703,12.020179888363417,731240000,NVDA
2020-09-25,12.818222045898438,12.82793035635289,12.192931457497625,12.393811062020282,588016000,NVDA
2020-09-28,12.978775978088379,12.995454064553032,12.695005420616106,12.984003310472113,573808000,NVDA
2020-09-29,13.16870403289795,13.384768065727984,12.877466113660384,12.88169735695408,621460000,NVDA
2020-09-30,13.472139358520508,13.563742542883896,13.093529512118515,13.100748073599721,689184000,NVDA
2020-10-01,13.555777549743652,13.703387740885159,13.40269029134298,13.698658927613552,525004000,NVDA
2020-10-02,13.00590991973877,13.461187347792777,12.9947079495707,13.167958188027503,552496000,NVDA
2020-10-05,13.583656311035156,13.585398755238357,13.165716588093956,13.178909786872856,479820000,NVDA
2020-10-06,13.67724895477295,14.081000286790855,13.606057536620986,13.770345789879652,784420000,NVDA
2020-10-07,13.903768539428711,14.05834944334115,13.803701921805605,13.93936472563544,418084000,NVDA
2020-10-08,13.779061317443848,14.023751786873135,13.698660090271776,14.014292260405256,378900000,NVDA
2020-10-09,13.703387260437012,13.764622541474697,13.601827927722326,13.707619453210627,346892000,NVDA
2020-10-12,14.164639472961426,14.285117857821534,13.852492225225067,13.929159770375568,434744000,NVDA
2020-10-13,14.186792373657227,14.28661020379566,13.958282468908806,14.234834452215292,344604000,NVDA
2020-10-14,14.034452438354492,14.280884353455278,13.899785727248714,14.22885981694376,276100000,NVDA
2020-10-15,13.909744262695312,13.945339502121929,13.70836613749125,13.751180888345079,267224000,NVDA
2020-10-16,13.751927375793457,14.060590691280174,13.733009274050568,13.976206063082346,242392000,NVDA
2020-10-19,13.439530372619629,13.923184432811734,13.348922328803374,13.843032003278086,298068000,NVDA
2020-10-20,13.58664321899414,13.740228038744753,13.448740396598476,13.524910369339894,229212000,NVDA
2020-10-21,13.466415405273438,13.732015205253962,13.419369406982236,13.5662332545089,219596000,NVDA
2020-10-22,13.303373336791992,13.553041428113085,13.174680274955547,13.464176755666866,290480000,NVDA
2020-10-23,13.531631469726562,13.534618788168892,13.233921352971006,13.391986202058305,233484000,NVDA
2020-10-26,13.084569931030273,13.633691566965796,12.982263278351981,13.36908784573915,336896000,NVDA
2020-10-27,13.338966369628906,13.384021132448181,13.134600935706988,13.248607109488976,250520000,NVDA
2020-10-28,12.57253646850586,13.20280655451587,12.554614456414914,13.141073702441242,376520000,NVDA
2020-10-29,12.96782398223877,13.135845925987597,12.695005654386499,12.783123951718173,320080000,NVDA
2020-10-30,12.479936599731445,12.880699670171047,12.246945723499536,12.794573559222506,416820000,NVDA
2020-11-02,12.5264892578125,12.781384688046016,12.341540396326954,12.60315681993016,299652000,NVDA
2020-11-03,12.96334457397461,13.04847556317801,12.548392129595152,12.65368609633132,272900000,NVDA
2020-11-04,13.73475170135498,13.767859091534874,13.279474284873544,13.331498827212098,410228000,NVDA
2020-11-05,14.098923683166504,14.277151505773915,13.930652955568876,14.101413431699372,319028000,NVDA
2020-11-06,14.499189376831055,14.525823607492576,13.835066558738852,14.0488896074961,383348000,NVDA
2020-11-09,13.5719575881958,14.628132371643925,13.552044345915604,14.489731966855251,582976000,NVDA
2020-11-10,12.714920043945312,13.54781121416907,12.573781115211155,13.54781121416907,644068000,NVDA
2020-11-11,13.360124588012695,13.377051459709095,12.892400350122854,12.997445519056676,404744000,NVDA
2020-11-12,13.398707389831543,13.706623391136638,13.258564550225856,13.4208615944081,365812000,NVDA
2020-11-13,13.239645004272461,13.609791386132025,13.002920455645425,13.568470299974223,346312000,NVDA
2020-11-16,13.456955909729004,13.590626548003572,13.099255366942009,13.11568372017377,413776000,NVDA
2020-11-17,13.36435604095459,13.53760531971783,13.246367406234198,13.494044215080645,312028000,NVDA
2020-11-18,13.370828628540039,13.547065230799866,13.128130360392811,13.407171172523759,510924000,NVDA
2020-11-19,13.382280349731445,13.429326347476689,13.043497889673867,13.15576163324894,565936000,NVDA
2020-11-20,13.03130054473877,13.436295883226773,13.008647818893134,13.395970878679213,341088000,NVDA
2020-11-23,13.083325386047363,13.324778798429607,12.959362101310216,13.114440599717943,361356000,NVDA
2020-11-24,12.901860237121582,13.105228639441574,12.829423935275962,13.085812968215139,346500000,NVDA
2020-11-25,13.177665710449219,13.212265811659313,12.963842630406676,12.976288525531565,259916000,NVDA
2020-11-27,13.204050064086914,13.34966996860032,13.113691752498204,13.317309884312802,167276000,NVDA
2020-11-30,13.343695640563965,13.354648825249436,12.916297341464292,13.207784992620201,286952000,NVDA
2020-12-01,13.332246780395508,13.47039840179349,13.171193648207254,13.434055855874425,296948000,NVDA
2020-12-02,13.48608112335205,13.614524440565008,13.17716899170747,13.29291762801155,283360000,NVDA
2020-12-03,13.342159271240234,13.605098152797373,13.275429117117344,13.53288931377425,199520000,NVDA
2020-12-04,13.503756523132324,13.505499481858216,13.334937435291637,13.39444689038405,202244000,NVDA
2020-12-07,13.55206298828125,13.676062887003207,13.445742488055723,13.546585252766883,223244000,NVDA
2020-12-08,13.296344757080078,13.544094728114345,13.228119551989275,13.530399915409005,271920000,NVDA
2020-12-09,12.878780364990234,13.36008781733984,12.816531556571482,13.247044338391767,401300000,NVDA
2020-12-10,12.920112609863281,13.016225157346986,12.797855678959717,12.817278035078495,207764000,NVDA
2020-12-11,12.96094799041748,12.96767096745661,12.77146224084269,12.915132393146711,209264000,NVDA
2020-12-14,13.255260467529297,13.334938860612665,13.024940082840144,13.035397836313285,270156000,NVDA
2020-12-15,13.306804656982422,13.409888106713556,13.133753031981128,13.385735536756188,193016000,NVDA
2020-12-16,13.189277648925781,13.383244766098352,13.159397537413051,13.368553568795045,223116000,NVDA
2020-12-17,13.287630081176758,13.325726318719184,13.12553395287217,13.31302693964413,231384000,NVDA
2020-12-18,13.218658447265625,13.351123325763458,13.017968362309006,13.325227800290302,342064000,NVDA
2020-12-21,13.278665542602539,13.316264063450639,12.915381612940775,13.022200773575815,302332000,NVDA
2020-12-22,13.224884033203125,13.283646925526869,13.001535460648212,13.265719617640173,185580000,NVDA
2020-12-23,12.956964492797852,13.221646354324898,12.952731999410004,13.202722663623348,179144000,NVDA
2020-12-24,12.941527366638184,13.079719802401335,12.88674905910573,12.984852485701106,97884000,NVDA
2020-12-28,12.848152160644531,13.009999423359698,12.711952513384338,13.009999423359698,212564000,NVDA
2020-12-29,12.891231536865234,13.019962612966786,12.790637617146128,12.873055368869608,170372000,NVDA
2020-12-30,13.092916488647461,13.16064303299953,12.844917637300343,12.938041042133536,225396000,NVDA
2020-12-31,13.002532958984375,13.098146858978987,12.86309526953434,13.083705468045695,192424000,NVDA
2021-01-04,13.060794830322266,13.597629030369669,12.910401695595096,13.051582318788373,560640000,NVDA
2021-01-05,13.350875854492188,13.389469813350296,13.03440292226786,13.04710135296224,322760000,NVDA
2021-01-06,12.563799858093262,13.19176559346477,12.535414800402618,13.169355987451675,580424000,NVDA
2021-01-07,13.290369987487793,13.323984877289753,12.834709185553201,12.915383021394952,461480000,NVDA
2021-01-08,13.223389625549316,13.367059793296423,12.989583303848809,13.308795569096715,292528000,NVDA
2021-01-11,13.566754341125488,13.904890294581081,13.30879545335435,13.364819001093393,518344000,NVDA
2021-01-12,13.430554389953613,13.699220853511294,13.291366518342056,13.697228086074581,291476000,NVDA
2021-01-13,13.477365493774414,13.570240994686895,13.331205784944276,13.435783333016113,210028000,NVDA
2021-01-14,13.147195816040039,13.545090057040834,13.12752555150125,13.520439774298518,283120000,NVDA
2021-01-15,12.807816505432129,13.271694358141557,12.79686103451609,13.174835229375097,277780000,NVDA
2021-01-19,12.97290325164795,13.041376382345534,12.7923811074272,12.963938646680148,226188000,NVDA
2021-01-20,13.312031745910645,13.376521226677053,13.004273639082106,13.059051941538538,258572000,NVDA
2021-01-21,13.811767578125,13.942988188446149,13.199737174502609,13.364571727485036,337780000,NVDA
2021-01-22,13.657388687133789,13.786119751969078,13.572481408125672,13.684778315815404,246820000,NVDA
2021-01-25,13.59837532043457,13.772921018082734,13.183300345613404,13.72635884482473,251112000,NVDA
2021-01-26,13.381250381469727,13.589907706073742,13.333691830499555,13.525915951781524,163980000,NVDA
2021-01-27,12.86583137512207,13.179564910137588,12.742329208441202,13.176825567795346,371272000,NVDA
2021-01-28,12.99854564666748,13.286135761458496,12.908409501804401,12.94401620453668,228316000,NVDA
2021-01-29,12.937542915344238,13.281156594741395,12.85960747764064,13.022450189012595,271552000,NVDA
2021-02-01,13.183798789978027,13.21741272526366,12.850891747211746,13.000787159383922,217204000,NVDA
2021-02-02,13.502262115478516,13.517450077000387,13.232101619432168,13.344897167064762,220440000,NVDA
2021-02-03,13.476119995117188,13.875757217775313,13.4621763232891,13.581195250724157,245408000,NVDA
2021-02-04,13.609332084655762,13.618544596229361,13.284144388776067,13.476617397100561,201340000,NVDA
2021-02-05,13.536375999450684,13.682038927768824,13.491307924573183,13.669838214950548,169152000,NVDA
2021-02-08,14.380718231201172,14.415577407685298,13.67207771550362,13.67207771550362,434624000,NVDA
2021-02-09,14.205925941467285,14.524639548402014,14.165339215361854,14.283113858860963,287560000,NVDA
2021-02-10,14.704910278320312,14.845094516583352,14.283859846653357,14.40512039530339,485352000,NVDA
2021-02-11,15.189454078674316,15.210868251404307,14.86501392689341,14.920042034364652,450828000,NVDA
2021-02-12,14.901117324829102,15.229790896891956,14.71561522594539,14.989510502558609,374756000,NVDA
2021-02-16,15.268638610839844,15.310719441811697,14.88991683114257,15.003707850947729,321960000,NVDA
2021-02-17,14.846092224121094,15.162316290720591,14.720598221294038,15.110026568801802,274756000,NVDA
2021-02-18,14.769400596618652,14.813472286009498,14.516420797901691,14.66980213100204,233868000,NVDA
2021-02-19,14.866511344909668,15.11600432241574,14.787081796007755,14.964117061512086,271724000,NVDA
2021-02-22,14.298051834106445,15.072427078711511,14.26742515013621,14.715367473678917,325884000,NVDA
2021-02-23,14.085161209106445,14.181522613543509,13.335685096571375,14.018678963854958,391780000,NVDA
2021-02-24,14.440728187561035,14.44844754946419,13.70071427051266,14.065991018346837,448320000,NVDA
2021-02-25,13.254013061523438,14.31697371517891,13.163130354489203,13.989046735106093,824436000,NVDA
2021-02-26,13.659379005432129,13.798815708495557,13.307299430514368,13.697225432091273,500932000,NVDA
2021-03-01,13.786118507385254,13.869033961341506,13.498778190317397,13.819234727310848,353184000,NVDA
2021-03-02,13.35236930847168,13.864552302839884,13.34216041278066,13.844134511457842,264116000,NVDA
2021-03-03,12.753288269042969,13.397438485265281,12.74731186627363,13.372290481495257,377592000,NVDA
2021-03-04,12.32053279876709,12.922852894444349,12.035184286271841,12.749302617793662,573344000,NVDA
2021-03-05,12.411415100097656,12.499559425069663,11.632308704404133,12.499559425069663,542840000,NVDA
2021-03-08,11.546655654907227,12.421126179417163,11.520012603958925,12.399961813597908,543112000,NVDA
2021-03-09,12.474234580993652,12.570379359155847,12.014928455750928,12.085667607908785,521824000,NVDA
2021-03-10,12.4224271774292,12.93229567297207,12.411716868075333,12.79330869541298,384376000,NVDA
2021-03-11,12.945745468139648,12.998302184299803,12.687697531280483,12.902405394482225,299916000,NVDA
2021-03-12,12.808751106262207,12.841380871489648,12.543728924409528,12.601764317389547,243964000,NVDA
2021-03-15,13.142767906188965,13.158211007285875,12.720326450748013,12.817467955931283,221988000,NVDA
2021-03-16,13.242399215698242,13.462835609512782,13.068540113938292,13.307408839220948,272128000,NVDA
2021-03-17,13.292220115661621,13.403808019028105,12.941762456312304,12.991827836219349,243864000,NVDA
2021-03-18,12.675738334655762,13.135542259920822,12.670258709518851,13.088217188099405,293896000,NVDA
2021-03-19,12.79853630065918,12.874008237088663,12.566143927350314,12.703138366761953,299208000,NVDA
2021-03-22,13.137784004211426,13.34526863218992,12.85931129182006,12.865289755863182,297804000,NVDA
2021-03-23,13.022713661193848,13.295456950984734,12.973395115950051,13.205538615360009,222048000,NVDA
2021-03-24,12.596532821655273,13.110886055698332,12.59030636238717,13.102915085638799,245840000,NVDA
2021-03-25,12.489179611206055,12.668020482645497,12.22689771964549,12.45356156367243,295144000,NVDA
2021-03-26,12.792060852050781,12.808998568705801,12.328022905586126,12.508357423671487,363968000,NVDA
2021-03-29,12.900662422180176,13.014492713127513,12.653324782729335,12.773132589205469,273520000,NVDA
2021-03-30,12.824441909790039,12.927561877681123,12.658304817189459,12.794801380172224,200204000,NVDA
2021-03-31,13.299190521240234,13.42099081099066,12.93478447914414,12.967663184063744,314776000,NVDA
2021-04-01,13.76098918914795,13.819024583083182,13.46159272623592,13.522369358755661,308276000,NVDA
2021-04-05,13.936095237731934,13.962497597701411,13.68253015375256,13.816536359385964,255672000,NVDA
2021-04-06,13.810555458068848,14.002597032896157,13.722879532840807,13.948297705902563,191744000,NVDA
2021-04-07,14.091520309448242,14.191152220575374,13.661107830911533,13.829735341708554,251284000,NVDA
2021-04-08,14.26438045501709,14.418312621618602,14.196629588023145,14.20036660361676,244416000,NVDA
2021-04-09,14.347077369689941,14.355048340906217,14.122904849951626,14.16176107797861,195172000,NVDA
2021-04-12,15.15310287475586,15.29607580434181,14.087284632452857,14.237231804937178,869324000,NVDA
2021-04-13,15.621872901916504,15.642297740883008,15.070158056314497,15.175519477903563,676212000,NVDA
2021-04-14,15.220852851867676,15.66272242258447,15.171534315585967,15.56757342143402,385500000,NVDA
2021-04-15,16.077943801879883,16.154660479530673,15.574051864074454,15.604938070709537,598480000,NVDA
2021-04-16,15.85401725769043,16.10633661100152,15.806940170418816,15.993999997068041,335208000,NVDA
2021-04-19,15.305288314819336,15.749400218870978,15.177011680962497,15.479396356886928,404420000,NVDA
2021-04-20,15.115492820739746,15.440045020755381,14.908008137498932,15.26693366441033,334132000,NVDA
2021-04-21,15.304044723510742,15.306037228333295,15.046743653685485,15.063182531098462,216776000,NVDA
2021-04-22,14.795672416687012,15.381760632478036,14.729167212637465,15.318493605609078,277788000,NVDA
2021-04-23,15.209145545959473,15.27863902524811,14.845487265337356,14.879361749601612,227500000,NVDA
2021-04-26,15.421113967895508,15.422110695504312,15.069411647383998,15.129191549679522,197796000,NVDA
2021-04-27,15.325217247009277,15.612905694192488,15.298067110638453,15.521243816067019,164572000,NVDA
2021-04-28,15.220602989196777,15.475164740857569,15.15957836730446,15.308030914991681,209416000,NVDA
2021-04-29,15.268428802490234,15.379767751976296,15.016109419040074,15.343401918682673,173196000,NVDA
2021-04-30,14.954334259033203,15.308527889547474,14.941880391047532,15.118728737053257,201912000,NVDA
2021-05-03,14.782218933105469,15.190711864139518,14.733150296570749,15.069409466583876,203912000,NVDA
2021-05-04,14.298503875732422,14.583701921742202,13.958757564248552,14.583452977403262,405324000,NVDA
2021-05-05,14.405362129211426,14.759057929745664,14.334622969104577,14.654941219688737,292024000,NVDA
2021-05-06,14.469623565673828,14.517696430692741,14.165745174441199,14.441975539696038,193380000,NVDA
2021-05-07,14.7578125,14.915729703234886,14.617828793921266,14.753827489558498,229328000,NVDA
2021-05-10,14.213319778442383,14.751584051485553,14.197627731992897,14.732902772330645,268904000,NVDA
2021-05-11,14.253670692443848,14.301992504029124,13.699465425742892,13.774189592576713,285584000,NVDA
2021-05-12,13.707934379577637,14.207840322870009,13.658865734558306,13.9580113483226,303408000,NVDA
2021-05-13,13.615025520324707,14.028999059175959,13.409533367126928,13.982170917934267,285404000,NVDA
2021-05-14,14.190652847290039,14.275340485481827,13.697970119526413,13.83895053700073,258616000,NVDA
2021-05-17,14.113438606262207,14.11717467222545,13.802585945986333,14.104969746666484,216980000,NVDA
2021-05-18,13.964240074157715,14.351312494718293,13.952533036625123,14.214566961029632,186256000,NVDA
2021-05-19,14.014053344726562,14.027752884459964,13.49347368536492,13.516637860643087,344000000,NVDA
2021-05-20,14.558792114257812,14.629780197695082,14.218049123725091,14.24993109761989,321592000,NVDA
2021-05-21,14.936652183532715,15.166056327513427,14.81485187119772,15.10801998185376,672992000,NVDA
2021-05-24,15.554621696472168,15.687132304008871,15.120223305868196,15.156589134652451,554816000,NVDA
2021-05-25,15.590240478515625,15.760362594796842,15.425597988720599,15.708055773561385,435408000,NVDA
2021-05-26,15.642298698425293,15.735704145609564,15.52896724992977,15.676423080242675,370440000,NVDA
2021-05-27,15.43107795715332,15.692115130559111,15.40318098520956,15.642049757647367,581476000,NVDA
2021-05-28,16.184799194335938,16.21767885890233,15.444032817878627,15.444032817878627,644536000,NVDA
2021-06-01,16.204723358154297,16.328019228538366,15.844801122756069,16.210203934751263,472804000,NVDA
2021-06-02,16.716583251953125,16.85656787926671,16.17582865881313,16.19251743061265,594168000,NVDA
2021-06-03,16.907381057739258,17.195569308836276,16.522053197728837,16.63937060204186,580008000,NVDA
2021-06-04,17.51364517211914,17.596089458232893,17.032669494095202,17.049605310936567,617120000,NVDA
2021-06-07,17.554244995117188,17.747034348298172,17.12956302093456,17.5066719180592,575756000,NVDA
2021-06-08,17.392847061157227,17.556741816728767,17.187602824613094,17.46283845477373,323848000,NVDA
2021-06-09,17.298419952392578,17.514423962117288,17.19627423364393,17.45537830426716,381656000,NVDA
2021-06-10,17.364938735961914,17.431709138454295,17.11679834270945,17.290198386485635,287772000,NVDA
2021-06-11,17.763809204101562,17.877416579612827,17.38362394384522,17.419250155413216,416308000,NVDA
2021-06-14,17.95663833618164,17.97731685623669,17.60186647716937,17.84427788430058,321376000,NVDA
2021-06-15,17.727184295654297,17.954150035131732,17.666893640244776,17.85324933990934,243032000,NVDA
2021-06-16,17.748857498168945,17.892860137369315,17.523885687576584,17.729425885437355,307124000,NVDA
2021-06-17,18.592937469482422,18.770074396069546,17.69504416542192,17.713230770641097,809656000,NVDA
2021-06-18,18.574506759643555,19.308219005834278,18.51994502882804,18.719256436939983,968856000,NVDA
2021-06-21,18.363733291625977,18.472607738221978,17.761317116263903,18.37170513870822,672384000,NVDA
2021-06-22,18.821651458740234,18.89838762561246,18.32262782687247,18.407833844865117,580144000,NVDA
2021-06-23,18.991559982299805,19.086731742850937,18.842575405432253,18.942231092149555,332356000,NVDA
2021-06-24,19.139299392700195,19.35306044926967,19.022453105749324,19.161473823483938,320924000,NVDA
2021-06-25,18.965402603149414,19.27881936597167,18.829373695027133,19.214042880819722,278364000,NVDA
2021-06-28,19.916109085083008,20.00953591368963,19.252404529713022,19.294508567808425,495436000,NVDA
2021-06-29,19.957719802856445,20.029470225090638,19.589243331185592,19.81396615542745,367632000,NVDA
2021-06-30,19.93355369567871,20.093002037862693,19.795281878543864,19.930314776489794,326568000,NVDA
2021-07-01,20.142330169677734,20.38548859722356,19.949994640023817,20.055630160644014,480136000,NVDA
2021-07-02,20.416378021240234,20.43456652516882,20.217815593150004,20.369790056845883,342764000,NVDA
2021-07-06,20.627153396606445,20.77015813867355,20.280104352666278,20.666018525350328,446708000,NVDA
2021-07-07,20.30153465270996,20.803050224686405,20.261922510415953,20.78162469359533,418428000,NVDA
2021-07-08,19.834148406982422,20.063604178875657,19.63284500333484,19.78805843161137,503300000,NVDA
2021-07-09,19.98114013671875,20.01103741735003,19.686160857432892,19.893693109398352,296624000,NVDA
2021-07-12,20.441801071166992,20.461979694782567,20.11816947803788,20.17023929862238,321984000,NVDA
2021-07-13,20.180198669433594,20.390720799183015,20.044667777946696,20.330179245184596,290708000,NVDA
2021-07-14,19.773109436035156,20.34737328738898,19.68466640492016,20.287580628248975,380100000,NVDA
2021-07-15,18.900876998901367,19.778591902318016,18.793498450144497,19.743463690189294,550564000,NVDA
2021-07-16,18.09839630126953,19.090963266733112,18.010700300983057,18.964900147522947,688224000,NVDA
2021-07-19,18.71501922607422,18.976364277481892,17.803919215628007,17.853499010534822,749060000,NVDA
2021-07-20,18.54784393310547,18.773064743639477,18.101388235116307,18.665437217414535,434687000,NVDA
2021-07-21,19.343093872070312,19.459691152678595,18.677397187844907,18.816914001718725,371017000,NVDA
2021-07-22,19.526458740234375,19.818448030291623,19.209554105329772,19.574293617288724,323826000,NVDA
2021-07-23,19.490585327148438,19.63209605947266,19.183646421770963,19.588247101340414,195672000,NVDA
2021-07-26,19.22749137878418,19.37498001501862,18.84880023002284,19.24443297497406,203943000,NVDA
2021-07-27,19.14179039001465,19.554362894991016,18.676399176562164,19.198593120837312,248863000,NVDA
2021-07-28,19.435771942138672,19.578278660578594,18.929523634403203,19.252406188851747,202191000,NVDA
2021-07-29,19.594226837158203,19.78456845561129,19.261376580692936,19.451718199146022,190781000,NVDA
2021-07-30,19.43178939819336,19.562336470219837,19.1966028063269,19.35106731996473,183497000,NVDA
2021-08-02,19.681917190551758,19.892190265820158,19.29425822418033,19.63209031240409,217444000,NVDA
2021-08-03,19.74669647216797,20.15229309655213,19.15374627337289,19.671954243501315,301811000,NVDA
2021-08-04,20.20411491394043,20.24796386771161,19.75965124376936,19.921093477440312,231309000,NVDA
2021-08-05,20.56586456298828,20.661534325497566,20.271881335250495,20.429337660982515,211435000,NVDA
2021-08-06,20.295801162719727,20.49909848157322,20.14033873074639,20.453257506969045,178497000,NVDA
2021-08-09,20.225040435791016,20.43730554179816,20.073563974802937,20.375518990564935,146443000,NVDA
2021-08-10,19.867279052734375,20.3595756588384,19.76662547826804,20.251948145392625,179238000,NVDA
2021-08-11,19.631103515625,19.97989756236368,19.363031566187686,19.9739177253544,185925000,NVDA
2021-08-12,19.836389541625977,19.959960768948545,19.552372068752263,19.80151033623967,151652000,NVDA
2021-08-13,20.118412017822266,20.1443233694404,19.782573757798062,19.836388472220936,183063000,NVDA
2021-08-16,19.881235122680664,20.217073411230743,19.38594658927901,20.065596914124974,210876000,NVDA
2021-08-17,19.390926361083984,19.701851137196797,19.200584773858555,19.617143152947893,204585000,NVDA
2021-08-18,18.9743709564209,19.566323330393175,18.934507922108054,19.432784446374054,285913000,NVDA
2021-08-19,19.729753494262695,20.42435132672305,18.6973235489856,19.426800578843118,766555000,NVDA
2021-08-20,20.744251251220703,20.793082144793182,19.864295359597282,19.922094106648743,675741000,NVDA
2021-08-23,21.882312774658203,21.921177903907907,20.877787845028326,20.898715368530024,575807000,NVDA
2021-08-24,21.717876434326172,21.883304579261942,21.460766366157202,21.67801530706898,297299000,NVDA
2021-08-25,22.13643455505371,22.392548685209118,21.647127731975118,21.66207542103675,347701000,NVDA
2021-08-26,21.99193572998047,22.262997548429166,21.714894075614353,22.123480715517967,237940000,NVDA
2021-08-27,22.557971954345703,22.643675947875877,22.090588763919488,22.10753036152277,304722000,NVDA
2021-08-30,22.60979461669922,22.963570482185514,22.473267719877327,22.751305343048546,262580000,NVDA
2021-08-31,22.311771392822266,22.62075674664323,22.04763890496798,22.62075674664323,259850000,NVDA
2021-09-01,22.367591857910156,22.622754957763057,22.28386700045794,22.41144855038439,201767000,NVDA
2021-09-02,22.322738647460938,22.51909472765023,22.22206920355075,22.44433930541851,187834000,NVDA
2021-09-03,22.768278121948242,22.910810001392324,22.127381804573318,22.25197291405603,280532000,NVDA
2021-09-07,22.587865829467773,22.82409003815894,22.448322522567985,22.758305960984877,198107000,NVDA
2021-09-08,22.26592445373535,22.53603785625392,21.905107228441466,22.439355044930288,254434000,NVDA
2021-09-09,22.104454040527344,22.464273188352024,22.058604988452572,22.23901265299159,196856000,NVDA
2021-09-10,22.404470443725586,22.55198511877038,22.197150672313043,22.2748946360381,248376000,NVDA
2021-09-13,22.07953453063965,22.88887850668766,21.786495670040438,22.609793787016553,297500000,NVDA
2021-09-14,22.16924285888672,22.336692569612442,22.013753027023114,22.202133951589552,199755000,NVDA
2021-09-15,22.26791763305664,22.29383355511717,21.894144334606132,22.236022722228473,166538000,NVDA
2021-09-16,22.16924285888672,22.20412821528791,21.855272750166648,22.110435843651945,156033000,NVDA
2021-09-17,21.828353881835938,22.247976111015134,21.758583190655163,22.2270449036609,294503000,NVDA
2021-09-20,21.043933868408203,21.362886747600268,20.594409012672557,21.076824957284188,349440000,NVDA
2021-09-21,21.176494598388672,21.354907955518378,20.881463425526444,21.34693470523012,204688000,NVDA
2021-09-22,21.86922264099121,21.888159587451916,21.126658982440958,21.296102923922355,268726000,NVDA
2021-09-23,22.40845489501953,22.461281014018834,21.818390548782627,22.067572722802016,248555000,NVDA
2021-09-24,22.008764266967773,22.07654260470453,21.789484652652416,21.997800571418352,217655000,NVDA
2021-09-27,21.589143753051758,21.72768898320493,21.25524054701434,21.638979428215535,245215000,NVDA
2021-09-28,20.631290435791016,21.34893644407722,20.583447115090674,21.144607100297833,343069000,NVDA
2021-09-29,20.44988250732422,20.94824684688675,20.400044932702517,20.87149907318932,218394000,NVDA
2021-09-30,20.648237228393555,20.997092752868166,20.62032893852436,20.700067181166297,221009000,NVDA
2021-10-01,20.674148559570312,20.79076450155357,20.13691029679446,20.68212181172919,240978000,NVDA
2021-10-04,19.66745376586914,20.474803591708355,19.491032716054217,20.436927789431792,345635000,NVDA
2021-10-05,20.38409996032715,20.580456026751712,19.789052772537165,19.884739402108554,279282000,NVDA
2021-10-06,20.632287979125977,20.652221111305703,20.014315254928512,20.054185321506793,297202000,NVDA
2021-10-07,21.006057739257812,21.25224946522736,20.903394046211478,21.023000423462637,256919000,NVDA
2021-10-08,20.76285171508789,21.136624919782545,20.707035159862087,21.031968878734162,151258000,NVDA
2021-10-11,20.627300262451172,20.994096456605053,20.44390216537423,20.507693882375722,163388000,NVDA
2021-10-12,20.603382110595703,20.988119137089015,20.460850231226793,20.759868133383815,162134000,NVDA
2021-10-13,20.870500564575195,20.921334319318166,20.645240054992183,20.84956935399439,180652000,NVDA
2021-10-14,21.67486572265625,21.683835156792203,21.052906376708478,21.2183637297649,243589000,NVDA
2021-10-15,21.790483474731445,21.85925800191469,21.59113886513245,21.738653534036047,226994000,NVDA
2021-10-18,22.149303436279297,22.21807795415585,21.573193276980525,21.67785122654991,189494000,NVDA
2021-10-19,22.21708106994629,22.305788712501535,21.964908479415858,22.203125029484273,161473000,NVDA
2021-10-20,22.03069496154785,22.359615354512936,21.910090500609137,22.232033823134188,146276000,NVDA
2021-10-21,22.617769241333008,22.636708092213606,22.010762150737015,22.024716293024067,187590000,NVDA
2021-10-22,22.651657104492188,23.054334844956028,22.48719785150225,22.748339913629675,249384000,NVDA
2021-10-25,23.09021759033203,23.278598494667374,22.695513113631097,22.897848159028317,230235000,NVDA
2021-10-26,24.63614845275879,25.176377260914574,23.84574312740609,23.910531041305205,485898000,NVDA
2021-10-27,24.371017456054688,25.007927133813123,24.20256965592996,24.39394293454579,245990000,NVDA
2021-10-28,24.859411239624023,24.868382573846535,24.442779360511576,24.79661760339399,234204000,NVDA
2021-10-29,25.483362197875977,25.62489787147844,24.91821758575926,24.91921376694326,292503000,NVDA
2021-11-01,25.742511749267578,25.80929200930688,25.144474150231424,25.565094542912135,265740000,NVDA
2021-11-02,26.314634323120117,26.590728607704555,25.71560052254652,25.737529816984793,294112000,NVDA
2021-11-03,26.510988235473633,26.696380585852886,26.14917676933632,26.582753200243893,239910000,NVDA
2021-11-04,29.70351791381836,31.262401059168756,27.029293768949643,27.139930735345178,1153631000,NVDA
2021-11-05,29.654674530029297,31.297282321186877,29.313792339899493,30.088251003295557,851260000,NVDA
2021-11-08,30.703231811523438,30.998263036065406,29.809164902811037,30.05037382681619,503101000,NVDA
2021-11-09,30.556713104248047,32.204307519629445,29.86598118563401,32.17639923609389,646746000,NVDA
2021-11-10,29.362628936767578,30.749079234219863,28.683856969426465,29.25996714814897,636206000,NVDA
2021-11-11,30.290586471557617,30.489932984419298,29.679592774599925,30.368332333995184,332172000,NVDA
2021-11-12,30.290586471557617,30.579638725096128,29.53307238423617,29.911830378451516,413054000,NVDA
2021-11-15,29.926782608032227,30.543757233968925,29.151327703396426,30.45205912496515,384909000,NVDA
2021-11-16,30.104198455810547,30.29058701140295,29.608824510774056,29.661652535322734,264484000,NVDA
2021-11-17,29.165281295776367,30.409199941675634,28.705788874793846,30.31849611458015,428508000,NVDA
2021-11-18,31.571380615234375,32.65283033546003,31.218538566380822,32.26111820971524,781711000,NVDA
2021-11-19,32.87709426879883,32.97975795583658,31.80062743099509,32.1375210519031,533867000,NVDA
2021-11-22,31.851465225219727,34.533662437419686,31.795648655207987,33.40735781762492,754335000,NVDA
2021-11-23,31.642152786254883,32.25414458908274,30.778984519657556,31.431842568314533,532163000,NVDA
2021-11-24,32.56711959838867,32.747527284466,30.826830664303046,31.358088106593186,435162000,NVDA
2021-11-26,31.399946212768555,32.60299664841291,31.2474468349952,32.493355877058754,283069000,NVDA
2021-11-29,33.26683044433594,33.302711992921004,31.931213276155148,32.260135709661235,454964000,NVDA
2021-11-30,32.56910705566406,33.24389436052743,31.759764944757165,33.06049435573746,622066000,NVDA
2021-12-01,31.33600425720215,33.184167626613956,31.281177159177126,33.114388375070114,484368000,NVDA
2021-12-02,32.02482986450195,32.375722550194084,30.9272972457991,31.11570313644076,472890000,NVDA
2021-12-03,30.59634017944336,32.02781864594945,30.03511159214112,31.89922328972484,544325000,NVDA
2021-12-06,29.94240951538086,30.145765658155717,27.94970412663919,29.785902441906565,658938000,NVDA
2021-12-07,32.32488250732422,32.346816391112846,30.554476224251633,30.859514259780514,593053000,NVDA
2021-12-08,31.725772857666016,32.18831231520401,31.32204761084049,31.898228375722542,475551000,NVDA
2021-12-09,30.39397621154785,32.103577136564674,30.33217119720817,31.634057907928252,488507000,NVDA
2021-12-10,30.10289764404297,31.206411727993792,29.76695906181619,31.051899183722014,488825000,NVDA
2021-12-13,28.07231330871582,30.19859728465225,28.027454948851968,30.1537389247884,598344000,NVDA
2021-12-14,28.24775505065918,28.58768070622938,27.164178566252954,27.611763887759054,667035000,NVDA
2021-12-15,30.363079071044922,30.403950320139508,27.750332756169268,28.31056319651723,698297000,NVDA
2021-12-16,28.297603607177734,31.061871670056004,28.004530741243016,31.053897441434426,707366000,NVDA
2021-12-17,27.713451385498047,28.830921489909592,27.672580135131074,27.896871959169967,713758000,NVDA
2021-12-20,27.631711959838867,28.05537286246123,27.05952009504959,27.219016098484527,461847000,NVDA
2021-12-21,28.98343849182129,29.028296854991318,27.31470852270142,28.284645850680768,524385000,NVDA
2021-12-22,29.307411193847656,29.461923742071825,28.359405933040755,28.800015295930997,395184000,NVDA
2021-12-23,29.546653747558594,29.9643348089571,29.338312319080405,29.661291348376615,343022000,NVDA
2021-12-27,30.847549438476562,30.989102457785446,29.54665876702278,29.566596240467327,403686000,NVDA
2021-12-28,30.22650718688965,31.231332106487933,29.917482103381964,31.21338914387757,420591000,NVDA
2021-12-29,29.906524658203125,30.45180300742928,29.273524079864508,30.17766937777833,343139000,NVDA
2021-12-30,29.492828369140625,30.36108570963226,29.44697370362588,29.73306863749012,308864000,NVDA
2021-12-31,29.318378448486328,29.935430483532848,29.23863045980728,29.58055069803875,266530000,NVDA
2022-01-03,30.026142120361328,30.61428422261977,29.69119982289277,29.721106030264906,391547000,NVDA
2022-01-04,29.197757720947266,30.372047335762616,28.259721233713027,30.18164886854297,527154000,NVDA
2022-01-05,27.517066955566406,29.323360707048195,27.44629140730359,28.857830469478007,498064000,NVDA
2022-01-06,28.08926010131836,28.348441526045892,26.979766244192536,27.552954288101756,454186000,NVDA
2022-01-07,27.161190032958984,28.33249071472493,26.971787872683233,28.05237553867087,409939000,NVDA
2022-01-10,27.31371307373047,27.38249602616525,25.563242453455118,26.497291979306667,594681000,NVDA
2022-01-11,27.72939682006836,27.976616901866414,26.754478046594247,27.236953065488187,404089000,NVDA
2022-01-12,27.910825729370117,28.50494756627951,27.52105632637495,27.97861047249407,383413000,NVDA
2022-01-13,26.491310119628906,28.390309630110426,26.41455104320911,28.289627869102336,540171000,NVDA
2022-01-14,26.857152938842773,27.11135095047714,26.127457823826212,26.21717454542164,395832000,NVDA
2022-01-18,25.821426391601562,26.554112344866216,25.688845811972694,26.177302480368454,424270000,NVDA
2022-01-19,24.988061904907227,26.459413722363188,24.973109749263845,25.99687608868957,488315000,NVDA
2022-01-20,24.073945999145508,25.49844661807642,24.002172240904777,25.22431303336184,435181000,NVDA
2022-01-21,23.30038833618164,24.74482437792811,23.189737849885887,23.432968898581162,718958000,NVDA
2022-01-24,23.29839515686035,23.30636938474509,20.822218672511546,22.259676871868574,913982000,NVDA
2022-01-25,22.25369644165039,22.87074846480711,21.930717378924925,22.47499743870543,664616000,NVDA
2022-01-26,22.70028305053711,23.98123602247963,22.229769407799456,23.166809579557935,755959000,NVDA
2022-01-27,21.874895095825195,23.919436763705882,21.606741215717612,23.493781409014357,573353000,NVDA
2022-01-28,22.76807403564453,22.786017001467613,21.228935667863265,21.942680495703392,543774000,NVDA
2022-01-31,24.408885955810547,24.43181423649078,22.979402057018028,23.108991809594748,564680000,NVDA
2022-02-01,24.560409545898438,25.065812851502276,23.81476408120491,25.024941605227585,518925000,NVDA
2022-02-02,25.162504196166992,25.7356921679696,24.475673031706393,25.712765789902505,543419000,NVDA
2022-02-03,23.872581481933594,24.998025678674647,23.705111287686467,24.38097558762337,410178000,NVDA
2022-02-04,24.242414474487305,24.55741930721573,23.557577711661764,23.89650713053911,354829000,NVDA
2022-02-07,24.65012550354004,25.1026943053942,24.125781045791168,24.29524574603593,376868000,NVDA
2022-02-08,25.028928756713867,25.150544291203026,23.904480837599923,24.28228698772841,410359000,NVDA
2022-02-09,26.620901107788086,26.640838580536943,25.27315951224319,25.54131148574977,524282000,NVDA
2022-02-10,25.742673873901367,26.840206412140088,25.519380273324217,25.91313678658992,513200000,NVDA
2022-02-11,23.873577117919922,26.069640256444483,23.69813270066166,25.834383427476414,605472000,NVDA
2022-02-14,24.19057846069336,24.79666354683214,23.680189818886806,23.85862696314563,440424000,NVDA
2022-02-15,26.411561965942383,26.461403743864466,24.705949858768733,24.870429246985168,699869000,NVDA
2022-02-16,26.42751121520996,26.498288671486034,25.47153166394175,26.176305909012655,732676000,NVDA
2022-02-17,24.429821014404297,25.70379613633401,24.088899004953028,25.549283587406155,810595000,NVDA
2022-02-18,23.567546844482422,24.9073141846699,23.027253892651444,24.590314838865833,761255000,NVDA
2022-02-22,23.316341400146484,23.988218678165815,22.92757016662024,22.9624597952012,633422000,NVDA
2022-02-23,22.31649398803711,24.07892743767487,22.230766294851055,23.72703852956815,566511000,NVDA
2022-02-24,23.673213958740234,23.72505025027843,20.82421433341637,20.948820693767292,735801000,NVDA
2022-02-25,24.080923080444336,24.140733592878306,23.30736782876033,23.646297234789348,528866000,NVDA
2022-02-28,24.308204650878906,24.58732353254716,23.63234037536328,23.916442673962294,477319000,NVDA
2022-03-01,23.403066635131836,24.300233919081215,23.059153777179308,24.214504305072836,412056000,NVDA
2022-03-02,24.147838592529297,24.336276568768735,23.345238595457605,23.685222229370265,389642000,NVDA
2022-03-03,23.643354415893555,24.253530722279436,23.399083457694523,24.189720304280602,365095000,NVDA
2022-03-04,22.867666244506836,23.609449084190494,22.415018401859665,23.314331446054602,431415000,NVDA
2022-03-07,21.28838539123535,22.964378855624652,21.266451574671656,22.749020877092576,450821000,NVDA
2022-03-08,21.449899673461914,22.306339565350985,20.58847361397796,21.24551054038405,557467000,NVDA
2022-03-09,22.945436477661133,23.150822137347905,22.180721331376475,22.320303633914452,492742000,NVDA
2022-03-10,22.590492248535156,22.720104081485786,21.816803338925023,22.463869834153396,428066000,NVDA
2022-03-11,22.034154891967773,23.076041459647897,21.980314929450074,22.9534068346535,367209000,NVDA
2022-03-14,21.266450881958008,22.195673358229172,21.095960818464654,21.80384458359265,385354000,NVDA
2022-03-15,22.904558181762695,22.9693650655766,21.258477785552948,21.453893008438502,491996000,NVDA
2022-03-16,24.423019409179688,24.523718332751294,23.10296459283885,23.429986500774472,671422000,NVDA
2022-03-17,24.692214965820312,24.76798684900342,23.834776570421486,24.04813969626861,471941000,NVDA
2022-03-18,26.37418556213379,26.489841079768297,24.550636279337244,24.725114127062692,730719000,NVDA
2022-03-21,26.654348373413086,27.07110416186951,25.889633364007818,26.42802540885607,591727000,NVDA
2022-03-22,26.444974899291992,27.156848316591432,25.994321917033023,26.647369201302396,547007000,NVDA
2022-03-23,25.55763053894043,26.532715564299693,25.498806299804944,26.048163421646912,502120000,NVDA
2022-03-24,28.066133499145508,28.23562710130492,25.82981594503605,26.088045093021876,877379000,NVDA
2022-03-25,27.609495162963867,28.273511278243372,27.189749942659294,27.802917411678866,579016000,NVDA
2022-03-28,28.13492774963379,28.165835529081235,27.124945266667112,27.67330780734801,425494000,NVDA
2022-03-29,28.57062339782715,28.85975839254765,27.896636856560235,28.60950676132991,488984000,NVDA
2022-03-30,27.607498168945312,28.411096448284074,27.421055061663,28.2196690752362,463487000,NVDA
2022-03-31,27.204702377319336,28.1638360522598,27.188751204527012,27.69922486553173,523440000,NVDA
2022-04-01,26.632413864135742,27.41407840137785,26.188740006342908,27.29343862106805,517235000,NVDA
2022-04-04,27.278488159179688,27.475898220814116,26.53371392218008,26.648371079518313,397120000,NVDA
2022-04-05,25.85374641418457,27.23761178708363,25.7430770432779,27.17280490188313,436615000,NVDA
2022-04-06,24.334285736083984,25.22462494159722,23.93149001085727,24.859716112456148,703833000,NVDA
2022-04-07,24.13587760925293,24.648346195017268,23.40805294497013,24.36818323767015,557992000,NVDA
2022-04-08,23.05011749267578,23.851722863847915,22.993288112629596,23.84574022331702,524781000,NVDA
2022-04-11,21.851699829101562,22.253499000395795,21.595465570939584,22.147815823189774,575207000,NVDA
2022-04-12,21.439931869506836,22.65729475827579,21.218593162457935,22.46985514903304,662258000,NVDA
2022-04-13,22.136850357055664,22.432966395854017,21.39107965829104,21.663267032253867,516943000,NVDA
2022-04-14,21.194664001464844,22.70913934444599,21.09994772609378,22.437948470033938,569097000,NVDA
2022-04-18,21.718097686767578,22.02218733055563,21.01619480926674,21.136834574331875,525701000,NVDA
2022-04-19,22.13186264038086,22.3063404800413,21.25049567770769,21.655286167385736,512781000,NVDA
2022-04-20,21.418001174926758,22.60246161145475,21.13684172009428,22.449917550765523,468974000,NVDA
2022-04-21,20.122867584228516,22.325285752038848,19.940412249254727,21.644320110833693,656209000,NVDA
2022-04-22,19.45686149597168,20.42496942149323,19.441906791588313,20.242514041017387,624713000,NVDA
2022-04-25,19.842710494995117,19.885581663708464,19.039111888261125,19.144795100205567,641566000,NVDA
2022-04-26,18.732025146484375,19.72904585331805,18.614376672651343,19.659254708106264,653143000,NVDA
2022-04-27,18.360139846801758,19.109898429876335,18.235512240679018,18.542593323392335,499460000,NVDA
2022-04-28,19.723058700561523,19.977299987584416,18.43490842453144,18.910486477885513,570327000,NVDA
2022-04-29,18.491743087768555,20.06803212955995,18.46183178332937,19.344195296792407,500435000,NVDA
2022-05-02,19.474809646606445,19.515685965834255,18.33621161238918,18.48576436293733,572049000,NVDA
2022-05-03,19.543598175048828,19.7659352569291,19.07599562451621,19.342200337321106,475751000,NVDA
2022-05-04,20.27341651916504,20.33921986356432,18.695132726502678,19.863641752299557,648855000,NVDA
2022-05-05,18.787857055664062,19.86563575823811,18.444882087815973,19.807809899114023,626331000,NVDA
2022-05-06,18.619356155395508,19.453862166104038,17.93639767916028,18.68017522440526,633297000,NVDA
2022-05-09,16.899499893188477,18.200610175903677,16.776865264300895,17.980269856071814,644455000,NVDA
2022-05-10,17.542577743530273,18.143781837571737,16.974276274336525,17.636297548198513,761474000,NVDA
2022-05-11,16.5804500579834,17.700105173473105,16.518636414884845,17.295314714048374,670167000,NVDA
2022-05-12,16.126808166503906,16.73798268883239,15.520620763164581,16.170677698614824,708728000,NVDA
2022-05-13,17.653249740600586,17.8745884809046,16.5435666197067,16.737985372316167,670437000,NVDA
2022-05-16,17.21256446838379,17.735003457169242,17.055036163870508,17.456835364759026,521446000,NVDA
2022-05-17,18.122844696044922,18.316266948710442,17.581463204511554,18.020150928461515,585830000,NVDA
2022-05-18,16.88753318786621,18.06401769834439,16.813754263169248,17.652248119677026,545161000,NVDA
2022-05-19,17.07298469543457,17.634307130960774,16.684145291017686,16.886541532338022,621310000,NVDA
2022-05-20,16.64426040649414,17.358126686206212,15.708058031276178,17.28035996987774,739105000,NVDA
2022-05-23,16.84765625,16.86460579941811,16.13079851441161,16.225514794885957,639889000,NVDA
2022-05-24,16.105871200561523,16.547552147553244,15.732985873904111,16.460811455935517,588550000,NVDA
2022-05-25,16.924428939819336,17.060023452980932,15.952333251945635,15.972274124910482,781132000,NVDA
2022-05-26,17.797819137573242,18.038100388049628,15.974267519878618,15.988225751012793,996575000,NVDA
2022-05-27,18.754955291748047,18.82474642934616,18.046073205336302,18.1318174179565,738379000,NVDA
2022-05-31,18.61636734008789,19.14279403338094,18.295326242537005,18.923448310065066,664100000,NVDA
2022-06-01,18.26541519165039,18.996231017813137,18.06800517898297,18.668212704516566,544514000,NVDA
2022-06-02,19.53362274169922,19.56054271848349,18.143777201107206,18.237496981826276,648656000,NVDA
2022-06-03,18.664228439331055,19.274406575530012,18.46681836923716,19.025151378896318,598779000,NVDA
2022-06-06,18.730031967163086,19.279391018883036,18.508693228823383,19.081980946985432,422406000,NVDA
2022-06-07,18.869613647460938,18.9433925831492,18.133811531545238,18.416965795176733,388914000,NVDA
2022-06-08,18.596372604370117,19.12689931949138,18.4836845843309,18.74695362356912,363252000,NVDA
2022-06-09,17.998029708862305,18.880579582283133,17.991049120633004,18.42983139770459,395574000,NVDA
2022-06-10,16.927005767822266,17.648003603750368,16.822295031090142,17.551272041612552,465248000,NVDA
2022-06-13,15.603681564331055,16.266840472595092,15.562794707707624,15.955703971257755,604153000,NVDA
2022-06-14,15.792156219482422,16.021518975223227,15.369329385877796,15.687446432401757,469680000,NVDA
2022-06-15,16.481245040893555,16.821300578805904,15.881908139766276,16.050439932166825,563936000,NVDA
2022-06-16,15.557806968688965,15.897863432906357,15.358360878066698,15.816089727372347,545749000,NVDA
2022-06-17,15.83603572845459,15.950717118320277,15.285563915858456,15.604677679322638,630334000,NVDA
2022-06-21,16.52013397216797,16.960909651002094,16.36157379723121,16.429386318006205,483089000,NVDA
2022-06-22,16.314706802368164,16.61587073985761,16.135204840649315,16.181077014713374,437135000,NVDA
2022-06-23,16.180078506469727,16.539080487355168,15.809107764015794,16.473263235618262,463680000,NVDA
2022-06-24,17.078584671020508,17.09254584996885,16.26484385133375,16.454318352824092,472153000,NVDA
2022-06-27,16.822296142578125,17.282020263994987,16.579968879448046,17.26407044859053,427968000,NVDA
2022-06-28,15.937750816345215,17.154372304605772,15.900852604328026,16.853208409572957,461149000,NVDA
2022-06-29,15.498971939086914,15.776202177014092,15.128002076209375,15.770219221628231,482352000,NVDA
2022-06-30,15.117032051086426,15.523902477901675,14.820854376855518,15.318472470620367,686070000,NVDA
2022-07-01,14.482794761657715,15.02129980511863,14.352157851483383,14.857754258682988,577610000,NVDA
2022-07-05,14.922571182250977,14.92955177197515,14.01608834866183,14.135756008662238,651397000,NVDA
2022-07-06,15.088111877441406,15.27658874989287,14.748055399282007,14.968444218161782,529066000,NVDA
2022-07-07,15.814094543457031,15.900853564352674,15.346393177463765,15.413208065905915,492903000,NVDA
2022-07-08,15.79415225982666,15.992601679207207,15.346394973873567,15.387281829188536,467972000,NVDA
2022-07-11,15.110051155090332,15.484012943856513,14.996366451757986,15.483015309181383,437321000,NVDA
2022-07-12,15.040243148803711,15.388276870570849,14.83581079611465,15.22572805239749,458483000,NVDA
2022-07-13,15.122016906738281,15.332433178961859,14.424952733218012,14.549606661502255,521918000,NVDA
2022-07-14,15.329440116882324,15.430160316266676,14.68722307156985,15.066171100260284,456235000,NVDA
2022-07-15,15.71835994720459,15.738304078810243,15.402237234811885,15.615645434505847,385935000,NVDA
2022-07-18,16.056425094604492,16.850220940420993,15.957700144549596,16.256868850127862,670517000,NVDA
2022-07-19,16.944957733154297,17.062631077163257,16.127228231279975,16.440358091474902,702366000,NVDA
2022-07-20,17.757699966430664,17.88335248572077,16.754486493931914,16.900082197018165,760538000,NVDA
2022-07-21,18.00002670288086,18.093766321144624,17.496425663382336,17.835484504614854,557049000,NVDA
2022-07-22,17.271053314208984,17.917258166341586,17.089556062811305,17.843463625700892,536671000,NVDA
2022-07-25,16.976869583129883,17.0765931156567,16.602907762705456,16.971882360366042,480748000,NVDA
2022-07-26,16.48722267150879,16.872153555435744,16.432374656838412,16.842235937778984,397865000,NVDA
2022-07-27,17.74074363708496,17.886339298327457,16.86617108417611,16.984841077447076,569776000,NVDA
2022-07-28,17.9342098236084,18.089778068252926,17.39171718778261,17.925235866496404,474646000,NVDA
2022-07-29,18.112716674804688,18.193491806144685,17.643019947154993,17.763685253323978,435460000,NVDA
2022-08-01,18.389944076538086,18.79382347486427,17.940192505913,18.13166037008038,476469000,NVDA
2022-08-02,18.474706649780273,18.885566611126666,18.041908238318054,18.071825862895118,489527000,NVDA
2022-08-03,18.84069061279297,18.915483721167206,18.086783232155426,18.1336539858444,418146000,NVDA
2022-08-04,19.161802291870117,19.220638962108396,18.708062062276774,18.796816360490926,409652000,NVDA
2022-08-05,18.936431884765625,19.17576724952665,18.61432611149034,18.757926569519594,386068000,NVDA
2022-08-08,17.743738174438477,18.188504443935763,17.19426496293747,17.45354536402082,981859000,NVDA
2022-08-09,17.038694381713867,17.398694940794755,16.677697139131496,17.20423514221183,668263000,NVDA
2022-08-10,18.046897888183594,18.067839657584745,17.269056663137828,17.64900236749365,597422000,NVDA
2022-08-11,17.8923282623291,18.655211706632087,17.826510993938886,18.080806109395972,509327000,NVDA
2022-08-12,18.657203674316406,18.66617953381499,17.903296146751718,18.109723796605994,478094000,NVDA
2022-08-15,18.97930908203125,19.110943606719005,18.56147037086015,18.649226086629287,457666000,NVDA
2022-08-16,18.826732635498047,19.089004999072056,18.449778881107083,18.867619490970508,451240000,NVDA
2022-08-17,18.284238815307617,18.636262177287165,18.094766197974923,18.47171996728055,446799000,NVDA
2022-08-18,18.721027374267578,18.812771727418596,18.13266064622917,18.25033399183685,415447000,NVDA
2022-08-19,17.799585342407227,18.468727183536906,17.72080358497965,18.355042477008766,441588000,NVDA
2022-08-22,16.986841201782227,17.509390657788362,16.91902867077679,17.441578126782925,409593000,NVDA
2022-08-23,17.13343620300293,17.416650378436234,16.923019890108804,16.941968295162376,369986000,NVDA
2022-08-24,17.1743221282959,17.357812751409767,16.8482277414163,16.964902510641934,522661000,NVDA
2022-08-25,17.863405227661133,17.897311489093674,16.786395448843106,16.797364674114142,770691000,NVDA
2022-08-26,16.214981079101562,17.874373512103524,16.19204404414736,17.80755957837467,769127000,NVDA
2022-08-29,15.757254600524902,16.292767620206746,15.723349284871533,15.97564911347893,496132000,NVDA
2022-08-30,15.425174713134766,15.994592953755117,15.139966300020541,15.915812157547325,530181000,NVDA
2022-08-31,15.052212715148926,15.496978080522329,14.91758622911399,15.341409823464284,573710000,NVDA
2022-09-01,13.898412704467773,14.340186004315418,13.233259619419709,14.169658975117944,1178865000,NVDA
2022-09-02,13.609216690063477,14.131765139366534,13.553371026300562,14.060962564890257,743157000,NVDA
2022-09-06,13.42772102355957,13.740851814141763,13.314036323816168,13.692984371926862,535751000,NVDA
2022-09-07,13.680095672607422,13.803789664823167,13.313005420498245,13.529468955559182,512657000,NVDA
2022-09-08,13.955411911010742,13.973368010349136,13.335947888457856,13.425724579883743,624873000,NVDA
2022-09-09,14.351430892944336,14.438215695022928,14.091076486708564,14.121999030627672,486612000,NVDA
2022-09-12,14.469141960144043,14.51103794829657,14.162900742293347,14.333478488607273,484159000,NVDA
2022-09-13,13.098536491394043,13.887581309355834,13.06661601426547,13.767878093148786,714956000,NVDA
2022-09-14,13.095544815063477,13.25714401689083,12.881076192438005,13.22123276604588,588507000,NVDA
2022-09-15,12.8970365524292,13.200284898230091,12.758380252068209,12.982824382811994,523625000,NVDA
2022-09-16,13.16537094116211,13.179336268504516,12.585807002502516,12.710497968812046,670751000,NVDA
2022-09-19,13.348915100097656,13.42971516771623,12.977835069768854,12.979829980486416,569685000,NVDA
2022-09-20,13.143424987792969,13.44966616014184,13.024719705664902,13.182329079094677,524818000,NVDA
2022-09-21,13.228214263916016,13.996311035255735,13.077587561187178,13.18033355166007,807679000,NVDA
2022-09-22,12.529945373535156,13.116491960905076,12.397274767166287,13.037686800354493,759162000,NVDA
2022-09-23,12.48505687713623,12.579822277960686,12.22669736982,12.38929449653901,663309000,NVDA
2022-09-26,12.197771072387695,12.627706312935176,12.183805742416402,12.460121401962885,547343000,NVDA
2022-09-27,12.38231086730957,12.704512253671364,12.22769434741233,12.476078329732838,553854000,NVDA
2022-09-28,12.704512596130371,12.791297397761815,12.323457052729534,12.379318359284666,542414000,NVDA
2022-09-29,12.189789772033691,12.469097284845578,11.916466992118151,12.417225794477423,532763000,NVDA
2022-09-30,12.108988761901855,12.601767882452046,12.045146859340639,12.057117275528151,565638000,NVDA
2022-10-03,12.481066703796387,12.64665666780186,12.075072388322885,12.316474670852143,547478000,NVDA
2022-10-04,13.13444709777832,13.187316515119232,12.847159012438114,12.847159012438114,584182000,NVDA
2022-10-05,13.176342010498047,13.288065568546982,12.58979642251968,12.879079395215982,507131000,NVDA
2022-10-06,13.097537994384766,13.622237554535424,13.070604321982783,13.187315633969387,644157000,NVDA
2022-10-07,12.046144485473633,12.638675790831929,11.992278089651654,12.474083761565735,672478000,NVDA
2022-10-10,11.641148567199707,12.094025672565365,11.379796220873162,12.007240867482555,698699000,NVDA
2022-10-11,11.557356834411621,11.81671332375179,11.255105480239216,11.532418070127365,667482000,NVDA
2022-10-12,11.471569061279297,11.705987738753207,11.316952527256786,11.550374224944592,492590000,NVDA
2022-10-13,11.930432319641113,12.048140628446744,10.786267640804748,10.943877022867374,850103000,NVDA
2022-10-14,11.199243545532227,12.081057843251315,11.176300644723986,12.0271914472458,713432000,NVDA
2022-10-17,11.85860824584961,11.918460323463654,11.488526149600807,11.489523129293081,580774000,NVDA
2022-10-18,11.937413215637207,12.46111484348481,11.589276093854338,12.313480989431524,659362000,NVDA
2022-10-19,12.021206855773926,12.319468398644798,11.804743321043421,11.84963214701234,523131000,NVDA
2022-10-20,12.16385269165039,12.737430913529549,12.07507202855851,12.083052622860917,652398000,NVDA
2022-10-21,12.435179710388184,12.467101136617279,11.857611660936854,12.068089492311048,609494000,NVDA
2022-10-24,12.567852020263672,12.678577660700563,12.034174829585528,12.477077391333092,517457000,NVDA
2022-10-25,13.228214263916016,13.267118353397784,12.632690116328606,12.662616631719668,505482000,NVDA
2022-10-26,12.864119529724121,13.35490287684184,12.676584561088767,12.837186801922265,532953000,NVDA
2022-10-27,13.143424987792969,13.803788998303101,13.089558589412318,13.59630304820485,583113000,NVDA
2022-10-28,13.799798011779785,13.815759201014696,13.028709325811903,13.071603238162181,521040000,NVDA
2022-10-31,13.463631629943848,13.803789144395994,13.264126272475048,13.74393706149706,486341000,NVDA
2022-11-01,13.509517669677734,13.890573215216364,13.4855768377865,13.77685473939127,432817000,NVDA
2022-11-02,13.186318397521973,14.174868513384318,13.178338754402183,13.815758887447336,672628000,NVDA
2022-11-03,13.387819290161133,13.74692988442399,12.92396969143258,13.01075449802835,500065000,NVDA
2022-11-04,14.121002197265625,14.193821673388257,13.663136398930058,13.95142241289194,612576000,NVDA
2022-11-07,14.265643119812012,14.3763687541529,13.919501841346959,14.192823644192917,410061000,NVDA
2022-11-08,14.565900802612305,14.854185888099915,14.18085444989022,14.764408236163073,595292000,NVDA
2022-11-09,13.741942405700684,14.175867398651944,13.724984235954823,14.12698780032859,454414000,NVDA
2022-11-10,15.7110595703125,15.734002468996637,14.51103380892337,14.763408548398209,700819000,NVDA
2022-11-11,16.28663444519043,16.348481436653724,15.443724222491777,15.767920535169456,655487000,NVDA
2022-11-14,16.25471305847168,16.499108168761815,15.882635102124247,16.177903764636575,527852000,NVDA
2022-11-15,16.624797821044922,16.955975861509707,16.341499544736198,16.680659131421315,545876000,NVDA
2022-11-16,15.8706636428833,16.321545774103036,15.83375541924032,16.122041399716775,649547000,NVDA
2022-11-17,15.638242721557617,16.225787271704426,15.496593581923413,15.676148882942353,710894000,NVDA
2022-11-18,15.370903968811035,15.962438276776751,15.082617967788815,15.926526078879489,492072000,NVDA
2022-11-21,15.279131889343262,15.43873616621096,15.0427173645285,15.1095521073422,404739000,NVDA
2022-11-22,15.998353004455566,16.01830401963345,15.084617057750513,15.29010813802562,472866000,NVDA
2022-11-23,16.47816276550293,16.486144313073122,16.008328349427657,16.05820398423219,427241000,NVDA
2022-11-25,16.229780197143555,16.446242818507432,16.132022884269546,16.277661873589395,167934000,NVDA
2022-11-28,15.787873268127441,16.316563724326194,15.6861261407486,15.986380720692408,303741000,NVDA
2022-11-29,15.600336074829102,15.89261191979211,15.48163079273218,15.787871013684132,298384000,NVDA
2022-11-30,16.88547706604004,16.892461514531075,15.562416984934226,15.662194684583332,565298000,NVDA
2022-12-01,17.09701156616211,17.22672251600334,16.59812007687738,16.961313400800822,470977000,NVDA
2022-12-02,16.838584899902344,16.895459640770735,16.408540682249722,16.622066938764753,371389000,NVDA
2022-12-05,16.57317352294922,16.957320143368804,16.43547900431618,16.64202078226574,352255000,NVDA
2022-12-06,15.951555252075195,16.53625550550943,15.783927508680161,16.493351572776334,352694000,NVDA
2022-12-07,16.084260940551758,16.150114595724432,15.632264273659429,15.737031971375904,372388000,NVDA
2022-12-08,17.130935668945312,17.140913726572844,15.923617339692608,16.236922259213415,515456000,NVDA
2022-12-09,16.963308334350586,17.544018774553155,16.93736690492108,17.121956228129644,465338000,NVDA
2022-12-12,17.496124267578125,17.499117875319435,16.75976146929497,16.99922915428006,457328000,NVDA
2022-12-13,18.031936645507812,18.748345320787976,17.671736886309308,18.48991872198985,656589000,NVDA
2022-12-14,17.63481330871582,18.2115327974786,17.381376762267838,17.94711905663919,496888000,NVDA
2022-12-15,16.914419174194336,17.281603394082957,16.662978923275983,17.10798934374783,478542000,NVDA
2022-12-16,16.53426170349121,17.003220944622573,16.373619336340138,16.82661330300129,478232000,NVDA
2022-12-19,16.217960357666016,16.572172773420323,16.109202785089362,16.53525606050728,354039000,NVDA
2022-12-20,16.04933738708496,16.27383892516191,15.816855115740298,16.02838403707244,403260000,NVDA
2022-12-21,16.464418411254883,16.59014043707696,16.066302786245483,16.078277218761983,325025000,NVDA
2022-12-22,15.304991722106934,16.102221001275094,14.849005155476785,16.058317929250357,565045000,NVDA
2022-12-23,15.17228889465332,15.304993457460409,14.850005025607482,15.162310836101799,349326000,NVDA
2022-12-27,14.089693069458008,15.066522651056324,14.024836646016347,15.04058027199165,464902000,NVDA
2022-12-28,14.004880905151367,14.23037967097622,13.85321747946532,13.896122364527548,351066000,NVDA
2022-12-29,14.570624351501465,14.650446912717559,14.195458504097823,14.370070713593025,354923000,NVDA
2022-12-30,14.581599235534668,14.596565369641379,14.201443443017887,14.302219345783994,310490000,NVDA
2023-01-03,14.283263206481934,14.962754136499147,14.064748866809973,14.818075144951218,401277000,NVDA
2023-01-04,14.716301918029785,14.820071447404848,14.209428703147058,14.5347061931835,431324000,NVDA
2023-01-05,14.23337459564209,14.531711494421922,14.116633408077806,14.458873382334806,389168000,NVDA
2023-01-06,14.826055526733398,14.976720759443683,14.002884868402322,14.441908902325604,405044000,NVDA
2023-01-09,15.593350410461426,16.020400961589182,15.107429705260227,15.250113252108315,504231000,NVDA
2023-01-10,15.87372875213623,15.926610744079499,15.437697345288079,15.472619594978903,384101000,NVDA
2023-01-11,15.965522766113281,15.992463329246284,15.528494153741377,15.804880428301976,353285000,NVDA
2023-01-12,16.474393844604492,16.60011394726638,15.457652972865747,16.064305755567425,551409000,NVDA
2023-01-13,16.861530303955078,16.88448002202159,16.129158535617503,16.24190694735418,447287000,NVDA
2023-01-17,17.662757873535156,17.68870121113587,16.861538466264395,16.861538466264395,511102000,NVDA
2023-01-18,17.338476181030273,17.833374940410984,17.243685577032387,17.62783226446367,439624000,NVDA
2023-01-19,16.727832794189453,17.158876197897794,16.693909676604797,16.998231918602517,452932000,NVDA
2023-01-20,17.799448013305664,17.81641051877651,16.787696318202407,16.973282837444028,564967000,NVDA
2023-01-23,19.15044593811035,19.202330689022208,17.778494597709305,18.023947550946506,655163000,NVDA
2023-01-24,19.222286224365234,19.451777728959655,18.778273155345232,18.7852576049282,496204000,NVDA
2023-01-25,19.280162811279297,19.32705950006516,18.538809936927446,18.871071892196763,449537000,NVDA
2023-01-26,19.758098602294922,20.121291926493868,19.235260153653364,19.657322688857523,489535000,NVDA
2023-01-27,20.319849014282227,20.582266410433473,19.36197832095678,19.41885115591402,542142000,NVDA
2023-01-30,19.11951446533203,20.095344769702777,19.107540036562035,19.90576740996117,488611000,NVDA
2023-01-31,19.49368667602539,19.643353741949113,18.90798817511003,19.127499744923487,498017000,NVDA
2023-02-01,20.896570205688477,21.145016818201913,19.567522516028927,19.647345080075983,660477000,NVDA
2023-02-02,21.660869598388672,21.900337276933485,20.65410773302951,20.953441855430544,564276000,NVDA
2023-02-03,21.053218841552734,21.696789246514708,20.74290754825101,20.95344017438409,429366000,NVDA
2023-02-06,21.042245864868164,21.522178471104034,20.739916222678673,20.759872338931974,452197000,NVDA
2023-02-07,22.123844146728516,22.209653931499272,21.10311135974189,21.33459738007037,664150000,NVDA
2023-02-08,22.155771255493164,22.827279543884256,21.959207503696422,22.33736696829217,559651000,NVDA
2023-02-09,22.287477493286133,22.96896380674192,22.07095953858251,22.555882109825383,523876000,NVDA
2023-02-10,21.217851638793945,22.02904881959799,20.7648596572667,21.64191049076745,550737000,NVDA
2023-02-13,21.739696502685547,21.99912031573908,20.91552751667087,21.490250748186387,474919000,NVDA
2023-02-14,22.920072555541992,22.99789874171555,21.318629492503824,21.530159368940577,675474000,NVDA
2023-02-15,22.713525772094727,22.80432360374554,22.056985701653954,22.4990023350932,420575000,NVDA
2023-02-16,21.953222274780273,22.500005788164945,21.878387788866807,22.08393046172455,412026000,NVDA
2023-02-17,21.34058380126953,21.691802710091036,20.928499305845392,21.583045106514625,465888000,NVDA
2023-02-21,20.609207153320312,21.44634583081081,20.5722885301492,20.953441579866375,410015000,NVDA
2023-02-22,20.70798683166504,21.05721124102222,20.37572493019937,20.661092053593148,513184000,NVDA
2023-02-23,23.61153793334961,23.835042267919597,22.97395461774742,23.388035501899783,1117995000,NVDA
2023-02-24,23.234376907348633,23.421961761973428,22.896129634254915,23.173513218327404,589716000,NVDA
2023-02-27,23.448896408081055,23.827055854409227,23.40200162980687,23.617522349762986,452994000,NVDA
2023-02-28,23.164531707763672,23.772182763684846,23.154553648538275,23.320186006063462,455963000,NVDA
2023-03-01,22.64767837524414,23.204441849787724,22.458099073317108,23.140582657134395,460026000,NVDA
2023-03-02,23.262311935424805,23.328165597904217,22.382267363825353,22.438144871095187,389415000,NVDA
2023-03-03,23.837032318115234,23.847010375257764,23.078717103361356,23.268296382829778,412393000,NVDA
2023-03-06,23.501779556274414,24.19423923751773,23.43492676138987,23.83803229096399,437429000,NVDA
2023-03-07,23.24031639099121,24.07560247170694,23.193411743392723,23.551677824513874,515154000,NVDA
2023-03-08,24.13148307800293,24.15044517574278,23.376033256322696,23.438903973884155,513573000,NVDA
2023-03-09,23.38801383972168,24.403929057492398,23.33512096029611,24.125499097663184,501257000,NVDA
2023-03-10,22.91797637939453,23.57862150456227,22.679465442665016,23.36106747628327,474866000,NVDA
2023-03-13,22.918973922729492,23.250294843227117,22.25134506080111,22.705413316762304,421890000,NVDA
2023-03-14,24.013729095458984,24.169409811888126,23.411963139447696,23.447890629973315,474910000,NVDA
2023-03-15,24.178388595581055,24.23626848807537,23.312165981923513,23.712343919246344,524486000,NVDA
2023-03-16,25.488704681396484,25.535607427755508,23.845075681386035,23.97780468614888,583253000,NVDA
2023-03-17,25.672325134277344,26.3449448193976,25.61544073749828,25.9287988632653,848547000,NVDA
2023-03-20,25.846967697143555,25.970714347329455,25.07854386503028,25.56255140531931,432747000,NVDA
2023-03-21,26.145355224609375,26.337960836204616,25.329031245204536,26.126395026788483,547408000,NVDA
2023-03-22,26.41380500793457,27.53250995771594,26.183277100976117,26.370891881444173,797295000,NVDA
2023-03-23,27.135324478149414,27.442694389660254,26.635350859477686,27.059479880369732,564889000,NVDA
2023-03-24,26.724170684814453,27.11137676176223,26.301039016509158,26.975655534647398,454920000,NVDA
2023-03-27,26.476675033569336,26.944714568093122,26.311014571134052,26.782048221700336,361026000,NVDA
2023-03-28,26.355924606323242,26.45871435039119,25.7970717555382,26.392849502534016,356104000,NVDA
2023-03-29,26.928749084472656,27.022556480928984,26.542542341100866,26.770076147029812,393694000,NVDA
2023-03-30,27.326932907104492,27.442696524698064,27.046508115727384,27.173248891114078,364516000,NVDA
2023-03-31,27.720125198364258,27.777007695296096,27.049500279209546,27.08442846214019,433933000,NVDA
2023-04-03,27.907739639282227,27.942667821784,27.280027855037655,27.452673959085395,398716000,NVDA
2023-04-04,27.396787643432617,27.94266851512213,27.25108667754047,27.908737736009,368592000,NVDA
2023-04-05,26.825960159301758,26.9427192704289,26.3409552107088,26.77406658654195,515015000,NVDA
2023-04-06,26.981639862060547,27.02455108460632,26.372888285157632,26.529566401792227,397654000,NVDA
2023-04-10,27.52252769470215,27.56444150970001,26.614391229529172,26.76807521785466,395279000,NVDA
2023-04-11,27.113370895385742,27.7330996597478,27.070457767266205,27.66723481289394,314378000,NVDA
2023-04-12,26.440752029418945,27.4117593746922,26.39384737924561,27.313960457156856,446259000,NVDA
2023-04-13,26.4088134765625,26.83194507729408,26.275088982964736,26.67925848324337,353615000,NVDA
2023-04-14,26.703208923339844,26.82795296952223,26.166310441978037,26.449729310820583,395660000,NVDA
2023-04-17,26.94671058654785,26.95070210668743,26.37887544680579,26.510605128627287,321471000,NVDA
2023-04-18,27.610349655151367,28.05244337278638,27.30098493529646,27.476625156577658,604812000,NVDA
2023-04-19,27.873809814453125,27.94266877758147,27.176241641344223,27.304977218888993,358660000,NVDA
2023-04-20,27.048500061035156,27.97260451308213,26.94471292728332,27.614338469088974,427713000,NVDA
2023-04-21,27.0634708404541,27.127340875735126,26.66728437395246,26.896812971013922,345103000,NVDA
2023-04-24,26.98662757873535,27.309963550008472,26.616386963271044,26.9576876302619,339282000,NVDA
2023-04-25,26.187271118164062,27.191211864022204,26.17130503524893,27.022557264988468,378527000,NVDA
2023-04-26,26.900806427001953,27.274041202719886,26.65032090270942,26.946713672472086,406337000,NVDA
2023-04-27,27.170249938964844,27.438700120455238,26.57048075680254,27.30697044349632,377161000,NVDA
2023-04-28,27.69218635559082,27.70116680186363,27.015573113602102,27.169259042494186,292216000,NVDA
2023-05-01,28.850805282592773,28.99850296142685,27.723119847489293,27.782996461743867,570329000,NVDA
2023-05-02,28.15223503112793,28.776954560836412,28.025496178380074,28.621273856351937,402730000,NVDA
2023-05-03,27.745071411132812,28.30891502450401,27.415747210218576,27.782993707204334,383387000,NVDA
2023-05-04,27.505563735961914,27.801954572191782,27.184222567509938,27.594380294690612,321850000,NVDA
2023-05-05,28.621273040771484,28.696118323225086,27.674216876393494,27.769021662211923,361494000,NVDA
2023-05-08,29.091310501098633,29.16016946274796,28.291951910306917,28.46359870886539,344979000,NVDA
2023-05-09,28.512496948242188,28.91367423632623,28.3917463228912,28.83982635316878,314869000,NVDA
2023-05-10,28.825857162475586,29.053390963914687,28.402725530757564,28.94561039227481,369350000,NVDA
2023-05-11,28.51948356628418,28.89072351358173,28.18816453314951,28.836833229798795,322149000,NVDA
2023-05-12,28.28196907043457,28.72106862682804,27.988570462268328,28.47058123775665,274222000,NVDA
2023-05-15,28.893714904785156,28.90968288930767,28.09435634331566,28.449626392092515,293926000,NVDA
2023-05-16,29.15318489074707,29.808841156723194,28.77296638486964,28.781946830273363,449405000,NVDA
2023-05-17,30.116209030151367,30.13716594058163,29.369741392303435,29.52342540212538,432535000,NVDA
2023-05-18,31.61313819885254,31.762830690352914,30.25791892725925,30.347734802848134,748725000,NVDA
2023-05-19,31.19998550415039,31.515338464823536,30.85269847604877,31.471427932457345,473908000,NVDA
2023-05-22,31.112167358398438,31.45546287720747,30.617182635048753,30.83772890145582,372000000,NVDA
2023-05-23,30.625164031982422,31.223935873295638,30.568281535055462,30.936525465603022,356253000,NVDA
2023-05-24,30.47547149658203,30.544330458079507,29.744969965607368,30.14814207840876,721419000,NVDA
2023-05-25,37.90222930908203,39.39915781484461,36.559982197378055,38.44411669724596,1543911000,NVDA
2023-05-26,38.86625289916992,39.08979325980009,37.47311145513567,37.81241541975771,714397000,NVDA
2023-05-30,40.02886962890625,41.85212836748926,39.86720258532556,40.5118797580755,923401000,NVDA
2023-05-31,37.756534576416016,40.212494220771234,37.7445581109248,39.40714734389047,1002580000,NVDA
2023-06-01,39.688568115234375,39.967993574032356,38.2614958531395,38.410189027460895,635873000,NVDA
2023-06-02,39.24646759033203,40.41706590831205,38.978017431503446,40.014891275538574,482731000,NVDA
2023-06-05,39.090797424316406,39.483987893521245,38.62774678025024,38.829332843104154,396094000,NVDA
2023-06-06,38.574851989746094,39.0798164296081,38.069887549884086,38.750494112150655,388729000,NVDA
2023-06-07,37.40213394165039,39.42220064737449,37.28336583715142,38.8393365135724,511998000,NVDA
2023-06-08,38.43512725830078,38.78843910356959,37.43208391857247,37.650656098499375,417772000,NVDA
2023-06-09,38.69462203979492,39.633790585447805,38.49201760502022,38.961101220453585,427717000,NVDA
2023-06-12,39.40523147583008,39.45313848189554,38.542912981212005,39.12378209838564,388701000,NVDA
2023-06-13,40.942237854003906,41.0210866253636,39.66273283742683,40.107864800357326,613208000,NVDA
2023-06-14,42.91340255737305,42.91639507972652,40.47315286932789,40.744627187256896,740465000,NVDA
2023-06-15,42.570072174072266,43.20483722073351,42.06505544214176,42.51917264005908,568622000,NVDA
2023-06-16,42.60899353027344,43.63599213320871,42.5780517641451,43.3655191410193,655709000,NVDA
2023-06-20,43.72282028198242,43.90446942443079,42.59102630942327,42.91439764756023,451153000,NVDA
2023-06-21,42.9613151550293,43.53021053088489,41.998194849323774,43.41642993280129,551603000,NVDA
2023-06-22,42.94134521484375,43.3415626918256,42.15188284213235,42.170843097037455,417737000,NVDA
2023-06-23,42.12693786621094,42.72576983708017,41.93331479288893,42.38144316710673,358140000,NVDA
2023-06-26,40.55299758911133,42.680852228000454,40.02203048498169,42.378439961624785,594322000,NVDA
2023-06-27,41.79458236694336,41.85845711307234,40.36936115095312,40.71967665079335,462175000,NVDA
2023-06-28,41.03705596923828,41.76364114383004,40.43922159164072,40.58094379252524,582639000,NVDA
2023-06-29,40.74262619018555,41.51911336113598,40.521057714884826,41.47719520674288,380514000,NVDA
2023-06-30,42.219757080078125,42.46727602955201,41.420315646901514,41.59896849845373,501148000,NVDA
2023-07-03,42.330528259277344,42.81458581035407,42.11994000015232,42.434326127886784,198209000,NVDA
2023-07-05,42.23472213745117,43.09304679541421,42.003170973529485,42.05307299440359,323618000,NVDA
2023-07-06,42.021141052246094,42.096993500956245,41.2656128948708,41.76264574505463,303582000,NVDA
2023-07-07,42.42036056518555,43.129980526432945,42.097990517388034,42.239712723775206,355881000,NVDA
2023-07-10,42.097984313964844,42.72775789742395,41.56801476475212,42.57405800948138,353908000,NVDA
2023-07-11,42.32254409790039,42.67485834432988,41.985203882736315,42.39839653240351,298244000,NVDA
2023-07-12,43.8166389465332,43.84957572671799,42.69382635632928,42.949329116868,481277000,NVDA
2023-07-13,45.88760757446289,46.06525908080091,44.405494267990946,44.43144469055369,478204000,NVDA
2023-07-14,45.38059997558594,47.994507542631396,44.97239476607481,46.49243252940778,772075000,NVDA
2023-07-17,46.37065505981445,46.40558684997529,45.17398901453349,46.19899243804096,510488000,NVDA
2023-07-18,47.40165710449219,47.8028759240553,45.645080740043866,46.61019966194242,569164000,NVDA
2023-07-19,46.9854621887207,47.7250225002053,46.65111448328101,47.37171073363014,427502000,NVDA
2023-07-20,45.43149185180664,46.99544633379389,44.974382199398164,46.416572252146125,537865000,NVDA
2023-07-21,44.22285079956055,45.77682663388391,44.014257511133955,45.698975360580505,963769000,NVDA
2023-07-24,44.52526092529297,45.02129625877823,43.95437445925072,44.64402903720118,382516000,NVDA
2023-07-25,45.59018325805664,46.09320109466631,44.83565269586211,44.85361925028961,348081000,NVDA
2023-07-26,45.36362838745117,45.96346161310325,44.54322798421179,45.93152233751283,364237000,NVDA
2023-07-27,45.81075668334961,47.30284884094631,45.66104681024001,46.42855262404122,455976000,NVDA
2023-07-28,46.65909957885742,46.93556140812505,46.290817578046465,46.57725828817055,331194000,NVDA
2023-07-31,46.63813781738281,47.038359066996236,46.415571856481925,46.6630907290073,251055000,NVDA
2023-08-01,46.41657257080078,46.808809981833214,45.9375063312931,46.36966307349115,237858000,NVDA
2023-08-02,44.18292999267578,45.75087468728102,43.302644871740895,45.74189331269121,530142000,NVDA
2023-08-03,44.42844772338867,45.03027593449394,43.71483776411609,43.71483776411609,324176000,NVDA
2023-08-04,44.59313201904297,45.553259657619556,44.306691262413594,44.89753933286693,362666000,NVDA
2023-08-07,45.32870101928711,45.45146298171195,44.47636125716046,45.02329618186399,322154000,NVDA
2023-08-08,44.57716369628906,45.15403903929904,43.970344091683025,44.76579541158173,353843000,NVDA
2023-08-09,42.471256256103516,44.22583731482129,42.05207094997095,44.18790919409857,586449000,NVDA
2023-08-10,42.30558776855469,43.48928271463046,41.753661535765616,42.07803041712352,492705000,NVDA
2023-08-11,40.77556228637695,41.93630299373014,40.55998266636193,41.669820039034846,533085000,NVDA
2023-08-14,43.667930603027344,43.714840105511556,40.23262525589616,40.40728424676243,690286000,NVDA
2023-08-15,43.85456466674805,45.17998551740348,43.62501232005784,44.473361921944495,676512000,NVDA
2023-08-16,43.40144729614258,44.588134620821634,43.321601018047524,44.43343721611258,527451000,NVDA
2023-08-17,43.25972366333008,43.97632609118521,42.91738827793847,43.884505920253574,452395000,NVDA
2023-08-18,43.214813232421875,43.4932701006516,41.57900001272248,42.55210279035976,583768000,NVDA
2023-08-21,46.875675201416016,46.97348422125593,44.136013716733004,44.40748419324704,692573000,NVDA
2023-08-22,45.579200744628906,48.09330371430153,45.24485304459103,48.04140287567031,755293000,NVDA
2023-08-23,47.02439880371094,47.10823512648874,45.12010736864763,45.77682903768783,779046000,NVDA
2023-08-24,47.0713005065918,50.16826807045973,47.06731047667301,50.11836604551162,1156044000,NVDA
2023-08-25,45.928524017333984,47.71204812043245,44.9364534643998,46.92059076298821,925341000,NVDA
2023-08-28,46.74393844604492,46.88865698143186,44.800725372190506,46.3916241394205,685192000,NVDA
2023-08-29,48.689144134521484,48.98556752704201,46.30079556232575,46.57526237156326,701397000,NVDA
2023-08-30,49.168212890625,49.82992198159772,48.330843509784565,48.94863943193041,735206000,NVDA
2023-08-31,49.259037017822266,49.64728061160453,48.86280955740575,49.283989932424504,528570000,NVDA
2023-09-01,48.4146728515625,49.7031628603495,48.04838590640615,49.665238548597735,463830000,NVDA
2023-09-05,48.45360565185547,48.75601791251672,47.76694364415611,48.1292368066892,382653000,NVDA
2023-09-06,46.973358154296875,48.458585985629774,46.49325493569356,48.350789218042244,468670000,NVDA
2023-09-07,46.15488815307617,46.25769697950561,45.067915458548406,45.440221930466876,433330000,NVDA
2023-09-08,45.48714065551758,46.519215678178135,45.18670244634744,45.856454433608306,473069000,NVDA
2023-09-11,45.093875885009766,46.077038527672016,44.22948732817348,46.06206706824175,473966000,NVDA
2023-09-12,44.78644943237305,45.58795561962286,44.44807996157311,44.654695251427476,349256000,NVDA
2023-09-13,45.40030288696289,45.844473946840324,44.420129217307256,44.516948715229006,398355000,NVDA
2023-09-14,45.49612045288086,45.90136263395265,45.0469576802591,45.86443278415264,370097000,NVDA
2023-09-15,43.81825256347656,45.514086250608685,43.7264210191702,45.256567267439614,506831000,NVDA
2023-09-18,43.884124755859375,44.15961175484726,41.92178629799531,42.668394445794135,500271000,NVDA
2023-09-19,43.43896484375,43.88413352477652,42.92192782259573,43.751381753727316,373064000,NVDA
2023-09-20,42.16034698486328,43.82124998391259,42.14437793528599,43.51881278602881,367108000,NVDA
2023-09-21,40.94061279296875,42.021596116922694,40.90368294654629,41.5055606260532,450736000,NVDA
2023-09-22,41.53252029418945,42.0365810200349,41.154224400495224,41.494589042058344,479236000,NVDA
2023-09-25,42.14338302612305,42.45679753767784,41.10032682953403,41.513557426280826,419091000,NVDA
2023-09-26,41.83295440673828,42.74026210135053,41.577430601284675,41.92278696484624,402282000,NVDA
2023-09-27,42.38892364501953,42.79217453974366,41.55148895907964,42.25118391944289,444935000,NVDA
2023-09-28,43.00876998901367,43.3651037098535,42.03658452900842,42.380939557902295,424663000,NVDA
2023-09-29,43.41800308227539,44.061802514667,43.226359256277895,43.74539144535937,397830000,NVDA
2023-10-02,44.6986198425293,45.090885843793345,43.77933326281637,43.94801731464996,433298000,NVDA
2023-10-03,43.43596649169922,45.045965740925496,43.16547120468859,44.7245629218231,470850000,NVDA
2023-10-04,43.95899200439453,44.06080325905543,43.21138616245394,43.660548982906214,361821000,NVDA
2023-10-05,44.60478210449219,44.816389117042256,43.80627261934712,43.96796969540584,393483000,NVDA
2023-10-06,45.676788330078125,45.70373848025028,43.9440208476475,44.11070969679084,434436000,NVDA
2023-10-09,45.188697814941406,45.520080342411596,44.28538419676615,44.75850060605626,409675000,NVDA
2023-10-10,45.71271514892578,46.17285521109452,45.00403822708207,45.225624939795324,368582000,NVDA
2023-10-11,46.718841552734375,46.77174426177856,45.96424879463127,46.109976834306515,378137000,NVDA
2023-10-12,46.85758972167969,47.520354838657056,46.243736962758504,46.689903262953685,481325000,NVDA
2023-10-13,45.376346588134766,47.02826743741539,45.19568386802554,46.87255588078778,474115000,NVDA
2023-10-16,46.0091667175293,46.13892190023753,44.82836714020883,44.97908693457242,375099000,NVDA
2023-10-17,43.85618209838867,44.670664500769895,42.40089687991119,43.918066921379186,812333000,NVDA
2023-10-18,42.11742401123047,43.13852165493323,41.74711648202066,42.51168892025405,627294000,NVDA
2023-10-19,42.02260971069336,43.216381906827145,41.8040157217801,42.731286777485096,501233000,NVDA
2023-10-20,41.3099365234375,42.39092011000652,41.00150997673177,41.81199826924351,477266000,NVDA
2023-10-23,42.89497375488281,43.16746801501632,40.86875508234883,41.15222663549808,478530000,NVDA
2023-10-24,43.581695556640625,43.615632642963874,42.61150915403504,42.99678817947999,401463000,NVDA
2023-10-25,41.701202392578125,43.56872058494652,41.477620479123594,43.31718712471628,398379000,NVDA
2023-10-26,40.25090789794922,42.17731428874224,39.80573926150373,41.775064849583806,541001000,NVDA
2023-10-27,40.424583435058594,41.1292700454015,39.94048596248548,41.053411354619094,416784000,NVDA
2023-10-30,41.0843505859375,41.688223517144955,40.40561655584123,41.010490884180456,388028000,NVDA
2023-10-31,40.70406723022461,40.80288572703797,39.15695406100747,40.37468366362989,517969000,NVDA
2023-11-01,42.24618911743164,42.30208459844571,40.79289899587781,40.807870455778854,437593000,NVDA
2023-11-02,43.42499542236328,43.802289968212726,42.81413541045775,43.24732544458119,409172000,NVDA
2023-11-03,44.921199798583984,45.22463078266812,43.641585445769095,43.93803330221259,424610000,NVDA
2023-11-06,45.66579818725586,45.84945744639215,44.815383663563225,45.20066640666436,400733000,NVDA
2023-11-07,45.86943435668945,46.13194133469671,45.07391747451028,45.63387372397261,343165000,NVDA
2023-11-08,46.487274169921875,46.779727832903724,45.8823998221808,46.01415398971753,346719000,NVDA
2023-11-09,46.86257553100586,48.14019083451283,46.662947187934414,47.3786111235174,540496000,NVDA
2023-11-10,48.2449951171875,48.38174104695151,47.194955890683396,47.41155087354873,421245000,NVDA
2023-11-13,48.52946090698242,49.02453947075824,48.009431181663935,48.23002031531456,384136000,NVDA
2023-11-14,49.56352615356445,49.7411960735644,48.94867598251322,49.5874835308016,416954000,NVDA
2023-11-15,48.79697036743164,49.866972887678294,48.11025170692205,49.84202172257436,475497000,NVDA
2023-11-16,49.38786697387695,49.43278516309001,48.24001057724096,48.58835975878918,339756000,NVDA
2023-11-17,49.206207275390625,49.62442581647781,48.9157487529458,49.43178439121729,325205000,NVDA
2023-11-20,50.31513595581055,50.453877068941594,49.08942192234672,49.22017851068948,414120000,NVDA
2023-11-21,49.85100555419922,50.4229366906256,49.13034978134325,50.03266588200401,565747000,NVDA
2023-11-22,48.62528610229492,50.2412708632355,47.6011956303171,49.7591723537565,899420000,NVDA
2023-11-24,47.687042236328125,48.829910707399556,47.656097917344944,48.379750254535665,294645000,NVDA
2023-11-27,48.15217208862305,48.43963402417859,47.56327053938668,47.7109937696309,395662000,NVDA
2023-11-28,47.731956481933594,48.23302446932741,47.3846048841161,48.14618466607588,401491000,NVDA
2023-11-29,48.050357818603516,48.67120123627393,47.7708804254883,48.288914999950215,382005000,NVDA
2023-11-30,46.682918548583984,48.020423730668426,46.33556692252438,47.93458151014452,526247000,NVDA
2023-12-01,46.67792510986328,47.112116530587656,46.1010022026633,46.43837411108703,369317000,NVDA
2023-12-04,45.42525100708008,45.99119649745045,44.92618209165027,45.99119649745045,437543000,NVDA
2023-12-05,46.483375549316406,46.51731180808335,45.19067140687653,45.385325095795785,371718000,NVDA
2023-12-06,45.42226028442383,47.30292009715476,45.331422145943435,47.13122440124437,380590000,NVDA
2023-12-07,46.51332092285156,46.54626331215597,45.52308054469381,45.618910872891085,350823000,NVDA
2023-12-08,47.42170715332031,47.65629078492983,46.467402174460815,46.5123243077979,359224000,NVDA
2023-12-11,46.544273376464844,47.44666883134117,45.748690336704186,47.40674269328456,509728000,NVDA
2023-12-12,47.572444915771484,47.581427820158346,45.96430321028968,45.96430321028968,372387000,NVDA
2023-12-13,48.00267791748047,48.50778063121328,47.52353004634861,47.54449269431196,447792000,NVDA
2023-12-14,48.26420974731445,48.58364165791398,47.337858729747325,48.30413968812158,391232000,NVDA
2023-12-15,48.803253173828125,49.31634111544804,48.034618938742405,48.10848894942567,479948000,NVDA
2023-12-18,49.98814392089844,50.34351123549537,49.06279063158867,49.312347036005846,412587000,NVDA
2023-12-19,49.515987396240234,49.61181773302037,48.80824574504592,49.33630646675969,464444000,NVDA
2023-12-20,48.025634765625,49.91028529819524,48.012657344636494,49.5668939044448,397894000,NVDA
2023-12-21,48.903079986572266,49.00789323083867,48.33309014213933,48.72439672866285,300425000,NVDA
2023-12-22,48.74335861206055,49.29537497058781,48.38099994161529,49.107708829124014,252507000,NVDA
2023-12-26,49.19156265258789,49.51199224313979,48.87312841671405,48.88111364335506,244200000,NVDA
2023-12-27,49.32931900024414,49.59185284551433,48.997907338293054,49.42315398247824,233648000,NVDA
2023-12-28,49.43413162231445,49.79548883206165,49.324326187941345,49.55491912329638,246587000,NVDA
2023-12-29,49.43413162231445,49.90829110638661,48.664499712290464,49.72461566156116,389293000,NVDA
2024-01-02,48.08252716064453,49.20752624943747,47.51054587491967,49.15661805673898,411254000,NVDA
2024-01-03,47.48459243774414,48.098499031561545,47.23603372218609,47.40074185532866,320896000,NVDA
2024-01-04,47.912837982177734,48.413946184142475,47.42370571637504,47.68224504410837,306535000,NVDA
2024-01-05,49.009883880615234,49.459086175725254,48.220287041681374,48.37601228101952,415039000,NVDA
2024-01-08,52.16028594970703,52.18225008334284,49.39120958940494,49.424151981929796,642510000,NVDA
2024-01-09,53.045719146728516,54.22861810717389,51.598290954841644,52.308031854280586,773100000,NVDA
2024-01-10,54.253562927246094,54.50311934146144,53.39409057576156,53.52086794542818,533796000,NVDA
2024-01-11,54.7247200012207,55.24779226380535,53.46496212237643,54.9014078742,596759000,NVDA
2024-01-12,54.612918853759766,54.87245962885345,54.23359588697403,54.52307840206245,352994000,NVDA
2024-01-16,56.281959533691406,56.73415487746208,54.80259064863885,54.92038130782368,449580000,NVDA
2024-01-17,55.95354461669922,56.37080221365978,54.642874592370525,56.24702168282456,474394000,NVDA
2024-01-18,57.005672454833984,57.497797746406825,56.00744677307047,57.15840086229008,491650000,NVDA
2024-01-19,59.385440826416016,59.39442372974931,57.12345894632279,57.88610325059809,543501000,NVDA
2024-01-22,59.54815673828125,60.223957503871716,58.96519328035112,59.94245635666948,452955000,NVDA
2024-01-23,59.76676559448242,59.803698694627826,58.48104894335419,59.464301820428496,294654000,NVDA
2024-01-24,61.25312423706055,62.73748534909312,59.831651069260054,60.19700279855746,560271000,NVDA
2024-01-25,61.507667541503906,62.60771334377325,60.74202640224238,62.23936480631996,482777000,NVDA
2024-01-26,60.9227180480957,61.673386573449946,60.46553424922613,60.85184486809087,390309000,NVDA
2024-01-29,62.354164123535156,62.37811980223714,60.798929932553925,61.12335021592604,348733000,NVDA
2024-01-30,62.66261291503906,63.38033889790534,62.14952501071203,62.78839260190601,410735000,NVDA
2024-01-31,61.4178352355957,62.15851930991276,60.592302887690344,61.33098779929159,453795000,NVDA
2024-02-01,62.91517639160156,63.07888688106133,61.54062059514473,61.98981914786692,369146000,NVDA
2024-02-02,66.04261779785156,66.48183193924027,63.57699522405565,63.8604917267368,476578000,NVDA
2024-02-05,69.208984375,69.37369252800232,67.08575942583846,68.10394628020288,680078000,NVDA
2024-02-06,68.10195922851562,69.63024118166943,66.18237446253364,69.50646063248888,683111000,NVDA
2024-02-07,69.97461700439453,70.09540449820057,67.48005062301553,68.19777661316522,495575000,NVDA
2024-02-08,69.5174331665039,70.66838724943909,69.33176617612584,69.94966354395652,414422000,NVDA
2024-02-09,72.00502014160156,72.05692221360141,70.08742326576261,70.40785287358678,436637000,NVDA
2024-02-12,72.11981201171875,74.4786183227707,71.1235816589561,72.47118484090161,613710000,NVDA
2024-02-13,72.00003814697266,73.31969142351917,69.49649190429426,70.27510691021548,602580000,NVDA
2024-02-14,73.76889038085938,74.10429279758857,71.81037331243682,73.0721307009838,504917000,NVDA
2024-02-15,72.5290756225586,73.8437401296513,72.27153779440317,73.73793302512789,420122000,NVDA
2024-02-16,72.48416137695312,74.2699886080868,72.37236058649458,73.9685224984471,495327000,NVDA
2024-02-20,69.32876586914062,71.82832050697183,67.61381202197207,71.8193337960462,704833000,NVDA
2024-02-21,67.35228729248047,68.76577530674938,66.13045996080022,67.88533642606332,673755000,NVDA
2024-02-22,78.3986587524414,78.43558804957509,74.08831901858908,74.89189108055353,865100000,NVDA
2024-02-23,78.6771469116211,82.24779566972408,77.43235796782388,80.64664555528343,829388000,NVDA
2024-02-26,78.95166778564453,80.5029113343283,78.36570371037314,79.55858308487059,503973000,NVDA
2024-02-27,78.56136322021484,79.338988045559,77.02509990421383,79.24015705268404,391705000,NVDA
2024-02-28,77.52519226074219,78.79293534780788,76.98814490868608,77.48226929356848,393110000,NVDA
2024-02-29,78.97164154052734,79.84808217607286,78.21099242072147,78.95367572984398,507289000,NVDA
2024-03-01,82.13301849365234,82.15398495162512,79.29406260115205,79.8580626053772,479135000,NVDA
2024-03-04,85.08576202392578,87.53940093463996,83.57045769196934,83.98072393894745,615616000,NVDA
2024-03-05,85.81549835205078,85.94827183043155,83.27290109267872,85.12269695886387,520639000,NVDA
2024-03-06,88.54676818847656,89.56900130568565,86.87965493223747,87.8699456446009,582520000,NVDA
2024-03-07,92.5089111328125,92.60674140930558,89.44720809741612,90.00224735235656,608119000,NVDA
2024-03-08,87.37679290771484,97.23174040772027,86.35655527181379,94.97364703765751,1142269000,NVDA
2024-03-11,85.62582397460938,88.64359662209651,84.02060015441661,86.27969121669621,678364000,NVDA
2024-03-12,91.75422668457031,91.80114256968415,86.0011815049168,87.8969031445505,668075000,NVDA
2024-03-13,90.73099517822266,91.34592838246506,88.28222971094472,90.89770650975179,635713000,NVDA
2024-03-14,87.79207611083984,90.48941185201531,86.45039611721776,89.42225831640668,602318000,NVDA
2024-03-15,87.68526458740234,89.39131202190967,86.10799973550625,86.77983369344113,642086000,NVDA
2024-03-18,88.30219268798828,92.24536587684682,86.9345566695886,90.23185202169164,668976000,NVDA
2024-03-19,89.24356842041016,90.38758481674583,84.86314816147532,86.55022352343148,672171000,NVDA
2024-03-20,90.21589660644531,90.25383297742074,88.07060663291891,89.64188526910227,479063000,NVDA
2024-03-21,91.27703857421875,92.48794810720764,90.24881917443113,92.14054972284487,480372000,NVDA
2024-03-22,94.12611389160156,94.61426754269417,90.67708069798141,90.9835495525749,586719000,NVDA
2024-03-25,94.83787536621094,96.59882785449742,93.34845614456138,93.77871131394467,552136000,NVDA
2024-03-26,92.4011001586914,96.20851455285562,92.34220396856466,95.68541767838448,513648000,NVDA
2024-03-27,90.09408569335938,93.07891808960773,88.96903377539708,92.95114086525014,586067000,NVDA
2024-03-28,90.19991302490234,91.1422825108375,89.03892009399118,89.8445252112995,435212000,NVDA
2024-04-01,90.20690155029297,92.06568455405531,89.0499070749777,90.14301673764523,452441000,NVDA
2024-04-02,89.2974624633789,89.93835161134503,87.46862677190417,88.29519159294945,433064000,NVDA
2024-04-03,88.81031036376953,90.21787822523544,88.24728931215489,88.33114383542578,370067000,NVDA
2024-04-04,85.75659942626953,90.47743406262694,85.73164109008061,90.24982348069041,434965000,NVDA
2024-04-05,87.85595703125,88.3281394307162,85.77755324791968,86.71592408668658,399678000,NVDA
2024-04-08,86.98247528076172,88.67654220104028,86.58216705957724,88.54676191015398,283220000,NVDA
2024-04-09,85.20652770996094,87.48359260957034,82.87856365883405,87.2909252691637,501700000,NVDA
2024-04-10,86.88864135742188,87.24901778988773,83.56439211342133,83.78102010903869,431929000,NVDA
2024-04-11,90.4594497680664,90.58223837088431,86.77582976459976,87.26897200773683,431637000,NVDA
2024-04-12,88.03364562988281,90.01921543730927,87.37878071175011,89.54403223705786,426805000,NVDA
2024-04-15,85.85243225097656,90.45646450816476,85.78055803275619,88.94408228829708,443077000,NVDA
2024-04-16,87.26399230957031,87.965773191981,85.91532822119116,86.28368645109244,370453000,NVDA
2024-04-17,83.88983154296875,88.62164096734257,83.80497167986917,88.18738725935935,495400000,NVDA
2024-04-18,84.52472686767578,86.0411075798554,82.25964941091485,84.82321393436638,447260000,NVDA
2024-04-19,76.06837463378906,84.17834237736079,75.47540651529913,83.00637428065669,875198000,NVDA
2024-04-22,79.3806381225586,79.93467971860302,76.26802794241385,77.9690792079323,596341000,NVDA
2024-04-23,82.2806167602539,82.62601974052421,80.1253496885507,80.62947459576492,438559000,NVDA
2024-04-24,79.53936767578125,83.93675724779338,79.04621772256601,83.80498148732187,512208000,NVDA
2024-04-25,82.4892578125,83.1790583894206,78.08787011237102,78.73175253009703,424641000,NVDA
2024-04-26,87.58344268798828,88.17841379736606,83.24295407183207,83.67320929669376,551011000,NVDA
2024-04-29,87.60540771484375,87.8399947565515,85.11870586410434,87.44368500312586,388971000,NVDA
2024-04-30,86.25273895263672,88.66556334587189,86.15091777999787,87.08928872900789,363709000,NVDA
2024-05-01,82.89753723144531,85.85142484392729,81.11461964994571,84.93002290842145,559863000,NVDA
2024-05-02,85.66875457763672,86.08802721004574,83.05627099401435,84.30311392551386,377898000,NVDA
2024-05-03,88.6356201171875,89.12676696706856,86.88964093377092,87.63734759857738,398341000,NVDA
2024-05-06,91.98082733154297,92.06069095925291,88.90115758999175,89.23557796278553,376203000,NVDA
2024-05-07,90.3975830078125,91.62246093760491,88.8572490296814,90.94064205353293,437342000,NVDA
2024-05-08,90.25582122802734,91.03646805439529,89.26553046184982,89.32842516703573,325721000,NVDA
2024-05-09,88.59368896484375,90.91466942223298,88.07858152551931,90.37260819958134,378013000,NVDA
2024-05-10,89.72273254394531,91.24310415488777,89.07285618291228,90.14899684375659,335325000,NVDA
2024-05-13,90.24284362792969,90.84080791917694,88.37607119051684,90.32170192056742,289680000,NVDA
2024-05-14,91.19818878173828,91.49267735254841,88.78036800318161,89.44422015487879,296507000,NVDA
2024-05-15,94.46653747558594,94.69813898318716,91.44077486128403,92.31226797545344,417735000,NVDA
2024-05-16,94.19599914550781,95.65347613046144,93.94043705092355,94.74604980958085,323952000,NVDA
2024-05-17,92.31922912597656,94.57632459586712,91.64739527694968,94.20597095996422,359691000,NVDA
2024-05-20,94.61625671386719,95.0355292933575,93.27857535562269,93.58803736197783,318764000,NVDA
2024-05-21,95.22122955322266,95.23520530836203,93.01903897023965,93.43731390021196,328946000,NVDA
2024-05-22,94.78597259521484,95.85412388547536,93.08791463591838,95.29409598809328,548648000,NVDA
2024-05-23,103.61968231201172,106.13632317831666,101.34461252537659,101.85173814300114,835065000,NVDA
2024-05-24,106.28506469726562,106.29105104139217,102.82205601462691,104.26855020743297,429494000,NVDA
2024-05-28,113.70423126220703,114.74044007562202,109.69317481392171,110.05355122917427,652728000,NVDA
2024-05-29,114.62664794921875,115.29249558889101,110.70943029840856,112.85472018181774,557442000,NVDA
2024-05-30,110.3091049194336,115.61891628592592,109.47355289556607,114.45193707992216,484553000,NVDA
2024-05-31,109.44361114501953,112.52228313915187,106.75526253688238,112.32561724375552,613263000,NVDA
2024-06-03,114.80133819580078,114.80133819580078,111.80951385006522,113.42472260342709,438392000,NVDA
2024-06-04,116.23584747314453,116.39856789561996,113.84798144289938,115.51609997186799,403324000,NVDA
2024-06-05,122.22848510742188,122.2374646244509,117.26507420610801,118.16651413530396,528402000,NVDA
2024-06-06,120.7889633178711,125.37003219208192,118.11558846545381,123.83368952695288,664696000,NVDA
2024-06-07,120.67916870117188,121.48178065904402,117.81812234412239,119.56309618694148,412386000,NVDA
2024-06-10,121.5796127319336,122.88734731323206,116.80787124184927,120.16206756268633,313434100,NVDA
2024-06-11,120.71105194091797,122.66782593913159,118.54461678500223,121.56962984389475,222551200,NVDA
2024-06-12,124.99398040771484,126.6712162731191,122.36831081363356,122.85750238613136,299595000,NVDA
2024-06-13,129.396728515625,129.5864183097163,126.9507630154097,129.1770893049594,260704500,NVDA
2024-06-14,131.66299438476562,132.62140615970972,128.10885485479358,129.7461556011969,309320400,NVDA
2024-06-17,130.7644805908203,133.5099557271365,129.3667902512595,132.77118307637525,288504400,NVDA
2024-06-18,135.35691833496094,136.10568428406987,130.474964956118,130.9242214788469,294335100,NVDA
2024-06-20,130.56480407714844,140.52837801062054,129.30688285479897,139.56996619369176,517768400,NVDA
2024-06-21,126.36173248291016,130.4150570517715,124.09547105255645,126.91083052082259,649445800,NVDA
2024-06-24,117.91564178466797,124.2551908621237,117.8457572795687,123.03719724453093,476060900,NVDA
2024-06-25,125.88249969482422,126.29182864533075,119.12364391636093,121.00054740238744,414192600,NVDA
2024-06-26,126.19200897216797,127.90917229563556,122.39825886605338,125.92244899462368,362975900,NVDA
2024-06-27,123.78598022460938,126.20200405764365,122.71774114608809,123.89579983596734,252571700,NVDA
2024-06-28,123.33671569824219,127.49985213027985,122.54801473015355,124.3750052910358,315516700,NVDA
2024-07-01,124.09547424316406,124.6345790000873,118.63447360818265,123.26683813440599,284885500,NVDA
2024-07-02,122.46814727783203,123.20693510758652,120.83084647254137,120.93068040128533,218374000,NVDA
2024-07-03,128.06893920898438,128.06893920898438,121.16032653936864,121.45983599496338,215749000,NVDA
2024-07-05,125.62294006347656,128.6379747149119,125.47318537524079,127.17038486367325,214176700,NVDA
2024-07-08,127.98904418945312,130.55482257335942,126.83095692716816,127.28021340661208,237677300,NVDA
2024-07-09,131.163818359375,133.59980576329167,128.43829962119838,130.1355144487565,285366600,NVDA
2024-07-10,134.68801879882812,134.87770860466375,132.20211043348235,133.80946190177127,248978600,NVDA
2024-07-11,127.19037628173828,135.9259713268732,126.84095369862746,135.52663558437,374782700,NVDA
2024-07-12,129.02732849121094,131.70291097832524,127.01064833229333,128.04893020829968,252680500,NVDA
2024-07-15,128.22865295410156,131.1737956487568,126.97072416574117,130.3451595951711,208326200,NVDA
2024-07-16,126.15206909179688,128.82765170945768,124.37499938694933,128.22864817880884,214769500,NVDA
2024-07-17,117.79583740234375,121.64948612259293,116.52793062400055,121.15030890615485,390086200,NVDA
2024-07-18,120.89073181152344,122.19858126764932,116.36818755438776,121.64948329559192,320979500,NVDA
2024-07-19,117.73595428466797,121.3999137142076,117.17687816504188,120.15197050658449,217223800,NVDA
2024-07-22,123.33671569824219,123.86584236392231,119.66277083791101,120.15196240961751,258068900,NVDA
2024-07-23,122.38827514648438,124.48482570104972,121.89908357161131,122.57796493987696,173911000,NVDA
2024-07-24,114.06201171875,119.75262982559674,113.25334693957731,118.97391446537992,327776900,NVDA
2024-07-25,112.0952377319336,116.43807811661003,106.12508231687993,112.85398925547956,460067000,NVDA
2024-07-26,112.87395477294922,116.00878722251285,111.3963944118867,115.99880916186419,293399100,NVDA
2024-07-29,111.40637969970703,116.0886649396649,111.11686358531041,113.50293033164324,248152100,NVDA
2024-07-30,103.55931091308594,111.80571322284378,102.37126667488353,111.33648541055072,486833300,NVDA
2024-07-31,116.82743072509766,118.1452582531107,110.6975352036146,112.71421539482289,473174200,NVDA
2024-08-01,109.03028869628906,119.96227450650746,106.63423649015627,117.3365974252001,523462300,NVDA
2024-08-02,107.0934829711914,108.54110155423277,101.20319756374683,103.58926418951675,482027500,NVDA
2024-08-05,100.28471374511719,103.23984998207244,90.54077860317504,91.90851949250676,552842400,NVDA
2024-08-06,104.07845306396484,107.53275860175525,100.38454458708775,103.66912407688663,409012100,NVDA
2024-08-07,98.74723815917969,108.6209626457341,98.52759897070796,107.6325862976113,411440400,NVDA
2024-08-08,104.79727172851562,105.3263983879788,97.3595262295921,101.83215768316434,391910000,NVDA
2024-08-09,104.57763671875,106.42459107060563,103.2598090475883,105.46617163856445,290844200,NVDA
2024-08-12,108.84061431884766,110.88724428013212,106.08516112777683,106.14505996593543,325559900,NVDA
2024-08-13,115.94889068603516,116.03874655153282,111.39639661656214,112.25498209343158,312646700,NVDA
2024-08-14,117.88569641113281,118.40483737868666,113.88229289564154,118.3349528711921,339246400,NVDA
2024-08-15,122.6578369140625,123.03720888953038,117.27670666159618,118.56458490618095,318086700,NVDA
2024-08-16,124.37500762939453,124.79431469874058,120.98060074622069,121.73935231230438,302589900,NVDA
2024-08-19,129.7860565185547,129.7860565185547,123.21688352211271,124.07546881304408,318333600,NVDA
2024-08-20,127.04061126708984,129.6662885004724,125.68284852553639,128.18871285893894,300087400,NVDA
2024-08-21,128.28857421875,129.13718177592708,126.45160529458104,127.11051541152283,257883600,NVDA
2024-08-22,123.53638458251953,130.5348518103843,122.89743830728821,129.80605728559254,376189100,NVDA
2024-08-23,129.15713500976562,129.38676754540884,125.0139693437825,125.6529157045682,323230300,NVDA
2024-08-26,126.25191497802734,131.04401222890846,124.1653576328901,129.35680584239554,331964700,NVDA
2024-08-27,128.0889129638672,128.98742611377176,123.67617933536566,124.84426014055718,303134600,NVDA
2024-08-28,125.40331268310547,128.118838213882,122.43819852070378,127.90917706049713,448101100,NVDA
2024-08-29,117.39649963378906,124.22524823697073,116.51795043355128,121.16030028839229,453023300,NVDA
2024-08-30,119.17359161376953,121.54967282508414,117.02712769554356,119.33332438937364,333751600,NVDA
2024-09-03,107.82228088378906,116.01877002584149,107.11345013644421,115.81910218205195,477155100,NVDA
2024-09-04,106.03521728515625,113.08359673729018,103.94866029689042,105.23653835503072,372470300,NVDA
2024-09-05,107.03358459472656,109.46957200218677,104.58761912643209,104.8172363950656,306850700,NVDA
2024-09-06,102.66079711914062,107.97204286084109,100.78388574677186,107.86222325429438,413638100,NVDA
2024-09-09,106.2947998046875,106.37466998895037,103.5193756446925,104.7074122640328,273912000,NVDA
2024-09-10,107.92211151123047,109.21997530676359,104.77729355808466,107.63258781478571,268283700,NVDA
2024-09-11,116.7176284790039,116.99716652085532,107.24323877137772,109.20999835891277,441422400,NVDA
2024-09-12,118.95413970947266,120.6015672152285,115.2000032170065,116.65772468720782,366052700,NVDA
2024-09-13,118.9141845703125,119.77284345041441,117.41652479583126,118.8942191250157,238358300,NVDA
2024-09-16,116.59780883789062,117.99562620382233,114.1815861384539,116.60779536966285,248772300,NVDA
2024-09-17,115.40966796875,118.61466685067687,114.65085910577872,117.98564481894722,231925900,NVDA
2024-09-18,113.1931381225586,117.51637724987856,113.04337060887723,115.70920340593533,310318900,NVDA
2024-09-19,117.68611145019531,119.47331975028854,117.06707598202318,117.16691844656921,293506400,NVDA
2024-09-20,115.81902313232422,118.43493829364436,115.2099742116256,116.87736694059126,382462400,NVDA
2024-09-23,116.07862854003906,116.80748542405605,114.68081111279044,116.36817703420066,206228500,NVDA
2024-09-24,120.68143463134766,121.60998405209612,115.19999404233639,116.33821493002908,354966800,NVDA
2024-09-25,123.31730651855469,124.74507579152808,121.42026930294443,121.82962567540989,284692900,NVDA
2024-09-26,123.84648132324219,127.47081527785902,121.6099781665842,126.60217747362803,302582900,NVDA
2024-09-27,121.2105941772461,123.83648812917791,119.07393359818559,123.7765841783136,271009200,NVDA
2024-09-30,121.25054931640625,121.31045327548797,117.96568098439478,118.1254274144435,226553700,NVDA
2024-10-01,116.81745910644531,122.24897417258154,115.60934783662292,121.58001370293499,302094500,NVDA
2024-10-02,118.6645736694336,119.19374556676668,114.9603627706106,116.25833761189251,221845900,NVDA
2024-10-03,122.65834045410156,124.16598683922703,120.15225416683853,120.73135113827638,277118000,NVDA
2024-10-04,124.72510528564453,124.84492081095192,121.63992977952229,124.74507834860822,243678100,NVDA
2024-10-07,127.52073669433594,130.43617917860723,124.75505409102715,124.7949925984476,346250200,NVDA
2024-10-08,132.68267822265625,133.27175410957346,129.2180905372518,130.0567764001493,285722500,NVDA
2024-10-09,132.44302368164062,134.31011633076392,131.17501619764158,133.9007523863322,246191600,NVDA
2024-10-10,134.5996856689453,134.7893916948541,130.79563194093248,131.70421594134592,242311300,NVDA
2024-10-11,134.5897216796875,135.56818866211125,133.45150063299445,133.80094550922416,170209500,NVDA
2024-10-14,137.85459899902344,139.3822107684187,136.0873561782587,136.2570891265267,232347700,NVDA
2024-10-15,131.39471435546875,138.35384259997033,128.53917525345673,137.65492238931424,377831000,NVDA
2024-10-16,135.5082550048828,136.40684475827754,131.37471471629812,133.7709642153392,264879700,NVDA
2024-10-17,136.7163848876953,140.6702140778628,136.65648092397825,139.12262899690117,306435900,NVDA
2024-10-18,137.78469848632812,138.68328825202838,137.06582057977474,138.45365135367973,176090200,NVDA
2024-10-21,143.48580932617188,143.48580932617188,137.78471061125512,137.91451267760561,264554500,NVDA
2024-10-22,143.36599731445312,144.19470435057536,141.55882333477078,142.6870654207542,226311600,NVDA
2024-10-23,139.34228515625,142.20780310560568,137.2455702792771,141.80843319617813,285930000,NVDA
2024-10-24,140.19094848632812,141.12948441968888,138.2439937495604,140.6003124972593,172354900,NVDA
2024-10-25,141.31918334960938,143.90515439009727,140.5803475394567,140.71013437273555,205122100,NVDA
2024-10-28,140.30076599121094,142.91667341121004,139.83149806296922,142.77689244758375,173586700,NVDA
2024-10-29,141.02963256835938,142.0380513591214,138.68329276437913,140.0711235834401,157593600,NVDA
2024-10-30,139.1226043701172,140.1110653014331,136.59655278062618,139.32228929215535,179418100,NVDA
2024-10-31,132.55287170410156,137.39531116933003,131.90389188236236,137.38533225522045,270039600,NVDA
2024-11-01,135.18875122070312,137.09577501351765,134.36005954202903,134.48984636430032,207127800,NVDA
2024-11-04,135.83775329589844,138.74321710094807,135.3585064031532,136.9959472521015,187528200,NVDA
2024-11-05,139.6917266845703,140.151000495864,137.11574997671616,137.23555788662173,160537400,NVDA
2024-11-06,145.3828125,146.26144435454805,141.73851350917226,142.7369532584381,242043900,NVDA
2024-11-07,148.6477508544922,148.69766066609404,145.9419717733186,146.1616297903136,207323300,NVDA
2024-11-08,147.39967346191406,149.53633403774526,146.03180056765603,148.5378942315628,175665800,NVDA
2024-11-11,145.03338623046875,148.61779734270107,143.3460354590936,148.44804913905642,182325600,NVDA
2024-11-12,148.0586395263672,149.41651833977537,145.78219787373922,146.55100082856893,198634700,NVDA
2024-11-13,146.04177856445312,149.09700159587854,145.67234551723544,148.83741275957428,191903300,NVDA
2024-11-14,146.53102111816406,148.76753177848803,145.32291747893564,147.40965302668107,194463300,NVDA
2024-11-15,141.7584991455078,145.0134231170618,139.86146934373124,144.64398997756967,250132900,NVDA
2024-11-18,139.93133544921875,141.32916034590224,136.93601597273187,139.28235565663965,221205300,NVDA
2024-11-19,146.78062438964844,146.90044752125365,140.77002797265112,141.0995149233474,227834900,NVDA
2024-11-20,145.66238403320312,147.3297766964244,142.50731056070873,147.18001681813428,309871700,NVDA
2024-11-21,146.4412078857422,152.65150653701343,140.48051925989185,149.11703528044754,400946600,NVDA
2024-11-22,141.72853088378906,146.93040910376754,140.87986616890575,145.70231714314025,236406200,NVDA
2024-11-25,135.8077850341797,141.82837577269152,135.60810012239304,141.76847182265374,344941900,NVDA
2024-11-26,136.70640563964844,139.08269776121745,135.45835561529256,137.48518763604767,190287700,NVDA
2024-11-27,135.1288604736328,137.00593247284488,131.59438972010054,134.7993734587721,226370900,NVDA
2024-11-29,138.03431701660156,139.1326070072914,135.83775227020575,136.56660913585418,141863200,NVDA
2024-12-02,138.41371154785156,140.23086402488357,137.60497776381663,138.6133964568137,171682800,NVDA
2024-12-03,140.0411834716797,140.32074544201365,137.73478959893222,138.04430354930304,164414000,NVDA
2024-12-04,144.91355895996094,145.56253876730494,140.07111960214385,141.77845844597738,231224300,NVDA
2024-12-05,144.8436737060547,146.32146235801875,143.73532840807314,144.89360218968224,172621200,NVDA
2024-12-06,142.22760009765625,145.482733396531,141.09928024490165,144.38438282581114,188505600,NVDA
2024-12-09,138.6029815673828,139.74128080496888,136.92549436926976,138.76274660606958,189308600,NVDA
2024-12-10,134.86859130859375,141.60852572754877,133.59048602384692,138.80270319338828,210020900,NVDA
2024-12-11,139.10223388671875,139.9609519122756,135.00835767243856,137.15514511831444,184905200,NVDA
2024-12-12,137.13519287109375,138.2335586289744,135.59749604609573,136.8755860719742,159211400,NVDA
2024-12-13,134.0498046875,139.3918327936691,132.34234795745746,138.73281333743972,231514900,NVDA
2024-12-16,131.80313110351562,134.19954557462145,130.2254857362255,133.9798724705664,237951100,NVDA
2024-12-17,130.195556640625,131.39376410572794,126.67082193579633,128.89749220508244,259410300,NVDA
2024-12-18,128.71774291992188,136.49611794642954,128.08867764771298,133.66035727519176,277444500,NVDA
2024-12-19,130.485107421875,133.8301176053825,129.3568029702355,131.56349862817564,209719200,NVDA
2024-12-20,134.49911499023438,135.07825184796977,128.02878306565836,129.61640819653473,306528600,NVDA
2024-12-23,139.46170043945312,139.58151660116854,134.91848306333998,136.0767567466981,176053500,NVDA
2024-12-24,140.01089477539062,141.6883821217358,138.44322876231024,139.79122163679293,105157000,NVDA
2024-12-26,139.7213134765625,140.63995487774488,137.52459740894255,139.49166074428362,116205600,NVDA
2024-12-27,136.8056640625,138.81267619141968,134.50910636621433,138.34337590905767,170582600,NVDA
2024-12-30,137.2849578857422,140.06081067569033,133.82013169900247,134.628921256616,167734700,NVDA
2024-12-31,134.0897216796875,137.86409844380188,133.63041622678574,137.82414956509464,155659200,NVDA
2025-01-02,138.10374450683594,138.67290181477085,134.4292395740467,135.7971917031726,198247200,NVDA
2025-01-03,144.2545623779297,144.6839138332244,139.5216253508109,139.80120658589456,229322500,NVDA
2025-01-06,149.2071533203125,151.93309314343088,147.599568879649,148.36840963752263,265377400,NVDA
2025-01-07,139.93099975585938,152.9016324332477,139.80118875754107,152.80177547515166,351782200,NVDA
2025-01-08,139.90106201171875,143.73533196712347,137.3548616440079,142.36737985085435,227349900,NVDA
2025-01-10,135.70733642578125,139.71135128077043,134.01985409411643,137.24503329388114,207602500,NVDA
2025-01-13,133.03131103515625,133.29093305056014,129.31685741876072,129.79615256902926,204808900,NVDA
2025-01-14,131.56349182128906,136.1766120600162,129.85605059334506,135.84710238324766,195590500,NVDA
2025-01-15,136.03683471679688,136.2465130176968,131.09420431967888,133.45068552943664,185217300,NVDA
2025-01-16,133.3708038330078,138.54307117698642,133.2909213149963,138.4332346192246,209235600,NVDA
2025-01-17,137.50462341308594,138.29343848833506,135.2579791055137,136.48614039423094,201188800,NVDA
2025-01-21,140.61996459960938,141.61847317570314,136.88553704004724,138.95245710585658,197749000,NVDA
2025-01-22,146.85067749023438,147.56958971587568,143.45573886876412,144.44426793757484,237651400,NVDA
2025-01-23,147.00047302246094,147.01045262591376,143.5056920734559,144.8337106624021,155915500,NVDA
2025-01-24,142.4073028564453,148.74783905952535,141.66841618539428,148.14872775799392,234657600,NVDA
2025-01-27,118.24339294433594,128.20850504229963,116.52595684106743,124.6138830305536,818830900,NVDA
2025-01-28,128.79763793945312,128.8076175411123,116.0766320864675,121.62833781559046,579666400,NVDA
2025-01-29,123.5155258178711,126.70077107762197,119.8709750783515,126.31135328562937,467120600,NVDA
2025-01-30,124.46410369873047,124.81358019968631,117.92386904906036,122.91641225704781,392925500,NVDA
2025-01-31,119.89093017578125,127.65932605141272,119.01224532917038,123.5953962565611,388161100,NVDA
2025-02-03,116.48603057861328,118.39317826666118,112.84147223806173,114.57887527254843,371235700,NVDA
2025-02-04,118.47305297851562,121.01924546805154,116.52595653802958,116.78557092036435,256550000,NVDA
2025-02-05,124.64384460449219,124.8135892575584,120.57991444298676,121.57842315704723,262230800,NVDA
2025-02-06,128.48806762695312,128.57794497214795,125.02324949979864,127.22995239056334,251483600,NVDA
2025-02-07,129.6463623046875,130.17557068191934,124.8135839892709,129.02729180363133,228186300,NVDA
2025-02-10,133.3708038330078,134.79866384787866,129.76618710141213,129.89598286165247,216989100,NVDA
2025-02-11,132.6019744873047,134.27946199343057,130.8246300046561,132.38230132778313,178902400,NVDA
2025-02-12,130.94444274902344,132.04280851778788,128.8875170693692,129.826117774307,160278600,NVDA
2025-02-13,135.08824157714844,136.29644386397356,130.9743904181038,131.36380821970238,197430000,NVDA
2025-02-14,138.64292907714844,139.04232643389201,135.29791907929888,136.27645326854343,195479600,NVDA
2025-02-18,139.19210815429688,143.226091877041,137.72429913092634,141.05932980350207,219176600,NVDA
2025-02-19,139.02235412597656,141.14918241151278,137.01535723812603,139.3019353271886,167536000,NVDA
2025-02-20,139.90106201171875,140.45024487315197,136.5860056380014,139.8211794831435,143903600,NVDA
2025-02-21,134.22952270507812,141.24905316966826,133.83012530319377,139.83115735009994,228217600,NVDA
2025-02-24,130.08570861816406,138.383313247837,129.88600993089565,136.35634186179794,251381100,NVDA
2025-02-25,126.4411392211914,130.00581456055454,124.25441060297068,129.78614145324104,271428700,NVDA
2025-02-26,131.08424377441406,133.53058746877883,128.29841071950023,129.79617403066678,322553800,NVDA
2025-02-27,119.97080993652344,134.8086407391513,119.83101934182149,134.7986611381126,443175800,NVDA
2025-02-28,124.73370361328125,124.90344826210318,116.2264129341289,117.84399213493025,389091100,NVDA
2025-03-03,113.88990020751953,123.51552349340123,112.11255593535711,123.32581202011416,411381400,NVDA
2025-03-04,115.81702423095703,119.13207287466713,109.9457957033308,110.48499132597254,398163300,NVDA
2025-03-05,117.12506866455078,118.10360288358513,114.33922859376143,117.40464986998916,284337900,NVDA
2025-03-06,110.40511322021484,115.17798387118098,110.05563667803439,113.36069823382532,321181900,NVDA
2025-03-07,112.52194213867188,113.31076488585998,107.39958789171841,111.08408724577035,341755500,NVDA
2025-03-10,106.82044982910156,111.6831816739289,105.30271254146378,109.73609301585863,366487400,NVDA
2025-03-11,108.59780883789062,112.0726148635708,104.6137536218378,106.83044416478043,354865700,NVDA
2025-03-12,115.57803344726562,116.59661034457649,112.72203506897391,113.96030532134075,323857500,NVDA
2025-03-13,115.41825103759766,117.59520049683546,113.63075517539951,116.86621875800482,299033100,NVDA
2025-03-14,121.49972534179688,121.70943054003341,117.98465480860956,118.44401014075397,277593500,NVDA
2025-03-17,119.36272430419922,122.71802281178023,117.86482345684047,122.56823120330081,255501500,NVDA
2025-03-18,115.2684555053711,118.85342762738914,114.37970167383446,117.83485847417,299686900,NVDA
2025-03-19,117.35552978515625,120.2814296141779,115.51810848491796,117.10587965509883,273426200,NVDA
2025-03-20,118.3641128540039,120.0317738155389,116.30699831746894,116.38688818380663,248829700,NVDA
2025-03-21,117.5352783203125,117.82487338576216,115.25847035053427,116.77634740953133,266498500,NVDA
2025-03-24,121.24009704589844,122.04896105750126,119.17298658297102,119.71223179694545,228452500,NVDA
2025-03-25,120.52110290527344,121.12026171196634,118.75357566400419,120.38129943766901,167447200,NVDA
2025-03-26,113.60079956054688,118.6736845133834,112.55226594608844,118.5638454632065,293463300,NVDA
2025-03-27,111.27406311035156,114.28983351449122,110.50514401476981,111.19417323533278,236902100,NVDA
2025-03-28,109.51651763916016,112.71204388720727,108.9173588485005,111.33397028810096,229872500,NVDA
2025-03-31,108.22832489013672,110.80471613819729,103.50494855407659,104.98287310192077,299212700,NVDA
2025-04-01,109.995849609375,110.04577506451116,106.32099936404416,108.36812587384452,222614000,NVDA
2025-04-02,110.26547241210938,111.82329447216486,106.64055510872038,107.1398553905561,220601200,NVDA
2025-04-03,101.65753936767578,105.48217369637304,101.45781468579652,103.36514539947606,338769400,NVDA
2025-04-04,94.17802429199219,99.9898797349743,91.9811059228115,98.77159334909085,532273800,NVDA
2025-04-07,97.50334930419922,101.60759784636036,86.4987754744505,87.33759621246332,611041300,NVDA
2025-04-08,96.16523742675781,105.70186824827938,94.3278084260022,103.66472218207363,476243400,NVDA
2025-04-09,114.16999816894531,114.93891720962625,97.39350654873371,98.75160385221358,612918300,NVDA
2025-04-10,107.4194564819336,110.70485307181585,99.01124202201945,109.21694044618194,437812400,NVDA
2025-04-11,110.7747573852539,111.39389245819964,107.32958859529616,108.34815778630501,313417300,NVDA
2025-04-14,110.55506134033203,114.1300529879136,108.91735711650354,113.9503045917023,264705000,NVDA
2025-04-15,112.04297637939453,113.46099492172469,110.3453585264742,110.81470199440513,228966900,NVDA
2025-04-16,104.3437728881836,106.64055727885454,100.30942561460589,104.40369410395131,397016900,NVDA
2025-04-17,101.34796142578125,104.3237942331935,99.90998190333623,104.30381795694564,292517500,NVDA
2025-04-21,96.77438354492188,99.3008417327631,94.90699776234818,98.63177356997639,288501100,NVDA
2025-04-22,98.75160217285156,99.67031279819463,97.14385476914264,98.6417555090913,241004800,NVDA
2025-04-23,102.5662612915039,104.6533403969428,101.87722447592722,104.37372584399631,247526000,NVDA
2025-04-24,106.28104400634766,106.39089066307956,102.96569088547095,103.33517578708889,220815000,NVDA
2025-04-25,110.85466003417969,111.76338266185121,105.58204983332996,106.70047768277183,251064700,NVDA
2025-04-28,108.57783508300781,110.21553928394424,105.87162103934429,109.53649064316203,207708500,NVDA
2025-04-29,108.867431640625,110.04578062718967,107.2896485179105,107.51932238432487,170444300,NVDA
2025-04-30,108.76756286621094,108.76756286621094,103.93434018163836,104.32379376082015,235044600,NVDA
2025-05-01,111.45380401611328,114.7791455573913,111.14424029465428,112.92174799120272,236121500,NVDA
2025-05-02,114.33976745605469,115.23850951002053,113.21135153306962,114.02021557227994,190194800,NVDA
2025-05-05,113.66072082519531,114.50952981770942,112.50234808238875,112.75199823422925,133163200,NVDA
2025-05-06,113.38111877441406,114.57943650755207,110.6649237860017,111.32400387233044,158525600,NVDA
2025-05-07,116.89618682861328,117.5153219594032,112.12287705585727,112.8918038042742,206758800,NVDA
2025-05-08,117.20575714111328,118.51392151118237,115.68787993703612,118.08452294119296,198428100,NVDA
2025-05-09,116.48675537109375,118.06454606438504,115.04876814493281,117.18577270674557,132972200,NVDA
2025-05-12,122.82787322998047,122.82787322998047,120.11167839159091,121.79931583574867,225023300,NVDA
2025-05-13,129.7481689453125,131.03637225526788,124.29581818961599,124.8051066300396,330430100,NVDA
2025-05-14,135.1505889892578,135.25045513495294,131.49570747587302,133.01358451331882,281180800,NVDA
2025-05-15,134.64129638671875,136.10924022234616,132.47433530494334,134.10204362723803,226632600,NVDA
2025-05-16,135.21051025390625,136.15919297953724,133.27323795943153,136.02937003025397,226542500,NVDA
2025-05-19,135.3802947998047,135.6798627990254,132.20473687113784,132.20473687113784,193154600,NVDA
2025-05-20,134.19192504882812,134.3916420789913,132.43437861355363,134.10203943343691,161514200,NVDA
2025-05-21,131.6155548095703,137.2077087161811,130.40724144628157,132.87378601013486,270608700,NVDA
2025-05-22,132.64413452148438,134.06214570529366,131.36592682798198,132.04496799877617,187344000,NVDA
2025-05-23,131.10626220703125,132.49431639064062,128.97925335315108,129.81807417545411,198821300,NVDA
2025-05-27,135.31036376953125,135.47014350181522,133.1234263008756,133.96224703921547,192953600,NVDA
2025-05-28,134.621337890625,137.05792567392893,134.60136161311598,135.83963178227697,304021100,NVDA
2025-05-29,138.99522399902344,143.28920975153582,137.71701641280157,142.05093948600498,369241900,NVDA
2025-05-30,134.94088745117188,139.42459384487097,132.73397369059805,138.52585950975748,333170900,NVDA
2025-06-02,137.187744140625,137.9266987725352,135.21050414256473,135.30038976970178,197663100,NVDA
2025-06-03,141.02236938476562,141.801276586457,137.75694135463795,138.5857816307834,225578800,NVDA
2025-06-04,141.72137451171875,142.19071794379053,139.3447005567539,141.99100090060617,167120800,NVDA
2025-06-05,139.79408264160156,143.79846496522654,138.63570246128648,141.97102431113476,231397900,NVDA
2025-06-06,141.5216827392578,143.0695167658335,141.3119699021351,142.31057053380505,153986200,NVDA
2025-06-09,142.43040466308594,144.7970831461155,141.74136782943543,142.98961854621228,185114500,NVDA
2025-06-10,143.758544921875,144.088069701399,141.33193761060437,142.49031793007975,155881900,NVDA
2025-06-11,142.64002990722656,144.79716064315863,141.6813000562032,144.4176611881815,167694000,NVDA
2025-06-12,144.80714416503906,144.80714416503906,141.66133988719625,141.78117540604916,162365000,NVDA
2025-06-13,141.7811737060547,143.3890329315276,140.6626682408541,142.29048989356696,180820600,NVDA
2025-06-16,144.49754333496094,145.98555166191812,143.00951976951112,143.159329390418,183133700,NVDA
2025-06-17,143.9282989501953,145.02684191909495,143.58875484653294,144.29781716982143,139108000,NVDA
2025-06-18,145.2864990234375,145.45627108510786,142.9296373487004,143.81845298832403,161494100,NVDA
2025-06-20,143.65866088867188,146.00552584195606,142.46024490398213,145.2565234707711,242956200,NVDA
2025-06-23,143.97824096679688,144.58743022935184,141.84108794116847,142.31046402404658,154308900,NVDA
2025-06-24,147.70326232910156,147.76319531946535,145.3064608232896,145.36637857516104,187566100,NVDA
2025-06-25,154.104736328125,154.24454949233478,149.06145072732096,149.0714471780808,269146500,NVDA
2025-06-26,154.81381225585938,156.51154803915952,153.79516469048193,155.77252682686714,198145700,NVDA
2025-06-27,157.54017639160156,158.4989061985097,155.05348286000648,155.83244416127852,263234500,NVDA
2025-06-30,157.77984619140625,158.4489531245615,155.7525477292889,158.18928922556665,194580300,NVDA
2025-07-01,153.09608459472656,156.99089075003695,151.288494680634,156.0820975676339,213143600,NVDA
2025-07-02,157.0408477783203,157.3903883520798,152.76654166200262,152.77652287552658,171224100,NVDA
2025-07-03,159.1280517578125,160.76586971787668,157.56014800239086,158.15934077500395,143716100,NVDA
2025-07-07,158.02951049804688,159.09807923203843,157.13069855849747,157.98955517353815,140139000,NVDA
2025-07-08,159.78717041015625,160.00687898854957,158.17931139836438,159.11806346268276,138133000,NVDA
2025-07-09,162.66334533691406,164.2012901564699,160.9456320255445,161.0055497766517,183656400,NVDA
2025-07-10,163.88172912597656,164.28119097215313,161.3950357038234,164.10143771292147,167704100,NVDA
2025-07-11,164.7006378173828,167.66668863474402,163.25256951238498,163.50223698698784,193633300,NVDA
2025-07-14,163.85177612304688,165.2698855378492,161.80449980139463,165.15003478890583,136975800,NVDA
2025-07-15,170.4729461669922,172.17068192225182,168.97494134085255,170.96229989605533,230627400,NVDA
2025-07-16,171.14205932617188,171.52155877211666,168.67534340451815,170.83247408910898,158831500,NVDA
2025-07-17,172.76988220214844,173.92834287299638,170.60277047944578,171.7911900263939,160841100,NVDA
2025-07-18,172.18067932128906,174.01822826089457,171.03219980516573,173.40903901870553,146456400,NVDA
2025-07-21,171.15203857421875,173.1493782135921,170.77253916642036,172.52021135087202,123126100,NVDA
2025-07-22,166.8078155517578,171.16201649130318,164.36107758832912,171.1120799535818,193114300,NVDA
2025-07-23,170.5528564453125,171.03221376466186,167.7465962646817,169.30451898143798,154082200,NVDA
2025-07-24,173.50892639160156,173.5988030318276,171.07216922217725,172.21065238052367,128984600,NVDA
2025-07-25,173.26922607421875,174.4876045602178,172.72995103806022,173.37908037175941,122316800,NVDA
2025-07-28,176.51490783691406,176.7645753161742,173.73860668662087,173.78854323017163,140023500,NVDA
2025-07-29,175.2765350341797,179.14139760883538,174.7871965738649,177.72328828972238,154077500,NVDA
2025-07-30,179.03155517578125,179.65072563032518,175.80584046425426,176.27521653092245,174312200,NVDA
2025-07-31,177.63340759277344,183.05619299307685,175.69598557745124,182.65671589592668,221685400,NVDA
2025-08-01,173.4889373779297,176.3051785902702,170.66269971388826,173.85844036702034,204529000,NVDA
2025-08-04,179.7605743408203,179.96030526461158,174.28786778877773,174.9270158880054,148174600,NVDA
2025-08-05,178.02288818359375,180.0202279532499,175.6660266458598,179.38107983649965,156407600,NVDA
2025-08-06,179.1813507080078,179.66070799076476,176.01556896990587,176.09546439011424,137192300,NVDA
2025-08-07,180.52957153320312,183.6354356942093,178.5621905082108,181.32851054269395,151878400,NVDA
2025-08-08,182.4569854736328,183.05619350177665,180.16004168373897,181.30852119793246,123396700,NVDA
2025-08-11,181.81784057617188,183.59547178906817,180.01025048518693,181.80785936297346,138323200,NVDA
2025-08-12,182.9163818359375,184.234618174838,179.22130626788388,182.7166509044063,145485700,NVDA
2025-08-13,181.3484649658203,183.72530422356274,179.11145412417423,182.37709375214726,179871700,NVDA
2025-08-14,181.77789306640625,182.7765629312542,179.22130065055427,179.51090820642335,129554000,NVDA
2025-08-15,180.20997619628906,181.658044469753,177.8031781362909,181.6380820439347,156602200,NVDA
2025-08-18,181.7678985595703,182.69666946783065,180.3497891649352,180.359785616326,132008000,NVDA
2025-08-19,175.40638732910156,182.25726371442747,175.25659293377495,182.1873495042791,185229200,NVDA
2025-08-20,175.1667022705078,175.76591033294957,168.57548977611862,174.93701244991922,215142700,NVDA
2025-08-21,174.7472381591797,176.66468235557974,173.57879631630271,174.61742144674352,140040900,NVDA
2025-08-22,177.7532501220703,178.35244288234992,170.97227338198675,172.38040151215634,172789400,NVDA
2025-08-25,179.57083129882812,181.6680441727565,176.33515059315872,178.11278178635797,163012800,NVDA
2025-08-26,181.52822875976562,182.14739921043056,178.57215920342722,179.82049655621498,168688200,NVDA
2025-08-27,181.35845947265625,182.24727507184866,178.86178472902657,181.7379436715125,235518900,NVDA
2025-08-28,179.9303436279297,184.22462699678687,176.17535050737845,180.5794881684096,281787800,NVDA
2025-08-29,173.94830322265625,177.91302365652732,172.91967451951007,177.87308356836775,243257900,NVDA
2025-09-02,170.5528564453125,172.15073449446965,166.997593786357,169.77389508693435,231164900,NVDA
2025-09-03,170.39305114746094,172.18067877773825,168.6553752976972,170.83246833565184,164424900,NVDA
2025-09-04,171.43167114257812,171.6314020660847,169.1846639665207,170.34312465674856,141670100,NVDA
2025-09-05,166.7978515625,168.80517258283567,163.8517783946414,167.8065026792569,224441400,NVDA
2025-09-08,168.0861358642578,170.73262035939155,167.12742125141602,167.32715219255022,163769100,NVDA
2025-09-09,170.53286743164062,170.75257602974241,166.51822538667548,168.86509051949957,157548400,NVDA
2025-09-10,177.09413146972656,179.05151589898875,175.2366048852674,176.4050468150653,226852000,NVDA
2025-09-11,176.94430541992188,180.05034427267074,176.2551819566126,179.45110250300584,151159300,NVDA
2025-09-12,177.593505859375,178.37251110105626,176.22524055900428,177.5435664999128,124911000,NVDA
2025-09-15,177.52357482910156,178.62217970015598,174.28769658655634,175.44622258887705,147061600,NVDA
2025-09-16,174.65724182128906,177.27389957504343,174.15787872389456,176.77453647764895,140737800,NVDA
2025-09-17,170.0730743408203,172.97937117956877,168.1954794867923,172.42008695754546,211843800,NVDA
2025-09-18,176.01551818847656,176.87442336525442,172.73969733735942,173.7583871307785,191763300,NVDA
2025-09-19,176.4449462890625,177.8531538116004,174.95683884616588,175.54609885389235,237182100,NVDA
2025-09-22,183.37612915039062,184.31493427279133,174.48747153493287,175.07671637070237,269637000,NVDA
2025-09-23,178.2027130126953,182.18763613663097,175.9855548133895,181.73821238324945,192559600,NVDA
2025-09-24,176.74456787109375,179.5509859124944,175.17656050171237,179.54100413716742,143564100,NVDA
2025-09-25,177.4636688232422,180.03038734713982,172.90947958662534,174.2577508730865,191586700,NVDA
2025-09-26,177.96302795410156,179.54101721374016,174.70717071687335,177.94304916264082,148573700,NVDA
2025-09-29,181.6183624267578,183.76561762390497,180.09031258631592,180.2001578366391,193063500,NVDA
2025-09-30,186.3423309326172,187.11135435179565,181.2488213615314,181.848063160254,236981000,NVDA
2025-10-01,187.0015106201172,187.9003581593927,183.665753326035,185.00405809785752,173844900,NVDA
2025-10-02,188.64939880371094,190.80665113886596,187.82045419605362,189.35850113919957,136805800,NVDA
2025-10-03,187.38099670410156,190.11751186051177,185.1438598655547,188.94900408551683,137596900,NVDA
2025-10-06,185.3036651611328,186.99151499327596,183.09648864167906,185.26372281570642,157678100,NVDA
2025-10-07,184.80429077148438,188.8191743935438,183.76562222076905,185.99277739696944,140088000,NVDA
2025-10-08,188.86911010742188,189.35849142592937,186.30237648821537,186.33235229407293,130168900,NVDA
2025-10-09,192.32470703125,195.05122522476873,190.816620752273,191.9851285494953,182997200,NVDA
2025-10-10,182.92669677734375,195.37081685366852,181.81811007166195,193.26350393527704,268774400,NVDA
2025-10-13,188.08013916015625,189.86785248459339,185.72314454487463,187.73057886865314,153482800,NVDA
2025-10-14,179.80067443847656,184.56460262310264,179.47109296765566,184.5346420566055,205641400,NVDA
2025-10-15,179.60093688964844,184.63451030281777,177.06416377208902,184.56460739230218,214450500,NVDA
2025-10-16,181.57839965820312,183.04652832403656,179.5410050089342,181.99786281424815,179723300,NVDA
2025-10-17,182.9866180419922,183.86550198639478,179.52103686227596,179.9504818191574,173135200,NVDA
2025-10-20,182.4073486328125,184.96408521149223,181.4985041529273,182.89672994644732,128544700,NVDA
2025-10-21,180.9292449951172,182.55715836486127,179.5709767314294,182.55715836486127,124240200,NVDA
2025-10-22,180.05035400390625,183.20633238125785,176.53483359319367,180.9092591258601,162249600,NVDA
2025-10-23,181.92796325683594,182.7968501503985,179.5609718650331,180.19017423035882,111363700,NVDA
2025-10-24,186.02273559570312,187.23120099697576,183.26625678365264,183.6058200325102,131296700,NVDA
2025-10-27,191.24609375,191.75543864774096,188.18997864549505,189.74800438556454,153452700,NVDA
2025-10-28,200.77392578125,202.8912204382634,191.66554775855593,192.8040950113927,297986200,NVDA
2025-10-29,206.77627563476562,211.9197249544373,204.51915980095313,207.715080745974,308829600,NVDA
2025-10-30,202.63156127929688,205.89740027142088,201.1534507471854,204.88867704045037,178864400,NVDA
2025-10-31,202.23207092285156,207.70508615602077,201.81260775338424,206.18701808603035,179802200,NVDA
2025-11-03,206.61648559570312,211.07079600988305,205.2981596683369,207.8149540137207,180267300,NVDA
2025-11-04,198.43690490722656,203.71017785907821,197.67786326579136,202.7414122562426,188919300,NVDA
2025-11-05,194.9613494873047,202.66152000582164,194.40205001057666,198.51681234435117,171350300,NVDA
2025-11-06,187.84043884277344,197.3682807609907,186.14260723026618,196.16981228388872,223029800,NVDA
2025-11-07,187.91030883789062,188.08010568481336,178.682089465448,184.66444902638756,264942300,NVDA
2025-11-10,198.7964630126953,199.68532876518447,193.5431531870904,194.8614791513322,198897100,NVDA
2025-11-11,192.91395568847656,195.17107140540628,191.05632435423007,194.91140808059743,176483300,NVDA
2025-11-12,193.55313110351562,195.64046510157328,190.8865341091802,195.47068348463264,154935300,NVDA
2025-11-13,186.62197875976562,191.1961465947379,183.61581837719615,190.8066439854392,207423100,NVDA
2025-11-14,189.92774963378906,190.76667594021126,180.34996953708986,182.62706393415107,186591900,NVDA
2025-11-17,186.36231994628906,188.75925679396335,184.08522536919267,185.73311754704963,173628900,NVDA
2025-11-18,181.12899780273438,184.5646186262563,179.42116916755387,183.1464291447985,213598900,NVDA
2025-11-19,186.28240966796875,187.62069907956393,182.5971076589588,184.5546024199349,247246400,NVDA
2025-11-20,180.40989685058594,195.7503316108911,179.62090987236718,195.70039225393623,343504800,NVDA
2025-11-21,178.6521453857422,184.32490281868388,172.70971237567008,181.00913979899244,346926200,NVDA
2025-11-24,182.31747436523438,183.26626122561635,176.25519889972114,179.2613745727385,256618300,NVDA
2025-11-25,177.593505859375,177.9330691207534,169.3340356551,174.68720886729724,320600300,NVDA
2025-11-26,180.03036499023438,182.67699835309762,178.01294919921247,181.39863013804072,183852000,NVDA
2025-11-28,176.7745361328125,179.0616124091028,176.27517303639212,178.7819702942556,121332800,NVDA
2025-12-01,179.69081115722656,180.07033197943204,173.45875435362808,174.5373804488289,188131000,NVDA
2025-12-02,181.22886657714844,185.4235136530611,179.7707195907086,181.52847225165078,182632200,NVDA
2025-12-03,179.3612518310547,182.21760964702736,178.88186747602086,180.84935949817796,165138000,NVDA
2025-12-04,183.15660095214844,184.29521152983364,179.7407692190929,181.39873533031871,167364900,NVDA
2025-12-05,182.1877899169922,184.43504894381925,180.6896172324408,183.66598269849337,143971100,NVDA
2025-12-08,185.323974609375,187.7709870845105,182.17780264974235,182.41751577930148,204378100,NVDA
2025-12-09,184.7446746826172,185.4937610485011,183.09669077375298,185.33395229946427,144719700,NVDA
2025-12-10,183.55612182617188,185.2540478736652,181.8182359713298,184.74467463147755,162785400,NVDA
2025-12-11,180.70957946777344,181.09911899111663,176.40483245042134,180.060377409269,182136600,NVDA
2025-12-12,174.80679321289062,182.59729422559735,174.40727135263347,180.88937065842447,204274900,NVDA
2025-12-15,176.07522583007812,178.20263580820242,174.81676632707214,177.72322484137152,164775600,NVDA
2025-12-16,177.5034942626953,178.27256047932946,174.686922405521,176.04526619844617,148588100,NVDA
2025-12-17,170.73175048828125,175.91543007880585,170.10251312474713,175.88546784627562,222775500,NVDA
2025-12-18,173.9278564453125,175.93540231223645,171.6106906687844,174.3173807251694,176096000,NVDA
2025-12-19,180.76953125,181.22896236326454,176.12518653595592,176.4547863729682,324925900,NVDA
2025-12-22,183.4662322998047,183.935660967629,182.1278683380167,183.6959478478248,129064400,NVDA
2025-12-23,188.97952270507812,189.09937165158402,182.67719635774475,182.74711840334103,174873600,NVDA
2025-12-24,188.38023376464844,188.67987134928,186.36269028434322,187.71105179508496,65528500,NVDA
2025-12-26,190.2978973388672,192.45526970950266,187.7709805748158,189.68863982420257,139740300,NVDA
2025-12-29,187.99070739746094,188.53004285167208,185.68352392965699,187.4813341773615,120006100,NVDA
2025-12-30,187.31153869628906,188.75978454971104,186.70228116711607,188.01069817319677,97687300,NVDA
