Date,Close,High,Low,Open,Volume,Ticker
2018-01-02,41.10762023925781,42.139055780924956,40.70209538283732,41.93629503417646,25380000,ORCL
2018-01-03,42.05971145629883,42.37707725143685,41.82168710994531,41.90102855872981,24165000,ORCL
2018-01-04,42.47406768798828,42.48288191345274,42.06854605813048,42.30657050076648,19815100,ORCL
2018-01-05,42.729713439941406,42.870764553169636,42.56221293097277,42.68563223468199,14496400,ORCL
2018-01-08,43.179317474365234,43.258658944305076,42.262483457932426,42.5798493376918,15075000,ORCL
2018-01-09,43.418270111083984,43.68377046867071,43.29436679325798,43.58641954981752,14153700,ORCL
2018-01-10,43.18815994262695,43.60411256988726,42.993461514223526,43.24126135547496,13476600,ORCL
2018-01-11,43.3209114074707,43.382861367241205,42.869557842263234,43.250109524293215,11687800,ORCL
2018-01-12,43.8165168762207,44.099721070337985,43.41826804678525,43.524467509566705,15978200,ORCL
2018-01-16,43.88731002807617,44.30326262382336,43.754558194023424,44.11740938094564,17152600,ORCL
2018-01-17,44.48912048339844,44.50682095618675,44.117417306883844,44.17051872524878,23183100,ORCL
2018-01-18,44.45371627807617,44.85196844655982,44.33866490139873,44.418315335095464,17119200,ORCL
2018-01-19,44.763458251953125,44.78115534299065,44.48910607660701,44.69265638372746,14011500,ORCL
2018-01-22,44.8785285949707,44.90508099680069,44.4891282536768,44.63072868469464,16840000,ORCL
2018-01-23,45.24136734008789,45.374119184290855,44.75461620470975,44.91391706734545,14141400,ORCL
2018-01-24,45.533416748046875,46.02016784816008,45.32101448791453,45.45376632249967,17205600,ORCL
2018-01-25,45.66616439819336,46.06441651887921,45.6130663661148,45.6130663661148,13904300,ORCL
2018-01-26,46.683921813964844,46.683921813964844,45.80776710395086,45.89626945527623,14909200,ORCL
2018-01-29,45.967071533203125,46.71932638585166,45.913973494300244,46.613123556006364,12234900,ORCL
2018-01-30,45.09978103637695,46.01133700754239,44.91393109725397,45.79008611543769,16863500,ORCL
2018-01-31,45.65732192993164,45.8874213102839,45.01126990415131,45.01126990415131,16806800,ORCL
2018-02-01,45.69273376464844,46.00248365357348,45.365280023761294,45.45378240346887,11674100,ORCL
2018-02-02,44.365211486816406,45.49801450569549,44.28556106355026,45.35641412833561,17562200,ORCL
2018-02-05,42.5598030090332,44.869661846162806,42.53325399399192,44.28555988312008,19725800,ORCL
2018-02-06,43.71916198730469,43.81650950914182,41.42700343020798,41.887205526245026,25921200,ORCL
2018-02-07,43.25010299682617,44.1174056787362,43.20585351452834,43.54215565682622,15138000,ORCL
2018-02-08,41.45354461669922,43.47135056921224,41.4269956044879,43.44480155700092,21255400,ORCL
2018-02-09,42.241207122802734,42.61291026449949,40.63934993371798,42.10845865335506,23191000,ORCL
2018-02-12,42.6129150390625,42.913816329952574,42.232363307171525,42.674865006949865,16261600,ORCL
2018-02-13,42.913814544677734,43.08196396823104,42.27661104317907,42.48900995966535,12633100,ORCL
2018-02-14,43.76342010498047,43.82537007473878,42.60406440118031,42.648313897290514,14271400,ORCL
2018-02-15,44.81657409667969,44.86082359390538,43.74572073412478,43.984672070367814,14132500,ORCL
2018-02-16,44.8785285949707,45.25908038633499,44.68383011233404,44.73692816395287,11098800,ORCL
2018-02-20,44.152828216552734,44.52453147695064,43.949277797581324,44.42718054265546,14144900,ORCL
2018-02-21,43.74570846557617,44.55106124289429,43.74570846557617,44.13510865838276,13050800,ORCL
2018-02-22,43.88731002807617,44.30326262382336,43.72800917762063,43.88731002807617,9513200,ORCL
2018-02-23,44.692665100097656,44.754615058867714,43.91386127782038,44.06431358913306,8866800,ORCL
2018-02-26,45.28562545776367,45.36527590425734,44.692674759659894,44.77232520615357,12956000,ORCL
2018-02-27,44.89621353149414,45.489167452163855,44.72806413286631,45.197114765262484,14339600,ORCL
2018-02-28,44.843116760253906,45.57767113890437,44.843116760253906,45.188270892113856,14947900,ORCL
2018-03-01,43.993526458740234,45.09978091631882,43.73687461433703,45.09978091631882,16539800,ORCL
2018-03-02,44.53337478637695,44.60417668517588,43.50677088593502,43.65722323287255,17291000,ORCL
2018-03-05,45.39181900024414,45.568820331287405,44.11741211754834,44.16166498232384,18771500,ORCL
2018-03-06,45.57767105102539,45.834322824470085,45.329871201365556,45.63077246567525,13907100,ORCL
2018-03-07,45.77236557006836,45.85201599134418,45.161711214947346,45.1882636060521,11727300,ORCL
2018-03-08,46.135223388671875,46.161772407584046,45.55112134046626,45.96707059950894,15864400,ORCL
2018-03-09,46.878631591796875,46.90518061370462,46.19717856266404,46.32992704822286,16218600,ORCL
2018-03-12,46.81667709350586,47.29457632170576,46.613123358508055,46.88747560374965,14108400,ORCL
2018-03-13,46.533477783203125,47.32997877292865,46.32107549366441,47.11757985940979,12864400,ORCL
2018-03-14,46.30337142944336,47.03792577375933,46.179471510165875,46.798974482572916,10885500,ORCL
2018-03-15,46.34762954711914,46.61312990586051,46.11753013648201,46.21488105575857,14155200,ORCL
2018-03-16,46.25912857055664,46.630828381662226,46.24142809726303,46.374179958955075,21011500,ORCL
2018-03-19,45.97591781616211,46.53347078837349,45.586514239878895,46.400718955364326,25777400,ORCL
2018-03-20,41.639404296875,42.25890727772091,41.09070320002046,41.41815347343143,68601000,ORCL
2018-03-21,41.61286163330078,42.53326600963038,41.604009708440216,41.851812964233666,34597700,ORCL
2018-03-22,40.6128044128418,41.61285917370585,40.4712040076237,41.34735883592441,25610100,ORCL
2018-03-23,39.639305114746094,40.957958357322944,39.61275271570037,40.692457999007225,21398900,ORCL
2018-03-26,41.13496398925781,41.276564420118476,40.17030999901315,40.31191042987381,20754800,ORCL
2018-03-27,40.16145324707031,41.435856864549564,39.82515102645028,41.26770744224949,18925300,ORCL
2018-03-28,39.80744552612305,40.143747704264726,39.39149292094833,40.07294582422671,22156900,ORCL
2018-03-29,40.4889030456543,40.96680566233957,39.833999084713014,40.09950278910695,14256400,ORCL
2018-04-02,39.83400344848633,40.57740647498471,39.31185128254079,40.400408487358604,15343300,ORCL
2018-04-03,39.72780227661133,40.11720593513409,39.19680158446946,40.11720593513409,15734600,ORCL
2018-04-04,40.2765007019043,40.373851609912094,38.975548081856,39.00209710185091,18505900,ORCL
2018-04-05,40.67476272583008,40.869464588966444,40.311911401998174,40.47121231256054,12313000,ORCL
2018-04-06,39.674705505371094,40.488907042902625,39.47115174496804,40.276504733622126,13893600,ORCL
2018-04-09,39.73665237426758,40.400404896937836,39.71895190187398,39.92250227037047,15200000,ORCL
2018-04-10,40.550865173339844,40.772116076021106,40.232263333315494,40.31191379332158,14868900,ORCL
2018-04-11,40.36500930786133,40.701311575921096,40.14375843761523,40.179159387099496,14911400,ORCL
2018-04-12,40.60395812988281,40.86060655764571,40.40040774702665,40.43580531829109,13970300,ORCL
2018-04-13,40.78095245361328,41.179201225777355,40.364999834841534,40.98450280134724,12493600,ORCL
2018-04-16,40.923126220703125,41.225273221570276,40.523225279850045,40.90535246888782,11639000,ORCL
2018-04-17,41.46521759033203,41.70515817685736,41.2252770038067,41.24305075725267,10762700,ORCL
2018-04-18,41.83848190307617,42.02510132859999,41.48301342493672,41.48301342493672,11312900,ORCL
2018-04-19,41.607421875,41.865136324276605,41.500782699091786,41.75849714836839,8563200,ORCL
2018-04-20,41.08309555053711,41.42967531147653,40.86092868942237,41.29637722880605,15675600,ORCL
2018-04-23,40.70097351074219,41.296382537874116,40.62988186884451,41.21640232199066,14904400,ORCL
2018-04-24,40.46104049682617,41.2075215225769,40.238873565233675,40.816508943373506,13357000,ORCL
2018-04-25,40.65654373168945,40.73652395331892,40.03447571790445,40.36328178904874,12637500,ORCL
2018-04-26,40.843162536621094,41.06532943909183,40.78984464962677,40.95869027510529,12175800,ORCL
2018-04-27,40.46104049682617,40.9853545909844,40.40772260284291,40.9853545909844,14420800,ORCL
2018-04-30,40.58545684814453,40.89649261252187,40.487706237624536,40.57657166173313,13896600,ORCL
2018-05-01,40.83427047729492,40.83427047729492,40.33661547914603,40.33661547914603,8838000,ORCL
2018-05-02,40.443267822265625,40.94981155870653,40.40772368865445,40.78096251656009,10715200,ORCL
2018-05-03,40.04336929321289,40.33662788247828,39.53682895630127,40.3099689352719,15370200,ORCL
2018-05-04,40.62098693847656,40.80760628300317,39.81229972219745,39.9278274359508,10571800,ORCL
2018-05-07,40.9409294128418,41.092004716910786,40.68321491119403,40.82540163796539,9006000,ORCL
2018-05-08,40.82538986206055,40.86982595573336,40.478810027399724,40.77207197364995,9830600,ORCL
2018-05-09,41.39413070678711,41.48299609419652,40.86092821233894,41.083095070859706,11822400,ORCL
2018-05-10,41.70517349243164,41.85624536720591,41.42080011285812,41.589645747605495,10974200,ORCL
2018-05-11,41.607421875,41.900683846245435,41.44746141613854,41.865136324276605,9498100,ORCL
2018-05-14,41.607421875,41.9984344466623,41.49189412360044,41.59853668950693,9689500,ORCL
2018-05-15,41.59852600097656,41.607411184186624,41.1008709912777,41.33192304471089,11304900,ORCL
2018-05-16,41.527442932128906,41.70517715748116,41.278617050634786,41.70517715748116,9874200,ORCL
2018-05-17,41.35859298706055,41.82070056898278,41.25195042892601,41.49189109973167,10162300,ORCL
2018-05-18,41.16307067871094,41.58074541088597,41.09197905472189,41.49187664340359,13517300,ORCL
2018-05-21,41.95399475097656,42.02508978307202,41.31415641210607,41.34970053815608,13416300,ORCL
2018-05-22,41.20751190185547,42.24725466175866,41.15419402032034,41.98065508409036,18505100,ORCL
2018-05-23,41.678504943847656,41.740711394420785,40.89647663521756,40.94979790285051,9204400,ORCL
2018-05-24,41.28749084472656,41.7140508338803,41.00311751862407,41.465225021039984,12497700,ORCL
2018-05-25,41.76736068725586,41.91843249233058,41.30525331115047,41.31414188203517,11354300,ORCL
2018-05-29,41.10974884033203,41.58963000800049,40.91424433461277,41.36746317741289,12427800,ORCL
2018-05-30,41.81181716918945,41.97177763619154,41.26084411062585,41.43857833951689,11906500,ORCL
2018-05-31,41.51854705810547,41.918444724703086,41.509658484626954,41.705166421184025,13062400,ORCL
2018-06-01,42.07841110229492,42.087299677031346,41.67851337910361,41.838473824379335,10863200,ORCL
2018-06-04,42.051753997802734,42.27392091596103,41.971773771665816,42.19394068982412,12178400,ORCL
2018-06-05,41.8829231262207,42.14063426574177,41.5985496419221,42.06065740140716,13430900,ORCL
2018-06-06,42.433876037597656,42.487197311656644,41.85624076695064,42.140614115269805,13299100,ORCL
2018-06-07,42.37166976928711,42.68270206102985,42.14061430399445,42.593836660531274,13714100,ORCL
2018-06-08,42.816009521484375,42.99374373726021,42.13173499424626,42.13173499424626,14515400,ORCL
2018-06-11,42.82489013671875,43.002624333527685,42.62938557122697,42.789346009355235,12521100,ORCL
2018-06-12,43.05595016479492,43.18036309872444,42.798235721656226,42.84266842805989,14713600,ORCL
2018-06-13,42.89598083496094,43.251445802645975,42.736020413003544,42.75379416988742,18053300,ORCL
2018-06-14,40.78984832763672,41.78515519125277,40.576566590434176,41.77626661595364,37001300,ORCL
2018-06-15,41.12753677368164,41.31415955211729,40.158888922745845,40.76318318149467,28120400,ORCL
2018-06-18,41.3408203125,41.41191196312436,40.39883136424078,40.71875226704573,21474100,ORCL
2018-06-19,41.118648529052734,41.24306144541937,40.674314747744624,40.73652120592794,22764900,ORCL
2018-06-20,38.05274963378906,39.80342604116736,37.83058271468007,38.665929110130556,59129000,ORCL
2018-06-21,38.30157470703125,38.95919026560587,38.19493553726172,38.372669746876326,32635100,ORCL
2018-06-22,39.19022750854492,39.367961650782576,38.35488144702379,38.39042895347068,29735100,ORCL
2018-06-25,39.350196838378906,39.519045837367685,38.648152071522524,38.71924371057235,24640500,ORCL
2018-06-26,39.46573257446289,39.856745143580014,39.43018505272544,39.510165281635565,20717500,ORCL
2018-06-27,38.61260223388672,39.75898408332256,38.60371366079179,39.607908850685014,26360100,ORCL
2018-06-28,38.95919418334961,39.1191546490886,38.53263407137844,38.665932199495316,20918400,ORCL
2018-06-29,39.15468978881836,39.572361192815734,38.87920165384351,39.136916032691204,22144900,ORCL
2018-07-02,39.94560623168945,39.963379989124846,38.89697827298455,39.06582388362437,20655500,ORCL
2018-07-03,39.741214752197266,39.98115540251661,39.563480560479476,39.98115540251661,16783300,ORCL
2018-07-05,40.35439682006836,40.4077180981056,39.981158043801614,40.123344728569606,21916200,ORCL
2018-07-06,40.87871170043945,41.04755733271589,40.22998472590616,40.39883035818259,20764300,ORCL
2018-07-09,41.527442932128906,41.580764216734096,40.93203717569701,40.994243646070544,25125700,ORCL
2018-07-10,41.75849533081055,42.0873014197151,41.48300713254028,41.616308639122245,27422000,ORCL
2018-07-11,42.336124420166016,42.44276358422243,41.50966327123348,41.60741725078432,22802600,ORCL
2018-07-12,42.789344787597656,42.83377748803175,42.43387640412941,42.46942392047578,24857900,ORCL
2018-07-13,43.215911865234375,43.37587232489581,42.504978372293714,42.62939130980854,25771400,ORCL
2018-07-16,43.233741760253906,43.376486131186255,42.77874514143651,43.376486131186255,22949600,ORCL
2018-07-17,43.626285552978516,43.70657946369615,42.95717076476286,43.08207164736944,18823100,ORCL
2018-07-18,43.39434051513672,43.71551628132263,43.18022560654285,43.52816488547922,19234700,ORCL
2018-07-19,43.215904235839844,43.46570947182029,43.010709387091616,43.18022069066669,16656500,ORCL
2018-07-20,43.28727340698242,43.45678128875712,43.14452903198942,43.26050990020072,17232900,ORCL
2018-07-23,43.42109680175781,43.42109680175781,42.86796274276514,43.3764898201655,17990200,ORCL
2018-07-24,43.42109680175781,43.804722969381885,43.322962803572544,43.49247069494115,19885500,ORCL
2018-07-25,43.67090606689453,43.688749541842,43.26943638881358,43.28727986376105,16354900,ORCL
2018-07-26,43.599525451660156,43.86717072805827,43.501388056212164,43.58168197946104,15229900,ORCL
2018-07-27,43.385406494140625,43.82255961020009,43.16236821765894,43.7065821568013,14856100,ORCL
2018-07-30,42.58247375488281,43.340806051181474,42.3415919715852,43.340806051181474,20167300,ORCL
2018-07-31,42.537872314453125,42.89473501840693,42.279147024251365,42.734147141957216,18808100,ORCL
2018-08-01,42.24345397949219,43.01962973813253,42.06502605654885,42.74306101229919,22933600,ORCL
2018-08-02,42.734153747558594,42.885818208040654,41.60111840115634,41.96690119776687,14227400,ORCL
2018-08-03,43.24266815185547,43.25158818670687,42.734141082963745,42.75198115266653,14295800,ORCL
2018-08-06,43.42109680175781,43.5013907299418,43.019630564132456,43.0820810190206,13529300,ORCL
2018-08-07,43.2515869140625,43.67090000892436,43.242666879473575,43.661976571041045,11608000,ORCL
2018-08-08,43.17129135131836,43.37648617202089,43.05531048629719,43.198054857363914,10849400,ORCL
2018-08-09,43.30511474609375,43.456779148111664,43.06423298704101,43.06423298704101,14708000,ORCL
2018-08-10,43.10884475708008,43.46570741830969,43.02855082846815,43.15345173891014,10502200,ORCL
2018-08-13,42.832275390625,43.34972590142118,42.79659184766574,43.126687592276866,12152100,ORCL
2018-08-14,43.0285530090332,43.13561045150963,42.769827736695,42.930415602057,11513700,ORCL
2018-08-15,42.680606842041016,43.055309531546804,42.4040381402909,42.91256516364543,14091000,ORCL
2018-08-16,42.912574768066406,43.22483048250251,42.859047745182174,42.94826171885252,11874300,ORCL
2018-08-17,43.144535064697266,43.269435984868686,42.81443928948783,43.01071070548799,11412000,ORCL
2018-08-20,43.19806671142578,43.35865459835485,43.0553223011883,43.18022663802939,11936700,ORCL
2018-08-21,43.18912887573242,43.3943236681785,43.15344193705646,43.34079666345835,10187600,ORCL
2018-08-22,43.53706741333008,43.63520479167549,43.037463891998854,43.126677834152645,11639400,ORCL
2018-08-23,43.6798210144043,44.018840192323765,43.43001920082914,43.537076634747855,11026700,ORCL
2018-08-24,43.947471618652344,44.06345250468683,43.6887497389837,43.71551324987825,14011700,ORCL
2018-08-27,44.00990676879883,44.34000240821461,43.974219833917815,44.08127723526742,12253300,ORCL
2018-08-28,43.39434051513672,44.09914251278968,43.35865356260604,44.063455560259,15475700,ORCL
2018-08-29,43.61737060546875,43.80472196584108,43.39433229932232,43.39433229932232,17307700,ORCL
2018-08-30,43.16236877441406,43.61736536685638,43.09991832845716,43.61736536685638,15154900,ORCL
2018-08-31,43.340816497802734,43.38542348991458,43.13561820815662,43.16238512606,17844100,ORCL
2018-09-04,43.340816497802734,43.56385486165731,42.96611027681347,43.1445416485562,17289000,ORCL
2018-09-05,42.85904312133789,43.260512766131825,42.63600480792955,43.18913887225976,16437700,ORCL
2018-09-06,42.56462860107422,43.01962864154727,42.395120717281074,42.77874686776055,18456100,ORCL
2018-09-07,42.653846740722656,42.814434592839724,42.225613602841946,42.341591071253035,20513900,ORCL
2018-09-10,43.59060287475586,43.760110745819325,42.82335063141593,42.82335063141593,20390600,ORCL
2018-09-11,43.644134521484375,43.76011539468808,43.287275270288006,43.287275270288006,14877200,ORCL
2018-09-12,44.01884078979492,44.134821663369515,43.37648937097502,43.49247024454962,17058700,ORCL
2018-09-13,43.6798210144043,44.384622877899304,43.60845052622331,43.96530977371718,22124400,ORCL
2018-09-14,43.938541412353516,44.11697271803712,43.66197271837923,43.66197271837923,20066100,ORCL
2018-09-17,43.8760871887207,44.554122007995865,43.81363674760169,43.992068037924774,29225000,ORCL
2018-09-18,43.74227523803711,44.197275327174374,42.25238085966178,42.386201812770864,33451100,ORCL
2018-09-19,44.09912872314453,44.197266110269126,43.4121704165664,43.644128728893044,20904800,ORCL
2018-09-20,44.99129104614258,45.571192050589985,44.21511863056868,44.304332598963015,26973500,ORCL
2018-09-21,45.58903121948242,45.606874693467134,44.91991625988163,45.34815282892545,50751900,ORCL
2018-09-24,45.713924407958984,46.035096651607915,45.24108097071819,45.330298318921095,23906100,ORCL
2018-09-25,46.14216995239258,46.329521329362485,45.473054974675954,45.847757728615775,18665800,ORCL
2018-09-26,46.0618782043457,46.49011140200654,45.99942774239276,46.16893565293718,18131000,ORCL
2018-09-27,46.11540222167969,46.409814440238236,45.79422989683587,45.99942474463666,17993500,ORCL
2018-09-28,45.99941635131836,46.40088253494297,45.936965904830345,45.981572880422625,16234200,ORCL
2018-10-01,46.21353530883789,46.38304659578808,45.62471433004558,45.69608821998132,19217800,ORCL
2018-10-02,44.81285858154297,46.21353895061333,44.723644615387336,46.079718001379874,22406800,ORCL
2018-10-03,44.38461685180664,44.69686907638115,44.241872491530586,44.241872491530586,21207600,ORCL
2018-10-04,44.13481903076172,44.41138433924988,43.86717035335546,44.32217038231066,19034000,ORCL
2018-10-05,44.02776336669922,44.40246951707644,43.82256851901669,44.09021382454631,16900200,ORCL
2018-10-08,44.03668975830078,44.286491606439604,43.62630003541701,43.95639582092831,16295800,ORCL
2018-10-09,43.599525451660156,44.07236895670097,43.56384191055625,43.81364371475525,19009800,ORCL
2018-10-10,42.28805923461914,43.69765939401628,42.26129232678848,43.54599499725015,20885400,ORCL
2018-10-11,41.734928131103516,42.72521878752409,41.47620627395956,42.22561514341611,26387600,ORCL
2018-10-12,42.270225524902344,42.60032130249124,41.627874041339226,42.28806899981186,23152800,ORCL
2018-10-15,42.20751190185547,42.655384491611564,41.98357560697742,42.064192809813385,15693400,ORCL
2018-10-16,43.201805114746094,43.37199552986237,42.52104003728308,42.610613220607874,13600200,ORCL
2018-10-17,42.87037658691406,43.21076080517097,42.485205780807,42.485205780807,15071100,ORCL
2018-10-18,42.44041442871094,43.1211793718063,42.21647809760102,42.610604810235465,15084800,ORCL
2018-10-19,42.62852096557617,43.21075680471766,42.413540580001644,42.547903748110386,17768400,ORCL
2018-10-22,42.9420280456543,43.434690689591484,42.73600703864289,42.86141083273704,16480200,ORCL
2018-10-23,42.986820220947266,43.282414405283184,42.20751931761279,42.243349951167836,18921500,ORCL
2018-10-24,41.885047912597656,43.26449646793695,41.831305382517606,42.88828508938828,20028200,ORCL
2018-10-25,42.95993423461914,43.25553175818129,42.35082729242718,42.4762310598791,19349300,ORCL
2018-10-26,42.38665771484375,43.05846653756464,41.840252658978,42.31499988392497,23088700,ORCL
2018-10-29,42.11793518066406,43.07638216814161,41.50882823686572,42.82557463257632,19248700,ORCL
2018-10-30,43.50635528564453,43.55114187376961,42.02837395853341,42.17169650772989,24438200,ORCL
2018-10-31,43.748207092285156,44.29461235323326,43.52427073399479,43.93631281316962,21082900,ORCL
2018-11-01,43.52426528930664,44.10650111482558,43.3003289590297,43.8556901013573,17764900,ORCL
2018-11-02,43.7392463684082,43.90943675201778,43.210756483834246,43.82881953515066,17289300,ORCL
2018-11-05,43.9094352722168,44.007967802511196,43.44364730345963,43.891519956072614,13125800,ORCL
2018-11-06,44.115455627441406,44.31252068510459,43.739244244990374,43.9810924668534,12362700,ORCL
2018-11-07,45.0201530456543,45.23513340093935,44.31251692204234,44.41104944250645,14329800,ORCL
2018-11-08,45.172428131103516,45.23513001816501,44.849959330789225,44.984322469919036,11966600,ORCL
2018-11-09,45.333675384521484,45.52178109903876,45.06495244706858,45.1634815711032,15316100,ORCL
2018-11-12,44.088584899902344,45.127649314532846,43.99005236986888,44.939540204015714,14374400,ORCL
2018-11-13,44.34833908081055,44.78725569005148,44.10649090704113,44.312511873175794,13550600,ORCL
2018-11-14,43.748207092285156,44.760400388516935,43.65863391576807,44.760400388516935,16094000,ORCL
2018-11-15,45.351593017578125,45.405335557613455,43.93631356868737,44.82310306624518,24922800,ORCL
2018-11-16,45.83528137207031,46.08609235780179,45.16347245553383,45.262004976678675,20929600,ORCL
2018-11-19,44.38418197631836,45.772586603162324,44.24982222229968,45.72780001848943,19520500,ORCL
2018-11-20,43.2913703918457,43.954219975870274,42.95994218283639,43.59592050229152,19389600,ORCL
2018-11-21,43.5511360168457,44.05275462058087,43.470518802263214,43.6765398135302,13859500,ORCL
2018-11-23,43.62278747558594,43.99899878106869,43.03159584054417,43.03159584054417,7807300,ORCL
2018-11-26,43.228668212890625,44.03484037837856,43.085349096470246,44.03484037837856,21603800,ORCL
2018-11-27,42.49414825439453,42.97785145056218,41.91191596300448,42.92410551198915,28054600,ORCL
2018-11-28,43.16596221923828,43.21970816417274,42.43145139011883,42.753920225731655,29352900,ORCL
2018-11-29,42.90620422363281,43.33616158752382,42.49415876003122,43.33616158752382,17052100,ORCL
2018-11-30,43.67653274536133,43.748193998725355,42.73600100543658,43.076385124922446,22884500,ORCL
2018-12-03,44.634979248046875,44.89474272590967,44.079614834831574,44.28563579444513,21966600,ORCL
2018-12-04,43.66758346557617,44.98433015274648,43.63175283342254,44.35730775804647,24643500,ORCL
2018-12-06,41.813392639160156,42.78975519397891,40.890776034724944,42.7718398771844,39877000,ORCL
2018-12-07,41.20428466796875,42.135860619671725,41.03409428750266,41.88504960683033,23978000,ORCL
2018-12-10,41.80443572998047,42.17169462036357,40.61309613758228,41.213243908993945,26375500,ORCL
2018-12-11,41.61631774902344,42.21646876049998,41.25802174869096,42.082105624752494,22680200,ORCL
2018-12-12,42.38665771484375,43.09429716152221,42.108975504667086,42.19855206456103,21404000,ORCL
2018-12-13,42.30605697631836,42.59269524548733,41.876099572564904,42.52999333766898,23295400,ORCL
2018-12-14,41.741737365722656,42.126908189618625,41.57154695723287,41.90297182302784,21434300,ORCL
2018-12-17,40.96242904663086,42.30604689454264,40.78327931684324,41.5804920265514,30441100,ORCL
2018-12-18,41.06991958618164,43.30032682952777,40.70266415926889,43.085346459555815,42855600,ORCL
2018-12-19,41.60736846923828,42.49415437289929,40.98034609692419,41.25802836070534,34397300,ORCL
2018-12-20,41.41926574707031,42.05524411412224,40.73849737972118,41.2490719467344,35165200,ORCL
2018-12-21,39.41279602050781,41.39239245509486,39.28739221625305,41.27594801799966,58768400,ORCL
2018-12-24,38.23936462402344,39.25155774323707,38.230408674737056,39.206771162811066,17230400,ORCL
2018-12-26,39.941287994384766,39.95920331263605,37.97960677533651,38.51705265488471,21428900,ORCL
2018-12-27,40.28166580200195,40.3891542774204,38.929088533581904,39.368005218452545,19048700,ORCL
2018-12-28,40.14731216430664,40.99827105421632,40.07565430270256,40.43395044471864,39141200,ORCL
2018-12-31,40.44290542602539,40.756414943406455,40.16522312706112,40.47873264444218,14932600,ORCL
2019-01-02,40.5056037902832,40.61309227013659,39.815879495312764,39.842750761026814,14320400,ORCL
2019-01-03,40.11147689819336,40.75641466322646,39.78005206538355,40.084605630316126,19868700,ORCL
2019-01-04,41.840267181396484,42.055247582763535,40.532479705989815,40.639968198174564,20984000,ORCL
2019-01-07,42.503108978271484,43.09430065349079,41.62527912215777,42.03732108006891,17967900,ORCL
2019-01-08,42.8882942199707,43.31825163713108,42.279187024744054,42.93308081023782,16255700,ORCL
2019-01-09,42.79871368408203,43.20179979338954,41.75069321688001,41.777564485168014,19100200,ORCL
2019-01-10,42.83454132080078,42.97786043663167,41.99254194241893,42.440414606515134,16652700,ORCL
2019-01-11,43.25553512573242,43.551129255310926,42.431447791611056,42.7001706594997,16397400,ORCL
2019-01-14,43.15700149536133,43.30032058233278,42.655382982462974,42.861403956422144,14869400,ORCL
2019-01-15,43.50773239135742,43.64262408489457,42.63541836494342,42.68937710067358,12142100,ORCL
2019-01-16,43.2199592590332,43.876441771996696,43.21096442116322,43.68759134303299,14114000,ORCL
2019-01-17,43.687591552734375,43.9843560238839,42.99513654601814,43.174992137975174,12711200,ORCL
2019-01-18,44.308101654052734,44.577888472975374,43.9483836084722,44.01133375186996,15930600,ORCL
2019-01-22,44.0113410949707,44.21817780500538,43.75954047936781,43.92141328383427,13318700,ORCL
2019-01-23,44.2811279296875,44.496956031762444,43.912418443994135,44.23616059710655,15551200,ORCL
2019-01-24,44.24516296386719,44.45199969293339,43.94839498486367,44.299118283303166,11442200,ORCL
2019-01-25,44.784725189208984,44.87465641594863,44.46997447193405,44.60486616625523,16656600,ORCL
2019-01-28,44.532936096191406,44.72178657524291,44.25415436721555,44.46998593650757,11799100,ORCL
2019-01-29,44.61387252807617,44.892650826664436,44.236168139258666,44.416027208670506,10838600,ORCL
2019-01-30,45.288333892822266,45.41423419120086,44.60487022944437,44.83868800974107,13483800,ORCL
2019-01-31,45.171417236328125,45.41422638310877,45.02753071570166,45.18041207353773,20403600,ORCL
2019-02-01,45.693016052246094,45.95380805825259,45.22538392035127,45.43222061571374,14849600,ORCL
2019-02-04,45.89085006713867,46.08869532042859,45.306312575048395,45.306312575048395,12221200,ORCL
2019-02-05,46.079708099365234,46.19661355008727,45.76495394685635,46.016754524442995,13345500,ORCL
2019-02-06,46.09769821166992,46.30453835374503,45.83690618525449,46.03474805730832,9220900,ORCL
2019-02-07,45.16242980957031,45.85488482314671,45.117462480610044,45.675025798882295,14905000,ORCL
2019-02-08,45.89085006713867,45.89085006713867,44.80270803509462,45.0455171830799,11535600,ORCL
2019-02-11,46.070716857910156,46.295539799885425,45.81891626066612,45.82790766891375,9714500,ORCL
2019-02-12,46.061737060546875,46.358501634886906,46.034755967951085,46.27756521815295,14188500,ORCL
2019-02-13,46.2415885925293,46.358497501950545,45.81892372551254,46.08871061373154,11342600,ORCL
2019-02-14,46.29553985595703,46.53834904524751,45.94481661493495,46.079711752493836,11155300,ORCL
2019-02-15,46.51136779785156,46.51136779785156,45.926826820941905,45.98078555790337,13822200,ORCL
2019-02-19,46.781150817871094,46.925037340876784,46.079704447034,46.295532516279884,12357500,ORCL
2019-02-20,46.556331634521484,46.95201874680015,46.313522464307674,46.76316831347571,13440900,ORCL
2019-02-21,46.862091064453125,47.07791915149037,46.322513985808826,46.43043145985304,14759500,ORCL
2019-02-22,47.194828033447266,47.30274207696666,46.94302745506014,47.113891643176316,11689700,ORCL
2019-02-25,47.266780853271484,47.689445689855255,47.176849609989496,47.437645069718016,14722200,ORCL
2019-02-26,47.30274200439453,47.55454601292093,46.97899987433302,47.176841715394126,12041300,ORCL
2019-02-27,47.10490417480469,47.33871852707065,46.996986691734975,47.23080447452681,10674200,ORCL
2019-02-28,46.88007736206055,47.22180573866902,46.8081323792847,46.94302750672661,31856900,ORCL
2019-03-01,47.2218132019043,47.419658505281,47.095912892674086,47.21282179289906,15757700,ORCL
2019-03-04,46.799137115478516,47.52756113817144,46.37646895281204,47.36568837078961,14850100,ORCL
2019-03-05,47.0869255065918,47.293762236645065,46.78116611639861,46.79915236647191,16291900,ORCL
2019-03-06,47.07793045043945,47.43764858920322,46.880088561593155,47.04196138098421,12389300,ORCL
2019-03-07,47.284759521484375,47.77936927340051,46.93403287470052,46.94302771284979,16624100,ORCL
2019-03-08,47.45561599731445,47.46460740347669,46.8800699482296,47.07791175852436,15071100,ORCL
2019-03-11,47.35670471191406,47.824336846356324,46.68223588098259,46.70921353645157,20027700,ORCL
2019-03-12,47.482601165771484,47.92325560905539,47.28475932414607,47.36569228399811,18048500,ORCL
2019-03-13,47.716426849365234,48.08513637105663,47.42865373148542,47.716426849365234,19490800,ORCL
2019-03-14,47.70741653442383,48.022170638491644,47.52755753646009,47.64446639971528,24000300,ORCL
2019-03-15,47.60850143432617,48.01318338603748,45.86387676870201,46.223594821451094,43340200,ORCL
2019-03-18,48.076141357421875,48.525787281297184,47.46462262650936,47.54555903002796,21953600,ORCL
2019-03-19,48.59772491455078,48.90348423369291,48.33692949488016,48.381893394351664,19214000,ORCL
2019-03-20,47.33871078491211,48.73261212326343,47.22180191263642,48.46282532076403,24111600,ORCL
2019-03-21,48.59772491455078,48.606716322234824,47.077919726524186,47.329723738510765,16686300,ORCL
2019-03-22,47.45561599731445,48.45383017705071,47.42863834830268,48.220012450531826,16201500,ORCL
2019-03-25,47.428646087646484,47.60850168444031,46.97000539645563,47.26677330611155,11755900,ORCL
2019-03-26,47.91426086425781,48.14807862825993,47.716419022247095,47.92325570238706,11657600,ORCL
2019-03-27,47.4915885925293,48.2469936413264,47.04194281182924,47.91425329363031,12636000,ORCL
2019-03-28,47.83332824707031,47.93225089114201,47.473613595612875,47.66246404491747,9103100,ORCL
2019-03-29,48.30095672607422,48.32793781002289,47.887283364467876,48.08512863763857,11485700,ORCL
2019-04-01,49.08333969116211,49.146289831947556,48.4268537706418,48.453834852782265,15191700,ORCL
2019-04-02,48.69664764404297,49.01139837146598,48.45383846980566,48.93046198005354,10812100,ORCL
2019-04-03,48.61572265625,48.9124872073562,48.43586358530838,48.70565047645759,12853400,ORCL
2019-04-04,48.399879455566406,48.69664736589211,48.03116999246593,48.435851947216605,9978800,ORCL
2019-04-05,48.498809814453125,48.73262418635672,48.32794559769765,48.32794559769765,10016300,ORCL
2019-04-08,48.309940338134766,48.49879072926296,47.95921720303245,48.31893174367785,10126700,ORCL
2019-04-09,48.40887451171875,48.65168025513685,48.085128946460436,48.11210660005675,9789000,ORCL
2019-04-10,48.752132415771484,48.92376180244227,48.41790187125471,48.435968666570936,8477300,ORCL
2019-04-11,48.58953857421875,48.950864171657976,48.345641986855476,48.82440004025979,8147600,ORCL
2019-04-12,49.230892181396484,49.230892181396484,48.661800169313075,48.86956315400312,9014000,ORCL
2019-04-15,49.34832763671875,49.456724973180854,49.059265775560334,49.23089517878277,7694900,ORCL
2019-04-16,49.31218719482422,49.60124901584182,49.07732575745568,49.38445092713426,7265200,ORCL
2019-04-17,49.21282958984375,49.528993377296054,49.131530724029076,49.39349411897517,7792200,ORCL
2019-04-18,49.248966217041016,49.38446203781492,48.987002805966185,49.17669902258334,8233000,ORCL
2019-04-22,49.33929443359375,49.393494826876754,48.95990201828072,49.1405665500014,6088100,ORCL
2019-04-23,49.62834548950195,49.80900998184684,49.4296176492223,49.45671611701303,10923400,ORCL
2019-04-24,49.845149993896484,50.16131031183263,49.64641868211432,49.68255227441818,8769800,ORCL
2019-04-25,49.69158172607422,49.88128135423672,49.30315768679963,49.81804929347884,8226100,ORCL
2019-04-26,50.05291748046875,50.12518467157313,49.69158841672551,49.88128807042985,7101600,ORCL
2019-04-29,49.75482177734375,50.12518250099257,49.75482177734375,49.944517976944304,6443000,ORCL
2019-04-30,49.98064422607422,50.025809488976776,49.53801637949637,49.73674767133402,10562300,ORCL
2019-05-01,49.574153900146484,50.061943602427235,49.50188671705959,49.97161306945757,7792700,ORCL
2019-05-02,49.32120895385742,49.727703134784036,49.194744863322036,49.51090853554852,9652200,ORCL
2019-05-03,49.49285125732422,49.700614223977674,49.38445049098345,49.50188293157494,11066500,ORCL
2019-05-06,49.54705047607422,49.68254971729511,48.62566804097202,48.688900101304746,9305400,ORCL
2019-05-07,48.77922821044922,49.35735184530495,48.4630679244777,48.9598927078138,11712400,ORCL
2019-05-08,48.77019500732422,49.16765413235534,48.60759730938227,49.095386957319555,10729800,ORCL
2019-05-09,49.005069732666016,49.09540028008471,47.94818785513133,48.291446692033986,10711800,ORCL
2019-05-10,49.36638641357422,49.65544822777083,48.336599823874074,48.571464701589214,11200300,ORCL
2019-05-13,48.264347076416016,48.7340734928497,48.22821347994664,48.5263104819849,10664700,ORCL
2019-05-14,48.89665985107422,49.33928424419666,48.20110378742176,48.45403201206316,11520800,ORCL
2019-05-15,49.285099029541016,49.5109288397913,48.634708073335595,48.69794014453451,8573000,ORCL
2019-05-16,49.357364654541016,49.81805941467476,49.27606578192268,49.601261272396016,10013800,ORCL
2019-05-17,49.230892181396484,49.61028455885943,48.95086201287218,48.95086201287218,9057100,ORCL
2019-05-20,48.47210693359375,49.104431047110026,48.354674475653354,48.7340703221188,9820200,ORCL
2019-05-21,48.932796478271484,49.02313046039289,48.80633234919059,48.96893007112005,8482000,ORCL
2019-05-22,48.959896087646484,49.27605639544339,48.815365168955196,48.986994558060815,8389700,ORCL
2019-05-23,47.94818115234375,48.52630484514098,47.43328607718914,48.52630484514098,11213900,ORCL
2019-05-24,47.668148040771484,48.300472082973414,47.50555033146559,48.219173228320464,9090700,ORCL
2019-05-28,46.74677276611328,48.128850162600656,46.74677276611328,47.94818906321141,28230400,ORCL
2019-05-29,46.692569732666016,46.80097052124715,46.11444597712422,46.457708249185686,12448700,ORCL
2019-05-30,46.71967315673828,46.99969992153057,46.484808219807874,46.909369374027804,8569500,ORCL
2019-05-31,45.70795440673828,46.39447899249716,45.62665553331656,46.2860816432314,11847100,ORCL
2019-06-03,45.38275909423828,46.14154737629279,45.066595299946776,45.67182096874578,17434400,ORCL
2019-06-04,46.990657806396484,47.18938910182282,45.73504486723278,45.8795757786641,17073200,ORCL
2019-06-05,47.06293487548828,48.092721787874076,46.837105047014944,47.677192284606946,15855300,ORCL
2019-06-06,47.505558013916016,47.64105727554638,46.84613539548628,47.05389840300063,10266900,ORCL
2019-06-07,48.11077880859375,48.255309741955436,47.67718600850871,47.695252805915075,11591800,ORCL
2019-06-10,48.78826904296875,49.14959810552489,48.390809830868456,48.49017549536586,12984600,ORCL
2019-06-11,48.72503662109375,49.33026227960953,48.634706079053444,49.23089661583162,11288400,ORCL
2019-06-12,48.435970306396484,48.824397804123464,48.264340913915085,48.49017069418012,10235400,ORCL
2019-06-13,48.63470458984375,48.76116872318352,48.273375540967955,48.76116872318352,11289100,ORCL
2019-06-14,48.128849029541016,48.62567737883378,48.128849029541016,48.42694603911667,12973000,ORCL
2019-06-17,47.993343353271484,48.37273571022053,47.83074564432509,48.18303953174601,15207900,ORCL
2019-06-18,47.785579681396484,48.41790026706977,47.34295182553644,47.749446091961225,20999700,ORCL
2019-06-19,47.586849212646484,47.99334348613782,47.19842173418686,47.650081272313045,35449500,ORCL
2019-06-20,51.48016357421875,51.91375638387141,50.1613149015664,50.56780923745619,54173900,ORCL
2019-06-21,50.69427490234375,51.6246960649215,50.64007795318642,51.615660942802315,45169000,ORCL
2019-06-24,51.25432586669922,51.7601823436759,50.49553770534539,50.81169800345582,19544200,ORCL
2019-06-25,50.649105072021484,51.65178989188414,50.64007339660441,51.371759711507,25462100,ORCL
2019-06-26,51.18206787109375,51.3536972857394,50.80267544528039,50.97430485992604,15045200,ORCL
2019-06-27,51.28142547607422,51.84148235055582,51.2723903554195,51.48918845457725,12605800,ORCL
2019-06-28,51.46209716796875,51.56146283370777,50.91107189133554,51.39886509811471,42570500,ORCL
2019-07-01,52.40154266357422,52.47380984999853,51.51629030521106,51.62469108484753,20413000,ORCL
2019-07-02,52.80803680419922,52.89837078694173,52.184747829776825,52.28411348784904,17569600,ORCL
2019-07-03,53.16936492919922,53.25066378932508,52.73577215715763,52.799004221045635,9989100,ORCL
2019-07-05,53.54875183105469,53.76554991782765,52.699633170128685,52.87126254798613,13838900,ORCL
2019-07-08,53.77458572387695,53.9010498484245,53.30485937135109,53.467457087451926,16105600,ORCL
2019-07-09,53.837825775146484,53.864927695777574,53.30486728126113,53.476500143663365,14348600,ORCL
2019-07-10,54.33464431762695,54.6508046188848,53.973315305427555,54.14494469098341,16059100,ORCL
2019-07-11,54.190120697021484,54.38884857918403,53.65716222751914,54.361750105682155,11150200,ORCL
2019-07-12,54.02751922607422,54.28044748362973,53.566824533082034,54.28044748362973,11234300,ORCL
2019-07-15,53.77458572387695,54.06364756452533,53.521657474781854,54.06364756452533,10721600,ORCL
2019-07-16,53.15785217285156,53.94692014981898,53.13971224167738,53.66575640637629,9698900,ORCL
2019-07-17,52.59552764892578,53.46622357803236,52.59552764892578,53.3301758254303,9090900,ORCL
2019-07-18,52.713417053222656,52.731556979078256,52.24178936048839,52.323417296920034,11882300,ORCL
2019-07-19,52.18738555908203,53.085289615341196,52.169245628875856,52.88575730274911,11663500,ORCL
2019-07-22,52.24178695678711,52.67713823761629,52.19643887415317,52.49574244724362,8761700,ORCL
2019-07-23,52.10576248168945,52.73157456312607,52.10576248168945,52.65901829534591,8141100,ORCL
2019-07-24,52.704368591308594,52.80413649102197,52.0422766184743,52.10576465286674,10778700,ORCL
2019-07-25,52.86761474609375,53.17598662460305,52.677150678148,52.94017100347595,8175900,ORCL
2019-07-26,53.05808639526367,53.19413415457144,52.785994336486375,52.912970399926564,6057200,ORCL
2019-07-29,52.65900802612305,53.321099842251954,52.42319241718874,53.321099842251954,7439300,ORCL
2019-07-30,52.14202880859375,52.74063256668548,52.0876090270082,52.38690917613539,6367200,ORCL
2019-07-31,51.06272888183594,52.49575208299508,50.44598515726587,52.49575208299508,11966700,ORCL
2019-08-01,50.68180465698242,51.561568760584414,50.355292841279486,51.0627328020773,10215200,ORCL
2019-08-02,50.645530700683594,50.962970858596464,49.88367086185447,50.962970858596464,12644400,ORCL
2019-08-05,48.75901794433594,49.97436566616195,48.69552991452577,49.97436566616195,16204600,ORCL
2019-08-06,48.94041442871094,49.38483410294754,48.6229742755692,49.15809014789254,13149500,ORCL
2019-08-07,48.378089904785156,49.0401818317393,48.042509823416765,48.18762581480619,16344100,ORCL
2019-08-08,49.566219329833984,49.656915508471556,48.722731721122265,48.722731721122265,12460700,ORCL
2019-08-09,48.885982513427734,49.40295828940164,48.54133084283277,49.19435433241542,8471300,ORCL
2019-08-12,48.296451568603516,48.78621923177287,48.069707664525566,48.68645136040458,6580100,ORCL
2019-08-13,48.94947052001953,49.194354328594,48.069703147715366,48.196679168493894,11014800,ORCL
2019-08-14,47.45296096801758,48.40528461295849,47.38040472241609,48.38714468659882,12489200,ORCL
2019-08-15,47.69786071777344,47.815768548580266,47.12646495599704,47.75228051503159,11257000,ORCL
2019-08-16,48.60483169555664,48.7045995839187,48.0787840877705,48.23297176792222,9913100,ORCL
2019-08-19,48.85877990722656,49.312267756456016,48.75901202682205,49.17622347758981,8273100,ORCL
2019-08-20,48.051570892333984,48.83157052715494,47.979014637380075,48.54133858766402,7577800,ORCL
2019-08-21,48.28739547729492,48.913207564377615,48.223903985136886,48.55041584268899,6113100,ORCL
2019-08-22,48.24204635620117,48.722745930717295,47.96995428109755,48.59576985965817,6744900,ORCL
2019-08-23,46.78181076049805,48.359946625113864,46.482507102821096,48.124134452872134,11374500,ORCL
2019-08-26,47.28064727783203,47.45297142647269,47.008555242143316,47.28971551309188,8582300,ORCL
2019-08-27,47.51646041870117,47.72506443229754,47.362276197283954,47.56180851559812,13853100,ORCL
2019-08-28,47.11738967895508,47.34413361055752,46.818086028517705,47.34413361055752,7499000,ORCL
2019-08-29,47.307857513427734,47.897393166413664,47.24436948431702,47.75227717704087,6858000,ORCL
2019-08-30,47.217159271240234,47.661575455755425,46.93599554033617,47.61622735976133,7920000,ORCL
2019-09-03,47.06297302246094,47.16274091258087,46.75460111656208,47.10832111983235,10128000,ORCL
2019-09-04,48.04249954223633,48.18761550257068,47.362267829449536,47.48017216858298,10558300,ORCL
2019-09-05,48.831581115722656,49.2760008155941,48.641117012851346,48.73181321616958,10414500,ORCL
2019-09-06,48.21482467651367,49.103660384708064,48.19668474861124,49.0673805289032,11636100,ORCL
2019-09-09,49.466453552246094,49.59342959165088,48.477849939946196,48.63203414212698,17803800,ORCL
2019-09-10,50.3099479675293,50.3099479675293,49.103668511164216,49.46646020957848,19976400,ORCL
2019-09-11,51.05366134643555,51.05366134643555,50.02877786954166,50.128545746916856,16749400,ORCL
2019-09-12,48.87692642211914,49.77483400690733,47.97902229716914,49.285066233386495,28184400,ORCL
2019-09-13,48.74994659423828,49.62971417945918,48.36901843971248,48.9766905318859,14736700,ORCL
2019-09-16,48.19669723510742,48.58669713645477,47.87925706416813,48.43251289909522,15204200,ORCL
2019-09-17,47.951812744140625,48.251116438629914,47.4801848818122,48.23297650625132,11111400,ORCL
2019-09-18,47.670650482177734,47.92460260536167,47.035766714379704,47.90646267372879,8911800,ORCL
2019-09-19,48.40528869628906,48.67738069496262,47.51645298870878,47.51645298870878,14855000,ORCL
2019-09-20,48.495994567871094,49.20343454730167,48.45064301239955,48.71366681084761,59517000,ORCL
2019-09-23,48.99482727050781,49.13087154833158,48.12413143702002,48.223895856822374,13863100,ORCL
2019-09-24,48.38715744018555,49.42111275618709,48.178553421822585,49.103669150978845,15354800,ORCL
2019-09-25,48.831581115722656,48.93134901527574,47.96995334484594,48.35088501042695,11607200,ORCL
2019-09-26,48.94041442871094,49.275997973275835,48.49599821431251,49.07646218567921,13324300,ORCL
2019-09-27,49.058311462402344,49.52086750663414,48.63203181352237,49.14900764053802,12391100,ORCL
2019-09-30,49.9108772277832,50.13762117806001,49.02204135787868,49.20343721006775,17445100,ORCL
2019-10-01,48.79530715942383,50.46414310537426,48.74995905227319,49.91995889988906,16443200,ORCL
2019-10-02,48.20576858520508,48.57762855128042,47.779488821714445,48.52320875386512,15923700,ORCL
2019-10-03,48.84970474243164,48.8678446690079,48.01528541911003,48.12412497856756,11268500,ORCL
2019-10-04,50.01064682006836,50.046926683707476,48.8315789305029,48.97669492522114,13659500,ORCL
2019-10-07,49.702266693115234,50.21017432069413,49.65691860097229,49.94715054249233,12352100,ORCL
2019-10-08,49.02203369140625,49.62063748812887,48.76808161395955,49.239709371958824,14771500,ORCL
2019-10-09,49.6779670715332,50.09703931413977,49.24978962458762,49.3317816421336,12803100,ORCL
2019-10-10,50.55253601074219,50.6527453602679,49.51396957900947,49.605073726670874,13789000,ORCL
2019-10-11,51.82797622680664,52.228827629822995,50.75297133279353,50.94428487954109,18675200,ORCL
2019-10-14,51.43623733520508,52.11950298570016,51.3906869868925,51.77331755830953,11079600,ORCL
2019-10-15,51.336036682128906,51.76421770360208,51.336036682128906,51.59112494877679,9150100,ORCL
2019-10-16,50.90785217285156,51.02628239535302,50.60721358818825,50.82586014751331,8912300,ORCL
2019-10-17,50.16081619262695,51.23582122239214,50.09704500232471,51.02628333966282,9917700,ORCL
2019-10-18,49.69619369506836,50.343017755907255,49.359116906010925,50.06060347667099,12562900,ORCL
2019-10-21,50.224586486816406,50.379458381853105,49.94216873818169,50.16081529765198,8256600,ORCL
2019-10-22,49.29534912109375,50.49789661808359,49.21335708833219,50.30658303339645,7777100,ORCL
2019-10-23,49.313568115234375,49.7690786190415,49.07670070710384,49.19513441116911,10491000,ORCL
2019-10-24,49.4319953918457,49.787296482822164,49.140468964841276,49.62331243322353,6449200,ORCL
2019-10-25,49.35000228881836,49.57775752214376,49.20423907850087,49.23157206968288,6307000,ORCL
2019-10-28,49.7781982421875,49.81463992456728,49.44112136834978,49.51400125783924,7280200,ORCL
2019-10-29,49.9239501953125,50.38857285230432,49.705307101067554,49.85107032232062,8333900,ORCL
2019-10-30,49.96950912475586,50.27014777501678,49.605102746728285,50.27014777501678,6284900,ORCL
2019-10-31,49.64152526855469,49.969489839624494,49.413770066960645,49.85105963698897,8260600,ORCL
2019-11-01,50.10615539550781,50.24280993669421,49.69619524721797,49.93306265523848,7313600,ORCL
2019-11-04,50.51610565185547,50.78941120544088,50.34300947021207,50.34300947021207,8757000,ORCL
2019-11-05,50.7165412902832,50.87141667929747,50.57077805811838,50.798533325580266,10759300,ORCL
2019-11-06,50.74386215209961,50.91695486288506,50.652757981737196,50.75297083150147,10572100,ORCL
2019-11-07,50.99895095825195,51.59111594953739,50.889629420340604,50.98073012272189,9677700,ORCL
2019-11-08,51.463565826416016,51.463565826416016,50.8076297471845,50.998943278537524,5869600,ORCL
2019-11-11,51.40890884399414,51.57289288139674,51.18115362263151,51.199374457372784,5018000,ORCL
2019-11-12,51.55467224121094,51.791536143203636,51.39979688296007,51.500009736780825,6184900,ORCL
2019-11-13,51.20848846435547,51.52734789259559,51.17204679108187,51.20848846435547,6802300,ORCL
2019-11-14,51.09916687011719,51.317813434276935,50.68920673436094,50.84408210798851,9056100,ORCL
2019-11-15,51.399803161621094,51.52734902087151,51.26315209675676,51.38158579985463,7216900,ORCL
2019-11-18,51.19026184082031,51.52734206759138,50.98072745608819,51.52734206759138,6923300,ORCL
2019-11-19,51.26315689086914,51.88265150694312,51.25404473386443,51.44536180299731,7199500,ORCL
2019-11-20,51.23581314086914,51.58199855497131,50.844073904934184,51.21759230718976,9117000,ORCL
2019-11-21,51.22669219970703,51.5546601991436,51.126479369293854,51.217583522064054,8067100,ORCL
2019-11-22,51.37248229980469,51.982868279908644,51.244939894333086,51.39981182232863,6346900,ORCL
2019-11-25,51.52734375,51.63666528576253,51.27225553286214,51.43623957414042,7977700,ORCL
2019-11-26,51.481788635253906,51.800648029874274,51.39979661666797,51.7004351765727,12076900,ORCL
2019-11-27,51.57289505004883,51.846200632122766,51.36336065461651,51.83709195200355,5790000,ORCL
2019-11-29,51.14471435546875,51.46357376551491,51.09916400411045,51.31781055600693,6479400,ORCL
2019-12-02,50.497901916503906,51.43625257579834,50.45235155469473,51.226718131260256,14314000,ORCL
2019-12-03,49.73263168334961,50.09704143795135,49.6141979918137,49.75996119860059,11963700,ORCL
2019-12-04,49.56864929199219,50.015051082481506,49.35911489246262,50.015051082481506,11436800,ORCL
2019-12-05,49.81462097167969,49.9512754909761,49.4684320713259,49.650636938631514,10557400,ORCL
2019-12-06,49.951271057128906,50.224576596193394,49.75084537335633,50.13347243299292,9088600,ORCL
2019-12-09,50.38856887817383,50.54344076811019,49.88750458657019,49.9603879290831,11996700,ORCL
2019-12-10,50.85319519042969,50.93518722467803,50.31569262708379,50.47056801411712,10719700,ORCL
2019-12-11,51.299591064453125,51.47268379425728,50.69831737507079,50.83496843272593,12159600,ORCL
2019-12-12,51.44535446166992,51.61844719209279,50.79852694215468,51.29047909211754,15413200,ORCL
2019-12-13,49.65974426269531,50.47055572631129,49.57775224840914,50.10614600164639,21427700,ORCL
2019-12-16,49.18601608276367,50.08792475724869,48.92181920831103,49.74173586918207,19951000,ORCL
2019-12-17,48.138343811035156,49.24979040532918,48.12923513128291,49.09491504738989,19778400,ORCL
2019-12-18,48.639408111572266,48.83983383326459,48.23856014345674,48.33877300430291,14123100,ORCL
2019-12-19,48.50275802612305,48.830722656463436,48.320553136865584,48.55741706021184,11910100,ORCL
2019-12-20,48.830726623535156,49.149586074457574,48.60297136227749,49.11314439859167,27423700,ORCL
2019-12-23,48.930938720703125,49.258906847770554,48.83983800774858,48.87627968303818,10591500,ORCL
2019-12-24,48.68495178222656,49.15868302967288,48.61207192314872,48.994699002661896,3331700,ORCL
2019-12-26,48.80339431762695,48.8853863460088,48.53919739558887,48.694072771540924,6702000,ORCL
2019-12-27,48.70317459106445,49.01292182406218,48.59385306037961,48.88537945905173,7262000,ORCL
2019-12-30,48.01081085205078,48.73051832793763,47.937927498673574,48.64852629302306,5936100,ORCL
2019-12-31,48.26588821411133,48.28410904965291,47.87414893813979,47.89236977368138,7094500,ORCL
2020-01-02,49.149574279785156,49.15868295893103,48.49363817268516,48.53007983980597,13899600,ORCL
2020-01-03,48.976478576660156,49.240675452961916,48.23855392423836,48.274995591714884,11026700,ORCL
2020-01-06,49.23158264160156,49.377345883220045,48.60297583846515,48.61208799590557,10982400,ORCL
2020-01-07,49.34088897705078,49.49576432831405,48.83982820582251,49.094912931116454,12015400,ORCL
2020-01-08,49.53306579589844,49.963149150345345,49.13958282918417,49.359199118531954,11856700,ORCL
2020-01-09,49.7618293762207,50.14615958605654,49.44155071061991,49.64286852952683,10671000,ORCL
2020-01-10,49.825889587402344,50.00890548808164,49.61542252337945,49.91739579237301,9734800,ORCL
2020-01-13,49.944847106933594,50.1370122189658,49.743529280573526,49.835035479425706,10858900,ORCL
2020-01-14,50.21937561035156,50.4938977327193,49.87164572695874,49.88994766721501,12627200,ORCL
2020-01-15,50.109554290771484,50.49388798044754,50.03635003462307,50.219365911100354,9090800,ORCL
2020-01-16,50.722660064697266,50.74096200254139,50.26512209080733,50.31087519004878,9866000,ORCL
2020-01-17,50.44813537597656,50.96057564622522,50.1919117501147,50.905673326262885,11166600,ORCL
2020-01-21,50.530494689941406,50.65860476344451,50.25596911444883,50.31087492769489,8773000,ORCL
2020-01-22,50.07294845581055,50.9239692216386,49.96313684743865,50.704349495631924,6380500,ORCL
2020-01-23,50.31087875366211,50.329180692802595,49.67032484669703,49.78928570574119,6583200,ORCL
2020-01-24,49.47815704345703,50.512193859122696,49.30429386714101,50.38408378281218,6426000,ORCL
2020-01-27,48.2153434753418,48.97485807797035,48.16044116046845,48.663732160984964,8259100,ORCL
2020-01-28,48.919960021972656,49.121277850365736,48.18789995154932,48.3709158418396,8620300,ORCL
2020-01-29,48.68203353881836,49.35918767990961,48.66373160382438,49.212775690694976,6332500,ORCL
2020-01-30,48.78269958496094,48.80100152263704,47.840168993698924,48.33431083874064,7176200,ORCL
2020-01-31,47.99573516845703,48.94741501193709,47.849323153363,48.81015222058866,8884700,ORCL
2020-02-03,48.58137893676758,48.87420294108522,48.21534718600178,48.25195105922585,8892500,ORCL
2020-02-04,49.450706481933594,49.926546407390624,49.18533361164717,49.18533361164717,9769800,ORCL
2020-02-05,50.09126281738281,50.35663220993935,49.94485079396824,50.02720428457208,9612900,ORCL
2020-02-06,50.06380081176758,50.649448819429594,50.06380081176758,50.329173656094895,8832000,ORCL
2020-02-07,50.07294845581055,50.30171740381299,49.58795591234412,49.661163651258725,7864800,ORCL
2020-02-10,50.32002258300781,50.39322683590525,49.82588078568502,50.07295168434642,7198200,ORCL
2020-02-11,50.4664421081543,50.823321184769966,50.429838230876314,50.48474055605542,8466600,ORCL
2020-02-12,50.99717712402344,51.14358912160668,50.55794113127371,50.83246319040012,7541100,ORCL
2020-02-13,50.612850189208984,50.91482342641631,50.338324621718115,50.612850189208984,8480100,ORCL
2020-02-14,50.75926208496094,51.09783919585678,50.54879504355338,50.67690511304167,7496800,ORCL
2020-02-18,50.74095153808594,51.0246227893232,50.420672927972355,50.71349689161295,7185700,ORCL
2020-02-19,50.73180389404297,51.033780600255874,50.68605079966635,50.86906666791017,6819200,ORCL
2020-02-20,50.795860290527344,51.12528816407907,50.21936500254927,50.695204876486486,6114600,ORCL
2020-02-21,50.03634262084961,50.640292480222506,49.81672290346992,50.402374319570086,9078600,ORCL
2020-02-24,48.17875289916992,48.98401726755808,48.05063932667652,48.59053430745886,10992500,ORCL
2020-02-25,46.63227081298828,48.70034446973885,46.48585879672842,48.56308167729744,12202600,ORCL
2020-02-26,47.629703521728516,48.62713646826801,46.888494220390534,46.95254925900646,16413100,ORCL
2020-02-27,46.46754837036133,48.9199518127992,46.44924643532974,46.559058045519265,16161100,ORCL
2020-02-28,45.259666442871094,45.65314947446901,43.832149854505204,45.05835205956274,24426000,ORCL
2020-03-02,46.57735824584961,46.57735824584961,44.53673620004212,45.50671777616774,17328500,ORCL
2020-03-03,44.701454162597656,47.43753250755155,44.152410045374985,46.32113884636311,21830500,ORCL
2020-03-04,46.24794006347656,46.293693163534094,44.683161002639736,45.616535414174216,14813700,ORCL
2020-03-05,43.923648834228516,45.46097682268555,43.694879829883575,45.049191916717064,15843000,ORCL
2020-03-06,43.34715270996094,44.19817373925698,42.51443362105966,42.615092547861714,24581400,ORCL
2020-03-09,42.10263442993164,43.53015388061425,40.86728354294226,41.132656352683895,25949300,ORCL
2020-03-10,44.45438003540039,44.75635320701735,42.23989498368309,43.42034349713309,27067700,ORCL
2020-03-11,40.92219543457031,43.44780338693727,40.51041058072311,42.834704208449516,24139200,ORCL
2020-03-12,36.420021057128906,39.714296476169345,36.33766408438446,37.62792099688912,24123800,ORCL
2020-03-13,43.85958480834961,43.914490614811506,39.73259086050109,40.67512133904206,28339400,ORCL
2020-03-16,39.09204864501953,43.53016594045466,37.756035004444996,38.899880028086834,27493700,ORCL
2020-03-17,42.88046646118164,43.65827974728633,38.12207005893987,39.91561837116738,25588900,ORCL
2020-03-18,43.25563049316406,43.74061951658448,38.945624611037424,39.961355746566376,29557000,ORCL
2020-03-19,41.242469787597656,43.896191245882534,41.05945391276121,42.52357742071535,20159100,ORCL
2020-03-20,41.77321243286133,42.734041342345755,40.7300230694989,41.19671369087579,26340800,ORCL
2020-03-23,40.43720245361328,42.54187980003088,40.16268038387023,41.17841518358328,23063700,ORCL
2020-03-24,43.77722930908203,43.93279052982422,41.45293578546874,41.48039043498712,19323700,ORCL
2020-03-25,42.0385856628418,44.60080097991203,41.617651585882776,43.10007356906838,25625800,ORCL
2020-03-26,46.19301986694336,46.430941498346954,42.26734436541421,42.441210978533,22417900,ORCL
2020-03-27,45.598228454589844,47.217909536842996,44.4360817782385,44.92107083163989,20025300,ORCL
2020-03-30,46.08322525024414,47.20876824618531,45.378616352153294,46.11982912590183,20611900,ORCL
2020-03-31,44.225624084472656,46.83358924860411,43.92364733350067,46.77868343277161,15802000,ORCL
2020-04-01,44.57334899902344,44.829572640520304,42.130097870959055,42.596785072804266,17918200,ORCL
2020-04-02,45.570770263671875,45.65312721829259,44.0151408379122,44.088348571235876,16434400,ORCL
2020-04-03,45.204742431640625,45.799539561347785,44.79295765523605,45.11323276425245,13362500,ORCL
2020-04-06,47.11725997924805,47.47413902439863,46.07407051322797,46.11982710116015,13845800,ORCL
2020-04-07,46.449241638183594,47.88591371852178,46.40348855069846,47.72119981098585,14063000,ORCL
2020-04-08,47.92951583862305,48.43519772244805,46.78023723569351,46.87217812099989,15710700,ORCL
2020-04-09,48.89491653442383,49.29946140100411,47.837578657409246,48.0306601573712,15521200,ORCL
2020-04-13,48.70183563232422,48.85813585303357,48.17776482227949,48.45359101062088,12694800,ORCL
2020-04-14,49.648834228515625,49.74077511119605,49.14315235913361,49.38220075849461,11674600,ORCL
2020-04-15,48.87652587890625,49.14315938705832,48.55472923618504,48.92249632682066,10398100,ORCL
2020-04-16,49.37302017211914,49.529320412441535,48.7937826487935,48.86733817881866,14098300,ORCL
2020-04-17,50.218875885009766,50.310820275866476,49.62125312738067,50.12693500147295,13608800,ORCL
2020-04-20,49.56610107421875,50.18211639855842,49.46496396818381,49.6948197519647,10358900,ORCL
2020-04-21,47.175601959228516,49.042029786682825,47.00090932022717,48.940892681433816,14111700,ORCL
2020-04-22,48.0582389831543,48.343261366017366,47.598527498915956,47.83757592749897,9668300,ORCL
2020-04-23,47.78241729736328,48.720229234472676,47.30431688781806,48.021465748475585,10330200,ORCL
2020-04-24,48.73861312866211,48.77539089150704,47.77321965156599,48.18696071527018,9403500,ORCL
2020-04-27,49.069610595703125,49.317855257278524,48.78459167514388,49.060417907787375,9123200,ORCL
2020-04-28,48.913307189941406,49.78675979298548,48.848947856726426,49.556904029411804,8350500,ORCL
2020-04-29,49.538516998291016,49.90628412935693,49.36382436676302,49.60287633391057,9064100,ORCL
2020-04-30,48.70183563232422,49.281069575645056,48.545531904294585,49.16154711533329,11808800,ORCL
2020-05-01,47.616920471191406,48.21454334766664,47.17559782927535,48.1593802095025,8702400,ORCL
2020-05-04,47.580142974853516,47.61692073871663,46.98251658770006,47.5433652109904,7567900,ORCL
2020-05-05,47.8559684753418,48.60070239951827,47.800805337690576,48.01227221576821,7271800,ORCL
2020-05-06,47.6812744140625,48.26970453676806,47.534166883386106,48.20534521130465,7050000,ORCL
2020-05-07,48.36165237426758,48.65586747787779,48.058244583122345,48.177770565001715,7154700,ORCL
2020-05-08,49.25348663330078,49.44656460901484,48.51794898249472,48.90410493392284,8130800,ORCL
2020-05-11,49.21672058105469,49.49255033462342,48.7845940812843,48.848953421831396,8138600,ORCL
2020-05-12,48.0582389831543,49.49254007661321,48.03985010290633,49.46495500258112,8598800,ORCL
2020-05-13,47.48820114135742,48.26051663073603,47.14801209327504,48.20534998602308,10274300,ORCL
2020-05-14,48.64667510986328,48.75700489761161,46.76185849394281,47.01929583446247,13794000,ORCL
2020-05-15,48.65586853027344,49.639654469192074,48.288101396466445,48.45359783424186,39055700,ORCL
2020-05-18,48.867340087890625,49.60287788027349,48.79378455499191,49.56610011382413,9901900,ORCL
2020-05-19,48.12260818481445,48.959283117515774,48.104219300793204,48.89492377710191,9805100,ORCL
2020-05-20,48.63747024536133,48.97765571835337,48.40761453249539,48.8121593245043,9115900,ORCL
2020-05-21,48.01227569580078,48.67425794684121,47.920331280850164,48.5087615072509,7464000,ORCL
2020-05-22,48.38005065917969,48.398439545144235,47.88356476742231,48.122613270318716,7211700,ORCL
2020-05-26,48.527156829833984,49.3546391375931,48.40763433551866,49.32705756310822,11200600,ORCL
2020-05-27,48.913307189941406,48.95927764119202,48.33406968368598,48.72942187761834,9228100,ORCL
2020-05-28,49.29946517944336,49.78676180286965,48.93169804727115,49.42818385106967,9465400,ORCL
2020-05-29,49.43738555908203,49.59368581853784,48.720236590150876,49.29947067706244,14734800,ORCL
2020-06-01,48.78459548950195,49.08800331693632,48.536350808516865,48.98686620535116,7363200,ORCL
2020-06-02,48.98686981201172,48.99606600864441,48.39843949108879,48.950095547445066,8756300,ORCL
2020-06-03,49.179935455322266,49.29945791432115,48.72022397736282,49.032827922668055,9188700,ORCL
2020-06-04,48.59150314331055,49.36381858764954,48.38923247246676,48.940884858143036,9696000,ORCL
2020-06-05,49.630455017089844,49.89708853904334,48.490372417590216,48.81216907696821,12210100,ORCL
2020-06-08,50.66020202636719,50.67859090584063,48.98685257480548,49.05121189930246,11519500,ORCL
2020-06-09,49.8143424987793,50.62343578706775,49.538516277662076,50.568269139916026,8852500,ORCL
2020-06-10,49.749977111816406,50.25565904023324,49.55689913125511,50.10855150637888,7436700,ORCL
2020-06-11,47.175601959228516,49.24430399718085,47.10204642547618,48.9592815648719,12805700,ORCL
2020-06-12,47.6812744140625,48.729416008546806,46.872181241682256,48.223734091054226,11537200,ORCL
2020-06-15,48.95927429199219,49.124770711029626,46.807824351825914,46.853794799931784,16038100,ORCL
2020-06-16,50.19130325317383,50.56826655446887,49.44656933764536,50.07177727744989,19380200,ORCL
2020-06-17,47.368682861328125,49.40980345218404,47.350293976769294,48.7570103259694,28692600,ORCL
2020-06-18,49.36383056640625,49.64885302231815,47.18479855469889,47.44223592950887,19259500,ORCL
2020-06-19,50.0166130065918,50.071776142351936,48.711030512248364,49.84192039049686,33051200,ORCL
2020-06-22,50.6785888671875,50.926833469112594,49.538506444257415,49.73158440998138,16705900,ORCL
2020-06-23,50.74295425415039,51.460106581202794,50.687791118675875,50.84409134561422,18695000,ORCL
2020-06-24,50.05339050292969,51.19347664918716,49.952256911712915,50.67859846905142,18287400,ORCL
2020-06-25,50.136138916015625,50.19130556288546,49.22591204024771,50.01661644211199,16008700,ORCL
2020-06-26,49.8143424987793,50.19130581934766,49.30866050884428,49.97064273806147,17969400,ORCL
2020-06-29,50.347599029541016,50.531484320386944,49.510924288146214,49.860305990021466,14366900,ORCL
2020-06-30,50.816505432128906,50.972805645700696,50.10854935974583,50.384375535491415,18885900,ORCL
2020-07-01,51.01878356933594,51.37735797645058,50.274049680260646,50.28324236699572,17856800,ORCL
2020-07-02,51.432518005371094,51.883036789230566,51.165888018311584,51.294606668751385,15478900,ORCL
2020-07-06,52.03934860229492,52.25081901208014,51.634803681144284,51.67158144870005,15309700,ORCL
2020-07-07,51.77271270751953,52.361142892658414,51.689964493526844,51.80948696360029,13232100,ORCL
2020-07-08,52.094512939453125,52.11290182241412,51.47850114320308,52.066931368672016,12582200,ORCL
2020-07-09,52.8944091796875,53.142653834557784,52.24161962835493,52.39792337726767,15692600,ORCL
2020-07-10,52.765682220458984,52.88520818528634,52.12208545788428,52.83923773952819,12615800,ORCL
2020-07-13,52.41630554199219,53.17942834251581,52.379531286254114,52.77488347083277,15965600,ORCL
2020-07-14,52.813331604003906,52.89642964315839,52.14854729076804,52.32397491913948,15510300,ORCL
2020-07-15,52.277809143066406,53.40424842553537,52.05621672424667,53.01645640937885,10570800,ORCL
2020-07-16,51.539161682128906,52.157781186806254,51.31756926414596,52.09314624923425,8779300,ORCL
2020-07-17,50.689727783203125,51.81616375201635,50.56046140579301,51.77923402347639,14344800,ORCL
2020-07-20,51.15137481689453,51.26217102941083,50.49582204764853,50.67125319979311,11469300,ORCL
2020-07-21,51.622257232666016,52.01928077808705,51.317566792079994,51.520692578421404,11875100,ORCL
2020-07-22,51.714599609375,51.871564165353135,51.428375718945134,51.428375718945134,13842400,ORCL
2020-07-23,51.4837646484375,52.03775276816309,51.336035187606974,51.705360600757366,12576000,ORCL
2020-07-24,51.382205963134766,51.742296320995656,51.02211208312553,51.21600987148384,8939700,ORCL
2020-07-27,51.095977783203125,51.65919747146339,51.077511159734954,51.39143671439732,10319600,ORCL
2020-07-28,51.10520935058594,51.46530322511071,50.96671495775175,51.012879755363144,13030100,ORCL
2020-07-29,51.42837142944336,51.613034147248314,51.1052107927476,51.29910858362441,7242700,ORCL
2020-07-30,51.01288604736328,51.22524696028722,50.68049382812626,50.78205850868743,7633200,ORCL
2020-07-31,51.197540283203125,51.216006905889316,50.163434067813505,50.78205007813422,9355800,ORCL
2020-08-03,51.68690872192383,51.788473415619606,51.23448866001431,51.50224596267233,9164900,ORCL
2020-08-04,51.705360412597656,51.71459196292614,51.27140358204738,51.50223108388933,6364300,ORCL
2020-08-05,51.24371337890625,52.000827420930804,51.13291714699133,52.000827420930804,6629000,ORCL
2020-08-06,51.04057693481445,51.33603586034738,50.72665138616719,51.234474716440864,8169600,ORCL
2020-08-07,50.99442672729492,51.003661802568296,50.56046976532616,50.79129733707138,8772300,ORCL
2020-08-10,50.72665786743164,51.354509044945715,50.67126151315895,51.003653727389775,10046900,ORCL
2020-08-11,50.1080322265625,51.206769817012784,49.98800094490302,51.00364401975982,8075100,ORCL
2020-08-12,50.01570510864258,50.50506184381085,49.83104591122646,50.33886574841762,9068200,ORCL
2020-08-13,49.8772087097168,50.04340479844294,49.56328315569499,49.77564404192323,8260300,ORCL
2020-08-14,50.04340744018555,50.37579963518451,49.646383820842175,49.8864428938145,5454400,ORCL
2020-08-17,49.849510192871094,50.21883209249658,49.54481619158552,50.04340445433559,9523700,ORCL
2020-08-18,50.9482421875,52.56403456399554,50.6620148414047,51.35449728847422,21102600,ORCL
2020-08-19,51.89002227783203,52.44400686441837,51.20677133370399,51.31757106873974,16751500,ORCL
2020-08-20,51.02210998535156,51.52993331237709,50.865148973105995,51.326803981566876,10974800,ORCL
2020-08-21,50.957481384277344,51.19754397435729,50.532759598318535,51.13291255137001,9552000,ORCL
2020-08-24,51.714599609375,51.806932737052925,51.18831310913121,51.48377207340321,7892100,ORCL
2020-08-25,51.78846740722656,52.3978519765525,51.72383597730933,51.84386728521938,7427000,ORCL
2020-08-26,53.08109664916992,53.08109664916992,51.760762987815916,52.019288676310964,11597600,ORCL
2020-08-27,52.79486846923828,53.96747264492305,52.24088385304548,53.044162603169525,15834700,ORCL
2020-08-28,53.441184997558594,53.69971067633122,52.82256545201925,52.93336519047741,8613800,ORCL
2020-08-31,52.83180618286133,53.33039097072812,52.66561007952287,52.7487081311921,18683500,ORCL
2020-09-01,53.23805618286133,53.56121328446529,52.702538197039296,52.97029542887619,10169500,ORCL
2020-09-02,54.50300216674805,54.770762980812115,53.293468010370745,53.293468010370745,14342800,ORCL
2020-09-03,52.72099685668945,54.46605562478387,52.30551019595778,54.2167615150561,15387400,ORCL
2020-09-04,51.4560661315918,52.87796438393309,50.92977971076321,52.51787404569755,14697200,ORCL
2020-09-08,51.07750701904297,51.5114638299948,50.66201683006227,51.10520519092568,16472800,ORCL
2020-09-09,52.5825080871582,52.997998314366235,51.57609999109801,51.85309230185392,13993200,ORCL
2020-09-10,52.93337631225586,53.71818858608214,52.397854696968125,53.03493747729244,20500900,ORCL
2020-09-11,52.628665924072266,57.115952740089455,52.50863464716684,56.054144913463944,40220600,ORCL
2020-09-14,54.9000244140625,56.783578093706055,54.79845972709903,56.19266012099018,50107400,ORCL
2020-09-15,56.26652145385742,56.94977254108494,54.83539137031807,55.40784269930404,30385600,ORCL
2020-09-16,55.795623779296875,56.68200053711923,55.07544310383473,56.43270641357891,21223300,ORCL
2020-09-17,55.564796447753906,55.961820032140785,54.475290358805935,54.863078870729034,22831200,ORCL
2020-09-18,55.16777801513672,55.66636631029627,54.872319067371464,55.38013891370872,49311700,ORCL
2020-09-21,56.15571975708008,57.79921060087642,55.426303935922725,57.66994775097987,32560400,ORCL
2020-09-22,55.97104263305664,56.09107390085651,54.90000333814018,55.74945023943122,13306000,ORCL
2020-09-23,54.438358306884766,55.85102504222485,54.382961959480056,55.50016624601934,15513500,ORCL
2020-09-24,54.75226974487305,55.306257731172934,53.819728408381856,54.23521851756994,9560500,ORCL
2020-09-25,55.21394729614258,55.389378482092184,54.43836661478036,54.72459403459635,9371900,ORCL
2020-09-28,55.01081466674805,55.89719147260855,54.90924999734038,55.42630137301818,9356300,ORCL
2020-09-29,54.90924835205078,55.54633100177079,54.84461693202766,55.010813018415185,6340600,ORCL
2020-09-30,55.121612548828125,55.75869523684522,54.81691853141879,54.955416452450024,11001500,ORCL
2020-10-01,55.10314178466797,55.64789483250277,54.89078090461687,55.55556171803609,7357700,ORCL
2020-10-02,54.318328857421875,54.955411487886174,54.022866417770175,54.207529121746944,7329800,ORCL
2020-10-05,54.99235916137695,55.09392032916991,54.558402221497126,54.881559396631644,6899200,ORCL
2020-10-06,54.9461784362793,55.88795509126351,54.853848841969345,54.9461784362793,9743600,ORCL
2020-10-07,56.16987991333008,56.457266278520244,55.289182956117706,55.40970027525037,8690900,ORCL
2020-10-08,56.448001861572266,56.82809173481831,56.20697072534258,56.35529839450175,7202800,ORCL
2020-10-09,56.689029693603516,56.90225047126503,56.420184720565466,56.689029693603516,7355700,ORCL
2020-10-12,56.976417541503906,57.319428138555594,56.61486908077256,56.77246921333342,8275000,ORCL
2020-10-13,56.522159576416016,57.27306674956197,56.43872505313201,57.07838737403599,8896300,ORCL
2020-10-14,56.512882232666016,57.04129965573093,56.410906320072826,56.874430623562034,6651100,ORCL
2020-10-15,56.10498809814453,56.30893994506727,55.69708794070921,55.87322592169966,6251600,ORCL
2020-10-16,55.89177322387695,56.651952959998994,55.863959355006756,56.28113202395435,6070800,ORCL
2020-10-19,55.27064895629883,56.318215099790294,55.057428154775884,55.984476963002884,8311000,ORCL
2020-10-20,55.39116287231445,55.92885284537204,55.27991801238922,55.548759462507675,9241200,ORCL
2020-10-21,55.31699752807617,55.73417017521913,54.89982841734357,55.011073277778245,10114900,ORCL
2020-10-22,55.335540771484375,55.5024098359021,54.408491985346124,55.103778574949814,11900600,ORCL
2020-10-23,55.53022003173828,55.77125114417296,55.35407851071848,55.53022003173828,9739300,ORCL
2020-10-26,53.29602813720703,54.21380431502541,52.40605875066717,53.86152483986193,18876900,ORCL
2020-10-27,52.91594314575195,53.75028487995779,52.86031894890746,53.43508817065952,10806500,ORCL
2020-10-28,51.53463363647461,52.470951199539854,51.479009445401566,52.16502698966285,13910600,ORCL
2020-10-29,51.93327713012695,52.61929130043778,51.11747314990934,51.173097354155104,13573700,ORCL
2020-10-30,52.01670455932617,52.50803925224369,51.40485254188558,51.68296645228399,12602300,ORCL
2020-11-02,52.3319091796875,53.27749944713657,52.02598135650805,52.32263671063982,11413200,ORCL
2020-11-03,52.656368255615234,53.30530308744005,52.44314746763472,52.84177871276666,8911200,ORCL
2020-11-04,52.368988037109375,53.85226469600494,52.23919823509682,53.7688301629164,12054900,ORCL
2020-11-05,52.526588439941406,53.44436837039885,52.3040951567845,53.26822682311316,9017100,ORCL
2020-11-06,52.656368255615234,52.82323731341049,52.05378869038603,52.628557924786136,7510400,ORCL
2020-11-09,52.693450927734375,54.770041677302814,52.62855779834883,53.9449653217817,11486600,ORCL
2020-11-10,52.53584671020508,53.064267708406376,52.1001362377518,52.75833994820616,9015900,ORCL
2020-11-11,53.02719497680664,53.425826265591795,52.65637402189603,52.89740870351114,7724400,ORCL
2020-11-12,52.3319091796875,53.29604084882116,52.00743995482347,53.082816497653845,7324000,ORCL
2020-11-13,52.75834655761719,52.92521562292035,52.42460842701087,52.730536225536824,5870300,ORCL
2020-11-16,52.98084259033203,53.40728420775013,52.73053897930558,52.86032525100581,6309200,ORCL
2020-11-17,52.953025817871094,53.203329415177635,52.66564295669025,52.84178095342723,5569700,ORCL
2020-11-18,52.1464958190918,53.11062743497443,52.137226886966836,52.953027297565455,8998800,ORCL
2020-11-19,52.3319091796875,52.35971951400899,51.50683625498283,51.99817102218656,9643100,ORCL
2020-11-20,51.63661575317383,52.322629843411704,51.618074353922765,52.24846778281775,8395800,ORCL
2020-11-23,51.9888916015625,52.44314347375849,51.70150523804356,51.775667293410024,8235900,ORCL
2020-11-24,53.37018585205078,53.67611357739849,52.24845793192848,52.47094760817259,10427200,ORCL
2020-11-25,53.221866607666016,53.546332243479796,53.082807885797145,53.509252982536935,6848900,ORCL
2020-11-27,53.546329498291016,53.64830541757878,52.98083278149438,53.21259494845383,5627000,ORCL
2020-11-30,53.50926208496094,53.95424511966282,53.02719624659787,53.40728614309807,26676900,ORCL
2020-12-01,54.4548454284668,54.95544906852937,53.77809672522913,53.95423825199387,11855300,ORCL
2020-12-02,54.770042419433594,54.94618041066526,53.89861432203077,54.03767305054707,9330400,ORCL
2020-12-03,54.94617462158203,55.6043783228693,54.751495251298756,54.899822895763634,9783900,ORCL
2020-12-04,55.58584213256836,56.132801035848836,54.94617976896657,54.983262567659224,10872700,ORCL
2020-12-07,55.4375114440918,55.80833233792926,55.27991486287747,55.585839094344756,14922900,ORCL
2020-12-08,54.72370147705078,55.35409508156148,53.97279404845076,54.68662220462938,15237800,ORCL
2020-12-09,55.37260818481445,55.53947720286287,54.51045277036744,54.59388727939165,12204100,ORCL
2020-12-10,55.14085388183594,55.44678163716492,54.73295374447396,55.16866420998949,14219900,ORCL
2020-12-11,56.188419342041016,56.54996775035705,55.08522918328086,56.49434355815075,16209900,ORCL
2020-12-14,56.327484130859375,57.161829474294436,56.26259099708226,56.39238080104704,16193600,ORCL
2020-12-15,57.347232818603516,57.653157048913975,56.45726692045111,56.63340489933228,15506700,ORCL
2020-12-16,58.20011520385742,58.58020502254053,57.33795964550622,57.35650104354077,16119900,ORCL
2020-12-17,58.96957778930664,59.377481545744715,58.153773812841195,58.394808493720184,15320500,ORCL
2020-12-18,60.31378173828125,60.56408882971552,58.80269501424458,58.84904673856542,33728700,ORCL
2020-12-21,59.7761116027832,60.43431542259966,59.2198801835664,59.22914911583523,18210200,ORCL
2020-12-22,60.397220611572266,61.185210544935494,59.72974445579452,59.850258233379996,17136000,ORCL
2020-12-23,60.536293029785156,61.370631340602884,60.39723428704171,60.49921022686547,13075200,ORCL
2020-12-24,60.22108459472656,60.80512274785513,60.05421554057261,60.304522658213784,3796500,ORCL
2020-12-28,60.13765335083008,60.897833022592515,60.02640495758906,60.638260511183944,6463500,ORCL
2020-12-29,59.7575569152832,60.508464080911224,59.53506721302677,60.489926219398235,7770200,ORCL
2020-12-30,59.701934814453125,60.174731609034374,59.65557955256126,60.07275569112822,6192000,ORCL
2020-12-31,59.97078323364258,60.04494175500073,59.34038982876608,59.64631052731676,6928600,ORCL
2021-01-04,59.09935760498047,59.98005108525977,58.56166763439153,59.970785690223174,11249900,ORCL
2021-01-05,58.36699676513672,59.13644903471552,57.92201372612196,59.03447309186427,11005700,ORCL
2021-01-06,58.22740173339844,58.953265605784495,57.61320840677732,57.94822359401478,8685400,ORCL
2021-01-07,58.69270324707031,59.31620455975717,58.48797094291301,58.48797094291301,7382800,ORCL
2021-01-08,58.98118209838867,59.130077333113995,58.54380079328324,58.79506216749642,7751700,ORCL
2021-01-11,58.65546798706055,59.15799070683095,58.478656015263795,58.58102214891431,6284700,ORCL
2021-01-12,58.087806701660156,58.64616649012254,57.86446562622912,58.627554142179555,7758200,ORCL
2021-01-13,57.75278854370117,58.246003283498545,57.669034762420296,57.994741939655924,8298000,ORCL
2021-01-14,57.32472610473633,57.85516566958971,57.24097230239406,57.7621074669618,10258600,ORCL
2021-01-15,57.492225646972656,57.69695792397477,56.961786156505696,57.324718065778626,7532600,ORCL
2021-01-19,57.03623962402344,57.96683578607332,56.859424081270674,57.790020243320555,8903400,ORCL
2021-01-20,57.28749465942383,57.72487239311221,56.90595041730209,57.110679136283494,7025000,ORCL
2021-01-21,56.96178436279297,57.5573652771982,56.691910651596146,57.371248903903265,6943600,ORCL
2021-01-22,56.170780181884766,56.90595194001698,55.59381160395652,56.71052406447768,9896700,ORCL
2021-01-25,56.67330551147461,56.71983460780097,55.621730894774906,56.18939509980698,8524700,ORCL
2021-01-26,57.510841369628906,57.734186007641,56.61746991746573,56.8222022064816,8186500,ORCL
2021-01-27,58.20879364013672,58.79507026066876,57.11068980165451,57.138610102594164,14789000,ORCL
2021-01-28,56.97108459472656,58.85088881991371,56.92455195776337,58.20877534921634,11166400,ORCL
2021-01-29,56.23591995239258,57.23165744839364,56.03118768407535,56.915254647331665,11451800,ORCL
2021-02-01,57.24097442626953,57.70627255655928,56.524418429573174,56.69192249052991,10553500,ORCL
2021-02-02,58.041282653808594,58.55310984194873,57.51084311610701,57.585292514352766,10528000,ORCL
2021-02-03,57.855167388916016,58.394914920038005,57.67835537869139,57.86447533942115,9933500,ORCL
2021-02-04,58.9532585144043,58.990483208495796,57.92960427648348,58.1436409425963,9928700,ORCL
2021-02-05,59.1859130859375,59.62329440773326,58.88812260512327,59.09285489191151,9170200,ORCL
2021-02-08,58.72991943359375,59.43717089551166,58.478658064902,59.36272505475615,7003400,ORCL
2021-02-09,59.25105667114258,59.418564266391655,58.54380514115745,58.70200833664499,5437400,ORCL
2021-02-10,58.878822326660156,59.46509892989687,58.562419474907,59.409261879607676,9577500,ORCL
2021-02-11,58.34837341308594,59.53023083003489,57.957521223650254,59.14868658912556,7690800,ORCL
2021-02-12,58.701995849609375,58.739216990680546,57.985436522345886,57.994740920128194,6663400,ORCL
2021-02-16,57.827247619628906,58.86951437540569,57.79002291943689,58.72992707459984,7526000,ORCL
2021-02-17,57.78071594238281,57.83655299018054,57.10138116891899,57.53876250181127,6244500,ORCL
2021-02-18,57.762107849121094,57.892390753639276,57.38056353591376,57.520154390722034,6262400,ORCL
2021-02-19,56.88734436035156,58.03197721328258,56.84081526225374,57.938915467144305,10905100,ORCL
2021-02-22,59.9769172668457,60.46083122657548,57.95752538460001,58.487964890532865,20940300,ORCL
2021-02-23,60.02344512939453,60.693475420308815,59.604679747515306,59.948995741540855,18175400,ORCL
2021-02-24,60.209564208984375,60.628336709595615,59.63259917686204,60.01413988198635,10609300,ORCL
2021-02-25,60.76792526245117,61.75435480929132,60.09789496652788,60.15372845789334,15356100,ORCL
2021-02-26,60.03275680541992,61.679908789622665,60.02344885638916,60.99126965892797,20512600,ORCL
2021-03-01,61.577537536621094,62.09867614079646,60.274701676009045,60.442209245228945,11758900,ORCL
2021-03-02,62.03353500366211,62.740782877235155,61.41933821358183,61.55892903858956,13282000,ORCL
2021-03-03,62.26618957519531,62.852462572746944,61.60546008445175,61.65199273023986,15827600,ORCL
2021-03-04,61.0564079284668,62.63841838698594,60.77722627113543,62.052145426451446,19951100,ORCL
2021-03-05,65.11382293701172,66.74236642924842,62.63843342086656,62.63843342086656,34211500,ORCL
2021-03-08,67.15180969238281,67.87767342477531,65.23477713516652,65.5791002056098,23300500,ORCL
2021-03-09,67.5985107421875,68.13825826884602,67.00292971273187,67.37516963111311,17296400,ORCL
2021-03-10,67.11459350585938,68.51048766039142,66.5376213660276,68.39881357207032,21378600,ORCL
2021-03-11,62.731483459472656,63.37358990933723,60.8889001470941,62.95482452464797,38095400,ORCL
2021-03-12,62.49885559082031,63.15957816125558,61.838125920498186,62.312732056966595,11606300,ORCL
2021-03-15,63.02928924560547,63.07581479973079,62.25689262828606,62.303418182411384,8919600,ORCL
2021-03-16,62.210357666015625,63.345686222863655,62.052158008064254,63.280544769596276,14512500,ORCL
2021-03-17,61.624080657958984,62.21035369998943,61.56824715868527,62.16382815055648,11892400,ORCL
2021-03-18,62.107975006103516,62.35923990185277,61.50308618657403,61.8567172102383,13750300,ORCL
2021-03-19,61.66129684448242,62.19173631400672,61.3821151868867,62.15451161966832,30963600,ORCL
2021-03-22,61.71714782714844,61.903264251702716,61.289074370764396,61.624089614871295,10263700,ORCL
2021-03-23,62.601200103759766,63.22470492233589,61.726444547646516,61.726444547646516,12390100,ORCL
2021-03-24,62.19173812866211,62.73148556249109,62.10798078898569,62.45230389674929,11391100,ORCL
2021-03-25,63.866817474365234,63.95988277838922,62.12660704733625,62.312723455612485,14844700,ORCL
2021-03-26,65.37434387207031,65.48601790510443,63.54106932074441,63.810942908999216,12617000,ORCL
2021-03-29,66.19329071044922,67.31001016677621,65.29991940531804,65.337144097184,15183700,ORCL
2021-03-30,65.65357208251953,66.11887023448668,65.09520862024988,65.91413791163932,12000200,ORCL
2021-03-31,65.2999267578125,66.16538141646173,65.0579768832672,65.79314155577345,9971700,ORCL
2021-04-01,66.82610321044922,66.84471910825695,65.44882496783615,65.56979990404744,13228700,ORCL
2021-04-05,69.01300811767578,69.70164722308999,67.05875068627897,67.179732719583,25010200,ORCL
2021-04-06,69.12468719482422,69.46901035770824,68.08242395562645,68.51049737170922,14699800,ORCL
2021-04-07,69.22748565673828,69.33029469827629,68.64801716176075,68.78821195754927,12356800,ORCL
2021-04-08,70.35836791992188,70.59202350261587,69.30224725316188,69.4143973692694,13507700,ORCL
2021-04-09,70.63878631591797,70.7415953847324,70.00324258624933,70.42381995459539,13285700,ORCL
2021-04-12,71.14347076416016,71.20889405715197,70.28361260263391,70.3303465821727,10634900,ORCL
2021-04-13,71.65750885009766,71.97528422347274,70.93785262754899,71.18085648594122,13142400,ORCL
2021-04-14,71.7977066040039,72.30240365494048,71.50797588481241,72.00332471334151,12730700,ORCL
2021-04-15,73.17158508300781,73.41458889205718,71.80703729936592,71.96592138848936,13604200,ORCL
2021-04-16,73.7884521484375,74.15295439559856,72.76971692703981,73.19029424896269,13334100,ORCL
2021-04-19,73.60153198242188,74.9660801641377,73.21833328210882,73.65760705832925,19967200,ORCL
2021-04-20,74.05948638916016,74.22771872775927,73.5080625257877,73.55478937336282,12562300,ORCL
2021-04-21,71.6481704711914,74.15295214250806,71.52666497209317,73.63891400139933,18672800,ORCL
2021-04-22,69.97518920898438,71.47993200587273,69.86303194185967,71.13411911352442,16769300,ORCL
2021-04-23,70.06864929199219,70.09668682582591,69.02186953504251,69.43310571288055,10664700,ORCL
2021-04-26,69.62939453125,70.13409166943107,69.34900485539197,70.06866836247828,9402200,ORCL
2021-04-27,70.30230712890625,70.49857700252761,69.36768460845943,69.52656872559045,9300200,ORCL
2021-04-28,69.88172912597656,70.34904042906231,69.77892719945393,70.24623850253968,6107800,ORCL
2021-04-29,70.90980529785156,70.9378428294465,69.76021658823741,70.45183517979055,7940400,ORCL
2021-04-30,70.83503723144531,70.95653558445511,70.27426518051806,70.62007092777806,7825300,ORCL
2021-05-03,72.27433013916016,72.41452488306349,71.10605249096709,71.29297406243762,15319600,ORCL
2021-05-04,73.39591217041016,73.55479630221954,71.90051742566529,72.03136402016767,15316500,ORCL
2021-05-05,74.01275634765625,74.61091416339501,73.29309304613693,73.80713826150787,12271900,ORCL
2021-05-06,74.52678680419922,74.73240486930146,73.42393210732591,74.00340055165016,14089700,ORCL
2021-05-07,75.14364624023438,75.27449281249724,73.44263367021365,74.59221528803793,14073400,ORCL
2021-05-10,74.90998840332031,75.44272289759716,73.46132079980444,73.62020489988979,17356700,ORCL
2021-05-11,72.61082458496094,74.67633946220135,72.19958840159231,74.53614466054351,12980400,ORCL
2021-05-12,71.73226928710938,73.0781278265367,71.52665121796319,72.49865937081593,12302600,ORCL
2021-05-13,73.03140258789062,73.31179219400346,71.85377622506218,72.46128228457071,11399300,ORCL
2021-05-14,73.73236846923828,73.88191149195788,73.0127122815606,73.0127122815606,9033400,ORCL
2021-05-17,73.90997314453125,74.33055055461725,73.69500676187447,73.72304430513272,6637900,ORCL
2021-05-18,73.5454330444336,74.27443731712037,73.26504349466063,73.82581546360412,6643100,ORCL
2021-05-19,73.59217834472656,73.62021588061727,72.47998234763776,72.72297907909339,8165000,ORCL
2021-05-20,73.573486328125,74.13425841715076,73.53610057144274,73.78844551579294,8802700,ORCL
2021-05-21,73.86322784423828,74.62961814192956,73.81650098949669,74.01277089286341,8629000,ORCL
2021-05-24,74.19035339355469,74.65766478156534,73.96604592387922,74.2931624693655,7044700,ORCL
2021-05-25,73.67630004882812,74.47072781954678,73.50806769839087,74.40530452385475,7160600,ORCL
2021-05-26,74.07817840576172,74.18098744712863,73.41459731277747,73.45197593636226,12851100,ORCL
2021-05-27,73.81649780273438,74.81654372277528,73.685644075534,74.3024984285747,12867800,ORCL
2021-05-28,73.59217834472656,74.17164689868342,73.52675505078017,73.78844822656576,6929700,ORCL
2021-06-01,74.36791229248047,74.61091613987527,73.3491771867086,74.3772605140813,10485300,ORCL
2021-06-02,75.02215576171875,75.63901012340821,74.31184769327034,74.48942114508003,12249300,ORCL
2021-06-03,75.78852844238281,76.13434130401183,74.44267700946027,74.5828717982614,12038700,ORCL
2021-06-04,77.47087097167969,78.47091692303502,76.05024767961233,76.09697453379981,14502900,ORCL
2021-06-07,78.45221710205078,78.74194780327251,77.4334748409549,77.51759457619592,10445600,ORCL
2021-06-08,79.07843017578125,79.47097001312093,78.50830973700457,78.5363472781566,10726800,ORCL
2021-06-09,78.99429321289062,79.28403104642227,78.53633016909446,79.06906472674422,9720300,ORCL
2021-06-10,76.91943359375,78.93821445936777,76.36800261806584,78.65783199140614,16680800,ORCL
2021-06-11,77.4802017211914,77.79796992818002,76.4894970857373,76.62035078752457,11066500,ORCL
2021-06-14,77.21851348876953,77.6671282954673,76.76054332990233,77.57366747162224,10173200,ORCL
2021-06-15,76.3025894165039,77.11571365535706,76.03154800355286,76.63905412702212,17298000,ORCL
2021-06-16,72.04070281982422,73.4145990129972,70.9378480028408,72.89120557284332,36560600,ORCL
2021-06-17,72.48931121826172,72.65754353584802,71.55468881624967,71.95657673433898,14836100,ORCL
2021-06-18,71.24626922607422,71.8818127480851,71.00326540367513,71.87246452744583,22521200,ORCL
2021-06-21,72.89119720458984,72.99400623653477,71.54534583017029,71.60142089101194,8924300,ORCL
2021-06-22,73.53609466552734,74.012754111689,72.58278290380741,72.9566261793974,9845800,ORCL
2021-06-23,72.99402618408203,73.71368960436357,72.95664042310334,73.61088054432335,7295900,ORCL
2021-06-24,72.65755462646484,73.797795271865,72.53605626267459,73.50806456480908,9624000,ORCL
2021-06-25,73.33047485351562,73.47066964385216,72.48931324209968,72.92858692420597,12845000,ORCL
2021-06-28,73.36786651611328,73.80714023360318,73.2089824018819,73.35851829451032,5605400,ORCL
2021-06-29,72.99402618408203,73.45198927751268,72.73233298783595,73.4052624242429,5392900,ORCL
2021-06-30,72.75102233886719,73.09683528013693,72.50802558829312,72.51736668058881,7899800,ORCL
2021-07-01,74.33988189697266,74.41465341575179,72.81644963752159,72.8818729338022,13108000,ORCL
2021-07-02,76.47081756591797,76.882053774068,74.16229870206455,74.25575953193385,15258100,ORCL
2021-07-06,77.64842224121094,78.16246022682921,76.0408707475056,76.2651781024917,14200400,ORCL
2021-07-07,80.46165466308594,81.47104876300851,77.53628854839278,77.73255843494366,20976600,ORCL
2021-07-08,79.99434661865234,81.20935887682653,79.12515442748129,79.46161201050622,16383300,ORCL
2021-07-09,82.0224838256836,82.62064173712483,80.17192788487148,80.26538872154579,15685300,ORCL
2021-07-12,81.38693237304688,83.0412111289115,81.28412332335203,81.80750966317738,16076800,ORCL
2021-07-13,81.37757873535156,82.18135463550807,80.87288174242047,81.03176585206445,12789300,ORCL
2021-07-14,82.81282806396484,83.17867483386287,81.29315906805212,81.68714679611045,13330500,ORCL
2021-07-15,80.89915466308594,83.27247061407975,80.21436757207901,82.64396543277034,18306300,ORCL
2021-07-16,82.07174682617188,83.00044133040534,81.16181773084163,81.37757699178958,14617500,ORCL
2021-07-19,81.59334564208984,82.42822751169425,80.85226935707666,81.52768101718524,15619900,ORCL
2021-07-20,83.16929626464844,83.53514302125718,81.63085475766731,81.70590208130672,12813900,ORCL
2021-07-21,84.13550567626953,84.6608226178154,82.98167635748091,83.38504676814122,13108100,ORCL
2021-07-22,85.07357788085938,85.49570655427257,84.1261250957307,84.42630723517951,13638900,ORCL
2021-07-23,82.25936126708984,85.55198184121112,81.72466164896626,85.35498799841886,12680900,ORCL
2021-07-26,82.4188461303711,82.6439809683887,81.30254033215019,82.0248583746134,10454100,ORCL
2021-07-27,82.36256408691406,83.11301593148623,81.72467608272862,82.32504042114934,8465200,ORCL
2021-07-28,81.78094482421875,82.50325559229647,81.72466291309502,82.45635638532879,6396800,ORCL
2021-07-29,82.2031021118164,82.79409101214709,81.92168530124307,82.25000849203302,6201400,ORCL
2021-07-30,81.7434310913086,82.6908839327512,81.49015530358803,81.99671403593634,7962800,ORCL
2021-08-02,82.17493438720703,82.48449921924968,81.69651666104171,82.29688807329403,5579100,ORCL
2021-08-03,84.18241119384766,84.58578163473778,82.37193556244414,82.43760018505847,9889800,ORCL
2021-08-04,84.47320556640625,84.51072206797518,83.75088766534834,84.22930536477186,7509900,ORCL
2021-08-05,83.8916015625,84.91409444152119,83.26309637134536,84.59515407236434,8231300,ORCL
2021-08-06,83.97604370117188,84.31374955596397,83.31939740402497,83.71338518231312,6513900,ORCL
2021-08-09,84.33251953125,84.86721930411633,83.58206044512859,83.9197663181924,5798700,ORCL
2021-08-10,84.0886001586914,84.53887693949068,83.42257127054137,83.58204146413223,5473300,ORCL
2021-08-11,84.07923126220703,84.82030759501308,83.96666741620113,84.33251422953595,8009800,ORCL
2021-08-12,84.2480697631836,84.40754711256595,83.17867046778301,83.59142358422064,5687200,ORCL
2021-08-13,84.78277587890625,85.68332234600324,84.37940543622568,85.00791786336084,6640400,ORCL
2021-08-16,85.19551849365234,85.21427674491747,83.99479001930888,84.29497213789475,7122800,ORCL
2021-08-17,85.3174819946289,86.09608197981434,84.77340671681125,85.35500566153145,6738500,ORCL
2021-08-18,83.43196105957031,85.41128963980616,83.35691373024686,84.88596549144923,7666300,ORCL
2021-08-19,83.2162094116211,83.85409745557868,82.76593970818509,82.82222163188761,8099400,ORCL
2021-08-20,83.43196105957031,83.86347246781932,82.83159673879716,83.30063181170789,8716400,ORCL
2021-08-23,83.60081481933594,84.0229435264707,83.21620262033586,83.9478961963867,7147300,ORCL
2021-08-24,83.06610870361328,84.09798436342263,82.99106137932361,83.68523123673619,6320100,ORCL
2021-08-25,83.13179016113281,83.39444869244028,82.59709039185455,83.06612552830595,5748500,ORCL
2021-08-26,83.22557830810547,83.65708968434181,82.98167808435215,83.31000117965083,9093200,ORCL
2021-08-27,83.81657409667969,83.97604431903041,83.12240412645872,83.2912570550971,5426800,ORCL
2021-08-30,83.91036987304688,84.4075530514221,83.76966507973106,83.91975257823695,5357000,ORCL
2021-08-31,83.61019897460938,83.95728754429615,83.00983458595141,83.91038116893836,8113300,ORCL
2021-09-01,84.37940979003906,84.58578637465084,83.36629943534739,83.73214623282918,8208000,ORCL
2021-09-02,84.23870849609375,84.89535478637441,83.87286168337913,84.58578989656733,7717400,ORCL
2021-09-03,84.42631530761719,84.87659213829708,83.76966905132092,83.80718556004577,8456900,ORCL
2021-09-07,83.22557830810547,85.05481209398853,83.05672540810805,84.46383052245093,11046000,ORCL
2021-09-08,83.92912292480469,84.05106944669072,82.52201794358697,82.68148812380086,8851200,ORCL
2021-09-09,83.99480438232422,85.20491576768103,83.87285783598251,84.05108630265,11034700,ORCL
2021-09-10,84.12613677978516,84.94226043956088,83.96666656162793,84.09799581857008,10547400,ORCL
2021-09-13,83.38505554199219,84.90473177024575,82.76593296101228,84.53888498218778,18883400,ORCL
2021-09-14,81.03987884521484,81.56519583355472,79.48268613396142,80.85226767992408,22714200,ORCL
2021-09-15,82.29689025878906,82.88787182545943,80.83349608522818,81.1899672916795,14951100,ORCL
2021-09-16,81.84661865234375,82.52203028947969,80.85226660706424,82.24060638837068,12410500,ORCL
2021-09-17,81.03987884521484,82.14680189700758,80.62712569328654,80.87102593369029,58069000,ORCL
2021-09-20,80.83348846435547,81.99670039260567,79.67028369301126,79.76408925963634,13897700,ORCL
2021-09-21,81.53704833984375,82.23122534098208,80.78659658191684,81.36819544185153,11124400,ORCL
2021-09-22,82.96292114257812,83.48823810335534,81.8372327391753,82.19370395419426,9908000,ORCL
2021-09-23,83.88224792480469,84.48261236870442,83.16931962074169,83.43197817033425,9720200,ORCL
2021-09-24,84.37003326416016,84.48259710398484,83.43196309544824,83.74152081187353,7617800,ORCL
2021-09-27,85.40192413330078,85.65519997464,83.62897177320023,84.21995350759752,11533000,ORCL
2021-09-28,84.885986328125,86.55575045245338,84.4732402293451,85.02669831591976,15041800,ORCL
2021-09-29,85.59888458251953,86.37748437363986,85.36436709051263,85.50507901709796,12007300,ORCL
2021-09-30,81.73404693603516,85.90846326197924,81.72467138781317,85.59889840488471,15649900,ORCL
2021-10-01,84.18241119384766,84.67958721605726,82.17494169460112,82.32503635023795,13320900,ORCL
2021-10-04,83.7321548461914,84.82969535153859,83.45073090060627,83.93853145203273,10853900,ORCL
2021-10-05,85.82404327392578,86.27432013302506,83.6477206282463,83.81657355579505,9788600,ORCL
2021-10-06,85.68331909179688,85.83341374239943,84.09798549702191,84.8202963215528,10268300,ORCL
2021-10-07,86.59326171875,87.12796147022807,85.97413908083706,86.03042100512698,9124400,ORCL
2021-10-08,88.85245513916016,89.4454925695985,86.70621623075063,86.96037307756603,13202300,ORCL
2021-10-11,89.69966125488281,91.12107671099236,88.67360410625679,88.75832784746267,12959300,ORCL
2021-10-12,89.96324157714844,90.85750552216437,89.67143049269569,90.20799029606617,9964100,ORCL
2021-10-13,90.7445297241211,91.29991291264174,90.32092543859228,90.46212686710189,9453900,ORCL
2021-10-14,89.69023132324219,91.63879087242815,88.83362179634155,91.12106189162965,7911200,ORCL
2021-10-15,89.73729705810547,90.40564277855579,89.17249856578997,89.51137191573729,7422800,ORCL
2021-10-18,90.84808349609375,90.97986959037058,89.52080002712962,89.89733480297924,7344100,ORCL
2021-10-19,91.3658218383789,91.57291634528792,90.66923710025203,91.30934412987799,5616500,ORCL
2021-10-20,90.970458984375,92.22243412702038,90.60333953379536,91.56349643951044,6574100,ORCL
2021-10-21,90.65040588378906,91.14931141793896,90.09501546413664,90.90456273223771,6224400,ORCL
2021-10-22,92.48600769042969,92.50483119866809,90.57510201395526,90.64099506549562,6819600,ORCL
2021-10-25,92.14713287353516,93.14494405431334,91.82708294075891,92.66486915514899,5083100,ORCL
2021-10-26,91.29051208496094,92.77781333024917,91.25285788887973,92.53307182842664,7089700,ORCL
2021-10-27,90.396240234375,91.59173760781465,90.36800138303137,91.13047909652357,5941200,ORCL
2021-10-28,90.58452606201172,91.96828027730542,90.30212313867564,90.9798844092385,5177200,ORCL
2021-10-29,90.31153106689453,91.28110334527908,89.85968786302973,90.17032961682402,7578600,ORCL
2021-11-01,88.8430404663086,90.39624195602173,88.40061981715962,90.36800310414026,7327600,ORCL
2021-11-02,90.24565124511719,90.29271361417099,88.01468811597888,88.23119799540284,6229600,ORCL
2021-11-03,90.50920867919922,91.1869698825244,89.19134047071181,90.83867393587008,5746400,ORCL
2021-11-04,90.01970672607422,90.94221657983852,89.72789568234431,90.58451248811141,5857500,ORCL
2021-11-05,89.37960052490234,90.88573966093188,88.57946859751394,90.55626723629813,6160200,ORCL
2021-11-08,89.55845642089844,89.6620036663435,88.77714799865069,89.6620036663435,5056400,ORCL
2021-11-09,89.04070281982422,90.00086669354629,88.5417973791932,89.53020009947139,6102600,ORCL
2021-11-10,88.3253173828125,89.28547432057381,87.88288952201314,88.57947424869505,5828800,ORCL
2021-11-11,88.52298736572266,89.20074851356505,88.29706937704299,88.5888804116627,3620600,ORCL
2021-11-12,88.05233001708984,88.92777039538622,87.94878276511254,88.75833009049647,6435300,ORCL
2021-11-15,88.50418090820312,88.72069079374188,87.46871539630831,88.31591706306055,5700900,ORCL
2021-11-16,90.0008773803711,90.71629269921895,88.50415369895276,88.61711628039288,7392900,ORCL
2021-11-17,89.73729705810547,90.49977466364129,89.25721510782617,90.14207062759537,6257600,ORCL
2021-11-18,89.10662078857422,89.73731242664296,88.0146706255265,89.56787213174948,5725300,ORCL
2021-11-19,88.45710754394531,91.27169261530697,88.42886868886411,89.24782421343643,8936600,ORCL
2021-11-22,89.05955505371094,90.05736617639737,87.92995782734154,88.2311842331603,6488200,ORCL
2021-11-23,87.4875259399414,88.75832455647911,86.84741895935744,88.63595380350118,8905500,ORCL
2021-11-24,88.08998107910156,88.20293649046941,86.74387403313823,86.81918242858605,10908500,ORCL
2021-11-26,86.91329956054688,88.56063272652327,86.66855090783993,87.44044387548247,4519300,ORCL
2021-11-29,87.4875259399414,88.60770776961057,87.42163289113734,87.70402859381034,9552500,ORCL
2021-11-30,85.41658782958984,88.03349344440446,85.29421707715879,87.56282676024921,23271200,ORCL
2021-12-01,84.48465728759766,86.96977643716774,84.3999407442681,86.31084604970695,12084900,ORCL
2021-12-02,84.7105941772461,85.6989971610641,83.7786760834033,84.15521089541987,7089800,ORCL
2021-12-03,83.06324005126953,85.46364259827136,82.57374994435041,85.04945368963044,10808600,ORCL
2021-12-06,83.72219848632812,83.93870115580712,82.6961413017665,83.15739267665168,8398500,ORCL
2021-12-07,84.7670669555664,85.40717388999383,83.97634324513103,84.70117391151372,6803700,ORCL
2021-12-08,83.72219848632812,84.88003459619559,82.75262619181667,84.76707917970367,7695800,ORCL
2021-12-09,83.5621566772461,84.71058449076442,83.06325116063972,83.89162908871373,8615800,ORCL
2021-12-10,96.60903930664062,100.10138517988854,94.2274670757527,98.17165611784345,45824600,ORCL
2021-12-13,94.97113037109375,98.23755856331222,94.62283441216931,96.43020007864287,16317600,ORCL
2021-12-14,94.02979278564453,95.50768593690972,93.5591260854734,94.13334003422649,9511600,ORCL
2021-12-15,97.56920623779297,97.67275348409952,94.35925596589732,94.6793130495186,14452200,ORCL
2021-12-16,97.16443634033203,97.89867525566085,96.27958063119011,97.85160571214324,9053200,ORCL
2021-12-17,90.95162963867188,94.0862641938239,90.18914475180492,91.95885602234725,28872300,ORCL
2021-12-20,86.26377868652344,90.76335048448763,86.15081611077186,90.76335048448763,17205400,ORCL
2021-12-21,86.14140319824219,86.45203769627194,84.44700056443276,86.42379884934218,15823000,ORCL
2021-12-22,84.58821868896484,86.47088546204343,84.25875344003686,85.91549502944727,10539000,ORCL
2021-12-23,84.45642852783203,85.05888129170056,83.83514507532819,84.74823956544863,9655400,ORCL
2021-12-27,84.28700256347656,85.03065689127828,83.79750512101748,84.43761218913765,7666200,ORCL
2021-12-28,83.4491958618164,84.53173055919531,83.32681794030395,84.43759148670792,5610500,ORCL
2021-12-29,83.0350112915039,83.95752110505424,82.57375997563038,83.30799881610754,5628500,ORCL
2021-12-30,82.84674835205078,83.69394978508264,82.62082318204004,83.44920110847269,7382400,ORCL
2021-12-31,82.09368133544922,82.93146744999525,82.06544248378194,82.88440509115098,5908200,ORCL
2022-01-03,82.74321746826172,82.78087167070714,80.72876431916255,82.20665765157278,10644400,ORCL
2022-01-04,83.62803649902344,84.32462822507924,82.58316327354422,82.74318819096153,11959000,ORCL
2022-01-05,81.38768005371094,83.40213283516051,81.16176206207454,83.29858559278478,11236700,ORCL
2022-01-06,81.57664489746094,82.59706335469326,80.830235301588,81.25540605452657,7918400,ORCL
2022-01-07,82.68209838867188,83.14506319947557,81.51995399267402,81.68057340745531,9836800,ORCL
2022-01-10,84.35444641113281,84.44892799762225,82.15299012436233,82.55926743390158,11025500,ORCL
2022-01-11,83.59859466552734,84.08990328828789,82.58762645365918,83.74976377695994,7249800,ORCL
2022-01-12,83.4379653930664,84.58120924457806,82.83327454943186,83.98596872276129,5840300,ORCL
2022-01-13,82.9466552734375,84.01431094790753,82.71989801332985,83.83479808754383,6044300,ORCL
2022-01-14,82.8521728515625,83.2395495333415,81.87899877785638,82.65375934989765,6054800,ORCL
2022-01-18,80.83023834228516,82.17189569292273,80.63181762773422,82.07741410076916,6824700,ORCL
2022-01-19,78.77995300292969,81.90734640349113,78.63823421539063,81.03809699184444,10501800,ORCL
2022-01-20,78.1563491821289,80.31056071621863,77.9673788318252,79.29014245002398,10836900,ORCL
2022-01-21,77.6839599609375,78.78940984613929,77.50443987055142,78.76106608628554,11609000,ORCL
2022-01-24,77.87290954589844,77.87290954589844,75.19903813725426,76.7391160991397,16770400,ORCL
2022-01-25,76.5973892211914,77.57056323984374,75.77538429638192,76.84304710822921,13469900,ORCL
2022-01-26,75.19905090332031,77.50443947271495,74.90615577502265,77.39106443388188,13971300,ORCL
2022-01-27,75.37855529785156,76.67297532005693,74.83055202931358,75.69035100669035,10331900,ORCL
2022-01-28,76.0399398803711,76.05883331318863,74.23531068578778,75.57696787879206,7854700,ORCL
2022-01-31,76.68242645263672,77.13594093531013,75.69980212886735,76.0493847074942,10594200,ORCL
2022-02-01,76.56903839111328,76.90917783143196,75.25572502207032,76.90917783143196,8016900,ORCL
2022-02-02,77.9485092163086,78.30754217885675,76.38008726776268,76.68243992062511,9287600,ORCL
2022-02-03,77.41938781738281,78.19414828226232,77.12648555769069,77.12648555769069,8207200,ORCL
2022-02-04,77.58000946044922,78.33587651516137,76.97531870007248,77.50442131328151,5570200,ORCL
2022-02-07,76.28559875488281,77.71229457023139,76.21001780700044,77.60836265734937,6292200,ORCL
2022-02-08,76.33284759521484,76.39898543376142,75.39746753334653,75.86043240317254,6585300,ORCL
2022-02-09,78.84608459472656,79.03505497728341,77.14539440261308,77.23987598964999,8755900,ORCL
2022-02-10,77.33435821533203,79.1578809732873,77.11705128420087,78.18470692265267,6336300,ORCL
2022-02-11,75.35022735595703,77.88237321563138,75.1423635064452,77.32491950935109,7670500,ORCL
2022-02-14,74.59434509277344,75.33131874031703,74.11248685706916,75.189592761617,5389800,ORCL
2022-02-15,75.36911010742188,75.52028641599152,74.84000744439439,75.01007718729367,5712800,ORCL
2022-02-16,74.82112121582031,75.3785676882695,73.90463458018189,75.08567257281204,6227000,ORCL
2022-02-17,71.363037109375,74.62270622999583,71.17407391766525,74.41484239402489,9247100,ORCL
2022-02-18,70.45599365234375,71.5520002366102,70.18199200627714,71.33468610059772,7790100,ORCL
2022-02-22,70.03082275390625,70.7772395380485,69.55840761521998,69.7473707873013,8039000,ORCL
2022-02-23,68.47183990478516,70.27646168438937,68.3584576954062,69.98356665409591,6807100,ORCL
2022-02-24,70.6827621459961,70.80559471529884,66.3554442559984,67.02627299613236,11240500,ORCL
2022-02-25,72.13780212402344,72.59132390363524,70.21979749822684,70.5315932711797,8291800,ORCL
2022-02-28,71.77876281738281,72.46848493588726,70.88116966011127,71.40082923582024,9234400,ORCL
2022-03-01,71.81655883789062,72.27952370336682,71.44807556823844,71.7882150799918,8752100,ORCL
2022-03-02,73.96131134033203,74.50931461924807,72.04330707260868,72.23227024055355,8527200,ORCL
2022-03-03,73.93296813964844,74.6793849130411,73.15820761170006,74.60379676190398,8203000,ORCL
2022-03-04,72.27007293701172,73.61173754000694,71.59924423975593,73.38497306124277,8841300,ORCL
2022-03-07,70.21978759765625,72.17558603003827,69.38833952882862,72.08110444174837,11110100,ORCL
2022-03-08,69.2844009399414,71.07957977832166,69.07653714065242,69.76625915631233,9134100,ORCL
2022-03-09,71.90156555175781,72.7046696546665,70.56935892617633,70.78666580149641,8959500,ORCL
2022-03-10,72.4212417602539,72.61020493118183,70.89061412519924,70.9567519558723,13812600,ORCL
2022-03-11,73.52669525146484,75.49194404810058,69.91744371556808,72.46848269747254,22795800,ORCL
2022-03-14,72.81807708740234,74.26366641522938,71.27800616328614,73.62118146858585,13306200,ORCL
2022-03-15,76.1533203125,77.04146309624863,72.818070525506,73.7440073860613,16847200,ORCL
2022-03-16,75.54863739013672,76.74857602648805,73.46056308577144,76.53126186427636,14071300,ORCL
2022-03-17,76.1533203125,76.80525552256937,74.887251177651,75.37855975917131,10462400,ORCL
2022-03-18,77.17374420166016,77.46663930695728,74.49042222707543,75.23683907754307,24176000,ORCL
2022-03-21,76.49343872070312,77.45716939254932,75.84150369024724,76.79578404337464,8131300,ORCL
2022-03-22,77.28712463378906,77.69340196800457,76.37063805136222,76.96587857003374,9292300,ORCL
2022-03-23,75.95491790771484,76.91864898581541,75.7942984641928,76.76747265651173,7451100,ORCL
2022-03-24,77.70284271240234,78.25084602249487,76.04938966912826,76.20056597887097,7025700,ORCL
2022-03-25,77.22098541259766,78.26974043853633,76.74857025145202,77.5138805057933,5682300,ORCL
2022-03-28,78.9878158569336,79.0917477721631,77.23043082839543,77.23043082839543,6626700,ORCL
2022-03-29,79.6397476196289,79.84761144098971,78.52484756654357,79.82871079805699,5762000,ORCL
2022-03-30,78.76103973388672,79.70586985813345,78.5342825224424,79.32793636673841,5533100,ORCL
2022-03-31,78.16580963134766,79.28070961293423,78.0335267647515,78.52484253072943,9433300,ORCL
2022-04-01,77.48554992675781,78.76106963707062,76.9753406009358,78.45872417085955,6147500,ORCL
2022-04-04,79.431884765625,79.64919891109871,77.47608629029469,77.71229387044804,7882400,ORCL
2022-04-05,78.36422729492188,79.85705368868797,78.10911907747666,78.79884836738371,5143400,ORCL
2022-04-06,77.58946228027344,77.92015142418121,76.8808395968356,77.40049190626706,5492400,ORCL
2022-04-07,77.34284973144531,77.7886583330922,76.62196758332091,77.06777618496781,7112200,ORCL
2022-04-08,76.77372741699219,77.61791531520262,76.12872918993098,77.50408954453937,6182500,ORCL
2022-04-11,75.65447235107422,76.9539489676538,75.59755584262395,76.47968573843612,5738400,ORCL
2022-04-12,75.24659729003906,76.82114727231146,74.95254919978369,75.83467899718627,6174700,ORCL
2022-04-13,75.64498901367188,75.84417871195168,74.58263671949658,75.18021305101897,4728600,ORCL
2022-04-14,75.36042022705078,76.22358273200838,75.23711439920635,75.72086489359667,5590400,ORCL
2022-04-18,74.19374084472656,75.86314944027497,73.89969995792184,75.07587074182334,4955900,ORCL
2022-04-19,75.46475982666016,75.67343679739166,74.21270523895342,74.22219252944548,5412400,ORCL
2022-04-20,76.15719604492188,77.64638240917402,75.68293277940612,75.68293277940612,9472600,ORCL
2022-04-21,75.38888549804688,77.39975694238136,75.24660508308222,77.29541845385278,5616100,ORCL
2022-04-22,72.2872085571289,75.59756423844321,72.23978657095003,75.18969752655129,9357100,ORCL
2022-04-25,73.01758575439453,73.09346238760916,70.8549388823845,72.27772887790776,7305900,ORCL
2022-04-26,70.6747055053711,72.70455146307957,70.6462508706705,72.41999064270904,7555200,ORCL
2022-04-27,70.9118423461914,72.10698051195821,70.58933957684597,70.7411072886986,7279200,ORCL
2022-04-28,72.22081756591797,72.6855935918001,70.76008567646161,71.63272844574185,6177900,ORCL
2022-04-29,69.62184143066406,71.96470287135094,69.38470982309141,71.46197778448375,7946900,ORCL
2022-05-02,70.19095611572266,70.76007052878393,68.79662109987899,70.12455955481022,7379900,ORCL
2022-05-03,69.51750183105469,70.39014439614262,69.06220596766667,70.04867430777217,5211500,ORCL
2022-05-04,71.33865356445312,71.47144665152852,69.04322193165787,69.60284890766411,6759900,ORCL
2022-05-05,69.0527114868164,70.87388008650913,68.2844003301642,70.19094005245418,7197200,ORCL
2022-05-06,68.75867462158203,69.18551583062847,67.94294136342064,68.41720454901764,6222500,ORCL
2022-05-09,67.8575668334961,68.8535150252219,67.50660952592752,67.95241800842034,7019700,ORCL
2022-05-10,68.796630859375,69.83052858217458,67.6014853567252,68.76817622018773,8129000,ORCL
2022-05-11,67.37381744384766,69.6787364888009,67.22205700902963,68.58792986911537,6932100,ORCL
2022-05-12,67.08928680419922,67.27898922161427,65.41987803155007,67.23155999891883,11698900,ORCL
2022-05-13,67.50662994384766,68.27494133748179,66.89957355670646,67.30744024525598,6700100,ORCL
2022-05-16,66.12178039550781,67.26001651942383,65.8182522098001,67.05133953487176,6942100,ORCL
2022-05-17,68.18006896972656,68.19904354858286,67.06080762769363,67.39279762754559,5952500,ORCL
2022-05-18,64.78435516357422,67.28846424774214,64.31957202326913,67.15567113242128,7977300,ORCL
2022-05-19,63.58921813964844,64.40495151770706,63.28568994572078,64.00657212005507,9451600,ORCL
2022-05-20,65.09736633300781,65.15428283979318,63.40899044424986,64.38597150999077,7531100,ORCL
2022-05-23,66.43479919433594,66.84266589271462,65.13531523980777,65.7423716415784,7370200,ORCL
2022-05-24,65.47679138183594,66.89958131099077,64.7938510579722,66.08384783934063,6644100,ORCL
2022-05-25,66.235595703125,66.6055203948029,65.23015286718363,65.33449134295756,7103300,ORCL
2022-05-26,67.97138977050781,68.40771094643458,66.31146894969316,66.52013863121256,6758900,ORCL
2022-05-27,69.03377532958984,69.10017191225933,67.86709148601383,68.6353958335729,6566700,ORCL
2022-05-31,68.21802520751953,69.22346823415062,67.83861315426344,68.51207334805157,16890300,ORCL
2022-06-01,67.91448211669922,69.49851931218534,67.48764817332966,69.26138773549526,5804700,ORCL
2022-06-02,69.3752212524414,69.42265046775374,67.35486259840677,67.80067117028668,6200400,ORCL
2022-06-03,68.0947036743164,69.20447770409486,67.56353126416904,68.82506573826903,8169500,ORCL
2022-06-06,69.2139663696289,70.9877059473619,68.8914636594256,68.8914636594256,5274700,ORCL
2022-06-07,68.94837951660156,69.36572617040548,67.90499479038822,67.90499479038822,5675700,ORCL
2022-06-08,67.70581817626953,68.43618762530582,67.28847144207445,68.303394495787,5253500,ORCL
2022-06-09,65.6570053100586,67.49714903081369,65.63803072756755,67.12721703906726,6824900,ORCL
2022-06-10,63.684059143066406,64.70846934724807,63.513324109036134,64.48082504743498,10256100,ORCL
2022-06-13,60.75312042236328,62.69759525181002,60.47804327234108,62.39406708524513,16547200,ORCL
2022-06-14,67.07978057861328,68.70175967075271,65.46728153899045,68.29389307541838,29661300,ORCL
2022-06-15,66.11228942871094,67.74375604994052,65.13530836142824,66.82368425285064,11765500,ORCL
2022-06-16,65.17324829101562,65.41037989179942,64.10141606067846,64.9740586147591,10686000,ORCL
2022-06-17,64.23421478271484,65.79928493177904,63.92119930556545,65.21119590531801,16445600,ORCL
2022-06-21,64.1962661743164,65.95103854327685,63.92119265363019,65.07839600386805,10047700,ORCL
2022-06-22,63.10545349121094,64.09192171020707,62.9631730990774,63.48486545800658,8219900,ORCL
2022-06-23,64.14884948730469,64.37650107509667,62.89679470118258,63.02958784238618,8775800,ORCL
2022-06-24,67.06082153320312,67.13670539100039,64.47134820684741,64.81281833025214,20132600,ORCL
2022-06-27,66.78575897216797,67.2031057401789,65.39142376256048,65.79929047532536,8840600,ORCL
2022-06-28,65.0499496459961,67.41177862430183,65.0025204259298,66.93751537037072,7252100,ORCL
2022-06-29,65.64751434326172,66.48221500906115,65.23964768273511,65.47677929381611,8077900,ORCL
2022-06-30,66.27355194091797,66.63398942083539,64.69899441124474,64.69899441124474,9888600,ORCL
2022-07-01,67.22208404541016,67.32642255235986,66.216640909048,66.25458284218277,7805600,ORCL
2022-07-05,68.284423828125,68.29391111982962,66.56759310043458,66.75729551442748,9040400,ORCL
2022-07-06,67.97138977050781,68.99579254861911,67.6393998170005,68.5974132884269,6043700,ORCL
2022-07-07,68.13265228271484,68.27493268845146,67.51610868231089,68.13265228271484,7814500,ORCL
2022-07-08,68.17060852050781,68.52155872677434,67.65840329431724,67.99987344511096,4927300,ORCL
2022-07-11,68.18965148925781,68.57076040027023,67.55129824301453,67.64657365350567,4543300,ORCL
2022-07-12,67.08444213867188,68.54217696673032,66.76049702741015,68.2182318554686,7140800,ORCL
2022-07-13,66.7223892211914,67.19877355921967,65.43615296232471,65.78867998932296,6454800,ORCL
2022-07-14,66.1697769165039,66.2936414877316,65.00740532076985,65.89348041695197,4915500,ORCL
2022-07-15,67.39884185791016,67.5227064154736,66.69379520111717,66.94151704719728,5134100,ORCL
2022-07-18,66.8938980102539,68.3230512409021,66.83673420712373,67.88477845578923,4642300,ORCL
2022-07-19,68.8280029296875,68.8851739897205,66.94152513669499,67.3035745946815,7160300,ORCL
2022-07-20,69.1614761352539,69.64739020541926,68.75179257436832,69.12337178418645,5655700,ORCL
2022-07-21,71.01937866210938,71.10512435462822,68.7232026417954,68.74226208616504,7005100,ORCL
2022-07-22,71.36235809326172,71.73393720585531,70.75258686905445,71.28613487297422,6659800,ORCL
2022-07-25,71.32425689697266,71.8673346999832,70.82881316181192,71.55291932217514,5721600,ORCL
2022-07-26,70.53347778320312,71.74349831019586,70.22859203772573,71.26711387857185,7284400,ORCL
2022-07-27,72.28654479980469,72.52473691191405,70.80975079710811,70.86691457791952,6677200,ORCL
2022-07-28,73.40130615234375,73.62996861944019,71.75301299894542,72.06742843435849,5688100,ORCL
2022-07-29,74.16350555419922,74.46839848949769,73.36318340618374,73.37271312767373,5926600,ORCL
2022-08-01,73.78240203857422,74.13492176517538,73.07734804727694,73.53468016949552,5227500,ORCL
2022-08-02,72.74388122558594,73.61090414155588,72.46757745903665,73.35365254864384,6403400,ORCL
2022-08-03,73.71571350097656,74.08729269513847,72.69625133024168,73.09641242102406,6127800,ORCL
2022-08-04,73.74430847167969,74.1730515350941,73.4680046402829,73.79194255147614,3656200,ORCL
2022-08-05,73.6966552734375,73.74429661462315,72.41041902095385,72.66766336383135,4858100,ORCL
2022-08-08,72.85821533203125,73.77287230729654,72.66765725236297,73.28695829045178,4733500,ORCL
2022-08-09,73.14404296875,73.27743726163266,72.25796787096151,72.61049487340988,4243700,ORCL
2022-08-10,73.87767028808594,74.29689075375985,73.55372521850697,73.92530435161002,5258500,ORCL
2022-08-11,73.5156478881836,74.3159702323109,73.43942463568115,74.26832888223451,5554600,ORCL
2022-08-12,75.41163635253906,75.66888067687016,73.99201316994304,74.31595100569683,6692300,ORCL
2022-08-15,75.37351989746094,75.66887581922252,74.79233050563857,75.11626832059682,3733500,ORCL
2022-08-16,75.76416015625,75.89755445531397,75.12580690273798,75.17344824304996,6185100,ORCL
2022-08-17,75.50691223144531,76.00234870953568,75.22107874124667,75.26872007929565,5185100,ORCL
2022-08-18,75.57361602783203,76.10716419516075,75.27826004506773,75.5355044060159,4120500,ORCL
2022-08-19,74.94479370117188,75.39258890968472,74.73518341218146,75.297313488066,4679000,ORCL
2022-08-22,72.84869384765625,74.24926499812635,72.57239005268168,74.24926499812635,5757700,ORCL
2022-08-23,72.80106353759766,73.37272333269608,72.64861704874545,72.64861704874545,4432300,ORCL
2022-08-24,72.57238006591797,72.94395922584214,72.4580524899704,72.85821354388146,3876400,ORCL
2022-08-25,73.25837707519531,73.27743651786264,72.39136142906786,72.73435143755684,3523400,ORCL
2022-08-26,71.12417602539062,73.610902603322,71.04795279433932,73.34412856368985,4904100,ORCL
2022-08-29,70.6859130859375,71.32426637855545,70.57157822361329,70.60968984438803,4295500,ORCL
2022-08-30,70.6382827758789,71.14324910918144,69.99039965961066,70.9050568939218,5099100,ORCL
2022-08-31,70.64778900146484,71.60055754560045,70.54298388008615,70.94314492405181,8612900,ORCL
2022-09-01,71.74347686767578,71.81017037740797,70.0570724130876,70.61920965429945,8139800,ORCL
2022-09-02,71.15276336669922,73.14404636428235,70.96221254353121,72.16269581377598,11027700,ORCL
2022-09-06,70.3428955078125,71.63866116475282,70.07612150827414,71.17179939651437,7090100,ORCL
2022-09-07,70.97171783447266,71.14321644147245,69.95225591204223,70.19997773749665,5792600,ORCL
2022-09-08,71.12417602539062,71.26709276634996,70.1332958288659,70.53345688831413,6897100,ORCL
2022-09-09,72.32467651367188,72.41995193118946,70.92410534211331,71.12418589961476,7762400,ORCL
2022-09-12,73.43941497802734,73.72524123374974,72.66766736876535,73.01066469087101,15628900,ORCL
2022-09-13,72.44852447509766,75.65935724110619,72.20080260629867,72.46757664852181,29476500,ORCL
2022-09-14,68.71367645263672,72.28655882762526,68.38020161573289,72.21033559238735,21601400,ORCL
2022-09-15,66.92247009277344,68.68509069814658,66.45561547459366,68.12296066571248,12478100,ORCL
2022-09-16,65.57906341552734,66.50325010553742,65.02645589194748,66.2936398539004,23412000,ORCL
2022-09-19,65.80773162841797,65.86489542242033,64.70252375310002,64.97882027014346,8364000,ORCL
2022-09-20,64.89306640625,65.22653394434563,64.26423567522924,65.04550559407352,8624300,ORCL
2022-09-21,63.59730529785156,65.62669983881348,63.58777557633127,65.46473091820687,6768200,ORCL
2022-09-22,62.911319732666016,63.77834278890163,62.73029134311161,63.69258982104212,7190700,ORCL
2022-09-23,61.501224517822266,62.3491881072214,60.853337855201616,62.26343514149248,9282500,ORCL
2022-09-26,60.45317077636719,61.85373820201795,60.39600334968849,61.291608195035096,6897800,ORCL
2022-09-27,59.47182083129883,61.35830606589003,59.10977134019675,61.129643611986,9284800,ORCL
2022-09-28,60.09111785888672,60.35789191514938,59.309847864525565,59.66237124380464,8549900,ORCL
2022-09-29,58.499996185302734,59.643315650286056,57.909277009267555,59.34795969679241,8882100,ORCL
2022-09-30,58.18557357788086,59.20503560969058,58.17604749181352,58.366598289348296,9794400,ORCL
2022-10-03,60.10064697265625,60.25308980819625,57.9378617446974,58.10936038899538,9661400,ORCL
2022-10-04,62.587371826171875,62.72075884900202,60.78663611439362,60.78663611439362,9892600,ORCL
2022-10-05,63.49250411987305,64.01652980038799,61.91091189431111,62.253901930864,9201600,ORCL
2022-10-06,62.215797424316406,63.65447289075816,62.13957418569684,63.19714799713698,6992000,ORCL
2022-10-07,60.30072784423828,61.56791187467951,59.7767058213473,61.44404729980991,7137900,ORCL
2022-10-10,59.61473083496094,60.881914813785365,59.09070883341519,60.60561104831667,6407200,ORCL
2022-10-11,59.7679557800293,60.428744235569305,59.04013097334206,59.23166131764434,7376900,ORCL
2022-10-12,61.0799560546875,61.55878920946732,59.538112711783356,59.969063281726605,9008600,ORCL
2022-10-13,62.43983840942383,62.92825025704969,59.63387957554708,59.83498861717799,10147100,ORCL
2022-10-14,61.587520599365234,63.790156125819365,61.49175542569645,62.93783365926267,8044500,ORCL
2022-10-17,64.18280029296875,64.70951974685799,63.081489754424794,63.09106115801191,11368300,ORCL
2022-10-18,64.1923828125,65.67676877506862,63.52201920087148,65.12132046462479,6688600,ORCL
2022-10-19,63.49329376220703,64.34561638806,62.99530307579349,63.675245434259566,5506000,ORCL
2022-10-20,66.31840515136719,66.96003995308256,64.34561449863581,64.6712176016858,17600500,ORCL
2022-10-21,69.6223373413086,69.7085311079582,67.33351546047565,68.0230363680162,15652600,ORCL
2022-10-24,69.8330307006836,70.5704379051358,68.74129161161181,69.84260941028307,11489400,ORCL
2022-10-25,70.04371643066406,70.97265396152687,69.53615443291372,70.34059066185816,9137700,ORCL
2022-10-26,71.6526107788086,72.51451213268679,69.47871093119751,69.53616858598409,10693600,ORCL
2022-10-27,71.9686279296875,72.66772027617839,71.3940295788474,71.58555992698929,7053000,ORCL
2022-10-28,74.08506774902344,74.39152068185274,72.11227745058568,72.11227745058568,8758100,ORCL
2022-10-31,74.76502227783203,75.01401761001523,73.16572099957914,73.26148618690638,12349000,ORCL
2022-11-01,73.84564971923828,75.87590492593975,73.1082425692397,75.27257047477471,7753000,ORCL
2022-11-02,71.93991088867188,74.15211818955413,71.83456698801885,73.4051394804986,7524300,ORCL
2022-11-03,71.85369873046875,72.48576197276883,70.91518988188314,71.55682452622017,6761200,ORCL
2022-11-04,72.78263854980469,73.42427321505966,71.09714382180276,72.72518091005469,7219000,ORCL
2022-11-07,73.49131774902344,73.8264995289209,72.29423474480758,72.88799054520798,5394300,ORCL
2022-11-08,72.4378890991211,73.87438876233436,71.8441332746835,73.69242980027451,9104200,ORCL
2022-11-09,72.45703125,73.29977491117631,71.82496802430757,72.18887856532184,6013700,ORCL
2022-11-10,73.9030990600586,75.14806804531248,73.46257348387685,74.41066097812858,10437300,ORCL
2022-11-11,74.448974609375,74.59262601275033,73.32850681459236,73.86479759368548,7712900,ORCL
2022-11-14,75.20553588867188,76.17278092986167,74.0563392127499,74.19999062384372,7153000,ORCL
2022-11-15,75.82801818847656,77.26451764344411,74.70755036714125,75.58860161264865,7618500,ORCL
2022-11-16,76.50798034667969,76.83359077408716,75.52158496596124,75.77058031557684,6011900,ORCL
2022-11-17,75.84718322753906,76.2111011705268,74.87994533144602,75.8184544018117,5717300,ORCL
2022-11-18,76.354736328125,77.05382862650825,75.51198531889946,76.61330301096487,6107000,ORCL
2022-11-21,76.4409408569336,76.70908631183309,75.55988941757364,76.20152422842824,5235400,ORCL
2022-11-22,78.64356231689453,78.72974878024664,76.45050552582525,76.50796316805999,8796200,ORCL
2022-11-23,79.0649185180664,79.40967893189394,78.31794005691117,78.6435503617097,6347900,ORCL
2022-11-25,79.21814727783203,79.95554701881032,79.04576707383004,79.3426412504506,2754900,ORCL
2022-11-28,77.94446563720703,78.66271541809277,77.63801268961903,78.63398659588367,5112200,ORCL
2022-11-29,77.42732238769531,78.0498069720683,77.11129074089473,77.8870054472611,4928200,ORCL
2022-11-30,79.51502990722656,79.65868131023447,76.61330225340507,77.06340657317004,9610300,ORCL
2022-12-01,80.54931640625,80.95153451533248,78.86382160280024,79.53419242435204,6127200,ORCL
2022-12-02,79.82148742675781,80.08006142836507,79.08408756486995,79.67783601546648,4798900,ORCL
2022-12-05,76.06744384765625,78.93086439068854,76.04829373412545,78.9212929871306,9102900,ORCL
2022-12-06,75.5694580078125,76.44093061952321,74.75543573478032,75.99082624918721,7656100,ORCL
2022-12-07,75.44495391845703,76.07701721682484,75.25342357093525,75.33961003539572,5105500,ORCL
2022-12-08,76.68034362792969,76.8144163311501,75.20553658609082,75.78013492938034,5918700,ORCL
2022-12-09,76.47924041748047,76.95807362454889,76.17278745721327,76.27813134728152,6850800,ORCL
2022-12-12,77.83911895751953,77.96362025784286,76.55584956881137,76.91018143855784,15807600,ORCL
2022-12-13,77.14959716796875,81.95708623374429,76.32600354006958,81.3441803673655,22812200,ORCL
2022-12-14,78.35625457763672,79.3809572028916,77.15917173007662,77.38900959101228,11183100,ORCL
2022-12-15,76.68034362792969,77.5997024384758,76.09616657543461,77.36986456244286,8196800,ORCL
2022-12-16,76.21109008789062,77.05383384780798,76.1153249139205,76.5750006715429,19200700,ORCL
2022-12-19,77.09214782714844,77.66674622544666,76.30686164464403,76.53669954268031,7738800,ORCL
2022-12-20,77.51350402832031,78.04021605081842,76.94847717490516,77.09212856519126,6390200,ORCL
2022-12-21,78.04981994628906,78.66272592331723,77.51352904299331,77.90616850964467,5932400,ORCL
2022-12-22,77.08256530761719,77.73377874188297,76.06744127724377,77.51351956485443,8181400,ORCL
2022-12-23,77.42732238769531,77.47520862742184,76.60372874801678,77.10171933808091,4129100,ORCL
2022-12-27,77.55181884765625,78.02107328074513,77.19747969247507,77.4560463741813,4290700,ORCL
2022-12-28,76.92935180664062,78.18389258535052,76.79527908096547,77.65717308704416,3794000,ORCL
2022-12-29,77.95403289794922,78.33710085277819,77.28366215039512,77.54223612513043,3867800,ORCL
2022-12-30,78.27964782714844,78.46160677733545,77.3411388666794,77.69547075104613,5375700,ORCL
2023-01-03,80.17581176757812,80.29072703021998,78.77762005626973,78.97872907230591,8997500,ORCL
2023-01-04,80.9036636352539,81.5644485069733,80.09922003060129,80.63551089609298,7836200,ORCL
2023-01-05,80.7408447265625,81.78470480985504,79.6969919496841,81.4016368223494,7643800,ORCL
2023-01-06,82.03370666503906,82.68491279759365,80.27159670401012,81.15264803131723,8641600,ORCL
2023-01-09,83.07185363769531,84.19652291224203,82.82193202144792,83.47557994130524,7519700,ORCL
2023-01-10,83.14875030517578,83.25448918706641,82.2547807888891,82.32206850156398,5703300,ORCL
2023-01-11,85.16741180419922,85.22509224035949,83.71591094667805,83.98506920319655,8359700,ORCL
2023-01-12,85.3404312133789,85.74415756322631,84.75406360982397,85.26352886089026,6071100,ORCL
2023-01-13,85.74415588378906,86.00369948490166,84.26382596334322,84.54258415148365,5090800,ORCL
2023-01-17,85.16741180419922,85.9748719061295,85.00399979167244,85.73455753459744,6550400,ORCL
2023-01-18,83.35061645507812,85.19622864126104,83.24487756936662,85.1673920967599,6397700,ORCL
2023-01-19,82.61045837402344,83.61977418351735,81.95680308767007,83.05263587158433,5597000,ORCL
2023-01-20,83.86969757080078,83.99465837686611,82.18749733299103,82.69696251731793,5567300,ORCL
2023-01-23,85.52305603027344,85.67685337188018,83.60054159042036,83.8120193522139,7390200,ORCL
2023-01-24,86.22476959228516,86.60927394656481,84.59063525385982,85.5999582671176,7004600,ORCL
2023-01-25,86.16710662841797,86.37858441480557,84.34071623139316,85.26352238978421,5896800,ORCL
2023-01-26,86.34976196289062,86.98418809179756,85.6384261409664,86.40743506538782,7302800,ORCL
2023-01-27,85.54230499267578,86.24402621195355,85.51346844037077,86.03254838329963,5676800,ORCL
2023-01-30,83.96582794189453,85.18662888167381,83.6197747096588,85.04243881260699,6255300,ORCL
2023-01-31,85.03282165527344,85.05205090860963,83.96582544326651,84.29265674567965,6200400,ORCL
2023-02-01,86.56121826171875,87.13797114472801,84.7925011088381,84.94630578900633,6141300,ORCL
2023-02-02,85.91717529296875,87.68589254800258,85.50383435840742,87.14759080394548,8269200,ORCL
2023-02-03,86.14789581298828,86.76309999788117,84.8501923808491,85.04244827226086,5671800,ORCL
2023-02-06,85.10010528564453,86.13826490157956,84.97514448020848,86.04214064095098,4097200,ORCL
2023-02-07,84.34073638916016,84.60988733295926,82.95653048764864,84.46570456579059,9226000,ORCL
2023-02-08,83.33140563964844,84.51374812459495,83.15837901577676,83.5621053602067,7624400,ORCL
2023-02-09,83.29295349121094,84.49452521689543,82.98535142278818,83.76396755421196,4960300,ORCL
2023-02-10,83.76396942138672,83.99466914439334,82.99496056628203,83.17760181947709,5318400,ORCL
2023-02-13,85.95561981201172,85.984456355524,83.82162758637521,83.8985299249484,5560900,ORCL
2023-02-14,85.63842010498047,85.94602952011815,84.31188750435375,85.55191045733208,7484800,ORCL
2023-02-15,84.91747283935547,85.75376939432098,84.61948540044428,85.40771615321881,4329900,ORCL
2023-02-16,84.32150268554688,84.850189870208,83.63901079230729,84.07157370101295,5942500,ORCL
2023-02-17,83.89855194091797,84.0427420301272,83.15838690590238,83.82164958216471,6398400,ORCL
2023-02-21,82.86038970947266,83.57172550670641,82.81233123699732,83.39869887140799,5260300,ORCL
2023-02-22,82.97574615478516,83.80242818200682,82.64892212876444,83.3217994375204,5840100,ORCL
2023-02-23,85.14818572998047,86.0133188920791,83.68707031536673,83.77358729848271,8637100,ORCL
2023-02-24,85.22508239746094,85.44616748680158,83.7639670803595,83.92737907401334,7659200,ORCL
2023-02-27,84.55220031738281,85.52307234821959,83.97544734214357,85.41733344714767,6748800,ORCL
2023-02-28,84.01390838623047,84.60027605784254,83.80243055924738,84.30228124081508,7468000,ORCL
2023-03-01,82.99495697021484,83.83125351386963,82.65851836086348,83.53326607898866,5119800,ORCL
2023-03-02,83.60054779052734,83.89853520398496,82.54316623695118,82.7258001352908,5293600,ORCL
2023-03-03,85.7922134399414,85.83066461173654,83.70628687328103,83.93698657024065,5498500,ORCL
2023-03-06,86.26322937011719,87.15719896616558,85.6960910746578,85.94602002995393,7424800,ORCL
2023-03-07,84.93670654296875,86.59007048510632,84.63871908844818,86.1094417732669,5382400,ORCL
2023-03-08,85.06166076660156,85.63841370928711,84.734836788144,84.97515112541393,5159200,ORCL
2023-03-09,83.50442504882812,86.16710456711034,83.17759375028089,84.9078598395045,10572300,ORCL
2023-03-10,80.81291198730469,81.94719605003003,79.66901329679521,81.13974332765548,16029300,ORCL
2023-03-13,81.63958740234375,82.21634034822002,78.8615542348395,80.09196247505862,10299800,ORCL
2023-03-14,81.283935546875,82.60086102189115,80.19771716268777,82.60086102189115,8732200,ORCL
2023-03-15,79.76514434814453,80.14003415716496,78.9384623759938,79.8612686238758,11463000,ORCL
2023-03-16,81.53385925292969,81.81262480250408,78.90001580820322,79.70746857209106,10148100,ORCL
2023-03-17,81.95680236816406,82.64890882220469,81.33198363416564,81.7068734078024,13065800,ORCL
2023-03-20,83.5909423828125,84.11963688481218,81.94719311361156,81.97602966211846,9177300,ORCL
2023-03-21,84.1869125366211,84.44644876977692,83.30255761810604,84.10039556969524,6683700,ORCL
2023-03-22,84.4945297241211,85.70571614168716,84.05235218553936,84.14847646195936,7233700,ORCL
2023-03-23,84.37916564941406,86.16710483591906,84.24459021247809,85.21546215078294,10747100,ORCL
2023-03-24,84.60025787353516,85.05204998246856,84.11962921872282,84.57142132765621,5852100,ORCL
2023-03-27,86.64773559570312,86.99378882303004,85.11933995318547,85.18662767328729,8170100,ORCL
2023-03-28,86.36898803710938,87.35908212456728,86.01332744286506,86.72465596516666,6378900,ORCL
2023-03-29,87.10913848876953,87.14758966052786,86.33051509483288,86.63811713508836,5233600,ORCL
2023-03-30,87.00341033935547,87.64745104473108,86.23440147688677,87.33023433892684,5640700,ORCL
2023-03-31,89.32003784179688,89.39694019562845,86.9072869942811,87.05146974045014,10476300,ORCL
2023-04-03,90.28130340576172,90.35820576652915,88.5222004057238,88.80096596314615,8410900,ORCL
2023-04-04,90.35820007324219,90.37742199531652,89.32965489767585,90.21400998934158,6651500,ORCL
2023-04-05,91.21371459960938,91.42519240217926,89.85834547175729,89.99292092179049,7478800,ORCL
2023-04-06,92.20380401611328,92.35760871361764,90.34857702188384,90.67540833717479,9146200,ORCL
2023-04-10,90.50491333007812,91.80804357871592,90.30220483491428,91.39297169875483,8681500,ORCL
2023-04-11,90.70763397216797,90.8620754043694,89.96436202584384,90.21533763826066,8196000,ORCL
2023-04-12,90.64004516601562,92.01074480475195,90.35045741607532,91.10337672849323,8040300,ORCL
2023-04-13,92.23277282714844,92.42582643786736,90.67866695793472,90.91033276370204,6240200,ORCL
2023-04-14,92.38721466064453,92.65749266268263,91.3929745683516,92.18450615911597,6485100,ORCL
2023-04-17,92.27137756347656,92.65749214904339,92.00109956293673,92.31964464836861,4772400,ORCL
2023-04-18,93.12083435058594,93.38145747027141,92.44513196130504,92.6671502491673,7219400,ORCL
2023-04-19,92.4837417602539,93.12083193667328,92.27137836811411,92.27137836811411,4766200,ORCL
2023-04-20,91.53775787353516,92.81193071045259,91.31573961780849,92.66713683624148,5815500,ORCL
2023-04-21,91.8466567993164,92.00109821256237,90.9875557254146,91.71151780103004,7335800,ORCL
2023-04-24,92.12657928466797,92.74435959695143,91.67289525684556,92.03004512719936,4901700,ORCL
2023-04-25,90.79449462890625,92.37755777625628,90.75588243451685,91.83700178385082,5768800,ORCL
2023-04-26,90.45663452148438,91.51844394331638,90.09947729657237,90.49524671049016,6395500,ORCL
2023-04-27,91.74046325683594,91.7887229702634,90.0512186319105,91.03580368719159,5615700,ORCL
2023-04-28,91.43157196044922,92.08796444392205,90.96823305731228,90.99719035791045,8498500,ORCL
2023-05-01,91.57637786865234,92.40652162938565,91.41227420281585,91.50880837019838,5459800,ORCL
2023-05-02,91.50880432128906,91.9335237079834,90.5917813233908,91.63428842300196,5995100,ORCL
2023-05-03,91.48949432373047,92.107274670645,91.2578285347682,91.76942719413277,6744800,ORCL
2023-05-04,91.67292022705078,91.81771413817096,91.13236414769467,91.68257511833193,5038200,ORCL
2023-05-05,93.60346221923828,93.93165479392941,91.53775788288128,91.70185417022684,8068600,ORCL
2023-05-08,93.42972564697266,93.9027121698217,93.09187813065192,93.70965855035942,5314800,ORCL
2023-05-09,92.80227661132812,93.52623862402177,92.76366442024177,92.86019121569645,6333500,ORCL
2023-05-10,94.13436889648438,94.28881766875946,92.91811795517069,93.429716625417,5935300,ORCL
2023-05-11,94.05714416503906,94.2405428614291,92.99532735399158,94.15367095753733,5144500,ORCL
2023-05-12,94.45291137695312,94.52048087184069,93.56485305428149,94.22124558941326,4994700,ORCL
2023-05-15,93.88339233398438,94.55908724125327,93.6806838618037,94.47221533797105,4443700,ORCL
2023-05-16,94.83903503417969,95.41820324087307,93.5552071435851,93.7965278434176,6896500,ORCL
2023-05-17,96.3062515258789,96.91438433883003,95.01277624570689,95.35062371705611,9436000,ORCL
2023-05-18,98.78702545166016,98.90286202392002,96.2676444445788,96.30624927080973,10005700,ORCL
2023-05-19,99.26968383789062,99.49170213172091,98.38162539161674,98.83530950523073,8560300,ORCL
2023-05-22,98.23683166503906,99.52065961336605,98.19822683211035,98.92218896416372,5890500,ORCL
2023-05-23,95.11897277832031,97.90863962142276,95.05140327350385,97.5611372067885,10047300,ORCL
2023-05-24,94.90660095214844,95.44715694271596,93.91236088470187,94.54944367865316,6815900,ORCL
2023-05-25,100.6693344116211,101.02649166449191,95.34096974406252,95.75604160271465,16729600,ORCL
2023-05-26,100.46663665771484,102.54199617264482,100.41836957139327,100.72725977609052,13994100,ORCL
2023-05-30,101.4994888305664,102.30067532945344,100.57281821774853,101.25816812833706,10296700,ORCL
2023-05-31,102.2620620727539,102.79296319343825,100.53420497896929,100.84309518003829,13713500,ORCL
2023-06-01,102.31031036376953,102.90878828345708,101.14231919132521,101.23884598752709,7835900,ORCL
2023-06-02,102.21377563476562,103.06322168574812,102.07863665766665,102.82190103171108,8652400,ORCL
2023-06-05,103.21768188476562,103.8644195418142,101.86628459940191,102.21378696891037,7442000,ORCL
2023-06-06,103.38176727294922,103.7582269061113,102.46475172848199,103.10183442901707,7023000,ORCL
2023-06-07,101.59601593017578,104.60770095387117,101.2002464424124,103.42039985510448,9842500,ORCL
2023-06-08,103.74859619140625,104.04783149585687,101.69253916153474,102.00142935582919,9526700,ORCL
2023-06-09,106.03630065917969,106.32588840826243,103.68101593376146,103.96094142947976,12597100,ORCL
2023-06-12,112.38786315917969,113.43037022507413,110.37041852066974,110.37041852066974,39081500,ORCL
2023-06-13,112.62918853759766,119.68540289380994,111.99209840474886,119.03866523617694,39190900,ORCL
2023-06-14,118.02510833740234,118.25678147971011,111.72181370642696,112.45543059469031,26264200,ORCL
2023-06-15,122.15652465820312,123.1121524380592,117.43629299786978,117.71621849098659,27476700,ORCL
2023-06-16,121.1043701171875,122.97702096532056,120.80513482828809,122.72604539408599,19514700,ORCL
2023-06-20,117.80310821533203,120.90166497280856,117.7258838275046,120.12943582358024,16273000,ORCL
2023-06-21,117.86101531982422,119.07727357483759,116.18142549639217,117.71622144299745,17583000,ORCL
2023-06-22,116.393798828125,118.33401190427081,115.90150255059223,117.38803890848814,12203400,ORCL
2023-06-23,114.5211410522461,115.73739933875761,114.03849969333929,115.43815668835997,19734300,ORCL
2023-06-26,112.72571563720703,115.2837163356738,112.6484912515914,113.89370685268328,8987000,ORCL
2023-06-27,113.74891662597656,114.34739458694506,112.22377546593412,112.52301076415688,6970400,ORCL
2023-06-28,112.4843978881836,114.50184266898414,112.34925889209433,112.725718576132,9240500,ORCL
2023-06-29,113.69100952148438,113.71031930204472,110.65036716129495,111.63495976321553,9234300,ORCL
2023-06-30,114.95551300048828,117.50386609924823,114.89759839524005,115.67947502418124,13703100,ORCL
2023-07-03,113.0828857421875,114.14469538918215,112.77399552916135,113.91302957054344,4284700,ORCL
2023-07-05,111.93419647216797,112.94774639300074,111.40329533253656,112.47475250219954,8466500,ORCL
2023-07-06,111.44190216064453,111.78940457603703,110.66002540827324,110.68898271546867,7982800,ORCL
2023-07-07,110.63104248046875,111.95348233081621,110.51520591398949,110.85305336056818,7001600,ORCL
2023-07-10,110.40904235839844,111.03647764190158,109.71404493901188,110.31251555274946,6931000,ORCL
2023-07-11,111.28083801269531,111.39708110568579,109.87626907664026,110.62214193315134,6117100,ORCL
2023-07-12,112.3851318359375,114.39027918410434,112.0170397599305,112.046098688251,11011600,ORCL
2023-07-13,113.77031707763672,114.86491918199872,113.10193963545515,113.42159519894744,9359600,ORCL
2023-07-14,115.5333023071289,116.2113759447639,113.99312009246441,114.47745523776034,7723800,ORCL
2023-07-17,115.16520690917969,116.21137256629328,114.54525853245333,115.12645921183834,6735900,ORCL
2023-07-18,116.98631286621094,117.49002557798381,114.1190495673368,115.05866097281826,8903600,ORCL
2023-07-19,114.97148132324219,117.55782927420402,114.70993620124455,117.0347464205767,7609000,ORCL
2023-07-20,112.24950408935547,115.3201943487439,111.61987434935885,113.80906375779679,12913000,ORCL
2023-07-21,113.96405792236328,115.53329901862023,112.56917037869701,112.84039686988376,9159600,ORCL
2023-07-24,114.37090301513672,114.82617924253549,113.07288834928045,114.24497853557943,6200400,ORCL
2023-07-25,114.25465393066406,114.79711430038373,113.15037042820151,114.28372024630154,6266300,ORCL
2023-07-26,111.88140869140625,113.93499218679368,111.39707358884606,113.7412537115493,8160000,ORCL
2023-07-27,112.75322723388672,113.91562866697468,112.01703571806804,113.86719958497739,7843000,ORCL
2023-07-28,112.35607147216797,113.62503465210865,112.02672710158542,113.02445637647382,6910400,ORCL
2023-07-31,113.55721282958984,113.56689421069873,112.20107304725161,112.78227369957736,6703100,ORCL
2023-08-01,114.21591186523438,114.34183633625432,112.83071312254533,113.25692300388756,5246000,ORCL
2023-08-02,112.08483123779297,113.31504656642798,110.73838021158873,113.25692132727602,6387800,ORCL
2023-08-03,110.961181640625,112.53042273766755,110.68026637736449,111.62955909699336,5193800,ORCL
2023-08-04,110.85462951660156,112.7532223838408,110.68026857010165,111.72642685873339,5579300,ORCL
2023-08-07,112.46261596679688,112.73384245776238,111.46488677915909,111.8523563621245,7347000,ORCL
2023-08-08,111.619873046875,111.98796507107889,110.64151405235246,111.4358233395894,4694800,ORCL
2023-08-09,109.55661010742188,112.08484019677813,108.81073722372108,111.72642952310126,6542400,ORCL
2023-08-10,109.45006561279297,111.48427195959228,108.95604903353207,110.21531610994658,6004100,ORCL
2023-08-11,109.51786041259766,109.9247075502975,107.6483264608658,108.86885309322972,5288900,ORCL
2023-08-14,111.94923400878906,112.18171282754558,109.60505349454239,109.63411242309091,6494200,ORCL
2023-08-15,113.61532592773438,114.3611987121353,111.24207956027027,111.83296895936853,10412200,ORCL
2023-08-16,111.7264175415039,114.11903412269278,111.65861092298454,113.48940440374172,5722000,ORCL
2023-08-17,111.28083801269531,113.12131300468887,110.7771327238053,112.11389503654115,6183900,ORCL
2023-08-18,112.81133270263672,113.32472673572342,110.379968386128,110.91273996218058,9412800,ORCL
2023-08-21,112.937255859375,113.67344728581935,111.58112348219751,113.23754864892189,5811200,ORCL
2023-08-22,112.88883972167969,113.99312329272682,112.10421912919041,113.82845111239145,4960300,ORCL
2023-08-23,114.14810943603516,116.67633961727398,108.59763252071271,113.43129545299843,16517300,ORCL
2023-08-24,109.37255859375,115.97888922910926,108.8882234815085,115.93045276173818,11995900,ORCL
2023-08-25,112.42385864257812,112.51104280170435,109.20787394297581,109.37255349013269,8758100,ORCL
2023-08-28,113.17943572998047,114.02218156212628,112.0751521653028,112.72416689115595,4514800,ORCL
2023-08-29,116.87007141113281,117.41252440603704,114.81648774556034,117.16066806253103,11920500,ORCL
2023-08-30,117.32534790039062,117.92591874889665,116.38573653891376,116.93787830725809,5601800,ORCL
2023-08-31,116.61821746826172,118.15840709673847,116.35667973758268,117.20910694574657,9109800,ORCL
2023-09-01,117.14129638671875,117.8774878633585,116.32760951456582,117.21879178223192,6189900,ORCL
2023-09-05,120.09574890136719,120.38634556163647,117.38346906331246,118.6039957294739,11089600,ORCL
2023-09-06,120.43476867675781,120.67693622864205,118.88489782277212,119.20455337458024,8728500,ORCL
2023-09-07,121.17095947265625,122.01370526075617,118.74928381872643,119.9504402641403,11864400,ORCL
2023-09-08,122.36243438720703,122.7208450657307,120.45415267652491,120.8900587542485,10595500,ORCL
2023-09-11,122.7402114868164,123.42796650546748,120.81255968015392,123.04049691162197,22155600,ORCL
2023-09-12,106.17594146728516,109.75033687875538,103.93831566484849,108.5685580494689,68605700,ORCL
2023-09-13,108.33607482910156,109.40161799295235,104.81011578790624,104.92635887588106,27171000,ORCL
2023-09-14,110.09906005859375,111.53268783655155,108.44262748931146,109.9440692769944,19849700,ORCL
2023-09-15,110.34123992919922,111.59081814108707,108.97541122776786,110.61246643690723,23215000,ORCL
2023-09-18,108.69448852539062,110.88368537298112,108.08422892471887,109.86657864816067,11744100,ORCL
2023-09-19,109.23694610595703,110.17655747620509,108.21015795638347,108.95603822344069,9536100,ORCL
2023-09-20,109.33381652832031,111.10647751373223,108.9366581684534,109.27569128640828,8777100,ORCL
2023-09-21,106.00157928466797,108.97539647508448,105.90471374365241,108.01641505540651,12645800,ORCL
2023-09-22,105.6141128540039,107.13492480306725,105.11040759160463,106.54403537791838,11150000,ORCL
2023-09-25,104.90699005126953,105.24602315752931,104.1320509023608,105.0522846751184,8410000,ORCL
2023-09-26,101.5941390991211,104.03519241044194,101.04199731995509,103.78333606141436,13209000,ORCL
2023-09-27,101.34229278564453,101.98161136171804,100.11207732550432,101.71038485124029,8916400,ORCL
2023-09-28,102.8243408203125,103.26023944404332,100.03456597926099,100.77075738346814,7373600,ORCL
2023-09-29,102.60154724121094,104.00612348501969,102.07846443907188,103.75426716020445,7299100,ORCL
2023-10-02,103.3667984008789,103.38617594390549,101.99128846068301,102.49499372386485,5963500,ORCL
2023-10-03,101.24540710449219,103.16337737218737,100.29611443723168,103.08588198169384,8783300,ORCL
2023-10-04,103.7252197265625,103.93832837960069,101.22604852517136,101.67163598590211,8842700,ORCL
2023-10-05,104.95541381835938,105.04259797862463,102.86309004676515,103.61865161401771,7651500,ORCL
2023-10-06,106.51497650146484,107.06711823123516,104.20954403845964,104.54857713737698,8247000,ORCL
2023-10-09,106.86371612548828,107.49335335114826,106.04034777979533,107.28024468489086,6012400,ORCL
2023-10-10,106.2728042602539,107.58050752148033,106.18562749167673,106.75713934888347,6910400,ORCL
2023-10-11,106.5936508178711,107.00197933313856,105.806159050225,106.46726553954879,5641700,ORCL
2023-10-12,106.07837677001953,107.8380835054176,105.8547640615722,106.8950337906203,6598500,ORCL
2023-10-13,105.24225616455078,106.46724893673598,104.79503822936806,106.15614048541711,5879400,ORCL
2023-10-16,105.68949127197266,106.5450377977546,105.30060379028568,105.92282079402014,5488000,ORCL
2023-10-17,106.01030731201172,106.7394684438573,103.92976814253852,104.59087453210827,5261800,ORCL
2023-10-18,105.24225616455078,106.6811373877822,104.86309297129998,105.38808987366507,5123900,ORCL
2023-10-19,105.32976531982422,107.15753419374202,105.18393900959589,105.61170854861817,7989200,ORCL
2023-10-20,99.02008819580078,104.0658860081105,97.86315748393744,104.01727229510809,21831400,ORCL
2023-10-23,100.7798080444336,101.78118828364232,99.17565184940655,99.2048171119215,10722600,ORCL
2023-10-24,100.33258056640625,101.55757348874704,99.65203306366774,101.06174178394528,6174000,ORCL
2023-10-25,98.61177062988281,100.78953021668029,98.20344209812303,99.84648045232176,7081700,ORCL
2023-10-26,97.61038208007812,99.54508774610359,97.0951093453879,98.86454025074129,7565600,ORCL
2023-10-27,98.18399810791016,99.2534332043194,97.79511059537616,98.19372233551191,5207900,ORCL
2023-10-30,98.82565307617188,99.56453852944105,98.0187128717734,98.32982136513755,5433700,ORCL
2023-10-31,100.52703094482422,100.64369199589505,98.29093351208502,99.17565270890124,6258400,ORCL
2023-11-01,102.81172943115234,103.24922318517145,100.91591327385449,100.91591327385449,8602400,ORCL
2023-11-02,103.9006118774414,104.24088561827385,102.6367295058795,103.49227597103123,5918300,ORCL
2023-11-03,105.04783630371094,106.03949236446874,103.65756852277987,104.19228233549983,7280000,ORCL
2023-11-06,106.07837677001953,106.17559678427034,104.45477953805492,105.05754807685693,6062800,ORCL
2023-11-07,105.96170043945312,107.31307856427013,105.56309618538023,106.9339153446401,7412600,ORCL
2023-11-08,109.20890808105469,109.432513367785,106.15615370440621,106.19504319284006,10994900,ORCL
2023-11-09,109.06307983398438,110.16168012215019,108.50891757642648,109.2769683224123,6853900,ORCL
2023-11-10,109.92833709716797,110.03528132824835,108.05196206650002,108.97556324320037,5233900,ORCL
2023-11-13,110.97832489013672,111.30887437365406,109.64638789602209,109.92833108823952,5740500,ORCL
2023-11-14,112.87415313720703,113.22415110926875,111.26999700149274,111.66860868755633,6733700,ORCL
2023-11-15,110.8908462524414,113.07833011539537,110.76446096618356,112.92277956441743,7386200,ORCL
2023-11-16,111.48388671875,112.65054911110595,110.3172317438055,110.59917496985622,7476100,ORCL
2023-11-17,112.15471649169922,112.42693548913259,110.98806152629581,111.42555528396925,4791300,ORCL
2023-11-20,113.6713638305664,113.89497652024907,112.3005446846168,112.4366541766285,5728300,ORCL
2023-11-21,112.8547134399414,114.40053165369679,112.46582597555022,113.95331366574092,5995300,ORCL
2023-11-22,113.01026153564453,114.03109018045785,112.3005487895571,113.45747951394608,4343700,ORCL
2023-11-24,113.01998901367188,113.35053853946187,112.13526984039012,113.25331852701842,2168200,ORCL
2023-11-27,113.23387908935547,113.52553913080145,112.24221566316898,112.78666109187569,5165300,ORCL
2023-11-28,113.01026153564453,113.55470694100356,112.65054675821246,112.77693202901139,4892600,ORCL
2023-11-29,112.9811019897461,114.31303918325132,112.73804824462985,114.07970224740333,6127200,ORCL
2023-11-30,112.9811019897461,113.9727654235709,111.97972174665303,113.61304321053066,11075600,ORCL
2023-12-01,113.90469360351562,114.0894093782852,112.0574839339461,112.84497557654883,5739800,ORCL
2023-12-04,112.56304168701172,113.4380365941113,111.36722149515157,113.03942491855048,5587500,ORCL
2023-12-05,111.3477783203125,112.06721531473084,110.64778236145723,111.38666780885018,5913600,ORCL
2023-12-06,108.917236328125,111.79499160195725,108.82001631958286,111.74638530639179,7815700,ORCL
2023-12-07,109.73390197753906,109.88945250950941,108.70334910641395,109.2866839991838,6772800,ORCL
2023-12-08,110.45333099365234,110.48249625270773,108.48945281993468,108.8977886989423,7766000,ORCL
2023-12-11,111.93110656738281,112.1449950470748,110.45334308005606,110.60889361784288,19544200,ORCL
2023-12-12,98.00899505615234,102.03396469744898,97.89233399939201,99.8464808742481,57666500,ORCL
2023-12-13,100.12842559814453,100.23536984669093,96.50206762714707,98.27149871571649,29392200,ORCL
2023-12-14,97.52288818359375,99.40898773273038,97.09511861029559,99.0395486881974,22865200,ORCL
2023-12-15,100.44925689697266,101.10063918880071,96.59928625699116,96.9201189980093,30212300,ORCL
2023-12-18,102.08255767822266,103.21033044721531,100.05063223336558,100.53673965088092,13473100,ORCL
2023-12-19,103.29783630371094,103.38533208704608,101.88812762229539,102.06312660637695,10108500,ORCL
2023-12-20,101.25618743896484,103.14227937787727,101.15896742849081,103.00616987973137,9242000,ORCL
2023-12-21,102.91866302490234,102.98671776665486,101.615891288969,101.79089025596271,8168000,ORCL
2023-12-22,103.24922180175781,103.53116501937004,102.52978483598838,102.76311434051148,5680000,ORCL
2023-12-26,103.239501953125,103.68671991421371,102.41311335941073,103.56032723086818,5767400,ORCL
2023-12-27,102.9964599609375,103.3756232193387,102.62701351204576,103.36589899241739,5627400,ORCL
2023-12-28,103.29783630371094,103.64783427187406,102.64645408084506,103.06450679740595,5689100,ORCL
2023-12-29,102.50062561035156,103.9492238532842,101.86868439004029,103.63811535646488,6899700,ORCL
2024-01-02,101.1686782836914,101.77145418101587,99.59369492142861,101.61589623948275,9597500,ORCL
2024-01-03,99.6131362915039,100.50757220610438,98.91314038706496,100.42980065248634,9455600,ORCL
2024-01-04,99.7395248413086,100.488134481649,99.55480905079479,99.91452382318197,6822300,ORCL
2024-01-05,99.87564849853516,100.83813925513137,99.44787153230942,99.68120105142724,6133800,ORCL
2024-01-08,101.75202178955078,101.85895861167407,99.29231169766139,100.07981086309158,7038700,ORCL
2024-01-09,100.75062561035156,101.57701419446389,100.42007611063536,100.96451407130247,6725200,ORCL
2024-01-10,101.42405700683594,101.57045580956803,100.25288147728406,100.61399008505047,7270500,ORCL
2024-01-11,102.25364685058594,102.32196530342114,101.05319297274539,101.84373613357467,6119000,ORCL
2024-01-12,104.0396957397461,104.13729246555208,102.44884751526516,102.57572251419765,9703800,ORCL
2024-01-16,104.01041412353516,104.09825638624415,102.88803319745946,103.8542608564952,7547200,ORCL
2024-01-17,103.873779296875,104.91807988720853,103.14179269301074,103.90305756964511,7771500,ORCL
2024-01-18,106.08924865722656,106.26492572871041,104.0592115987105,104.42032020120618,10362300,ORCL
2024-01-19,107.03594970703125,107.5727428133462,106.40155988488235,106.69435747853633,11163800,ORCL
2024-01-22,107.45563507080078,108.03146842118744,106.6455680853151,107.41659489059211,7485300,ORCL
2024-01-23,109.14408111572266,109.97366441974394,106.92859755684005,107.64106777323403,9185900,ORCL
2024-01-24,111.56451416015625,112.64785491298824,110.6080558489234,110.69589066588955,11702700,ORCL
2024-01-25,112.23794555664062,113.3896047741114,111.60355567948123,112.13058692606815,8877200,ORCL
2024-01-26,111.88658142089844,112.7064102134657,111.52546538241437,111.88658142089844,5541800,ORCL
2024-01-29,111.01795959472656,111.83778095296533,110.29573495349447,111.44739408493861,7014400,ORCL
2024-01-30,111.41812133789062,111.65235495954899,109.92486245366803,110.63733267082597,8231900,ORCL
2024-01-31,109.01720428466797,111.52547813781774,108.98792601125483,111.07652723779263,7386700,ORCL
2024-02-01,112.75520324707031,112.99919875567944,109.84678095429452,110.19813508238383,7882200,ORCL
2024-02-02,113.00897216796875,113.6921566831781,112.39410610428034,113.03825044059876,6499400,ORCL
2024-02-05,113.59456634521484,113.91664225455726,112.01347251893195,112.75522106725452,8084500,ORCL
2024-02-06,112.53075408935547,114.14111881181668,112.21844007362411,113.93616343706987,4637500,ORCL
2024-02-07,114.45341491699219,114.76572888385024,112.53073647967521,113.01872751827545,7672900,ORCL
2024-02-08,113.87759399414062,114.96093474241157,113.18464758287632,114.27774279111176,4472800,ORCL
2024-02-09,113.83855438232422,114.52173889087113,112.95041452121323,114.24846508745237,5787100,ORCL
2024-02-12,113.05776977539062,114.28750938120801,112.60881887558652,113.46768794143172,5439600,ORCL
2024-02-13,110.94965362548828,111.46692298533225,110.28598545059434,111.05701226011473,8171700,ORCL
2024-02-14,111.51571655273438,111.96466742407611,110.80324634520461,111.5742730958195,5946100,ORCL
2024-02-15,110.07125854492188,111.56450994616516,109.86630320025637,111.50595340373285,8455600,ORCL
2024-02-16,108.63656616210938,110.39333693664246,108.57800961834246,110.30549467483952,8936000,ORCL
2024-02-20,105.84526062011719,108.10953889810051,105.0937576449638,107.88506717465266,10975600,ORCL
2024-02-21,105.5622329711914,105.77694278953086,103.95186093365172,104.19585647127431,7865300,ORCL
2024-02-22,108.3437728881836,109.20263443878098,107.02619856816803,108.8122401171813,8957800,ORCL
2024-02-23,109.26119995117188,110.64710027894021,109.02696631744253,109.3100020376856,7504500,ORCL
2024-02-26,108.30472564697266,109.83701711622827,108.26568547274394,109.30998593336844,6342900,ORCL
2024-02-27,108.70487976074219,108.83176219477824,107.15307185095058,107.96313875228755,6593100,ORCL
2024-02-28,108.99768829345703,109.32951865482032,108.43161685167532,108.58777757195426,5278300,ORCL
2024-02-29,108.99768829345703,109.73943682247607,107.98266595010281,108.99768829345703,12193900,ORCL
2024-03-01,111.04724884033203,111.2034095598983,108.84152707645264,108.9976877960189,7605100,ORCL
2024-03-04,111.32052612304688,111.84755739878007,110.66661984332636,110.85205884205281,6588100,ORCL
2024-03-05,108.27545928955078,110.48117352999137,107.71914977635609,110.1103030032458,8242000,ORCL
2024-03-06,109.5735092163086,110.3347815238446,108.01193931524621,108.82200626103729,6706400,ORCL
2024-03-07,111.78899383544922,112.04275127365378,109.59303404743369,111.20340604787562,7670100,ORCL
2024-03-08,109.71989440917969,111.58402359919134,108.86103293170228,111.33026619483259,8312900,ORCL
2024-03-11,111.38883209228516,111.99394366240493,108.50968793519843,108.92936052737859,20438300,ORCL
2024-03-12,124.47675323486328,126.26279475145503,121.6073635862682,123.22749738534364,48536100,ORCL
2024-03-13,122.50526428222656,125.70649167778461,121.83184172757794,124.92570305522857,15870300,ORCL
2024-03-14,122.51502990722656,124.73051340945338,121.93920405137747,124.17420391899223,10965900,ORCL
2024-03-15,122.5248031616211,122.98351597532515,120.59235517852066,121.06082989889906,17844900,ORCL
2024-03-18,124.73051452636719,125.85288797695769,123.83260534128135,124.14491931335176,12231400,ORCL
2024-03-19,126.0871353149414,126.10665912762809,123.45197906369938,124.68171864761233,10221000,ORCL
2024-03-20,126.13592529296875,127.5510962846489,125.1892215146625,126.85814247769015,8373300,ORCL
2024-03-21,125.91144561767578,129.58114785226766,125.85288907432464,127.38518812276966,17842400,ORCL
2024-03-22,124.72074890136719,126.10664909187035,124.48651529083729,125.91144076514969,6660000,ORCL
2024-03-25,123.05181884765625,124.60362673548231,123.02254057749381,124.60362673548231,7446100,ORCL
2024-03-26,123.43245697021484,123.89116974708236,122.81758348371052,123.70573076592677,7063900,ORCL
2024-03-27,122.26127624511719,124.75003361632696,121.48049502096602,124.27180446499601,8115900,ORCL
2024-03-28,122.59310913085938,123.13965671051157,122.19295290564808,122.37839188280964,6587400,ORCL
2024-04-01,122.46623229980469,123.23725157543878,121.56832314454142,122.52478884070038,4133600,ORCL
2024-04-02,121.3536148071289,121.9294481374278,120.46547493836134,121.51953742876586,4862400,ORCL
2024-04-03,123.2079849243164,123.37390754942216,121.08034353267956,121.2755444309943,7430000,ORCL
2024-04-04,121.20721435546875,124.91594171398131,121.05105365179132,124.53530930645783,7588300,ORCL
2024-04-05,121.9001693725586,122.97374822497466,121.15842086977091,121.43169467444197,4899500,ORCL
2024-04-08,121.36337280273438,122.11488319055174,120.78754693714284,121.99776265778536,6119200,ORCL
2024-04-09,120.65841674804688,122.1466938187171,118.70993905930077,121.75503959900928,5564100,ORCL
2024-04-10,119.20928955078125,120.51153656007298,118.78826260304717,118.8176353600687,4509900,ORCL
2024-04-11,120.66818237304688,121.23608052250783,118.82741756155251,119.17990555292955,7315200,ORCL
2024-04-12,118.5826416015625,119.29740356418475,117.90703833344983,119.19949188754661,6196900,ORCL
2024-04-15,117.37831115722656,119.91426626679994,116.94749826821138,119.63031716370902,5101500,ORCL
2024-04-16,118.10286712646484,118.9057548133855,117.2510198669758,117.58392105585857,7000000,ORCL
2024-04-17,116.19357299804688,118.51411813489356,116.13482747844012,118.4553726152868,5366600,ORCL
2024-04-18,113.57927703857422,116.28168261838437,113.28553454091889,116.28168261838437,6662400,ORCL
2024-04-19,112.48265838623047,114.33321688883075,112.07142482347102,113.6967871955909,8251500,ORCL
2024-04-22,112.13995361328125,113.91217961890612,111.95391619781977,113.60865117909601,7125500,ORCL
2024-04-23,112.68826293945312,113.44219852621632,112.35536174958615,112.76659526772136,5494800,ORCL
2024-04-24,112.93303680419922,113.31490500633134,111.50350554378699,112.97220296519178,5791800,ORCL
2024-04-25,112.49244689941406,112.59035858102126,110.42647829571774,111.25873879465256,6796600,ORCL
2024-04-26,114.76403045654297,116.72229393837839,113.72615320162855,114.59757985343072,8355100,ORCL
2024-04-29,114.0590591430664,114.8619469051439,112.8841039932593,114.54862503384982,4994100,ORCL
2024-04-30,111.376220703125,113.10928036696636,111.31747519694842,112.68825347561103,6234700,ORCL
2024-05-01,112.23787689208984,114.32343243204282,111.2783318998734,111.53290826258063,5583600,ORCL
2024-05-02,112.56097412109375,113.39323453350217,111.87558495091781,112.82534385114853,5001000,ORCL
2024-05-03,113.38345336914062,113.78489347995027,112.6686839442797,113.55969737320345,4485000,ORCL
2024-05-06,115.87044525146484,115.89003206935152,113.75552460082147,113.90239585424251,6052400,ORCL
2024-05-07,115.46900939941406,116.64396452989212,114.84236566713476,115.5375483241889,6437700,ORCL
2024-05-08,114.94027709960938,115.51796872446856,114.66612140110638,115.25359896506745,4636000,ORCL
2024-05-09,114.20591735839844,115.27317476288658,114.06883952225233,114.94026611068762,3236200,ORCL
2024-05-10,114.23529815673828,115.175263729431,113.49116341388718,114.7052846781758,4122500,ORCL
2024-05-13,113.94156646728516,114.74445421778589,113.77510838948011,114.68570123201482,4140000,ORCL
2024-05-14,118.34766387939453,119.99260560948683,113.70657374830883,114.06885520517908,17811200,ORCL
2024-05-15,119.09178924560547,119.54218894352744,117.17269195743187,117.66225782084908,6604600,ORCL
2024-05-16,119.6107406616211,119.89468230128561,118.68056099760146,119.39533047689692,5159300,ORCL
2024-05-17,120.92276763916016,121.00109996974585,119.53240238708399,120.60944578699959,6179400,ORCL
2024-05-20,121.92147827148438,122.07814293209422,120.66819086733426,121.21650970928657,5989000,ORCL
2024-05-21,122.02919006347656,122.743959543966,121.33400740173072,121.86273945506895,5549500,ORCL
2024-05-22,121.99980163574219,122.54812043739727,120.72693497765283,122.02917438990232,5705000,ORCL
2024-05-23,121.50045013427734,124.05598449133352,120.58986481665573,123.90912071118944,6108600,ORCL
2024-05-24,120.3450927734375,120.93257035769116,118.88618101715188,120.84444461145259,7173400,ORCL
2024-05-28,121.89212036132812,122.21523566055397,120.44300942509969,120.66820556442697,6911400,ORCL
2024-05-29,121.15775299072266,121.3339969933834,120.207994058061,120.42340422466657,4735100,ORCL
2024-05-30,114.64653015136719,118.90575913337332,114.5877846382964,117.66225765870514,10839600,ORCL
2024-05-31,114.74444580078125,114.96964190747315,112.15953872194515,114.1569608072605,12755600,ORCL
2024-06-03,116.79081726074219,116.8397768293211,114.89129954663741,115.0773369430196,7256300,ORCL
2024-06-04,117.56433868408203,117.85808117157063,116.24251243074684,116.53624744805369,7368000,ORCL
2024-06-05,120.0709228515625,120.22758751599531,117.99516833910438,119.11137792754984,5973700,ORCL
2024-06-06,120.92276763916016,121.67669577804641,119.69885298694194,120.31570328239432,7347200,ORCL
2024-06-07,123.29225158691406,123.58599406048478,120.69755130431076,121.61793741599637,11545000,ORCL
2024-06-10,121.90190124511719,124.30077101247026,121.46129495158127,123.10623656839495,10164700,ORCL
2024-06-11,121.29483032226562,122.22500990415645,119.73801453042361,121.46128838588061,18373900,ORCL
2024-06-12,137.45053100585938,138.0184292598122,131.16450645332554,131.87926850555667,40871300,ORCL
2024-06-13,136.93157958984375,139.4283535704439,135.87411551953988,137.49946285058846,13733200,ORCL
2024-06-14,135.24746704101562,137.04906579050945,134.5131182630885,136.35387570697822,11330800,ORCL
2024-06-17,138.36106872558594,138.48836060044442,135.36492875092378,135.90345405952405,11232800,ORCL
2024-06-18,141.62161254882812,142.03284608176912,138.27298383171035,138.27298383171035,11629400,ORCL
2024-06-20,139.927734375,142.28744568724474,138.98776123796313,142.28744568724474,8940000,ORCL
2024-06-21,138.54713439941406,140.72080795059156,137.50925719649152,140.72080795059156,14844100,ORCL
2024-06-24,136.97073364257812,138.5765090414888,136.21679804627345,137.0784387277645,7793300,ORCL
2024-06-25,136.26576232910156,136.63783717085278,134.68935963163548,136.09931172630883,8205500,ORCL
2024-06-26,135.34536743164062,137.81278343921835,135.1985036563411,136.57908290561133,8036300,ORCL
2024-06-27,137.25466918945312,138.4687978287018,135.9132635936086,136.34408391528922,7518200,ORCL
2024-06-28,138.25340270996094,139.83960633421668,136.36368556832483,136.53013617610895,25814800,ORCL
2024-07-01,140.10397338867188,141.05373248218288,138.1261378008604,138.73319476936032,6552400,ORCL
2024-07-02,140.2899932861328,141.21037950414893,139.57523130548043,139.65356363683972,5920500,ORCL
2024-07-03,141.3670196533203,141.63137441790778,140.5053790981441,140.75016198855897,3560800,ORCL
2024-07-05,141.80763244628906,142.74759042248309,141.014538235012,141.92512345822266,5365500,ORCL
2024-07-08,142.00344848632812,142.19927180961417,140.43683201931603,141.73907878269293,8622600,ORCL
2024-07-09,137.74423217773438,142.6594772021828,135.12016654945268,142.10137993542395,14334200,ORCL
2024-07-10,139.10525512695312,139.40878357950334,136.82387635278678,138.17506801060267,6350300,ORCL
2024-07-11,140.17547607421875,140.88244243573152,139.1150265319496,139.78272364339827,5245100,ORCL
2024-07-12,142.1491241455078,142.50260739440662,138.70265872310756,140.12642027002212,7361800,ORCL
2024-07-15,140.4799041748047,143.93616819956569,139.35071449379168,143.09173682228422,8687800,ORCL
2024-07-16,140.02821350097656,140.90210049358615,139.47835404259928,140.47989233181306,7181500,ORCL
2024-07-17,136.73886108398438,139.22305730164217,136.16935948314128,137.9367756611807,9157000,ORCL
2024-07-18,135.53111267089844,137.52436048450298,134.7161371389375,136.83703623542294,5998700,ORCL
2024-07-19,136.05154418945312,137.89751396353736,135.58023817699151,135.8453543638659,6111900,ORCL
2024-07-22,137.6324005126953,138.13316222448128,136.6014064166199,137.21019230163918,5387200,ORCL
2024-07-23,140.5191650390625,140.62717421979386,138.65356826193562,138.74193532365757,6697400,ORCL
2024-07-24,136.25775146484375,140.07732740859328,135.89443965179345,139.13470038405367,8018800,ORCL
2024-07-25,135.32493591308594,138.5160984319131,135.2070981857977,137.61274078040427,7654600,ORCL
2024-07-26,136.49339294433594,137.42620637214927,135.87480849213344,136.35592806800784,5139400,ORCL
2024-07-29,135.80604553222656,137.24943398017055,135.32492603794208,136.74867236901366,4054600,ORCL
2024-07-30,133.21388244628906,137.04328738593597,132.5167443943163,136.55233918720305,6505700,ORCL
2024-07-31,136.92543029785156,138.98741843442153,136.149738845694,137.16109079368889,7188000,ORCL
2024-08-01,135.02053833007812,137.8484041231443,133.31204856555624,136.76831233202967,5906800,ORCL
2024-08-02,130.86712646484375,131.86866480023846,129.41392426033286,130.36636478842001,8251600,ORCL
2024-08-05,125.54525756835938,127.61705929549417,124.36698504193086,125.57471325782898,10355000,ORCL
2024-08-06,125.88892364501953,128.66767682227714,125.76127233928028,128.1767287018002,8373900,ORCL
2024-08-07,123.62074279785156,127.94108791579046,123.4734568580166,126.58606625883777,8617700,ORCL
2024-08-08,126.6253433227539,127.46977467258442,125.33905417846397,125.68271635774995,6243200,ORCL
2024-08-09,129.66920471191406,129.97359012482195,126.01654979192665,126.07546116441895,5597300,ORCL
2024-08-12,130.1798095703125,130.30746088011793,128.8346164717712,129.85578200257044,5600800,ORCL
2024-08-13,131.82937622070312,132.10430595351633,130.40562975094622,130.56273673613853,4324000,ORCL
2024-08-14,133.1451416015625,133.5084384308577,131.58391512915045,131.61337081895556,4044600,ORCL
2024-08-15,134.4510498046875,134.76526380445213,133.2629637016293,134.4510498046875,4698100,ORCL
2024-08-16,134.98126220703125,135.32493184559374,133.92081258858963,134.31356504762167,4893800,ORCL
2024-08-19,135.4231414794922,135.4525971711023,133.98958121263587,135.0402025060115,3641600,ORCL
2024-08-20,136.6505126953125,137.25928363550761,135.32496161754415,135.32496161754415,3738300,ORCL
2024-08-21,137.661865234375,137.76006086236683,136.04174225035507,136.2872163377853,3776800,ORCL
2024-08-22,135.5802459716797,138.52593493837523,135.15802276219458,138.15280954151152,5162200,ORCL
2024-08-23,136.67013549804688,137.25926423292773,134.77506802693975,136.21845665034584,4544600,ORCL
2024-08-26,136.38539123535156,136.87633938952135,135.6882532466577,136.8665258201555,2729600,ORCL
2024-08-27,135.97299194335938,136.97453033879955,135.2463982888159,135.35440747834915,3872200,ORCL
2024-08-28,135.38385009765625,136.43447121936953,134.43140960441846,136.31664847218028,3022600,ORCL
2024-08-29,136.89598083496094,138.60448579675466,136.3363077328957,136.62105106858704,4588400,ORCL
2024-08-30,138.73211669921875,139.1543398841232,137.56367272912746,137.78950467497978,7980700,ORCL
2024-09-03,136.97454833984375,139.62566563378232,136.31667954715695,137.90734692701008,6831200,ORCL
2024-09-04,138.20188903808594,138.5455586983397,135.45257670369634,135.93371123154225,6243300,ORCL
2024-09-05,140.02821350097656,140.68608213743127,137.76984931188713,138.84011254212479,8733200,ORCL
2024-09-06,139.2427215576172,141.33416561600438,136.87634771477667,141.1868721712654,11154800,ORCL
2024-09-09,137.35745239257812,140.70572187374424,136.98432705961935,139.91038838616058,20233400,ORCL
2024-09-10,153.0677947998047,157.6139789046171,150.34793818788793,151.43784354627,37374200,ORCL
2024-09-11,154.33444213867188,156.5535372058485,152.03680855778845,153.94168963994815,12630100,ORCL
2024-09-12,158.45838928222656,159.40100109963754,155.04138024211383,156.1607411393798,16161300,ORCL
2024-09-13,159.0966339111328,170.79102079495829,158.0852820629981,170.5553603223899,25727800,ORCL
2024-09-16,167.2463836669922,170.84012740042377,161.53174051882587,162.00306148824282,27384400,ORCL
2024-09-17,164.4381561279297,167.55076525213528,163.75083179148075,167.19728202445484,12580100,ORCL
2024-09-18,161.55137634277344,164.58543192524496,160.76585640690288,164.58543192524496,12274400,ORCL
2024-09-19,164.55599975585938,165.11568784676348,161.5317573092087,164.2221586047317,10075900,ORCL
2024-09-20,164.9585723876953,165.7735480848974,163.58392361081704,164.1043274322458,12187700,ORCL
2024-09-23,162.94566345214844,164.30068493652496,161.286256557814,164.20248932829182,7916100,ORCL
2024-09-24,162.79840087890625,163.09297274975063,160.95243113865922,162.7394895012469,6155100,ORCL
2024-09-25,163.2696990966797,165.69498391164953,162.66092824650082,164.65417633584164,7142400,ORCL
2024-09-26,165.0567626953125,165.31205032207487,163.46608061034667,164.61489740459854,7096800,ORCL
2024-09-27,165.6851806640625,166.04847748663204,163.49554121209752,165.0469391041549,8974400,ORCL
2024-09-30,167.31509399414062,167.43293171747405,163.43660729024324,166.4313934731423,10210300,ORCL
2024-10-01,164.13375854492188,167.42310154797354,162.9652997682611,167.1383582663092,7595100,ORCL
2024-10-02,164.67384338378906,166.11721723375618,164.24180659275703,164.56583418603105,7073000,ORCL
2024-10-03,163.83921813964844,164.8211144451761,163.23044722463683,163.86867383021038,4735700,ORCL
2024-10-04,167.7667999267578,167.8060691858535,165.1254965217609,165.65572890611665,6386900,ORCL
2024-10-07,166.8928985595703,169.2101741943013,166.4805039528657,167.33474885371476,6791000,ORCL
2024-10-08,171.21324157714844,171.4783577555176,167.35439656804724,167.5115035613436,7845400,ORCL
2024-10-09,175.06227111816406,175.37648510134747,170.66338023142768,171.39980239914803,8120900,ORCL
2024-10-10,172.62171936035156,175.46577986531832,171.4112603964427,174.82610313285892,7115900,ORCL
2024-10-11,172.97598266601562,174.18642651009878,171.62774983170425,172.71027035323354,5869400,ORCL
2024-10-14,173.32041931152344,174.40293989063034,172.71027953942922,173.7435919074426,4688700,ORCL
2024-10-15,171.3226776123047,175.38703231366284,170.98808582523415,174.12738027837875,5848600,ORCL
2024-10-16,171.99188232421875,172.1296563012242,168.91163160430878,170.7420658795168,6383000,ORCL
2024-10-17,172.88739013671875,174.92449270256722,172.35598056350034,174.67846669314025,5474000,ORCL
2024-10-18,171.91314697265625,174.156903110757,171.8048949214217,173.98960721634668,5001300,ORCL
2024-10-21,170.9979248046875,172.36582891739346,170.40747134823312,171.6769590434115,4198400,ORCL
2024-10-22,172.52330017089844,173.05472483342672,171.50967407397889,172.6610741544728,5510100,ORCL
2024-10-23,170.3484344482422,173.271224976358,170.25985366236168,171.72617425236785,4830400,ORCL
2024-10-24,171.6080780029297,172.16900953227014,170.16144377260983,170.56493005807033,3488000,ORCL
2024-10-25,170.76174926757812,173.48770683892457,170.3484273435787,172.0017150395764,3674700,ORCL
2024-10-28,169.67921447753906,171.40139652422218,169.40366655136862,171.2833088462165,4330000,ORCL
2024-10-29,170.6731719970703,171.25380484590303,169.551293889921,169.551293889921,4122900,ORCL
2024-10-30,171.78521728515625,173.3597899249029,170.0433487425751,171.21443507865402,5822500,ORCL
2024-10-31,165.1720428466797,168.16372797890077,164.73903460257625,167.80944987156508,9477500,ORCL
2024-11-01,167.31739807128906,169.53163249194645,166.4120240212355,167.44532140455172,5680600,ORCL
2024-11-04,166.89422607421875,167.7700782031731,166.04789586968232,167.60278229272544,4804400,ORCL
2024-11-05,169.0493927001953,169.157644746468,167.6126091946515,167.76021879582512,5456800,ORCL
2024-11-06,178.35903930664062,179.2053694656364,174.59975429316887,175.68227485103705,11085000,ORCL
2024-11-07,183.40748596191406,183.7027202106954,177.67015695509215,178.20158160614608,7759400,ORCL
2024-11-08,186.24168395996094,187.13722221328183,183.29920756315033,183.29920756315033,8520400,ORCL
2024-11-11,186.1236114501953,188.45593333959403,184.85410876429816,188.0130895020956,5973600,ORCL
2024-11-12,186.5664520263672,187.58007802061184,184.2242795266145,185.54297538099775,6629900,ORCL
2024-11-13,186.6156463623047,188.72162832207405,185.78898758980142,185.99565603698608,5695400,ORCL
2024-11-14,184.07667541503906,186.57629322877668,183.74208362401473,185.66108362105066,7804300,ORCL
2024-11-15,180.8192901611328,182.84654217562374,179.43169979602476,181.5868901468869,8986300,ORCL
2024-11-18,182.77764892578125,183.22049276423232,179.97296127143332,181.3703872810666,6289400,ORCL
2024-11-19,185.89724731445312,186.31058422590752,181.39006402154152,181.95099551639655,8117000,ORCL
2024-11-20,187.7178497314453,187.9343538262746,184.8344320390388,187.86545933417605,4860200,ORCL
2024-11-21,189.37115478515625,192.9237713749683,188.59371911212398,188.88895336100828,11394300,ORCL
2024-11-22,189.23336791992188,191.1130103263913,188.02292409977474,189.93208842749877,6879400,ORCL
2024-11-25,185.00173950195312,191.65427796806733,185.00173950195312,191.40825193729958,15138500,ORCL
2024-11-26,187.34390258789062,189.34163281490473,185.3265010895301,185.3265010895301,6427200,ORCL
2024-11-27,179.7958221435547,185.95632362816107,179.32345636413584,185.95632362816107,8368800,ORCL
2024-11-29,181.9017791748047,182.9744489274803,181.07513542134285,181.0849710554667,4628000,ORCL
2024-12-02,178.5263214111328,182.34463495893715,178.1228351419973,182.34463495893715,8859700,ORCL
2024-12-03,179.9827880859375,180.1303976861082,176.26287599927477,178.299963562811,8917100,ORCL
2024-12-04,185.19854736328125,186.7731048657722,182.94494063355563,185.01156518735579,8906300,ORCL
2024-12-05,183.279541015625,186.01534903358723,182.89574104234933,186.01534903358723,6398100,ORCL
2024-12-06,188.64291381835938,189.5679740577292,183.41732354727736,184.02746327271848,10503400,ORCL
2024-12-09,187.42262268066406,195.15768150066532,185.9267802454034,193.1796376672107,20158000,ORCL
2024-12-10,174.9146728515625,174.97371669655507,168.34084947803873,170.70270839140278,26502000,ORCL
2024-12-11,175.74130249023438,178.49679682469002,172.05091231450882,175.17052034110716,13188700,ORCL
2024-12-12,172.53314208984375,175.3378298312641,172.0312393766123,175.170533932266,8154200,ORCL
2024-12-13,170.63380432128906,173.34009051735185,168.91162219652182,172.21821247672437,8351100,ORCL
2024-12-16,168.50814819335938,171.49983319703065,168.21291394722587,171.0766606071172,9572000,ORCL
2024-12-17,167.01231384277344,170.24017409768132,166.5793056350746,168.03577550223136,8940200,ORCL
2024-12-18,162.78065490722656,168.5081326836056,162.7314467013606,166.71707111672612,8817900,ORCL
2024-12-19,166.10691833496094,168.2817949232771,164.73901428681884,164.88663890614245,8386400,ORCL
2024-12-20,166.96311950683594,168.5376771919221,162.99718084553425,165.0637906227545,13810500,ORCL
2024-12-23,166.4513702392578,166.92373601226345,164.51268392175558,166.89421408996543,6518200,ORCL
2024-12-24,168.685302734375,169.03958084326192,166.34312995805377,167.00247796310254,2451500,ORCL
2024-12-26,168.9509735107422,169.80715423218058,167.78973795730596,167.78973795730596,4100100,ORCL
2024-12-27,166.27423095703125,168.42940626554136,164.54219817632858,167.67165694022043,4344300,ORCL
2024-12-30,164.25682067871094,165.24092478915858,161.93433437740507,163.86317002478967,5254800,ORCL
2024-12-31,163.99110412597656,164.6406164259822,163.20381785471855,164.5422000109862,4307500,ORCL
2025-01-02,163.3907928466797,166.00851320157088,162.27875047433236,165.84121731642554,5360800,ORCL
2025-01-03,163.6761932373047,164.54219459255782,162.64288097882064,164.05014256625458,5876000,ORCL
2025-01-06,163.05621337890625,165.3786996932626,162.56416132091752,164.6504572415939,6845400,ORCL
2025-01-07,159.45437622070312,163.51873070653102,158.75567076218047,162.94794856202418,7712200,ORCL
2025-01-08,160.54673767089844,161.37338148730387,158.86391310099634,159.6019911548376,7596200,ORCL
2025-01-10,152.4178009033203,157.05445591369823,151.84561576669083,157.05445591369823,13593900,ORCL
2025-01-13,151.84561157226562,152.07250763725156,150.36582713835213,151.66804466570593,8828500,ORCL
2025-01-14,154.20338439941406,155.13071828766533,152.26980804161465,154.31190251512737,7410200,ORCL
2025-01-15,156.1764373779297,157.00511299845525,155.14058532570036,156.5315862228899,10701200,ORCL
2025-01-16,157.38986206054688,159.32345363203478,156.27510138272783,157.9916416516234,9210600,ORCL
2025-01-17,158.8597869873047,160.96108565544463,158.37638533011818,159.5898193781923,11618300,ORCL
2025-01-21,170.24427795410156,171.03348429590918,160.5566150610086,161.66151598205613,30232000,ORCL
2025-01-22,181.7372589111328,189.40254644151932,178.13645616770688,188.9290045876248,48028500,ORCL
2025-01-23,183.95693969726562,184.05559801567262,179.053919324728,179.19203193861023,17314600,ORCL
2025-01-24,181.12562561035156,186.55150201416427,179.41893001234166,186.09769481882475,12147200,ORCL
2025-01-27,156.14683532714844,170.19492611529176,150.60258173306997,166.6237031659641,42201600,ORCL
2025-01-28,161.78976440429688,163.59510321591742,154.63747299008253,160.79338164020774,20319300,ORCL
2025-01-29,159.83645629882812,161.81936205540683,157.85353548910348,161.81936205540683,9866600,ORCL
2025-01-30,168.08377075195312,169.17881173550742,161.88840835677127,162.55923668024522,14981700,ORCL
2025-01-31,167.76808166503906,170.6684613943479,166.85062259519168,168.11337070067862,8704600,ORCL
2025-02-03,166.32777404785156,167.6102418299768,161.00054112899153,161.00054112899153,8250600,ORCL
2025-02-04,165.62733459472656,168.1035017370577,164.1080959015154,168.1035017370577,6777000,ORCL
2025-02-05,169.34652709960938,169.57342315504204,166.2488457505018,166.712512724524,7866700,ORCL
2025-02-06,170.02723693847656,173.28275064024098,169.25775023953454,170.66847083654636,7036900,ORCL
2025-02-07,172.10879516601562,174.99930009475284,170.84603198011322,172.6415109191824,9991300,ORCL
2025-02-10,176.50869750976562,177.56428437013113,172.56260541684938,173.62805208831438,7625900,ORCL
2025-02-11,174.80201721191406,176.70599942469352,174.07198475426597,175.2262148871625,6528800,ORCL
2025-02-12,169.89898681640625,172.53300133556849,168.40934255330467,172.53300133556849,7454800,ORCL
2025-02-13,171.51687622070312,172.02987235621913,169.78060129306962,170.6684659036804,6421700,ORCL
2025-02-14,171.81285095214844,172.6711211534309,170.48103886802704,171.90163441025078,7260900,ORCL
2025-02-18,177.3768310546875,179.78394948336603,173.71682425308614,174.36793301883935,11430500,ORCL
2025-02-19,179.0736541748047,179.23148641000648,173.33208324960998,176.1732742272854,8688500,ORCL
2025-02-20,173.62803649902344,177.84049364487475,172.0791882661076,177.38668647155018,8737000,ORCL
2025-02-21,165.5484161376953,174.49618664438057,165.29192558625385,173.74641955792038,9713900,ORCL
2025-02-24,167.66944885253906,171.82270208307835,162.44087415554534,171.23079733915094,10639100,ORCL
2025-02-25,166.26858520507812,168.30083529582706,162.2238498053969,167.00847747914568,8316100,ORCL
2025-02-26,170.14561462402344,171.52674073465874,166.85063157926092,168.67569000737572,6915100,ORCL
2025-02-27,162.53952026367188,172.50340835215732,162.3619533533304,170.66847501289857,7436800,ORCL
2025-02-28,163.82200622558594,163.91078968242658,158.64276049916796,160.91176639946605,12843300,ORCL
2025-03-03,159.83645629882812,164.86771442919294,158.9584514549923,164.70000733016204,8081800,ORCL
2025-03-04,155.34776306152344,157.60689389069034,151.45100059722878,157.07417814535034,13171900,ORCL
2025-03-05,159.3826446533203,160.30011882019525,154.93343158861498,155.92981434435532,7141000,ORCL
2025-03-06,148.90577697753906,155.04195095123157,147.71207758067854,155.04195095123157,12321200,ORCL
2025-03-07,153.06890869140625,154.3711111931324,146.49866205323346,148.59008594702038,12646500,ORCL
2025-03-10,146.78472900390625,150.46447009211823,144.82155815604267,148.5012841911105,21486100,ORCL
2025-03-11,142.2368621826172,143.81530481819743,135.844198109492,141.4871102099461,27200200,ORCL
2025-03-12,148.8564453125,150.17838243488725,143.05568562785479,144.2592448148478,15373900,ORCL
2025-03-13,145.66998291015625,148.14615010402989,143.51935504413277,147.7712665647355,14187700,ORCL
2025-03-14,147.25828552246094,148.84658808013847,145.887019218862,146.9129964673871,9330000,ORCL
2025-03-17,151.93438720703125,153.65094248116975,148.3730389172199,148.3730389172199,9885000,ORCL
2025-03-18,147.43585205078125,150.36582642018772,146.6269110584079,150.31649726199709,9402500,ORCL
2025-03-19,150.39540100097656,151.99357820660455,147.97842310095632,148.03761206169372,6909500,ORCL
2025-03-20,150.6617889404297,152.40793880940322,148.78740132170154,149.53715335856361,7051600,ORCL
2025-03-21,150.1783905029297,151.7666931184279,148.08696658183126,149.60620536254223,17620200,ORCL
2025-03-24,152.7827911376953,154.48948653075763,151.95411554465187,154.2329809520935,7848300,ORCL
2025-03-25,151.85546875,153.50297530462936,150.98733879996044,152.42765386090417,8521200,ORCL
2025-03-26,145.80810546875,150.96761665208254,144.58481150396042,150.82950403131167,13210000,ORCL
2025-03-27,143.8153076171875,145.05832105602636,142.96689731835133,143.88437144591765,9148300,ORCL
2025-03-28,138.97149658203125,143.6870755345723,137.23522144134088,141.8422822567671,13144500,ORCL
2025-03-31,137.92576599121094,138.6952526587266,134.91686809738954,136.7715359899375,15509900,ORCL
2025-04-01,140.0270538330078,141.31939634042772,136.88990338504098,137.87642622162338,9518500,ORCL
2025-04-02,143.8942413330078,145.89688176240273,137.97510349956963,137.97510349956963,11594400,ORCL
2025-04-03,135.38055419921875,139.4943535193207,134.79850921134505,137.37333497896537,14433800,ORCL
2025-04-04,126.54130554199219,132.01651103461612,125.23908799644015,131.11877151940791,14986900,ORCL
2025-04-07,125.44625854492188,132.30258985151963,117.25811527055434,117.25811527055434,19482700,ORCL
2025-04-08,122.82211303710938,131.19769869467626,120.0598456368905,130.7537513038323,11950300,ORCL
2025-04-09,137.80738830566406,138.69525290726696,121.73692912869234,121.73692912869234,17762000,ORCL
2025-04-10,132.02542114257812,135.29262967794077,127.97603622458652,135.29262967794077,12401600,ORCL
2025-04-11,131.0353546142578,131.67889202865217,127.56021027630857,130.79773312989215,10190200,ORCL
2025-04-14,133.30258178710938,135.44112951537778,131.55015947306563,135.44112951537778,8217700,ORCL
2025-04-15,132.60955810546875,135.12432129141297,132.3917421869356,133.42140507772925,8630000,ORCL
2025-04-16,128.47103881835938,131.2234228057926,126.58001550725024,130.96601092390077,8295200,ORCL
2025-04-17,127.3423843383789,129.99577116305585,127.16417956954382,129.5997353869443,8925500,ORCL
2025-04-21,121.60000610351562,125.93649604059752,120.03569872053887,125.62957774462994,12201200,ORCL
2025-04-22,125.9760971069336,126.71864720451657,122.164341450063,123.26331619877463,11233700,ORCL
2025-04-23,130.09478759765625,134.520387950627,129.68887164084518,133.56993216489585,9528900,ORCL
2025-04-24,136.14405822753906,136.4905875944256,130.68879647974808,131.1937250275486,7305900,ORCL
2025-04-25,137.11434936523438,137.619277968101,135.40152301404476,136.12428261726242,5476400,ORCL
2025-04-28,138.74795532226562,139.27268949716935,136.7084202111726,138.26281717063657,6985100,ORCL
2025-04-29,139.39151000976562,139.75784502991036,138.16383674171158,138.42124869305994,4851500,ORCL
2025-04-30,139.3221893310547,139.89642983857019,134.22335179214335,137.10443445105196,9443500,ORCL
2025-05-01,144.04483032226562,147.16353483256674,143.8963112315906,145.1041939877528,11525800,ORCL
2025-05-02,149.23275756835938,151.53961491755047,146.85660340215742,146.85660340215742,11346000,ORCL
2025-05-05,147.8070526123047,149.32186857851278,147.04471212216504,147.95557168326033,5187400,ORCL
2025-05-06,146.23284912109375,147.46053727233135,144.272521277708,145.51999988582276,5108600,ORCL
2025-05-07,147.88624572753906,148.41097982590267,145.7774141065143,146.0348259883021,6049600,ORCL
2025-05-08,148.80703735351562,150.30203272557137,147.1338221085414,147.56945390098676,6113600,ORCL
2025-05-09,148.8466339111328,150.2921380360522,148.3020941686214,148.5496108600157,4707100,ORCL
2025-05-12,155.65829467773438,155.8662002339013,152.88610477349158,154.75733031509202,7875500,ORCL
2025-05-13,160.65814208984375,161.59870251800118,156.00483120273316,156.64836857273028,11955200,ORCL
2025-05-14,161.3313751220703,161.78681247772212,159.460149554581,160.7472393608459,7499400,ORCL
2025-05-15,157.81663513183594,160.133402826302,157.3315120891918,159.75717262407198,10169200,ORCL
2025-05-16,158.89581298828125,159.24232727520143,156.94538034551545,158.41067485792993,8515500,ORCL
2025-05-19,158.05426025390625,160.36111766561754,156.26224179813906,156.72757439360814,10268900,ORCL
2025-05-20,158.71759033203125,158.76709668849756,155.96520611335694,157.05428552673985,7576400,ORCL
2025-05-21,155.61868286132812,159.3017323408027,154.9058487075384,156.7770742408828,6011000,ORCL
2025-05-22,155.7473907470703,157.60872098439827,155.26226773086134,155.42066692197218,7603300,ORCL
2025-05-23,154.42071533203125,155.8167131035233,152.7276945080826,153.4504541274117,6527500,ORCL
2025-05-27,160.30169677734375,160.78681977282315,157.34139202107906,157.73742774998078,6976800,ORCL
2025-05-28,162.22244262695312,162.68777520687345,159.6779638343156,160.26209958963017,8090700,ORCL
2025-05-29,161.28187561035156,163.6778505597138,159.88589290441695,163.36102193237912,6994700,ORCL
2025-05-30,163.8857421875,164.1035580734601,159.94528089032755,161.80659604232414,17547900,ORCL
2025-06-02,164.91542053222656,165.34114196966527,160.98485445167555,162.53925134378008,7166000,ORCL
2025-06-03,167.45989990234375,167.64801501369473,164.93522651143107,165.14314718903495,7155300,ORCL
2025-06-04,166.43023681640625,168.78658555147348,165.90550261564442,168.02424498491496,6375800,ORCL
2025-06-05,169.44003295898438,170.54890294990966,167.0836691210476,167.32129059362612,7707800,ORCL
2025-06-06,172.29141235351562,173.05375283969622,170.94492102949377,172.27160678938057,6833700,ORCL
2025-06-09,175.39031982421875,176.94473188297388,172.0636949189789,173.12307359961633,9668900,ORCL
2025-06-10,175.717041015625,176.08337598281472,172.54883046491392,175.94476724332173,11056700,ORCL
2025-06-11,174.62796020507812,177.76646966630955,174.44974035268825,175.78633637034892,18002900,ORCL
2025-06-12,197.87472534179688,200.47860551914513,187.00379753130048,188.07307134815204,54610000,ORCL
2025-06-13,213.08218383789062,214.448480894246,199.20144268535708,199.57767291414385,53707400,ORCL
2025-06-16,209.00308227539062,213.03264580886614,207.89419732043362,211.08221323990006,22665300,ORCL
2025-06-17,206.11209106445312,213.7356172103336,205.41904735316032,208.56746750906174,17819200,ORCL
2025-06-18,208.77536010742188,212.5871229437161,207.488285483735,208.99317598990834,15055400,ORCL
2025-06-20,203.13198852539062,211.67626921201432,202.60725436876237,211.23074220639663,20879100,ORCL
2025-06-23,204.98341369628906,205.2111399264577,200.52811331208505,203.46861277423727,13418400,ORCL
2025-06-24,213.1316680908203,214.22073242383567,206.47841849117773,207.9041169921325,19030600,ORCL
2025-06-25,208.62686157226562,214.77516747658547,208.14172343824995,212.80494436177884,11804600,ORCL
2025-06-26,210.7060089111328,212.29010661616243,208.2704381060633,209.89414694036984,10531100,ORCL
2025-06-27,208.15164184570312,212.51782479227597,207.87442436043563,211.56736915913598,14127500,ORCL
2025-06-30,216.45831298828125,225.9530501355281,216.2107962840847,224.25013400207814,31844200,ORCL
2025-07-01,216.78501892089844,220.9531914147849,214.16133300908155,217.1216379850318,16962200,ORCL
2025-07-02,227.695556640625,229.59648306878665,214.56727641462405,215.5177320750947,22326900,ORCL
2025-07-03,234.962646484375,235.62598938870926,228.903427749872,230.90336679891624,18441400,ORCL
2025-07-07,229.95291137695312,232.91321657133702,227.22033242559763,232.7746078225122,16584300,ORCL
2025-07-08,232.170654296875,239.0417200011104,230.8736692635871,234.77453469963217,20401800,ORCL
2025-07-09,233.4676513671875,234.1606951107196,229.69549924925798,233.17062830361073,10871600,ORCL
2025-07-10,233.16006469726562,238.18044494462615,231.6718089651554,238.0613893306398,11486300,ORCL
2025-07-11,228.7548370361328,232.167906112384,228.07023694197161,229.55849275038432,10208200,ORCL
2025-07-14,227.48486328125,228.8342158394993,223.35743014550846,227.65353045861602,11337000,ORCL
2025-07-15,233.12039184570312,233.75538037239969,227.40547996611332,230.5903539939531,10728800,ORCL
2025-07-16,239.41075134277344,239.4405152474564,231.36424775819557,233.6561592547084,12597500,ORCL
2025-07-17,246.80242919921875,249.63012137843586,240.11519410965505,241.4347827840016,17631300,ORCL
2025-07-18,243.52825927734375,247.72513647875357,243.08178555622717,246.5543824927447,9678100,ORCL
2025-07-21,241.63319396972656,244.8676794495507,241.33555493480304,243.38933997237635,7348400,ORCL
2025-07-22,236.2457275390625,240.39299312331602,233.56687011284907,240.08542267865772,11380900,ORCL
2025-07-23,240.00604248046875,241.51414590829629,236.79141968820662,238.0713129963627,7255800,ORCL
2025-07-24,240.9287872314453,242.16900047432472,238.67655574336618,240.51207739855644,8237900,ORCL
2025-07-25,243.2008514404297,243.54811720446355,239.53973952200693,240.4426183970375,7149600,ORCL
2025-07-28,245.7705535888672,245.8399976492654,241.5141337979448,244.07393542522038,6756800,ORCL
2025-07-29,248.0227813720703,251.0885997726585,244.65932392811294,246.7528043226264,8415300,ORCL
2025-07-30,248.637939453125,249.08441316120988,243.67708683146904,246.69327856413472,8441400,ORCL
2025-07-31,251.78311157226562,258.82751302603447,251.33663787593076,253.76745256870538,15548700,ORCL
2025-08-01,242.50633239746094,246.46509847896678,240.10528140017777,245.88963772335518,12718200,ORCL
2025-08-04,250.55284118652344,250.9298708602797,243.97474524347075,243.97474524347075,8614800,ORCL
2025-08-05,253.66824340820312,256.4661564945478,249.4019070034579,253.41028451464035,11197300,ORCL
2025-08-06,254.4222869873047,254.8290805464299,249.74917217266304,254.8290805464299,9930200,ORCL
2025-08-07,247.43740844726562,255.7418860974401,244.58988386411806,255.69225940363955,11954200,ORCL
2025-08-08,248.0922393798828,248.92565897594278,245.9193835378318,248.07239173064696,8313300,ORCL
2025-08-11,250.70166015625,252.69593275312727,243.63741032277125,246.45517119575186,9012100,ORCL
2025-08-12,251.87242126464844,255.8510197963839,249.1141882938347,250.60244414740995,9998400,ORCL
2025-08-13,242.2681884765625,255.652589279729,240.74025254860607,255.15650402347657,14182100,ORCL
2025-08-14,243.0421142578125,246.97110131409255,240.67082715455265,243.0321828627519,10285600,ORCL
2025-08-15,246.3361053466797,248.6677122176607,241.02798679665295,244.98675277993945,11554000,ORCL
2025-08-18,247.1199188232422,247.2092105366558,241.71257737472294,244.27237913449127,6759900,ORCL
2025-08-19,232.78305053710938,247.29851058685009,230.41176351859968,247.29851058685009,16819300,ORCL
2025-08-20,233.2196044921875,234.03319160110135,226.46292554339232,230.3621484950748,11256400,ORCL
2025-08-21,231.33448791503906,234.0728731691948,230.61019251684846,231.2253485495118,7403100,ORCL
2025-08-22,234.51934814453125,236.6326762613855,229.64780224813688,232.22743659548593,9343600,ORCL
2025-08-25,233.56687927246094,237.1585319182704,233.4279759971899,235.49169261501788,6308600,ORCL
2025-08-26,232.3762664794922,235.05512388247692,230.88801068457616,233.16007453684682,11805200,ORCL
2025-08-27,233.96372985839844,234.67809384992702,230.8582312602067,233.160074152759,5637600,ORCL
2025-08-28,238.4384307861328,240.05565846716186,233.2791318808173,233.69584168975658,8691500,ORCL
2025-08-29,224.35952758789062,236.3548657046265,221.36316833767134,235.7496410736107,16618600,ORCL
2025-09-02,223.53602600097656,223.6848455264553,217.0769860874216,220.26186018655545,10461900,ORCL
2025-09-03,221.70050048828125,224.13131524343146,220.01381362589055,224.13131524343146,8900800,ORCL
2025-09-04,221.2540283203125,221.8195727896196,217.84095927281098,220.26185778972814,10303100,ORCL
2025-09-05,230.97732543945312,232.7830681116322,224.12142276020785,230.72928278222417,15386100,ORCL
2025-09-08,236.61282348632812,240.5219777923742,233.46764472652313,238.0117875654743,18803000,ORCL
2025-09-09,239.6190948486328,241.58360336225817,232.72351281966044,238.0613950175927,41178700,ORCL
2025-09-10,325.7593078613281,343.01316637944586,309.64646957428874,316.6908857673963,131618100,ORCL
2025-09-11,305.4496154785156,328.4084568766953,302.21516002745483,327.753620670634,69986000,ORCL
2025-09-12,289.8923645019531,305.5587449090222,289.46573846106924,303.3958205226135,51781900,ORCL
2025-09-15,299.7744140625,304.62611213800636,294.9623810069887,304.05066656166537,40004000,ORCL
2025-09-16,304.24908447265625,317.464803090706,299.9033727423266,311.6010716730762,51923300,ORCL
2025-09-17,299.05010986328125,306.24334588785365,292.7200573170751,305.28093930514456,27707900,ORCL
2025-09-18,294.2976379394531,301.4412783566387,289.71381462119393,300.66738650133055,24673100,ORCL
2025-09-19,306.2433776855469,308.67417746181854,294.9921668378368,296.659006160762,40776200,ORCL
2025-09-22,325.58074951171875,326.9201857670998,304.5169887873617,307.20576241383026,44437500,ORCL
2025-09-23,311.37286376953125,322.4554219002116,307.6224603813452,321.46325137128787,35280200,ORCL
2025-09-24,306.044921875,310.02353550216606,297.68093133705037,309.41829571682797,33765300,ORCL
2025-09-25,289.0490417480469,296.4109607742308,286.29080874679977,292.9581962555282,39274900,ORCL
2025-09-26,281.24066162109375,291.6981479190695,280.7842716363832,290.7059773479162,25990700,ORCL
2025-09-29,280.546142578125,283.74093282556447,277.42078125448995,282.37173267971315,25778500,ORCL
2025-09-30,279.03802490234375,281.7764252026331,273.73983800556215,281.46885476642854,23880800,ORCL
2025-10-01,286.7471923828125,287.7195000486679,275.7043303935629,276.61711025451444,23378300,ORCL
2025-10-02,286.51898193359375,292.6605194541117,283.8103456991707,289.5153257984928,16215500,ORCL
2025-10-03,283.8996887207031,292.3331381880587,281.77642926223274,287.33259026115996,13688400,ORCL
2025-10-06,289.3069763183594,294.35712024812665,288.52315318907694,290.0907994476418,14076800,ORCL
2025-10-07,282.0145263671875,290.9242281406545,268.87819895606344,290.9242281406545,31723400,ORCL
2025-10-08,286.37017822265625,289.247466636652,281.3795617845911,283.1853193738434,18982100,ORCL
2025-10-09,295.146240234375,299.13175794613176,285.5055034066416,289.7692794097808,26479800,ORCL
2025-10-10,291.1706848144531,305.8405451253415,290.2265053116295,298.44598385734787,28895300,ORCL
2025-10-13,306.1287841796875,308.802356955633,295.9214906083015,296.8756490770431,21703700,ORCL
2025-10-14,297.1737976074219,302.5607072174655,290.1966845828224,301.7158926964915,17346200,ORCL
2025-10-15,301.76556396484375,309.1104423455758,297.0942885286036,303.0377448479234,13698900,ORCL
2025-10-16,311.0882873535156,320.5700283106327,301.218944174788,303.7334904599572,32500900,ORCL
2025-10-17,289.5307922363281,302.42157786060454,285.7440646238086,301.8948161025456,37653000,ORCL
2025-10-20,275.487060546875,287.47339926326885,273.62848679810674,287.1851923346052,32810700,ORCL
2025-10-21,273.469482421875,278.58802211509135,270.5971492145158,276.41139537535275,18370800,ORCL
2025-10-22,270.99468994140625,275.5069696723458,267.60551341129235,273.14150104249836,16474000,ORCL
2025-10-23,278.35943603515625,281.37092862392143,270.7263501135002,271.2928456978201,16872200,ORCL
2025-10-24,281.5994873046875,285.4359272907555,280.5260969843573,284.17369501008807,13194900,ORCL
2025-10-27,279.6813049316406,285.2471082316668,278.1010197139325,284.819741794986,13855800,ORCL
2025-10-28,279.1147766113281,283.71650306635905,278.826569666934,281.2715363666465,12448500,ORCL
2025-10-29,273.6185607910156,279.8999679283885,269.6927040785489,279.74094150743355,18007100,ORCL
2025-10-30,255.3209991455078,268.1123877746653,254.71470909014405,267.09859824990275,27954200,ORCL
2025-10-31,261.00604248046875,264.18650997460566,255.14208397364064,257.9250006138069,16898700,ORCL
2025-11-03,256.275146484375,263.99767906349524,253.6711382353916,263.61999512049596,15709200,ORCL
2025-11-04,246.6542510986328,253.72082598196428,243.69245628106228,248.45319374117324,19772600,ORCL
2025-11-05,248.7811737060547,250.85840492755264,245.52120824711656,246.39583830483892,11991500,ORCL
2025-11-06,242.31094360351562,247.5487602239833,237.8284796646712,246.42565708204958,18678300,ORCL
2025-11-07,237.7986602783203,238.93169686529873,230.93087618330165,237.54025374641034,20969300,ORCL
2025-11-10,239.3590850830078,245.7299383831608,235.62205548440846,244.44780881992486,16698700,ORCL
2025-11-11,234.70767211914062,235.99973520578885,227.49201912596652,234.78718532692136,20686600,ORCL
2025-11-12,225.60362243652344,235.36363710080596,224.78862345731153,235.2940725247426,24195000,ORCL
2025-11-13,216.24114990234375,223.78478864210007,213.90549698606432,223.61582877494683,30009000,ORCL
2025-11-14,221.48890686035156,225.66325152000962,209.48268596220845,209.5423170741818,36053800,ORCL
2025-11-17,218.5171661376953,221.43921198573736,214.24342612748393,216.87724987551331,16143800,ORCL
2025-11-18,219.143310546875,222.33369621864102,213.1898904313921,214.8894528741254,21098300,ORCL
2025-11-19,224.1525421142578,226.75653523722693,215.98274572452783,217.72205734969137,21679500,ORCL
2025-11-20,209.40318298339844,232.57081138314774,209.01556557105027,229.74816073088968,27459600,ORCL
2025-11-21,197.54603576660156,207.03771063364235,192.3678651750686,205.81522730349292,44834100,ORCL
2025-11-24,199.05674743652344,202.57513465014713,193.11327576454698,195.65763761078736,31144700,ORCL
2025-11-25,195.82659912109375,198.19206765370456,184.49623294040668,192.89461986224512,29595000,ORCL
2025-11-26,203.7081756591797,208.71738625647404,201.00478734775314,208.22044009872053,26544100,ORCL
2025-11-28,200.716552734375,201.10417013591825,196.40306366784893,198.29145302601484,13848500,ORCL
2025-12-01,199.7127227783203,202.25708466007998,195.49861393316016,199.27540773634416,13461200,ORCL
2025-12-02,199.8717498779297,208.4192146561499,198.77846226921176,203.88706814290677,19664500,ORCL
2025-12-03,206.46124267578125,206.6500846387668,198.18211801923997,199.10644574185528,19060500,ORCL
2025-12-04,213.0209503173828,214.09435588090784,205.05987801156445,206.59046556576504,23316900,ORCL
2025-12-05,216.25108337402344,218.15935472532604,212.31526328561696,217.66240858699956,24208700,ORCL
2025-12-08,219.19300842285156,223.37730181718248,215.58518956706192,219.99807395159152,24711200,ORCL
2025-12-09,220.17697143554688,221.2603104590427,216.9468212928638,218.6861329081547,17643600,ORCL
2025-12-10,221.64791870117188,223.94382267748554,216.2510907347346,220.44531749821974,47928000,ORCL
2025-12-11,197.63548278808594,200.75630389082409,185.09255210218797,189.4557385350861,100612700,ORCL
2025-12-12,188.80972290039062,196.64159913778155,184.84408713319328,195.17062760321016,55201600,ORCL
2025-12-15,183.79055786132812,187.81582461231847,180.29205280337976,187.13996997851825,43897500,ORCL
2025-12-16,187.49778747558594,188.64077278789267,183.363206787634,183.5719156903098,32433500,ORCL
2025-12-17,177.37002563476562,185.36091301353378,175.9885159513689,182.19039416605673,50222000,ORCL
2025-12-18,178.93043518066406,183.63154166108345,177.4892943334785,181.6040079782062,36297300,ORCL
2025-12-19,190.79750061035156,193.92825519995077,186.97100929809253,187.2393644578158,77008600,ORCL
2025-12-22,197.16836547851562,197.5857984376681,191.6522600082981,195.61789586863685,27148000,ORCL
2025-12-23,194.1469268798828,195.9955672467528,191.01617206183226,195.23026589533842,18301600,ORCL
2025-12-24,196.28379821777344,197.0689664716376,193.23254153949614,193.80900090050727,9282700,ORCL
2025-12-26,196.78074645996094,199.14619987573178,194.91222404001994,196.85031103645164,11262000,ORCL
2025-12-29,194.1866912841797,197.29756401246874,191.46342079835316,192.97414140962576,14748100,ORCL
2025-12-30,196.00550842285156,197.16836060149714,194.5146699632147,194.86252317110745,14197400,ORCL
