Date,Close,High,Low,Open,Volume,Ticker
2018-01-02,52.42040252685547,52.52492566499147,51.5922897486329,51.76112774025223,6329600,QCOM
2018-01-03,53.0153694152832,53.1118447751587,52.010376856661594,52.436492720079116,6844200,QCOM
2018-01-04,53.08772277832031,53.489719777864146,52.99124742418174,53.20832310498095,5060100,QCOM
2018-01-05,53.44148254394531,53.54599955645792,52.66160737692537,53.09576487611134,5421800,QCOM
2018-01-08,53.28069305419922,53.48973326418361,53.01537962943749,53.2646158691184,4266900,QCOM
2018-01-09,52.4766960144043,52.9510557574855,52.211382603991005,52.774176061217545,7632300,QCOM
2018-01-10,52.46865463256836,52.85456835044998,52.16313296075846,52.64553430909242,6569300,QCOM
2018-01-11,52.6053352355957,52.661614578335154,52.372176205964166,52.4204138900299,4233100,QCOM
2018-01-12,52.56512451171875,52.98320481879777,52.3239299966999,52.75004582715511,5007200,QCOM
2018-01-16,54.87260818481445,55.194207115259594,53.08773994813383,53.248542480351105,24478800,QCOM
2018-01-17,54.68768310546875,55.39520193136714,54.06056860723262,55.08968020782411,12559100,QCOM
2018-01-18,54.71179962158203,54.81631664379216,54.26155876547277,54.47059894388107,6797900,QCOM
2018-01-19,54.70375442504883,54.872592434923924,54.47059542074866,54.70375442504883,8864300,QCOM
2018-01-22,55.21028518676758,55.27460620068586,54.43845142171674,54.51884962211984,8566200,QCOM
2018-01-23,54.944942474365234,55.39518324826329,54.864544307807805,55.15398261460408,7825600,QCOM
2018-01-24,54.655513763427734,54.904749935738415,54.1731124655541,54.832387287462446,12383100,QCOM
2018-01-25,54.205291748046875,54.96908997841375,54.10077470207621,54.784168598938564,9122200,QCOM
2018-01-26,55.09770584106445,55.097705841064446,54.3499912028124,54.6233523425755,7919000,QCOM
2018-01-29,54.1248779296875,54.91279477914038,54.0605569350408,54.80023610550249,9745300,QCOM
2018-01-30,53.85956573486328,54.599245005683784,53.65053167488151,54.21332511943011,8059500,QCOM
2018-01-31,54.87260818481445,54.977125230263624,54.237451984032376,54.3098146570275,13915600,QCOM
2018-02-01,53.706817626953125,54.953005017198855,53.32089769321924,53.86761402118184,16838500,QCOM
2018-02-02,53.11989974975586,53.899775152191005,52.95106169366,53.20833960780455,10971700,QCOM
2018-02-05,49.63055419921875,53.5058084871449,48.64164184868153,53.30480996710902,35996000,QCOM
2018-02-06,51.777225494384766,51.88174252768279,50.008437716565226,50.09687756550535,24458700,QCOM
2018-02-07,52.291778564453125,53.16009369058703,51.47170112288609,51.632503628089616,15021200,QCOM
2018-02-08,50.185306549072266,52.31589198375603,50.16922936721264,51.96213264296677,13451600,QCOM
2018-02-09,51.44757843017578,51.712894860602816,49.41347148426422,50.61142391750833,23095000,QCOM
2018-02-12,52.79026412963867,52.822418500954704,51.769188021662885,52.17118513699432,13692100,QCOM
2018-02-13,52.82241439819336,52.87065821939864,52.24354374962838,52.444542291682374,7695900,QCOM
2018-02-14,53.53794479370117,53.70678889148843,52.33999573588098,52.380197879922896,10370900,QCOM
2018-02-15,52.48473358154297,53.36912585994263,51.343063437899986,53.36912585994263,15548400,QCOM
2018-02-16,52.13900375366211,52.92692048316138,51.93800527648224,52.07468276880773,11760300,QCOM
2018-02-20,51.44757843017578,51.56817569237215,49.735070317442094,50.65966159558937,27494600,QCOM
2018-02-21,50.973236083984375,51.34307269860449,50.37024040349715,50.748115611046124,14895600,QCOM
2018-02-22,49.992347717285156,51.11794055650942,49.87174738915622,50.77222288733312,11722300,QCOM
2018-02-23,50.908905029296875,50.908905029296875,49.871751927389084,50.498869396934786,6762200,QCOM
2018-02-26,53.85152053833008,54.15703604850254,51.60837655394078,51.89781488315149,27374300,QCOM
2018-02-27,53.79475784301758,54.8408128731477,53.52716726195255,54.32995137842029,14326000,QCOM
2018-02-28,52.708160400390625,54.10290040392429,52.63518284019083,54.086679043900226,9582100,QCOM
2018-03-01,52.67573165893555,53.713676135109715,52.164870102060256,52.73249405414391,10799200,QCOM
2018-03-02,52.4973258972168,52.58652481722093,51.92159135050397,52.14864089719228,10612700,QCOM
2018-03-05,51.90536880493164,53.1946883419168,51.52424732570651,52.172959340301496,15445500,QCOM
2018-03-06,50.38899612426758,51.53235752665443,49.51323145746721,51.49181341034921,23450400,QCOM
2018-03-07,50.67281723022461,50.77012373974443,49.813267631731456,49.86192243315045,12602400,QCOM
2018-03-08,50.129512786865234,50.875537559279024,49.92678910102598,50.80255690864418,8902100,QCOM
2018-03-09,51.11069107055664,51.135020014593586,50.372777030002815,50.56739311570962,7655300,QCOM
2018-03-12,50.93230056762695,51.47559856753741,50.51874251119189,51.126913576158046,15801300,QCOM
2018-03-13,48.41041946411133,49.788941222427574,47.94820968239914,48.46718185180805,38572700,QCOM
2018-03-14,48.75099563598633,48.961830021114636,46.95081124185963,48.57260087932189,29759100,QCOM
2018-03-15,48.564483642578125,48.8807320842582,48.29688999704799,48.6780084069435,10494300,QCOM
2018-03-16,49.15644073486328,49.86192142118896,49.04291596050783,49.14022246805278,25574500,QCOM
2018-03-19,47.33192825317383,48.93749957387594,46.95080980350233,48.80775653058642,14131400,QCOM
2018-03-20,47.24272537231445,47.91576947963881,46.99134998699592,47.83468124437178,10615400,QCOM
2018-03-21,46.06692886352539,47.25894196500502,46.03449233323971,46.626445091023264,12231900,QCOM
2018-03-22,45.06953048706055,46.08314889751097,45.02087568976448,45.604720884045655,13554600,QCOM
2018-03-23,43.51262283325195,45.247937528927494,43.50451524482338,45.110086872410626,14713300,QCOM
2018-03-26,45.515525817871094,45.52363340478041,43.99104273351156,44.25863950129154,12093900,QCOM
2018-03-27,44.46946716308594,46.41561575443294,44.22619936249704,45.88853294205874,12243200,QCOM
2018-03-28,44.35595703125,45.38579405041874,44.161340870573206,44.445155976005246,12925500,QCOM
2018-03-29,44.931678771972656,45.35334442066165,44.29107116569603,44.6316485752717,8482500,QCOM
2018-04-02,43.63425064086914,44.793830461350815,43.0341871231434,44.68030259008082,16469600,QCOM
2018-04-03,44.42080307006836,44.639744972777585,43.48016550286423,44.02346646736134,7930700,QCOM
2018-04-04,44.59110641479492,44.69652051160993,43.31799873289267,43.626139623033744,7496700,QCOM
2018-04-05,44.631649017333984,45.004659870258706,44.14511029788088,44.99655228359429,5823300,QCOM
2018-04-06,43.07472229003906,44.412699679619045,43.0666147047215,44.12888470042334,8322200,QCOM
2018-04-09,43.32611083984375,44.510016544478475,43.253130181705,43.39909149798251,7608500,QCOM
2018-04-10,44.4127082824707,44.60732130096487,43.96671676399356,44.25863938505297,12009000,QCOM
2018-04-11,44.6073112487793,44.655966039097635,43.90994448078782,43.94237791434926,6205300,QCOM
2018-04-12,44.76140594482422,45.126309324299115,44.61544459303426,44.98034797250916,7412700,QCOM
2018-04-13,45.191165924072266,46.0507155083825,44.939787427532586,45.90475419985212,12588200,QCOM
2018-04-16,44.4127082824707,45.402000921990215,44.250528704846786,45.36145370759562,7850500,QCOM
2018-04-17,44.883018493652344,45.150615218033316,44.42080878182853,44.591099012488094,7089700,QCOM
2018-04-18,44.78571701049805,45.10196547046236,44.50190508317572,44.71273635871259,4796800,QCOM
2018-04-19,42.62873077392578,43.90183510518558,42.57196839686203,43.788310351058094,19179500,QCOM
2018-04-20,41.712440490722656,42.888238938435094,41.61513395031007,42.82336894259975,11838200,QCOM
2018-04-23,40.974510192871094,42.012457562780845,40.76367892168261,41.76107907996717,10961500,QCOM
2018-04-24,40.496089935302734,41.59079989934374,40.0419907739096,41.25833311618726,11670000,QCOM
2018-04-25,40.342002868652344,40.901518980774156,39.62841481610316,40.54472650115814,9619200,QCOM
2018-04-26,40.92585754394531,41.023164044301154,39.37704875112761,40.15550694061007,13684000,QCOM
2018-04-27,41.44483947753906,41.64756320568721,40.94208549786085,41.15291681407474,9443100,QCOM
2018-04-30,41.36373519897461,42.02056098642953,41.3556276134435,41.558351278215284,9469600,QCOM
2018-05-01,41.20968246459961,41.396187938025015,40.57718537269441,41.16102765240734,6780500,QCOM
2018-05-02,40.75556945800781,41.55835663504222,40.479865114647495,41.55024904846606,8143000,QCOM
2018-05-03,40.796119689941406,40.982625128175926,39.98522486632092,40.536633593848315,8609200,QCOM
2018-05-04,42.563873291015625,42.65306912875491,40.47987061929132,40.69070501875843,9880600,QCOM
2018-05-07,42.98552703857422,43.19636139456177,42.58819036457261,42.63684516056615,9571700,QCOM
2018-05-08,42.863895416259766,43.19636212789869,42.25572437594579,43.009856713400545,9930000,QCOM
2018-05-09,43.11528015136719,43.24502630436066,42.32871420541482,42.8639047132387,7016100,QCOM
2018-05-10,44.574893951416016,44.655982204649895,43.747780776492384,44.15322822929895,12267200,QCOM
2018-05-11,44.78571701049805,45.23981918753178,44.29107071432084,44.40459548524977,9639100,QCOM
2018-05-14,46.01016616821289,46.8697125616933,45.685807054205114,46.48859416004959,15400300,QCOM
2018-05-15,45.11818313598633,45.90475202883136,44.777608827734646,45.81555311191269,12050500,QCOM
2018-05-16,45.97773361206055,46.06693253078815,45.142509903962335,45.215490556256,8675600,QCOM
2018-05-17,46.180450439453125,46.52913538266813,45.72634832674305,45.807439646861404,11450700,QCOM
2018-05-18,46.634552001953125,47.02378417311196,45.734461499436804,46.16423469288927,11999700,QCOM
2018-05-21,46.79674530029297,47.2508475711205,46.03450518567544,46.772419442446036,14286400,QCOM
2018-05-22,46.53725814819336,47.32382719666884,46.27777202580696,46.9589238704009,9432500,QCOM
2018-05-23,47.69682312011719,47.72925964855053,46.08314449702841,46.148014460577485,11322500,QCOM
2018-05-24,47.90766525268555,48.045515880969056,47.07244152294403,47.50221786128497,12487200,QCOM
2018-05-25,48.621246337890625,48.65368286886615,47.68871927222806,47.72115270988574,11501500,QCOM
2018-05-29,47.71175003051758,48.83428218050928,47.27748642974338,48.75234671359865,14696300,QCOM
2018-05-30,47.84284973144531,48.055886951235635,47.24471205772874,47.8592374503244,9146000,QCOM
2018-05-31,47.62162780761719,47.99034372708858,47.32665507204007,47.523304604304236,12813200,QCOM
2018-06-01,48.023101806640625,48.12142497440344,47.531479716552255,47.80187233494643,8869700,QCOM
2018-06-04,48.105045318603516,48.23614393946459,47.48232765092284,48.03130214901681,9696700,QCOM
2018-06-05,48.3262825012207,48.83428934702039,48.14602069679836,48.227959301371314,6562700,QCOM
2018-06-06,49.03093719482422,49.03912949218214,48.4327994672779,48.55570268147511,6236700,QCOM
2018-06-07,49.686431884765625,51.333361885347,49.3422991238311,50.80077189745711,14786100,QCOM
2018-06-08,49.37506866455078,49.67004137199337,49.00635590588553,49.36687636740537,7035300,QCOM
2018-06-11,49.10466766357422,49.5061557685924,49.01453678777582,49.30131400564595,7369500,QCOM
2018-06-12,48.98996353149414,49.47339028373141,48.7933140366698,49.25216077416815,7153500,QCOM
2018-06-13,48.52293014526367,49.35048970271698,48.440991543867575,48.89164291181296,9676300,QCOM
2018-06-14,48.71957778930664,48.91622731207262,48.301701851181356,48.580286851810925,8372900,QCOM
2018-06-15,49.047340393066406,49.12108359511112,48.27713292156844,49.055532693009575,13804900,QCOM
2018-06-18,48.50654220581055,48.64583313909747,48.277117248576154,48.59667310411998,6946600,QCOM
2018-06-19,48.09685516357422,48.12963060165809,47.400391169662065,47.75271931496918,7958300,QCOM
2018-06-20,48.17060089111328,48.50654133519465,47.77730499016227,48.4901536152836,6526400,QCOM
2018-06-21,48.137821197509766,48.5147293452436,47.84284851645278,48.5147293452436,6605400,QCOM
2018-06-22,47.93297576904297,48.42459478308586,47.87562032159255,48.16239755884465,8074100,QCOM
2018-06-25,46.744895935058594,47.638006266054354,46.38437550925429,47.59703853310985,8635900,QCOM
2018-06-26,46.25328063964844,46.82683832430064,46.138569727845585,46.769482868399216,8934700,QCOM
2018-06-27,45.2044792175293,47.13818597998564,45.17989920592364,46.33520663594886,11832400,QCOM
2018-06-28,45.80263137817383,46.261475046309904,45.138942768085194,45.16352278583875,11723600,QCOM
2018-06-29,45.98289489746094,46.58922811293701,45.95012257888151,45.99109032133459,11274000,QCOM
2018-07-02,46.03205108642578,46.06482652567563,45.16352070013245,45.39294564924344,7299900,QCOM
2018-07-03,45.335601806640625,46.31884023090104,45.27005091134928,46.22051701360274,3618900,QCOM
2018-07-05,47.015289306640625,47.05625704020205,45.59778447107879,45.63875220464021,11728300,QCOM
2018-07-06,47.39220428466797,47.58065838671306,46.72851565305319,47.0808438385926,8806200,QCOM
2018-07-09,47.55607986450195,47.77730941533447,46.89239121200439,47.57246758593084,4577100,QCOM
2018-07-10,47.82646179199219,47.90840038600971,47.48232907403188,47.57245996463227,6848900,QCOM
2018-07-11,46.94975280761719,47.531502928969125,46.49090905021901,47.0562714480012,8702000,QCOM
2018-07-12,47.78550338745117,47.924797461657874,46.95794374294678,47.40039973447553,8426400,QCOM
2018-07-13,47.84284973144531,48.162402435493014,47.6707833716716,47.7281388249295,5266100,QCOM
2018-07-16,47.810081481933594,48.21157284074094,47.572467336556024,47.867436943814894,5907100,QCOM
2018-07-17,48.268924713134766,48.268924713134766,47.21194020740149,47.4577497579902,7560300,QCOM
2018-07-18,48.14601135253906,48.342660839709936,47.826458670819264,48.342660839709936,6795100,QCOM
2018-07-19,48.596675872802734,48.826097717469864,48.05589357777434,48.105053615552606,8150200,QCOM
2018-07-20,48.023101806640625,48.49014076056042,47.85103548164641,48.32626673053097,10859700,QCOM
2018-07-23,48.40821075439453,48.51472622910533,47.375806437007206,47.851040864993834,8011800,QCOM
2018-07-24,48.21976852416992,48.85068177479977,47.89202345121367,48.6294522095941,6637600,QCOM
2018-07-25,48.68680191040039,48.75235279261271,47.32665236087571,47.97395325735094,13143100,QCOM
2018-07-26,52.09537124633789,52.24285447572554,50.194436351078174,51.661104478478805,31025100,QCOM
2018-07-27,51.366127014160156,52.03800784680653,50.98102656780384,51.80039374182505,13488800,QCOM
2018-07-30,50.83354568481445,51.6037497858675,50.74341478589204,51.33336021473833,9547700,QCOM
2018-07-31,52.513240814208984,52.980286119138505,52.02981716712672,52.30020984326204,22350800,QCOM
2018-08-01,52.726280212402344,53.152354674431244,52.070787050892385,52.070787050892385,10706200,QCOM
2018-08-02,53.07040786743164,53.291640499948464,52.14452523293889,52.40672247243177,10618500,QCOM
2018-08-03,53.58661651611328,53.7586828791992,52.98847570524501,53.045831159606976,7809400,QCOM
2018-08-06,53.85701370239258,54.094624710869866,53.52926554234375,53.963529197616054,10878400,QCOM
2018-08-07,53.61940383911133,54.02089210863401,53.46372203507563,54.02089210863401,7810900,QCOM
2018-08-08,53.38998031616211,53.70953308728562,53.3572048715242,53.43094493350184,7912200,QCOM
2018-08-09,53.32440948486328,53.50467123731986,53.193307755340484,53.34079407541636,6629700,QCOM
2018-08-10,53.11138153076172,53.209707844992884,52.84098885508271,52.97209060739094,8736000,QCOM
2018-08-13,53.12777328491211,53.4473322864158,52.97209774715812,53.38178140142651,7092400,QCOM
2018-08-14,53.6111946105957,53.76687637454509,53.0704092734718,53.332606519911295,7844200,QCOM
2018-08-15,53.81603240966797,53.93074330576491,52.89014981937838,53.37357341703335,13524800,QCOM
2018-08-16,53.8816032409668,54.16018516290246,53.69314598397473,53.96353873263744,9958800,QCOM
2018-08-17,54.127403259277344,54.23392501189209,53.35720222791554,53.668559559634005,15170500,QCOM
2018-08-20,54.2093391418457,54.561661050849544,53.86520015297824,54.34863007116479,13966900,QCOM
2018-08-21,54.528892517089844,54.717343482247784,54.10281805005493,54.151978084222044,12181400,QCOM
2018-08-22,54.76649475097656,54.9631473587225,54.25029572101214,54.25849114248696,13860300,QCOM
2018-08-23,54.78288650512695,55.13521461910498,54.733726478010276,54.881212810635375,12038100,QCOM
2018-08-24,55.020503997802734,55.1925703448498,54.84843765075568,54.89759767811909,16001400,QCOM
2018-08-27,55.176177978515625,55.29089512465556,55.07785792650272,55.20076424279378,12578000,QCOM
2018-08-28,57.175437927246094,57.757187845457786,55.65141454945624,56.17580901802101,24952700,QCOM
2018-08-29,56.70022964477539,57.413081634634324,56.65106959419134,57.08533337775856,11874300,QCOM
2018-08-30,55.8316764831543,56.667434467621284,55.71696558352553,56.51175271043573,12027500,QCOM
2018-08-31,56.29872131347656,56.53633855902265,55.66781130040825,55.70877591091741,11166900,QCOM
2018-09-04,57.861419677734375,57.96890503463847,56.81134470379402,56.83614853167986,13024100,QCOM
2018-09-05,58.613834381103516,58.76266366826616,57.30744467247555,57.712594920316334,15310700,QCOM
2018-09-06,58.17562484741211,58.99418288923683,58.03506558624783,58.58076884473174,11997700,QCOM
2018-09-07,58.192161560058594,58.39060485330306,57.555506675110486,57.74567361255558,24421900,QCOM
2018-09-10,59.79619216918945,60.151728410749215,58.29136567639615,58.43192490235798,14636000,QCOM
2018-09-11,59.953304290771484,60.07732976119144,59.37452086487751,59.39932469732201,9501100,QCOM
2018-09-12,59.32490921020508,59.945030212402344,57.89449398953002,59.60602770326659,12638300,QCOM
2018-09-13,61.689640045166016,62.309761069899736,60.755326638851564,60.92068972216831,24617700,QCOM
2018-09-14,62.08651351928711,62.87200392985281,61.52427651679833,61.62349184279177,13450700,QCOM
2018-09-17,60.55689239501953,62.24362259068549,60.44940700566271,61.879816183326696,11558300,QCOM
2018-09-18,61.78061294555664,63.25236634264884,60.780151437513055,61.01993240677631,11692000,QCOM
2018-09-19,61.234893798828125,62.318043018471435,60.99511286648566,62.318043018471435,12383200,QCOM
2018-09-20,61.68138122558594,62.10306536545368,61.35891873868661,61.58216588081594,12013900,QCOM
2018-09-21,60.937232971191406,61.90462671424882,60.46594117152682,61.871552830809414,23465400,QCOM
2018-09-24,60.83800506591797,61.06124584778653,60.193080242523294,60.424591070593486,15446100,QCOM
2018-09-25,60.143470764160156,60.82973956160675,60.01118155604128,60.060789220561176,20741900,QCOM
2018-09-26,59.33317565917969,60.573417588378774,59.18434637534793,60.09385586178793,11306000,QCOM
2018-09-27,59.291839599609375,60.09386382947452,59.09340263092235,59.68044979826135,12498300,QCOM
2018-09-28,59.55643081665039,60.57343221985628,58.911505866997075,59.126482952947576,20080800,QCOM
2018-10-01,60.02771759033203,60.713986413488676,59.61430354865179,59.91196216331738,9340200,QCOM
2018-10-02,60.6478271484375,61.110855076861036,59.75485147383119,59.86234314152423,9221200,QCOM
2018-10-03,60.060787200927734,61.094322231654324,60.019443276419786,60.84627130100106,7079800,QCOM
2018-10-04,59.845802307128906,60.11038698800063,59.415854566286,59.531609969905105,8599500,QCOM
2018-10-05,58.87843704223633,60.07734175130764,58.332733694954584,59.854094598357,23411300,QCOM
2018-10-08,58.64691162109375,59.200884879677865,58.34098298321138,58.52288615664429,10104600,QCOM
2018-10-09,57.985443115234375,58.67171184252734,57.95236923953627,58.50634877223358,10329200,QCOM
2018-10-10,55.17424011230469,57.51415876574206,55.083288519577,56.860963830787554,22296800,QCOM
2018-10-11,53.156776428222656,55.389209654085775,52.594533098333045,54.86004020338937,25852600,QCOM
2018-10-12,53.156776428222656,54.28126308800188,52.31341143338824,54.19858154411758,15760900,QCOM
2018-10-15,53.057552337646484,53.90918418585655,52.925263135187194,53.10716630824122,12314700,QCOM
2018-10-16,54.66987228393555,54.89311307916214,53.429630223749875,53.561919429907064,15931400,QCOM
2018-10-17,54.653324127197266,55.07500813174198,53.98359553212938,54.88483493496412,14779100,QCOM
2018-10-18,53.86784362792969,54.835230841031674,53.636332805122045,54.306061443700834,12218600,QCOM
2018-10-19,54.041481018066406,54.7442835880732,53.743822420007504,54.115892513482486,10673000,QCOM
2018-10-22,54.66987228393555,55.06674621060446,53.92572578618468,54.31433597435443,12890400,QCOM
2018-10-23,54.88484573364258,55.331333654267155,52.56146084517169,52.63587549860912,13441000,QCOM
2018-10-24,51.775970458984375,54.893112516809296,51.67675197833359,54.46316471595636,23384300,QCOM
2018-10-25,52.255531311035156,52.77643384495073,51.552725604047794,52.759896906117056,20385700,QCOM
2018-10-26,51.660221099853516,52.619341602929,50.58534516342221,50.84992991226379,17049300,QCOM
2018-10-29,51.403892517089844,52.660671388861466,50.659749249054215,52.50357521267689,14778300,QCOM
2018-10-30,52.23899841308594,52.68548633383682,51.4039002849298,51.560999638952595,18865300,QCOM
2018-10-31,51.999210357666016,52.52011286020079,51.32121167682321,52.015747295503445,12917500,QCOM
2018-11-01,52.67721176147461,53.173307305847985,51.990946153288164,52.2555308641671,11003900,QCOM
2018-11-02,52.36302185058594,52.883921250439705,51.544460694374926,52.867384310969925,13707900,QCOM
2018-11-05,52.4787712097168,52.75162279419782,51.80903943201155,52.15630881255816,13373800,QCOM
2018-11-06,52.611080169677734,53.198124290866076,51.60234873871631,52.37956612483946,8774100,QCOM
2018-11-07,52.2638053894043,52.710293337007414,51.494854975454146,52.50358630431327,18493500,QCOM
2018-11-08,47.99737548828125,49.73371656851188,47.625302174367604,47.95603470986845,32155200,QCOM
2018-11-09,46.8976936340332,48.1544727993653,46.45947257015023,47.77412945360099,21745200,QCOM
2018-11-12,45.05386734008789,46.7157905359527,45.00425651554749,46.60830199316471,24447800,QCOM
2018-11-13,44.78101348876953,45.880696467062485,44.69006188556044,45.26057534056322,20883800,QCOM
2018-11-14,44.59910583496094,45.384593147684946,44.37586187319103,45.343252374193966,14071900,QCOM
2018-11-15,45.798011779785156,45.92203726678438,44.260110880670716,44.50816185466917,18856300,QCOM
2018-11-16,46.20315170288086,47.16227210196549,45.46727525282006,45.574760626939984,57303300,QCOM
2018-11-19,45.392860412597656,46.815002488933494,45.36805342674448,46.17834452307849,20321400,QCOM
2018-11-20,45.40939712524414,45.831081216849,44.70659451136785,44.814083046065,20658300,QCOM
2018-11-21,45.698787689208984,46.715785834187045,45.62437303693748,45.64917686966172,13015500,QCOM
2018-11-23,45.6822509765625,46.09566501254949,45.26883694057551,45.285373880506846,4671900,QCOM
2018-11-26,46.07912826538086,46.61656777605173,45.624373454712554,46.1287390853824,10373700,QCOM
2018-11-27,45.946834564208984,46.49254095197187,45.764931383588454,45.963371503728915,9719000,QCOM
2018-11-28,46.83981704711914,46.89769476663558,45.21923143836142,46.21142587222759,17483500,QCOM
2018-11-29,48.046966552734375,48.824183591156796,47.76584495941598,47.8650634176172,26949000,QCOM
2018-11-30,48.170997619628906,48.344633895761284,47.14573267172537,48.1379268969309,18197800,QCOM
2018-12-03,48.89860153198242,50.03135487254469,48.28675065189401,50.03135487254469,17114500,QCOM
2018-12-04,47.732791900634766,49.17974125952047,47.311110903848906,48.77459720532808,15836500,QCOM
2018-12-06,47.7327766418457,47.816355783480006,46.545933062931375,46.813390142169,18203300,QCOM
2018-12-07,46.79668045043945,47.74113693897019,46.579369564194415,47.31487818262819,17054700,QCOM
2018-12-10,47.8414421081543,48.68560309369007,47.33995758817634,48.28441739071203,20484900,QCOM
2018-12-11,47.933372497558594,49.028277213669554,47.49875709297703,48.85275908624159,13116300,QCOM
2018-12-12,48.24262619018555,48.9614184128309,48.08382132944177,48.84440313026269,13246500,QCOM
2018-12-13,48.5518684387207,48.7942524335702,48.10889321170208,48.59365801306093,8949900,QCOM
2018-12-14,48.15903854370117,49.31244926674327,47.9417308481072,48.108892330747224,13551000,QCOM
2018-12-17,47.64084243774414,48.76082026469138,47.365025503753905,48.13396707472106,16648200,QCOM
2018-12-18,48.29276657104492,48.92797956055479,47.97516326463005,48.2175440640856,12384200,QCOM
2018-12-19,47.381744384765625,48.89455130808321,46.85518997397594,48.09217994925481,17376400,QCOM
2018-12-20,47.11428451538086,48.426496928235274,46.85518723932258,47.82472003840623,21742300,QCOM
2018-12-21,45.84386444091797,47.87486913883839,45.71013588085631,47.02234837281769,38202300,QCOM
2018-12-24,44.84089660644531,45.87729202900056,44.77403074004046,44.88268617877835,8275000,QCOM
2018-12-26,46.7716064453125,46.805039381500954,44.72388533470378,45.34238190082905,18451600,QCOM
2018-12-27,46.8802604675293,47.131001104633924,45.77699911359679,46.420568768114116,15804800,QCOM
2018-12-28,47.482032775878906,48.0838095687693,47.00562468685166,47.08084718450542,12749600,QCOM
2018-12-31,47.56562042236328,47.98352255335869,47.039062844573806,47.7411385521797,8877000,QCOM
2019-01-02,47.97517013549805,48.47665146148758,46.73817691315492,46.97220429517848,9896600,QCOM
2019-01-03,46.554290771484375,47.50710697144967,46.40384577271725,46.76324180440096,14422200,QCOM
2019-01-04,47.306522369384766,47.49876016520003,46.144754896018135,47.22294321425322,14177300,QCOM
2019-01-07,47.172786712646484,47.774566741765774,46.7632444504269,47.130997141366514,12352000,QCOM
2019-01-08,46.76325225830078,47.54055052958229,46.479078662473775,47.39846213749856,12110000,QCOM
2019-01-09,47.31488037109375,47.73278250729724,46.92205134279358,47.02234696274714,10971000,QCOM
2019-01-10,47.47368621826172,47.632491084550146,46.88862253835504,46.96384505703362,10958200,QCOM
2019-01-11,48.05873107910156,48.618718241272575,47.08084190754706,47.19785396004015,12024300,QCOM
2019-01-14,47.89158630371094,48.18411972508312,47.11428804069462,47.65756211728552,9449400,QCOM
2019-01-15,46.57937240600586,47.97516721946002,46.43728720800327,47.9083013462774,17423400,QCOM
2019-01-16,46.19490432739258,46.87190696235418,46.102965343693306,46.59609001125636,13856000,QCOM
2019-01-17,45.77700424194336,46.13640036444747,45.44268122945657,45.944165748186755,18365000,QCOM
2019-01-18,46.19490432739258,46.721461932362715,45.96088014222381,46.295199951273425,28020000,QCOM
2019-01-22,45.37580490112305,45.960868402949096,45.08327155604023,45.944151938515255,17867500,QCOM
2019-01-23,43.26959228515625,44.77403950193278,42.80990052285517,44.2307653902693,33788600,QCOM
2019-01-24,42.46721267700195,43.44510206352777,42.13288972066457,43.42002895772147,32782700,QCOM
2019-01-25,42.87675476074219,43.486891443264966,42.02423409536598,42.5675080999216,19516200,QCOM
2019-01-28,42.325130462646484,42.86840454865226,41.990810646007944,42.05767333399947,24457600,QCOM
2019-01-29,41.288734436035156,42.49229150182382,41.23858502933297,42.199761266912134,26266600,QCOM
2019-01-30,41.93229675292969,42.517360352493924,41.12992545610222,41.5227544650728,18124100,QCOM
2019-01-31,41.38902282714844,42.86003676156491,41.037983418268446,42.79317408598865,24736300,QCOM
2019-02-01,41.464256286621094,42.02424369736341,41.28873812997118,41.43918317519703,15533200,QCOM
2019-02-04,41.53110885620117,41.623047826799244,41.34723410334497,41.547825322522634,10880000,QCOM
2019-02-05,42.40034484863281,42.69287821897818,41.556184046031305,41.5645406848001,15454200,QCOM
2019-02-06,42.709598541259766,43.16093362937656,42.56751334037506,42.57586998052224,11052900,QCOM
2019-02-07,42.249900817871094,42.726308947169024,42.01587666687279,42.48392815720933,10623300,QCOM
2019-02-08,42.03260040283203,42.35856358048192,41.71499386558885,41.99081082411752,12461200,QCOM
2019-02-11,42.483917236328125,42.87674293333297,42.107804812949766,42.24988995714875,9971800,QCOM
2019-02-12,43.17763900756836,43.61225751541597,42.64272490201424,42.87674902610927,16637600,QCOM
2019-02-13,43.11913299560547,43.8713579495857,43.09405989325265,43.46181254389878,11004000,QCOM
2019-02-14,43.10243225097656,43.26959376708584,42.70124652531875,43.04392619858943,17895000,QCOM
2019-02-15,43.44511413574219,43.76272071368292,43.12750755780146,43.5286964922218,12239500,QCOM
2019-02-19,43.47018051147461,43.8630095551956,43.25287279498792,43.46182387129222,8258400,QCOM
2019-02-20,43.83793640136719,44.23076225634507,43.57883591921294,43.67077490282704,12863700,QCOM
2019-02-21,43.75434875488281,43.95494316648695,43.378239414177585,43.8797206606779,7826200,QCOM
2019-02-22,44.39792251586914,44.42299881237161,43.99673684357295,44.03852641995666,13394500,QCOM
2019-02-25,44.28926467895508,45.10835238864649,44.21404217559873,44.94954755470536,15341700,QCOM
2019-02-26,44.322696685791016,44.481501527840095,43.695843521930094,44.36448944738713,11366700,QCOM
2019-02-27,44.33106231689453,44.40628483393895,43.687492601812465,44.25583979985012,10426200,QCOM
2019-02-28,44.62360382080078,44.93285060745173,44.05525647929339,44.29764056077122,19000200,QCOM
2019-03-01,45.30058288574219,45.46774434351371,44.89103747361895,45.13342142797067,12659000,QCOM
2019-03-04,44.949546813964844,45.71848830097362,44.51492826710595,45.6181926942646,14021700,QCOM
2019-03-05,45.083282470703125,45.32566648116559,44.88269122561308,45.04985272208169,10092800,QCOM
2019-03-06,46.33465576171875,46.892700764608925,45.42994648772126,45.56523002704572,20521300,QCOM
2019-03-07,45.68360137939453,46.54603512679507,45.3284833086252,46.36002228156948,13667300,QCOM
2019-03-08,45.260841369628906,45.34539559780046,44.83807990501317,45.19320121250567,10117100,QCOM
2019-03-11,45.95416259765625,46.2923730056713,45.362299221750156,45.421485559340766,10738800,QCOM
2019-03-12,46.368473052978516,46.7658698231536,46.11481684399144,46.21627868250353,9575300,QCOM
2019-03-13,46.83351135253906,47.29854828694236,46.50375794860606,46.52912260262743,9198900,QCOM
2019-03-14,46.841976165771484,47.23936978822142,46.7151464237765,46.95189183505853,7306100,QCOM
2019-03-15,47.85660171508789,48.482290170027944,46.43612278128043,46.50376617118286,27985600,QCOM
2019-03-18,48.051063537597656,48.35544904426614,47.721306927566346,47.87350129360738,13089300,QCOM
2019-03-19,48.169429779052734,48.76975012853289,48.00877840002765,48.33853174057553,9363700,QCOM
2019-03-20,48.330101013183594,48.77822723096982,47.983436665847805,48.220182105370384,8804800,QCOM
2019-03-21,48.84585952758789,49.277074798066025,48.363911720706575,48.38927637620118,19542700,QCOM
2019-03-22,48.04261016845703,49.116424621709484,47.98342382441597,48.769760367148756,10243500,QCOM
2019-03-25,47.89042282104492,48.14407907923066,47.408474962867736,47.83969350465637,6929600,QCOM
2019-03-26,49.04033279418945,49.37008624001514,47.91578568364112,48.32163955202649,16051800,QCOM
2019-03-27,48.11870574951172,48.761301702806946,47.619847133966765,48.49073464611277,11934400,QCOM
2019-03-28,47.814327239990234,48.524566722206835,47.63676817578969,48.22017791191195,11064300,QCOM
2019-03-29,48.22016525268555,48.668294539267734,48.144068070089595,48.19480060029142,8529100,QCOM
2019-04-01,48.87968063354492,49.167158552227875,48.28781395091366,48.73594006149647,12066500,QCOM
2019-04-02,49.116424560546875,49.488453469115115,48.75284946165376,49.02341652705135,7614500,QCOM
2019-04-03,48.769752502441406,49.28552189626567,48.34699112722982,49.20942471971105,11563400,QCOM
2019-04-04,48.92196273803711,49.5561050067284,48.778222146584945,48.82895468922942,9905100,QCOM
2019-04-05,49.0318717956543,49.20097378637513,48.778212358745606,49.02341476087002,12332600,QCOM
2019-04-08,48.83740997314453,49.45464463831672,48.62602921053924,48.862777857939,8942400,QCOM
2019-04-09,48.56684112548828,48.75285722208919,48.220176816177535,48.67676002124467,11713400,QCOM
2019-04-10,47.628299713134766,48.921948533520705,47.43382663550349,48.79511882644178,15976500,QCOM
2019-04-11,47.26472854614258,48.11025139508671,47.17172051669253,47.721308433257995,13903800,QCOM
2019-04-12,48.15253448486328,48.3385473476791,47.408473357357366,47.58603240953283,13483500,QCOM
2019-04-15,48.347007751464844,48.76131223540033,48.22017800512533,48.31318605571905,10712500,QCOM
2019-04-16,59.56708908081055,60.05749393863971,48.440010444316755,48.58374779721656,86755900,QCOM
2019-04-17,66.86396026611328,69.77255499423912,64.67405234568095,66.64412248028268,156019300,QCOM
2019-04-18,67.54883575439453,67.81094583487634,65.96770533313803,66.5595753369352,41621200,QCOM
2019-04-22,69.30751037597656,69.7556364629394,67.08378110929506,67.49809195833743,33292500,QCOM
2019-04-23,73.32374572753906,74.37219230025454,70.40668789948764,70.93937144635345,56973700,QCOM
2019-04-24,73.4167709350586,74.93870861582616,72.12312164861594,73.59433000860668,40290400,QCOM
2019-04-25,71.9286117553711,72.98551507048518,71.46357171639053,72.85868538250631,20732200,QCOM
2019-04-26,73.25609588623047,73.35756094592753,71.2014751958615,71.45513461969061,18860600,QCOM
2019-04-29,73.77186584472656,74.38910034001488,72.57967557536604,73.05317273984309,17930000,QCOM
2019-04-30,72.82488250732422,73.9494294731868,72.75724558031925,73.5435821078467,17582400,QCOM
2019-05-01,73.02781677246094,74.59203288107734,72.84180069831115,73.70423123657261,28211500,QCOM
2019-05-02,73.67888641357422,76.38455789997232,72.84182030541194,73.98327526214771,40342000,QCOM
2019-05-03,75.49674987792969,75.9448760383722,73.61123073873028,74.2031007126285,21068400,QCOM
2019-05-06,74.61739349365234,74.9978762059235,72.83333971671807,72.99399112674827,15682100,QCOM
2019-05-07,72.03857421875,74.53287153475617,71.68345602216502,73.72962062248432,21579500,QCOM
2019-05-08,71.48050689697266,72.4782241791954,71.11693179114164,71.742616932283,15500700,QCOM
2019-05-09,70.83790588378906,71.73415807269772,69.55271394401763,70.49124485727496,14516000,QCOM
2019-05-10,72.57967376708984,72.99398458203837,70.47432380969043,70.49968846145728,15955600,QCOM
2019-05-13,70.93091583251953,71.74261704548233,70.16994392948322,70.38132465528065,16689000,QCOM
2019-05-14,72.82488250732422,73.08699898371842,71.02392111561895,71.25220945226931,14353700,QCOM
2019-05-15,72.93480682373047,73.56049196061194,71.77643813377686,72.33448634159951,11784800,QCOM
2019-05-16,70.01776123046875,71.70035673313245,69.44280530234238,70.84637665220309,22498800,QCOM
2019-05-17,68.91011810302734,70.27986755817086,67.64183372076305,68.0561381460709,19523400,QCOM
2019-05-20,64.78398132324219,66.2298250295866,64.31894104452209,65.90852212762391,32679300,QCOM
2019-05-21,65.73938751220703,66.83011252927396,65.29126152978652,66.72019690460559,17282200,QCOM
2019-05-22,58.603179931640625,60.65780047895445,57.470182539298236,58.450985578105275,66150700,QCOM
2019-05-23,57.71539306640625,57.72384365053295,55.719958571816576,56.66694006021332,31820700,QCOM
2019-05-24,55.98207473754883,58.4679143188694,55.77915103218438,58.2818982344402,21420000,QCOM
2019-05-28,55.2718391418457,57.25035980493626,55.16191702667733,56.345650480639335,22667300,QCOM
2019-05-29,55.601600646972656,55.931354138629686,54.75607755024607,55.26339011811616,16312600,QCOM
2019-05-30,56.30335998535156,56.70921376648822,55.74531829346903,55.779139979466,11554600,QCOM
2019-05-31,56.49785232543945,57.36028303444279,55.40712677084489,55.61850754225866,15060300,QCOM
2019-06-03,56.36255645751953,57.60546963229659,56.04125364496318,56.726125091387104,13620700,QCOM
2019-06-04,57.87604904174805,57.918327773739236,56.39638373365982,57.16581279026352,15866700,QCOM
2019-06-05,57.18490982055664,58.30267365660305,56.16954501273312,58.0552299527391,11779200,QCOM
2019-06-06,57.671260833740234,57.995500542309195,56.544969210345236,57.099583939925814,10781700,QCOM
2019-06-07,58.60983657836914,58.68662607420473,57.423817737551346,57.756585239087784,10495600,QCOM
2019-06-10,60.18836212158203,60.973351946149556,58.87435401882732,58.87435401882732,15229200,QCOM
2019-06-11,60.7856330871582,61.621822394640546,59.957978117143924,61.075741972943064,11839500,QCOM
2019-06-12,59.37776184082031,60.043303401488195,59.044994315382155,59.32656883991954,9396200,QCOM
2019-06-13,59.66788101196289,60.14569979570868,59.19859005664635,59.702011855057975,6790500,QCOM
2019-06-14,58.635433197021484,58.976735035390966,57.93576735777004,58.319727857316266,12119500,QCOM
2019-06-17,58.96818923950195,59.710520105458436,58.78900727388277,58.95112057051545,9411100,QCOM
2019-06-18,61.39999771118164,61.76689623938489,59.446050340963815,59.463119022160896,14508000,QCOM
2019-06-19,61.26344299316406,61.963108765073045,60.41019173426089,61.749795950347256,11999300,QCOM
2019-06-20,62.06552505493164,62.859049373561454,61.63037138746544,62.449492214794,9871800,QCOM
2019-06-21,62.048439025878906,62.432399528301005,61.698602848737345,61.698602848737345,15244500,QCOM
2019-06-24,62.42387008666992,62.671307242402825,61.60474308572619,62.261750251721956,8893000,QCOM
2019-06-25,61.90339279174805,63.260059417546344,61.8777897810608,62.48360401461697,8953400,QCOM
2019-06-26,63.951194763183594,64.58260553497911,62.84197176342534,62.935829945454614,13808000,QCOM
2019-06-27,64.36077117919922,64.76180048978166,64.13892393104425,64.28397514684838,11151900,QCOM
2019-06-28,64.90682220458984,65.22252751001847,63.83172380887789,64.5569925778412,29217500,QCOM
2019-07-01,66.14404296875,68.90858207916285,65.76861679470446,68.83178607120018,17693000,QCOM
2019-07-02,65.7088851928711,66.10991435005847,65.37611770282005,65.93926018221764,7075600,QCOM
2019-07-03,65.38463592529297,65.89659184382947,64.8897551857189,65.76006852960909,5290400,QCOM
2019-07-05,65.4102554321289,65.46144843298264,63.22592742202402,63.31125126004409,9220800,QCOM
2019-07-08,65.38463592529297,65.725937701054,64.78736270005362,64.83002786319497,7924900,QCOM
2019-07-09,65.31640625,65.56384346138739,64.71059194412962,65.22254806231825,7506500,QCOM
2019-07-10,63.447792053222656,65.62358632480702,63.20888263716341,65.55532463170628,15075700,QCOM
2019-07-11,62.893165588378906,64.65939588537395,62.54333586790147,63.58429720161414,14298400,QCOM
2019-07-12,63.90853500366211,63.97679668211546,62.850505026802885,63.3539202583645,8028100,QCOM
2019-07-15,64.36077117919922,64.76180048978166,63.81469065281264,64.12186176262927,8898200,QCOM
2019-07-16,64.56553649902344,65.27373677408583,63.609899028859274,64.08771776394136,9909600,QCOM
2019-07-17,64.64232635498047,67.74816085660144,64.59966118207483,67.03996064903295,20602300,QCOM
2019-07-18,63.456321716308594,64.29250461089892,63.1832814738189,63.96827135725267,12580800,QCOM
2019-07-19,63.99385070800781,64.59965838020202,63.498963366849345,63.498963366849345,14477400,QCOM
2019-07-22,64.80442810058594,65.37611137023873,64.04503502917684,64.04503502917684,9645800,QCOM
2019-07-23,63.243003845214844,64.49727808836924,62.551865700040544,64.2839652122842,14420400,QCOM
2019-07-24,64.7361831665039,65.20546750964243,62.86756060093595,63.149135112693834,14012700,QCOM
2019-07-25,64.29248809814453,64.96655744768154,64.07917526005527,64.71057943805793,7299500,QCOM
2019-07-26,64.18157196044922,64.71911800404064,63.86586659591936,64.08771378477255,8262500,QCOM
2019-07-29,63.96828079223633,65.12016928170618,63.71230267911243,64.13040069786771,8237500,QCOM
2019-07-30,63.83173751831055,64.05358471328023,63.44777697798653,63.63549333451536,7397900,QCOM
2019-07-31,62.42387008666992,64.23275873012726,62.0825682545752,63.848798237640075,14052800,QCOM
2019-08-01,60.751495361328125,62.89315813761977,58.23440640629142,58.77195242959383,29729800,QCOM
2019-08-02,60.70883560180664,61.03306877527325,59.736129571615564,60.103027917023866,12649400,QCOM
2019-08-05,58.70369338989258,60.444320353186306,58.49890838614783,59.701995871432175,13071800,QCOM
2019-08-06,58.16614532470703,59.66786958431559,57.492075949711094,59.31803339193646,13189900,QCOM
2019-08-07,59.21565246582031,59.386300153442015,57.27024018384805,57.38969486714165,8934900,QCOM
2019-08-08,60.802696228027344,60.879485728874364,59.17298293894213,59.352164950710026,8367900,QCOM
2019-08-09,61.007469177246094,61.59621466922255,59.88971203489398,60.16275219599492,8702200,QCOM
2019-08-12,59.556949615478516,60.990412210818945,59.497222278580644,60.58084867938247,7364300,QCOM
2019-08-13,61.58769226074219,61.835135971816136,59.13885816270043,59.63374558484833,10134800,QCOM
2019-08-14,60.47844314575195,61.34022868666712,60.19687519517519,60.2736646790261,10336900,QCOM
2019-08-15,60.717384338378906,61.596232406565974,60.23102469814312,60.95629373441506,9107000,QCOM
2019-08-16,62.526241302490234,62.63716811483528,61.20370596664328,61.30609193522091,10090600,QCOM
2019-08-19,63.8829345703125,64.44607710841683,63.26005818489356,63.63549088349081,9688400,QCOM
2019-08-20,64.90682220458984,65.22252751001847,63.422166855133604,63.62694533200575,9387300,QCOM
2019-08-21,65.44437408447266,65.86247192116116,64.83856642433393,65.27372642323029,11004100,QCOM
2019-08-22,65.82835388183594,66.51095116927104,65.35906295751809,65.62357534658463,7198800,QCOM
2019-08-23,62.73102951049805,67.49217308388444,62.47505803943487,64.9494879851217,16479400,QCOM
2019-08-26,62.21055221557617,64.07063370473323,61.8777782366438,63.90852039270927,11153800,QCOM
2019-08-27,63.11499786376953,63.464827501486354,62.45799073642797,62.867554212803675,7303100,QCOM
2019-08-28,63.43926239013672,63.89148474812331,62.21058437272635,62.96144352279901,5678500,QCOM
2019-08-29,65.2310791015625,65.72596656828397,64.18158332915581,64.18158332915581,7348400,QCOM
2019-08-30,66.35736846923828,66.59628436530757,65.70036765697722,65.85395319241121,8465300,QCOM
2019-09-03,64.09624481201172,65.69182069654495,63.737874291663466,65.50410435488428,7580700,QCOM
2019-09-04,65.77715301513672,65.80275602758567,64.53140664409797,64.8385776955642,4923700,QCOM
2019-09-05,67.39833068847656,68.63554920558441,66.4597553888102,66.4597553888102,13480300,QCOM
2019-09-06,67.27035522460938,67.47514030237383,66.92905978125523,67.3727477634916,5128000,QCOM
2019-09-09,66.7327880859375,67.79081794961992,66.52800958227441,67.44098827710346,6885100,QCOM
2019-09-10,67.159423828125,67.30447501871072,65.99046694623439,66.5792125559899,9373900,QCOM
2019-09-11,68.716064453125,68.72466654855374,67.18521954062483,67.22821689481592,6575700,QCOM
2019-09-12,68.0108642578125,68.84509060864252,67.58085121606327,68.84509060864252,5847100,QCOM
2019-09-13,67.43463134765625,68.40645821475442,67.40022952561606,68.09684837786929,5343700,QCOM
2019-09-16,67.11640167236328,67.5034105854238,66.14457506217191,66.72079066569755,3756500,QCOM
2019-09-17,67.67542266845703,67.76142392392,66.66059210645341,66.74659336191638,4400800,QCOM
2019-09-18,67.85604095458984,68.00224377450202,66.77240654514205,67.6754363132613,5147500,QCOM
2019-09-19,67.27982330322266,68.80206612928346,67.2626191122636,68.1484446638419,5180900,QCOM
2019-09-20,65.7403793334961,67.68403306748044,65.50816867511925,67.25402013423984,9122000,QCOM
2019-09-23,66.42839813232422,67.00462046730647,65.41356731621347,65.93818363581596,5815700,QCOM
2019-09-24,64.69975280761719,67.34003211788364,64.18373200676281,67.1508253657673,10177800,QCOM
2019-09-25,66.44558715820312,66.64338939399991,64.39872180089934,64.52772696768766,5571600,QCOM
2019-09-26,66.52300262451172,66.81541484499317,65.31036950705635,66.35960216391148,3760300,QCOM
2019-09-27,65.90376281738281,67.25400281763864,65.54255362121945,66.23057676184247,5013200,QCOM
2019-09-30,65.60276794433594,66.17898366410307,65.37915939581576,66.12738421501236,4775800,QCOM
2019-10-01,64.90616607666016,67.13363036347607,64.47615305806453,66.27360432628483,7043700,QCOM
2019-10-02,63.633304595947266,65.11254996346196,63.44409787757085,64.72554099331083,5997500,QCOM
2019-10-03,65.12976837158203,65.21576965467088,62.91950193266456,63.58171903007367,5419400,QCOM
2019-10-04,66.64338684082031,66.70358837481844,65.22434318346458,65.63715838907675,4893600,QCOM
2019-10-07,65.65437316894531,66.69501026797718,65.59417161921822,66.23059550087812,4215500,QCOM
2019-10-08,62.65288543701172,65.20716340716982,62.61848361367056,64.94915301284958,8489600,QCOM
2019-10-09,63.94293975830078,64.32995544342954,63.26351834623243,63.56453273293651,5137500,QCOM
2019-10-10,64.47615814208984,65.33618424709522,63.78813463349415,63.94293959485426,5580600,QCOM
2019-10-11,65.96397399902344,66.92720522449828,65.3705606789458,65.52536558015646,7280800,QCOM
2019-10-14,65.61997985839844,66.54020732385776,65.60277566569246,65.9209876159829,4545300,QCOM
2019-10-15,66.92720794677734,67.06481522521777,65.60276741843099,66.11878158963025,5222500,QCOM
2019-10-16,67.27982330322266,67.35722247810946,66.46279483105161,66.64339946726382,6218000,QCOM
2019-10-17,67.91625213623047,68.76767601226902,67.42603759408978,67.68404144909793,5916700,QCOM
2019-10-18,66.80680084228516,68.13124129100278,66.79819874753076,67.61522715082761,6107000,QCOM
2019-10-21,67.92486572265625,68.01946255912607,67.09063933791796,67.40884480240018,5119800,QCOM
2019-10-22,67.48622131347656,68.00223544859041,67.28841250492046,67.88183236911304,4944500,QCOM
2019-10-23,66.42839813232422,67.19382065210945,66.1101927512871,66.40259840537276,5785700,QCOM
2019-10-24,67.93344116210938,67.95924088819386,66.72940364017926,67.1336168461072,5271200,QCOM
2019-10-25,68.94828796386719,68.99989398950315,67.86465984768411,67.94205904392084,6712300,QCOM
2019-10-28,71.42516326904297,71.49396036361493,69.26649613119615,69.27509822857182,9949800,QCOM
2019-10-29,70.2297134399414,71.25313973059413,70.04050670477704,71.16713845864936,4993600,QCOM
2019-10-30,70.04051971435547,70.73713867642,69.53310096112156,70.60813346380272,3971000,QCOM
2019-10-31,69.18048095703125,70.06630652607964,68.66446020170369,70.04050680060857,5693700,QCOM
2019-11-01,71.88095092773438,71.94115246540348,69.87708943442983,70.16949502840106,8620300,QCOM
2019-11-04,73.17959594726562,73.85042161750833,72.5087768384994,72.70658566975233,8389200,QCOM
2019-11-05,73.49778747558594,73.73859359534546,72.8699724578521,73.27417898089152,7280000,QCOM
2019-11-06,72.78398132324219,73.62680949697096,72.43137415608888,73.39459885580615,9755300,QCOM
2019-11-07,77.3851318359375,79.55239417395104,75.95748572071234,77.25612664119791,30254000,QCOM
2019-11-08,80.86820220947266,80.93700582890101,77.05828872316239,77.3851026347099,16371300,QCOM
2019-11-11,78.98475646972656,79.56957420323391,78.16773468623444,78.87295549180432,11297700,QCOM
2019-11-12,78.23653411865234,79.33736589643078,77.54851097680334,79.27716436362962,9332100,QCOM
2019-11-13,77.80655670166016,79.03639419836387,77.07553588171245,78.00435901595716,9353200,QCOM
2019-11-14,77.81513977050781,77.90114104097498,76.91211002691162,77.66893039308964,8793600,QCOM
2019-11-15,78.09894561767578,80.79083073713198,77.90114334589639,79.63839268204947,25490200,QCOM
2019-11-18,77.81513977050781,79.10517851194446,76.78310484047269,78.09894330690184,10360500,QCOM
2019-11-19,75.64785766601562,78.59774599685954,74.54702585068178,78.4773429271496,18091300,QCOM
2019-11-20,73.63541412353516,75.99188306681985,73.36880165371866,75.52746833000145,13045100,QCOM
2019-11-21,73.19680786132812,74.2202408237705,72.71519543734449,72.92159982455503,10180400,QCOM
2019-11-22,73.00759887695312,73.80742323463826,72.69798902485068,73.35161055278661,6166700,QCOM
2019-11-25,73.35161590576172,74.21164187736899,73.17101123910149,73.75582916225353,8964100,QCOM
2019-11-26,72.78398132324219,73.57521004847929,72.36257051711588,73.31719968306865,11584500,QCOM
2019-11-27,72.93017578125,73.36878412668031,72.6463657496364,73.23978553183305,5215000,QCOM
2019-11-29,71.85514831542969,73.18818418489765,71.74334077748819,72.68077218231006,3882400,QCOM
2019-12-02,70.90911865234375,72.49156940390546,70.78871557533614,72.22496352788511,7668800,QCOM
2019-12-03,69.3008804321289,69.99749922938473,68.63865689272116,69.98889713418465,11126100,QCOM
2019-12-04,71.13827514648438,71.45028564722492,69.72555909803324,70.13290650801969,8477400,QCOM
2019-12-05,71.58027648925781,72.31697190765064,70.87825624745324,71.6322826417877,6358300,QCOM
2019-12-06,72.64631652832031,73.0189953447222,72.29963748314483,72.32563725437126,6860400,QCOM
2019-12-09,73.59968566894531,73.92903376751713,72.66365414514132,72.8023284208249,8382900,QCOM
2019-12-10,72.90633392333984,73.95503333393376,72.53365507392603,73.70369116922645,8082200,QCOM
2019-12-11,75.39374542236328,75.48908233714442,73.46102057693527,73.5303511048504,9571500,QCOM
2019-12-12,77.17914581298828,77.33515108332466,74.85640435039906,75.26374520016515,12164600,QCOM
2019-12-13,76.12178039550781,77.74249489719973,75.887769174904,77.05781205321436,12269100,QCOM
2019-12-16,76.64178466796875,78.40117321011721,76.57244753026009,77.37847357215139,8719100,QCOM
2019-12-17,76.54646301269531,77.1704841517361,75.99177902518231,77.1358155759722,7485900,QCOM
2019-12-18,76.25177001953125,76.83245363333675,75.91375314765847,76.73711672810266,5860600,QCOM
2019-12-19,76.69380187988281,76.87580694902404,75.93978182377698,76.5811339644206,7471400,QCOM
2019-12-20,77.00579833984375,77.87249276485574,76.42511466205062,76.97979856506998,17538000,QCOM
2019-12-23,76.65912628173828,77.4218216776414,76.48579002577175,77.14447970068235,7274700,QCOM
2019-12-24,76.93647766113281,76.97114623903384,76.2517947377416,76.80647875944786,2435200,QCOM
2019-12-26,76.61580657958984,77.1011534562152,76.26912740527662,77.06648487754835,5070000,QCOM
2019-12-27,76.96247863769531,77.09247753023178,76.34711968870097,77.04914677017118,5808900,QCOM
2019-12-30,76.64178466796875,76.94512638000239,75.67108457710773,76.88445803759566,6543100,QCOM
2019-12-31,76.46845245361328,76.93646162685188,76.16510411328869,76.26044102955863,5173400,QCOM
2020-01-02,76.86714172363281,77.83783538732399,76.3384575193633,77.17915229049203,8413900,QCOM
2020-01-03,75.41972351074219,75.95707627478465,74.91704591921727,75.62773487173705,8340300,QCOM
2020-01-06,74.97772979736328,75.01239836471962,74.13703522294328,74.45771451172452,8381400,QCOM
2020-01-07,77.10979461669922,77.56047275312812,75.32440643557483,75.43707431659384,8377400,QCOM
2020-01-08,76.88446807861328,77.5431577481628,76.19977863211582,77.04914214908922,7619900,QCOM
2020-01-09,77.92450714111328,78.62652758342279,76.98847547646434,77.70783351201979,9155500,QCOM
2020-01-10,78.22784423828125,80.07390106771561,77.88983392602361,78.44451785446456,9668300,QCOM
2020-01-13,78.84317779541016,80.36856154263539,78.47916779361226,78.9125149230914,10367800,QCOM
2020-01-14,78.48784637451172,79.39787818150037,78.25384178513528,78.98186194084315,7800100,QCOM
2020-01-15,77.71650695800781,79.02521771883399,77.35249679534793,78.65253875829495,7259100,QCOM
2020-01-16,79.55387878417969,79.93522643140969,77.84648977934974,78.1931688575267,9295500,QCOM
2020-01-17,83.12464904785156,83.34998479292406,80.55922823798146,80.60256559560823,23694400,QCOM
2020-01-21,81.93728637695312,82.95998599609604,80.96658630395795,82.6219757214292,10868500,QCOM
2020-01-22,80.57659149169922,82.67399066680372,80.35124906249695,82.56132275837983,8342300,QCOM
2020-01-23,79.73589324951172,80.55925037182043,79.26787743043425,80.47258224510702,11282000,QCOM
2020-01-24,77.69915008544922,80.81924843444231,76.98846098033216,80.32523291762135,9471700,QCOM
2020-01-27,75.44574737548828,76.4597781990317,74.92572546483221,75.66242096747722,9240200,QCOM
2020-01-28,77.26579284667969,77.6038030714149,75.74040913226413,76.39909860636325,9187000,QCOM
2020-01-29,76.46845245361328,77.15313523431017,75.70575712345372,76.84113132293568,8158500,QCOM
2020-01-30,76.07842254638672,76.14775967548336,74.70038182044198,75.67107517838467,8379400,QCOM
2020-01-31,73.93771362304688,75.54976609523702,73.70370899234088,75.4457669759699,9503600,QCOM
2020-02-03,74.95174407958984,75.03841220805579,73.80770759171811,74.14571792138334,7792700,QCOM
2020-02-04,77.07513427734375,77.09246525613774,75.72309311138928,76.48578181304372,9236400,QCOM
2020-02-05,78.79117584228516,78.9905118128221,77.36979121776936,78.86050635549022,14220900,QCOM
2020-02-06,78.53116607666016,78.67850251136102,74.70037910032364,76.32109310673783,21059000,QCOM
2020-02-07,75.76643371582031,78.02850695288771,75.73176514137106,77.67316563640307,10725100,QCOM
2020-02-10,76.78911590576172,76.82378447225908,74.96905914494464,75.21173249807319,7481300,QCOM
2020-02-11,78.00249481201172,79.27653661858446,77.04913230900226,77.45647972877487,9452800,QCOM
2020-02-12,79.49321746826172,80.11723854167016,79.12053858344022,79.43254912014446,9824200,QCOM
2020-02-13,78.02850341796875,79.19853965011889,77.81182979674264,78.89519790287318,8428300,QCOM
2020-02-14,77.65582275390625,78.69586007948442,76.95380235309764,78.4791864631999,6256500,QCOM
2020-02-18,76.29511260986328,77.13580729794107,75.86176537785238,76.12177636200052,7248100,QCOM
2020-02-19,78.48784637451172,78.53985253731501,76.83246343244997,77.06646802182641,7820900,QCOM
2020-02-20,77.54315948486328,79.63188983216376,76.85847002303113,78.70452696357682,9754900,QCOM
2020-02-21,75.42838287353516,77.16177099100067,74.8216996773626,76.75442372542012,12257600,QCOM
2020-02-24,72.21296691894531,73.52167712910534,71.68428288081286,72.7156511867356,12158500,QCOM
2020-02-25,69.52623748779297,73.14902095194599,69.02355306451156,72.750342254557,14725000,QCOM
2020-02-26,69.04087829589844,71.09493976872568,68.54685614563489,70.20224560481385,13125000,QCOM
2020-02-27,65.8167724609375,67.76683479009493,65.28808836715545,66.84813426306943,17898300,QCOM
2020-02-28,67.86216735839844,69.17087101024156,63.5633577466959,63.92737438357388,20843300,QCOM
2020-03-02,69.8208999633789,69.95090544811254,66.84813785513961,68.48618977066396,15043400,QCOM
2020-03-03,68.08751678466797,71.63230067502113,67.45483351205864,70.04624817680184,16356200,QCOM
2020-03-04,71.45957946777344,71.5556747864001,68.18362087355928,69.11836079251019,9894900,QCOM
2020-03-05,69.16201782226562,71.08391701800491,68.75143005474554,69.41535935254298,9396200,QCOM
2020-03-06,67.67692565917969,68.20981536239793,66.24424055493994,66.68103495659726,11536500,QCOM
2020-03-09,63.4575080871582,66.48012540171413,62.74990308912779,63.247848581252065,13898500,QCOM
2020-03-10,68.91743469238281,69.04847437350206,64.78536251378046,65.34445893259787,13615600,QCOM
2020-03-11,65.18718719482422,67.95646160436922,64.40095608006078,66.64607863474765,13376500,QCOM
2020-03-12,58.54792022705078,63.361396527877716,58.530451383098196,60.731892293584295,19386200,QCOM
2020-03-13,66.22676849365234,66.9780554368043,58.757587835507714,62.18205452315837,15971400,QCOM
2020-03-16,56.32900619506836,62.17331046913539,56.31153068748902,59.64863948513884,16134700,QCOM
2020-03-17,60.15531921386719,60.985225823904564,54.337218527920406,57.578235180632866,16864500,QCOM
2020-03-18,53.454891204833984,57.272472880137,50.668144459265875,55.525298817466314,18381200,QCOM
2020-03-19,56.78327941894531,59.010933815978035,51.57669029047963,53.39375349899772,17127400,QCOM
2020-03-20,53.210289001464844,59.38656434090719,53.1054592877651,56.809473608270075,16591500,QCOM
2020-03-23,54.62550354003906,56.66096692969637,51.63783161085771,53.76938696385592,14920300,QCOM
2020-03-24,57.18511962890625,59.07207455625362,54.328483973863136,57.65685836074309,18966800,QCOM
2020-03-25,55.105979919433594,58.49550186819561,54.564352495346824,57.569499926487374,15969800,QCOM
2020-03-26,60.260162353515625,60.8542030435153,55.25449526492015,55.9096869083777,15820300,QCOM
2020-03-27,58.172264099121094,60.38244894778912,57.59569906486814,58.093644321021664,9739100,QCOM
2020-03-30,60.303829193115234,60.71441696415743,57.70926958882997,58.69642912302582,9880800,QCOM
2020-03-31,59.09828186035156,61.465706636745594,58.233430840772265,60.53970466961934,13213900,QCOM
2020-04-01,57.56950378417969,60.01554844777697,56.78327252393448,56.78327252393448,14167900,QCOM
2020-04-02,59.42152404785156,59.63119021791184,57.0540985301371,57.54331292865558,15432900,QCOM
2020-04-03,56.984195709228516,60.00681191092435,56.390155107077405,59.12448542869555,8600700,QCOM
2020-04-06,61.98113250732422,62.34804492678122,59.09829300986418,59.84084227443928,12153100,QCOM
2020-04-07,63.53611373901367,65.43179975732617,61.9025003509321,64.34855155614093,11285600,QCOM
2020-04-08,64.06026458740234,64.97752877521896,63.265295626341384,64.38348815908158,10695600,QCOM
2020-04-09,62.531494140625,65.37938911391404,61.1512220993646,65.18720515730621,15459400,QCOM
2020-04-13,64.0340576171875,64.21751045367897,62.40918201974508,62.64504804810464,7896500,QCOM
2020-04-14,67.7468032836914,67.85162965737548,65.49294294014803,65.51914953356903,11314100,QCOM
2020-04-15,66.38401794433594,66.68977272311876,64.67178451819775,66.27045378791783,9951700,QCOM
2020-04-16,67.13528442382812,67.86910233378974,65.8511080801095,67.14402217625508,8819700,QCOM
2020-04-17,66.54125213623047,68.35831829890842,65.93848044314302,67.54588051131367,9926000,QCOM
2020-04-20,64.91637420654297,66.5936695770008,64.7329213792177,65.53662138415305,7217700,QCOM
2020-04-21,62.75862503051758,64.61937370211928,62.68000522662404,64.04280181374845,9273800,QCOM
2020-04-22,65.2396011352539,65.81616618277953,63.55357476157887,64.46210776415039,7365300,QCOM
2020-04-23,64.4795913696289,66.5412616042979,64.43591592577353,65.5191642417161,7673800,QCOM
2020-04-24,66.4277114868164,66.48886245309683,64.34857196832672,64.57570032025089,6071300,QCOM
2020-04-27,66.37527465820312,67.9826747227154,65.94721138160648,66.90815765190865,7219500,QCOM
2020-04-28,65.77249908447266,67.94773324868615,65.65893494411608,67.36243037423147,6250500,QCOM
2020-04-29,68.9873275756836,69.22319368397326,67.11784756272476,67.41486463723436,11950200,QCOM
2020-04-30,68.7252197265625,70.64711881791409,67.51093199684591,70.12296027893922,17113500,QCOM
2020-05-01,66.07826232910156,67.78175797858101,65.23961780436134,67.13530407377269,9742100,QCOM
2020-05-04,66.11318969726562,66.34032461382196,64.72418026961451,65.65892652910547,7202400,QCOM
2020-05-05,67.81671142578125,68.84754670865789,66.88197146575409,67.0479555079405,7540800,QCOM
2020-05-06,68.89994812011719,70.00940291627276,68.59418672118031,68.84752826218192,8179700,QCOM
2020-05-07,68.86500549316406,70.03561126541085,68.36706015251448,69.62502347023508,7291800,QCOM
2020-05-08,70.37633514404297,70.83933629657655,69.32803089924832,69.62504799145633,7887200,QCOM
2020-05-11,70.3064193725586,70.99654855943287,69.4852438867223,70.14043539181654,6604600,QCOM
2020-05-12,68.5068359375,71.45083275794936,68.48936709310013,71.01403833345887,7318100,QCOM
2020-05-13,68.13993072509766,69.45905176301424,67.0479446557852,68.89121767398096,9584800,QCOM
2020-05-14,69.7735366821289,69.88710082158079,66.80333356422106,67.7031289209064,9956800,QCOM
2020-05-15,66.19181060791016,67.87783700797988,64.96879180160269,65.23086440368887,29597800,QCOM
2020-05-18,69.83470153808594,70.0443610161227,67.4498008149571,67.50221401822763,13191000,QCOM
2020-05-19,68.21853637695312,70.01813357818007,68.13991659544335,69.66869677546933,8118400,QCOM
2020-05-20,70.43746948242188,71.5993443004507,69.6163004617085,69.85216652836077,11379200,QCOM
2020-05-21,68.13993072509766,69.96572823381015,68.02636657327261,69.42410740900176,8141500,QCOM
2020-05-22,68.75143432617188,68.80385418514493,67.51967761203744,68.36705979510583,5530400,QCOM
2020-05-26,68.15738677978516,70.38504060914143,67.94772736000722,70.05307930574695,10067300,QCOM
2020-05-27,69.2668685913086,69.29307519339541,66.53253757932342,68.37580413062841,9125900,QCOM
2020-05-28,68.23601531982422,71.18001169988757,67.90405400625225,70.09675689042601,11161700,QCOM
2020-05-29,70.6558837890625,70.9354320335956,68.05259201152718,68.751459290382,10558700,QCOM
2020-06-01,69.6512451171875,70.30643678454553,69.22318176241316,69.79101587378098,6474800,QCOM
2020-06-02,73.93180847167969,74.1502056442871,69.808475451412,69.82594429264137,13255300,QCOM
2020-06-03,74.04627227783203,75.66611378106577,73.61490246481398,74.78576338586295,13029300,QCOM
2020-06-04,75.74534606933594,76.32637381655151,73.9054103173161,73.9054103173161,12109000,QCOM
2020-06-05,77.95502471923828,78.77375079806745,77.3123660204958,77.47082934918984,11882100,QCOM
2020-06-08,80.43761444091797,80.55205756923674,77.77014722050194,78.35118167936687,9748300,QCOM
2020-06-09,79.01143646240234,79.57486009595314,78.40399262888621,79.4340075458352,7327700,QCOM
2020-06-10,80.12068176269531,81.11547517230649,79.25793552333452,79.45161366175468,9079700,QCOM
2020-06-11,73.96702575683594,78.40399186523737,73.87019340762646,78.01664231878115,15241700,QCOM
2020-06-12,75.0410385131836,76.71370499900935,73.53564069090183,75.93019396957389,10113200,QCOM
2020-06-15,76.05347442626953,76.21193777507293,73.15712065547133,73.65892014059193,9852600,QCOM
2020-06-16,78.80897521972656,79.61890279884008,77.2595631478168,79.14351271431956,12639800,QCOM
2020-06-17,79.17871856689453,80.19111617209477,78.61529483795957,79.83017599412423,7620300,QCOM
2020-06-18,79.1611099243164,79.66290940627403,78.3775985703219,79.09948566220024,5709500,QCOM
2020-06-19,78.18391418457031,79.45162086624428,77.06587217031752,79.11709014370933,23213800,QCOM
2020-06-22,78.46559143066406,78.73850449216583,77.12746241410274,78.10465143085987,8028000,QCOM
2020-06-23,78.6593017578125,79.76854506997603,78.44801955624709,79.35477933436121,7778700,QCOM
2020-06-24,78.47442626953125,79.08187013406665,76.96022265833798,78.50083570424324,8208800,QCOM
2020-06-25,78.31597137451172,78.75614657786433,76.8721972448384,78.087078388137,7062600,QCOM
2020-06-26,77.48844909667969,78.99385438247864,77.06588461226075,78.41281982072587,9126500,QCOM
2020-06-29,78.35999298095703,78.48324150277371,76.30877488472979,77.65570995639827,5870400,QCOM
2020-06-30,80.2967529296875,80.93060624301042,78.35117950306802,78.52724688275106,9378500,QCOM
2020-07-01,79.03784942626953,80.37598565312987,78.86178205162255,80.12068325831389,6990600,QCOM
2020-07-02,80.8777847290039,81.4324030017643,79.9358101737532,80.1911058509875,8317300,QCOM
2020-07-06,81.80213928222656,82.53283156296672,81.0802523841507,82.05744164717935,6933100,QCOM
2020-07-07,81.11547088623047,82.3567679533125,80.91299409151878,81.84616320019198,6722400,QCOM
2020-07-08,82.33917236328125,82.40079662301324,81.29155323129679,82.11027937718788,6692700,QCOM
2020-07-09,82.09266662597656,82.70890915800065,80.49923470992864,82.70890915800065,6287700,QCOM
2020-07-10,81.44121551513672,82.330364562817,80.60487862441063,81.8725853206032,5687600,QCOM
2020-07-13,80.40239715576172,82.86737404692191,80.28794731441151,82.13668837845663,7606400,QCOM
2020-07-14,81.32677459716797,81.53806354742731,78.5272598133722,79.988644828231,6571000,QCOM
2020-07-15,81.47640991210938,81.81094055461668,80.1206698610976,81.81094055461668,6154100,QCOM
2020-07-16,80.28794860839844,80.77214398374537,79.83016938523959,80.34077419623452,6178700,QCOM
2020-07-17,81.19471740722656,81.39719423063221,80.11188349915801,80.71052201814301,5985700,QCOM
2020-07-20,82.02224731445312,82.11028101346163,80.37599632171782,81.15950766101274,5407500,QCOM
2020-07-21,81.26513671875,82.62087703136231,80.82496155426055,82.35677596259264,7098600,QCOM
2020-07-22,81.52043151855469,82.12787533820025,80.70170552028694,81.64368001579591,4366400,QCOM
2020-07-23,78.94100952148438,81.84616818825415,78.55365995804422,81.79334931972589,9438500,QCOM
2020-07-24,78.25434112548828,79.48683294385464,77.03946007517091,78.53605296541144,9520000,QCOM
2020-07-27,81.60846710205078,81.73171560216466,78.58006674941618,79.24912811673735,8021700,QCOM
2020-07-28,80.50804901123047,81.51164802486994,79.73334300388069,81.14190243385355,5818400,QCOM
2020-07-29,81.89901733398438,82.4184276938452,80.76336422500958,81.06268692925224,11453000,QCOM
2020-07-30,94.36474609375,94.80492122176781,88.65126809617048,90.16547161119804,42122500,QCOM
2020-07-31,92.97380065917969,94.85774986393368,92.00541662104617,93.01782086313399,16765100,QCOM
2020-08-03,96.47757720947266,99.47957467812294,94.22388279968558,94.54961479844415,18899400,QCOM
2020-08-04,97.67486572265625,97.73648997665035,95.65886939204661,96.38955505610804,10205400,QCOM
2020-08-05,98.06221771240234,99.0041922487251,96.90896098830298,97.718881638563,7967400,QCOM
2020-08-06,97.7717056274414,98.03581341340029,96.77691217120429,97.92137028830611,6392200,QCOM
2020-08-07,95.29792022705078,97.76290376018626,93.31713204681185,96.84733863977993,11155900,QCOM
2020-08-10,93.63404846191406,95.94936708609684,93.07062486731036,95.60603104302706,10087100,QCOM
2020-08-11,95.80852508544922,98.60803931759207,92.20788885365408,93.49319949002233,17803000,QCOM
2020-08-12,101.93577575683594,102.34073614333221,96.53042472495437,97.18188215396657,18664700,QCOM
2020-08-13,99.84052276611328,102.29669399622243,99.27709243993492,102.29669399622243,9958400,QCOM
2020-08-14,100.13102722167969,100.81769928489001,99.1010191268642,99.74367771116087,6641000,QCOM
2020-08-17,98.75769805908203,100.79130512619034,97.39315239176408,99.73488744064989,10283000,QCOM
2020-08-18,98.62564849853516,99.8141201260724,98.17666794002903,99.4003611040422,6387000,QCOM
2020-08-19,97.75411224365234,99.89336405044017,97.49880981377585,98.88976510074126,7747600,QCOM
2020-08-20,97.41957092285156,97.7012827603137,96.54801925862247,96.83853648003218,7200300,QCOM
2020-08-21,99.47958374023438,99.61163762833024,96.79451264293073,97.04101636842825,8546900,QCOM
2020-08-24,102.04141235351562,102.12064066112377,99.7172812489076,100.68567200771933,10235000,QCOM
2020-08-25,102.07662200927734,103.08902627108714,100.74729779567534,102.217481291443,6208000,QCOM
2020-08-26,102.1558609008789,102.60484148409897,101.38995363733179,102.34073367831293,7487400,QCOM
2020-08-27,102.13824462890625,104.03980460842074,101.54841150650765,102.49919149626488,8206200,QCOM
2020-08-28,104.05741882324219,104.11024441663707,102.27030851324395,102.74569855455306,6280300,QCOM
2020-08-31,104.8497314453125,106.57521742577345,103.98699181335229,104.17186459162947,9694600,QCOM
2020-09-01,107.41154479980469,107.90453883143753,105.21066899210093,106.5928187306773,9091900,QCOM
2020-09-02,109.0223617553711,109.68616083893947,107.809819665148,109.09316861155494,9167700,QCOM
2020-09-03,103.04816436767578,107.72130858002639,102.31355846809825,107.35843527882778,13560800,QCOM
2020-09-04,102.64104461669922,104.27841440133616,99.46365603774264,102.39322736313433,11064300,QCOM
2020-09-08,97.15361785888672,100.79123688875949,97.02086346200365,99.07421474811687,10245200,QCOM
2020-09-09,100.91515350341797,102.4640179467649,99.39284669406798,100.43722413168244,9708400,QCOM
2020-09-10,99.5167465209961,102.49941232117614,98.74673726339854,101.91527272257757,6166300,QCOM
2020-09-11,100.38410949707031,101.64975320658426,99.48134581908378,100.3487060730789,6740200,QCOM
2020-09-14,100.41951751708984,102.16309740151942,99.70261671786238,101.9949328179918,5397300,QCOM
2020-09-15,103.18093872070312,104.26956551600763,101.59667064835668,101.7294318252878,8773700,QCOM
2020-09-16,101.39310455322266,104.43773212513273,101.37540621379918,104.43773212513273,6340100,QCOM
2020-09-17,101.67630767822266,102.40206101440246,98.24225645989843,99.05651498292691,7418100,QCOM
2020-09-18,97.96791076660156,102.16311970606715,97.18020294417593,101.8179446716341,15443200,QCOM
2020-09-21,99.0565185546875,99.25123402428335,95.85258610865338,96.6137428975209,8197600,QCOM
2020-09-22,100.73814392089844,101.11872231437034,97.7289201995524,99.66721559334104,6911200,QCOM
2020-09-23,97.86168670654297,100.83550716391437,97.41915398077357,100.5788373726665,6553300,QCOM
2020-09-24,99.29549407958984,100.26906471509895,96.68454697468648,96.81730814146351,6849000,QCOM
2020-09-25,101.34001159667969,102.44634360101026,98.95033716833154,100.49920197439432,11718000,QCOM
2020-09-28,104.85371398925781,105.09267871027106,101.71172866964461,102.63219762736937,9043600,QCOM
2020-09-29,103.88896942138672,105.54404407382638,103.72965738664647,104.56162098501365,5655700,QCOM
2020-09-30,104.15451049804688,105.55291563802614,103.48185881321277,103.9951984345997,5829700,QCOM
2020-10-01,105.78300476074219,106.39370199630336,104.17218613800499,106.14588478549956,5316800,QCOM
2020-10-02,102.1985092163086,105.02187017986292,102.16310578779067,103.35794280208812,5834300,QCOM
2020-10-05,106.66807556152344,106.78313838138295,103.313683747025,103.4641432395197,5835900,QCOM
2020-10-06,105.80071258544922,108.43820354295742,105.41128167124825,106.60611854139526,7637000,QCOM
2020-10-07,108.88960266113281,109.18167588406646,106.78314929341255,107.30533467455427,7410300,QCOM
2020-10-08,108.27890014648438,110.12869038396647,107.83636743687309,109.74811198360024,4757500,QCOM
2020-10-09,110.51811981201172,111.42088355611958,108.67718214469836,109.68615616855963,11073400,QCOM
2020-10-12,112.12895202636719,113.0228633328752,110.58893317161309,113.0228633328752,7893800,QCOM
2020-10-13,112.8104476928711,113.447689180043,110.9872149257253,112.81930023856502,7605700,QCOM
2020-10-14,114.95230865478516,117.2003690276814,114.11148564629356,114.2442535710684,13177100,QCOM
2020-10-15,113.80171203613281,114.29734650491869,112.09353552476637,112.66882939175753,7376600,QCOM
2020-10-16,114.19999694824219,115.22667613855538,113.05826167729612,114.79298919479531,6625400,QCOM
2020-10-19,113.66011047363281,116.79324992255333,113.022862229955,115.17357842862457,5765800,QCOM
2020-10-20,113.55390167236328,114.46551801940069,112.85469914587013,114.33275009685433,4409800,QCOM
2020-10-21,113.775146484375,115.43021426603356,111.84570386929009,113.32375454026837,4344000,QCOM
2020-10-22,113.62471771240234,114.69563944700712,112.2794143177057,114.62483258359906,3895100,QCOM
2020-10-23,114.06723022460938,114.26194568814816,112.49180817984686,113.81055370220555,3943100,QCOM
2020-10-26,111.69524383544922,113.88135631795143,110.10213026599315,112.87238236487543,6065900,QCOM
2020-10-27,111.43859100341797,112.36790564899776,110.80134281644136,111.96962890839404,5825500,QCOM
2020-10-28,107.60626220703125,109.58880698283177,107.13717858509091,109.30558630057455,8234800,QCOM
2020-10-29,111.90767669677734,113.01400849976665,107.88062623289095,108.03108573749425,7053300,QCOM
2020-10-30,109.18167877197266,110.85445199845482,107.62396162763783,109.46489945707773,7811200,QCOM
2020-11-02,109.72157287597656,111.66871430621453,108.34087283462652,110.19065651810118,5860300,QCOM
2020-11-03,111.03145599365234,112.33250326202696,110.35881112562588,111.02261020112203,5832800,QCOM
2020-11-04,114.14690399169922,114.67794871872243,111.58021257030578,114.45668233330083,12608900,QCOM
2020-11-05,128.69737243652344,131.69774382103265,125.52883645295178,129.06025251818167,27910900,QCOM
2020-11-06,128.3433074951172,129.42308818434228,127.41399978334594,129.22837274825093,7278500,QCOM
2020-11-09,126.21917724609375,132.23762466766607,126.06871774868273,132.23762466766607,10666300,QCOM
2020-11-10,124.00652313232422,126.7148213007747,122.60811807373967,124.04191980879529,12019900,QCOM
2020-11-11,130.7152862548828,131.0693069456192,127.44939338849875,127.89192600443104,10222700,QCOM
2020-11-12,127.36975860595703,131.4410511399916,126.62630694822361,130.6091010496855,8580700,QCOM
2020-11-13,127.67949676513672,129.44078131804167,126.76788071899095,128.8123791041338,5899200,QCOM
2020-11-16,131.9366912841797,132.0959965564087,127.93619233067918,128.5114793759836,7598500,QCOM
2020-11-17,131.6446533203125,132.62707661020394,130.26393973328064,131.89247059118347,7438600,QCOM
2020-11-18,130.1488494873047,135.70705825265566,130.02494089081688,132.08714457202555,12124500,QCOM
2020-11-19,130.57371520996094,132.14028496326566,128.741636604425,129.71520057433838,7743700,QCOM
2020-11-20,129.24609375,131.9632508941211,129.16644110861535,131.23749081477027,5551900,QCOM
2020-11-23,127.2901382446289,130.1046403076457,125.57310885799546,125.98909076115012,11649400,QCOM
2020-11-24,129.1575927734375,129.51162705134797,124.89158438857389,126.90953250506983,10800800,QCOM
2020-11-25,127.52022552490234,130.5383018054872,127.48481534578988,129.17529351521117,6398900,QCOM
2020-11-27,127.29893493652344,129.60009645473835,127.18387213385436,128.7681464743601,3878000,QCOM
2020-11-30,130.25509643554688,130.36129998080418,127.49369621862787,128.00703586241923,8712500,QCOM
2020-12-01,133.87498474121094,134.8751129438943,130.8038067870651,131.68887216854745,11906100,QCOM
2020-12-02,133.3150177001953,134.65724322604123,132.99501843957202,133.78612583898607,7800300,QCOM
2020-12-03,133.2528076171875,135.795020290167,133.01280477217958,134.25723885126845,6355300,QCOM
2020-12-04,140.10610961914062,140.5238868338906,133.33280734621363,133.59947567356897,12759900,QCOM
2020-12-07,140.46165466308594,141.30609295992906,139.2972171253713,140.9327627727978,7009300,QCOM
2020-12-08,141.15501403808594,141.59055923381987,138.55057258224306,139.96391077454075,6088300,QCOM
2020-12-09,138.683837890625,143.17270973653328,138.26606086642647,140.97716275857374,7947200,QCOM
2020-12-10,138.44390869140625,140.31057355976267,135.75947083751066,137.26168941655592,7522200,QCOM
2020-12-11,128.2483673095703,133.57279502771001,126.1239320296522,132.65724427297414,25923100,QCOM
2020-12-14,130.03501892089844,131.33279737038555,127.4039261426389,128.7994689500987,12258500,QCOM
2020-12-15,131.875,133.26165864918576,130.75500960565245,132.77276910920082,6616400,QCOM
2020-12-16,133.10166931152344,133.72388621352735,130.40834835024762,132.56833278791365,6610900,QCOM
2020-12-17,132.9150390625,134.42614160129722,131.89282622948537,134.1061422996318,7039000,QCOM
2020-12-18,131.0394744873047,134.03501372666182,129.8839208388844,134.03501372666182,13288300,QCOM
2020-12-21,130.48834228515625,130.98611579731937,128.36390732647436,128.89723027665875,7024600,QCOM
2020-12-22,130.07945251464844,130.6927854520407,128.63946287959612,130.31945530826093,5751500,QCOM
2020-12-23,130.6305694580078,134.70165156682916,130.5505594852607,131.2261208893272,5186700,QCOM
2020-12-24,132.2572021484375,132.35498004759864,130.8438781578162,131.3772146192969,2120200,QCOM
2020-12-28,131.3238983154297,134.28388752344318,131.05723005498223,133.8838783511164,4576600,QCOM
2020-12-29,131.99057006835938,132.4350126745469,130.69279169043458,132.41723117257203,3543800,QCOM
2020-12-30,133.288330078125,134.76388273267094,132.37277942744794,132.55055375085206,3965600,QCOM
2020-12-31,135.41278076171875,135.60833660905055,133.42168640825008,133.61724225558189,4941700,QCOM
2021-01-04,131.9994659423828,137.91054771245717,130.79058140199413,136.00833372895133,9827000,QCOM
2021-01-05,135.49276733398438,135.73277014068626,131.99945493596775,132.13278229340654,8507200,QCOM
2021-01-06,134.39051818847656,136.77272335167277,132.86163498454454,134.6927358172448,7174600,QCOM
2021-01-07,138.39939880371094,139.03939712122136,135.34163207856332,135.40386054210626,8482300,QCOM
2021-01-08,139.23497009277344,140.0260773379416,137.36830584253747,139.75940907886343,6252400,QCOM
2021-01-11,138.76388549804688,140.55943761177065,137.706109815028,138.7550015277902,5147800,QCOM
2021-01-12,137.28829956054688,139.43939985267232,136.85275454657602,139.2349600795164,4385700,QCOM
2021-01-13,139.92831420898438,140.38164080298426,136.5772130239877,137.94610390230596,5479900,QCOM
2021-01-14,142.9772186279297,145.04830962514464,140.88833256209335,141.68832397781415,10102400,QCOM
2021-01-15,139.6349639892578,142.9860647792287,139.44830570450736,142.9060683714785,8607400,QCOM
2021-01-19,145.57275390625,145.86608769197068,140.84387745278474,141.27943614612403,8209000,QCOM
2021-01-20,146.310546875,149.27942094934207,146.1683219513235,146.41720878609976,7943300,QCOM
2021-01-21,146.44384765625,147.99051290275656,145.19051617528672,147.38606386861235,6295700,QCOM
2021-01-22,144.37274169921875,146.01718484868252,143.57275039388173,145.77718203175635,5062300,QCOM
2021-01-25,146.13275146484375,148.48830586657306,143.75942912105006,146.06165256995706,5370800,QCOM
2021-01-26,144.4883270263672,146.35497826124052,143.03055548723583,145.9549825368616,6554200,QCOM
2021-01-27,136.5950164794922,142.8705451731352,135.72391259358037,140.87945057676535,9854000,QCOM
2021-01-28,138.26609802246094,141.306083832726,136.09721592590282,138.91498043223055,8087400,QCOM
2021-01-29,138.91494750976562,142.79048667447267,137.55495453704884,142.4438220650215,9502100,QCOM
2021-02-01,143.62603759765625,144.35491623291165,139.10161627624674,139.8838258405076,8265100,QCOM
2021-02-02,146.4705047607422,147.00384131549706,143.37718800777523,146.2305019547713,6926500,QCOM
2021-02-03,144.2660675048828,148.9593801727626,143.82162491464183,148.9593801727626,14156700,QCOM
2021-02-04,131.5283660888672,134.91501709616807,129.06614987605153,133.49279511339108,46141800,QCOM
2021-02-05,129.635009765625,132.35499621208672,128.55056877459876,132.31056280429473,24695400,QCOM
2021-02-08,131.00389099121094,131.19944679919072,129.155008346963,130.75500424711123,12181600,QCOM
2021-02-09,129.87501525878906,131.9994503139012,129.68834340159918,131.15501209862947,11681300,QCOM
2021-02-10,129.33279418945312,131.33278585217664,128.32834959191453,131.2172264380707,11701300,QCOM
2021-02-11,129.38612365722656,130.28390636279138,127.58168784046724,129.5816794804202,11600200,QCOM
2021-02-12,131.53721618652344,134.577201667631,128.77278292233257,129.39501335663402,9155200,QCOM
2021-02-16,130.808349609375,133.10167505862086,129.83057046164203,132.4438951262085,10211900,QCOM
2021-02-17,128.6661376953125,130.56835155463128,127.48391870581682,129.61725140662804,11937200,QCOM
2021-02-18,127.9194564819336,128.62166973476457,127.07501835959177,127.59055977577597,8404400,QCOM
2021-02-19,128.83499145507812,129.64388004385364,127.54611094390114,128.69276660277086,10012500,QCOM
2021-02-22,123.96392059326172,128.10611480367746,123.62613991887332,126.44390402598523,12763900,QCOM
2021-02-23,121.8839340209961,123.09281843292258,119.50172820052104,121.22616765493358,14425300,QCOM
2021-02-24,125.42169952392578,125.49279839989102,120.0794911160319,121.24392848714359,13146200,QCOM
2021-02-25,120.4705810546875,125.18167419264756,120.01725459466684,124.05278646282139,12701100,QCOM
2021-02-26,121.05726623535156,122.79947346894411,119.73282252843774,121.56392369904054,11772600,QCOM
2021-03-01,123.99056243896484,124.11500578529815,121.29724221500938,122.2216765644415,9421400,QCOM
2021-03-02,121.81282806396484,124.53282830812059,121.57283881328748,124.44393435825398,8693200,QCOM
2021-03-03,117.5883560180664,121.62525456397127,117.4811721928828,121.10725619204128,14862700,QCOM
2021-03-04,114.14091491699219,119.8568862891685,113.05130574480378,118.20461991543742,15831100,QCOM
2021-03-05,115.88250732421875,117.1507381389639,111.99743040678001,116.92745777803091,13292000,QCOM
2021-03-08,110.0325698852539,115.90038488489579,109.84501518143533,115.21267749025115,15256100,QCOM
2021-03-09,115.31092071533203,116.03434697059554,112.82804396440031,113.77475060106381,13130200,QCOM
2021-03-10,114.20342254638672,117.08820732995468,113.9980016502049,116.70415808622896,12492300,QCOM
2021-03-11,117.65980529785156,118.99948725160657,116.1146956323971,117.00781693490043,11920200,QCOM
2021-03-12,116.08792114257812,116.40051909826289,113.9801608096369,116.0164697919087,9365700,QCOM
2021-03-15,117.57048797607422,117.67765817166745,115.31981847296936,116.15935467964853,7807200,QCOM
2021-03-16,119.36567687988281,120.96437191424894,118.15103115728441,118.68690948088295,10434700,QCOM
2021-03-17,119.60679626464844,121.1072470524363,115.81995725542073,117.27574925508152,10781500,QCOM
2021-03-18,115.88250732421875,119.3210303337674,115.8021296649913,118.28500618832994,9579000,QCOM
2021-03-19,117.01676177978516,118.32071130450143,115.36448184964522,115.91821271948773,17599900,QCOM
2021-03-22,119.75862884521484,121.06259190683613,118.42788686345011,118.7494110685109,9036900,QCOM
2021-03-23,118.35646057128906,119.99087449054382,117.36509519823132,119.67827652604869,7425700,QCOM
2021-03-24,113.58720397949219,118.83875647060867,113.5246857408114,118.77624504590486,10962300,QCOM
2021-03-25,113.67648315429688,113.99800738206754,111.0953630247865,113.12275228400576,10460800,QCOM
2021-03-26,118.77622985839844,119.0977541344951,113.46215299411686,113.4800124254662,11071600,QCOM
2021-03-29,117.24005889892578,119.08881325081543,115.90037669716872,118.37431335095458,9750100,QCOM
2021-03-30,116.20403289794922,117.21326450167838,115.27519258230473,116.25761800470443,7097300,QCOM
2021-03-31,118.41898345947266,119.24959359042404,116.6148877342662,116.96320459487076,8361300,QCOM
2021-04-01,123.0632095336914,123.63480676736125,119.32104177316947,120.12484569840885,14069600,QCOM
2021-04-05,125.33174896240234,125.48357799080907,123.45618825299539,124.17961452926701,12562800,QCOM
2021-04-06,123.30435943603516,125.24243157083737,122.92925001910119,124.90305464768,9100000,QCOM
2021-04-07,124.52793884277344,124.99236589319703,122.71490307487373,123.54551325405352,6958500,QCOM
2021-04-08,125.34063720703125,125.36742975520441,123.97416273840342,125.036979242436,7304900,QCOM
2021-04-09,125.54610443115234,125.6443347200739,124.03672681186886,124.94770099239744,6033200,QCOM
2021-04-12,122.7506332397461,124.93877840483648,121.5091947774982,124.01886425939867,10355500,QCOM
2021-04-13,122.62557220458984,123.9384617663054,121.24123129478657,123.59014496184726,9225200,QCOM
2021-04-14,120.34809875488281,123.10784038326638,119.59788011127463,122.42907308113756,9967800,QCOM
2021-04-15,123.10786437988281,123.24184078175294,121.08048838551677,121.46452408938214,11733200,QCOM
2021-04-16,123.43833923339844,124.15282559309807,122.0450581248951,122.91138714538238,6583900,QCOM
2021-04-19,120.79468536376953,122.40230682248236,119.75866113171539,122.26833041795045,8728900,QCOM
2021-04-20,119.14237213134766,120.37488384659336,118.59756761077735,120.16946977003543,7473700,QCOM
2021-04-21,121.63421630859375,121.79497163326862,118.33859587323654,118.62440128770596,7237900,QCOM
2021-04-22,118.75835418701172,121.42879209118918,118.3117934849858,120.90184010555573,8345100,QCOM
2021-04-23,120.9554214477539,121.56275107015651,119.26742259170874,119.44605776932465,7666600,QCOM
2021-04-26,124.1081771850586,124.76015210388762,120.67858005921272,120.8661415819201,9715400,QCOM
2021-04-27,123.25969696044922,124.48328271870514,122.3397828784334,123.88489293133243,9284500,QCOM
2021-04-28,121.9736099243164,123.49191375031796,121.24124375213123,123.40259614904328,13118100,QCOM
2021-04-29,127.43052673339844,129.7705135528282,125.63535802099621,129.51150077224474,20502100,QCOM
2021-04-30,123.96525573730469,126.90361921080826,123.48296253917984,125.99264517515262,11374600,QCOM
2021-05-03,122.7416763305664,124.82265097830312,122.24153049089531,124.76906587090292,7920300,QCOM
2021-05-04,119.78543853759766,121.46451114078225,118.26713487392811,121.46451114078225,11996300,QCOM
2021-05-05,120.2587890625,121.86641028140339,119.7765095108044,121.53595972983327,6285500,QCOM
2021-05-06,121.4644775390625,121.94675696828841,118.87443163095261,120.11586949597661,8352500,QCOM
2021-05-07,123.1167984008789,123.8670171546735,121.72351747932218,122.30405460362547,6893700,QCOM
2021-05-10,115.15908813476562,122.07183980752644,115.05191791594842,121.48238997607926,19537200,QCOM
2021-05-11,114.65000915527344,114.81970443045721,111.43477293406637,111.86347427674977,11948000,QCOM
2021-05-12,111.30079650878906,113.54252642121428,110.46126017318589,112.56009419821797,13529600,QCOM
2021-05-13,113.5246353149414,114.74820698762768,112.41716694424045,113.53356843477842,10633000,QCOM
2021-05-14,116.23974609375,117.37401410060255,114.14984526445724,114.88221136228444,9391100,QCOM
2021-05-17,115.92715454101562,115.9539470914149,114.06052736682219,115.47165392832719,5917400,QCOM
2021-05-18,115.13228607177734,117.21326062565211,115.02510223385944,116.67738231991689,8651100,QCOM
2021-05-19,116.69523620605469,116.84706519674545,112.93518941182458,113.59610410184614,8112900,QCOM
2021-05-20,118.46363067626953,119.03522786925224,117.4097538880632,117.4722653041329,9208400,QCOM
2021-05-21,117.40975189208984,118.50828746050054,116.54342299477233,118.01706793708054,8674000,QCOM
2021-05-24,118.70477294921875,119.67827204063192,117.29363944950487,117.29363944950487,8229300,QCOM
2021-05-25,119.45500946044922,119.94622904737263,118.60654669828347,119.26744793527716,7271400,QCOM
2021-05-26,118.86552429199219,120.14269498521894,118.08851303208186,119.56215789631547,6663300,QCOM
2021-05-27,119.35675048828125,120.24987194168891,118.52615407802902,118.54400669497184,7379300,QCOM
2021-05-28,120.16053009033203,121.14296894195238,119.63359180989434,119.8122133389301,7042200,QCOM
2021-06-01,119.62469482421875,121.52704796320728,119.25851174177404,120.66071902569296,7059600,QCOM
2021-06-02,120.12738800048828,120.94426532838109,118.91551609700575,119.55286039780647,6026000,QCOM
2021-06-03,118.29610443115234,119.74136776474322,117.97293953365715,119.07708055947792,6644000,QCOM
2021-06-04,120.59416961669922,121.23152760698632,118.67313748620997,118.9693731410624,7416700,QCOM
2021-06-07,119.67855072021484,120.0825034627554,119.06812198021554,120.01965936853085,5563300,QCOM
2021-06-08,120.46851348876953,121.53675364096199,119.39130147809004,120.34283898248182,9657900,QCOM
2021-06-09,119.29254150390625,121.50083749579223,119.20276814015371,121.27641778390306,6717200,QCOM
2021-06-10,120.4864730834961,121.27643496445292,119.01428011284555,119.43619032676621,5522300,QCOM
2021-06-11,120.84551239013672,120.87244165760589,119.97476288199057,120.10942291682753,6529900,QCOM
2021-06-14,123.26026916503906,123.26026916503906,120.9981148394734,121.3661664209228,7912600,QCOM
2021-06-15,121.70731353759766,123.32313838514344,121.39312042647991,123.10769050630608,5723600,QCOM
2021-06-16,121.14175415039062,123.02688515342415,119.98375449823583,122.50622979356258,7404700,QCOM
2021-06-17,121.50082397460938,122.64086612194274,120.36973998616533,120.56723040644951,6618300,QCOM
2021-06-18,119.39128112792969,120.80961528427626,118.70905016686704,120.7826860159114,12753600,QCOM
2021-06-21,120.2530746459961,121.27642807111646,119.08608930568502,119.43618353802901,6371400,QCOM
2021-06-22,121.25845336914062,121.46491565685793,119.65160065421216,120.48644905692441,5976400,QCOM
2021-06-23,121.65345001220703,122.29079436924962,121.01609195767128,121.08790791434383,6613800,QCOM
2021-06-24,123.80785369873047,124.33748088299762,122.3985051595376,122.64086856403827,7941700,QCOM
2021-06-25,123.56549072265625,125.19927283749631,122.95507566710667,124.28363655667944,7949200,QCOM
2021-06-28,125.42369842529297,125.8276511953726,123.8617321904929,124.08615191803638,6645500,QCOM
2021-06-29,128.02691650390625,128.32315208318713,125.00174402979262,125.34286627820482,6885400,QCOM
2021-06-30,128.3052215576172,128.93360766213422,127.32675497399897,127.78457991857516,6449700,QCOM
2021-07-01,126.39318084716797,128.3860289273354,125.98922811686198,128.28728370903912,6094100,QCOM
2021-07-02,127.9910888671875,128.0808485594932,126.79717400980273,127.46146148084651,5399100,QCOM
2021-07-06,126.74329376220703,128.5296661150511,125.38778977467906,128.36809047805755,7095200,QCOM
2021-07-07,125.64814758300781,127.79360013294625,124.83125629601335,127.68588302169296,5034900,QCOM
2021-07-08,124.1399917602539,124.66064709342096,121.72524736154425,123.6283219812306,7501100,QCOM
2021-07-09,126.95873260498047,127.22803904068194,123.70913905400064,123.78095501668733,7356800,QCOM
2021-07-12,127.89229583740234,128.38602190186637,126.75223996082012,126.93177297585494,6786500,QCOM
2021-07-13,126.73428344726562,128.06285790240904,126.05205250630713,127.8653674752253,5657600,QCOM
2021-07-14,129.04132080078125,131.36630548468102,127.91922235903532,128.81690111243205,11305700,QCOM
2021-07-15,126.98568725585938,129.3914605884107,126.32139981303023,129.3735031717138,6667400,QCOM
2021-07-16,125.41470336914062,127.92819289470899,125.25311407250231,127.35367904636614,5914300,QCOM
2021-07-19,124.58885192871094,124.68759715832489,122.81145149315307,124.1669554358077,9371300,QCOM
2021-07-20,125.2710952758789,126.05207154840771,123.1615443475051,124.79532654692537,6020400,QCOM
2021-07-21,127.62297058105469,127.66785725254404,125.360816573384,125.360816573384,6161900,QCOM
2021-07-22,127.86536407470703,128.233415651715,127.02154385327053,127.47038323084392,3862600,QCOM
2021-07-23,130.05572509765625,130.1544703258334,127.49733472056259,128.77203713135356,6310400,QCOM
2021-07-26,128.81689453125,129.60685617707747,127.68582429085252,129.22084721014267,6253900,QCOM
2021-07-27,126.50985717773438,128.3680587285302,124.06818362738639,127.91024750611939,7575800,QCOM
2021-07-28,127.86536407470703,128.28727418542528,125.80070019837126,126.81508157488419,9303400,QCOM
2021-07-29,135.54051208496094,136.01628070100722,131.42914198795597,131.50992978370195,19446900,QCOM
2021-07-30,134.4722900390625,135.01987466742102,133.1796303460528,133.9336772678112,8404800,QCOM
2021-08-02,133.6284637451172,136.6985235291657,133.04497801708564,134.6518170064667,10823800,QCOM
2021-08-03,132.8115692138672,134.2747899693791,131.56379629089707,133.67334684654367,6223400,QCOM
2021-08-04,133.05397033691406,133.93369184135616,132.2550366477028,132.87443729279227,5556400,QCOM
2021-08-05,131.8061981201172,132.38071208386296,129.77744868196666,132.17424976653848,7169200,QCOM
2021-08-06,131.3124542236328,133.0629251502057,130.9892893066123,131.1778078821624,5733300,QCOM
2021-08-09,131.88699340820312,132.60513932794646,130.83671065079486,131.77029075821528,4966600,QCOM
2021-08-10,130.9444580078125,132.40767945893066,127.82951014779245,132.24610378083034,4197100,QCOM
2021-08-11,131.6715087890625,131.77025399669776,129.62480239215927,131.1149523628403,6216000,QCOM
2021-08-12,132.0934295654297,132.85646202225678,131.41119861046636,132.64101417977244,5777700,QCOM
2021-08-13,133.43101501464844,134.0324583415283,131.8959777941824,131.9588219032198,5764000,QCOM
2021-08-16,132.9731903076172,133.8259825902489,131.70745967158274,133.21555376750067,4410800,QCOM
2021-08-17,129.63380432128906,131.95878922499807,128.8797573845443,131.9139025435864,7256800,QCOM
2021-08-18,127.63198852539062,129.85824221828304,127.45245547209129,129.1221388930136,6546500,QCOM
2021-08-19,126.22261810302734,126.97666501651341,124.74145354457316,126.25851922855408,8661000,QCOM
2021-08-20,127.55119323730469,127.70379700854815,125.94435401274683,126.22263228369039,6141000,QCOM
2021-08-23,129.39141845703125,129.813328578308,127.78457947200265,128.05387214729322,6936900,QCOM
2021-08-24,129.6787109375,130.6930788663784,129.12214065792242,129.79539989011786,7066800,QCOM
2021-08-25,129.1490936279297,130.549470896241,128.79002745054098,129.67873473119852,5721600,QCOM
2021-08-26,127.8115234375,129.0503109787671,127.12927872166466,128.5386411393833,6825100,QCOM
2021-08-27,130.02879333496094,130.11855300590665,127.39858705162966,127.64993604626633,6274500,QCOM
2021-08-30,131.00723266601562,132.7307741394258,130.66611037422433,130.69303963962994,5263600,QCOM
2021-08-31,131.68055725097656,132.4346044527032,129.7684962703512,131.77930250578578,7820500,QCOM
2021-09-01,132.07730102539062,133.56537723185664,131.86987722495542,132.4290256266859,6451400,QCOM
2021-09-02,130.87786865234375,132.4741640939069,130.32773371266867,132.30280855775274,6006700,QCOM
2021-09-03,130.4359588623047,131.6624884735583,130.075206764121,130.8778612608122,5505800,QCOM
2021-09-07,129.6422882080078,130.5531612441381,129.0741123847728,130.48101084108586,6361200,QCOM
2021-09-08,128.53302001953125,129.5250572145081,127.60410583379796,129.29057869815733,5981300,QCOM
2021-09-09,127.68526458740234,129.45290143084108,127.56801845345062,128.48791896005514,6190800,QCOM
2021-09-10,128.67733764648438,131.67151850839448,128.55107783672233,129.083185527629,6263300,QCOM
2021-09-13,129.33567810058594,130.52612552064167,128.0911075494185,129.88581296263834,4312800,QCOM
2021-09-14,127.2884521484375,130.59827493668183,126.81948134470812,130.291646002479,6442100,QCOM
2021-09-15,124.67304992675781,127.16217694697737,124.02371004995575,126.99082145708759,11289100,QCOM
2021-09-16,124.81734466552734,125.32239752627143,123.84334855158644,123.84334855158644,6719900,QCOM
2021-09-17,120.48844909667969,124.45662586615896,120.0735876221602,124.28527033888537,14550500,QCOM
2021-09-20,119.73088836669922,120.0555584079271,117.79189552352159,118.56749541305003,9647100,QCOM
2021-09-21,118.81999969482422,120.7680196908216,118.39612459121501,120.47941801973232,6175300,QCOM
2021-09-22,119.95633697509766,120.3892394787119,119.0274227148469,119.57755760539895,5163000,QCOM
2021-09-23,120.76802062988281,121.89534511393157,120.14573531288227,120.62371979321613,5918900,QCOM
2021-09-24,120.74095916748047,121.34520340566766,119.7669492165672,120.04652347111663,4554600,QCOM
2021-09-27,120.38018798828125,120.88522704682376,119.06348098012145,119.43323287287292,4319500,QCOM
2021-09-28,117.15155029296875,119.71284187906511,116.97118113483694,118.8199959685784,8851700,QCOM
2021-09-29,116.59237670898438,118.54940986461892,116.24065210979256,117.77381026623678,7037200,QCOM
2021-09-30,116.32183837890625,118.21574889727746,116.06931881129466,117.557395293239,6976800,QCOM
2021-10-01,116.0783462524414,117.25978003586388,114.05817594959225,117.0613698382053,6863700,QCOM
2021-10-04,114.24756622314453,117.05234304813233,113.56215104964004,116.26772965592167,8470300,QCOM
2021-10-05,115.01414489746094,116.1324556700599,113.35472666298587,113.75154017782346,9244300,QCOM
2021-10-06,115.49211883544922,115.68151537470102,113.69742045854505,114.130316021541,8513700,QCOM
2021-10-07,115.29370880126953,117.89106842124006,115.06824393873828,116.57434756909302,8010600,QCOM
2021-10-08,114.13032531738281,115.9701126882009,113.8236895018184,115.9701126882009,6920500,QCOM
2021-10-11,112.6783447265625,114.7436041114016,112.62422846975598,113.68842311171143,6288200,QCOM
2021-10-12,110.88363647460938,113.15632654860467,110.180187078587,113.07515560564059,10531500,QCOM
2021-10-13,112.76850891113281,113.92288793138644,111.39767866410035,112.91280284834366,12373800,QCOM
2021-10-14,116.03324127197266,116.6104307751536,113.62527128768784,113.77859262497155,10637900,QCOM
2021-10-15,117.42208862304688,117.67460814875786,116.0512585111286,116.35790115916227,7609700,QCOM
2021-10-18,117.34996795654297,117.48525515470703,115.65448124876148,116.62849127814347,5290000,QCOM
2021-10-19,119.49639892578125,119.76695956239864,117.5303515715138,118.16165054943062,7330700,QCOM
2021-10-20,119.18975067138672,119.95632296291706,118.37806889288689,119.49637958799886,4804100,QCOM
2021-10-21,119.99240112304688,120.18178389893711,118.50432479178028,119.04544595974684,4579200,QCOM
2021-10-22,118.70275115966797,120.5696070586266,118.53139564106387,119.85713029825004,5216200,QCOM
2021-10-25,118.9823226928711,120.10063347828253,118.41416053945593,118.88313135414906,4876300,QCOM
2021-10-26,118.9913558959961,120.65978787216612,118.20674246033234,119.85713339163503,5802200,QCOM
2021-10-27,118.323974609375,119.37013502900031,117.70168929492056,118.99135565526393,5090400,QCOM
2021-10-28,120.5695571899414,120.69581692596148,118.9281668604014,119.03639932076084,5016700,QCOM
2021-10-29,119.9833755493164,120.56056504867522,119.45128177485564,119.82104745322323,5251100,QCOM
2021-11-01,121.57968139648438,121.63379076663865,119.44227870768422,119.44227870768422,6903000,QCOM
2021-11-02,121.95845031738281,122.40938004514494,120.9573857712996,121.34519249304228,7321900,QCOM
2021-11-03,124.88951110839844,125.22320851153576,121.7871119433652,122.42743830178752,13216000,QCOM
2021-11-04,140.789306640625,143.91876064097633,138.2550832956151,140.97870321688302,48321500,QCOM
2021-11-05,147.03016662597656,152.0084353742623,140.60893080254135,141.6550912208922,27226600,QCOM
2021-11-08,149.57339477539062,151.25085389710412,145.45189049757252,147.19248638598594,14541400,QCOM
2021-11-09,150.37606811523438,152.88323659324521,148.24767900138866,150.16863050813444,12353900,QCOM
2021-11-10,144.1171875,149.81693383352814,143.42275165525155,148.88801941321603,11327100,QCOM
2021-11-11,148.2837371826172,149.311856461084,145.55110400139526,145.9208696987143,7624200,QCOM
2021-11-12,148.7527313232422,149.72674138645021,148.20259639202152,148.80684069987274,7371000,QCOM
2021-11-15,151.97232055664062,153.26198663767678,149.53730296067502,150.15958814035912,12350200,QCOM
2021-11-16,163.96710205078125,165.6986709410086,150.66467210894274,151.6116275011275,33338200,QCOM
2021-11-17,165.5272674560547,168.04346287674426,161.09914828109373,163.0471541175165,21678900,QCOM
2021-11-18,168.03443908691406,170.19889600165652,164.81479463285712,167.06042934689552,15542600,QCOM
2021-11-19,166.843994140625,168.28697472959757,164.40897643785624,166.56441991981623,11889100,QCOM
2021-11-22,163.59732055664062,170.24403494778028,163.2185411884486,163.33578733620504,16062800,QCOM
2021-11-23,163.1824493408203,163.53417397210998,159.64716198595707,162.6413281720902,10696200,QCOM
2021-11-24,162.97503662109375,163.03815963035052,159.9267471014765,161.90182161217365,7886200,QCOM
2021-11-26,158.4927978515625,162.56017935458294,157.8795262187953,158.4296610794064,7835900,QCOM
2021-11-29,165.70765686035156,166.00527212403313,161.43283820194767,161.86572687581045,10440500,QCOM
2021-11-30,162.83975219726562,168.47637417884624,162.64134200261125,165.23870181533454,19309200,QCOM
2021-12-01,158.99237060546875,165.79998232881033,158.7117394755225,163.75407972556815,10637700,QCOM
2021-12-02,160.25975036621094,161.03828216353392,154.99109261345401,155.78771984298177,13101400,QCOM
2021-12-03,159.7889862060547,163.19280563425605,157.2542446914008,161.174046324171,12111800,QCOM
2021-12-06,158.8294219970703,160.2144822763454,155.95067359333993,160.12396367646417,8577500,QCOM
2021-12-07,166.31600952148438,167.2755923805986,161.59050458486243,162.1065145072018,9910100,QCOM
2021-12-08,165.32923889160156,166.31597852977725,163.65448615184604,165.67323162908636,4799400,QCOM
2021-12-09,164.99427795410156,170.04567925359464,164.31532638933052,164.55070510563297,9398900,QCOM
2021-12-10,166.4608154296875,167.97261252337307,163.98942189668318,167.97261252337307,6854800,QCOM
2021-12-13,165.95388793945312,173.17792930872474,165.76377540799328,169.14948579260925,16346800,QCOM
2021-12-14,164.74081420898438,166.4789286669349,162.41428054973863,164.03470564210778,8542800,QCOM
2021-12-15,171.3493194580078,171.80195396921627,162.93031478686873,166.54234315910347,11082000,QCOM
2021-12-16,161.27365112304688,174.42720730734976,159.42690862070188,172.27267669016513,14873000,QCOM
2021-12-17,160.051513671875,163.0569986621387,158.44013644312486,159.0828695037464,16232300,QCOM
2021-12-20,159.93385314941406,160.3050167095326,157.02794774777138,157.77930877081153,6306400,QCOM
2021-12-21,162.5681610107422,163.0841570065257,157.7159200409427,162.38711002649015,7702400,QCOM
2021-12-22,164.1976776123047,164.32441470585732,160.8029192350295,162.0431332086024,5227200,QCOM
2021-12-23,165.42884826660156,166.30696022859402,164.19768197652093,164.3334667898981,4918900,QCOM
2021-12-27,168.6787567138672,168.75117988385873,165.68231884866626,165.8543221507328,4865900,QCOM
2021-12-28,167.31179809570312,169.0408511280454,166.10778884883638,168.91411403960188,5399400,QCOM
2021-12-29,168.56105041503906,169.63832251389766,167.0764101125153,167.18503794994444,5417200,QCOM
2021-12-30,165.41976928710938,168.85074588512757,165.03955803645331,168.2713743869889,4108400,QCOM
2021-12-31,165.54653930664062,167.61055154273265,165.3021266197176,165.94485988085293,4113300,QCOM
2022-01-03,168.57012939453125,169.17665790514323,164.9762107256022,165.5827392362142,5990200,QCOM
2022-01-04,169.49349975585938,171.03245419108327,163.8627258444138,169.28529176740105,8484200,QCOM
2022-01-05,168.83265686035156,175.24196259607874,167.23032697309282,168.83265686035156,17141200,QCOM
2022-01-06,168.33477783203125,170.6160597158839,165.6642368853393,167.04024971517373,9117700,QCOM
2022-01-07,163.31954956054688,170.51643384766433,163.05701386982068,168.9231657125789,7386200,QCOM
2022-01-10,162.65870666503906,162.9483993386952,157.29951652216326,161.38228803499925,11159300,QCOM
2022-01-11,167.8368377685547,168.06315497903725,160.43174527195188,162.21512599561908,9591000,QCOM
2022-01-12,168.76022338867188,171.5122485264446,167.64674653111666,168.9231789704131,7317500,QCOM
2022-01-13,166.4698944091797,173.43141433237403,165.92672755383882,170.82423552802896,10190900,QCOM
2022-01-14,170.81520080566406,172.08257181345735,164.76799702187387,165.48316722958492,9587300,QCOM
2022-01-18,161.9163818359375,168.38000066372234,161.38227654687503,168.26231129676398,10471200,QCOM
2022-01-19,156.13168334960938,164.04373623112076,155.95063238438163,163.46436485441006,10082700,QCOM
2022-01-20,150.7272491455078,158.4129859215731,150.53713662728984,157.99655621244597,9468500,QCOM
2022-01-21,149.3059539794922,155.74241472687203,148.98007052153716,150.4918675313663,11898700,QCOM
2022-01-24,153.95909118652344,154.63804287357644,143.57565561412846,146.81650617795086,17489100,QCOM
2022-01-25,149.77671813964844,154.1853865281283,145.9293257925054,150.42851277175828,10708500,QCOM
2022-01-26,151.17990112304688,158.01468384666035,148.37356210382333,152.61022759366412,10492200,QCOM
2022-01-27,145.9293212890625,155.2083260752298,145.39521603607633,153.27105148216216,10743000,QCOM
2022-01-28,151.0078887939453,151.12557816013287,142.47121050035622,146.66259572003446,10320800,QCOM
2022-01-31,159.1100616455078,159.2820649517765,150.09359086754262,151.2342247428348,11273500,QCOM
2022-02-01,160.3502960205078,160.62186565907302,156.71111091734426,159.72565822519152,9724600,QCOM
2022-02-02,170.37158203125,170.76990250550915,163.1837456911336,163.79933564589012,25646300,QCOM
2022-02-03,162.13365173339844,173.90214643303543,160.49510356050268,163.67260596992054,36120200,QCOM
2022-02-04,162.46859741210938,165.13008997239552,160.06057901820225,162.03407224307472,15708400,QCOM
2022-02-07,158.50350952148438,163.5368017963171,157.91509033183806,162.64964224762855,10376300,QCOM
2022-02-08,161.67196655273438,162.30565200838058,157.4986764482051,157.79741683728977,10163900,QCOM
2022-02-09,166.52418518066406,166.5694513812004,161.99784139313144,164.21574708636143,9666900,QCOM
2022-02-10,157.5801544189453,164.74988201099168,157.01887834221282,162.4052252052304,14362200,QCOM
2022-02-11,149.04344177246094,158.85655139946252,148.05670218110492,158.15044290167523,13572000,QCOM
2022-02-14,149.4870147705078,151.94934657352326,147.08804458930138,149.68617497614164,8381700,QCOM
2022-02-15,156.61148071289062,157.4805447183996,152.31145450834595,152.99040601432668,11100000,QCOM
2022-02-16,156.24940490722656,156.80161944366935,152.32052770391428,154.5112766054381,8340600,QCOM
2022-02-17,150.9988555908203,154.59277423621936,150.9083231753127,153.7870854661074,8878900,QCOM
2022-02-18,151.75926208496094,154.3030652196862,148.68135366989029,151.605368045538,9591700,QCOM
2022-02-22,150.17503356933594,153.85948404128004,148.10197419334074,148.5183900861741,9835500,QCOM
2022-02-23,146.30953979492188,153.13527431779082,146.03797020415726,150.86304077748488,9749000,QCOM
2022-02-24,152.06707763671875,152.41108426540512,141.03184668781586,142.02764807964047,12567000,QCOM
2022-02-25,154.73757934570312,154.8824256595283,149.91250910948156,151.7320943070068,7350200,QCOM
2022-02-28,155.6971893310547,156.60245815109226,152.26621276766087,152.35674517498703,10638900,QCOM
2022-03-01,148.18345642089844,155.56139183160002,146.40007572761712,154.76476465732287,10723300,QCOM
2022-03-02,153.85586547851562,154.9830862663967,149.40155054922138,150.21968549674864,7299400,QCOM
2022-03-03,150.3106231689453,155.2921867756251,149.5379292324428,155.14673622060113,8553900,QCOM
2022-03-04,147.5016632080078,150.96513693186594,145.3472306096184,148.94705555960434,9057300,QCOM
2022-03-07,136.44772338867188,148.3198543804773,136.3568132981002,147.5562595550317,13416100,QCOM
2022-03-08,137.04763793945312,143.9382016458326,134.42959741382384,136.9567417495841,11878400,QCOM
2022-03-09,142.82009887695312,144.0654864228607,140.14750363954684,141.8201435599203,9276800,QCOM
2022-03-10,140.6383819580078,141.17471527014806,136.6567597425412,140.02930949806682,8888800,QCOM
2022-03-11,138.48394775390625,143.9200482456093,138.19306049162523,143.58369207646848,7394400,QCOM
2022-03-14,128.43898010253906,137.5294313875378,127.69357031005165,137.08400815196669,16154200,QCOM
2022-03-15,131.09339904785156,131.29337620718522,126.40272303597511,129.538925834628,13893000,QCOM
2022-03-16,136.76583862304688,137.77487928390545,130.51161748822605,133.6023654177584,11727700,QCOM
2022-03-17,138.9293975830078,139.02939312280242,133.24786434679373,135.62047318107395,8602900,QCOM
2022-03-18,139.98385620117188,141.83830205239985,135.45680173709914,138.64755883021303,18454200,QCOM
2022-03-21,141.43833923339844,143.36552448819154,138.91119468895917,139.9838752370415,8986400,QCOM
2022-03-22,143.27464294433594,145.3927203449529,140.69295739330008,141.31110159385864,7220500,QCOM
2022-03-23,138.96571350097656,142.91097959242092,138.70209653751002,141.91102448080275,7245600,QCOM
2022-03-24,144.04730224609375,144.13819843959308,139.62024288191844,140.26567104912695,9261000,QCOM
2022-03-25,143.6018829345703,144.0473201120274,141.06563885431254,143.6018829345703,7198700,QCOM
2022-03-28,144.03822326660156,144.0836783052372,140.03842954340874,142.26558772725315,9470800,QCOM
2022-03-29,146.419921875,146.62899839406955,142.40192975140985,146.54718765238096,10212400,QCOM
2022-03-30,138.83847045898438,145.6926790814486,137.98396574580823,144.8927148612958,14777800,QCOM
2022-03-31,138.92031860351562,141.0292966262908,137.2931196410395,138.98394456584515,13364200,QCOM
2022-04-01,133.6205596923828,138.96573606618705,129.59348222087056,138.1203306834824,19762100,QCOM
2022-04-04,139.8202362060547,140.11113732022244,133.32056875044955,134.30233920437283,12116000,QCOM
2022-04-05,132.229736328125,138.18397198631794,132.0570155006176,138.0021656992846,15946100,QCOM
2022-04-06,126.61181640625,129.99346571494243,124.95736132821573,129.90255564509178,21054200,QCOM
2022-04-07,126.5572509765625,128.62078709140766,124.46644462032116,127.07539943401638,10201200,QCOM
2022-04-08,124.25740814208984,127.22999024942963,123.95742151924537,125.9391336768513,12992500,QCOM
2022-04-11,123.04835510253906,125.09370674063251,121.53025132899892,122.07567010993338,11210400,QCOM
2022-04-12,123.71196746826172,127.4117883752974,123.17563408797199,125.37552197691346,10591300,QCOM
2022-04-13,127.72086334228516,129.62076467080902,124.06649738984113,125.03008317862624,10440800,QCOM
2022-04-14,124.45736694335938,128.68442107511893,124.24827658501644,128.22081307147718,8002600,QCOM
2022-04-18,126.64814758300781,127.58446276067743,123.23012973434204,123.28467021134416,8785700,QCOM
2022-04-19,128.22080993652344,128.5389673885636,125.03005286246369,126.202728770838,7213800,QCOM
2022-04-20,127.57539367675781,131.63882662778764,127.3208621431257,130.18436270287953,7731600,QCOM
2022-04-21,123.73014068603516,130.57524981945778,122.95744673040838,129.39348830476393,8576500,QCOM
2022-04-22,120.73030090332031,124.83918943528303,120.58485033011648,123.74833787811447,8315100,QCOM
2022-04-25,124.13920593261719,124.36646722463529,119.00310628137957,119.37581812931208,9673200,QCOM
2022-04-26,121.35752868652344,123.94831293719135,120.56666383715103,122.73928121160822,9262800,QCOM
2022-04-27,122.8119888305664,125.54820937129948,118.77582668691805,118.92127722041965,13855900,QCOM
2022-04-28,134.71136474609375,137.4475848771005,126.47542024506699,129.87523926328265,31111100,QCOM
2022-04-29,126.98451232910156,134.08415234582714,126.8299763265024,132.5478639063808,13693100,QCOM
2022-05-02,132.05699157714844,132.41151862746298,126.50272520826854,127.81175243125395,13320900,QCOM
2022-05-03,131.1388397216797,132.43878141357723,129.77527208634888,131.54792110902073,7556800,QCOM
2022-05-04,135.4931640625,135.90223155050688,127.58447510097014,131.4297316817171,11038100,QCOM
2022-05-05,128.75717163085938,133.61147004902355,126.52091416096835,133.61147004902355,14561400,QCOM
2022-05-06,127.7935791015625,130.993422170075,125.33915977388439,128.40263773640243,10080600,QCOM
2022-05-09,122.64838409423828,127.36633118527332,121.86660462039335,125.4391596840913,11668100,QCOM
2022-05-10,124.36647033691406,127.08452045100414,122.38475847896945,126.81180411957199,8841200,QCOM
2022-05-11,120.26667022705078,125.71184153138555,119.89395840478801,122.74835948110734,11530900,QCOM
2022-05-12,119.78488159179688,120.95754371537188,116.1941491392052,119.08491295241521,10749800,QCOM
2022-05-13,122.6574478149414,123.6210472656856,120.4484748956549,122.07565950990515,9280700,QCOM
2022-05-16,121.73023986816406,123.61195612355128,119.99396029547195,121.79386581604412,6378800,QCOM
2022-05-17,126.98451232910156,127.26631409095457,124.26646248462515,124.76644006416795,9094100,QCOM
2022-05-18,118.58494567871094,124.79372616984786,118.06679711836183,124.38465859674506,11992700,QCOM
2022-05-19,118.69403839111328,121.25753864156215,117.7031685814655,118.58494353491002,8419500,QCOM
2022-05-20,119.63037109375,121.16664605137535,114.4124459008952,120.79394800761719,11370100,QCOM
2022-05-23,120.10302734375,120.3848290893772,116.4941173922933,118.13040125343294,10023400,QCOM
2022-05-24,116.83959197998047,118.48496176321677,114.58516350670772,118.48496176321677,9157100,QCOM
2022-05-25,119.29399108886719,120.0575995563772,115.67599527760055,116.17597288402729,9766000,QCOM
2022-05-26,122.57564544677734,123.6301411562505,118.04860445594515,118.18495568090793,7932800,QCOM
2022-05-27,127.04814910888672,127.39359071529223,123.72105429865408,123.72105429865408,9180800,QCOM
2022-05-31,130.19346618652344,130.8752501469175,124.939185574761,126.81181663329451,16007300,QCOM
2022-06-01,127.95459747314453,131.50939886498495,126.26400485012488,130.26658837112046,8514300,QCOM
2022-06-02,133.60202026367188,133.64771457881307,127.66212183794686,128.1738647020547,9589500,QCOM
2022-06-03,129.05116271972656,131.07986783440228,128.49372547751477,129.92843231615728,7458900,QCOM
2022-06-06,128.33839416503906,132.47804639231032,127.8631982655343,132.45976587280416,7238700,QCOM
2022-06-07,129.6634521484375,129.90104313752053,126.55643299417606,127.14128415064708,6062800,QCOM
2022-06-08,126.98589324951172,129.54460751116255,125.60600026132117,128.62164371992043,6773000,QCOM
2022-06-09,124.92979431152344,128.33837873211837,124.91151379421554,125.89845256960544,7153200,QCOM
2022-06-10,121.72224426269531,124.33580057546266,121.00945744502691,123.13868461101829,8544700,QCOM
2022-06-13,117.57345581054688,120.03166251171834,115.69095991403256,119.33714228747704,12320900,QCOM
2022-06-14,119.03555297851562,120.56164820265661,117.71964880383968,118.98987260979814,6794700,QCOM
2022-06-15,119.73924255371094,121.79536174974055,117.16224707887484,120.3240936783791,7860000,QCOM
2022-06-16,110.40901184082031,115.73664586517708,108.77325424458846,115.38025249207355,16422800,QCOM
2022-06-17,110.56434631347656,112.24579799914525,108.16097469380095,110.95729369339045,17273400,QCOM
2022-06-21,113.67140197753906,115.25233218071789,113.05913707232085,113.1048244248442,9208500,QCOM
2022-06-22,111.63355255126953,113.00429848944147,109.98865463667347,111.30457296835031,9081000,QCOM
2022-06-23,109.7419204711914,112.3372031676681,108.04220186000217,112.17271337020144,7908900,QCOM
2022-06-24,114.32019805908203,114.56693620681206,111.26800743141186,111.83457789869449,8128000,QCOM
2022-06-27,116.22097778320312,118.83452692538218,114.6309144667797,115.32542071369265,9947300,QCOM
2022-06-28,120.2601318359375,124.6922025907908,115.69097113074194,118.59695318394904,27081900,QCOM
2022-06-29,119.00814819335938,120.23269172334702,115.96509777152482,118.87107918893233,9973300,QCOM
2022-06-30,116.73270416259766,118.88020440723277,114.53037631991239,116.61390870949788,9277900,QCOM
2022-07-01,112.885498046875,115.83717408705671,111.57871995044385,114.91420318684253,7672800,QCOM
2022-07-05,114.9873046875,115.2980037412134,109.98865025013866,110.664882933848,8113100,QCOM
2022-07-06,116.1113052368164,117.18048528664505,114.28364417168422,115.19747470425031,6038400,QCOM
2022-07-07,122.81886291503906,123.10216219665489,119.03560368440843,119.39199716468694,9408100,QCOM
2022-07-08,124.29010009765625,124.63736020228033,120.27838415320313,121.10084009405769,8393200,QCOM
2022-07-11,120.84495544433594,123.00159607319074,120.00423302209728,122.07861830507801,5887200,QCOM
2022-07-12,121.49378204345703,123.68698396828752,120.58909862471928,122.21571606506195,5991300,QCOM
2022-07-13,123.95198822021484,124.99375459851476,119.27317977647479,119.30059358032881,7200200,QCOM
2022-07-14,129.6725616455078,130.08379658678666,122.31623618230293,123.31230822880076,10718700,QCOM
2022-07-15,131.9297332763672,132.9440859078916,129.79137279173187,131.37229599338622,11880500,QCOM
2022-07-18,129.4806671142578,133.81221547396473,128.68563891030132,133.3918611833012,7856600,QCOM
2022-07-19,134.67117309570312,135.67639204990803,130.84222173006498,131.7195049940933,9686500,QCOM
2022-07-20,138.6372528076172,139.20382334348915,133.98584424329286,134.72604483214465,8517400,QCOM
2022-07-21,142.42962646484375,142.4844540654202,137.65029671398372,139.70641539928425,8060400,QCOM
2022-07-22,140.45578002929688,143.16072511806075,139.2221169135303,142.24689439055206,7200100,QCOM
2022-07-25,140.0445556640625,140.7664757863076,138.60070147562232,139.63333463524188,4928900,QCOM
2022-07-26,137.04718017578125,139.5419338818945,136.9009639289892,139.4688257584985,5941800,QCOM
2022-07-27,140.1998748779297,141.46096544115724,137.57718578177375,138.47273577539704,12863000,QCOM
2022-07-28,133.83047485351562,137.06544265429906,130.67776239569557,136.87353211264707,17051000,QCOM
2022-07-29,132.56027221679688,132.78872987991528,128.54855621019547,132.1399179252705,11749400,QCOM
2022-08-01,134.7259979248047,136.5810863102728,131.65554142347742,131.87485177703272,7611400,QCOM
2022-08-02,134.36053466796875,136.52630909325308,132.35924308533606,133.13600480394854,5946400,QCOM
2022-08-03,136.30697631835938,137.38528973861045,133.95842497162002,134.9362304115632,6890200,QCOM
2022-08-04,137.99754333496094,138.13462628084866,134.98191374069305,135.86831652648667,6254700,QCOM
2022-08-05,137.26649475097656,138.24428620073442,134.94535731661702,135.76781318817225,5041300,QCOM
2022-08-08,135.07330322265625,138.16205521488337,133.9218816483932,136.90096448310803,5553300,QCOM
2022-08-09,130.22999572753906,133.87618489571483,129.13340177998163,133.0445956907706,6770800,QCOM
2022-08-10,134.32394409179688,134.4975601659674,131.30830079047263,133.28217792704262,6840000,QCOM
2022-08-11,135.09158325195312,138.57327570951475,134.3513826751737,135.53021804857264,6243200,QCOM
2022-08-12,138.25344848632812,138.41794527272285,134.49760353373205,135.24695144428998,4967500,QCOM
2022-08-15,139.0210723876953,139.54194864908473,135.61247375038727,137.3670410096733,4502900,QCOM
2022-08-16,137.10198974609375,139.3500189269517,136.0236764417431,138.39962739177957,5270800,QCOM
2022-08-17,135.7312774658203,136.7364968482848,133.7482664512771,135.45712545751633,5169600,QCOM
2022-08-18,138.335693359375,139.73385318990796,135.02761680252382,135.31091602738607,7808200,QCOM
2022-08-19,134.88143920898438,137.42188785969654,134.24174645800971,136.42580163452706,5400300,QCOM
2022-08-22,129.4075469970703,133.2456325851264,128.94149842827457,132.77958401633066,6736800,QCOM
2022-08-23,128.59425354003906,131.2352236297148,128.4480372856748,129.84619710115314,4499300,QCOM
2022-08-24,129.1333770751953,129.49891761708116,126.66603767923598,128.16471904110318,5113100,QCOM
2022-08-25,133.6477508544922,134.3331239357973,129.7822505802378,130.07466917740675,5618800,QCOM
2022-08-26,126.45588684082031,134.66208198089416,126.15432106012493,133.56548801542382,7918600,QCOM
2022-08-29,125.26790618896484,127.14126179550462,124.3814893499282,125.93499865390667,6852300,QCOM
2022-08-30,122.82797241210938,126.38277283392914,121.48464033515928,125.92585754092428,6147400,QCOM
2022-08-31,121.5506362915039,123.29665171153768,120.65924548654762,122.94744301865374,8701100,QCOM
2022-09-01,119.39107513427734,119.58406257044876,115.86227819959547,119.44621039541416,8716300,QCOM
2022-09-02,118.0677719116211,121.91820987092943,117.22233186194602,120.97168383584795,6121400,QCOM
2022-09-06,116.40444946289062,119.02348630066763,115.9817294742943,118.39858734749578,6674200,QCOM
2022-09-07,118.17805480957031,119.26241898138161,116.1287745107102,117.1396273396011,5340100,QCOM
2022-09-08,118.40779113769531,119.28079878147096,115.69685974974155,117.13962410476721,6618800,QCOM
2022-09-09,121.34844970703125,121.8630641258468,119.74945717240468,120.0894672657954,5097300,QCOM
2022-09-12,122.22145080566406,123.34258102505517,121.59656590813617,122.22145080566406,7081300,QCOM
2022-09-13,114.80545806884766,119.37267482587652,114.40111418256205,117.97586833785968,9610900,QCOM
2022-09-14,117.19474792480469,117.53476501123319,115.32926374457602,116.03685853286801,7509300,QCOM
2022-09-15,114.85142517089844,117.70019483978376,114.16220636337313,116.43202774683559,7459600,QCOM
2022-09-16,114.82383728027344,115.54981518176433,113.07782211155114,114.06110721638657,13818500,QCOM
2022-09-19,116.38607788085938,116.87312469065671,113.40865475284271,113.60163516741734,5922700,QCOM
2022-09-20,114.65843963623047,116.29419152253452,113.84975874598634,115.54983043051915,5672700,QCOM
2022-09-21,114.52059936523438,119.27160564234013,114.41032183224479,115.27414497958925,8123700,QCOM
2022-09-22,113.65678405761719,115.01684568058364,112.54484514821804,114.64006934186911,8753000,QCOM
2022-09-23,111.36856079101562,112.73780672159418,109.40199055157672,112.42535724773522,10681300,QCOM
2022-09-26,110.03607940673828,113.19729861965831,109.89823424131977,111.69020736956767,6424600,QCOM
2022-09-27,110.58745574951172,112.73782215353953,109.12631518935532,111.70858617260096,5544400,QCOM
2022-09-28,109.29171752929688,110.68853114514837,108.23491401796998,108.970083507005,11321200,QCOM
2022-09-29,105.53317260742188,107.95003753346712,104.2650126197271,107.77543320497377,12125800,QCOM
2022-09-30,103.82392120361328,106.85647966107152,103.76877893308404,104.54070762062894,7568100,QCOM
2022-10-03,107.72029876708984,108.7311515485411,104.45799382444247,105.67101856440313,7481700,QCOM
2022-10-04,112.45294952392578,112.52646087245559,110.56908187230351,110.64260023192998,6637200,QCOM
2022-10-05,114.76870727539062,115.38440768457092,110.76204832579151,111.08368234468452,7070300,QCOM
2022-10-06,115.1270980834961,116.90068793503008,114.31841727973958,114.4195032565961,6238600,QCOM
2022-10-07,111.11125946044922,114.0519234288534,110.56907037843648,112.68267742585545,8618500,QCOM
2022-10-10,105.3126220703125,111.23071589469295,104.25581860008805,110.81718044403353,9512600,QCOM
2022-10-11,101.11298370361328,103.37362034906228,99.84482373502354,102.92333273146888,10758800,QCOM
2022-10-12,99.83563232421875,101.82058568063293,99.59670119551801,101.37948259773124,6987900,QCOM
2022-10-13,103.71363067626953,105.86398965783374,96.17817568391395,96.83981974748319,10455000,QCOM
2022-10-14,101.03946685791016,105.6710177410628,100.89243716901896,105.34019217718792,7989800,QCOM
2022-10-17,102.54656219482422,105.20235836157379,101.64598690920049,104.68773690154991,7886400,QCOM
2022-10-18,102.19734954833984,106.68186343385544,100.66269090233847,105.63425155481657,8908900,QCOM
2022-10-19,103.70445251464844,104.45799811113709,101.77464130521128,101.8757272886143,5620200,QCOM
2022-10-20,102.90496063232422,106.68187305620052,102.66602949470106,103.99851631737282,7736400,QCOM
2022-10-21,106.3602294921875,106.58996906246419,102.02274528358843,102.69358791367829,7490100,QCOM
2022-10-24,106.94837188720703,107.53650467932819,104.98180154897139,106.91161271131246,6525700,QCOM
2022-10-25,109.51228332519531,110.21988530004646,106.81055008885518,107.1229926151345,6205100,QCOM
2022-10-26,108.53816986083984,110.95502776575805,106.7462039061984,108.47384305762439,7342300,QCOM
2022-10-27,105.40450286865234,110.82635765771724,105.11043652472482,109.65009228200717,8937200,QCOM
2022-10-28,109.54902648925781,109.76957453503728,103.22659542517707,104.917475461313,9418700,QCOM
2022-10-31,108.12464141845703,108.78628553252142,106.04779361139242,108.55654594801281,6870800,QCOM
2022-11-01,107.82139587402344,110.85395453135162,107.28839829405362,110.03608207740673,5749100,QCOM
2022-11-02,103.38282012939453,109.16306931396066,103.15308052910699,109.08955095920557,13936300,QCOM
2022-11-03,95.46138763427734,97.86906095356123,93.66942171703064,95.92086679368373,24706100,QCOM
2022-11-04,98.04366302490234,98.78801700248682,95.87492088144849,97.97014467842364,11977900,QCOM
2022-11-07,101.16812133789062,101.34272566785796,97.6485161875032,98.76964649574347,7570800,QCOM
2022-11-08,103.41959381103516,105.57914495438888,101.01191993835862,102.52820291512941,9383600,QCOM
2022-11-09,101.4805679321289,104.31096125082544,101.333531235061,102.42709388344277,9581300,QCOM
2022-11-10,110.89988708496094,111.19395345829112,105.24829218052294,106.51645911202432,11673200,QCOM
2022-11-11,111.58912658691406,112.25996935065457,109.34686569074196,109.34686569074196,9433800,QCOM
2022-11-14,111.01016235351562,113.22484814908117,110.51392404400123,110.95502008950609,6971000,QCOM
2022-11-15,115.80712127685547,117.74613085172109,113.41783111154147,115.46711119473065,12470200,QCOM
2022-11-16,110.94583892822266,113.80379279833944,110.23823710919572,113.21566004571977,9561700,QCOM
2022-11-17,112.9032211303711,113.14215225958618,109.08954265373103,109.31009069010882,7273700,QCOM
2022-11-18,113.81299591064453,114.40112872303284,112.23238634818989,113.98760024938662,6436600,QCOM
2022-11-21,110.45880126953125,112.57240847804746,110.366906828095,111.27667371717791,8204200,QCOM
2022-11-22,113.62919616699219,113.75784976920255,110.30256456860656,111.04691855440873,7010200,QCOM
2022-11-23,115.00763702392578,116.74446771613461,113.29837395999078,113.52811354373371,5481500,QCOM
2022-11-25,113.4454116821289,115.20062559155669,113.39946796878397,114.7411463915301,3153800,QCOM
2022-11-28,109.85227966308594,113.44540308936789,109.2181961715262,112.25995301285414,7087500,QCOM
2022-11-29,108.78630065917969,111.53399151995603,108.73116539478174,110.40366952212109,6277600,QCOM
2022-11-30,116.98018646240234,117.08191697174873,109.19322328388185,109.82209958902358,12776700,QCOM
2022-12-01,117.276123046875,118.56161900613617,116.23108165040905,117.19289284579126,7924800,QCOM
2022-12-02,116.21257781982422,116.36054496020991,113.86354037389302,114.40917934677489,6122200,QCOM
2022-12-05,114.02999877929688,116.03685102934946,113.22540502686128,115.21376403175559,6091600,QCOM
2022-12-06,110.774658203125,113.7525721977166,109.65562968104656,113.58610473665873,5968000,QCOM
2022-12-07,109.32268524169922,111.27405089918831,108.90652015318373,109.59088318648853,5427100,QCOM
2022-12-08,112.5965576171875,113.15144683904869,109.29495863294424,110.03481563262534,7347600,QCOM
2022-12-09,110.09954833984375,112.27286849076864,109.91458056916565,111.35730095725881,6036000,QCOM
2022-12-12,112.09712982177734,112.13412336896593,107.33431822216276,107.33431822216276,9008400,QCOM
2022-12-13,114.20573425292969,118.33042029245414,112.66129040820756,117.43335306245676,9712700,QCOM
2022-12-14,112.55953979492188,117.06340366870948,111.07058301952219,114.89008390241605,9444100,QCOM
2022-12-15,107.87071990966797,111.45900951155282,107.35282433259952,111.2093118742657,10207800,QCOM
2022-12-16,105.91935729980469,107.88922327935212,104.82807226295908,107.35282738454026,12733900,QCOM
2022-12-19,104.14371490478516,106.50200270683838,103.12641691292248,105.43846101070068,7720200,QCOM
2022-12-20,103.67204284667969,104.30091904412417,102.74722532430823,103.02467340333877,6260200,QCOM
2022-12-21,105.97484588623047,106.31703093989685,104.21769808276089,104.28243503282769,5843800,QCOM
2022-12-22,102.35880279541016,104.1252005792339,99.30690217499307,104.10670733349339,12051400,QCOM
2022-12-23,102.50678253173828,102.5807696353923,100.07451470945016,101.4524909999633,5356700,QCOM
2022-12-27,101.23053741455078,102.36806620941218,100.70339164517566,101.49873537522215,6158100,QCOM
2022-12-28,98.92774200439453,101.97963591889187,98.789017950145,100.68489689469219,5395600,QCOM
2022-12-29,101.58197021484375,102.3403274832517,99.98203958551198,100.20399385228077,6668600,QCOM
2022-12-30,101.6744613647461,101.78543497431046,99.15895606289898,99.85256934587304,5642300,QCOM
2023-01-03,99.14044189453125,103.33911456039216,99.07570494607121,102.9784362681436,8110400,QCOM
2023-01-04,103.14490509033203,103.79228163936271,100.6294001066891,101.54497460457272,7614200,QCOM
2023-01-05,101.17505645751953,102.58077623843842,100.92535173056352,101.66520870313073,7546000,QCOM
2023-01-06,106.66845703125,107.26034677789512,101.77617820817458,102.61775854280447,10259300,QCOM
2023-01-09,105.99335479736328,109.91457978227962,105.00380016266651,107.95397081772091,10291800,QCOM
2023-01-10,108.12042236328125,108.17590915801843,105.17025214259101,105.44769317207479,6384800,QCOM
2023-01-11,109.48915100097656,109.59088149763231,106.51123731152249,108.61057713618398,7374400,QCOM
2023-01-12,112.44856262207031,113.17916933394407,108.80478626963146,110.27524278871304,9527600,QCOM
2023-01-13,111.20006561279297,112.29135065678747,110.71916356809292,110.81164391640466,8040400,QCOM
2023-01-17,111.237060546875,112.19887170403668,110.07178838741781,110.73765819282193,6179500,QCOM
2023-01-18,112.86474609375,114.66813767680381,111.91218504958317,112.47632437675358,10960400,QCOM
2023-01-19,108.74004364013672,111.99539814446946,108.59206945295007,111.9584045976728,8716200,QCOM
2023-01-20,113.66007232666016,113.71555911888572,108.51808222123054,109.51688681607632,8895000,QCOM
2023-01-23,121.1788558959961,122.13141694928359,116.36055677245723,117.02642661128311,13419500,QCOM
2023-01-24,120.8736572265625,122.97299712510078,120.36500472538407,120.73494023151231,7952400,QCOM
2023-01-25,121.3083267211914,121.65050472826294,118.09920841914018,118.79282164099683,6880300,QCOM
2023-01-26,123.8885726928711,124.71165979764098,121.29908057408599,124.30473779319802,7413600,QCOM
2023-01-27,123.37065124511719,124.74863442698371,121.53951651089378,121.60426051071357,6581900,QCOM
2023-01-30,121.7337417602539,122.44584113176128,120.36500159062156,121.19734587403522,9854300,QCOM
2023-01-31,123.1949462890625,123.59261104341797,121.44704176568662,121.44704176568662,7125100,QCOM
2023-02-01,128.05026245117188,129.41898866920266,122.70480326686118,122.70480326686118,10500600,QCOM
2023-02-02,125.63648986816406,128.6976341894756,124.66542846332915,128.0502646234517,17673200,QCOM
2023-02-03,124.86884307861328,127.99471613900694,118.90377396809585,121.29904752798723,13187300,QCOM
2023-02-06,122.9360122680664,124.73941810433371,121.94646464954492,122.32564330005434,6830500,QCOM
2023-02-07,126.35785675048828,127.05147007974307,122.3811375071076,123.13948074239454,7664200,QCOM
2023-02-08,122.23314666748047,126.03414775977355,121.85396804556085,125.1370735135722,7151700,QCOM
2023-02-09,120.71643829345703,125.06307812252216,120.1522990018986,123.82382594486805,5717500,QCOM
2023-02-10,119.292236328125,120.17081029226604,118.02523358019423,119.56967033983436,5319200,QCOM
2023-02-13,121.00312805175781,121.54876703388895,118.73732781672133,119.72688939492863,5550400,QCOM
2023-02-14,122.39036560058594,122.88977503892144,118.70959526915433,119.48643871590114,5579900,QCOM
2023-02-15,123.06547546386719,123.30592294144041,120.50372695507826,120.78117503633696,3501100,QCOM
2023-02-16,120.374267578125,122.62156767291232,120.18004966434961,120.91990659970743,5788400,QCOM
2023-02-17,118.1176986694336,120.0505639630425,117.41483535548583,119.76387278026556,6022500,QCOM
2023-02-21,114.3999252319336,118.02521529905026,114.26120824756504,116.02760605456979,8164400,QCOM
2023-02-22,114.63114929199219,115.57446728242154,113.6785882048834,114.97333437570464,5517800,QCOM
2023-02-23,116.71198272705078,117.66455081807258,114.37219523918057,117.0911613442243,6440200,QCOM
2023-02-24,114.99181365966797,115.3339987018237,113.91902894381985,114.8993333135118,7357200,QCOM
2023-02-27,114.1409912109375,117.0819115825858,113.78956304851613,116.9894312299274,7787200,QCOM
2023-02-28,114.24271392822266,115.69467723896187,113.67857464292288,114.32595117900037,6491800,QCOM
2023-03-01,115.08013916015625,116.74567565714375,114.42881521112143,115.17318442446143,5530600,QCOM
2023-03-02,115.17317199707031,115.61979915600133,112.45621081869196,113.66582042083603,5258900,QCOM
2023-03-03,115.00569152832031,115.57327682680126,113.2098903755146,115.36857300126412,7052100,QCOM
2023-03-06,113.89845275878906,116.46653620415111,113.54487080553139,115.63842125925628,7031300,QCOM
2023-03-07,110.90234375,113.98218668594829,110.05561552714737,113.96358047286186,8879700,QCOM
2023-03-08,112.7725830078125,113.28434263133292,111.05122069972398,111.23731833504911,7633900,QCOM
2023-03-09,109.06932067871094,113.4425118491462,108.80879110755627,112.84701365825029,8055500,QCOM
2023-03-10,107.18047332763672,110.00909326111062,106.56636183007997,109.36706889528281,6884500,QCOM
2023-03-13,106.47332763671875,108.15747045384585,105.40328928208203,105.84991651753789,7673700,QCOM
2023-03-14,108.4458999633789,108.92043288334496,105.998767925999,108.31563518940025,8312100,QCOM
2023-03-15,107.45960235595703,108.10162668143688,105.27300692572732,107.2362923249241,8596900,QCOM
2023-03-16,112.13056945800781,112.4283185856401,107.85042308620642,108.86462861195733,11207800,QCOM
2023-03-17,112.33527374267578,114.32647237235352,110.86513431361675,112.38179282907434,12304100,QCOM
2023-03-20,113.34947967529297,113.53557021934722,111.47923918228112,112.37248657176012,5945000,QCOM
2023-03-21,115.19180297851562,116.37349279665175,113.65653120147189,114.43811997588023,6900600,QCOM
2023-03-22,113.4890365600586,117.46212666653008,113.39599129997907,115.37788302537611,7072700,QCOM
2023-03-23,115.5174560546875,118.1692850473886,113.60999625176478,115.32205887616199,7353800,QCOM
2023-03-24,116.08505249023438,116.24323015957836,113.74957858236483,115.03362034940872,6987200,QCOM
2023-03-27,115.00569152832031,117.29463893415745,114.74516196814508,116.99688985125745,4818000,QCOM
2023-03-28,112.90284729003906,115.08014347060588,111.85142227610099,115.0057044168141,5272100,QCOM
2023-03-29,116.39208984375,117.2015985239722,114.68003432099302,114.83821197494153,6410100,QCOM
2023-03-30,118.54147338867188,119.27654302276437,117.63891944429378,118.24372429248616,8156400,QCOM
2023-03-31,118.7089614868164,119.07184298753127,117.50865840795237,117.84362703921204,6222400,QCOM
2023-04-03,116.06643676757812,118.6996597449824,115.01501174747663,118.15998725017678,6367800,QCOM
2023-04-04,113.79608917236328,116.51305044566607,113.34015534240706,116.24321422964037,6962700,QCOM
2023-04-05,114.48464965820312,114.65213398625158,112.81911303452655,112.97729070576699,6920900,QCOM
2023-04-06,114.44741821289062,115.23831358563905,112.63301076370905,113.83330670769168,5260600,QCOM
2023-04-10,115.6477279663086,115.91756421010814,113.21920887101162,113.6006965957635,5243700,QCOM
2023-04-11,114.97779846191406,116.5409831910676,114.60561026946812,116.5409831910676,5001400,QCOM
2023-04-12,111.90723419189453,115.84311171338241,111.79558272389926,115.75937311238596,5288300,QCOM
2023-04-13,112.70744323730469,113.20059661448194,110.83721004219815,111.7025444678812,6077100,QCOM
2023-04-14,111.80488586425781,113.4425022004877,110.5022310203812,112.46551639175358,4833100,QCOM
2023-04-17,111.0791244506836,111.50713832844298,109.95326047027122,110.84650774979926,6370200,QCOM
2023-04-18,110.13005065917969,112.40039191547308,109.24611004160226,111.972370941829,4829900,QCOM
2023-04-19,110.29752349853516,110.43709492335094,108.35284440360299,109.09722060335548,4241900,QCOM
2023-04-20,110.3906021118164,111.56299249614064,108.97629542352186,109.13447310663315,5125000,QCOM
2023-04-21,109.57176971435547,109.97187071266656,108.44590576536332,109.67412162780003,4980700,QCOM
2023-04-24,109.1902847290039,109.63691194584204,108.46452171317836,109.6276052895395,4097900,QCOM
2023-04-25,106.11973571777344,108.71573170423925,105.7754604645381,108.62268644898313,7045200,QCOM
2023-04-26,106.22209167480469,107.09672562620925,105.3381439689524,106.34304980135579,4671100,QCOM
2023-04-27,105.99879455566406,106.36167610275531,104.35187115724221,105.96157502533426,6945700,QCOM
2023-04-28,108.67852020263672,108.77156545868168,105.82198753877887,107.09672245428052,8652500,QCOM
2023-05-01,107.78527069091797,109.40428803392031,107.47822204211947,109.0600127623604,6208500,QCOM
2023-05-02,108.03651428222656,108.92045501366506,106.48263623483926,108.05512049704772,7081200,QCOM
2023-05-03,104.98457336425781,108.69713400109414,104.77056287140879,108.54826300081096,11491700,QCOM
2023-05-04,99.16915130615234,99.67160422018287,96.3033119145256,96.79645817304679,22117500,QCOM
2023-05-05,101.21617889404297,101.67210564522468,98.41547179612986,100.68581309400346,10745600,QCOM
2023-05-08,100.77885437011719,101.26270106965967,99.43898703815694,100.84398676056735,6694400,QCOM
2023-05-09,98.41548919677734,99.96006778862743,97.97817567993874,99.55996670389877,7804100,QCOM
2023-05-10,99.0574951171875,100.00657523279635,97.82927921967477,99.55994804329248,7980100,QCOM
2023-05-11,96.82437133789062,99.10401921959519,96.47079651533114,98.89931539115088,10630500,QCOM
2023-05-12,96.41497802734375,97.45709636117991,95.47520451652474,97.20587343395833,7635900,QCOM
2023-05-15,98.89002227783203,99.00168086288285,95.73574001386315,96.54524878295838,7444900,QCOM
2023-05-16,96.57315063476562,99.07610861424618,96.50801824230955,98.3224256742277,7027000,QCOM
2023-05-17,97.52223205566406,98.11773029482666,96.37776176120116,96.94534712960596,9504700,QCOM
2023-05-18,99.52273559570312,99.671613702423,97.52223040477267,97.52223040477267,9142000,QCOM
2023-05-19,98.49922180175781,99.67161202631556,98.18285937974755,99.51342726586107,5783200,QCOM
2023-05-22,97.95954132080078,98.50852041163328,96.07069489595818,96.46148923925703,7912400,QCOM
2023-05-23,96.35913848876953,98.29451111546443,96.2753998851511,96.83367853930203,7452500,QCOM
2023-05-24,95.85669708251953,95.96835566631894,94.51682957142215,94.9820630222377,8193700,QCOM
2023-05-25,96.78715515136719,96.87090085629889,94.41446902807839,94.8424829119003,11677400,QCOM
2023-05-26,102.6770248413086,103.54235937467836,97.5315438273924,97.64320241517858,15969900,QCOM
2023-05-30,107.93415832519531,108.57618274550147,104.77987616274162,106.53845800202468,18291800,QCOM
2023-05-31,106.2570571899414,106.80984153517325,104.56121186268817,106.39759073656192,14924000,QCOM
2023-06-01,108.52442169189453,109.20837544235964,105.22642961744907,107.3345185835782,8616500,QCOM
2023-06-02,108.32766723632812,109.99539869164883,107.45632351382727,109.84548671228684,7873400,QCOM
2023-06-05,105.61994171142578,108.60873844762055,105.53561443833632,108.1496455329668,7769300,QCOM
2023-06-06,109.02098846435547,109.42386795958012,105.16084090890527,105.47940027982996,7594500,QCOM
2023-06-07,107.91541290283203,109.77053427152751,107.26893002237513,109.27395621732073,7555400,QCOM
2023-06-08,109.0116195678711,109.28332966578598,106.90353063581783,108.30892325718668,5793400,QCOM
2023-06-09,111.59754180908203,113.22779521647608,109.97665253894571,110.07971523435188,13807000,QCOM
2023-06-12,114.4364242553711,114.59570035395696,112.21590156706624,113.40580453460949,9675100,QCOM
2023-06-13,116.58200073242188,117.49082242128397,115.00796073942892,116.4414600432232,8873200,QCOM
2023-06-14,115.61697387695312,116.58200905107576,113.83680836587212,116.50705305839517,7324600,QCOM
2023-06-15,115.81370544433594,116.82558970389022,113.4058000468864,113.91174217666355,8132600,QCOM
2023-06-16,114.9423828125,117.09732111203887,114.39896259460629,116.73191243930587,12905700,QCOM
2023-06-20,112.26275634765625,114.65192653639255,111.22276529121302,114.2490470537326,8667400,QCOM
2023-06-21,108.45884704589844,111.5132288622644,108.37451976237077,111.12909188765279,7925400,QCOM
2023-06-22,109.05846405029297,109.3208028510299,107.6624427759737,108.6930625566671,7283000,QCOM
2023-06-23,106.2757797241211,108.00909568812257,105.9010069661272,106.89414869884459,11958500,QCOM
2023-06-26,109.2739486694336,110.19214157900512,107.09091109086735,107.33450731022242,9377000,QCOM
2023-06-27,112.23464965820312,112.3751903425386,108.35576680044251,109.37701528676773,7308900,QCOM
2023-06-28,110.12657165527344,110.65124930358802,109.22712119464978,109.6393648548126,6384800,QCOM
2023-06-29,110.61375427246094,110.69808153763717,109.50817857792171,110.14529011626966,5138500,QCOM
2023-06-30,111.53194427490234,112.3002251852282,110.91356817361309,112.05662182882374,6565100,QCOM
2023-07-03,112.51573944091797,112.88114813000894,110.98854856867442,111.74745836157746,2662000,QCOM
2023-07-05,109.74242401123047,111.54133202255362,109.71431730214984,111.51321816527637,6249200,QCOM
2023-07-06,107.95288848876953,108.87107429308877,106.45380451872042,107.896675073704,7544600,QCOM
2023-07-07,108.62747955322266,110.30458222492533,107.52190376985092,108.09343065818186,6108400,QCOM
2023-07-10,109.7330551147461,110.81988832517735,109.12405023435626,109.12405023435626,6037000,QCOM
2023-07-11,109.49883270263672,110.43576117127097,107.64371118953423,110.37017646439445,5784000,QCOM
2023-07-12,111.19467163085938,111.70998515107271,109.7143229256983,110.14530916615084,8371300,QCOM
2023-07-13,115.3546371459961,115.63571140135821,112.31898372106673,112.43141771212979,9823000,QCOM
2023-07-14,114.82994842529297,115.41084663704038,113.49014045725687,115.2421992302877,7892200,QCOM
2023-07-17,115.61697387695312,116.61011576128176,113.14348330406894,114.61446070649019,6125000,QCOM
2023-07-18,115.11103057861328,115.45769668039081,113.61194647992112,114.60508835501777,7481200,QCOM
2023-07-19,116.5726318359375,119.08360027745154,116.46020500083166,117.43460426333274,8866700,QCOM
2023-07-20,113.10600280761719,116.74128259390812,112.64690987194102,115.72939815967773,9148600,QCOM
2023-07-21,116.85372161865234,118.67136516426483,113.72437676635654,114.2396902916169,23704100,QCOM
2023-07-24,116.27281188964844,117.67820447610237,115.40146820011915,116.85371006540008,5859300,QCOM
2023-07-25,117.18163299560547,118.03424125832358,116.36650272612516,116.36650272612516,5592100,QCOM
2023-07-26,116.19786071777344,117.34091454583287,114.62382066979262,115.42957969127069,5291800,QCOM
2023-07-27,117.91243743896484,119.71133824725723,117.04109374304254,118.57765574365017,7917900,QCOM
2023-07-28,121.31348419189453,121.72573497179303,119.51458339484057,120.20791555161466,11762200,QCOM
2023-07-31,123.83383178710938,124.58337740799922,120.9574688735514,121.79133462398802,11029600,QCOM
2023-08-01,123.7495346069336,124.0399801934981,122.02558936665656,123.5996225956757,7128700,QCOM
2023-08-02,121.11674499511719,123.28104743185149,120.7044941888071,121.98808159322326,13711100,QCOM
2023-08-03,111.21339416503906,111.59753822616453,107.64369937864001,109.59251209513869,29239600,QCOM
2023-08-04,113.8368148803711,114.30527913913805,110.3327042262895,110.3327042262895,12658700,QCOM
2023-08-07,111.81304931640625,114.99860780438026,110.48261249584571,114.5020368184103,7706500,QCOM
2023-08-08,110.23900604248047,110.44512429920958,108.64622337145043,109.62062982770252,8934600,QCOM
2023-08-09,109.2177505493164,110.66062123884299,109.17090126692912,109.83612676548361,5642500,QCOM
2023-08-10,108.31829833984375,110.92295827904037,107.81235612063195,110.25773993939062,6224500,QCOM
2023-08-11,107.38135528564453,108.17774292769825,106.54748965302177,106.93162654701182,5712500,QCOM
2023-08-14,106.82857513427734,107.29703934353662,105.69489260565351,106.69740572754048,8537500,QCOM
2023-08-15,104.63615417480469,106.35073470140895,104.37381539114418,106.19145145573302,6843600,QCOM
2023-08-16,103.20267486572266,104.86103515203537,103.10898344612369,104.32698619730445,6426700,QCOM
2023-08-17,103.1370849609375,104.12085553945802,102.74357672952928,103.24014766176299,6250500,QCOM
2023-08-18,103.15583801269531,103.54934631134924,101.65675367387227,101.95657054163688,6384700,QCOM
2023-08-21,103.6992416381836,103.96158046175285,102.12520154857133,102.91221801927905,6539800,QCOM
2023-08-22,102.56554412841797,104.78605966751945,102.25635606787105,104.43940076465998,4587000,QCOM
2023-08-23,104.15833282470703,104.49562763452714,101.9846591326423,102.44375206615429,6873900,QCOM
2023-08-24,101.6661148071289,105.47004227724769,101.33819125766992,105.08590530450924,8698100,QCOM
2023-08-25,103.36194610595703,103.54932893629378,100.96341156630217,102.02213813927865,6669900,QCOM
2023-08-28,104.63615417480469,105.11398961544103,103.64301245146255,104.28012398957911,4316400,QCOM
2023-08-29,106.60371398925781,106.80046809876131,103.54932535273484,103.54932535273484,6971400,QCOM
2023-08-30,106.8773422241211,107.05662143799434,105.36764336701268,106.20741358124211,6490300,QCOM
2023-08-31,108.06623840332031,108.66068753094554,106.08475810846501,106.08475810846501,7962500,QCOM
2023-09-01,108.87769317626953,109.17019529299101,107.9530058142673,109.17019529299101,5310700,QCOM
2023-09-05,109.97222900390625,110.45344076905386,108.42478684412706,108.42478684412706,7294800,QCOM
2023-09-06,108.207763671875,110.1326323182856,107.21702002191854,109.45326606675108,7411900,QCOM
2023-09-07,100.39508056640625,104.45239617422925,100.08370312335481,104.35804133661712,17947800,QCOM
2023-09-08,100.14974212646484,101.02725570547823,99.55530023054428,100.17804785501174,9819300,QCOM
2023-09-11,104.05608367919922,105.52803905001169,102.67848312980601,104.99020864922933,18771700,QCOM
2023-09-12,104.95247650146484,106.37725091675898,103.32954759514217,103.39559669254778,9250100,QCOM
2023-09-13,106.28289794921875,107.1887172432459,105.23554281575976,105.28272382850766,8131500,QCOM
2023-09-14,107.60388946533203,108.26438046533224,106.62258340903743,107.34912350903767,7138100,QCOM
2023-09-15,106.75467681884766,108.68898311590144,106.11305393386115,107.53783554000107,12247400,QCOM
2023-09-18,106.38668823242188,107.40573761681975,106.11305420149218,106.51878642682772,5065100,QCOM
2023-09-19,104.47125244140625,105.99981924935075,103.706969037434,105.86772106098051,5658800,QCOM
2023-09-20,103.05591583251953,105.49030924560547,102.99930437601442,105.43369059028849,7073800,QCOM
2023-09-21,101.86702728271484,103.40503187786827,101.76323481077318,101.88590256787444,7007200,QCOM
2023-09-22,101.60282897949219,103.58430915425649,101.30088921189774,102.63130883826918,6965500,QCOM
2023-09-25,104.19762420654297,104.24480521878459,100.6875699805942,100.81023053408596,6782500,QCOM
2023-09-26,103.52769470214844,104.3957706090154,103.16913628932083,103.65035525459322,6559800,QCOM
2023-09-27,103.02759552001953,104.55616221977361,101.36692344243416,104.4806826880554,7225000,QCOM
2023-09-28,104.8298110961914,105.59410175334678,103.0181724992525,103.56544057503984,4851300,QCOM
2023-09-29,104.79206848144531,105.89604228334127,104.39577388528365,105.56578958772796,4869300,QCOM
2023-10-02,104.8298110961914,105.48087164148365,103.41446709255567,104.1693201073528,5751500,QCOM
2023-10-03,103.97117614746094,105.92435064720925,103.20688546577709,104.55618041383205,7750700,QCOM
2023-10-04,103.65036010742188,104.8015077415947,102.65962360172463,104.54674898264743,7189400,QCOM
2023-10-05,103.6031723022461,104.22591985047633,102.80113836460605,103.5088102868924,5089700,QCOM
2023-10-06,104.62222290039062,105.04683040755084,101.95194610108474,104.61279245713783,7930600,QCOM
2023-10-09,105.49031829833984,105.66015988124212,103.30125300693948,104.09384226127517,4714500,QCOM
2023-10-10,105.97151947021484,106.61314236351151,104.19762427054134,105.20723602335107,6253000,QCOM
2023-10-11,104.84867858886719,106.28289057182116,103.39559132259951,105.94320746028787,6378600,QCOM
2023-10-12,105.16950225830078,105.87717431412008,104.09384130936044,105.66015891500378,5371700,QCOM
2023-10-13,102.52751922607422,105.65070923978226,102.41428911846599,105.41481858137382,6035600,QCOM
2023-10-16,104.27311706542969,104.81094752201041,102.8011543430939,102.93325254654796,6254700,QCOM
2023-10-17,105.86773681640625,105.9337859204209,101.923644265272,102.669059695616,7334000,QCOM
2023-10-18,104.71658325195312,105.78280642624381,103.82019443924169,104.79206279082895,7174500,QCOM
2023-10-19,104.99964141845703,107.9435592222795,104.58447158490472,106.04699644487411,10511500,QCOM
2023-10-20,102.49921417236328,105.31103420402665,102.49921417236328,105.22610981709511,7756500,QCOM
2023-10-23,102.52751922607422,104.32972011293268,101.60282467763604,101.84815297804806,6679200,QCOM
2023-10-24,103.21630096435547,104.10325201509839,102.31991947178675,103.13138379505995,8578600,QCOM
2023-10-25,98.86648559570312,103.12195483060373,98.53624013375101,102.66904162648999,8571600,QCOM
2023-10-26,99.6590805053711,100.46110724423725,98.44188393512482,98.83817848390889,8705200,QCOM
2023-10-27,100.45166778564453,101.80096251440843,99.86665641553896,100.86683760951371,7292000,QCOM
2023-10-30,101.744384765625,103.15972905345645,100.18750460924775,100.6875917724714,6634000,QCOM
2023-10-31,102.83888244628906,103.04646736341337,100.6686928554693,102.18782916844869,6485500,QCOM
2023-11-01,104.63165283203125,104.91472448261152,102.56524849970414,103.00872405950139,12809900,QCOM
2023-11-02,110.73651885986328,112.35944785291731,107.99074795209606,111.31209268179086,22106100,QCOM
2023-11-03,112.77459716796875,113.32186519583873,110.73650572456543,111.29320419515605,10670100,QCOM
2023-11-06,113.16146850585938,113.75591038170383,111.69894352396034,113.22751760317541,7756400,QCOM
2023-11-07,113.9068832397461,114.24656636660909,112.44435826581866,113.08598115002525,7898400,QCOM
2023-11-08,113.28412628173828,115.17125152887067,112.42548803767502,114.54850394069898,7681900,QCOM
2023-11-09,113.3218765258789,115.52037929988806,113.08598585567566,114.28431449164286,9002700,QCOM
2023-11-10,117.19991302490234,117.76604916128734,114.14277212937418,115.02028566035494,12191600,QCOM
2023-11-13,116.86022186279297,117.52071997547313,115.70907438535448,117.0017576868538,7959200,QCOM
2023-11-14,120.1721420288086,120.98360649957455,118.96438296501142,120.15326674410508,11255400,QCOM
2023-11-15,121.64409637451172,122.40837982533505,120.36085058127023,120.70053371470544,7789100,QCOM
2023-11-16,121.43650817871094,123.0122560505863,121.06851932716667,121.8044970302552,11655700,QCOM
2023-11-17,122.1630630493164,122.46499562439789,121.17231934185939,122.00265911917562,6543300,QCOM
2023-11-20,122.2007827758789,122.77635651721506,121.73844633287952,122.13474088300278,7148600,QCOM
2023-11-21,119.85133361816406,120.27594116177467,118.65301213032919,119.72867305604309,14641800,QCOM
2023-11-22,120.30424499511719,122.20080085071899,119.98343713056003,120.6722338744914,6647400,QCOM
2023-11-24,120.54012298583984,120.99302900564601,120.36084378697707,120.99302900564601,3708200,QCOM
2023-11-27,120.9647216796875,121.73844991768016,119.63430216543685,120.08720817925402,8586400,QCOM
2023-11-28,119.44559478759766,120.12496106094149,118.57751886001915,120.02116859146885,8817900,QCOM
2023-11-29,121.45867156982422,124.01299972007486,121.18329728364228,122.72159277192242,10608300,QCOM
2023-11-30,122.54119110107422,122.87352968281034,121.05986689077359,122.75009626179582,11731800,QCOM
2023-12-01,123.12989807128906,123.69964197050447,122.02840092704018,122.55066375312278,8866500,QCOM
2023-12-04,123.39576721191406,123.49072935242185,121.57260712983388,122.80704251049323,7485000,QCOM
2023-12-05,124.15544128417969,124.25040344030278,122.4462238982993,122.57916222335717,6231600,QCOM
2023-12-06,123.4052963256836,125.47533809426331,123.12042433747038,125.32340443532411,6912400,QCOM
2023-12-07,126.23499298095703,126.60532222204867,123.81360279419255,124.70619493661636,7815700,QCOM
2023-12-08,126.26346588134766,127.21302942742732,124.56373901991874,124.60172967570824,7678600,QCOM
2023-12-11,129.23561096191406,129.71039275899795,127.30799802488866,127.72579383540241,11010700,QCOM
2023-12-12,129.78634643554688,130.30860931556748,128.66586833767607,129.12165481060737,7380400,QCOM
2023-12-13,131.79942321777344,131.9798426099688,129.21660921087008,129.5014811728001,7507700,QCOM
2023-12-14,134.3632354736328,135.55968026951606,132.55907061630563,132.55907061630563,11468900,QCOM
2023-12-15,135.91102600097656,136.2528694345314,134.24928990520513,134.8854957003121,25053500,QCOM
2023-12-18,134.50567626953125,135.90153590121048,134.16383279872838,135.32230153371643,7832100,QCOM
2023-12-19,136.00601196289062,136.19592181520196,134.30629922429375,134.86653835982972,5658400,QCOM
2023-12-20,133.35670471191406,135.7685897072193,133.28073789067435,134.80953575629837,7264800,QCOM
2023-12-21,135.25582885742188,135.4932197352286,133.8789646639808,134.64810878980427,8361600,QCOM
2023-12-22,136.2528839111328,137.11697576095847,135.5502016427257,136.02498343481932,4659200,QCOM
2023-12-26,138.12351989746094,138.6837589126864,136.69917457721257,136.89857480810102,4381200,QCOM
2023-12-27,138.3704071044922,138.8451888981559,137.72469633073047,138.49385500738572,4470300,QCOM
2023-12-28,138.5033416748047,139.48139098411934,138.37989377525562,138.80719448013843,4928800,QCOM
2023-12-29,137.3354034423828,138.27546223828807,136.53775891751565,138.0760619739655,4839300,QCOM
2024-01-02,133.1573028564453,135.0279443537353,131.78043850031176,135.01845393360978,8495800,QCOM
2024-01-03,130.6599578857422,131.88488856134262,130.08072350693809,131.88488856134262,8133300,QCOM
2024-01-04,129.3020477294922,130.40354476188813,128.13408879281064,128.6088704975481,6770300,QCOM
2024-01-05,129.8338165283203,131.1062426617623,128.99821048017887,129.29257285423242,6827300,QCOM
2024-01-08,132.017822265625,132.1317652577324,129.74836590794757,130.08071895384785,7729400,QCOM
2024-01-09,132.83444213867188,133.84097716603978,130.22314242121416,130.6029620389867,5856900,QCOM
2024-01-10,132.28370666503906,132.9673936361619,130.84036589386966,132.83445530784306,5652500,QCOM
2024-01-11,132.017822265625,132.8914190132257,129.16913154941784,131.98933651759813,7374900,QCOM
2024-01-12,133.12881469726562,135.46474754386443,132.14127492201806,134.95197508254702,6546600,QCOM
2024-01-16,134.00241088867188,134.10686346446806,131.02078175771535,132.9389042908858,7483000,QCOM
2024-01-17,132.29318237304688,132.58754471440682,130.42254128013403,132.57803980714496,6584700,QCOM
2024-01-18,137.9620819091797,138.30392536700728,135.15138191298846,135.93001649020187,12893000,QCOM
2024-01-19,144.2957000732422,145.06484431916854,139.33897661150388,139.83273928222724,16193900,QCOM
2024-01-22,145.15975952148438,146.77402897290335,144.21019607438535,145.04581654437277,10456100,QCOM
2024-01-23,145.75799560546875,145.98589605900554,143.77341139026544,145.15976597067782,6232300,QCOM
2024-01-24,146.5841064453125,148.4357667806525,146.1378104607031,146.9829213591614,8331900,QCOM
2024-01-25,146.67909240722656,150.01205547156584,145.9194386192578,149.6512311514036,7740900,QCOM
2024-01-26,143.1182403564453,145.2642490773447,142.79539217961118,144.53309546907775,7744700,QCOM
2024-01-29,142.0926971435547,143.61200470585084,140.93422838737177,142.81436026659046,10770700,QCOM
2024-01-30,138.61729431152344,141.29507069638834,138.22798423596052,140.53541689640736,9132800,QCOM
2024-01-31,141.01966857910156,142.58645702995182,137.05999056744383,138.0095540567389,21184200,QCOM
2024-02-01,133.99290466308594,136.65168533311459,133.0243458462435,133.76500420936154,22810600,QCOM
2024-02-02,134.5436553955078,134.97095607509078,132.23620854305696,133.55610123596705,10442700,QCOM
2024-02-05,136.76564025878906,137.35436503750273,134.08787851733277,134.70508904410096,8032600,QCOM
2024-02-06,136.83212280273438,137.506304855859,135.24633881420485,137.2119424532955,7286300,QCOM
2024-02-07,138.53182983398438,138.5888013304018,136.38582136351653,137.83865247892194,7361900,QCOM
2024-02-08,140.70631408691406,141.11463393096955,138.91163963092447,139.4434073679345,9448700,QCOM
2024-02-09,143.3840789794922,145.66302543249756,140.86774166724922,141.48495210559162,11981500,QCOM
2024-02-12,145.378173828125,146.9544381849494,142.67191212851426,142.79536001681313,11806300,QCOM
2024-02-13,142.47250366210938,143.62148189249265,140.9247249826275,142.4345274966869,8976300,QCOM
2024-02-14,146.17579650878906,146.60309715379756,143.43155877985586,143.67844005517037,8715100,QCOM
2024-02-15,148.11293029785156,149.24291333084352,146.69808976846758,147.1823620015251,9372400,QCOM
2024-02-16,144.98886108398438,149.80314075860534,144.90340384170358,149.52777370374835,8429100,QCOM
2024-02-20,144.2957000732422,145.1882777422536,142.3111010130964,144.22922366226504,8745500,QCOM
2024-02-21,144.34317016601562,144.38116082726452,141.39002653376454,142.27312829290176,9760300,QCOM
2024-02-22,146.94496154785156,147.6666246404757,144.6375290418468,146.96395687610723,11407500,QCOM
2024-02-23,147.09689331054688,148.9960204144542,146.54614471171095,147.8470421413467,5953300,QCOM
2024-02-26,149.11000061035156,149.53730141751362,147.93253629601756,148.13195106692976,6307600,QCOM
2024-02-27,150.31593322753906,151.17053474264395,149.5467889661063,149.79367030644525,6021400,QCOM
2024-02-28,148.74119567871094,149.39971036928657,147.89179196882782,148.884347880404,5211000,QCOM
2024-02-29,150.59266662597656,150.9839686567175,149.056103500946,149.71463263492836,8321400,QCOM
2024-03-01,155.65090942382812,156.5194047378686,150.85989910547104,152.11968186364032,10405700,QCOM
2024-03-04,158.96267700195312,160.17475242170264,157.2066086312029,157.58835755952663,11865100,QCOM
2024-03-05,154.08572387695312,158.03688408049666,152.9213709827064,157.21611096754876,9608800,QCOM
2024-03-06,160.2320098876953,161.52997660422005,156.8343949845891,157.30204979018276,12230500,QCOM
2024-03-07,167.70484924316406,169.48954789462545,161.70174813096094,161.86400670180907,14495100,QCOM
2024-03-08,162.78977966308594,167.4662696232637,162.76113465847195,166.84592396665647,11318000,QCOM
2024-03-11,163.31466674804688,164.13543998957542,160.45150630961527,161.2913713649804,7256300,QCOM
2024-03-12,165.1852569580078,165.96784650387426,162.79929013326674,165.0230129614597,7642200,QCOM
2024-03-13,161.5299530029297,163.67732313147675,160.90960745757482,163.41009601383598,8730500,QCOM
2024-03-14,160.76646423339844,162.19804452855388,159.10584041120234,161.86401786402365,8151000,QCOM
2024-03-15,159.57345581054688,161.07184994300016,158.28504248316924,159.4780258767331,16414600,QCOM
2024-03-18,159.30624389648438,163.63916815051786,158.7622509897597,163.11425249470497,6653700,QCOM
2024-03-19,156.6148681640625,158.8672214285966,156.16630523609444,158.51408843592412,7404400,QCOM
2024-03-20,160.02203369140625,160.4992270934428,156.3571918588343,156.6148803735144,5995800,QCOM
2024-03-21,163.05699157714844,165.03256469227628,161.89263850918442,162.95200844601112,8497500,QCOM
2024-03-22,162.3411865234375,164.05907096525476,161.57767423663782,161.81627091608863,5645500,QCOM
2024-03-25,159.8788604736328,161.07184382186028,159.35394488785573,160.22244026043373,5682500,QCOM
2024-03-26,159.44940185546875,161.6922019879325,159.38258779260394,160.38469679607277,5289900,QCOM
2024-03-27,161.41543579101562,161.74946241605798,159.3539569146261,161.72083197856253,6309700,QCOM
2024-03-28,161.5776824951172,162.14076719233262,160.31788497308972,161.38680805435777,5324000,QCOM
2024-04-01,163.88729858398438,164.91803805113486,160.53740623783514,160.59466711443466,6679100,QCOM
2024-04-02,163.23831176757812,163.58189159788586,161.55859624317742,162.69431886454987,7436300,QCOM
2024-04-03,165.97743225097656,166.02515450939018,161.6063384230437,162.2457759099778,6943200,QCOM
2024-04-04,162.01669311523438,167.9243495618861,161.6826664828235,167.0176850413617,9031200,QCOM
2024-04-05,163.70594787597656,164.38356883393791,161.9689716717076,162.41752001853374,5863300,QCOM
2024-04-08,165.7006378173828,166.43551975873277,164.49811564654533,165.04210857045248,4812000,QCOM
2024-04-09,167.5616912841797,167.9625319778568,165.46202875141435,167.27537234218565,5028500,QCOM
2024-04-10,163.06651306152344,165.78652099693366,162.31255397190907,164.55535399185035,6177400,QCOM
2024-04-11,167.1417694091797,167.6189628219276,162.72295374704197,163.83958458533766,6262600,QCOM
2024-04-12,163.47689819335938,165.48111617132605,163.16196338459136,164.42174630802126,8216700,QCOM
2024-04-15,162.09307861328125,166.4260035888149,160.89055628018758,166.32102044017097,6570600,QCOM
2024-04-16,160.89051818847656,161.83536630257393,159.81205651344698,161.76855224071485,6390100,QCOM
2024-04-17,156.82484436035156,162.42709015889633,156.29992871316898,161.50133380735255,8082000,QCOM
2024-04-18,154.07620239257812,156.61487469442545,152.56826954928806,154.95423647295215,9209400,QCOM
2024-04-19,150.43995666503906,154.02844485350107,149.20878985932936,153.93300037330638,10292200,QCOM
2024-04-22,152.8736572265625,154.267068239984,149.99141982854655,150.83127023619505,7848700,QCOM
2024-04-23,153.9903106689453,154.85879155913216,152.39647195292358,153.61810041235486,6616700,QCOM
2024-04-24,156.1663055419922,158.3613833743057,154.61065050949043,156.39534903737888,6130500,QCOM
2024-04-25,155.85134887695312,157.12068491801244,154.35295478844455,156.59576932768186,6230700,QCOM
2024-04-26,158.10369873046875,158.92447184649726,155.09737199212472,155.46958220969665,7141300,QCOM
2024-04-29,161.48223876953125,161.54905283365068,157.6646916848483,157.6646916848483,6623900,QCOM
2024-04-30,158.28506469726562,161.52043553215896,158.24688106815287,161.51088234348697,6914200,QCOM
2024-05-01,156.62442016601562,161.90217806684348,156.31900939629878,157.00616906537465,13113600,QCOM
2024-05-02,171.8850555419922,173.4025269444796,167.29444314746323,167.46624033115592,25894800,QCOM
2024-05-03,171.446044921875,174.83412098930086,169.6899766972374,173.92745643787936,10043900,QCOM
2024-05-06,173.5552520751953,174.08015318513884,172.17137951178077,173.61251295535007,6980100,QCOM
2024-05-07,171.93276977539062,175.90302221022122,171.04519707466784,174.12786224598932,8011100,QCOM
2024-05-08,172.31451416015625,172.5435576380877,168.5637670183968,168.66875013337693,6242600,QCOM
2024-05-09,172.30499267578125,173.42163808728753,171.2551758956086,172.7440170272338,5513500,QCOM
2024-05-10,173.7747344970703,175.17768413057854,172.97305315300434,173.69838181247562,4702500,QCOM
2024-05-13,175.80760192871094,176.30387258823558,174.55734296597345,174.82457010965197,6384800,QCOM
2024-05-14,180.35047912597656,180.6558753367188,176.074830236075,176.09390748733017,7713400,QCOM
2024-05-15,185.73318481445312,187.13613434194932,181.33346181629378,181.34300044010277,11349100,QCOM
2024-05-16,184.454345703125,186.7066991921211,183.9866909163786,186.10543083241677,8173400,QCOM
2024-05-17,185.0174102783203,186.525343044731,183.11817546130985,184.1011926187191,5799700,QCOM
2024-05-20,188.73953247070312,190.8678255666536,184.46388359037692,185.15104326649202,8879700,QCOM
2024-05-21,191.68856811523438,192.76701514750624,186.83072890683223,187.06932557386,11498800,QCOM
2024-05-22,193.67369079589844,195.49657293272193,192.4997992036572,193.67369079589844,11170100,QCOM
2024-05-23,192.55706787109375,198.4647242583054,190.3238063429366,196.48915123348525,14475100,QCOM
2024-05-24,200.76480102539062,201.66192691702756,194.27496809281254,194.58991747367145,13809900,QCOM
2024-05-28,203.36073303222656,207.5123067100251,201.66192576057426,207.32143227014691,12485400,QCOM
2024-05-29,198.76055908203125,201.05109578656612,197.2717182336151,199.13276929413527,12552500,QCOM
2024-05-30,196.25941467285156,200.63882851296825,195.32028681639298,199.32596505692652,12245300,QCOM
2024-05-31,195.54071044921875,200.3322004645269,190.42340262226176,199.32598463681876,15064900,QCOM
2024-06-03,197.32315063476562,202.18171403747195,193.96910753370784,200.82093259116746,12419500,QCOM
2024-06-04,195.8473663330078,197.62980127756148,193.25038682553327,197.3231535075406,6629100,QCOM
2024-06-05,203.0633544921875,203.6383391812158,196.80566928620453,198.30061193071643,11626300,QCOM
2024-06-06,200.70591735839844,203.389154440897,200.0830149410963,203.06332203720808,7597200,QCOM
2024-06-07,198.00352478027344,201.050919973159,196.34567336219905,200.9838320954931,5714400,QCOM
2024-06-10,200.61965942382812,201.79836167726697,196.0294045640108,196.7289578956086,6465100,QCOM
2024-06-11,199.82427978515625,200.71548980259246,196.24024041842227,198.51140173476065,8197500,QCOM
2024-06-12,206.40780639648438,206.6282108430066,202.0858876646301,203.63832575116717,9502800,QCOM
2024-06-13,208.7268829345703,209.25394975374618,204.1270496564844,207.3373537730826,10102800,QCOM
2024-06-14,206.3502960205078,208.95686757252312,204.74034788663198,208.5639619099293,6438200,QCOM
2024-06-17,212.9529571533203,213.38418827703435,204.50076278967748,208.03688432457028,12109100,QCOM
2024-06-18,217.61988830566406,221.01227139857997,216.57534699987974,217.36115837503513,22037500,QCOM
2024-06-20,206.4844512939453,216.47949145015076,203.96412311809084,214.85038793193235,18701200,QCOM
2024-06-21,203.66705322265625,206.48445141184285,200.6771684288087,202.92915973918699,22286500,QCOM
2024-06-24,192.4645538330078,198.39642039262557,191.88958384525742,198.2814293195687,16087700,QCOM
2024-06-25,193.73910522460938,194.6782331718664,190.8642112198712,194.66865545593873,11974900,QCOM
2024-06-26,189.10096740722656,192.76165857612008,187.53893681198923,191.95669167478877,10023800,QCOM
2024-06-27,187.01182556152344,190.28921718114495,185.75645767745522,188.6600990860533,11936600,QCOM
2024-06-28,190.873779296875,195.4352869124205,187.45266320768218,187.82639882452622,15547500,QCOM
2024-07-01,191.68832397460938,192.3016340335763,187.90305026899492,191.15167950082147,6800600,QCOM
2024-07-02,191.8129425048828,192.1195902792898,188.87096045254427,189.98258970751397,5632900,QCOM
2024-07-03,195.31068420410156,196.31689988003401,192.08122510009886,194.22780294479222,4996200,QCOM
2024-07-05,197.1697998046875,198.12809773812464,195.47360836821332,197.26563544701764,6375200,QCOM
2024-07-08,199.22056579589844,201.6642285610336,197.55312205231363,198.59767796001563,6920400,QCOM
2024-07-09,198.482666015625,199.85303968291106,196.1252612556292,197.86935591471504,5272600,QCOM
2024-07-10,200.09263610839844,200.514289590718,197.9460432086206,200.03514056489445,5159400,QCOM
2024-07-11,191.51583862304688,201.36713973454735,191.43917303736816,201.2617263820473,8602200,QCOM
2024-07-12,193.98825073242188,197.48604709070594,191.89916818000773,193.2503718248994,7217200,QCOM
2024-07-15,199.4984588623047,200.51426696530288,194.33323353165397,194.5344825336774,7463700,QCOM
2024-07-16,200.8975830078125,202.28711212018925,198.00351908500642,201.24257085703752,5998500,QCOM
2024-07-17,183.6099090576172,191.6596066895931,182.61327091424948,191.40086212627122,16156200,QCOM
2024-07-18,183.47572326660156,185.81395787118387,179.15379035805356,185.69896680180958,9960600,QCOM
2024-07-19,178.44467163085938,185.03775172869257,178.01342584589486,183.69614041815092,9195700,QCOM
2024-07-22,186.83935546875,187.34725222057367,181.16623326873602,183.03491137662184,7590000,QCOM
2024-07-23,185.2869110107422,188.0563914494664,184.13694179431008,186.1014554795046,5796700,QCOM
2024-07-24,173.51902770996094,181.70288628244114,173.15486978692846,181.4441417254198,13295300,QCOM
2024-07-25,168.07586669921875,172.7236173245774,166.04427984729227,172.12946268823887,12700100,QCOM
2024-07-26,172.5415496826172,173.73942212609208,170.16497484905358,171.5449116210649,6567800,QCOM
2024-07-29,171.19033813476562,175.02352977649568,170.43328921940883,173.93107074350124,6051600,QCOM
2024-07-30,159.978271484375,171.91865645228054,159.8153625780275,171.86116091150697,15338900,QCOM
2024-07-31,173.40402221679688,173.5286056374529,166.178461645624,168.2579665754076,19222200,QCOM
2024-08-01,157.16087341308594,169.58999975463774,154.60221948477627,164.59726069586085,24795000,QCOM
2024-08-02,152.6664581298828,157.41003049459846,150.96068879164136,153.8260051900197,16618900,QCOM
2024-08-05,151.36318969726562,156.0301116257804,145.07675617995193,146.87836137910986,12733900,QCOM
2024-08-06,152.10107421875,156.80632135635787,149.97365128629707,151.81358186687044,9301000,QCOM
2024-08-07,149.60946655273438,157.4675211926861,149.01532652167623,156.75837546798078,9266900,QCOM
2024-08-08,158.07125854492188,158.68456870473625,151.2865066768371,154.03683199093788,9590900,QCOM
2024-08-09,157.620849609375,158.97205328731138,155.2251046296865,157.22795854578095,4824600,QCOM
2024-08-12,156.09716796875,156.57631699126105,150.85527649268175,153.86433176915241,8548000,QCOM
2024-08-13,162.4027862548828,162.4890295777181,156.47091845428182,157.44838664715573,11102100,QCOM
2024-08-14,160.17950439453125,164.11810974820563,157.85084727995167,163.52396966908827,7208200,QCOM
2024-08-15,166.11135864257812,167.35714886831488,163.49520940425705,164.58766845275665,10752100,QCOM
2024-08-16,164.99974060058594,166.14970988447675,163.51439041674956,165.1051539641937,5435700,QCOM
2024-08-19,166.9929962158203,167.0505063759375,161.70320203741343,164.41518700218708,6708100,QCOM
2024-08-20,164.93267822265625,168.11422014983904,164.01270565936335,166.60969981272117,6222400,QCOM
2024-08-21,166.9546661376953,167.57755394172887,164.90390915726675,165.7759637808865,6309500,QCOM
2024-08-22,161.9523468017578,167.30922860965498,161.3582067767037,167.0313286496197,6743500,QCOM
2024-08-23,166.2646942138672,167.3379832379606,163.51438377839474,164.59725051789388,6823600,QCOM
2024-08-26,162.4219207763672,165.1914011981975,161.50194833332654,164.79849553906212,7437600,QCOM
2024-08-27,166.6767578125,167.16549913238006,161.25280245087168,162.11526476924067,6498800,QCOM
2024-08-28,164.6835174560547,168.39212604378028,162.55609472229054,167.108010230778,6534600,QCOM
2024-08-29,162.4219207763672,169.0054228501981,161.8852616548217,166.18802460756442,12514200,QCOM
2024-08-30,167.9896240234375,168.14295519612546,163.6772834932307,165.10513799929907,11110800,QCOM
2024-09-03,156.4325714111328,164.98058785070066,155.24427662228152,164.72184329537274,11620300,QCOM
2024-09-04,158.4354248046875,161.22407575299283,155.84802288895267,156.202588502683,6737000,QCOM
2024-09-05,157.68408203125,159.7069136797905,155.90207767233022,157.08687150748634,5600000,QCOM
2024-09-06,152.37655639648438,157.19280755157632,151.35551350329,156.75934788722446,10703000,QCOM
2024-09-09,154.86175537109375,156.40294703749515,152.74260764352107,155.16998782516075,7494900,QCOM
2024-09-10,155.7383270263672,156.10436690385373,151.88532519357588,154.1200733116519,7918100,QCOM
2024-09-11,160.43896484375,160.76646641256247,153.39760762411782,156.39331659326996,8275400,QCOM
2024-09-12,158.91700744628906,160.19813192418246,156.91344534764588,159.78394141000746,6039200,QCOM
2024-09-13,161.5659942626953,162.11505407561046,159.3601571938746,159.71655515788484,4049900,QCOM
2024-09-16,160.48712158203125,161.1902901352438,157.77074887543398,158.86885355090197,6510000,QCOM
2024-09-17,162.5003204345703,163.27092360357432,159.97660938666436,162.67371312916185,5828000,QCOM
2024-09-18,162.11502075195312,166.08360709663307,161.53706472011146,163.29018723814073,5877600,QCOM
2024-09-19,167.5284881591797,170.3026536892411,166.15104730376052,168.01011330270242,10900000,QCOM
2024-09-20,162.71226501464844,166.7097632197497,158.26205261811293,166.34372334365875,27546400,QCOM
2024-09-23,159.8610076904297,163.7332628641597,159.27342448774456,162.2305949223503,9810000,QCOM
2024-09-24,160.81463623046875,163.13607300387804,159.8802822544166,161.26736505177374,9666800,QCOM
2024-09-25,162.08612060546875,162.3943530366396,159.66835311713345,160.1692473530722,5095500,QCOM
2024-09-26,166.31478881835938,169.29122851189427,160.65087274286995,168.48210184340496,8475000,QCOM
2024-09-27,163.8777618408203,167.075744873776,163.58878384013576,166.642285221765,5880700,QCOM
2024-09-30,163.8007049560547,165.9005834075906,161.58522648197118,165.07218761982136,8099700,QCOM
2024-10-01,159.68763732910156,164.031890993397,158.05011472003892,163.5599077419926,8277600,QCOM
2024-10-02,162.13429260253906,163.51173343444214,159.08077631046658,160.0440265810671,4484600,QCOM
2024-10-03,162.71226501464844,163.29984837983028,159.57207382418875,159.85140998886547,6260200,QCOM
2024-10-04,162.6929931640625,166.4496786925863,160.3619288669343,166.20886608299,6586500,QCOM
2024-10-07,160.8050079345703,162.51959229806835,159.6491105105765,161.47928020706394,4359300,QCOM
2024-10-08,160.22706604003906,161.55635627907947,157.64556205481017,158.80145958100272,7843500,QCOM
2024-10-09,163.96446228027344,164.04152406570552,158.61842033743818,159.85137950828616,5486500,QCOM
2024-10-10,162.32693481445312,162.54847825455104,159.254164192356,161.08433377200916,5048000,QCOM
2024-10-11,163.7332763671875,164.16673604799036,160.73756744710357,161.82604495283536,3801400,QCOM
2024-10-14,171.49708557128906,172.29658512426843,164.61947867126193,165.04331117626631,9933600,QCOM
2024-10-15,167.69224548339844,173.22130763793777,166.40149357595237,170.70722370279077,12910400,QCOM
2024-10-16,165.17816162109375,168.25093250963224,163.96447150284507,168.2027670537739,6495700,QCOM
2024-10-17,164.8121337890625,169.16601460421387,164.73507200055982,169.16601460421387,6093200,QCOM
2024-10-18,164.6387481689453,166.23774727854868,163.19387264297373,165.78501843790153,6432700,QCOM
2024-10-21,162.79891967773438,163.9162934967483,159.96697628531504,163.40577203941186,7297700,QCOM
2024-10-22,166.815673828125,167.10465184721502,162.0475879562536,162.79892198706813,7313000,QCOM
2024-10-23,160.47752380371094,166.29554979914442,158.26204492637083,163.11682051409426,9788200,QCOM
2024-10-24,161.92237854003906,162.73150525067354,159.44681825631986,160.48713032629254,4933400,QCOM
2024-10-25,164.01263427734375,166.81568150685675,163.56953266793818,164.02226148914463,5496600,QCOM
2024-10-28,165.89096069335938,166.78677637870146,163.14569157744376,163.19385702997488,5024600,QCOM
2024-10-29,169.53204345703125,170.0811031528283,164.96623199536276,165.87168957914798,6427700,QCOM
2024-10-30,161.45999145507812,165.42859221559561,161.3733024658758,163.67546982222547,8819700,QCOM
2024-10-31,156.7882537841797,161.61413244472377,156.12360873254096,161.46000887082982,10261200,QCOM
2024-11-01,159.19638061523438,159.9766110037005,156.78825487402628,157.08686011425078,6498100,QCOM
2024-11-04,159.10964965820312,161.34439701822666,157.62625092290034,158.99406434579865,4949800,QCOM
2024-11-05,159.81285095214844,161.43110430136855,158.21385202515793,158.9362897056381,5373200,QCOM
2024-11-06,166.63267517089844,171.89201359323212,162.4714268077906,163.03011374717266,17661900,QCOM
2024-11-07,166.55560302734375,175.40787511127868,165.3226438922745,173.64512540300808,23586300,QCOM
2024-11-08,164.6291046142578,167.11429203599235,162.54848053587088,165.76573286013453,10736600,QCOM
2024-11-11,162.1053924560547,164.51351829423862,159.98624465805955,163.7525569965073,7829500,QCOM
2024-11-12,157.4047393798828,161.18067889597455,155.9116984342107,160.910969980399,8483300,QCOM
2024-11-13,154.52462768554688,156.95202281341562,153.87925168013612,156.80752643433178,7921700,QCOM
2024-11-14,157.9441375732422,158.8495951192528,155.92130625989802,156.96161824692945,7012600,QCOM
2024-11-15,154.60166931152344,158.29091963269008,153.73474994226072,157.0097950017341,9737000,QCOM
2024-11-18,158.45468139648438,159.07116102797792,156.04655553939494,156.62451162430992,7814200,QCOM
2024-11-19,158.65696716308594,160.12109707141218,156.67265915142508,158.00194930049074,6176800,QCOM
2024-11-20,148.6006317138672,158.16570038352938,147.32913423014764,157.97305325818706,14483000,QCOM
2024-11-21,149.74691772460938,151.17252423993958,147.94562943294645,149.45793965714154,10685800,QCOM
2024-11-22,151.0279998779297,151.11470357073196,148.0804564714932,149.10149938242535,5709300,QCOM
2024-11-25,152.98341369628906,153.78289847963924,151.44220739756986,153.0989990243816,9189800,QCOM
2024-11-26,151.16287231445312,155.5360371905926,150.3537455375756,153.87924539144296,9489900,QCOM
2024-11-27,150.65232849121094,151.85639126591062,148.78363541122386,151.16284993184104,6337900,QCOM
2024-11-29,152.7040557861328,155.58417922740415,151.9527217924154,152.29949245859513,6112000,QCOM
2024-12-02,157.03868103027344,157.3661825751256,152.55957341958592,152.55957341958592,9812700,QCOM
2024-12-03,156.60523986816406,157.83819911041482,155.3915497478954,155.5649277516337,6961400,QCOM
2024-12-04,157.33731079101562,158.9363099213893,156.27774421036017,158.4354156170966,6721600,QCOM
2024-12-05,155.30389404296875,159.2351455739495,154.85847453912595,157.43412718870633,7279800,QCOM
2024-12-06,154.4517822265625,155.30388132504655,152.25377670421065,155.30388132504655,9918400,QCOM
2024-12-09,155.64280700683594,157.76334788504332,152.47649727374457,152.4861748465045,9481200,QCOM
2024-12-10,151.49853515625,156.36902866386444,151.09184068918353,155.67185925592293,8683600,QCOM
2024-12-11,154.76165771484375,155.3716846116436,151.9923501352109,152.30219498244955,7081800,QCOM
2024-12-12,153.2220916748047,154.4034057066095,151.94394281091581,153.63844894794,5796100,QCOM
2024-12-13,153.50286865234375,154.61639519875342,151.65343293968442,153.22207131648256,8886700,QCOM
2024-12-16,152.88316345214844,153.67716759595183,149.13588941106192,153.14460564278113,9951100,QCOM
2024-12-17,152.91221618652344,154.90688941142056,151.52756983571564,151.52756983571564,7187400,QCOM
2024-12-18,148.1966552734375,156.04948076023734,147.4898083408791,153.2317558274765,10295200,QCOM
2024-12-19,145.63067626953125,150.53990915038918,145.30146151803163,149.14557046766222,8414800,QCOM
2024-12-20,148.04173278808594,149.66846630057466,144.6914457096363,144.83669795222517,17347100,QCOM
2024-12-23,153.2220916748047,153.65781886934099,149.6491020847492,150.72390371122992,8863200,QCOM
2024-12-24,154.30654907226562,154.34527413467512,152.5442558467961,153.60937974954348,2839600,QCOM
2024-12-26,153.50286865234375,154.50020523562725,152.36029461515255,152.40869724984245,3846900,QCOM
2024-12-27,152.2537841796875,152.74760630423583,150.58832573719772,152.20536676945667,7232500,QCOM
2024-12-30,149.6781463623047,151.1789975778234,148.92288196802932,150.30752843256062,5356000,QCOM
2024-12-31,148.74855041503906,150.89815316204673,148.351563156744,149.81367421758068,4423300,QCOM
2025-01-02,148.7679443359375,152.51521861647157,147.94489264890697,150.0944957427581,5009100,QCOM
2025-01-03,152.82505798339844,153.41571487730556,149.590976198689,150.49147789641145,5885800,QCOM
2025-01-06,154.78102111816406,160.41645609089383,154.2775066408159,154.2775066408159,9599800,QCOM
2025-01-07,155.42979431152344,158.2668747177634,154.2000628289083,156.86285826237454,7666000,QCOM
2025-01-08,154.03543090820312,155.11023239397036,151.96329283721,154.97467251175283,7731900,QCOM
2025-01-10,152.0020294189453,153.26080829202527,150.61738300100146,152.69919880173052,6236800,QCOM
2025-01-13,152.14727783203125,152.37965777050104,149.89116235489493,150.29784202213688,5714700,QCOM
2025-01-14,154.47116088867188,155.90422463776343,151.59534104341827,155.06181783811599,6476500,QCOM
2025-01-15,159.19642639160156,160.20344063000437,156.94998841951187,156.95968076718552,9284000,QCOM
2025-01-16,156.3109130859375,160.58107185699754,156.16567562090287,160.10661962127097,7188900,QCOM
2025-01-17,159.34165954589844,160.35836610446395,157.92796566630204,160.13566373779983,8097500,QCOM
2025-01-21,161.9657440185547,163.3310206071134,160.1066304655894,160.73601255659557,7380500,QCOM
2025-01-22,164.84156799316406,166.63289424890698,162.85657206659792,162.98245439764872,7281700,QCOM
2025-01-23,168.8308868408203,168.850256759657,164.0088112948192,164.97710038778675,7172300,QCOM
2025-01-24,166.65223693847656,169.64424669976293,166.48762956511237,169.54742665509409,5825800,QCOM
2025-01-27,165.75172424316406,166.739383281192,161.9754025902916,166.64256323427597,15632600,QCOM
2025-01-28,166.11000061035156,167.9884838571799,164.4251722315127,164.82217431458866,8720200,QCOM
2025-01-29,166.2649383544922,167.98849187926743,164.82218218547288,166.1100085427344,5118900,QCOM
2025-01-30,166.47793579101562,168.03688181353445,165.54838654058437,166.87493786303594,6010600,QCOM
2025-01-31,167.44622802734375,171.1838245679185,166.8265235904312,167.0395483757686,7800500,QCOM
2025-02-03,164.84156799316406,167.10736130254952,162.73068973554712,163.52469401614218,7447100,QCOM
2025-02-04,167.55274963378906,168.27896650330516,163.1567233512831,163.1567233512831,5457900,QCOM
2025-02-05,170.2833251953125,171.38717420086365,164.51231554046578,167.5140177217481,15197800,QCOM
2025-02-06,163.95071411132812,164.1153214819316,160.15500791594386,162.51763563504105,16293500,QCOM
2025-02-07,162.63385009765625,165.86793227216225,160.79409187075092,164.44454605749937,7841700,QCOM
2025-02-10,165.926025390625,166.35207497048418,163.6408624599508,164.34770938567016,6237700,QCOM
2025-02-11,166.53607177734375,167.22354886408,163.74739403698385,164.2702637258407,6588100,QCOM
2025-02-12,164.88992309570312,165.50962744887147,162.90494251635823,164.17339870995932,5505700,QCOM
2025-02-13,166.69094848632812,166.89429568100806,164.09594101086452,164.79311028559877,6362200,QCOM
2025-02-14,166.76841735839844,167.3397191214028,165.61615103587064,167.12669435043537,4691300,QCOM
2025-02-18,168.13372802734375,168.21119293261626,165.80983996884814,167.76577342102928,7292600,QCOM
2025-02-19,169.6636199951172,170.90302888092867,167.85292407715747,168.4726285200632,6849600,QCOM
2025-02-20,168.1918182373047,170.7965183503261,167.41718398149274,170.41888618216922,6316400,QCOM
2025-02-21,160.1840362548828,169.8669258968367,159.97102627568353,169.43119881793217,12531900,QCOM
2025-02-24,155.9913787841797,161.3072764485259,155.88486639295846,160.64884695728117,9827800,QCOM
2025-02-25,156.10757446289062,158.15066511481467,154.38402099632944,156.53362404337443,8244900,QCOM
2025-02-26,156.9596710205078,158.93497430871975,155.82675975713937,156.69822882319824,9161900,QCOM
2025-02-27,149.54257202148438,158.07319668859384,149.2133572711457,157.19205005540576,10807200,QCOM
2025-02-28,152.18600463867188,152.32156452930408,148.53555038925572,150.18165377182976,10149500,QCOM
2025-03-03,148.74855041503906,155.00370381239557,147.68344138741494,153.94827235573365,9601900,QCOM
2025-03-04,149.56195068359375,152.21505353542943,146.55057079434513,150.3462625419808,8956800,QCOM
2025-03-05,153.46414184570312,154.10320141055396,148.1772769597558,150.12353269459746,6786900,QCOM
2025-03-06,151.90652465820312,153.69779471080986,150.0081827442914,150.02765710752266,7808100,QCOM
2025-03-07,156.94932556152344,157.5334376603111,151.10826399199772,151.10826399199772,8727600,QCOM
2025-03-10,150.87460327148438,155.04122564618166,148.56738890241417,153.18183249514107,10139900,QCOM
2025-03-11,149.04443359375,152.09151074638882,146.86376516353587,150.74807662700178,8692900,QCOM
2025-03-12,148.75234985351562,151.7312884549282,147.89565619130028,150.12500269286005,7117400,QCOM
2025-03-13,147.91514587402344,151.50740097884082,146.4354061736315,148.55766618723683,5861700,QCOM
2025-03-14,152.43222045898438,152.7924144595741,149.47274129627036,149.49221565847645,5309400,QCOM
2025-03-17,153.7659149169922,154.51552184154153,151.32240995189414,151.47817513055622,5781000,QCOM
2025-03-18,152.14990234375,155.4987798023599,151.78970832387645,153.76593283789563,6898400,QCOM
2025-03-19,154.06771850585938,156.258116450194,150.95248884483414,152.2861930619168,5871000,QCOM
2025-03-20,153.7659149169922,154.9049199336117,152.3738026259856,153.81459339214723,5089300,QCOM
2025-03-21,152.66587829589844,153.24997550927444,149.49222550366648,150.87460821961935,10949300,QCOM
2025-03-24,155.83950805664062,156.73513562049308,154.59341624131665,155.76162546135959,6033400,QCOM
2025-03-25,155.90765380859375,157.19269441285456,155.1969955163151,155.64481674783877,3978200,QCOM
2025-03-26,154.1942901611328,156.55018321807887,152.69509089019905,155.22620866450885,5960300,QCOM
2025-03-27,153.78541564941406,155.03150758322303,151.62422170227308,154.0190634574736,6102000,QCOM
2025-03-28,148.67446899414062,153.46413707542223,147.54519367252684,152.76320858990923,8918000,QCOM
2025-03-31,149.54090881347656,149.77455661912316,143.96269928812757,146.81507716594933,8613600,QCOM
2025-04-01,148.99574279785156,149.25859471769311,146.2796409535255,148.35322248472204,5708900,QCOM
2025-04-02,149.99844360351562,151.341892345255,146.38671446134663,146.79558693609647,5377200,QCOM
2025-04-03,135.72679138183594,143.49539868038983,134.88957200898818,143.10600053912492,16465000,QCOM
2025-04-04,124.08360290527344,132.26108965584274,123.32426617616575,130.78135006763384,19018600,QCOM
2025-04-07,126.28374481201172,133.565596976385,117.60003557758009,121.28963271357554,17938300,QCOM
2025-04-08,121.35778045654297,131.70618338571498,118.5151251364993,127.65639239805948,14965900,QCOM
2025-04-09,139.78631591796875,141.02267794161307,120.90022534910212,121.84453136300402,21242600,QCOM
2025-04-10,130.8397674560547,135.37632864045742,125.86512964413895,133.38062972113468,14898800,QCOM
2025-04-11,135.56129455566406,136.92420288584324,127.63692216828125,130.4503660356121,10955300,QCOM
2025-04-14,135.50286865234375,139.31902633383837,133.20538429919463,138.96856211540594,6930300,QCOM
2025-04-15,134.92852783203125,137.1091813051387,134.3736198542288,135.76574724891006,6346800,QCOM
2025-04-16,132.14427185058594,133.6726750471502,128.2988949110266,130.13882848282628,10417200,QCOM
2025-04-17,133.03990173339844,134.49042236162182,132.1150700543824,133.740830235399,7135900,QCOM
2025-04-21,132.53369140625,132.93283419362368,129.82733396554988,131.1610383206507,8128300,QCOM
2025-04-22,135.0648193359375,135.41528362505963,132.87442124257117,133.12752856348635,8228000,QCOM
2025-04-23,136.73924255371094,140.06864549265077,136.07724792563806,138.80307932350632,9073500,QCOM
2025-04-24,143.3104248046875,143.90426654515096,138.22870102028472,138.99776744420384,8810600,QCOM
2025-04-25,144.6246795654297,145.24772552780908,142.21037831803292,142.21037831803292,5145600,QCOM
2025-04-28,143.70956420898438,145.34506899241887,141.58731920303785,144.2547275186005,5743500,QCOM
2025-04-29,142.98916625976562,144.33260007802886,141.6651919479313,142.77499285236706,6692000,QCOM
2025-04-30,144.52732849121094,144.90699686888877,140.0686500647512,141.35367578358898,10851900,QCOM
2025-05-01,131.62831115722656,135.2789741431709,131.29730642368247,135.11346434910598,22836600,QCOM
2025-05-02,136.10646057128906,137.6640828547077,133.65321067401015,134.19838887141756,13185600,QCOM
2025-05-05,135.74624633789062,137.04101651163657,134.62670084628627,134.6364454539062,7165300,QCOM
2025-05-06,136.19406127929688,137.0702293092679,133.8187090393536,134.16917328042484,6957900,QCOM
2025-05-07,140.47752380371094,140.86692193902886,136.53480455162372,136.66136563016605,10196400,QCOM
2025-05-08,141.25633239746094,143.5927508766705,140.0783785491665,141.78202135617784,8489100,QCOM
2025-05-09,141.33419799804688,143.08651925819711,140.7695751768854,141.80149357047773,6217100,QCOM
2025-05-12,148.09034729003906,150.27101519736257,145.86101576281928,149.99843356577026,11414600,QCOM
2025-05-13,147.3310089111328,149.2293505571622,146.96108518946085,147.9832588687642,10160900,QCOM
2025-05-14,148.92758178710938,149.20990805524272,146.4451278803619,147.9053931367326,6971200,QCOM
2025-05-15,148.56736755371094,149.32670419529262,146.20173043602617,147.69121446098876,6941200,QCOM
2025-05-16,148.4602813720703,149.00544461873588,147.2920722928463,148.82047533406342,6668000,QCOM
2025-05-19,149.62850952148438,149.745340842506,146.13361159115422,146.56195844086562,7241100,QCOM
2025-05-20,149.74533081054688,149.81346879320728,147.90538245993662,148.9859792658297,5269500,QCOM
2025-05-21,147.30181884765625,151.99414491448806,146.83453813358295,149.5116910538597,9684500,QCOM
2025-05-22,143.46620178222656,147.56468649911827,143.3201811855507,147.37971717360375,9539100,QCOM
2025-05-23,141.52891540527344,142.6095123044748,138.01454304432,139.62082890724173,8994600,QCOM
2025-05-27,144.6928253173828,145.3937538475113,142.55109100055313,143.6414325221901,9788800,QCOM
2025-05-28,143.69009399414062,145.53002745428554,143.45644622689278,144.87777748212676,7032300,QCOM
2025-05-29,144.41049194335938,146.51327743038448,143.33963969216796,145.8902315291829,5980700,QCOM
2025-05-30,141.35366821289062,144.09897391566986,139.67922959727755,144.07949955374346,13755600,QCOM
2025-06-02,142.7458038330078,143.31044152544112,140.6527480129312,140.96427840375785,6419500,QCOM
2025-06-03,144.99459838867188,145.8123433172603,141.65545098172436,142.82367499923402,6164100,QCOM
2025-06-04,145.10169982910156,146.07521003948858,143.47593956030568,146.02653155805183,7143800,QCOM
2025-06-05,144.51406860351562,146.98205502488273,143.9656304973935,145.72847794122714,5605500,QCOM
2025-06-06,146.15939331054688,147.48151764435403,145.97331289952243,146.70783139957655,5794700,QCOM
2025-06-09,152.20204162597656,152.89737748887788,148.04955801901383,148.67634658762913,10589400,QCOM
2025-06-10,155.8452606201172,156.21740653962797,151.86906908978924,152.9659453895159,9068400,QCOM
2025-06-11,156.18801879882812,158.79311481784407,154.44476265228496,156.69728917290914,8859900,QCOM
2025-06-12,155.4241180419922,156.315337445383,154.6895995116011,155.71792844291218,5689400,QCOM
2025-06-13,151.52627563476562,153.92569982009846,151.2520565818029,153.1128308617383,8446400,QCOM
2025-06-16,153.63189697265625,155.17928452974687,152.42729072052418,153.78859785171264,8686300,QCOM
2025-06-17,151.2716522216797,154.32724458077385,151.20308998458353,153.416433816002,7146900,QCOM
2025-06-18,150.45877075195312,152.87778615006036,149.9886681635593,151.80048639809556,6708700,QCOM
2025-06-20,148.1964569091797,151.91800528321264,147.5206975110454,151.046377277574,15501900,QCOM
2025-06-23,149.9788818359375,150.35104265377453,146.590296618758,148.1083044904535,6860700,QCOM
2025-06-24,152.49583435058594,153.073651959802,150.9680233819463,151.5360527913476,7692700,QCOM
2025-06-25,152.7113037109375,153.2989245575113,151.39896742325072,152.87780774106122,5280100,QCOM
2025-06-26,154.9246368408203,155.14988498554504,152.69170190543514,153.26951951068472,6278200,QCOM
2025-06-27,155.2674102783203,157.77457930359554,154.31744676948563,155.3751402557494,22100300,QCOM
2025-06-30,155.97254943847656,156.56017021501728,154.5426951294137,155.1205127619279,7988200,QCOM
2025-07-01,156.10964965820312,158.3132050231993,154.71896317666346,154.9540144620369,8942300,QCOM
2025-07-02,158.9694061279297,159.42969066392476,155.52206160161265,156.38388652532845,8916400,QCOM
2025-07-03,158.86167907714844,160.57555569929423,158.74414594697635,159.67453312452042,4280800,QCOM
2025-07-07,154.8267059326172,158.15653216986124,154.31745052131402,157.78437133990954,7187400,QCOM
2025-07-08,156.15863037109375,158.48950719699394,155.3359732362409,156.17822171539515,6879100,QCOM
2025-07-09,156.0607147216797,158.14673725285502,154.98341486515292,156.109670670216,4190100,QCOM
2025-07-10,155.80606079101562,156.98128740344043,154.53289240096493,155.7081339572069,5674400,QCOM
2025-07-11,154.209716796875,155.88441060335919,153.9061032649711,155.71792153711215,5907700,QCOM
2025-07-14,151.10513305664062,153.26952072328385,150.3118555001378,153.19117029323442,7382600,QCOM
2025-07-15,151.1149444580078,153.47520085684334,150.9386522448089,153.06385734065165,6467300,QCOM
2025-07-16,150.88970947265625,151.31082628215617,148.4119197340916,151.11495765113716,7106700,QCOM
2025-07-17,149.4598388671875,150.3608465176609,148.66656120447826,149.8417879249297,7018600,QCOM
2025-07-18,151.60462951660156,152.2216149278838,149.57735117488275,149.88094978014857,7433900,QCOM
2025-07-21,155.68853759765625,156.62871287978297,151.71234663273353,151.72213483265395,7662300,QCOM
2025-07-22,154.72877502441406,155.75708896420738,152.9463363003138,155.678753475159,6951600,QCOM
2025-07-23,156.57977294921875,156.73645888305245,153.6906546888525,155.3163926709002,7296200,QCOM
2025-07-24,155.56121826171875,155.80605775719886,153.5535314100186,155.08134241462056,5014800,QCOM
2025-07-25,155.1303253173828,155.91381482783817,154.16077031083407,155.62000439343998,4808200,QCOM
2025-07-28,157.7256317138672,158.61685120935522,155.87464542375628,156.4622513425008,9627300,QCOM
2025-07-29,158.73434448242188,160.22297280839553,157.81374558272523,158.69516179436582,9460900,QCOM
2025-07-30,155.7766876220703,159.8997915502677,154.73857048954372,159.63536069490902,14382500,QCOM
2025-07-31,143.73057556152344,153.56333830898333,142.57494028763057,149.9495048763169,24440100,QCOM
2025-08-01,145.1310577392578,146.09082435086802,142.78058968101982,143.4367726614138,12706700,QCOM
2025-08-04,144.46510314941406,147.67739641513657,144.0341981525444,145.4444612168616,8150200,QCOM
2025-08-05,143.68162536621094,145.58156742082272,142.6630846308093,145.45426103676087,7794500,QCOM
2025-08-06,142.82958984375,143.68164160102404,141.13530441862312,143.62286755887243,8475700,QCOM
2025-08-07,142.88832092285156,145.2583803455069,141.82082432896033,145.2583803455069,6753500,QCOM
2025-08-08,144.51406860351562,144.96457987286885,142.6826738683255,143.32905375503412,5028700,QCOM
2025-08-11,144.91561889648438,147.94183183153325,144.66099117088464,145.5032397325682,6215900,QCOM
2025-08-12,150.55670166015625,150.723190727456,145.5032257205261,145.71867073293618,9304100,QCOM
2025-08-13,153.35768127441406,153.86695167062328,150.45878966729407,150.79176783473835,7103300,QCOM
2025-08-14,154.8267059326172,155.37514403329286,151.70255145503523,151.70255145503523,6294800,QCOM
2025-08-15,154.59165954589844,155.97254290846743,153.45560072885152,154.7777250049899,7583700,QCOM
2025-08-18,155.6199951171875,156.4524554743909,153.99427203888717,154.52311883422468,4774400,QCOM
2025-08-19,153.02468872070312,156.13904001251458,152.82882010790408,155.78648547576665,6396500,QCOM
2025-08-20,152.23143005371094,153.40665682044917,150.2923051414019,153.1618172880529,7151700,QCOM
2025-08-21,150.94845581054688,151.99636111703765,149.89074735985153,151.62421523269813,4997300,QCOM
2025-08-22,154.74835205078125,156.58954987102464,151.36956994280766,151.63400078682108,7711500,QCOM
2025-08-25,153.19117736816406,154.7875356985369,152.19222801866925,154.35661578527183,4653000,QCOM
2025-08-26,155.8843994140625,156.65810054476435,154.16073484268415,154.4055743243819,9173000,QCOM
2025-08-27,156.47203063964844,156.6678992493771,154.54269419899632,155.09113228376336,4549900,QCOM
2025-08-28,157.48077392578125,157.89210250437355,155.74730603157127,156.60914587842234,8156300,QCOM
2025-08-29,157.41221618652344,158.2642678572016,156.10966817853776,156.2369895078637,9949100,QCOM
2025-09-02,155.50245666503906,155.65915752613427,151.40874753968916,154.56228138610112,7520300,QCOM
2025-09-03,154.03343200683594,156.27617029674576,152.83861399732456,156.10966627866065,6336400,QCOM
2025-09-04,157.30340576171875,157.4511394651099,152.14235964291439,153.8462868137564,7781200,QCOM
2025-09-05,157.4314422607422,161.026451136774,156.751837143107,157.6678312234862,7954200,QCOM
2025-09-08,157.82542419433594,157.8746587447564,155.6290161950222,157.8746587447564,7019700,QCOM
2025-09-09,156.2692413330078,159.16494245762254,155.19566956415375,157.95346584582245,6126000,QCOM
2025-09-10,156.55484008789062,156.81093186555808,154.2501042620447,156.22981092852362,8256900,QCOM
2025-09-11,159.07627868652344,159.62785294220978,155.57978393886154,156.79124545698423,8360200,QCOM
2025-09-12,159.39144897460938,159.88391467062107,157.17535334255675,158.89898327859768,5430600,QCOM
2025-09-15,158.79066467285156,160.22865631044726,157.795889224135,158.96794513685816,5604800,QCOM
2025-09-16,161.66664123535156,162.5136828501492,159.0664229109036,159.38160817634488,7997500,QCOM
2025-09-17,162.76976013183594,163.86303460296418,160.77035056293144,162.198498108026,6057800,QCOM
2025-09-18,165.59652709960938,166.3155228396159,163.72514835439344,164.36536280493877,10421200,QCOM
2025-09-19,164.3358154296875,167.02467403078552,163.7842412035614,166.62084853676606,19444400,QCOM
2025-09-22,167.16256713867188,167.6550328643859,163.41982461747318,164.33581868230908,6196600,QCOM
2025-09-23,166.97543334960938,168.27555012288337,165.76397183186717,167.26107189625068,5468400,QCOM
2025-09-24,170.9348602294922,171.8114486397414,166.12838982963848,166.50266859879935,9213700,QCOM
2025-09-25,167.1231689453125,169.37867048620697,165.40939776158618,168.63012796000504,8093700,QCOM
2025-09-26,166.650390625,168.35431774659537,165.5965218372597,167.1231534910489,4846000,QCOM
2025-09-29,162.80918884277344,167.28077148415719,162.2773173875783,166.65041589090347,7523100,QCOM
2025-09-30,163.8531951904297,164.32595807421473,162.39550086525685,163.14404335032157,5593300,QCOM
2025-10-01,163.98126220703125,164.25704184383002,162.0113990705469,163.30165702032608,6153000,QCOM
2025-10-02,166.30567932128906,166.98526938927986,164.66083059439728,165.2222487279222,5499500,QCOM
2025-10-03,166.63070678710938,169.1619879989682,166.19734954399095,166.30569261198613,5137900,QCOM
2025-10-06,166.0791473388672,168.30510218242924,165.19271498643812,167.9702140452149,8265800,QCOM
2025-10-07,162.96676635742188,169.38850867054467,162.6515810756468,167.33984942559076,7147500,QCOM
2025-10-08,165.24195861816406,166.01020397030388,161.42041966628588,163.7350146559774,7302200,QCOM
2025-10-09,163.16375732421875,165.0843707602471,160.77036594327407,164.84798178778894,6928400,QCOM
2025-10-10,151.275634765625,162.60234771102736,151.03926080958453,162.33642701048183,15818600,QCOM
2025-10-13,159.3422088623047,159.9430176482744,153.43262015920368,153.6000567023282,10311000,QCOM
2025-10-14,159.3028106689453,161.79468591837474,156.86016996661994,156.8995756389358,8675200,QCOM
2025-10-15,160.51426696777344,161.7651340188446,157.89434591017428,161.7651340188446,7334100,QCOM
2025-10-16,161.60755920410156,162.70083374915356,159.7657421438883,162.01138471823376,5686700,QCOM
2025-10-17,160.98704528808594,161.3219183799656,159.23386847899647,160.40593932943682,4833100,QCOM
2025-10-20,164.52294921875,165.12375802786175,159.6179946143276,160.8787057172405,8194100,QCOM
2025-10-21,166.28598022460938,166.68980573020738,163.69560567511658,164.28657056276543,6176100,QCOM
2025-10-22,166.71934509277344,167.22165470483995,163.51831798888466,164.96616837356783,10083800,QCOM
2025-10-23,167.4678955078125,168.6695130953849,165.35029887319604,165.79351502592257,6546400,QCOM
2025-10-24,166.39431762695312,169.8218747836982,165.9313986541074,169.1028790503071,6256000,QCOM
2025-10-27,184.8519287109375,202.84663064571268,166.27613585208454,166.40416672192077,81799300,QCOM
2025-10-28,178.30213928222656,183.10860956991618,176.7065551416475,181.1584344771404,20323100,QCOM
2025-10-29,175.9777069091797,180.72508388849448,175.51478790816395,179.25753056305504,11614600,QCOM
2025-10-30,174.5889434814453,177.16947410102927,174.52000609492757,175.98754433750136,7862900,QCOM
2025-10-31,178.17408752441406,179.4052517970506,174.16542446771712,175.82996096893942,9452800,QCOM
2025-11-03,177.99681091308594,180.68566953430113,176.39136785778706,180.1932038146498,8535100,QCOM
2025-11-04,170.2355499267578,176.63760441627963,169.69383461802602,174.80563129966202,12323600,QCOM
2025-11-05,177.0118865966797,180.66597396736955,171.69326262197018,172.12661984845818,18845500,QCOM
2025-11-06,170.59011840820312,175.8201018275358,167.49743436016655,175.12080893767055,16184700,QCOM
2025-11-07,168.31492614746094,171.62429624873442,165.71470785566467,170.12719631440916,10614700,QCOM
2025-11-10,168.98468017578125,172.16600425159064,166.9458650524386,171.14166722389794,10129300,QCOM
2025-11-11,171.35836791992188,173.32823080218424,168.42327643343208,168.42327643343208,8419100,QCOM
2025-11-12,174.0078582763672,174.74655695220278,172.24483738273932,172.36302436163683,8785800,QCOM
2025-11-13,171.87054443359375,176.13529957457843,170.42269394579836,173.96845330955477,9526100,QCOM
2025-11-14,171.35836791992188,173.04260729695508,168.8172429983401,169.1915217552055,7949900,QCOM
2025-11-17,164.23731994628906,172.205411801824,162.68112644558352,170.1961582484634,10211100,QCOM
2025-11-18,162.57276916503906,164.27669622325845,158.9580728486632,162.40533263597567,11073200,QCOM
2025-11-19,163.60696411132812,164.98586213273916,161.63710120710596,162.20836325279373,8176500,QCOM
2025-11-20,157.18521118164062,166.33523304091233,156.45637150539727,164.6116029520597,12075400,QCOM
2025-11-21,160.83932495117188,162.77964130493487,156.70261545130649,158.3277464955477,10815000,QCOM
2025-11-24,162.57276916503906,164.42444494574497,161.25296473910868,161.89316411663702,12070100,QCOM
2025-11-25,160.83932495117188,162.4841588344739,159.4308650211484,161.5189301245733,7758100,QCOM
2025-11-26,162.65158081054688,163.74485533302257,160.69156179346376,161.64694651260294,7967700,QCOM
2025-11-28,165.55712890625,165.65562806581846,161.65680866067075,162.5432409813401,5068800,QCOM
2025-12-01,165.50787353515625,166.4829610768625,163.00615427558932,163.40997977528332,6818300,QCOM
2025-12-02,168.12779235839844,168.5907113335319,165.11390458249855,166.20717907266427,9159100,QCOM
2025-12-03,172.4319610595703,172.45164886834903,167.78308328131013,168.32478357109648,7624300,QCOM
2025-12-04,172.60025024414062,173.1744161403658,171.49148015866777,172.58044673217137,7245000,QCOM
2025-12-05,173.0556182861328,175.47113305653772,172.7487318384532,172.98632865552116,8400100,QCOM
2025-12-08,173.5506134033203,173.738709009466,171.97657402397618,172.98634169053744,6690200,QCOM
2025-12-09,174.2336883544922,174.580181845186,170.5906275759758,172.74874214692548,7719100,QCOM
2025-12-10,180.38136291503906,181.59901451230604,173.49120622393764,174.04558369568025,11100100,QCOM
2025-12-11,179.45079040527344,179.81707227574546,176.30269682164914,179.54977774844414,6319200,QCOM
2025-12-12,176.50070190429688,181.27233636469612,176.08491877339284,179.43100243889018,8865800,QCOM
2025-12-15,177.46096801757812,178.5004333957791,174.6197757420624,177.91635817287764,6954700,QCOM
2025-12-16,174.35247802734375,177.39167516213516,173.05562743182438,177.39167516213516,7136000,QCOM
2025-12-17,170.61041259765625,175.69882756373465,170.32332964971033,174.35247575802717,8501900,QCOM
2025-12-18,172.44186401367188,175.30285990760666,171.78848402541294,173.9466138063018,8967500,QCOM
2025-12-19,173.4912109375,175.41174373511072,172.45174559691495,172.68934242225407,25223500,QCOM
2025-12-22,172.47154235839844,176.53040110824074,172.15474660367866,175.7780187436078,6422100,QCOM
2025-12-23,172.99623107910156,173.51101665438495,171.76867012439618,171.8676725792924,4690400,QCOM
2025-12-24,173.0160369873047,173.7288123765979,172.6695434960232,173.28331642904914,1645300,QCOM
2025-12-26,173.0556182861328,173.73869591775667,172.60024326881893,173.24371387810496,2442800,QCOM
2025-12-29,171.68946838378906,173.43181488538488,171.0558919574779,172.2636493803919,3978400,QCOM
2025-12-30,171.9072723388672,172.64974546749283,171.60038586260663,172.31316127453962,3429300,QCOM
