Date,Close,High,Low,Open,Volume,Ticker
2018-01-02,40.26708221435547,40.27643451563853,39.56580942615581,39.77619340273042,102223600,AAPL
2018-01-03,40.26005935668945,40.802378551359595,40.196947390215975,40.330187330739136,118071600,AAPL
2018-01-04,40.44706726074219,40.5499211500562,40.224998308918046,40.33252478094121,89738400,AAPL
2018-01-05,40.907569885253906,40.9940590344742,40.451743391332485,40.54290869011677,94640000,AAPL
2018-01-08,40.75563430786133,41.05016756597909,40.65745298829791,40.75563430786133,82271200,AAPL
2018-01-09,40.75096130371094,40.921603346574265,40.53590474782042,40.80238825912582,86336000,AAPL
2018-01-10,40.741607666015625,40.74394752463994,40.44006195266457,40.47746402207704,95839600,AAPL
2018-01-11,40.973018646240234,41.02210929584681,40.788351771134415,40.8117253834916,74670800,AAPL
2018-01-12,41.3961296081543,41.459245154422774,41.0595181171993,41.18340935111223,101672400,AAPL
2018-01-16,41.18574142456055,41.93376483703263,41.17405283422285,41.58546481936825,118263600,AAPL
2018-01-17,41.86598205566406,41.90104426428869,40.923939337469655,41.176394373281866,137547200,AAPL
2018-01-18,41.90337371826172,42.09973275509077,41.667279896046836,41.92908718934309,124773600,AAPL
2018-01-19,41.716373443603516,41.97818075507873,41.47092730566695,41.75143564894141,129700400,AAPL
2018-01-22,41.375083923339844,41.557414516297534,41.2815823355666,41.44521189759825,108434400,AAPL
2018-01-23,41.38443374633789,41.945453988337626,41.333010368506855,41.44521299016399,130756400,AAPL
2018-01-24,40.72523880004883,41.44521244943131,40.486805111138345,41.43352385908979,204420400,AAPL
2018-01-25,39.99824905395508,40.89587706717088,39.86266926547092,40.79302318853761,166116000,AAPL
2018-01-26,40.091758728027344,40.206301219057266,39.75281097181956,40.206301219057266,156572000,AAPL
2018-01-29,39.26192855834961,39.776194571434615,39.053884434411934,39.776194571434615,202561600,AAPL
2018-01-30,39.03050231933594,39.124003921961055,38.49987162895176,38.693890842913504,184192800,AAPL
2018-01-31,39.13801956176758,39.37411693794769,38.92062678192371,39.00711592226718,129915600,AAPL
2018-02-01,39.2198486328125,39.416204154709504,38.9814148894474,39.077256358536815,188923200,AAPL
2018-02-02,37.51808166503906,38.990754742832486,37.42458008451683,38.803748014931365,346375200,AAPL
2018-02-05,36.58072280883789,38.30819107991556,36.46618031736213,37.19083019912959,290954000,AAPL
2018-02-06,38.10948944091797,38.270782705665994,35.99865925194776,36.19267842788692,272975200,AAPL
2018-02-07,37.2936897277832,38.19599429823236,37.18382692611816,38.12353000555916,206434400,AAPL
2018-02-08,36.26748275756836,37.634965863191155,36.23943299272922,37.46899643189285,217562000,AAPL
2018-02-09,36.711082458496094,37.05845311203358,35.2629186182967,36.86599229990847,282690400,AAPL
2018-02-12,38.18975830078125,38.46671505344137,36.969260475488554,37.201625228363696,243278000,AAPL
2018-02-13,38.57234573364258,38.66857795561748,37.94097353876356,38.011387447072025,130196800,AAPL
2018-02-14,39.28351593017578,39.32341630642415,38.22966752219258,38.26721850010876,162579600,AAPL
2018-02-15,40.60260009765625,40.62606901581881,39.666103234935505,39.85152308844231,204588800,AAPL
2018-02-16,40.471153259277344,41.032115117639805,40.31624696133215,40.454725377080166,160704400,AAPL
2018-02-20,40.335018157958984,40.900667983713674,40.23409073734247,40.381959561813375,135722000,AAPL
2018-02-21,40.151939392089844,40.867803773727466,40.13785374935215,40.56502871075081,149886400,AAPL
2018-02-22,40.487579345703125,40.82790900653201,40.30215954364588,40.32328263855121,123967600,AAPL
2018-02-23,41.191715240478516,41.22692040214116,40.73168083348682,40.76219436119442,135249600,AAPL
2018-02-26,42.00615692138672,42.10473494491624,41.35835694616437,41.391216287340875,152648800,AAPL
2018-02-27,41.87002182006836,42.36056609144427,41.816039387401,42.036667914040706,155712400,AAPL
2018-02-28,41.80665969848633,42.39343632161307,41.79023181536693,42.07422969537611,151128400,AAPL
2018-03-01,41.07435607910156,42.19627249006448,40.52513412020834,41.90523004911441,195208000,AAPL
2018-03-02,41.358360290527344,41.37948338697755,40.47584605945342,40.55799620973738,153816000,AAPL
2018-03-05,41.50152587890625,41.71745917963857,40.96169083637588,41.12364170727491,113605600,AAPL
2018-03-06,41.46630859375,41.83715165813126,41.33956648431768,41.75735093806652,95154000,AAPL
2018-03-07,41.08138656616211,41.27385093288928,40.90300784056516,41.06026347656485,126814000,AAPL
2018-03-08,41.529701232910156,41.57194742905669,41.090793481964944,41.187022122543205,95096400,AAPL
2018-03-09,42.243221282958984,42.24791649869535,41.63532156620826,41.76910835419292,128740800,AAPL
2018-03-12,42.651615142822266,42.80887083210406,42.29720338770059,42.31597708610445,128828400,AAPL
2018-03-13,42.240882873535156,43.069411316990255,42.06954507381295,42.85582373103191,126774000,AAPL
2018-03-14,41.88176727294922,42.369965835063375,41.73389842335402,42.3230244232332,117473600,AAPL
2018-03-15,41.93105697631836,42.30424963868147,41.79492794839765,41.89585181071824,90975200,AAPL
2018-03-16,41.783180236816406,42.04135973699052,41.689293851971776,41.931045473172695,157618800,AAPL
2018-03-19,41.144771575927734,41.65409318133053,40.759846310114575,41.61888802159753,133787200,AAPL
2018-03-20,41.13068771362305,41.49683568443578,41.06027381583607,41.13068771362305,78597600,AAPL
2018-03-21,40.19889450073242,41.09548733194154,40.19654510210862,41.08375108302355,148219600,AAPL
2018-03-22,39.630889892578125,40.529828421739076,39.57221223717389,39.900805674877645,165963200,AAPL
2018-03-23,38.713172912597656,39.88203087822492,38.713172912597656,39.5229238913069,164115200,AAPL
2018-03-26,40.550968170166016,40.628423130033305,39.06524902667748,39.44782860927624,150164800,AAPL
2018-03-27,39.51118469238281,41.10956343270425,39.17789604359712,40.76453853670361,163690400,AAPL
2018-03-28,39.07462692260742,39.90550460608626,38.77185176834323,39.25535512087376,166674000,AAPL
2018-03-29,39.3797492980957,40.31155078767656,39.17320279721128,39.38679033049858,153594000,AAPL
2018-04-02,39.121559143066406,39.65200736477822,38.60285074845011,39.11217229534909,150347200,AAPL
2018-04-03,39.52293395996094,39.60742995378505,38.69910070622657,39.34690093794411,121112000,AAPL
2018-04-04,40.278682708740234,40.37256550802131,38.67326320379897,38.69908151081114,138422000,AAPL
2018-04-05,40.5579833984375,40.893617762904796,40.38899151741661,40.50634679138119,107732800,AAPL
2018-04-06,39.520572662353516,40.482883990273784,39.47832289128992,40.128472267405044,140021200,AAPL
2018-04-09,39.91253662109375,40.62605524022441,39.865595219285055,39.87263625048639,116070800,AAPL
2018-04-10,40.66360855102539,40.83964148847571,40.25990606129403,40.60493090520861,113634400,AAPL
2018-04-11,40.47350311279297,40.82087385529702,40.29981595084088,40.42421230284707,89726400,AAPL
2018-04-12,40.87250900268555,41.07436028792793,40.61432587688714,40.70117124541933,91557200,AAPL
2018-04-13,41.010986328125,41.27151526401716,40.804443414359966,41.0227225756048,100497200,AAPL
2018-04-16,41.26683044433594,41.35367224350645,41.03446559890611,41.08140701517665,86313600,AAPL
2018-04-17,41.83481979370117,41.99911650197846,41.40529895401935,41.42407623230813,106421600,AAPL
2018-04-18,41.740936279296875,41.97095526813903,41.515616087100334,41.733895247128224,83018000,AAPL
2018-04-19,40.5579833984375,41.16588285803831,40.525124064983366,40.78330351886619,139235200,AAPL
2018-04-20,38.896244049072266,40.1871524529709,38.82817596401007,40.04163301530664,261964400,AAPL
2018-04-23,38.7835807800293,39.17789286841588,38.513661441560345,39.156769773980784,146062000,AAPL
2018-04-24,38.24373245239258,39.03940096674718,37.84003007411372,38.88449116502193,134768000,AAPL
2018-04-25,38.41039276123047,38.825831574734394,38.11935387520056,38.16864110139597,113528400,AAPL
2018-04-26,38.5441780090332,38.89858975322706,38.34467255099439,38.52070551465223,111852000,AAPL
2018-04-27,38.098236083984375,38.57000322169767,37.70157449520931,38.49254827406108,142623200,AAPL
2018-04-30,38.78828811645508,39.25770950585069,37.985577970356694,38.05364607740361,169709600,AAPL
2018-05-01,39.6895751953125,39.71304411315623,38.79063291154478,39.05820292848709,214277600,AAPL
2018-05-02,41.442848205566406,41.71980496672397,40.792698905965494,41.1283333112394,266157600,AAPL
2018-05-03,41.5179557800293,41.661129382006536,40.94291555554344,41.28089937538475,136272800,AAPL
2018-05-04,43.1468620300293,43.245440079683036,41.818398804951755,41.837176087943014,224805200,AAPL
2018-05-07,43.459014892578125,44.04813720028736,43.36278268851024,43.463706525898886,169805600,AAPL
2018-05-08,43.667903900146484,43.70780426877287,43.109291576578705,43.419111259653036,113611200,AAPL
2018-05-09,43.97538375854492,43.98477060792433,43.47310315384662,43.78526872136192,92844800,AAPL
2018-05-10,44.60439682006836,44.68185174084153,44.04343867998312,44.06456535393887,111957200,AAPL
2018-05-11,44.43476867675781,44.781124079827364,44.1661668942968,44.646824986202176,104848800,AAPL
2018-05-14,44.33108901977539,44.65623981059255,44.26276205405801,44.53371864959899,83115200,AAPL
2018-05-15,43.92817687988281,44.07661587132766,43.61245281112909,44.008285328036614,94780800,AAPL
2018-05-16,44.33816146850586,44.404137173242404,43.82452095930741,43.84101578429413,76732400,AAPL
2018-05-17,44.05776596069336,44.51014751846301,43.90932697002195,44.29573644198409,69176000,AAPL
2018-05-18,43.897560119628906,44.25098366663279,43.85515101968935,44.10490308433846,73190800,AAPL
2018-05-21,44.208580017089844,44.594989665645436,44.038936405996104,44.29575668563138,73603200,AAPL
2018-05-22,44.09783935546875,44.50309868458647,44.008304230716284,44.385290823685054,60962800,AAPL
2018-05-23,44.38056945800781,44.41355550927262,43.767967254278695,43.90698323730388,80233600,AAPL
2018-05-24,44.33108901977539,44.49366441518397,43.873997617810524,44.47717318699425,92936000,AAPL
2018-05-25,44.432411193847656,44.68451813500634,44.21328671319679,44.34994425694681,69844000,AAPL
2018-05-29,44.27219772338867,44.47247254778096,44.02951378995011,44.20151587497822,90056400,AAPL
2018-05-30,44.17793655395508,44.29574438476563,44.00829298997112,44.2297722871285,74762000,AAPL
2018-05-31,44.02950668334961,44.34994419353032,43.85750822129398,44.11197362013253,109931200,AAPL
2018-06-01,44.82352828979492,44.82823801484715,44.23684395189632,44.293393009412675,93770000,AAPL
2018-06-04,45.19814682006836,45.57277480962884,45.08505232411239,45.15337927504996,105064800,AAPL
2018-06-05,45.54686737060547,45.69530640222667,45.32303318949462,45.49032190729074,86264000,AAPL
2018-06-06,45.70473098754883,45.72829399486384,45.219363236624766,45.622267652366574,83734400,AAPL
2018-06-07,45.582210540771484,45.756563841147845,45.3183185372882,45.74242747573462,85388800,AAPL
2018-06-08,45.16753005981445,45.23821549056052,44.71279347355301,45.04265402342088,106627200,AAPL
2018-06-11,45.05679702758789,45.231153969750345,44.81647156094477,45.085073361177756,73234000,AAPL
2018-06-12,45.30418395996094,45.381937568012425,45.0379370834704,45.09448614256514,67644400,AAPL
2018-06-13,44.931915283203125,45.44555940171566,44.870656492735385,45.337174592969205,86553600,AAPL
2018-06-14,44.95546340942383,45.136888453145275,44.8188059111202,45.13217513383571,86440400,AAPL
2018-06-15,44.49365997314453,44.80467436726028,44.35700246014303,44.774043181267466,246876800,AAPL
2018-06-18,44.4701042175293,44.5831987359482,44.107254061254174,44.26747459129005,73939600,AAPL
2018-06-19,43.7514762878418,43.90227017955534,43.223695869239414,43.62188694452313,134314000,AAPL
2018-06-20,43.94233322143555,44.10726351180362,43.76090810442532,43.90699230036049,82514800,AAPL
2018-06-21,43.697288513183594,44.37821773005367,43.57476734474176,44.11903902665944,102847600,AAPL
2018-06-22,43.57006072998047,43.85986707368123,43.51822498132365,43.852798889338096,108801600,AAPL
2018-06-25,42.9221076965332,43.570050812040066,42.58282054445238,43.21191397426476,126652400,AAPL
2018-06-26,43.45459747314453,43.94939183167297,43.009283988552895,43.11531391910178,98276800,AAPL
2018-06-27,43.390987396240234,44.126107216581914,43.360356205322596,43.64309432120707,101141200,AAPL
2018-06-28,43.706703186035156,43.873991879852326,43.306157299059485,43.37684271328096,69460800,AAPL
2018-06-29,43.61481475830078,44.104895760187524,43.096461027816034,43.89283951007356,90950800,AAPL
2018-07-02,44.1025505065918,44.13082683886514,43.216636658259354,43.31088510715263,70925200,AAPL
2018-07-03,43.334442138671875,44.28397318836197,43.24490701595224,44.24627381087891,55819200,AAPL
2018-07-05,43.68314743041992,43.92112157794117,43.41925900843449,43.65016137767174,66416800,AAPL
2018-07-06,44.288673400878906,44.39705458505111,43.63601705281612,43.68785278271046,69940800,AAPL
2018-07-09,44.90363693237305,44.92719634335544,44.6020491482026,44.649171565377365,79026400,AAPL
2018-07-10,44.849449157714844,45.0685700292257,44.80939132562234,44.934270952056835,63756400,AAPL
2018-07-11,44.267478942871094,44.71514733555964,44.20386169710242,44.41355952665594,75326000,AAPL
2018-07-12,45.00967025756836,45.09920538074771,44.604410935570954,44.65624668107368,72164400,AAPL
2018-07-13,45.080352783203125,45.200515497182295,44.979036161635726,45.021448857587984,50055600,AAPL
2018-07-16,44.981380462646484,45.39134935496412,44.86592751050151,45.12510613972118,60172400,AAPL
2018-07-17,45.10862350463867,45.20758166383214,44.5784881977529,44.708077547367004,62138000,AAPL
2018-07-18,44.86123275756836,45.191096930839265,44.750493078817286,45.18638360966393,65573600,AAPL
2018-07-19,45.209938049316406,45.36780012426097,44.69393913236674,44.69393913236674,81147200,AAPL
2018-07-20,45.106266021728516,45.33952324227363,44.80703310367688,45.18637448948724,82704800,AAPL
2018-07-23,45.14632034301758,45.22878726865295,44.66330748260312,44.92719589230041,63957600,AAPL
2018-07-24,45.47381591796875,45.62932309432081,45.249981791818506,45.34422660434203,74791600,AAPL
2018-07-25,45.90264129638672,45.909709478060186,45.339516458198204,45.487955463759825,66839600,AAPL
2018-07-26,45.75892639160156,46.17125386401282,45.617555534405035,45.85317123292575,76304000,AAPL
2018-07-27,44.99787902832031,45.98982256720947,44.790539686327264,45.942700152902404,96096000,AAPL
2018-07-30,44.74578094482422,45.28533934601686,44.547864608639095,45.21465391303347,84118000,AAPL
2018-07-31,44.835304260253906,45.271194687816894,44.61147009280662,44.83766271788807,157492000,AAPL
2018-08-01,47.476566314697266,47.537825105988844,46.48933589897435,46.918158223646834,271742800,AAPL
2018-08-02,48.864341735839844,49.097602581978514,47.20560872670718,47.25979933310733,249616000,AAPL
2018-08-03,49.005706787109375,49.182418547865296,48.41430912684515,48.7795141514494,133789600,AAPL
2018-08-06,49.26018524169922,49.302594349847304,48.78895375448443,49.00807467033806,101701600,AAPL
2018-08-07,48.79835891723633,49.36148019425983,48.71589199911434,49.31907110165512,102349600,AAPL
2018-08-08,48.83135223388672,48.96329644635382,48.1881224005045,48.548614122141466,90102000,AAPL
2018-08-09,49.21540451049805,49.42745718493813,48.819568297610594,49.36855326479255,93970400,AAPL
2018-08-10,49.06880187988281,49.44001750555235,48.8654616408131,49.02860717781089,98444800,AAPL
2018-08-13,49.3856315612793,49.87743127630117,49.108994898045374,49.48966660204789,103563600,AAPL
2018-08-14,49.593719482421875,49.7852369637203,49.24141953269484,49.690661587811235,82992000,AAPL
2018-08-15,49.70957946777344,49.827800496523814,49.25797427207032,49.468407558933215,115230400,AAPL
2018-08-16,50.43781280517578,50.55366708451775,50.00039363053768,50.066597106681336,114001600,AAPL
2018-08-17,51.4450569152832,51.53253931119231,50.39998358384993,50.46618706310315,141708000,AAPL
2018-08-20,50.94380187988281,51.823362921071144,50.861045725428916,51.56800870100237,121150800,AAPL
2018-08-21,50.84449005126953,51.3528425555406,50.60568491149106,51.26063031267377,104639200,AAPL
2018-08-22,50.84686279296875,51.156601296459534,50.56076632942316,50.62224357048316,76072400,AAPL
2018-08-23,50.950897216796875,51.31974622714638,50.74046394254264,50.75228315845391,75532800,AAPL
2018-08-24,51.10930633544922,51.28427111585805,50.861041500529375,51.21334139829706,73905600,AAPL
2018-08-27,51.530174255371094,51.71932859234506,51.14950246004533,51.34338303977495,82100400,AAPL
2018-08-28,51.94630432128906,52.14491472640033,51.7618798582831,51.78315877144107,91107200,AAPL
2018-08-29,52.72184371948242,52.84243146580002,51.87774753435485,52.05271233047196,109019200,AAPL
2018-08-30,53.206539154052734,53.97024574907113,52.58469558416517,52.785672712873435,195175200,AAPL
2018-08-31,53.8213005065918,54.11448631513181,53.43589884273721,53.55648297936392,173360400,AAPL
2018-09-04,53.993892669677734,54.18777322429528,53.58484903952322,54.00571549067332,109560400,AAPL
2018-09-05,53.64159393310547,54.30363223674393,53.22309420206611,54.14285341285009,133332000,AAPL
2018-09-06,52.750221252441406,53.75509993549646,52.324624853348354,53.490282393938976,137160000,AAPL
2018-09-07,52.32461929321289,53.286936430190956,52.18511936850075,52.45466312464746,150479200,AAPL
2018-09-10,51.62238693237305,52.45466385736109,51.18260462853595,52.24186387354506,158066000,AAPL
2018-09-11,52.92753601074219,53.03393417484051,51.20387204264051,51.54671217487649,142996000,AAPL
2018-09-12,52.27023696899414,53.19945233807959,51.97941069858313,53.18526639470711,197114800,AAPL
2018-09-13,53.53282928466797,53.991527300779616,52.62489295197468,52.8495121102655,166825600,AAPL
2018-09-14,52.9251708984375,53.6344968245139,52.61306936702936,53.376775937249185,127997200,AAPL
2018-09-17,51.51598358154297,52.714742633075524,51.371753818722354,52.5255883134687,148780400,AAPL
2018-09-18,51.60109329223633,52.454648889702696,51.33627585068412,51.49469152678003,126286800,AAPL
2018-09-19,51.631839752197266,51.92739226002057,50.90596466904896,51.66257836751287,108495200,AAPL
2018-09-20,52.02434539794922,52.55634002502186,51.81627523374747,52.07399981724989,106435200,AAPL
2018-09-21,51.463985443115234,52.338820442105245,51.37649941774229,52.201683598917846,384986800,AAPL
2018-09-24,52.20403289794922,52.31516093786843,51.2204368199305,51.26536138174706,110773600,AAPL
2018-09-25,52.5350456237793,52.68400522996359,51.94630377783899,51.958126598742545,98217600,AAPL
2018-09-26,52.11655044555664,52.90390281763559,51.960497843994546,52.25368725227918,95938800,AAPL
2018-09-27,53.18762969970703,53.53992959522191,52.85424559802705,52.9204526803586,120724800,AAPL
2018-09-28,53.374427795410156,53.398069834890045,52.967747195035955,53.14980496952614,91717600,AAPL
2018-10-01,53.73381042480469,54.244526037328285,53.51865093552065,53.89695599056796,94403200,AAPL
2018-10-02,54.21141815185547,54.38165667005677,53.584848333349555,53.731441209871306,99152800,AAPL
2018-10-03,54.871089935302734,55.202107251536745,54.32963580139792,54.39347614374953,114619200,AAPL
2018-10-04,53.90641784667969,54.93730520599613,53.60849859022037,54.566089500033,128168000,AAPL
2018-10-05,53.03157043457031,54.00571385150835,52.15437270372623,53.899315681414315,134322000,AAPL
2018-10-08,52.908634185791016,53.15216918862936,52.06453440498348,52.53978519538805,118655600,AAPL
2018-10-09,53.64159393310547,53.736172895235825,52.549233077184034,52.87788730397269,107564000,AAPL
2018-10-10,51.156593322753906,53.51865029661315,51.08329687705558,53.308217052458474,167962400,AAPL
2018-10-11,50.70499801635742,51.89903111668794,50.20137889209585,50.72155069197485,212497600,AAPL
2018-10-12,52.516136169433594,52.698197531427574,51.27008573845108,52.11654858627355,161351600,AAPL
2018-10-15,51.39303970336914,52.44993586441361,51.371760786579564,52.291520137503866,123164000,AAPL
2018-10-16,52.52558898925781,52.72420301170054,51.251166750358514,51.76424545871344,116736000,AAPL
2018-10-17,52.298614501953125,52.64145473247039,51.86119529237717,52.561065306134864,91541600,AAPL
2018-10-18,51.076202392578125,51.955766930543895,50.36214653480621,51.51125481132157,130325200,AAPL
2018-10-19,51.85409164428711,52.31515279784084,51.409579553774584,51.55853916023749,132314800,AAPL
2018-10-22,52.17092514038086,52.811684539021144,51.76661134631194,51.9675848788607,115168400,AAPL
2018-10-23,52.66273498535156,52.78568585733632,50.7641056774064,51.03128633927155,155071200,AAPL
2018-10-24,50.8563117980957,53.017391656334006,50.726267969157426,52.63199362779541,163702000,AAPL
2018-10-25,51.96995162963867,52.3435304176031,51.248802817676285,51.47578872209439,119423200,AAPL
2018-10-26,51.14241027832031,52.062169603151254,50.284124580632735,51.04783130446249,189033600,AAPL
2018-10-29,50.182456970214844,51.94394934491909,48.728336343503514,51.82572833174674,183742000,AAPL
2018-10-30,50.433067321777344,50.87757572269664,49.48020657712165,49.924714978040946,146640000,AAPL
2018-10-31,51.74769592285156,52.12363783449441,51.218064547531675,51.27954177612992,153435600,AAPL
2018-11-01,52.54215621948242,52.57525796442497,51.26300377595323,51.792635302853604,233292800,AAPL
2018-11-02,49.05698776245117,50.51583454720711,48.57228091507329,49.54642446027015,365314800,AAPL
2018-11-05,47.66434860229492,48.32638701675462,46.85571728176754,48.305108099645274,264654800,AAPL
2018-11-06,48.17980194091797,48.40442118737774,47.68800199904348,47.74238266532286,127531600,AAPL
2018-11-07,49.64099884033203,49.66700760551551,48.264908230328544,48.699960659016895,133697600,AAPL
2018-11-08,49.467796325683594,49.85453905967433,49.054950457423345,49.821321825704445,101450400,AAPL
2018-11-09,48.51396560668945,48.879355056838364,47.98723277436679,48.770214305149594,137463200,AAPL
2018-11-12,46.07011795043945,47.417795954110254,45.97995536127528,47.21611762163437,204542000,AAPL
2018-11-13,45.60983657836914,46.78430756047721,45.42476859914762,45.467478543802656,187531600,AAPL
2018-11-14,44.321475982666016,46.14368479083384,44.11505123237931,46.00606949744506,243204000,AAPL
2018-11-15,45.41527557373047,45.54814450930108,44.34519912826086,44.69872824786671,185915200,AAPL
2018-11-16,45.91828155517578,46.259946609491415,44.95260676177665,45.19936284522291,147713200,AAPL
2018-11-19,44.098445892333984,45.24681733279806,43.89202475558644,45.08073115263296,167701200,AAPL
2018-11-20,41.99150085449219,43.056830688679405,41.64271817280262,42.32130174706325,271300800,AAPL
2018-11-21,41.944061279296875,42.772124438484425,41.889490881307914,42.64399822705807,124496800,AAPL
2018-11-23,40.878726959228516,41.901350698379524,40.83364927354388,41.507486637209176,94496000,AAPL
2018-11-26,41.43156433105469,41.50986287918792,40.39708001756018,41.341405328689035,179994000,AAPL
2018-11-27,41.341407775878906,41.46715900960743,40.54419042635813,40.693666190363125,165549600,AAPL
2018-11-28,42.931087493896484,43.01412876378861,41.50511064186913,41.93219192550799,184250000,AAPL
2018-11-29,42.601295471191406,43.37241330983305,42.16235002257085,43.339196070830944,167080000,AAPL
2018-11-30,42.37115478515625,42.786372167358834,42.003390093980876,42.77687945690844,158126000,AAPL
2018-12-03,43.851688385009766,43.8801592662894,42.99515437591232,43.76627212076378,163210000,AAPL
2018-12-04,41.92271041870117,43.2751317110597,41.82305870457027,42.93346662237809,165377200,AAPL
2018-12-06,41.45528793334961,41.46952337319293,40.435039173164846,40.75297606435523,172393600,AAPL
2018-12-07,39.97712326049805,41.400725443078066,39.93204194545113,41.16345841264806,169126400,AAPL
2018-12-10,40.240474700927734,40.3567331851287,38.7528099649567,39.14904532256053,248104000,AAPL
2018-12-11,40.010337829589844,40.76009884419869,39.62359143727057,40.729256594178395,189126800,AAPL
2018-12-12,40.12184524536133,40.79093620431171,40.10286345370511,40.43028940365676,142510800,AAPL
2018-12-13,40.560787200927734,40.945162148551596,40.228614895975355,40.451646423760494,127594400,AAPL
2018-12-14,39.26294708251953,40.1171098380698,39.21549440063509,40.09812804123451,162814800,AAPL
2018-12-17,38.897552490234375,39.943900827275144,38.61045782776475,39.255824356252,177151600,AAPL
2018-12-18,39.4029426574707,39.74935053997611,39.00433211137292,39.2392278057024,135366000,AAPL
2018-12-19,38.173892974853516,39.7303641394197,37.74681158935484,39.38632766402629,196189200,AAPL
2018-12-20,37.210575103759766,38.46334427312084,36.84755697061572,38.057616207627134,259092000,AAPL
2018-12-21,35.76325988769531,37.5261558756445,35.502268316215726,37.21770799988889,382978400,AAPL
2018-12-24,34.8379020690918,35.95780221376421,34.78095670531993,35.15109251882243,148676800,AAPL
2018-12-26,37.291255950927734,37.30549139242431,34.811816392339566,35.18669870684758,234330000,AAPL
2018-12-27,37.04924774169922,37.196355771925646,35.60666728965384,36.975695536789914,212468400,AAPL
2018-12-28,37.0682258605957,37.611569368803295,36.66961900113825,37.369555992471305,169165600,AAPL
2018-12-31,37.42649459838867,37.81086594612177,37.12753588756801,37.61393391895783,140014000,AAPL
2019-01-02,37.469207763671875,37.689867977237725,36.59369187126671,36.750288975035055,148158800,AAPL
2019-01-03,33.73699188232422,34.57454401761466,33.69191057763836,34.16169817620422,365248800,AAPL
2019-01-04,35.17721176147461,35.24602123385648,34.11900273892931,34.29220667285654,234428400,AAPL
2019-01-07,35.098907470703125,35.31244995449789,34.61725572428317,35.28160408429917,219111200,AAPL
2019-01-08,35.768001556396484,36.021878993464554,35.238897140785376,35.48565323681881,164101200,AAPL
2019-01-09,36.375389099121094,36.66485501661625,35.50224861516604,35.89610893107745,180396400,AAPL
2019-01-10,36.49166488647461,36.53199984154206,35.79409933557466,36.183217066092084,143122800,AAPL
2019-01-11,36.133392333984375,36.467939696000656,35.948324350827995,36.27338262516767,108092800,AAPL
2019-01-14,35.590057373046875,35.891387539186205,35.404989364339656,35.791735812990616,129756800,AAPL
2019-01-15,36.31846618652344,36.39438975385984,35.601918738921825,35.65411777539392,114843600,AAPL
2019-01-16,36.76213836669922,36.985169858060395,36.301839947576106,36.320821736245776,122278800,AAPL
2019-01-17,36.98043441772461,37.40751573779752,36.363538775351834,36.58657033252364,119284800,AAPL
2019-01-18,37.20820999145508,37.45971241403209,37.00890297433515,37.369549802011335,135004000,AAPL
2019-01-22,36.37302780151367,37.186851783715795,36.211684376745275,37.110928234724035,121576000,AAPL
2019-01-23,36.52013397216797,36.80959998409829,35.99340097474768,36.57470436511674,92522400,AAPL
2019-01-24,36.230674743652344,36.6530097672651,36.00290042236398,36.56522212472766,101766000,AAPL
2019-01-25,37.43124008178711,37.51903133240946,36.61504465459194,36.890271619149736,134142000,AAPL
2019-01-28,37.0848388671875,37.09195658871479,36.45845402993215,36.96383036040819,104768400,AAPL
2019-01-29,36.70046615600586,37.51904038821024,36.565225817907695,37.07297716838964,166348800,AAPL
2019-01-30,39.2083625793457,39.42190138123713,38.01728150422006,38.73382869033698,244439200,AAPL
2019-01-31,39.490726470947266,40.09812951029959,39.04466327999454,39.412427913785926,162958400,AAPL
2019-02-01,39.50969696044922,40.09337168073329,39.369706696277575,39.61409500678469,130672400,AAPL
2019-02-04,40.6319694519043,40.72924978051158,39.690019271912284,39.72086513717964,125982000,AAPL
2019-02-05,41.32715606689453,41.540698496482605,40.89296072958551,41.01396557206762,144406400,AAPL
2019-02-06,41.341407775878906,41.65697335385666,41.011606755653766,41.43868450470518,112958400,AAPL
2019-02-07,40.55842971801758,41.27023086120382,40.416068041217194,40.90483758027317,126966800,AAPL
2019-02-08,40.60607147216797,40.66564261030473,40.13188390366319,40.26770784386319,95280000,AAPL
2019-02-11,40.37255859375,40.79670853270349,40.32966911040256,40.75858212354943,83973600,AAPL
2019-02-12,40.720455169677734,40.7466666211287,40.436895913781186,40.53221193539128,89134000,AAPL
2019-02-13,40.551265716552734,41.099320945808756,40.48931303829851,40.8395916413653,89960800,AAPL
2019-02-14,40.699005126953125,40.808613992609324,40.3606414751641,40.43927581927432,87342800,AAPL
2019-02-15,40.60845184326172,40.91345577089339,40.44880163394933,40.80622845251147,98507200,AAPL
2019-02-19,40.72998809814453,40.851515580587275,40.38686130166285,40.43928420861173,75891200,AAPL
2019-02-20,40.992095947265625,41.29948509114437,40.7442815842349,40.791937772979175,104457600,AAPL
2019-02-21,40.76095199584961,41.073104155107245,40.57985705809458,40.937283860774336,68998800,AAPL
2019-02-22,41.21607971191406,41.22322795767942,40.83720814261498,40.88486432636196,75652800,AAPL
2019-02-25,41.516319274902344,41.90710582108216,41.44959988672047,41.49964124582385,87493600,AAPL
2019-02-26,41.540157318115234,41.77129368525542,41.26374629243125,41.392422020496234,68280800,AAPL
2019-02-27,41.668819427490234,41.699797583479636,41.15889061962103,41.27326982515091,111341600,AAPL
2019-02-28,41.25897979736328,41.678363048433425,41.2041753537565,41.53777599764727,112861600,AAPL
2019-03-01,41.692649841308594,41.73553931695009,41.197017519159516,41.52823291281517,103544800,AAPL
2019-03-04,41.90233612060547,42.355075273942326,41.45436004000405,41.86420972312165,109744800,AAPL
2019-03-05,41.82609939575195,41.93809345893184,41.59019631110894,41.92379696336586,78949600,AAPL
2019-03-06,41.585418701171875,41.816554994525454,41.44721323244979,41.62115992759418,83241600,AAPL
2019-03-07,41.104087829589844,41.566360471567705,40.98971225542988,41.43053652305642,99185600,AAPL
2019-03-08,41.2017936706543,41.23992008169563,40.3892422605175,40.584637390153304,95997600,AAPL
2019-03-11,42.62911605834961,42.68153896438816,41.78320858604554,41.81656828662146,128044000,AAPL
2019-03-12,43.10807418823242,43.52745383687402,42.741113814227916,42.8912342977693,129870400,AAPL
2019-03-13,43.29869842529297,43.67757008556457,43.110451545781046,43.42737051589921,124130000,AAPL
2019-03-14,43.78001403808594,43.86818178331635,43.501221584746304,43.820521970355806,94318000,AAPL
2019-03-15,44.34953308105469,44.63785907607292,43.78241814804206,44.04691422627257,156171600,AAPL
2019-03-18,44.802268981933594,44.890433115459594,44.27089173604565,44.273276908909104,104879200,AAPL
2019-03-19,44.44723129272461,45.03341307639729,44.30187752445981,44.8809110601797,126585600,AAPL
2019-03-20,44.83563232421875,45.15255128641642,44.018314235196435,44.375741144089886,124140800,AAPL
2019-03-21,46.4869384765625,46.782412668747526,45.228796167797555,45.278837530094265,204136800,AAPL
2019-03-22,45.52426528930664,47.10647460051664,45.459927440929704,46.546504437841726,169630800,AAPL
2019-03-25,44.973838806152344,45.74587861908732,44.46390988385612,45.63388456100003,175381200,AAPL
2019-03-26,44.509178161621094,45.96033411700319,43.98257123970182,45.66962661852125,199202000,AAPL
2019-03-27,44.90950393676758,45.21688950575341,44.451997889288634,44.97622334144566,119393600,AAPL
2019-03-28,44.969058990478516,45.169217132837865,44.68549980416933,45.02386341699591,83121600,AAPL
2019-03-29,45.262149810791016,45.29312796597149,44.926167720696284,45.23355682812209,94256000,AAPL
2019-04-01,45.569557189941406,45.67439938040992,44.88806295425262,45.664869594343756,111448000,AAPL
2019-04-02,46.23197937011719,46.33682517645646,45.52427381326158,45.533803597504026,91062800,AAPL
2019-04-03,46.54890060424805,46.822926454826096,46.02467154689668,46.0485014625707,93087200,AAPL
2019-04-04,46.62990951538086,46.79194128270273,46.02228311605566,46.41545121424215,76457200,AAPL
2019-04-05,46.94206619262695,46.96589610699699,46.687099925418465,46.81100893546065,74106400,AAPL
2019-04-08,47.68076705932617,47.7117415960285,46.78481431416327,46.803877525330115,103526800,AAPL
2019-04-09,47.53778076171875,48.336035677504945,47.47344289751336,47.73317589155191,143072800,AAPL
2019-04-10,47.80465316772461,47.833249790891394,47.22323818776864,47.34238048248308,86781200,AAPL
2019-04-11,47.40673065185547,47.89521491423747,47.2852067886217,47.859473670914376,83603200,AAPL
2019-04-12,47.38765335083008,47.69027578606465,46.75381913013985,47.46628769869107,111042800,AAPL
2019-04-15,47.47343444824219,47.62117335589848,47.182726978383926,47.31855093020654,70146400,AAPL
2019-04-16,47.47819900512695,47.98336111335143,47.31378207550533,47.52824036298592,102785600,AAPL
2019-04-17,48.40274429321289,48.46231543377523,47.32569705378426,47.54729995142792,115627200,AAPL
2019-04-18,48.57669448852539,48.64579541672132,48.25739402484164,48.400362590881734,96783200,AAPL
2019-04-22,48.73634719848633,48.83404475360525,48.214503361460345,48.33126412020742,77758000,AAPL
2019-04-23,49.43928146362305,49.503619315451935,48.58622226846949,48.71251279943443,93292000,AAPL
2019-04-24,49.363040924072266,49.677574720140036,49.3368294714054,49.41069711912076,70162400,AAPL
2019-04-25,48.91505813598633,49.5060028744457,48.87693173068337,49.28439996099873,74172800,AAPL
2019-04-26,48.681549072265625,48.84834758072015,48.16208670486749,48.82451766411174,74596400,AAPL
2019-04-29,48.755409240722656,49.079476422813116,48.576695801391914,48.705367877898986,88818800,AAPL
2019-04-30,47.81657028198242,48.46708622241454,47.44484688744978,48.38607033097731,186139600,AAPL
2019-05-01,50.16368103027344,51.30506280144106,49.856291823259944,50.01117901340884,259309200,AAPL
2019-05-02,49.83721923828125,50.671215281428715,49.594171580722325,50.00163618282265,127985200,AAPL
2019-05-03,50.45676040649414,50.478205146321336,50.094566822586664,50.25183551985448,83569600,AAPL
2019-05-06,49.67757034301758,49.763352940920356,48.490914101974354,48.679157328406795,129772400,AAPL
2019-05-07,48.33841323852539,49.42499041337888,47.854695800035216,49.05803373574075,155054800,AAPL
2019-05-08,48.34795379638672,48.92936892131947,48.07392790458842,48.109669147541176,105358000,AAPL
2019-05-09,47.8284912109375,48.057242419549205,46.861056195160906,47.75223838411033,139634400,AAPL
2019-05-10,47.1658935546875,47.56536448730354,46.11101450339134,47.22330340337194,164834800,AAPL
2019-05-13,44.424644470214844,45.324043662968705,43.73813514502486,44.900658286424814,229722400,AAPL
2019-05-14,45.12788009643555,45.37664873529212,44.35047308134774,44.589675239836296,146118800,AAPL
2019-05-15,45.668495178222656,45.86703349261073,44.49640556068087,44.556206125860285,106178800,AAPL
2019-05-16,45.467552185058594,46.039245266520595,45.17094015892705,45.42688825122322,132125600,AAPL
2019-05-17,45.2092170715332,45.663699804341405,44.67340281448622,44.7140667516376,131516400,AAPL
2019-05-20,43.7955322265625,44.09692935038118,43.12337459318291,43.89839107594167,154449200,AAPL
2019-05-21,44.635135650634766,44.97001729820006,44.18064924329761,44.30503541950881,113459200,AAPL
2019-05-22,43.72138214111328,44.42224655428425,43.66636665166303,44.17108348949689,118994400,AAPL
2019-05-23,42.97507095336914,43.185566421251686,42.53254539430105,43.00855911757338,146118800,AAPL
2019-05-24,42.81001663208008,43.568287143398116,42.72629440483175,43.10423430651815,94858800,AAPL
2019-05-28,42.63301086425781,43.19752825231062,42.55646805143749,42.79806098088244,111792800,AAPL
2019-05-29,42.429683685302734,42.90091226999758,42.099583510254305,42.200047987456955,113924800,AAPL
2019-05-30,42.649757385253906,42.87221370220988,42.259856591093225,42.56603514665155,84873600,AAPL
2019-05-31,41.877132415771484,42.57560242696121,41.85799580108924,42.15460420382392,108174400,AAPL
2019-06-03,41.45374298095703,42.55885600339575,40.728960589625665,42.00390878409617,161584400,AAPL
2019-06-04,42.97027587890625,43.015724873298545,41.74556198761419,41.96562753683477,123872000,AAPL
2019-06-05,43.66396713256836,44.25001543111583,43.32908551905767,44.080180266448075,119093600,AAPL
2019-06-06,44.30503463745117,44.36483519131341,43.570682084053516,43.79314204238784,90105200,AAPL
2019-06-07,45.48429489135742,45.90768378892111,44.43659178289126,44.613599067232066,122737600,AAPL
2019-06-10,46.06555938720703,46.732931908705964,45.835923672858236,45.88137267413092,104883600,AAPL
2019-06-11,46.598976135253906,46.8836273136479,46.309543541210125,46.61093697424961,107731600,AAPL
2019-06-12,46.45068359375,46.87646328917654,46.259321071663166,46.393273742142995,73012800,AAPL
2019-06-13,46.441104888916016,47.07259854029726,46.30954660107747,46.57266682669041,86698400,AAPL
2019-06-14,46.10383605957031,46.307155751593456,45.52018207317705,45.81918484080178,75046000,AAPL
2019-06-17,46.37892150878906,46.63486965392285,45.967493369838486,46.142109980575825,58676400,AAPL
2019-06-18,47.46967315673828,47.909804303689334,46.69466040883223,46.89558936940522,106204000,AAPL
2019-06-19,47.3309326171875,47.811731318983306,47.19697998482456,47.763887964623265,84496800,AAPL
2019-06-20,47.71127700805664,47.986358104546575,47.36921593118183,47.92894825704651,86056000,AAPL
2019-06-21,47.54862594604492,48.04377638657859,47.397927351110866,47.55341101332739,191202400,AAPL
2019-06-24,47.50078582763672,47.87872584119384,47.40271202381546,47.491215693151446,72881600,AAPL
2019-06-25,46.78078842163086,47.66344170794164,46.71380842991327,47.46490339125709,84281200,AAPL
2019-06-26,47.79261016845703,48.07726142928263,47.206565387311976,47.30702989408513,104270000,AAPL
2019-06-27,47.77825164794922,48.21599213856582,47.737587709468265,47.90980994600214,83598800,AAPL
2019-06-28,47.34291076660156,47.72085077463874,47.13480596879721,47.52470316986103,124442400,AAPL
2019-07-01,48.211212158203125,48.91446732715429,47.99592795243673,48.59871861867151,109012000,AAPL
2019-07-02,48.49345397949219,48.589137035633016,48.16574818080639,48.177709019065915,67740800,AAPL
2019-07-03,48.895320892333984,48.90249666609173,48.48389283052297,48.62502124767299,45448000,AAPL
2019-07-05,48.85227584838867,49.055599226493996,48.534136409086,48.64178034451634,69062000,AAPL
2019-07-08,47.8452262878418,48.1753228503153,47.460110590009364,48.03419442469582,101354400,AAPL
2019-07-09,48.13705062866211,48.20163259281211,47.55578740176146,47.649076111025046,82312000,AAPL
2019-07-10,48.61306381225586,48.73266491650779,48.21359656204675,48.28296724647705,71588400,AAPL
2019-07-11,48.2590446472168,48.89053831965134,48.24947816503057,48.6321995013914,80767200,AAPL
2019-07-12,48.62980651855469,48.79724732350111,48.36668264654188,48.42648319473245,70380800,AAPL
2019-07-15,49.08668899536133,49.24455968604115,48.797252704231944,48.81878002796971,67789600,AAPL
2019-07-16,48.91685485839844,49.30197058543267,48.67765263415199,48.93838218259591,67467200,AAPL
2019-07-17,48.64178466796875,49.05799429552958,48.622648047745464,48.8092255325011,56430000,AAPL
2019-07-18,49.1943244934082,49.246949268510306,48.725486583390186,48.797247972159944,74162400,AAPL
2019-07-19,48.45996856689453,49.39524996275497,48.40495308770733,49.22541480969587,83717200,AAPL
2019-07-22,49.567474365234375,49.56986507297719,48.70395437846678,48.71352085937351,89111600,AAPL
2019-07-23,49.954986572265625,49.97173247823495,49.58422243227659,49.86409221822159,73420800,AAPL
2019-07-24,49.914337158203125,50.029153225625926,49.555533753812014,49.67513488860905,59966400,AAPL
2019-07-25,49.5196418762207,50.05067106733842,49.45027119228103,49.96694883497979,55638400,AAPL
2019-07-26,49.69187545776367,50.167885587126946,49.54835265146059,49.62968053839526,70475600,AAPL
2019-07-29,50.155914306640625,50.38555001894711,49.85930592191719,49.864090987781196,86693600,AAPL
2019-07-30,49.940643310546875,50.27074356929918,49.5890157262072,49.935858243770845,135742800,AAPL
2019-07-31,50.95962905883789,52.95218358731956,50.54341961599089,51.76813356725592,277125600,AAPL
2019-08-01,49.8569221496582,52.15326516054023,49.45267342174729,51.16535872118057,216071600,AAPL
2019-08-02,48.80204391479492,49.378518561545334,48.23035068507519,49.163237997191345,163448400,AAPL
2019-08-05,46.24735641479492,47.51751962109188,46.0655640412733,47.35964892958403,209572000,AAPL
2019-08-06,47.12283706665039,47.37878519253508,46.414796893585645,46.957786951818015,143299200,AAPL
2019-08-07,47.61080551147461,47.73519168066867,46.362173353172416,46.742503985009016,133457600,AAPL
2019-08-08,48.66090393066406,48.684825611688794,47.694528606203654,47.888281812721345,108038000,AAPL
2019-08-09,48.25991439819336,48.68490825834056,47.8517227401758,48.33434822690377,98478800,AAPL
2019-08-12,48.1374626159668,48.514438725738295,47.818114477569125,47.93096696496544,89927600,AAPL
2019-08-13,50.17600631713867,50.9371579045492,48.13746218750722,48.26712420599327,188874000,AAPL
2019-08-14,48.68252182006836,49.568532297848215,48.64410316767906,48.78096824288931,146189600,AAPL
2019-08-15,48.44001388549805,49.2563901473788,47.94298215754146,48.8530052642296,108909600,AAPL
2019-08-16,49.58293151855469,49.74140568988817,48.944235250189195,49.04988469774485,110481600,AAPL
2019-08-19,50.50736618041992,51.07882804853604,50.43052887765902,50.57219353284465,97654400,AAPL
2019-08-20,50.50975799560547,51.227691316707656,50.50015516617898,50.634616760971866,107537200,AAPL
2019-08-21,51.05722427368164,51.29973516626406,50.80751034118719,51.14126462439481,86141600,AAPL
2019-08-22,51.01399612426758,51.48941498513007,50.60340461002002,51.189276167751544,89014800,AAPL
2019-08-23,48.6561164855957,50.91556297045818,48.262334401212634,50.286469354040136,187272000,AAPL
2019-08-26,49.580535888671875,49.74861290398016,49.23717515529538,49.429264742992345,104174400,AAPL
2019-08-27,49.02107238769531,50.07515974076012,48.86980125519638,49.90948253160488,103493200,AAPL
2019-08-28,49.35002899169922,49.395650682194926,48.819385567248915,49.00667191279658,63755200,AAPL
2019-08-29,50.18560791015625,50.26004541127674,49.621349155907794,50.06315259687426,83962000,AAPL
2019-08-30,50.120784759521484,50.53137262674945,49.75101166966507,50.46174203034494,84573600,AAPL
2019-09-03,49.39084243774414,49.69818428979416,49.03547910827453,49.56612247903739,80092000,AAPL
2019-09-04,50.22883987426758,50.29847047880786,49.77983330506893,50.03675026808803,76752400,AAPL
2019-09-05,51.210880279541016,51.376557476754485,50.785882729793876,50.90353845367969,95654800,AAPL
2019-09-06,51.20608139038086,51.48461108870742,51.0259981022255,51.39577117230135,77449200,AAPL
2019-09-09,51.424591064453125,51.96964425782235,50.680248893016675,51.58546505309072,109237600,AAPL
2019-09-10,52.03207015991211,52.051279485915714,50.83391821884729,51.35015557390354,127111600,AAPL
2019-09-11,53.686439514160156,53.7152553373028,52.27938833354673,52.36102889134553,177158400,AAPL
2019-09-12,53.56637954711914,54.365949877044244,53.51115502500784,53.976971102844466,128906800,AAPL
2019-09-13,52.52429962158203,53.01412462083623,52.10890847215429,52.8244384765625,159053200,AAPL
2019-09-16,52.8004264831543,52.85565467101706,52.238567419766575,52.279385864836165,84632400,AAPL
2019-09-17,52.992496490478516,53.02131230160538,52.6131206742353,52.814816696911045,73274800,AAPL
2019-09-18,53.48954391479492,53.508753239988586,52.6899736146539,53.07895237436418,101360000,AAPL
2019-09-19,53.054931640625,53.72723955353573,52.913263356872854,53.307045276064855,88242400,AAPL
2019-09-20,52.27937698364258,53.43911377467882,52.216949430695024,53.15578449922015,221652400,AAPL
2019-09-23,52.517093658447266,52.78601688512093,52.2601730542611,52.572318178824,76662000,AAPL
2019-09-24,52.26736831665039,53.42230547207564,52.14971625438767,53.07174174905982,124763200,AAPL
2019-09-25,53.071746826171875,53.18459931647141,52.13771495764018,52.4762724285388,87613600,AAPL
2019-09-26,52.79801940917969,53.05013674812319,52.543502278670516,52.824431771617654,75334000,AAPL
2019-09-27,52.54110336303711,53.054940879557066,52.17133028274097,52.95409101125522,101408000,AAPL
2019-09-30,53.777679443359375,53.924147350243985,53.01412429579234,53.04053666142086,103909600,AAPL
2019-10-01,53.926536560058594,54.79814079095974,53.832893402806675,54.04179249498683,139223200,AAPL
2019-10-02,52.57472229003906,53.68403427770665,52.32740451351937,53.559175493563515,138449200,AAPL
2019-10-03,53.02132797241211,53.05494337549281,51.65509540469614,52.447459000713295,114426000,AAPL
2019-10-04,54.507606506347656,54.622862444828854,53.75846122523863,54.17865555013315,138478800,AAPL
2019-10-07,54.51961135864258,55.208728860944525,54.22667560102354,54.32992525189106,122306000,AAPL
2019-10-08,53.880924224853516,54.75973164617533,53.86411835463812,54.221885178414524,111820000,AAPL
2019-10-09,54.51240539550781,54.694888454476924,54.17865121925164,54.51240539550781,74770400,AAPL
2019-10-10,55.247161865234375,55.33120221536916,54.57725351139381,54.728521012309976,113013600,AAPL
2019-10-11,56.716636657714844,57.059993724351415,55.78020129962542,55.93387223570824,166795600,AAPL
2019-10-14,56.63498306274414,57.17763629311461,56.34685058194566,56.402075088679574,96427600,AAPL
2019-10-15,56.50293731689453,57.06239287164702,56.39728786256741,56.759854250095415,87360000,AAPL
2019-10-16,56.27482986450195,56.48372898515924,55.99390035444989,56.03471879637498,73903200,AAPL
2019-10-17,56.49333190917969,56.70222736637808,56.070737747547255,56.447710219951496,67585200,AAPL
2019-10-18,56.764652252197266,57.04558173135252,56.25561435236558,56.32764839764216,97433600,AAPL
2019-10-21,57.749107360839844,57.864363302867055,56.983156188347394,57.03117766562347,87247200,AAPL
2019-10-22,57.61705780029297,58.15490428802028,57.53541724657344,57.90519037069038,82293600,AAPL
2019-10-23,58.39019775390625,58.40460749311298,57.91958219298484,58.13088106904136,75828800,AAPL
2019-10-24,58.48625564575195,58.77919144814045,58.06125802035155,58.7095571851868,69275200,AAPL
2019-10-25,59.206581115722656,59.242596306464485,58.318170993988126,58.385401792575365,73477200,AAPL
2019-10-28,59.799652099609375,59.847673572322954,59.240192966177574,59.40826995257686,96572800,AAPL
2019-10-29,58.41661834716797,59.9677374114046,58.24374175415912,59.780451077157984,142839600,AAPL
2019-10-30,58.409420013427734,58.89924866845541,57.91719523037346,58.769586633499244,124522000,AAPL
2019-10-31,59.73002624511719,59.82847265948915,56.96874904224295,59.365060070154456,139162000,AAPL
2019-11-01,61.42521286010742,61.45162155934046,59.82607232816422,59.917312039179826,151125200,AAPL
2019-11-04,61.82859420776367,61.912634539198656,61.31955996379076,61.78777210588694,103272000,AAPL
2019-11-05,61.7397575378418,61.99427467320338,61.545268167001495,61.72054454973453,79897600,AAPL
2019-11-06,61.766170501708984,61.82619827037496,61.317163964504836,61.65331800351261,75864400,AAPL
2019-11-07,62.479034423828125,62.70060306371024,62.16113446862657,62.31285978131859,94940400,AAPL
2019-11-08,62.650020599365234,62.72226723714008,61.85768150693457,62.30081136770355,69986400,AAPL
2019-11-11,63.146148681640625,63.21117067098467,62.20208407745483,62.20689807124033,81821200,AAPL
2019-11-12,63.08832931518555,63.2882239296663,62.83786940371136,62.98958734351304,87388800,AAPL
2019-11-13,63.69281768798828,63.76747499464725,62.873990636188424,62.888439963309075,102734400,AAPL
2019-11-14,63.25210952758789,63.79157076632971,63.12205821124544,63.51942947548323,89182800,AAPL
2019-11-15,64.00350189208984,64.00831588526924,63.341214024330995,63.50256731633181,100206400,AAPL
2019-11-18,64.32621002197266,64.40568132510607,63.635023558282754,64.01312410296957,86703200,AAPL
2019-11-19,64.13115692138672,64.54297759366457,63.914409585956776,64.51889292314802,76167200,AAPL
2019-11-20,63.38457107543945,64.08057169419445,62.71264777563229,63.950527713283876,106234400,AAPL
2019-11-21,63.100372314453125,63.5820361437923,62.90047770949757,63.50496816719241,121395200,AAPL
2019-11-22,63.04500198364258,63.38216532076734,62.81861931094247,63.240075319750815,65325200,AAPL
2019-11-25,64.1504135131836,64.16727351573608,63.22320891771047,63.26896758200509,84020400,AAPL
2019-11-26,63.649478912353516,64.34066544148382,63.21838765861975,64.28768211784275,105207600,AAPL
2019-11-27,64.50442504882812,64.53814504778033,63.89512054291369,63.960142519969104,65235600,AAPL
2019-11-29,64.36233520507812,64.54295915794552,64.03721061999535,64.20579591584789,46617600,AAPL
2019-12-02,63.618167877197266,64.60316965655018,63.44717925305146,64.36715170309243,94487200,AAPL
2019-12-03,62.483863830566406,62.50312715627298,61.72283384699571,62.20931182938562,114430400,AAPL
2019-12-04,63.035362243652344,63.413470229056855,62.780080924112625,62.874008927329,67181600,AAPL
2019-12-05,63.96015167236328,64.03481634506913,63.273786434184856,63.5290677356678,74424400,AAPL
2019-12-06,65.19561004638672,65.26545336433453,64.3743722789269,64.4177276122505,106075600,AAPL
2019-12-09,64.2828598022461,65.21728148518294,63.79878528754208,65.02461888758106,128042400,AAPL
2019-12-10,64.6585693359375,65.04149128263923,64.0275834068731,64.68746799612504,90420400,AAPL
2019-12-11,65.21005249023438,65.28953113493121,64.6633667099047,64.73802401273718,78756800,AAPL
2019-12-12,65.3762435913086,65.64116022447391,64.3792030714425,64.48998371818132,137310400,AAPL
2019-12-13,66.26492309570312,66.30104642565348,65.24861176531338,65.37625243087754,133587600,AAPL
2019-12-16,67.39923095703125,67.62321027270899,66.70564106368182,66.71045505717711,128186000,AAPL
2019-12-17,67.53170013427734,67.85922811740664,67.143956803204,67.32940214182528,114158400,AAPL
2019-12-18,67.37030029296875,67.89049797807019,67.22098571985354,67.38474961619893,116028400,AAPL
2019-12-19,67.43775177001953,67.71711767990757,67.18006720064264,67.31252181714845,98369200,AAPL
2019-12-20,67.29808807373047,68.07115666009031,67.08615475855936,67.97001134578234,275978000,AAPL
2019-12-23,68.39627075195312,68.45647873677,67.52204963647512,67.5605836287108,98572000,AAPL
2019-12-24,68.4613037109375,68.61062571090498,68.13618642046343,68.5624563754821,48478800,AAPL
2019-12-26,69.81958770751953,69.83644770700805,68.56485537418061,68.59375403067095,93121200,AAPL
2019-12-27,69.79308319091797,70.7973554694835,69.38848735406549,70.11098306970483,146266000,AAPL
2019-12-30,70.20732116699219,70.4890977572307,68.69008295692782,69.71120798213394,144114400,AAPL
2019-12-31,70.72029876708984,70.72752343141342,69.72566166410049,69.82440364292783,100805600,AAPL
2020-01-02,72.33389282226562,72.39410082239243,71.09119881769524,71.34406947838406,135480400,AAPL
2020-01-03,71.63064575195312,72.38926493117573,71.40667380039741,71.56321309934685,146322800,AAPL
2020-01-06,72.20143127441406,72.23996527669502,70.50356859981315,70.75403593983464,118387200,AAPL
2020-01-07,71.8618392944336,72.4663224088167,71.64268136784916,72.211041164577,108872000,AAPL
2020-01-08,73.01786041259766,73.31890043628177,71.5656436323299,71.5656436323299,132079200,AAPL
2020-01-09,74.56881713867188,74.7614798086532,73.74276510045252,73.9932251015063,170108400,AAPL
2020-01-10,74.73738861083984,75.30094193802128,74.23646130286748,74.80241795222723,140644800,AAPL
2020-01-13,76.3341064453125,76.36060178633993,74.93487315391599,75.05288582822318,121532000,AAPL
2020-01-14,75.30332946777344,76.48100118582082,75.18051017572739,76.27147857331117,161954400,AAPL
2020-01-15,74.9806137084961,75.98247543934815,74.54952248725758,75.10344034713454,121923600,AAPL
2020-01-16,75.91987609863281,76.03066410855739,75.16125678084022,75.52250477498995,108829200,AAPL
2020-01-17,76.7603759765625,76.76277929851412,75.86207008807327,76.16792404225187,137816400,AAPL
2020-01-21,76.24017333984375,76.8302072165908,76.10289736234121,76.38948797518701,110843200,AAPL
2020-01-22,76.5123062133789,77.06380603496487,76.4183782339569,76.72423213565071,101832400,AAPL
2020-01-23,76.88079071044922,76.96026202494508,76.01860816134078,76.56530142477,104472000,AAPL
2020-01-24,76.65921020507812,77.86818383448923,76.46895092458591,77.12642473209515,146537600,AAPL
2020-01-27,74.40501403808594,75.08415437016195,73.4248264992336,74.67233390344245,161940000,AAPL
2020-01-28,76.50989532470703,76.68088393464757,75.18531972883665,75.28406170066347,162234000,AAPL
2020-01-29,78.11144256591797,78.95676515736241,77.39858197163568,78.13793790519387,216229200,AAPL
2020-01-30,77.99825286865234,78.05123619869995,76.7651942962083,77.19628560206807,126743200,AAPL
2020-01-31,74.5399169921875,77.71167041513803,74.24610164905711,77.29021440201876,199588400,AAPL
2020-02-03,74.33517456054688,75.498389394716,72.78421654858387,73.28514366287956,173788400,AAPL
2020-02-04,76.78925323486328,76.97951249486786,75.53211041551288,75.93670624597806,136616400,AAPL
2020-02-05,77.41539764404297,78.21255044375825,76.81331804609461,77.91391396544482,118826800,AAPL
2020-02-06,78.32095336914062,78.3233640404218,77.12883967256218,77.68516086755363,105425600,AAPL
2020-02-07,77.25634002685547,78.06986841374218,76.76629135471327,77.82122317353306,117684000,AAPL
2020-02-10,77.6233139038086,77.6233139038086,75.76451086097089,75.84417079645658,109348800,AAPL
2020-02-11,77.15498352050781,78.19060679185898,76.93772180330761,78.11818867514276,94323200,AAPL
2020-02-12,78.98723602294922,78.99206144129231,77.60399117788235,77.60399117788235,113730400,AAPL
2020-02-13,78.42474365234375,78.75063980830953,78.05781303227035,78.2605910618148,94747600,AAPL
2020-02-14,78.44406127929688,78.69270656111114,77.93711251400148,78.3933612458328,80113600,AAPL
2020-02-18,77.00772094726562,77.18877358272158,75.94795598487916,76.12900862033511,152531200,AAPL
2020-02-19,78.12300872802734,78.35234502696264,77.24912913343354,77.24912913343354,93984000,AAPL
2020-02-20,77.32154083251953,78.37164756799683,76.81700838375629,77.88401513292217,100566000,AAPL
2020-02-21,75.57135772705078,77.35774940247184,74.95578178960817,76.91597690115918,129554000,AAPL
2020-02-24,71.98170471191406,73.43012593023869,69.82114748147725,71.75961758398634,222195200,AAPL
2020-02-25,69.54348754882812,73.03176959145453,69.07275534367055,72.65035546469392,230673600,AAPL
2020-02-26,70.64672088623047,71.90926363042658,69.16209108503992,69.1693328941365,198054800,AAPL
2020-02-27,66.02867889404297,69.04139705399142,65.8934935311334,67.85852144500781,320605600,AAPL
2020-02-28,65.99005126953125,67.20914325476264,61.88860853206062,62.10346116385855,426510000,AAPL
2020-03-02,72.13377380371094,72.76866613954134,67.04257525684778,68.14337454443714,341397200,AAPL
2020-03-03,69.84285736083984,73.38665871766685,68.99311238709194,73.3069988099028,319475600,AAPL
2020-03-04,73.08247375488281,73.24180090646557,70.76259027435336,71.561635057031,219178400,AAPL
2020-03-05,70.71189880371094,72.31239742072097,70.34737725228122,71.33954185333918,187572800,AAPL
2020-03-06,69.77285766601562,70.2049720207652,67.88991319528947,68.07579124975517,226176800,AAPL
2020-03-09,64.25436401367188,67.13188921300795,63.48911178224734,63.67016438238683,286744800,AAPL
2020-03-10,68.88208770751953,69.14763308452109,65.0268727397902,66.90258302825225,285290000,AAPL
2020-03-11,66.48976135253906,67.88748961967876,65.627949126833,66.96291749628936,255598800,AAPL
2020-03-12,59.9235954284668,65.17895115078981,59.86807364961435,61.78481820985721,418474000,AAPL
2020-03-13,67.10292053222656,67.57366022928257,61.06300489011421,63.94536649521935,370732000,AAPL
2020-03-16,58.470340728759766,62.54281272853614,57.93683739697829,58.40757346412376,322423600,AAPL
2020-03-17,61.041290283203125,62.1879532458274,57.55059398806874,59.74978006097213,324056000,AAPL
2020-03-18,59.5469856262207,60.35085951701018,57.24158205596609,57.88130337696088,300233600,AAPL
2020-03-19,59.09074783325195,61.036459434063396,58.566902685612334,59.72081110917334,271857200,AAPL
2020-03-20,55.33933639526367,60.7926402539027,55.03999474688709,59.67011183513416,401693200,AAPL
2020-03-23,54.163700103759766,55.160697700443244,51.32479637531141,55.05930867623348,336752800,AAPL
2020-03-24,59.59769821166992,59.79323446043245,56.56084169108887,57.05813231967632,287531200,AAPL
2020-03-25,59.26940155029297,62.34246775825758,58.97488892002493,60.5319411050652,303602000,AAPL
2020-03-26,62.388328552246094,62.44626304168301,59.47217348326275,59.510798931904375,252087200,AAPL
2020-03-27,59.8052978515625,61.767905586340525,59.63872886548187,61.01472792774082,204216800,AAPL
2020-03-30,61.51203155517578,61.68342967850782,60.20603760216864,60.529521124828726,167976400,AAPL
2020-03-31,61.38648986816406,63.365997685508034,60.833677514674484,61.702731524008335,197002000,AAPL
2020-04-01,58.15652084350586,60.04188167908633,57.726822887688364,59.50596558883749,176218400,AAPL
2020-04-02,59.126956939697266,59.18006600388776,57.188487147319506,58.018915768998035,165934000,AAPL
2020-04-03,58.277217864990234,59.31283722451452,57.68819275537644,58.6127685713981,129880000,AAPL
2020-04-06,63.36117172241211,63.51566611882468,60.20120105165565,60.568131689303875,201820400,AAPL
2020-04-07,62.62731170654297,65.58933753055518,62.52350996388426,65.37206847487805,202887200,AAPL
2020-04-08,64.23023986816406,64.54406151460887,63.061847651130236,63.42636197678972,168895200,AAPL
2020-04-09,64.6937026977539,65.19582595653276,63.899490719175986,64.86510443692977,161834800,AAPL
2020-04-13,65.9635009765625,66.07213548949194,64.17228391165321,64.77096719479518,131022800,AAPL
2020-04-14,69.29486846923828,69.58455560243435,67.12223707141726,67.59297682109842,194994800,AAPL
2020-04-15,68.66242218017578,69.12108753340692,67.74509147371352,68.17237318113015,131154400,AAPL
2020-04-16,69.20797729492188,69.57249897577765,68.16028687860133,69.37454631683273,157125200,AAPL
2020-04-17,68.26891326904297,69.27074378183441,66.83497575491855,68.72516946310567,215250000,AAPL
2020-04-20,66.85188293457031,67.99854979022932,66.83257389218826,67.09811926901436,130015200,AAPL
2020-04-21,64.78548431396484,66.92914950571688,64.07575712569414,66.69498771411664,180991600,AAPL
2020-04-22,66.6515121459961,67.0860355273564,65.71003990834832,66.05041238241853,116862400,AAPL
2020-04-23,66.3932113647461,68.0154433517939,66.35458591659604,66.59598944224571,124814400,AAPL
2020-04-24,68.30994415283203,68.31960235496462,66.86876505886688,66.91704870248016,126161200,AAPL
2020-04-27,68.35823822021484,68.68895986495261,67.58091858862758,68.02750920842628,117087600,AAPL
2020-04-28,67.25019836425781,69.00037411858965,67.15847120269908,68.81932145434843,112004800,AAPL
2020-04-29,69.45902252197266,69.92734583940624,68.53203408860236,68.73481211774124,137280800,AAPL
2020-04-30,70.9243392944336,71.10056648651737,69.60869475205328,69.99735081766806,183064000,AAPL
2020-05-01,69.78253173828125,72.17966741995511,69.00521194830733,69.10177190288344,240616800,AAPL
2020-05-04,70.76985168457031,70.89779524622708,69.11865261133845,69.80665406694762,133568000,AAPL
2020-05-05,71.83203887939453,72.66246767070962,71.08368641004002,71.2285300116976,147751200,AAPL
2020-05-06,72.57312774658203,73.2031872790944,72.14825527383692,72.53208591439893,142333600,AAPL
2020-05-07,73.32389068603516,73.66910326152602,72.89660917840814,73.19836352852457,115215200,AAPL
2020-05-08,75.06912994384766,75.1223827731926,73.65551811313698,73.98229650289032,133838400,AAPL
2020-05-11,76.25037384033203,76.74416477518758,74.36958632362644,74.57775917368724,145946400,AAPL
2020-05-12,75.37896728515625,77.38319884408511,75.25793879153254,76.93296900656856,162301200,AAPL
2020-05-13,74.46884155273438,76.47791927324582,73.39410778103768,75.55809815483286,200622400,AAPL
2020-05-14,74.92634582519531,74.9868600913296,72.98746637441403,73.70879908605315,158929200,AAPL
2020-05-15,74.48336791992188,74.5293593473761,72.66794016355354,72.70183169409641,166348400,AAPL
2020-05-18,76.23828125,76.61105115017922,75.11514045510178,75.80500447840275,135178400,AAPL
2020-05-19,75.79774475097656,77.10000541594032,75.76627615398213,76.25522871352638,101729600,AAPL
2020-05-20,77.27186584472656,77.34205706251838,76.61588599602642,76.65461600601195,111504800,AAPL
2020-05-21,76.69577026367188,77.67368271832201,76.45855171857032,77.13389289033314,102688800,AAPL
2020-05-22,77.18955993652344,77.27185842972254,76.33267609193112,76.43433589476804,81803200,AAPL
2020-05-26,76.66670989990234,78.48455279572174,76.61103413521022,78.30543299444078,125522000,AAPL
2020-05-27,77.00074005126953,77.1459757123096,75.7856167074525,76.52389490649263,112945200,AAPL
2020-05-28,77.03462982177734,78.29090607267398,76.4004417495467,76.67638285095582,133560800,AAPL
2020-05-29,76.9595947265625,77.73659554294788,76.60377068012559,77.27668877080987,153532400,AAPL
2020-06-01,77.90605163574219,78.0270801430567,76.78290354210658,76.91361639836452,80791200,AAPL
2020-06-02,78.2667007446289,78.29090791932163,77.19922860751555,77.63977407114822,87642800,AAPL
2020-06-03,78.69757080078125,78.9589964979716,78.0149682866651,78.58622664893751,104491200,AAPL
2020-06-04,78.01982116699219,78.81860638544032,77.64705128445249,78.52088097581583,87560400,AAPL
2020-06-05,80.24188995361328,80.30240419943048,78.2400813612976,78.26912701737099,137250400,AAPL
2020-06-08,80.71630859375,80.75020011255444,79.2300827598663,79.93930785149966,95654400,AAPL
2020-06-09,83.26517486572266,83.65730597576551,80.36533708864444,80.3968056767083,147712400,AAPL
2020-06-10,85.40738677978516,85.87455499385788,83.77350211039672,84.21162466782144,166651600,AAPL
2020-06-11,81.30692291259766,84.9765069301838,81.20526313670851,84.55290729433239,201662400,AAPL
2020-06-12,82.00890350341797,84.18741636682982,80.90028576320306,83.44188410385023,200146000,AAPL
2020-06-15,83.02313232421875,83.67426627857331,80.50331793854433,80.66549938713932,138808800,AAPL
2020-06-16,85.22343444824219,85.49454452238783,83.44189828296469,85.07336027406866,165428800,AAPL
2020-06-17,85.10479736328125,86.02703369979835,84.9837688951085,85.96651946571197,114406400,AAPL
2020-06-18,85.13871002197266,85.55504835135272,84.53114459703605,85.06125001022909,96820400,AAPL
2020-06-19,84.65216064453125,86.30782937031772,83.54595856056092,85.84308414219812,264476000,AAPL
2020-06-22,86.86701202392578,87.0098247964477,84.99833130949449,85.04432273978061,135445200,AAPL
2020-06-23,88.72116088867188,90.1371959593026,87.68999560053155,88.10875691220691,212155600,AAPL
2020-06-24,87.1550521850586,89.26821268122214,86.78228229668392,88.3508144843821,192623200,AAPL
2020-06-25,88.31207275390625,88.35080275936323,86.55232106785238,87.30996064055707,137522400,AAPL
2020-06-26,85.5986099243164,88.42825657527817,85.45095132716905,88.20798383985682,205256800,AAPL
2020-06-29,87.57135772705078,87.665763477541,85.0297599072803,85.50661236513594,130646000,AAPL
2020-06-30,88.30238342285156,88.58801627360432,87.14051287267962,87.15987418081895,140223200,AAPL
2020-07-01,88.13536071777344,88.92204587845694,88.08695375546539,88.37984062385425,110737200,AAPL
2020-07-02,88.13536071777344,89.67484690422407,88.02160103220285,89.04065881814572,114041600,AAPL
2020-07-06,90.49298858642578,90.96015670821257,89.52959930495038,89.56106788910034,118655600,AAPL
2020-07-07,90.21222686767578,91.64762315168353,90.10088271239697,90.87062222466152,112424400,AAPL
2020-07-08,92.31327819824219,92.34474679060094,91.10057024745561,91.1877146099101,117092000,AAPL
2020-07-09,92.71023559570312,93.25727928434208,91.66454778966232,93.20402645939578,125642800,AAPL
2020-07-10,92.87240600585938,92.93050469526396,91.69601281004776,92.30599364635842,90257200,AAPL
2020-07-13,92.44397735595703,96.77921853086478,92.23096604261153,94.17468319640058,191649200,AAPL
2020-07-14,93.9737777709961,94.16499745387678,90.89481289415856,91.82672629574613,170989200,AAPL
2020-07-15,94.62006378173828,96.09418977539168,93.42430181349536,95.84487140313816,153198000,AAPL
2020-07-16,93.45577239990234,94.31023318785083,92.85789140298706,93.49450240060445,110577600,AAPL
2020-07-17,93.26697540283203,94.06092201052024,92.79496133182224,93.90600938284572,92186800,AAPL
2020-07-20,95.23245239257812,95.37042661004409,93.010371636826,93.35409571397072,90318000,AAPL
2020-07-21,93.91812133789062,96.09663446170768,93.66880290920021,96.02159737840238,103433200,AAPL
2020-07-22,94.18194580078125,94.86212529718233,93.53323489247579,93.62037185613211,89001600,AAPL
2020-07-23,89.8951187133789,93.99314144318696,89.08664931990235,93.91568143989768,197004400,AAPL
2020-07-24,89.67243957519531,90.01616378626149,86.31268703007238,88.0966534330444,185438800,AAPL
2020-07-27,91.79768371582031,91.88966654711753,90.50994623863684,90.7326345162056,121214000,AAPL
2020-07-28,90.28968048095703,91.54595685387366,90.28483461346657,91.36925259131361,103625600,AAPL
2020-07-29,92.02037048339844,92.20433612820618,90.73504867705178,90.77135574195019,90329200,AAPL
2020-07-30,93.13383483886719,93.23791755492837,90.78830239250956,91.19495629734762,158130000,AAPL
2020-07-31,102.88390350341797,103.03397765297315,97.62157959922047,99.61613418906329,374336800,AAPL
2020-08-03,105.476318359375,108.09053052398437,104.46452205826068,104.76224738585148,308151200,AAPL
2020-08-04,106.18072509765625,107.26998160372126,104.9438099795325,105.66514250286653,173071600,AAPL
2020-08-05,106.5655746459961,106.88509160009556,105.43758834706337,105.9023409518437,121776800,AAPL
2020-08-06,110.28357696533203,110.77737527223312,106.30900549573542,106.89720218347466,202428800,AAPL
2020-08-07,107.77619934082031,110.26175680038186,106.98082124977309,109.80586800423681,198045600,AAPL
2020-08-10,109.34270477294922,110.35875275642206,106.69710077257369,109.21903076531765,212403600,AAPL
2020-08-11,106.09088897705078,109.10508091522647,105.83141919822033,108.60797228128783,187902400,AAPL
2020-08-12,109.6167221069336,109.87376452711321,106.98566715289093,107.17965891895842,165598000,AAPL
2020-08-13,111.55667877197266,112.55817781440562,110.50667808377885,110.99409224252035,210082000,AAPL
2020-08-14,111.45723724365234,111.5469586132698,109.65065854076958,111.38206488530741,165565200,AAPL
2020-08-17,111.166259765625,112.60182410704658,110.54062998121614,112.57757328432733,119561600,AAPL
2020-08-18,112.09258270263672,112.51694618501556,110.58427334354063,110.91891544512356,105633600,AAPL
2020-08-19,112.23323059082031,113.64454412496903,112.13866200158594,112.49997484302729,145538000,AAPL
2020-08-20,114.72364044189453,114.837612647254,112.25747906222769,112.27445537799255,126907200,AAPL
2020-08-21,120.6356201171875,121.11817961837231,115.6693525872738,115.6814742972318,338054800,AAPL
2020-08-24,122.07845306396484,124.91805616382935,120.21610549023623,124.83317459173283,345937600,AAPL
2020-08-25,121.07695007324219,121.42129395286675,119.35767277780953,120.95328347307442,211495600,AAPL
2020-08-26,122.72350311279297,123.17939196014703,121.32673854222942,122.391288286882,163022400,AAPL
2020-08-27,121.25640106201172,123.65708422717836,120.11425182681509,123.32486945527224,155552400,AAPL
2020-08-28,121.05998992919922,122.64589153107447,120.83689273182479,122.22880256231407,187630000,AAPL
2020-08-31,125.1653823852539,127.06653708598974,122.2166692582802,123.74922926791106,225702700,AAPL
2020-09-01,130.1510467529297,130.75244043183687,126.61064913629612,128.77368605712132,151948100,AAPL
2020-09-02,127.45453643798828,133.8369650688364,123.18665813924054,133.4586759232684,200119000,AAPL
2020-09-03,117.25040435791016,124.97139321089942,116.88181705951085,123.09935129507485,257599600,AAPL
2020-09-04,117.32801818847656,119.98574406174012,107.56038329847304,116.46474218511382,332607200,AAPL
2020-09-08,109.43243408203125,115.41717011939836,109.2966383541402,110.52850171438395,231366600,AAPL
2020-09-09,113.79730224609375,115.56265389882519,111.79915900187885,113.7391061983007,176940500,AAPL
2020-09-10,110.08229064941406,116.88180696925608,109.12201895469966,116.74601127102618,182274400,AAPL
2020-09-11,108.6370620727539,111.77008060116817,106.69711453574045,111.12989436180371,180860300,AAPL
2020-09-14,111.8961410522461,112.44902563888213,109.413011315819,111.27535861813932,140150100,AAPL
2020-09-15,112.07076263427734,115.26197700807842,110.19871308977739,114.77699015613865,184642000,AAPL
2020-09-16,108.76314544677734,112.51694623083202,108.6758513682307,111.77006975767836,154679000,AAPL
2020-09-17,107.0268783569336,108.83102975873638,105.44582412860575,106.42549948987329,178011000,AAPL
2020-09-18,103.63198852539062,107.5506832359034,102.90450823656477,107.08509999522968,287104900,AAPL
2020-09-21,106.77469635009766,106.88139403880808,100.00427732246104,101.4010416835348,195713800,AAPL
2020-09-22,108.45275115966797,109.47122644967507,105.8823269140235,109.29663089711133,183055400,AAPL
2020-09-23,103.90357971191406,108.74374613747926,103.56408301527631,108.2684611226227,150718700,AAPL
2020-09-24,104.97056579589844,106.93961142539536,101.847248976567,102.01214274645399,167743300,AAPL
2020-09-25,108.90863037109375,109.06382969318265,104.43705165768294,105.17423363698332,149981400,AAPL
2020-09-28,111.50817108154297,111.85736219121794,109.39362820642745,111.55667272467461,137672400,AAPL
2020-09-29,110.66429901123047,111.84766814275456,110.1599159291002,111.11049343812664,99382200,AAPL
2020-09-30,112.3326644897461,113.73913095345405,110.20842687953865,110.3733206510487,142675200,AAPL
2020-10-01,113.28321838378906,114.18529413378772,112.35204460964711,114.10769446919807,116120400,AAPL
2020-10-02,109.62641143798828,111.90585528542881,108.85043700934379,109.50031753591523,144712000,AAPL
2020-10-05,113.0019302368164,113.14742776439395,110.14051092914185,110.4897020352033,106243800,AAPL
2020-10-06,109.76222229003906,112.63334341918222,108.87954271233731,112.22594886007512,161498200,AAPL
2020-10-07,111.62456512451172,112.08045390652613,110.70308575226879,111.1783781507114,96849000,AAPL
2020-10-08,111.51786804199219,112.90493061170089,111.1492733309645,112.7594330889432,83477200,AAPL
2020-10-09,113.45782470703125,113.48692273393875,111.46937566481606,111.81856678833006,100506900,AAPL
2020-10-12,120.66471862792969,121.42129686008033,115.69845107798898,116.45502931013961,240226800,AAPL
2020-10-13,117.46381378173828,121.62500184957032,116.05735487456657,121.50860234126793,262330500,AAPL
2020-10-14,117.55110931396484,119.33585728240598,116.02825097556021,117.36681195189107,150712000,AAPL
2020-10-15,117.08552551269531,117.56081055796655,114.60239518602361,115.15527990408137,112559200,AAPL
2020-10-16,115.4462661743164,117.90030584427576,115.24257258596,117.63840880188037,115393800,AAPL
2020-10-19,112.49754333496094,116.80422116143153,112.18715207359088,116.35803418573154,120639300,AAPL
2020-10-20,113.98160552978516,115.40746797741103,112.15805033404632,112.71093501778782,124423700,AAPL
2020-10-21,113.36082458496094,115.14557257156684,112.9534300225298,113.16682541230045,89946000,AAPL
2020-10-22,112.2744369506836,114.49567723930029,111.14926409518415,113.92338900408984,101988000,AAPL
2020-10-23,111.58577728271484,113.05043966735408,110.84859518576691,112.89524032049677,82572600,AAPL
2020-10-26,111.5954818725586,113.05044248419397,109.49063323015535,110.58670829378724,111850700,AAPL
2020-10-27,113.09893798828125,113.7585204355671,111.10079442752371,112.02226653167769,92276800,AAPL
2020-10-28,107.86105346679688,111.9640447506843,107.76405759395712,111.5954574737689,143937800,AAPL
2020-10-29,111.85736083984375,113.41901900582575,108.83104039265947,108.99594153712782,146129200,AAPL
2020-10-30,105.59133911132812,108.6273541724171,104.4855696692542,107.72527832227131,190272600,AAPL
2020-11-02,105.5040283203125,107.35668150297613,104.09756951905206,105.83382320217856,122866900,AAPL
2020-11-03,107.12388610839844,108.14235394209176,105.46523215040254,106.36730788899447,107624400,AAPL
2020-11-04,111.49846649169922,112.11924902667879,108.97653651830575,110.71279021468385,138235500,AAPL
2020-11-05,115.45597076416016,116.0282591074031,113.3608313760952,114.40839736997158,126387100,AAPL
2020-11-06,115.32479858398438,115.82033327578648,112.83737692583377,114.96528648231298,114457900,AAPL
2020-11-09,113.0219955444336,118.53123307425452,112.75965407719045,117.08348090470506,154515300,AAPL
2020-11-10,112.68193054199219,114.25599431151727,110.89409578251818,112.27384048419532,138023400,AAPL
2020-11-11,116.10211944580078,116.2381494579348,113.1385999950758,113.86733537997074,112295000,AAPL
2020-11-12,115.83003997802734,117.1126137436234,115.20818648034917,116.22841881317535,103162300,AAPL
2020-11-13,115.87861633300781,116.27698772427065,114.52802767720522,116.05351307902214,81581900,AAPL
2020-11-16,116.88916015625,117.55959167779801,114.80011721095168,115.54828228699445,91183000,AAPL
2020-11-17,116.00494384765625,117.24865091924097,115.5871353083196,116.16041093814378,74271000,AAPL
2020-11-18,114.6834945678711,116.42274359265693,114.65434634387621,115.24705160870013,76322100,AAPL
2020-11-19,115.27620697021484,115.68429695756758,113.49809106564801,114.25597458875419,74113000,AAPL
2020-11-20,114.01306915283203,115.40252482669361,113.96449124482857,115.27621337018954,73604300,AAPL
2020-11-23,110.62202453613281,114.28513837643995,110.52486130551306,113.85761126601786,127959300,AAPL
2020-11-24,111.90459442138672,112.56531474410036,109.39774313111327,110.68032441615657,113874200,AAPL
2020-11-25,112.74021911621094,113.43980625953591,111.90460196313715,112.27383262938065,76499200,AAPL
2020-11-27,113.28434753417969,114.15883152801634,112.92484280171581,113.26491785124114,46691300,AAPL
2020-11-30,115.6745834350586,117.54014397849063,113.49808872130923,113.65355580646789,169410200,AAPL
2020-12-01,119.24051666259766,119.96925188593028,116.60735427852516,117.57900124296866,127728200,AAPL
2020-12-02,119.5903091430664,119.87208764992158,117.46239993689542,118.56035832864589,89004200,AAPL
2020-12-03,119.45429229736328,120.27047227200518,118.74498667961886,120.0178419599632,78967600,AAPL
2020-12-04,118.78385162353516,119.37655691588907,118.07454601670749,119.12392660773527,78260400,AAPL
2020-12-07,120.24131774902344,121.03806800243322,118.78384723085345,118.84214367939516,86712000,AAPL
2020-12-08,120.85346221923828,121.43645640289948,119.6000365852931,120.84375108576852,82225500,AAPL
2020-12-09,118.32718658447266,122.37895334699282,117.56930300737729,120.99921619827668,115089200,AAPL
2020-12-10,119.74577331542969,120.35791566525569,116.74338766599487,117.08346263085474,81312200,AAPL
2020-12-11,118.9393310546875,119.27940607418536,117.13206676469383,118.95876073591047,86939800,AAPL
2020-12-14,118.32718658447266,119.85267228564851,118.09399334838469,119.12393693642923,79184500,AAPL
2020-12-15,124.25424194335938,124.27367903878984,120.6105649235341,120.81460994707473,157243700,AAPL
2020-12-16,124.18622589111328,124.73034594931227,122.97166689471923,123.79757294273104,98208600,AAPL
2020-12-17,125.05098724365234,125.90604149372504,124.40969655609783,125.24531371153455,94359800,AAPL
2020-12-18,123.06881713867188,125.43963827870924,122.54412684965975,125.30360828671483,192541500,AAPL
2020-12-21,124.59429931640625,124.67203286094654,119.94982751976666,121.47531311924551,121251600,AAPL
2020-12-22,128.14080810546875,130.599073771845,125.9740246713456,127.8784592702847,168904800,AAPL
2020-12-23,127.24689483642578,128.67520225485305,127.07199067068275,128.41286824547294,88223700,AAPL
2020-12-24,128.228271484375,129.67603102914552,127.3829432351903,127.59670678746939,54930100,AAPL
2020-12-28,132.814453125,133.44601785068772,129.72460743607215,130.1910087492954,124486200,AAPL
2020-12-29,131.04605102539062,134.8549062093824,130.53107920371312,134.13589678161503,121047300,AAPL
2020-12-30,129.92864990234375,132.13429294527648,129.61771571736733,131.7359140805847,96452100,AAPL
2020-12-31,128.92784118652344,130.9197204767935,127.98534242224186,130.27842990655225,99116600,AAPL
2021-01-04,125.74083709716797,129.82175137838865,123.1659711614339,129.73430670995643,143301900,AAPL
2021-01-05,127.29547119140625,128.0047841932833,124.78862009202955,125.2355842462787,97664900,AAPL
2021-01-06,123.0105209350586,127.33435496235823,122.7967573877346,124.0987683518539,155088000,AAPL
2021-01-07,127.20804595947266,127.89792197499627,124.2348079857969,124.72063157172194,109578200,AAPL
2021-01-08,128.30601501464844,128.8695721666665,126.53761000388556,128.67523086681507,105158200,AAPL
2021-01-11,125.32305145263672,126.47931399049689,124.85666494889938,125.5271038877366,100384500,AAPL
2021-01-12,125.14814758300781,126.01291289609365,123.26314986487158,124.85665049211372,91951100,AAPL
2021-01-13,127.17889404296875,127.72301407124303,124.84694682860504,125.10928088256377,88636800,AAPL
2021-01-14,125.2550277709961,127.28576659581172,125.10927181431389,127.09144014639318,90221800,AAPL
2021-01-15,123.53520202636719,126.52787663913662,123.39917203606663,125.1287025525268,111598500,AAPL
2021-01-19,124.20565032958984,125.0607045202907,123.34088500532488,124.15706500945309,90757300,AAPL
2021-01-20,128.2865753173828,128.7335395413519,124.90524730001776,125.01212908230433,104319500,AAPL
2021-01-21,132.98931884765625,135.70993338633443,129.80231790485385,130.00637029637122,120150900,AAPL
2021-01-22,135.126953125,135.88483658611096,131.19177987621222,132.41604973812463,114459400,AAPL
2021-01-25,138.86782836914062,140.97630120112478,132.66871393860882,139.013584357772,157611700,AAPL
2021-01-26,139.1009979248047,140.20867499016745,137.36174136904043,139.52852500725305,98390600,AAPL
2021-01-27,138.03219604492188,140.20869106595407,136.42898412808006,139.36334793740457,140843800,AAPL
2021-01-28,133.20309448242188,137.96417406452278,132.82415271471342,135.5642045936499,142621100,AAPL
2021-01-29,128.21856689453125,132.86303917443942,126.51818434944722,131.97883669271752,177523800,AAPL
2021-02-01,130.3367462158203,131.5415940017464,127.21775238608966,129.95780442586786,106239800,AAPL
2021-02-02,131.16265869140625,132.44522526454477,130.79342801715512,131.88166811874655,83305400,AAPL
2021-02-03,130.1424102783203,131.92052618668296,129.82176496768204,131.9108002272906,89880900,AAPL
2021-02-04,133.49456787109375,133.50427900274144,130.77395356806818,132.43547630144383,84183100,AAPL
2021-02-05,133.08099365234375,133.72324245824956,132.20521062487953,133.65513325973174,75693800,AAPL
2021-02-08,133.2270050048828,133.27566293088242,131.29053239728702,132.37067302189544,71297200,AAPL
2021-02-09,132.3511962890625,134.17090160726997,132.19551172596402,132.94478730279516,76774200,AAPL
2021-02-10,131.7478790283203,133.3048434386966,130.78450562896475,132.80855342312873,73046600,AAPL
2021-02-11,131.494873046875,132.72097244544923,130.17145780866096,132.24414858851415,64280000,AAPL
2021-02-12,131.72840881347656,131.88410821935858,130.0936095966532,130.73585850968206,60145100,AAPL
2021-02-16,129.60707092285156,132.35120265140839,129.21782237561078,131.84520181246612,80576300,AAPL
2021-02-17,127.32029724121094,128.66317890424816,125.98715607320858,127.7192714814344,97918500,AAPL
2021-02-18,126.2206802368164,126.50287241895496,123.98254952435698,125.72439023440656,96856700,AAPL
2021-02-19,126.37638854980469,127.19380316380035,125.33518012530345,126.7364453512212,87668800,AAPL
2021-02-22,122.61048126220703,126.23041094448011,122.22124015432108,124.56640502266376,103916400,AAPL
2021-02-23,122.47425842285156,123.30139120748287,115.2052066551197,120.43075171253977,158273000,AAPL
2021-02-24,121.97795104980469,122.18230093698557,118.94188709836797,121.57898434363891,111039900,AAPL
2021-02-25,117.73526763916016,123.05812133844819,117.29737597808456,121.32600598694728,148199500,AAPL
2021-02-26,117.99798583984375,121.49140765726709,117.93959485190196,119.29220185674814,164560400,AAPL
2021-03-01,124.35232543945312,124.48855870917815,119.48683030882653,120.42100448300808,116307900,AAPL
2021-03-02,121.754150390625,125.25730532990295,121.64710890595583,124.95564701355688,102260900,AAPL
2021-03-03,118.77645874023438,122.32827149061751,118.56237577745944,121.45248092660913,112966300,AAPL
2021-03-04,116.89838409423828,120.27503892466773,115.42900990064756,118.47480719948628,178155000,AAPL
2021-03-05,118.1536865234375,118.65970219404976,114.40725661331615,117.72552798386944,153766600,AAPL
2021-03-08,113.22980499267578,117.74498394850409,113.08383865170997,117.67686731260757,154376600,AAPL
2021-03-09,117.83255004882812,118.77645723226702,115.59442688495044,115.827968557669,129525800,AAPL
2021-03-10,116.7524185180664,118.88350022910564,116.23666982400522,118.4164168777091,111943300,AAPL
2021-03-11,118.67916107177734,119.89553490297892,117.99799469596714,119.24356031125248,103026500,AAPL
2021-03-12,117.77416229248047,117.9103955487277,115.95447204511132,117.16111263936789,88105100,AAPL
2021-03-15,120.6545639038086,120.66429697426416,117.18060016691906,118.14397368976827,92403800,AAPL
2021-03-16,122.1920394897461,123.79765430298438,121.36490683570095,122.31853968534864,115227900,AAPL
2021-03-17,121.4038314819336,122.47423888090718,119.04892629520441,120.71293209328559,111932600,AAPL
2021-03-18,117.28762817382812,119.86634216018179,117.08327826271949,119.57440947336566,121229700,AAPL
2021-03-19,116.76216125488281,118.16342636251116,116.46050290360724,116.67458589773459,185549500,AAPL
2021-03-22,120.0706787109375,120.53776947303844,117.02488167357409,117.09299830303091,111912300,AAPL
2021-03-23,119.24357604980469,120.89784170891704,118.85433488761423,120.01232530348747,95467100,AAPL
2021-03-24,116.8594741821289,119.59388786129526,116.84001546562122,119.51603814694975,88530500,AAPL
2021-03-25,117.34600830078125,118.38723138862223,115.79878440882977,116.32425877519718,98844700,AAPL
2021-03-26,117.94933319091797,118.21207408800578,115.72093550893463,117.11246742653448,94071200,AAPL
2021-03-29,118.1244888305664,119.28247903408416,117.48224734126221,118.37749665321657,80819200,AAPL
2021-03-30,116.67456817626953,117.16111766205535,115.66254435493632,116.87891806940085,85671900,AAPL
2021-03-31,118.86406707763672,120.19720821125276,117.89096789144921,118.37751748454296,118323800,AAPL
2021-04-01,119.69117736816406,120.83943448866229,119.19489479787379,120.33342627373456,75089100,AAPL
2021-04-05,122.51318359375,122.76619144970482,119.75931123714496,120.53779352124103,88651200,AAPL
2021-04-06,122.81482696533203,123.71007628588559,122.26989388745704,123.09702657327624,80171300,AAPL
2021-04-07,124.45936584472656,124.47882455845117,121.7736104771957,122.4450511751175,83466700,AAPL
2021-04-08,126.85321044921875,126.88240223692625,125.06271151102148,125.48113703370569,88844600,AAPL
2021-04-09,129.4221649169922,129.4610823431084,125.987126690143,126.3082511367721,106686700,AAPL
2021-04-12,127.70952606201172,129.2762161435529,127.11593504109703,128.95509167174853,91420000,AAPL
2021-04-13,130.81369018554688,131.0375136441806,128.38094270892825,128.87723269707828,91266500,AAPL
2021-04-14,128.47828674316406,131.36839256751463,128.11824478906962,131.31000899099288,87222800,AAPL
2021-04-15,130.88180541992188,131.36835488244947,130.04493975044198,130.22010527807376,89347100,AAPL
2021-04-16,130.5509490966797,131.0472241792983,129.6946173321828,130.68718234573052,84922400,AAPL
2021-04-19,131.21267700195312,131.82573417670255,129.75302837507442,129.91845343765638,94264200,AAPL
2021-04-20,129.52923583984375,131.8841341353887,128.264203903013,131.3878588859704,94812300,AAPL
2021-04-21,129.90870666503906,130.15198139662152,127.76789199677557,128.79937448295544,68847100,AAPL
2021-04-22,128.39065551757812,130.54119550814494,127.8749143516064,129.46105526749852,84566500,AAPL
2021-04-23,130.70664978027344,131.4851170121257,128.60475261832673,128.60475261832673,78657500,AAPL
2021-04-26,131.09593200683594,131.42678218788413,129.96713331445437,131.20297351815344,66905100,AAPL
2021-04-27,130.77476501464844,131.7673300838562,130.5022985012677,131.3780816016613,66015800,AAPL
2021-04-28,129.98658752441406,131.38785269000346,129.5000379446019,130.69694575341165,107760100,AAPL
2021-04-29,129.88925170898438,133.38268843991688,128.886960916459,132.79882309453924,151101000,AAPL
2021-04-30,127.92362976074219,129.96712921001927,127.54412165956818,128.2350137894491,109839500,AAPL
2021-05-03,128.9745635986328,130.4634190600625,128.2836714700979,128.48801399046965,75135100,AAPL
2021-05-04,124.41070556640625,127.95279275381809,123.29164023246338,127.66086008438737,137564700,AAPL
2021-05-05,124.65400695800781,126.94078104975206,124.52749931714487,125.72440711319194,84000900,AAPL
2021-05-06,126.2498550415039,126.25958068498952,123.71005892640017,124.44961615985031,78128300,AAPL
2021-05-07,126.92241668701172,127.94589400291653,126.21083728592589,127.54625713723836,78973300,AAPL
2021-05-10,123.64727020263672,126.26934761190338,123.6082792363769,126.14263998590019,88071200,AAPL
2021-05-11,122.73101806640625,123.08192191649415,119.67029018955704,120.38186236478138,126142800,AAPL
2021-05-12,119.6702880859375,121.4930768252382,119.16342036759427,120.28438654552215,112172300,AAPL
2021-05-13,121.81473541259766,122.96494285084451,121.12266251691543,121.43458279999426,105861300,AAPL
2021-05-14,124.23213195800781,124.66102519199373,122.67253033910511,123.06243260302256,81918000,AAPL
2021-05-17,123.08191680908203,123.72525662054227,122.0096912267483,123.61803331863223,74244600,AAPL
2021-05-18,121.69778442382812,123.78375308679564,121.62955208202142,123.3646094337638,63342900,AAPL
2021-05-19,121.54181671142578,121.76600548369002,119.75801895076617,120.050447495282,92612000,AAPL
2021-05-20,124.09568786621094,124.49533979813177,121.94148661076665,122.06820914370172,76857100,AAPL
2021-05-21,122.26312255859375,124.76823446881733,122.04867596571786,124.5927788416249,79295400,AAPL
2021-05-24,123.8909683227539,124.70976380781524,122.76025995557121,122.82849229292907,63092900,AAPL
2021-05-25,123.6960220336914,125.08017543327662,123.1306641265909,124.59279202902988,72009500,AAPL
2021-05-26,123.64727020263672,124.17363709199465,123.22812661130169,123.75449350065962,56575900,AAPL
2021-05-27,122.11692810058594,124.41734339161216,121.92198067731965,123.24764397847942,94625600,AAPL
2021-05-28,121.46385955810547,122.62381693479105,121.40537681197623,122.39962068001505,71311100,AAPL
2021-06-01,121.14217376708984,122.18515807859856,120.81076166659518,121.92197831860382,67637100,AAPL
2021-06-02,121.9024658203125,122.07792145343016,120.9179717914318,121.14216055572481,59278900,AAPL
2021-06-03,120.42085266113281,121.6977752920281,120.02120080570538,121.53206925104124,76229200,AAPL
2021-06-04,122.71151733398438,122.97470451422886,120.72302254551224,120.93746915555829,75169300,AAPL
2021-06-07,122.72128295898438,123.13067702974456,121.6782985767518,122.98446273682511,71057600,AAPL
2021-06-08,123.54005432128906,125.21663622404847,123.02343700167279,123.4035896495703,74403800,AAPL
2021-06-09,123.9201889038086,124.52453767386459,123.32558973367314,123.99817082964145,56877900,AAPL
2021-06-10,122.92596435546875,124.95345011953233,122.76025831506651,123.81298472926724,71186400,AAPL
2021-06-11,124.13465118408203,124.22238272093318,122.91621132668672,123.33535493510138,53522400,AAPL
2021-06-14,127.18562316894531,127.24410590291394,123.8617230721818,124.59278699385679,96906500,AAPL
2021-06-15,126.36686706542969,127.302635665895,126.12317902998467,126.65929568267117,62746300,AAPL
2021-06-16,126.86394500732422,127.58526671760069,125.21662690472674,127.07839160028391,91815000,AAPL
2021-06-17,128.46255493164062,129.20337594415264,126.37658632134162,126.52280804022224,96721700,AAPL
2021-06-18,127.16613006591797,128.1896075868194,126.95168347380675,127.40981802299594,108953300,AAPL
2021-06-21,128.9596710205078,129.066894317528,125.94769141357571,127.01016734634604,79663300,AAPL
2021-06-22,130.59722900390625,130.69471012361893,128.29681438987527,128.79394727746697,74783600,AAPL
2021-06-23,130.32431030273438,130.9286665216875,129.8661757752273,130.39255006678223,60214200,AAPL
2021-06-24,130.04164123535156,131.24058178501798,129.57374966230876,131.0553765632134,68711000,AAPL
2021-06-25,129.74925231933594,130.50955776565635,129.45682371531962,130.0904215029444,70783700,AAPL
2021-06-28,131.37705993652344,131.83519451956099,129.98317185834844,130.04165459260284,62111300,AAPL
2021-06-29,132.88792419433594,133.0438880631515,130.9579196567259,131.3965550234282,64556100,AAPL
2021-06-30,133.50205993652344,133.94069542579433,132.4395687976653,132.73199741502498,63261400,AAPL
2021-07-01,133.80419921875,133.86268195374564,132.3323143115352,133.15111722207564,52485800,AAPL
2021-07-02,136.4263153076172,136.46529884864614,134.27210654572147,134.41831341650158,78852600,AAPL
2021-07-06,138.43426513671875,139.53572463895688,136.53350195950557,136.53350195950557,108181800,AAPL
2021-07-07,140.91990661621094,141.2318195282519,139.0581266890823,139.91589835234652,104911600,AAPL
2021-07-08,139.62347412109375,140.42276298269945,137.11835448019005,138.0053823208354,105575500,AAPL
2021-07-09,141.44625854492188,141.97261806281588,139.04836216143113,139.1458433075578,99890800,AAPL
2021-07-12,140.8516387939453,142.62569425576672,140.36426288116348,142.51847096001342,76299700,AAPL
2021-07-13,141.96290588378906,143.73696197798483,140.0036593704911,140.39355429028427,100827100,AAPL
2021-07-14,145.38424682617188,145.79365573228569,143.95136027537654,144.36076918149035,127050800,AAPL
2021-07-15,144.73118591308594,146.21281325196273,143.37628110522587,145.4720070192926,106820300,AAPL
2021-07-16,142.69393920898438,145.97884856339024,142.1968210625346,144.7116829108476,93251400,AAPL
2021-07-19,138.85340881347656,140.43251704679776,138.0931035014654,140.12058929133983,121434600,AAPL
2021-07-20,142.4600067138672,143.38603306380864,139.35056015600642,139.83793618290784,96350000,AAPL
2021-07-21,141.72891235351562,142.44049190950972,140.97836414159778,141.85563485293181,74993500,AAPL
2021-07-22,143.09359741210938,144.4582442706814,142.12858757198936,142.2553100922622,77338200,AAPL
2021-07-23,144.80914306640625,144.9651069434816,143.2105505102186,143.82464898024415,71447400,AAPL
2021-07-26,145.22830200195312,146.04709009069717,143.97086362595675,144.52647939059113,72434100,AAPL
2021-07-27,143.0643310546875,145.44272791296905,141.87513262554674,145.35498894389306,104818600,AAPL
2021-07-28,141.31954956054688,143.2593115153304,138.94115215326465,141.1538434950934,118931200,AAPL
2021-07-29,141.96290588378906,142.84993393088695,140.9296709601532,141.03689429412697,56699500,AAPL
2021-07-30,142.1773223876953,142.63545700170118,140.47150644681145,140.73469364228038,70440600,AAPL
2021-08-02,141.8459014892578,143.2397895751834,141.582714310116,142.6646895204393,62880000,AAPL
2021-08-03,143.63946533203125,144.30228959895823,141.51449808960257,142.12859665195967,64786600,AAPL
2021-08-04,143.23976135253906,144.05854922239413,142.58667948918819,143.55168904021573,56368300,AAPL
2021-08-05,143.3470458984375,144.10735137016883,142.47951709743447,143.26906394319104,46397700,AAPL
2021-08-06,142.66368103027344,143.61060825982952,142.16581806356817,142.86869219057516,54126800,AAPL
2021-08-09,142.6148681640625,143.21035833317768,142.05843483321482,142.72225212556916,48908700,AAPL
2021-08-10,142.1365203857422,144.19632898598317,141.84365370926938,142.95653516321173,69023100,AAPL
2021-08-11,142.39036560058594,143.22990900393347,142.06821366601775,142.57584837162412,48493500,AAPL
2021-08-12,145.3482666015625,145.50446416374155,142.37081574173467,142.71249604702388,72282600,AAPL
2021-08-13,145.5532684326172,145.88517705910473,144.7430103885552,145.42635605950554,59375000,AAPL
2021-08-16,147.52520751953125,147.59354953492934,142.98582599022765,145.00657783567002,103296000,AAPL
2021-08-17,146.61732482910156,148.07187159409528,145.5434853619502,146.65636676617194,92229700,AAPL
2021-08-18,142.87840270996094,147.13468803671452,142.67339161601052,146.23657469750415,86326000,AAPL
2021-08-19,143.21034240722656,144.4794213850425,141.0626783117476,141.5800696426097,86960300,AAPL
2021-08-20,144.66493225097656,144.96755574158394,143.288469055807,143.9327728785443,60549600,AAPL
2021-08-23,146.14877319335938,146.61735100093347,144.37205937525184,144.78206681885666,60131800,AAPL
2021-08-24,146.06089782714844,147.27140659304087,145.60207679709836,145.89494350289067,48606400,AAPL
2021-08-25,144.83082580566406,146.74420805011133,144.28414942034036,146.24633035248027,58991300,AAPL
2021-08-26,144.03036499023438,145.57278230599707,144.00107981111,144.82110951404735,48597200,AAPL
2021-08-27,145.06517028808594,145.2115961914639,143.33727014912955,143.97180225819312,55802400,AAPL
2021-08-30,149.47763061523438,149.83883931473636,145.07491826892314,145.45564049048158,90956700,AAPL
2021-08-31,148.21827697753906,149.1652038553949,147.69111413016896,149.02853476456076,86453100,AAPL
2021-09-01,148.88214111328125,151.29338682527435,148.71618680019012,149.19453621732464,80313700,AAPL
2021-09-02,149.99502563476562,151.0395800272227,148.77476016459727,150.20979354918074,71115500,AAPL
2021-09-03,150.62954711914062,150.9516989362315,149.44832378980732,150.10238418360416,57808700,AAPL
2021-09-07,152.96273803710938,153.5191714127496,150.7174463222015,151.2836513561049,82278300,AAPL
2021-09-08,151.4202880859375,153.30437064554417,150.31716343749,153.24580029178898,74420200,AAPL
2021-09-09,150.40504455566406,152.39651120399355,150.28788894400816,151.79126431107525,57305700,AAPL
2021-09-10,145.42636108398438,151.7814983871202,145.1627795675759,151.31292061025323,140893200,AAPL
2021-09-13,145.99258422851562,147.81809686029018,145.21161123932484,147.04689552955006,102404300,AAPL
2021-09-14,144.5965576171875,147.4763957492906,143.4153491043727,146.7735217186003,109296300,AAPL
2021-09-15,145.48492431640625,145.8851749521173,142.88819590848047,145.02610332343372,83281300,AAPL
2021-09-16,145.25062561035156,145.42635157507343,143.71798000246844,144.90896023332135,68034100,AAPL
2021-09-17,142.58560180664062,145.27995796165817,142.29273506424897,145.27995796165817,129868800,AAPL
2021-09-20,139.53977966308594,141.39457695669392,137.90950701335717,140.37932278347847,123478900,AAPL
2021-09-21,140.01815795898438,141.16033974315945,139.38362576406158,140.50626423071614,75834000,AAPL
2021-09-22,142.38059997558594,142.94679012081193,140.28173414994058,141.01389352952881,76404300,AAPL
2021-09-23,143.3372344970703,143.58128753921014,142.17553963315416,143.16150856090553,64838200,AAPL
2021-09-24,143.4251251220703,143.96204492535793,142.09747565204063,142.19510285111807,53477900,AAPL
2021-09-27,141.9119415283203,142.4879179610191,140.39882476121804,142.00956869204927,74150700,AAPL
2021-09-28,138.5343017578125,141.30674132874793,138.31953384357482,139.8424227657557,108972300,AAPL
2021-09-29,139.43240356445312,141.0138627120859,138.6514307510702,139.08096654322168,74602000,AAPL
2021-09-30,138.13406372070312,140.9455603850025,137.91929578685694,140.24268621892764,89056700,AAPL
2021-10-01,139.2567138671875,139.52029542569983,135.80092800506898,138.5245544569587,94639600,AAPL
2021-10-04,135.8301544189453,138.82713279141288,134.980854637217,138.38782541869764,98322000,AAPL
2021-10-05,137.7533416748047,138.85646652806082,136.04496985928344,136.17188224652747,80861100,AAPL
2021-10-06,138.6221466064453,138.76857249312508,135.07849119061893,136.15233067899587,83221100,AAPL
2021-10-07,139.88148498535156,140.7893703718494,139.32505159657362,139.65696027730579,61732700,AAPL
2021-10-08,139.50074768066406,140.75029837603776,139.16883903566588,140.60387247260306,58773200,AAPL
2021-10-11,139.41287231445312,141.36529686032225,138.43666004151856,138.88572424122802,64452200,AAPL
2021-10-12,138.14378356933594,139.84239816609858,137.68496264197734,139.82286975119803,73035900,AAPL
2021-10-13,137.55809020996094,138.03642474342516,135.88876048394778,137.88024208325538,78762700,AAPL
2021-10-14,140.3402862548828,140.45744186952987,138.1438084019397,138.72954178771872,69907100,AAPL
2021-10-15,141.3946075439453,141.45317790755652,140.09624319922384,140.35006796929892,67940300,AAPL
2021-10-18,143.0639190673828,143.34701408719482,139.7545598847163,140.03765490452832,85589200,AAPL
2021-10-19,145.22132873535156,145.62157933226285,143.06390800766076,143.51295730034732,76378900,AAPL
2021-10-20,145.70945739746094,146.18780683574556,144.59657585778285,145.16278083703227,58418800,AAPL
2021-10-21,145.9242401123047,146.0804376870695,144.35253739380764,145.27017952577518,61421000,AAPL
2021-10-22,145.15298461914062,146.60753116579318,145.10417103326708,146.12919675335147,58883400,AAPL
2021-10-25,145.10418701171875,145.8168177773373,144.10844635434742,145.14322894722775,50720600,AAPL
2021-10-26,145.76806640625,147.25189877039264,145.46542800058126,145.77782316934065,60893400,AAPL
2021-10-27,145.30918884277344,146.168245431377,144.95775186240334,145.80705169170784,56094900,AAPL
2021-10-28,148.94068908691406,149.52640741666096,146.15847860921852,146.25610577875034,100077900,AAPL
2021-10-29,146.2366180419922,146.373287179863,142.92725865743117,143.7179883048137,124953200,AAPL
2021-11-01,145.4165802001953,146.13896771640327,144.28417043944881,145.44586537540286,74588300,AAPL
2021-11-02,146.4513702392578,147.96450225059075,145.11394928812004,145.12372094423125,69122000,AAPL
2021-11-03,147.8864288330078,148.35500663634056,146.25615583539988,146.8125891838913,54511500,AAPL
2021-11-04,147.36900329589844,148.80402155525002,147.05660823548425,147.97425010568048,60394600,AAPL
2021-11-05,147.89697265625,148.79639720102944,146.70425393179946,148.49333201847526,65463900,AAPL
2021-11-08,147.0757293701172,148.18046407919945,146.80199217243356,148.02403856122066,55020900,AAPL
2021-11-09,147.4374542236328,148.0435844748696,146.70422637098488,146.8410949734435,56787900,AAPL
2021-11-10,144.612060546875,146.7726448402154,144.54363371528353,146.66510417552323,65187100,AAPL
2021-11-11,144.56320190429688,146.0883134852804,144.37744845730748,145.62883774477925,41000000,AAPL
2021-11-12,146.6358184814453,147.03663842202138,144.18193940351156,145.11069182006318,63804000,AAPL
2021-11-15,146.64556884765625,148.483531417499,146.08830852560698,147.00728981052836,59222800,AAPL
2021-11-16,147.62319946289062,148.102247003654,146.00031832566742,146.58690654221206,59256200,AAPL
2021-11-17,150.0574951171875,151.5337214852073,147.61340283516802,147.62317383397615,88807000,AAPL
2021-11-18,154.3395538330078,155.12166644396783,149.62735108476016,150.27259510761894,137827700,AAPL
2021-11-19,156.95965576171875,157.41914644005507,153.02955003283444,154.12449892543512,117305600,AAPL
2021-11-22,157.41912841796875,161.99446283900974,157.39957149925132,158.0643575600625,117467900,AAPL
2021-11-23,157.80039978027344,158.18167763297342,155.5029467463392,157.51687668201387,96041900,AAPL
2021-11-24,158.31854248046875,158.5140669022848,156.0699743356913,157.1551520319611,69463600,AAPL
2021-11-26,153.30325317382812,156.8618512011978,152.86331951425362,156.0015407986573,76959800,AAPL
2021-11-29,156.6565704345703,157.58532267329434,155.2389847402696,155.8060160344783,88748200,AAPL
2021-11-30,161.6033935546875,161.81847488073362,156.3437019010155,156.41214364910118,174048100,AAPL
2021-12-01,161.08526611328125,166.49159798116264,160.85062784337472,163.7346542506034,152052500,AAPL
2021-12-02,160.0978546142578,160.52801734787488,154.27114554315142,155.1901268526862,136739200,AAPL
2021-12-03,158.22079467773438,161.271032766341,156.14820866843903,160.3520514474846,118023100,AAPL
2021-12-06,161.62295532226562,164.12570364495514,160.60620449270007,160.61597549233863,107497000,AAPL
2021-12-07,167.35191345214844,167.7429772469704,164.57542763792551,165.2988844701773,120405400,AAPL
2021-12-08,171.16470336914062,172.02502878126478,166.88264814477856,168.2806769394803,116998900,AAPL
2021-12-09,170.6563262939453,172.79735388590385,170.03063915946248,170.9985052389604,108923700,AAPL
2021-12-10,175.43699645996094,175.61297891700764,170.78344865474102,171.29182418696914,115402700,AAPL
2021-12-13,171.80996704101562,178.05706815750167,171.6046566651188,177.0696450374433,153237000,AAPL
2021-12-14,170.4314727783203,173.76521877848376,168.35888695654498,171.33089709564845,139380400,AAPL
2021-12-15,175.2903289794922,175.48585340924998,168.4566405154073,171.19402728468987,131063300,AAPL
2021-12-16,168.40771484375,177.08913466149212,166.93148860183658,175.27072956230435,150185800,AAPL
2021-12-17,167.31277465820312,169.59067037342322,165.89520416900396,166.1298274724243,195432700,AAPL
2021-12-20,165.95387268066406,166.76531314131543,163.7150906232475,164.51674516713837,107499100,AAPL
2021-12-21,169.12144470214844,169.3267401361631,165.3379790393109,167.72341591348743,91185900,AAPL
2021-12-22,171.71218872070312,171.92727008747283,168.30022969109157,169.1703261593658,92135300,AAPL
2021-12-23,172.33787536621094,172.8951357013555,171.35046721642092,171.9174985527305,68356600,AAPL
2021-12-27,176.2972869873047,176.38527073958,173.11019564746687,173.12973764737882,74919600,AAPL
2021-12-28,175.28054809570312,177.2749361221624,174.5375492742612,176.1311025117923,79144300,AAPL
2021-12-29,175.36854553222656,176.59059189162147,174.15627017338588,175.31966069433915,62348900,AAPL
2021-12-30,174.2149200439453,176.53193000592643,174.10737937130014,175.45652327947462,59773000,AAPL
2021-12-31,173.59902954101562,175.2218958133562,173.29594950484335,174.1073900997929,64062300,AAPL
2022-01-03,177.939697265625,178.7902515625947,173.73587028238754,173.85318194367048,104487900,AAPL
2022-01-04,175.68141174316406,178.84896181974315,175.11438034514651,178.5458966574974,99310400,AAPL
2022-01-05,171.00827026367188,176.14086475419518,170.73453308424857,175.59339039534856,94537600,AAPL
2022-01-06,168.1536102294922,171.37981619996555,167.80166021603034,168.83795333412328,96904000,AAPL
2022-01-07,168.3197784423828,170.24572473108867,167.2052727402814,169.02367835082143,86709100,AAPL
2022-01-10,168.33934020996094,168.64240533418686,164.40923476090865,165.29888813158135,106765600,AAPL
2022-01-11,171.16470336914062,171.26245812752686,166.99997473942338,168.46643037323963,76138300,AAPL
2022-01-12,171.60462951660156,173.21772467571947,170.91051556767007,172.1814317936139,74805200,AAPL
2022-01-13,168.33934020996094,172.6702655459411,167.94827640647682,171.84905393496265,84505800,AAPL
2022-01-14,169.19967651367188,169.8937905683483,167.2639441267619,167.508353425533,80440800,AAPL
2022-01-18,166.0027618408203,168.68147761318977,165.62148401611884,167.6745127192973,90956700,AAPL
2022-01-19,162.5126190185547,167.25416515581253,162.22911080921511,166.19831524532339,94815000,AAPL
2022-01-20,160.8310546875,165.8854360990158,160.50843269303434,163.24581922868165,91420500,AAPL
2022-01-21,158.77804565429688,162.61038131219433,158.67050497614542,160.74309086318223,122848900,AAPL
2022-01-24,158.0056915283203,158.67049246380245,151.2404450916643,156.44148123567246,162294600,AAPL
2022-01-25,156.2068328857422,159.1201868610098,153.50856023591945,155.424720331175,115798400,AAPL
2022-01-26,156.1188507080078,160.713741500623,154.2906743409117,159.84364519078215,108275300,AAPL
2022-01-27,155.6593780517578,160.1760566161972,154.74039680395836,158.8171416631375,121954600,AAPL
2022-01-28,166.52090454101562,166.5404614570555,159.15929945417386,162.00422657695262,179935700,AAPL
2022-01-31,170.87144470214844,171.08652609979308,165.71929199639752,166.3547651867335,115541600,AAPL
2022-02-01,170.70523071289062,170.93008309016165,168.45666218750117,170.11864243059435,86213900,AAPL
2022-02-02,171.90773010253906,171.94684394629172,169.45386598046034,170.8421090824681,84914300,AAPL
2022-02-03,169.033447265625,172.29876649074853,168.27089152715305,170.57811566132818,89418100,AAPL
2022-02-04,168.74957275390625,170.42346859121156,167.0756769166009,168.05455952783922,82465400,AAPL
2022-02-07,168.03500366210938,170.2766384169295,167.33999039041194,169.20965988540354,77251200,AAPL
2022-02-08,171.13804626464844,171.64706939744136,167.80983647215697,168.1035042386361,74829200,AAPL
2022-02-09,172.5574493408203,172.91963117728815,171.20658637108463,172.33231049138615,71285000,AAPL
2022-02-10,168.48526000976562,171.77430598076174,167.92730472233933,170.46260694632986,90865900,AAPL
2022-02-11,165.07879638671875,169.42503845048873,164.49146072642745,168.69087634340775,98670700,AAPL
2022-02-14,165.31370544433594,165.99892030677,163.04269054419584,163.83558309476697,86185500,AAPL
2022-02-15,169.14111328125,169.29773807776493,166.654758116967,167.35955476472148,62527400,AAPL
2022-02-16,168.90618896484375,169.67949961629867,166.4589825612284,168.22097415914394,61177400,AAPL
2022-02-17,165.31370544433594,168.27971865617212,164.91235997613748,167.4182971510757,69589300,AAPL
2022-02-18,163.76707458496094,166.93864489391834,162.68051421778296,166.23386310925557,82772700,AAPL
2022-02-22,160.84999084472656,163.16993775264925,158.72580252665216,161.4960419882263,91162800,AAPL
2022-02-23,156.6897735595703,162.64136771002168,156.3765239008277,162.04424861753867,90009200,AAPL
2022-02-24,159.30337524414062,159.4110529381091,148.7901697172211,149.3579234730035,141147500,AAPL
2022-02-25,161.3688201904297,161.6331077669388,157.47285626304333,160.38013909716133,91974200,AAPL
2022-02-28,161.6331024169922,161.9267702066246,158.99990563300975,159.6166064975814,95056600,AAPL
2022-03-01,159.753662109375,163.08187242749526,158.54964050687724,161.2219862371019,83474400,AAPL
2022-03-02,163.04269409179688,163.82580321014547,159.50892707803538,160.91852050375005,79724800,AAPL
2022-03-03,162.71966552734375,165.34307890598984,162.0540324670775,164.91236813214016,76678400,AAPL
2022-03-04,159.72430419921875,162.05405003585454,158.67690737340956,161.01643666085187,83737200,AAPL
2022-03-07,155.93605041503906,161.53526185030717,155.68153129925645,159.91031263634054,96418800,AAPL
2022-03-08,154.1152801513672,159.44040392728598,152.50991327214726,155.46614292973925,131148300,AAPL
2022-03-09,159.50892639160156,159.95921898709753,156.04368834876885,158.06996768709067,91454900,AAPL
2022-03-10,155.17245483398438,157.00296029096637,152.6860849715575,156.81697023000987,105342000,AAPL
2022-03-11,151.4624786376953,155.9163968116597,151.23733985445327,155.5737819765236,96970100,AAPL
2022-03-14,147.4392852783203,150.86537421208124,146.9302771053436,148.2517595892854,108732100,AAPL
2022-03-15,151.8148956298828,152.28477002224423,147.2043670461277,147.71337523300835,92964300,AAPL
2022-03-16,156.21987915039062,156.6212246232631,151.19822129277074,153.73352378158447,102300200,AAPL
2022-03-17,157.22813415527344,157.60011436017203,154.30128444798586,155.26058530967927,75615400,AAPL
2022-03-18,160.51718139648438,161.00662274780382,156.38629519642316,157.1204572234023,123511700,AAPL
2022-03-21,161.88763427734375,162.8371517415441,159.5676719986422,160.0571133745572,95811400,AAPL
2022-03-22,165.2549591064453,165.8422796739602,161.42752475473955,162.01484532225444,81532000,AAPL
2022-03-23,166.6156005859375,168.9942779440516,164.1096487837443,164.44248019289995,98062700,AAPL
2022-03-24,170.39414978027344,170.4626638147334,166.61566127290448,167.44770275744602,90131400,AAPL
2022-03-25,171.0303497314453,171.5785215356228,169.10195003253148,170.2080920251791,80546200,AAPL
2022-03-28,171.891845703125,172.0190903251011,168.36786123748078,168.53426954050178,90371900,AAPL
2022-03-29,175.18087768554688,175.22980987775352,172.61619451618012,172.95880948102644,100589400,AAPL
2022-03-30,174.0159912109375,175.81713189197046,172.9685794955082,174.77951856347462,92633200,AAPL
2022-03-31,170.92271423339844,174.27049138056105,170.7171422878286,174.0845012718467,103049300,AAPL
2022-04-01,170.6290283203125,171.18699858724577,168.30908127405286,170.35494237968112,78751300,AAPL
2022-04-04,174.67181396484375,174.72076108227714,170.75628355518236,170.8835430731966,76468400,AAPL
2022-04-05,171.36318969726562,174.53477477488693,170.73670541562527,173.7516656886956,73401800,AAPL
2022-04-06,168.201416015625,169.9634078617043,166.537318414103,168.7202226513366,89058800,AAPL
2022-04-07,168.50486755371094,169.69910564386342,166.26323274049562,167.54556668896316,77594700,AAPL
2022-04-08,166.49815368652344,168.15246782773184,165.62694868711696,168.15246782773184,76575500,AAPL
2022-04-11,162.24977111816406,165.46050445879015,162.00505049807634,165.14726983208973,72246700,AAPL
2022-04-12,164.11947631835938,166.28279871101802,163.12101178667447,164.47187468621496,79265200,AAPL
2022-04-13,166.80160522460938,167.42808955183875,163.24827119923606,163.85517369033073,70618900,AAPL
2022-04-14,161.7995147705078,167.6532440657547,161.55479409572018,167.01696134936807,75329400,AAPL
2022-04-18,161.5841827392578,163.08187215208477,160.1158586140106,160.45845861462905,69023900,AAPL
2022-04-19,163.86495971679688,164.27610359926777,160.44866861751814,161.53522902332887,67723800,AAPL
2022-04-20,163.69854736328125,165.31371275678185,162.59242008519655,165.19623667762264,67929800,AAPL
2022-04-21,162.90562438964844,167.9077145784473,162.4063996901802,165.343047199771,87227800,AAPL
2022-04-22,158.37339782714844,164.32500539707067,158.08952846576778,162.9447923826861,84882400,AAPL
2022-04-25,159.4404296875,159.72429911751857,155.11376965466397,157.71758646013552,96046400,AAPL
2022-04-26,153.48883056640625,158.9118348666905,153.4105181477024,158.82373899686115,95623200,AAPL
2022-04-27,153.26365661621094,156.41564486229873,152.0987839265491,152.61759051221244,88063200,AAPL
2022-04-28,160.1843719482422,161.04579354437072,155.57382764277364,155.88707729102597,130216800,AAPL
2022-04-29,154.3208465576172,162.69029635210208,153.92929946524063,158.42236732431553,131747600,AAPL
2022-05-02,154.6243133544922,154.88860092145774,150.0333512355366,153.4007100151784,123055300,AAPL
2022-05-03,156.1122283935547,157.31626501989302,153.01897002538345,154.81031244687898,88966500,AAPL
2022-05-04,162.5141143798828,162.96439206944154,155.89685759161674,156.29820309411934,108256500,AAPL
2022-05-05,153.45944213867188,160.61507214954577,151.67786848905013,160.38993331507154,130525300,AAPL
2022-05-06,154.18487548828125,156.3023722983105,151.14587460582203,152.93986371222095,116124600,AAPL
2022-05-09,149.06759643554688,152.76341048572758,148.50882129057032,151.8811126841976,131577900,AAPL
2022-05-10,151.46937561035156,153.65550196924158,149.92046680625165,152.45950928453797,115366700,AAPL
2022-05-11,143.61697387695312,152.39084062039686,142.94055024144134,150.47921836254133,142689800,AAPL
2022-05-12,139.75454711914062,143.32291464808353,136.06854586723028,139.9604210928437,182602000,AAPL
2022-05-13,144.21498107910156,145.18550397266762,140.29369821646105,141.74456868725608,113990900,AAPL
2022-05-16,142.67588806152344,144.61693408926746,141.34265112461745,142.68570084334092,86643800,AAPL
2022-05-17,146.30307006835938,146.82263885480765,143.79343645262884,145.93054340694096,78336300,AAPL
2022-05-18,138.04879760742188,144.46008977155722,137.14688920750964,143.9601314929513,109742900,AAPL
2022-05-19,134.64707946777344,138.87226008655338,133.91183880440775,137.12729010884627,136095600,AAPL
2022-05-20,134.88235473632812,137.93115346240322,130.00036063657,136.3528361484188,137426100,AAPL
2022-05-23,140.29371643066406,140.4407585737006,134.941158046499,135.07840236616943,117726300,AAPL
2022-05-24,137.5978546142578,139.17617200488684,134.62748321427134,138.03899606760518,104132700,AAPL
2022-05-25,137.7547149658203,138.99971190055481,135.61760734755066,135.70583264997845,92482700,AAPL
2022-05-26,140.95053100585938,141.49950829001511,134.44120114221013,134.68628135538745,90601500,AAPL
2022-05-27,146.69522094726562,146.73442720207444,142.40141055796454,142.5288570634857,90978500,AAPL
2022-05-31,145.91094970703125,147.69514080945274,143.9503080341332,146.1364342695409,103718400,AAPL
2022-06-01,145.7834930419922,148.7538634677618,144.77374899266687,146.9500620711425,74286600,AAPL
2022-06-02,148.2343292236328,148.2931460840145,143.96992734384497,144.9208398093746,72348100,AAPL
2022-06-03,142.51902770996094,145.05805472503135,141.61713446378366,144.00910439920688,88570300,AAPL
2022-06-06,143.26409912109375,145.64628674294468,142.04849579123675,144.13658414441952,71598400,AAPL
2022-06-07,145.7834930419922,146.06777945381725,141.26421416659088,141.5092943334597,67808200,AAPL
2022-06-08,145.04830932617188,146.92071116560922,144.5581488005419,145.65610359122917,53950200,AAPL
2022-06-09,139.8329620361328,145.03846322934638,139.7251261469218,144.1855888973648,69473000,AAPL
2022-06-10,134.43141174316406,137.9899664897166,134.36278209908923,137.51941663931075,91437900,AAPL
2022-06-13,129.2847137451172,132.53937106937602,128.85337019356888,130.25522177759234,122207100,AAPL
2022-06-14,130.1474151611328,131.25518271689248,128.89260543359612,130.51014411570253,84784300,AAPL
2022-06-15,132.76486206054688,134.63727870714717,129.55922325217023,131.64729675078482,91533000,AAPL
2022-06-16,127.50050354003906,129.78465248887207,126.50057227144765,129.4807554755027,108123900,AAPL
2022-06-17,128.9710235595703,130.4611156124141,127.25546187351353,127.5103548974603,134520300,AAPL
2022-06-21,133.1961669921875,134.36275100339577,130.696361206463,130.7943843000857,81000500,AAPL
2022-06-22,132.6864471435547,135.04900927487205,131.2747825760473,132.13745484401576,73409200,AAPL
2022-06-23,135.54896545410156,135.8626603415122,132.9609190593017,134.12750324123766,72433800,AAPL
2022-06-24,138.8722381591797,139.1173183416044,137.01943257838917,137.1468641014651,89116800,AAPL
2022-06-27,138.8722381591797,140.66622688954945,138.19581446232633,139.8917651363233,70207900,AAPL
2022-06-28,134.7353057861328,140.59762053174873,134.61767206581916,139.3330131628478,67083400,AAPL
2022-06-29,136.49009704589844,137.90176176618252,133.9804775247322,134.75493953918553,66242400,AAPL
2022-06-30,134.0294647216797,135.64698810352084,131.1375212724895,134.5490335635321,98964500,AAPL
2022-07-01,136.19598388671875,136.3038197907336,132.9903451154339,133.36285690870372,71051600,AAPL
2022-07-05,138.77423095703125,138.82324999611623,134.23534018265374,135.05882114715405,73353800,AAPL
2022-07-06,140.10743713378906,141.28381901974345,138.30365057809186,138.56834136394644,74064300,AAPL
2022-07-07,143.469970703125,143.66603189279604,140.4603783389641,140.47017616296918,66253700,AAPL
2022-07-08,144.14639282226562,144.64636610420064,142.1465445700594,142.40142264422443,64547800,AAPL
2022-07-11,142.01904296875,143.75421464886333,140.9504970864819,142.80330245388922,63141600,AAPL
2022-07-12,142.98960876464844,145.52863633565593,142.19555121961218,142.89157069008422,77588800,AAPL
2022-07-13,142.62689208984375,143.56799177024092,139.3232005090592,140.17608985764943,71185600,AAPL
2022-07-14,145.54820251464844,146.01875222020254,140.4309277214179,141.24459562470227,78140700,AAPL
2022-07-15,147.21478271484375,147.8912065060331,145.2835494113212,146.83245817528143,76259900,AAPL
2022-07-18,144.17579650878906,148.58724039251226,143.81306761767442,147.77357228115997,81420900,AAPL
2022-07-19,148.02845764160156,148.25392726287154,144.01894870347078,145.0090674390563,82982400,AAPL
2022-07-20,150.0283203125,150.69494637561027,147.41086501912858,148.14610577429508,64823400,AAPL
2022-07-21,152.2928466796875,152.50851845862235,148.94994906470606,151.45956799212024,65086600,AAPL
2022-07-22,151.05763244628906,153.2045374479934,150.3910214648786,152.3320525114364,66675400,AAPL
2022-07-25,149.94009399414062,151.98896129458768,149.28328071900498,150.97923186102722,53623900,AAPL
2022-07-26,148.61663818359375,150.0773065915356,147.83237855759032,149.2636385384265,55138700,AAPL
2022-07-27,153.70449829101562,154.23387992265205,149.16562296270044,149.57735592146827,78620700,AAPL
2022-07-28,154.25347900390625,154.53776544520662,151.37133354934207,153.89075014754778,81378700,AAPL
2022-07-29,159.31195068359375,160.40992030893383,156.36119003723385,158.06695385906744,101786900,AAPL
2022-08-01,158.33163452148438,160.37070393464464,157.72384030664722,157.84147403635484,67829400,AAPL
2022-08-02,156.86114501953125,159.21392420256825,156.48863324172908,156.94938527079637,59907000,AAPL
2022-08-03,162.86073303222656,163.31167231688755,157.58660124880873,157.67482654904526,82507500,AAPL
2022-08-04,162.54701232910156,163.89986001020398,161.19416464799912,162.74307352499065,55474100,AAPL
2022-08-05,162.3212127685547,162.81205403488926,160.01425282506756,160.22041274781424,56697000,AAPL
2022-08-08,161.8500213623047,164.7361708864107,161.19229575323052,163.32254540690658,60276900,AAPL
2022-08-09,161.89910888671875,162.78263230320212,160.25970057725633,161.0156004495246,63135500,AAPL
2022-08-10,166.13998413085938,166.23814341245296,163.8428352480907,164.60854654925055,70170500,AAPL
2022-08-11,165.40371704101562,167.85792369494868,165.10920924668594,166.94495103045548,57149200,AAPL
2022-08-12,168.9475860595703,169.01629605421468,166.29703098384923,166.70935086886797,68039400,AAPL
2022-08-15,170.01759338378906,170.21392688656005,168.21130119143814,168.37818541775778,54091700,AAPL
2022-08-16,169.86053466796875,170.52808660786044,168.51563433427114,169.61511402434292,56377100,AAPL
2022-08-17,171.35269165039062,172.92337473871223,169.40896440067246,169.6052979143018,79542000,AAPL
2022-08-18,170.9600372314453,171.69629926083016,169.9489052427666,170.56737014082248,62290100,AAPL
2022-08-19,168.378173828125,170.55751001123525,168.1720139278697,169.8605088981945,70346300,AAPL
2022-08-22,164.5005645751953,166.74861119438174,164.07843325743647,166.58172694573366,69026800,AAPL
2022-08-23,164.16676330566406,165.61966421752064,163.59738564765863,164.01951691966545,54147100,AAPL
2022-08-24,164.4612579345703,165.03063554714507,163.20470561002094,164.25511301062056,53841500,AAPL
2022-08-25,166.91551208496094,167.0234977835924,165.26629230145085,165.68840868200775,51218200,AAPL
2022-08-26,160.62290954589844,167.91681938586046,160.56401098389765,167.44561591056575,78961000,AAPL
2022-08-29,158.42396545410156,159.9161124345619,156.89254277561915,158.19816763869952,73314000,AAPL
2022-08-30,155.99917602539062,159.58231130465205,154.8309714061125,159.16019500251252,77906200,AAPL
2022-08-31,154.34014892578125,157.6386032608909,154.2616125155062,157.37354474862363,87991100,AAPL
2022-09-01,155.0666046142578,155.51817026416148,151.836860169279,153.77077627080038,74229900,AAPL
2022-09-02,152.95596313476562,157.42262194968552,152.13135334781393,156.82379496598037,76957800,AAPL
2022-09-06,151.6994171142578,154.21252227519972,150.87480729194033,153.60388383195894,73714800,AAPL
2022-09-07,153.10324096679688,153.80022729759784,150.79628062278962,151.9841232844313,87449600,AAPL
2022-09-08,151.63070678710938,153.49589780674214,149.88329791132227,151.8074024718103,84923800,AAPL
2022-09-09,154.48741149902344,154.92918072545984,151.91540745534934,152.62222024249937,68028800,AAPL
2022-09-12,160.43637084960938,161.2511691580026,156.38203213199495,156.6667134786447,104956000,AAPL
2022-09-13,151.0220489501953,157.59931943362142,150.56065692569356,156.97104316313002,122656600,AAPL
2022-09-14,152.46511840820312,154.22233860679495,150.79626102566698,151.95463927472932,87965400,AAPL
2022-09-15,149.57896423339844,152.39640331677907,148.6071081028978,151.81719923234522,90481100,AAPL
2022-09-16,147.9395751953125,148.57767791761873,145.6522527794473,148.4402429431555,162278800,AAPL
2022-09-19,151.65036010742188,151.72889653171137,146.36891664275262,146.57506164963263,81474200,AAPL
2022-09-20,154.02601623535156,155.18440966019696,150.27599594996536,150.59012663818945,107689800,AAPL
2022-09-21,150.90423583984375,155.83228620825895,150.78643873263653,154.45792171393398,101696800,AAPL
2022-09-22,149.94223022460938,151.6405372059972,148.1457489754599,149.58882383167358,86652500,AAPL
2022-09-23,147.6745147705078,148.69547312127722,145.83877299693037,148.4206031759059,96029900,AAPL
2022-09-26,148.00830078125,150.95334879982894,146.89899456754617,146.91863241520423,93339400,AAPL
2022-09-27,148.98013305664062,151.88591989139582,147.20329010150107,149.9421927062511,84442700,AAPL
2022-09-28,147.09532165527344,147.8806707549768,142.1869085062377,144.93562286555536,146691400,AAPL
2022-09-29,139.87013244628906,144.03247205665744,138.1031007730531,143.42383363893248,128138200,AAPL
2022-09-30,135.66848754882812,140.47873968885042,135.47215408948253,138.69207075645514,124925300,AAPL
2022-10-03,139.84071350097656,140.44936703001858,135.16790871082608,135.67838796700266,114311700,AAPL
2022-10-04,143.42376708984375,143.5415641536387,141.61746056239693,142.37336000673628,87830100,AAPL
2022-10-05,143.7183074951172,144.6803670999918,140.39040452379436,141.43100052371705,79471000,AAPL
2022-10-06,142.76609802246094,144.83744897574383,142.55995305808347,143.13914221609966,68402200,AAPL
2022-10-07,137.52394104003906,140.47881588020488,136.89566464180587,139.9290609248713,85925600,AAPL
2022-10-10,137.8478546142578,139.2909290851068,136.0317509799681,137.8478546142578,74899000,AAPL
2022-10-11,136.43426513671875,138.76086345268553,135.68819163523887,137.33741147407548,77033700,AAPL
2022-10-12,135.8059539794922,137.78895683135124,135.6292583188671,136.58149154588781,70433700,AAPL
2022-10-13,140.3708038330078,140.9598044199806,131.90868942611982,132.5173428390662,113224000,AAPL
2022-10-14,135.84527587890625,141.87280790341703,135.6587537430503,141.66664791660483,88598000,AAPL
2022-10-17,139.80142211914062,140.282437004532,137.7006219624551,138.48597103526853,85250900,AAPL
2022-10-18,141.11688232421875,144.0128431743189,138.03439937209953,142.825015544548,99136600,AAPL
2022-10-19,141.22482299804688,142.29485316094156,138.90805206062063,139.0945741031825,61758300,AAPL
2022-10-20,140.7635040283203,143.21771116667537,140.03705332282223,140.4002861652171,64522000,AAPL
2022-10-21,144.57240295410156,145.1417806685085,140.03701908535325,140.25299045906925,86548600,AAPL
2022-10-24,146.7124786376953,147.47818995640918,143.32567626964715,144.4938810962025,75981900,AAPL
2022-10-25,149.5495147705078,149.69677613929844,146.62410499116672,147.3407290522299,74732300,AAPL
2022-10-26,146.6143035888672,149.20594507644813,145.32828678897533,148.19481318791426,88194300,AAPL
2022-10-27,142.14761352539062,146.31976369631963,141.48988811948774,145.35771914522275,109180200,AAPL
2022-10-28,152.8872833251953,154.61503964551486,145.11235741482145,145.48538668963585,164762400,AAPL
2022-10-31,150.53123474121094,151.41475823578028,149.13724698324478,150.3545390298714,97943200,AAPL
2022-11-01,147.8905029296875,152.60258320946681,146.39835590820144,152.2393653788708,80379300,AAPL
2022-11-02,142.37342834472656,149.3826416112209,142.34397906464244,146.22162239502856,93604600,AAPL
2022-11-03,136.3360595703125,140.18425286730874,136.20843606207234,139.45780248243508,97918500,AAPL
2022-11-04,136.0706024169922,140.28900066971147,132.13735779737468,139.71867839937045,140814800,AAPL
2022-11-07,136.60159301757812,136.82775039724396,133.40583154940404,134.82180210827255,83374600,AAPL
2022-11-08,137.171875,139.06965789658196,135.19542542837,138.06669154902085,89908500,AAPL
2022-11-09,132.6191864013672,136.23777968306217,132.34386044564616,136.18861111865357,74917800,AAPL
2022-11-10,144.4188995361328,144.4188995361328,137.171901375878,138.88286812786214,118854000,AAPL
2022-11-11,147.20169067382812,147.5065147597333,141.96063992686575,143.38645323831483,93979700,AAPL
2022-11-14,145.80535888671875,147.77198095425382,144.96953850636208,146.48384590068005,73374100,AAPL
2022-11-15,147.53599548339844,151.02675299903876,146.0806992107757,149.67962155098414,89868300,AAPL
2022-11-16,146.30685424804688,147.36883205309908,144.83188757505272,146.64119143040293,64218300,AAPL
2022-11-17,148.20465087890625,148.95196191687904,143.71091192910288,143.98623783804743,80389400,AAPL
2022-11-18,148.76513671875,150.15160903599656,147.46717380781297,149.76811828911318,74829600,AAPL
2022-11-21,145.5398712158203,147.8604860232478,145.2547175972566,147.65399909356225,58724100,AAPL
2022-11-22,147.67364501953125,147.9096450709946,144.47788413446048,145.65786938764137,51804100,AAPL
2022-11-23,148.54879760742188,149.29610855403772,146.8476588015229,146.95582360996656,58301400,AAPL
2022-11-25,145.63818359375,146.3953372169929,144.66470036386627,145.8348427804778,35195900,AAPL
2022-11-28,141.81312561035156,144.19273663104678,140.98714790150922,142.71777000634125,69246000,AAPL
2022-11-29,138.8140106201172,142.39326202258005,138.00770341068628,141.8819361067611,83763800,AAPL
2022-11-30,145.55955505371094,146.23804217919428,138.20439151332914,139.04019702693043,111380900,AAPL
2022-12-01,145.83486938476562,146.64119170281938,144.16324348642758,145.73654727553216,71250400,AAPL
2022-12-02,145.34320068359375,145.53003217962117,143.21924526160134,143.52408428382984,65447400,AAPL
2022-12-05,144.18295288085938,148.40135211182192,143.33730449137096,145.3039272572379,68826400,AAPL
2022-12-06,140.52496337890625,144.84169760083205,139.5514801929375,144.615540296504,64727200,AAPL
2022-12-07,138.58787536621094,140.97731424983792,137.66356048798676,139.8170142991394,69721100,AAPL
2022-12-08,140.2693328857422,141.12482380942538,138.7452125702619,139.98417924727298,62128300,AAPL
2022-12-09,139.7875213623047,143.14061609699272,138.5485396692002,139.9645101732408,76097000,AAPL
2022-12-12,142.07859802246094,142.08842573001988,138.70583381716978,140.3184631007223,70462700,AAPL
2022-12-13,143.04225158691406,147.46715106267968,141.83278326469596,147.00499369488003,93886200,AAPL
2022-12-14,140.81997680664062,144.21239680146076,138.80418622868987,142.9242617747897,82291200,AAPL
2022-12-15,134.2219696044922,139.43352160827794,133.7598121718234,138.75503452609877,98931900,AAPL
2022-12-16,132.2651824951172,135.35277902524194,131.4982009688156,134.4088086870883,160156900,AAPL
2022-12-19,130.160888671875,132.94366095306307,129.12842399506934,132.85516655290323,79592600,AAPL
2022-12-20,130.09205627441406,131.0261987808424,127.72227301817315,129.19723960857664,77432800,AAPL
2022-12-21,133.18946838378906,134.52677190815584,130.53453175568677,130.76068907847488,85928000,AAPL
2022-12-22,130.0232391357422,132.31435609146064,128.12545567267372,132.10786913644063,77852100,AAPL
2022-12-23,129.65939331054688,130.21004508793624,127.47644161865645,128.73507853958517,63814900,AAPL
2022-12-27,127.85992431640625,129.21689825725943,126.57178934548489,129.18740012847,69007800,AAPL
2022-12-28,123.93653106689453,128.84325132058044,123.76936998157427,127.50594763388183,85438400,AAPL
2022-12-29,127.44697570800781,128.30245172100172,125.59835320080026,125.8540087323248,75703700,AAPL
2022-12-30,127.7615966796875,127.78126710171549,125.30332657301084,126.26697469654857,77034200,AAPL
2023-01-03,122.98272705078125,128.7154254385632,122.0977455022682,128.1057773178633,112117500,AAPL
2023-01-04,124.25119018554688,126.51280869797894,122.99255318811515,124.77234386397704,89113600,AAPL
2023-01-05,122.93354034423828,125.63764564758301,122.67788488068354,125.00832719533365,80962700,AAPL
2023-01-06,127.45677185058594,128.11558844506558,122.80571484542136,123.90702590791659,87754700,AAPL
2023-01-09,127.9779281616211,131.18353181246084,127.72227268810083,128.2925949020793,70790800,AAPL
2023-01-10,128.5482635498047,129.06941726347972,125.98182082594903,128.08610610497774,63896200,AAPL
2023-01-11,131.26220703125,131.28186245070447,128.28277553296553,129.0595847172529,69458900,AAPL
2023-01-12,131.1835479736328,132.019353473187,129.2464237509339,131.6457054280313,71379600,AAPL
2023-01-13,132.510986328125,132.6683196907436,129.46273119909978,129.82655147153693,57809700,AAPL
2023-01-17,133.67129516601562,134.99875596810472,131.8915047175872,132.5798193932039,63646600,AAPL
2023-01-18,132.95347595214844,136.29672707490226,132.776472184589,134.5366071318126,69672800,AAPL
2023-01-19,133.01251220703125,133.9761529962307,131.5375453850544,131.84236946093412,58280400,AAPL
2023-01-20,135.569091796875,135.71659745917918,131.98001240951498,133.02231973826562,80223600,AAPL
2023-01-23,138.75503540039062,140.92815961902411,135.59860004292767,135.81492969380113,81760300,AAPL
2023-01-24,140.15130615234375,140.77079684177573,137.9585269717819,137.9683546796287,66435100,AAPL
2023-01-25,139.49252319335938,140.05300275817604,136.49342112366645,138.53871015801215,65799300,AAPL
2023-01-26,141.55747985839844,141.8426334902846,139.53184628445516,140.78065564701856,54105100,AAPL
2023-01-27,143.4945526123047,144.77285978471076,140.69212554632242,140.77079221891566,70555800,AAPL
2023-01-30,140.61349487304688,143.12094131391822,140.46600420175812,142.54079133466578,64015300,AAPL
2023-01-31,141.8819580078125,141.93112656571586,139.90550801485074,140.31849689379183,65874500,AAPL
2023-02-01,143.0029296875,144.16324461699494,138.961535368266,141.56730384751015,77663600,AAPL
2023-02-02,148.302978515625,148.65695608667727,145.69719525256042,146.41500811186492,118339000,AAPL
2023-02-03,151.92153930664062,154.7534795979514,145.36285717719954,145.55951636317744,154357300,AAPL
2023-02-06,149.19776916503906,150.54491539574025,148.26362674506663,150.0237617823619,69858300,AAPL
2023-02-07,152.0690460205078,152.63936822302708,148.12597415973434,148.12597415973434,83322600,AAPL
2023-02-08,149.38461303710938,152.0002240332312,148.64712974900903,151.31190929849808,64120100,AAPL
2023-02-09,148.35214233398438,151.75440537570756,147.9096553354024,151.213581264491,56007100,AAPL
2023-02-10,148.71652221679688,149.04151212756338,146.95371454850684,147.19007494553122,57450700,AAPL
2023-02-13,151.51341247558594,151.91717418893083,148.62790397291747,148.65744714640496,62199000,AAPL
2023-02-14,150.87326049804688,151.43461079325414,148.56880303013764,149.8096612758476,61707600,AAPL
2023-02-15,152.9709014892578,153.1383177826238,150.55811427879883,150.78461690781828,65573800,AAPL
2023-02-16,151.37551879882812,153.95572244720177,151.02098573800205,151.17854429955682,68167900,AAPL
2023-02-17,150.233154296875,150.6763169294936,148.55897600306773,150.03619479649413,59144100,AAPL
2023-02-21,146.2249755859375,149.00215442484804,146.15604651567105,147.9188545173904,58867200,AAPL
2023-02-22,146.6484375,147.67263591965713,144.9250155718982,146.60903658364012,51011300,AAPL
2023-02-23,147.13096618652344,148.05669224456878,145.00378282832062,147.81048914517564,48394200,AAPL
2023-02-24,144.48182678222656,144.95453250364176,143.50685714395402,144.87574571223192,55469600,AAPL
2023-02-27,145.67344665527344,146.90446214048941,145.21058363066865,145.46664446890208,44998500,AAPL
2023-02-28,145.17120361328125,146.8158385647427,144.6000106018143,144.8166705381309,50547000,AAPL
2023-03-01,143.10308837890625,144.9939263960711,142.80764165155819,144.60000744430354,55479000,AAPL
2023-03-02,143.69398498535156,144.481837933212,141.71450238763347,142.1872231725768,52238100,AAPL
2023-03-03,148.73622131347656,148.81500811176437,145.09241829817535,145.79162671403117,70732300,AAPL
2023-03-06,151.49368286132812,153.9261705239575,151.12930710707832,151.4542819528968,87558000,AAPL
2023-03-07,149.29759216308594,151.69067950386318,148.83472905134718,151.36568955134143,56182000,AAPL
2023-03-08,150.54827880859375,151.13917230662574,149.52408044265695,150.48919246419973,47204800,AAPL
2023-03-09,148.3029022216797,152.1929083670859,147.9483691410299,151.2277963802791,53833600,AAPL
2023-03-10,146.24462890625,148.64757336129242,145.3681465462101,147.92866457828165,68572400,AAPL
2023-03-13,148.18470764160156,150.81415467329558,145.4567733693173,145.56510332314932,84457100,AAPL
2023-03-14,150.27255249023438,151.07024829967136,147.8203787096759,148.98245037600438,73695900,AAPL
2023-03-15,150.6664581298828,150.92250395033966,147.64307677577528,148.8937927615987,77167900,AAPL
2023-03-16,153.48301696777344,154.08375312665916,149.33695019463687,149.84905684492745,76161100,AAPL
2023-03-17,152.6459197998047,154.35949876084172,151.93685367986137,153.70951897971963,98944600,AAPL
2023-03-20,155.0094451904297,155.4230795673691,151.80880531492744,152.7148458265595,73641400,AAPL
2023-03-21,156.86093139648438,156.9791040860205,154.16253977805687,154.93070734117964,73938300,AAPL
2023-03-22,155.43295288085938,159.67749219321786,155.41325242402124,156.88062840402722,75701800,AAPL
2023-03-23,156.51620483398438,159.09642316640492,155.2851895124044,156.41773262448348,67622100,AAPL
2023-03-24,157.81622314453125,157.90485267428312,155.452678855526,156.44733419696482,59196500,AAPL
2023-03-27,155.87611389160156,158.32830230982592,155.47233717929535,157.5109061704178,52390300,AAPL
2023-03-28,155.25563049316406,156.0828841253444,153.6109959947176,155.5707775962882,45992200,AAPL
2023-03-29,158.32830810546875,158.60405440029712,156.92987617396892,156.94956160428092,51305700,AAPL
2023-03-30,159.89414978027344,160.00247975071784,158.82070781762587,159.07675364456477,49501700,AAPL
2023-03-31,162.39553833007812,162.49402556851254,159.45095924162882,159.972908545837,68749800,AAPL
2023-04-03,163.6462860107422,163.76445869825218,161.7259047034759,161.77514833228696,56976200,AAPL
2023-04-04,163.11448669433594,164.30610131295074,162.60238002597387,164.06975594835677,46278300,AAPL
2023-04-05,161.27288818359375,162.54330471265868,159.34266411557562,162.2380152446489,51511700,AAPL
2023-04-06,162.1592254638672,162.45467221127325,159.53962067833683,159.96308282888376,45390100,AAPL
2023-04-10,159.5691680908203,159.5691680908203,157.6487867222166,158.96843186504725,47716900,AAPL
2023-04-11,158.3578338623047,159.8941387722609,158.0722298566841,159.88429605818737,47644200,AAPL
2023-04-12,157.66847229003906,159.59869619161648,157.35332510698044,158.77145737665472,50133100,AAPL
2023-04-13,163.0455322265625,163.28189260314673,158.96840964951016,159.17522685740187,68445600,AAPL
2023-04-14,162.7008514404297,163.79399372639534,161.33196290458474,162.09025757823102,49386500,AAPL
2023-04-17,162.72055053710938,162.8781241294329,161.53877864877254,162.5826774005875,41516200,AAPL
2023-04-18,163.94171142578125,164.86743742961687,163.13415809407996,163.57733566867122,49923000,AAPL
2023-04-19,165.08412170410156,165.60607111909823,163.02585218946155,163.2819130529251,47720200,AAPL
2023-04-20,164.1189727783203,165.3204450523275,163.04553091898333,163.56748026442403,52456400,AAPL
2023-04-21,162.51376342773438,163.92203809382642,161.99181400338804,162.54330660065614,58337300,AAPL
2023-04-24,162.81906127929688,163.08496487632468,161.400928797878,162.49407133338445,41949600,AAPL
2023-04-25,161.28274536132812,163.78416246885476,161.24334444666383,162.68117729099055,48714100,AAPL
2023-04-26,161.27288818359375,162.7698073781101,160.32747660698578,160.58352244501583,45498800,AAPL
2023-04-27,165.85227966308594,165.99999552987848,162.68118215487013,162.68118215487013,64902300,AAPL
2023-04-28,167.1029510498047,167.2703823718156,165.33030085507355,165.93103698503495,55275900,AAPL
2023-05-01,167.0143280029297,167.86126725124362,166.07875924686118,166.70903856930101,52472900,AAPL
2023-05-02,165.9802703857422,167.76279339985444,164.99545801480568,167.50673256610264,48425700,AAPL
2023-05-03,164.90684509277344,168.32414556576836,164.6212560883793,166.925713661642,65136000,AAPL
2023-05-04,163.27203369140625,164.50304913491388,161.8145156138655,162.38570858289833,81235400,AAPL
2023-05-05,170.93389892578125,171.65280778469676,168.1665634032941,168.38322333782398,113453200,AAPL
2023-05-08,170.8649444580078,171.20963479482143,169.49605587870553,169.86043164324718,55962800,AAPL
2023-05-09,169.1612548828125,170.90436226614003,168.9938385535857,170.42181373691182,45326900,AAPL
2023-05-10,170.924072265625,171.38693538928501,169.289279744913,170.39228007410486,53724500,AAPL
2023-05-11,171.11114501953125,171.9383837832071,169.55513971049686,171.2096322648924,49514700,AAPL
2023-05-12,170.18417358398438,171.65356424240227,168.63587209674515,171.21964497087455,45533100,AAPL
2023-05-15,169.69107055664062,170.81530899814229,169.09935977781652,170.7659972586019,37266700,AAPL
2023-05-16,169.69107055664062,170.74626955321972,169.42479920138675,169.61217478294208,42110300,AAPL
2023-05-17,170.30252075195312,170.53919306240596,168.06389984598047,169.33607370599472,57951600,AAPL
2023-05-18,172.62986755371094,172.81724313624747,170.19401507639674,170.60820660461047,65496700,AAPL
2023-05-19,172.73834228515625,173.9513327998332,172.5213826746833,173.9513327998332,55809500,AAPL
2023-05-22,171.7915802001953,172.29453878279668,171.0519493884426,171.57462062492166,43570900,AAPL
2023-05-23,169.18812561035156,170.9829707500323,168.9119979039132,170.73642708015296,50747300,AAPL
2023-05-24,169.4642333984375,170.03621645106807,168.16249079935005,168.7246024757336,45143500,AAPL
2023-05-25,170.598388671875,171.49579632773333,169.31635838771984,170.0264054667032,56058300,AAPL
2023-05-26,173.0045928955078,173.3399036765556,170.7166757800904,170.92377905521317,54835000,AAPL
2023-05-30,174.8487548828125,176.51539231960112,174.12885165758402,174.51345913931758,55964400,AAPL
2023-05-31,174.79946899414062,176.8704419237823,174.31623796446905,174.87836477742368,99625300,AAPL
2023-06-01,177.6001739501953,177.62975798334406,174.4838587106697,175.24321733975688,68901800,AAPL
2023-06-02,178.44827270507812,179.26679934554073,176.78163539298924,178.52716847079088,61996900,AAPL
2023-06-05,177.09722900390625,182.39298156722955,175.57851175717974,180.10506441660397,121946500,AAPL
2023-06-06,176.7323455810547,177.62975297431,174.97694105936182,177.4818328127375,64848400,AAPL
2023-06-07,175.36155700683594,178.7046879636189,174.86846975629078,175.97298038220674,61944600,AAPL
2023-06-08,178.07354736328125,178.3398036598064,175.00654388250445,175.44044804834044,50214900,AAPL
2023-06-09,178.45816040039062,179.71059129506313,178.13272098000036,178.99068805786467,48900000,AAPL
2023-06-12,181.2490234375,181.34764691680866,178.468018885392,178.7638742754878,54274900,AAPL
2023-06-13,180.77565002441406,181.60403301510047,179.91768300176238,180.272706433175,54929100,AAPL
2023-06-14,181.40682983398438,181.84074910193183,179.50351991974284,180.8348467124019,57462900,AAPL
2023-06-15,183.43832397460938,183.94128262941163,181.23915892536104,181.41667817053525,65433200,AAPL
2023-06-16,182.3634033203125,184.40479194393566,181.72239585614398,184.14837692000424,101256200,AAPL
2023-06-20,182.45216369628906,183.52710548415504,181.86046794433722,181.86046794433722,49799100,AAPL
2023-06-21,181.4167022705078,182.84665255889604,180.06563271508736,182.34369383727915,49515700,AAPL
2023-06-22,184.4146728515625,184.4639845971855,181.13070922445527,181.19974867789384,51245300,AAPL
2023-06-23,184.09909057617188,184.96692915011988,182.45218058994394,182.9847233686237,53117000,AAPL
2023-06-26,182.70858764648438,185.45015206010262,182.66913223239737,184.2470177435845,48088700,AAPL
2023-06-27,185.45999145507812,185.78543087633778,183.10303478095216,183.31999439512526,50730800,AAPL
2023-06-28,186.63352966308594,187.27453708797546,185.0063477089331,185.33177206150037,51216800,AAPL
2023-06-29,186.9688262939453,187.4422009047134,186.32781886596203,186.4658826988121,46347300,AAPL
2023-06-30,191.28831481933594,191.7912585176698,188.6157746627016,188.9806695476879,85213200,AAPL
2023-07-03,189.79917907714844,191.19954526937022,189.10884478636748,191.10092178559267,31458200,AAPL
2023-07-05,188.68478393554688,190.311965971159,187.98459336367247,188.92147125163748,46920300,AAPL
2023-07-06,189.15814208984375,189.36524537083605,186.5842258571581,187.2153769807983,45094300,AAPL
2023-07-07,188.04376220703125,190.0062550438309,187.60985803081866,188.7636804868427,46815000,AAPL
2023-07-10,186.00241088867188,187.36333679085425,184.45410938571575,186.6434184249519,59922200,AAPL
2023-07-11,185.479736328125,186.68287064614393,184.02020200954667,186.54480679233018,46638100,AAPL
2023-07-12,187.1463623046875,189.04967210294507,185.86433228601203,187.05759515232103,60750200,AAPL
2023-07-13,187.90570068359375,188.54672319895087,187.15621340871894,187.8662603208446,41342300,AAPL
2023-07-14,188.05361938476562,188.53683526319492,187.00827681367923,187.59997248992855,41616200,AAPL
2023-07-17,191.3080291748047,191.6334686208352,189.1581605746784,189.2469126832782,50520200,AAPL
2023-07-18,191.05160522460938,191.64331601668746,189.75971887799713,190.6768691009351,48288200,AAPL
2023-07-19,192.4026641845703,195.48938034906212,189.9865244553515,190.4303150490968,80507300,AAPL
2023-07-20,190.45989990234375,193.75371936128715,189.83860510668907,192.39279363664537,59581200,AAPL
2023-07-21,189.28636169433594,192.2744696321092,188.5861710830146,191.41650251566858,71951700,AAPL
2023-07-24,190.0851593017578,192.21530010696893,189.59207198839397,190.73603816687742,45377800,AAPL
2023-07-25,190.94313049316406,191.75180092732498,190.25281124926505,190.65714646634552,37283200,AAPL
2023-07-26,191.81097412109375,192.93521264770516,190.64729522856234,190.9924473358141,47471900,AAPL
2023-07-27,190.5486602783203,194.47363103189025,189.8879250921341,193.3099522093675,47460200,AAPL
2023-07-28,193.12257385253906,193.91151654263126,191.4559363697747,191.97860770429688,48291400,AAPL
2023-07-31,193.7340087890625,193.77346420221568,192.56045853696887,193.34940127389015,38824100,AAPL
2023-08-01,192.90560913085938,194.0101198390568,192.58016971551623,193.52690392813534,35175100,AAPL
2023-08-02,189.91748046875,192.48152505166297,189.19757732195913,192.34346122833557,50389300,AAPL
2023-08-03,188.52700805664062,189.71041463976601,188.0536484329567,188.92148694956984,61235200,AAPL
2023-08-04,179.4739532470703,184.78943469803295,179.40491378965757,182.95514900922737,115956800,AAPL
2023-08-07,176.37734985351562,180.59817633552169,174.8980878140883,179.61200164257014,97576100,AAPL
2023-08-08,177.31419372558594,177.77769698523286,175.12488493894773,177.205713919119,67823000,AAPL
2023-08-09,175.72645568847656,178.42856448196,174.56276182695083,178.3693964131728,60378500,AAPL
2023-08-10,175.50949096679688,178.25105509162734,175.14461118800062,176.99860916334498,54686900,AAPL
2023-08-11,175.5687713623047,176.38840355314576,174.34427296435433,175.10465717699176,52036700,AAPL
2023-08-14,177.21788024902344,177.44500246999712,175.09473274674426,175.74649049543365,43675600,AAPL
2023-08-15,175.23297119140625,177.2376075606865,174.83797474088598,176.64511288490613,43622600,AAPL
2023-08-16,174.36402893066406,176.30940286172734,174.2948962433497,174.91703015656563,46964900,AAPL
2023-08-17,171.82611083984375,175.29225282363015,171.31260330101006,174.92688028330798,66062900,AAPL
2023-08-18,172.3099822998047,172.91236175457905,169.81159252872837,170.14734105941557,61172200,AAPL
2023-08-21,173.64309692382812,173.92948217703207,171.56934282132403,172.88272795365145,46311900,AAPL
2023-08-22,175.01573181152344,175.46010661888187,174.04797988711957,174.84785755399471,42038900,AAPL
2023-08-23,178.85716247558594,179.2817980823254,176.10202612434662,176.289654759779,52722800,AAPL
2023-08-24,174.17636108398438,178.83739189345877,173.81097351698816,178.41275636104422,54945800,AAPL
2023-08-25,176.37850952148438,176.91175631972774,173.62337343895007,175.16388093182096,51449600,AAPL
2023-08-28,177.93875122070312,178.33374768816518,176.31924159506977,177.83999456976295,43820700,AAPL
2023-08-29,181.8196563720703,182.58991008586239,177.2573820568172,177.45488030453177,53003900,AAPL
2023-08-30,185.30555725097656,185.50307057198083,182.43192527543482,182.62942352828824,60813900,AAPL
2023-08-31,185.5228271484375,186.75721017905872,185.13770024560978,185.49320316115478,60794500,AAPL
2023-09-01,187.09295654296875,187.54720101813678,185.92769123419916,187.12258052751662,45766500,AAPL
2023-09-05,187.32997131347656,187.60647191514923,185.26608644093676,185.92771395695013,45280000,AAPL
2023-09-06,180.62478637695312,186.4905763861184,179.20277485131902,186.04618648324464,81755800,AAPL
2023-09-07,175.34161376953125,175.98350189646143,171.37183427986267,172.99134398653018,112488800,AAPL
2023-09-08,175.95388793945312,177.9881638364286,175.56876103562882,176.121777292026,65551300,AAPL
2023-09-11,177.11912536621094,178.0473836718388,175.1243584797436,177.82026144859472,58953100,AAPL
2023-09-12,174.0973358154297,177.87948614675489,172.63583094462646,177.24748281871987,90370200,AAPL
2023-09-13,172.03347778320312,175.08486860955094,171.8063404869434,174.30473020059844,84267900,AAPL
2023-09-14,173.5443878173828,173.89989073979382,171.41137028291678,171.82612118103754,60895800,AAPL
2023-09-15,172.82347106933594,174.29486087176767,171.6483512368518,174.27510652680778,109259500,AAPL
2023-09-18,175.74647521972656,177.13886254322455,173.96896109059597,174.2750855940285,67257600,AAPL
2023-09-19,176.832763671875,177.38576479928514,174.91699900323943,175.30212586469654,51826900,AAPL
2023-09-20,173.29750061035156,177.45489404541186,173.20861358406935,177.0203888259045,58436200,AAPL
2023-09-21,171.75694274902344,174.09734264324985,171.6878251518227,172.36920682730067,63149100,AAPL
2023-09-22,172.60623168945312,174.8676297137013,171.87548661966315,172.48773574692532,56725400,AAPL
2023-09-25,173.88009643554688,174.75897636563758,171.97420160197885,172.02357992644104,46172700,AAPL
2023-09-26,169.8115692138672,173.01107959102313,169.51531434646242,172.63583748924898,64588900,AAPL
2023-09-27,168.30067443847656,170.87806622328196,166.93792612877573,170.46331542744704,66921800,AAPL
2023-09-28,168.5574493408203,169.88070413963854,165.52579782856736,167.22430983558627,56294400,AAPL
2023-09-29,169.07095336914062,170.90771561508154,168.21181267677895,169.870831028669,51861100,AAPL
2023-10-02,171.5792236328125,172.12235512412923,168.79444856905252,169.0808338409062,52164500,AAPL
2023-10-03,170.24609375,171.46073744550782,168.6858469308082,170.1078434596355,49594600,AAPL
2023-10-04,171.49037170410156,172.03350325883684,168.8339769739755,168.9524729247714,53020300,AAPL
2023-10-05,172.72471618652344,173.25796291419545,170.5225664715738,171.61869897615148,48527900,AAPL
2023-10-06,175.2725067138672,175.76625988669193,171.0163417068709,171.6286058875163,57266700,AAPL
2023-10-09,176.75376892089844,176.81301689163445,173.60362121945622,174.6009972191987,42390800,AAPL
2023-10-10,176.1612548828125,177.47464011941017,175.72674968355904,175.8748846750232,43698000,AAPL
2023-10-11,177.55361938476562,177.60299770884345,175.38110873868183,175.9736034231689,47551100,AAPL
2023-10-12,178.4522705078125,180.06189553412176,176.80312172309905,177.82026707710477,56743100,AAPL
2023-10-13,176.6155242919922,179.65703072033497,175.91438812346496,179.15340788479125,51427100,AAPL
2023-10-16,176.4871368408203,176.84263973108403,174.3047411678942,174.54174811745375,52517000,AAPL
2023-10-17,174.9367218017578,176.19085892709333,172.6160912129652,174.44296868905948,57549400,AAPL
2023-10-18,173.64309692382812,175.36136323860268,172.92222157401596,173.38635072108465,54764400,AAPL
2023-10-19,173.2678680419922,175.61812287122567,173.00123711265553,173.84060845589931,59302900,AAPL
2023-10-20,170.7200927734375,173.22835212793277,170.4830858385587,173.11972583296543,64244000,AAPL
2023-10-23,170.83859252929688,171.8359684831129,167.80694090892598,168.77470794688867,55980100,AAPL
2023-10-24,171.27308654785156,171.50020876645127,169.3079436842464,170.8879597127696,43816600,AAPL
2023-10-25,168.96234130859375,170.89784530264086,168.51795139973865,169.73259505065448,57157000,AAPL
2023-10-26,164.80494689941406,169.23885617849143,163.6001878537521,168.24146504420852,70625300,AAPL
2023-10-27,166.11831665039062,166.8490767618186,164.7456834493569,164.82468576422622,58499100,AAPL
2023-10-30,168.16244506835938,169.03145545417337,166.7601878982554,166.90832288755587,51131000,AAPL
2023-10-31,168.63644409179688,168.764809656098,165.8022909489589,167.23418704526227,44846000,AAPL
2023-11-01,171.7964630126953,172.0532092124064,167.99455793411695,168.86356825336904,56934900,AAPL
2023-11-02,175.3514862060547,175.55885407348563,173.2678474852133,173.32709544733643,77334800,AAPL
2023-11-03,174.4429931640625,174.61088250590672,171.18423421755685,172.06311427874405,79829200,AAPL
2023-11-06,176.99075317382812,177.18825142381783,174.00849494223715,174.17636920813592,63841300,AAPL
2023-11-07,179.54840087890625,180.1606499568927,176.73400192517136,176.9413698079054,70530000,AAPL
2023-11-08,180.60501098632812,181.1580120556029,179.3212498937122,180.07176426042716,49340300,AAPL
2023-11-09,180.1310577392578,181.8196853547634,179.53854783351557,180.67418930816274,53763500,AAPL
2023-11-10,184.3136749267578,184.48178544542026,181.475802800193,181.9108804268445,66133400,AAPL
2023-11-13,182.7315673828125,183.94779597294095,182.1481747757102,183.74015491726047,43627500,AAPL
2023-11-14,185.342041015625,186.00454008995078,184.21480130754796,185.59912547957174,60108400,AAPL
2023-11-15,185.9056396484375,187.3789678351275,185.67821821290843,185.74744196041772,53790500,AAPL
2023-11-16,187.58663940429688,188.82264852852316,186.5384909930313,187.44820698590362,54412900,AAPL
2023-11-17,187.56686401367188,188.24914348244,186.4594046371221,188.12059370194675,50922700,AAPL
2023-11-20,189.30715942382812,189.7620174322178,187.75473976876387,187.76462241033667,46505100,AAPL
2023-11-21,188.5062255859375,189.37638084971888,187.61630503925363,189.2676114417462,38134500,AAPL
2023-11-22,189.16873168945312,190.77059476808083,188.69410838615653,189.34672485819107,39617700,AAPL
2023-11-24,187.84373474121094,188.76331834061182,187.13179223741543,188.7336553269539,24048300,AAPL
2023-11-27,187.6657257080078,188.53588093642713,186.78568783853885,187.79427548166112,40552600,AAPL
2023-11-28,188.2689208984375,188.94131776896225,187.28011350908017,187.65586514519703,38415400,AAPL
2023-11-29,187.25045776367188,189.9400151741752,186.85494082777598,188.7633319210795,43014200,AAPL
2023-11-30,187.8239288330078,188.18979776505014,186.08363355367433,187.71515943504943,48794400,AAPL
2023-12-01,189.09951782226562,189.4159283197641,187.11200544734405,188.19969953750024,45704800,AAPL
2023-12-04,187.3097381591797,187.92280887485518,185.35190415389414,187.85358512953687,43389500,AAPL
2023-12-05,191.25511169433594,192.22413865175915,188.05137051787239,188.08104861869373,66628400,AAPL
2023-12-06,190.1674346923828,192.58011192579394,189.95977851245675,192.27358406476233,41089700,AAPL
2023-12-07,192.09559631347656,192.81742141001197,191.42319951100376,191.46276025185608,47477700,AAPL
2023-12-08,193.51950073242188,193.79636559429088,191.50232520965804,192.0263919187675,53406400,AAPL
2023-12-11,191.0177764892578,191.32431940935732,189.2774811684409,190.94856782781682,60943700,AAPL
2023-12-12,192.53065490722656,192.54053754746204,189.5741159727842,190.91889435682484,52696900,AAPL
2023-12-13,195.7443084716797,195.78385412672148,192.66911702808835,192.90642113434447,70404200,AAPL
2023-12-14,195.8926239013672,197.3857175620074,193.964452594447,195.8036348613561,66831600,AAPL
2023-12-15,195.35865783691406,196.17935458626624,194.79503045579114,195.3190970971854,128538400,AAPL
2023-12-18,193.6974639892578,194.4291868327445,192.21425301938103,193.8952224343076,55751900,AAPL
2023-12-19,194.73570251464844,194.74558515548247,193.69745188302565,193.96443406555753,40714100,AAPL
2023-12-20,192.64932250976562,195.46741418063525,192.64932250976562,194.69614571593394,52242800,AAPL
2023-12-21,192.50100708007812,194.8741537657828,191.33422165280876,193.9051267903215,46482500,AAPL
2023-12-22,191.43310546875,193.2228443252002,190.81015202156473,192.9954077755279,37149600,AAPL
2023-12-26,190.8892364501953,191.71983089218512,190.67169765519787,191.4429660781885,28919300,AAPL
2023-12-27,190.9881134033203,191.3342019743918,188.9511728919884,190.33551208827305,48087700,AAPL
2023-12-28,191.413330078125,192.4812438348005,191.00791544042355,191.96705978425237,34049900,AAPL
2023-12-29,190.3750457763672,192.22411038080966,189.5839970121992,191.7297067892047,42672100,AAPL
2024-01-02,183.5621795654297,186.33084291740326,181.83176685644636,185.0552730997862,82488700,AAPL
2024-01-03,182.187744140625,183.79950485996184,181.37691491631995,182.15808112880916,58414500,AAPL
2024-01-04,179.87391662597656,181.04070184894312,178.85544644389557,180.11122069139344,71983600,AAPL
2024-01-05,179.15208435058594,180.71440156415224,178.15339449300276,179.95303087035154,62379700,AAPL
2024-01-08,183.4830780029297,183.52263874374273,179.46852282651062,180.0519155054874,59144500,AAPL
2024-01-09,183.06777954101562,183.07766218215258,180.68475037086026,181.86143345023166,42841800,AAPL
2024-01-10,184.10606384277344,184.31370496059992,181.86146667843008,182.28666173303466,46792900,AAPL
2024-01-11,183.5127716064453,184.95643712674624,181.56481971672645,184.45213566932392,49128400,AAPL
2024-01-12,183.8390655517578,184.64989484239166,183.11724039185432,183.97749798089004,40477800,AAPL
2024-01-16,181.57470703125,182.19764543114704,178.9049149905355,180.12115895148446,65603000,AAPL
2024-01-17,180.63531494140625,180.8825167727283,178.281963767062,179.24110807963172,47317400,AAPL
2024-01-18,186.51870727539062,187.0229935165519,183.75004409317066,184.00712853391946,78005800,AAPL
2024-01-19,189.4159393310547,189.80157360580037,186.70661676571424,187.21090309791916,68903000,AAPL
2024-01-22,191.71983337402344,193.14371820043874,190.1080727596782,190.14763349819026,60133900,AAPL
2024-01-23,192.99542236328125,193.55904982724218,191.66054141727486,192.83722464512005,42355600,AAPL
2024-01-24,192.32302856445312,194.18199120084623,192.16481576816378,193.23272951111284,53631300,AAPL
2024-01-25,191.99668884277344,194.07318996151886,190.9485556432544,193.03493940214616,54822100,AAPL
2024-01-26,190.26626586914062,192.58007092887775,189.79164267206622,192.0955650921974,44594000,AAPL
2024-01-29,189.58401489257812,190.04875551955823,187.4580852833725,189.86087972294905,47145600,AAPL
2024-01-30,185.93528747558594,189.65321196848186,185.37167525303494,188.8028372268088,55859400,AAPL
2024-01-31,182.3360595703125,185.00585134318092,182.28663127585358,184.94651023142666,55467800,AAPL
2024-02-01,184.76852416992188,184.857513201702,181.7625567551165,181.93065217781273,64885400,AAPL
2024-02-02,183.76983642578125,185.2332669548565,177.24370243482153,177.84687547061628,102551700,AAPL
2024-02-05,185.57933044433594,187.13176501057416,183.75992879401906,186.04407104136263,69668800,AAPL
2024-02-06,187.18124389648438,187.1911265388062,184.67956238073768,184.76855142564483,43490800,AAPL
2024-02-07,187.28997802734375,188.91162125480523,186.49892923853312,188.5062066759397,53439000,AAPL
2024-02-08,186.2122039794922,187.418535043408,185.2530596605407,187.27021997882892,40962000,AAPL
2024-02-09,186.9745330810547,188.10321111496148,186.13296840440984,186.77650719907678,45155200,AAPL
2024-02-12,185.2914276123047,186.79633688725167,184.93500212895557,186.54881961012742,41781900,AAPL
2024-02-13,183.2023468017578,184.36074073565214,181.68754255866872,183.92510799252145,56529500,AAPL
2024-02-14,182.3212127685547,183.6875129162611,180.62820312290157,183.4796068721132,54630500,AAPL
2024-02-15,182.03408813476562,182.65783644316613,179.5490203671251,181.72716915991907,65434500,AAPL
2024-02-16,180.49949645996094,183.0142804515248,179.86585283584154,181.5984737728991,49752500,AAPL
2024-02-20,179.7569580078125,180.6183133605895,178.2124525032785,179.98466968931257,53665600,AAPL
2024-02-21,180.50936889648438,181.07370031307843,178.86585089859204,180.13313788058667,41371400,AAPL
2024-02-22,182.53903198242188,183.1231842228548,180.64801151557128,181.65787110291916,52292200,AAPL
2024-02-23,180.70741271972656,183.20237592421455,180.42028422645075,183.17267506039363,45119700,AAPL
2024-02-26,179.3609161376953,180.9450175834942,178.85597124394113,180.43019254491847,40867400,AAPL
2024-02-27,180.81631469726562,182.09349711935678,177.77679547469845,179.30151026553332,54318900,AAPL
2024-02-28,179.61831665039062,181.30143093346823,178.34113428414614,180.69748823755316,48953900,AAPL
2024-02-29,178.95498657226562,180.75691955299587,177.74710108364005,179.4698267249393,136682600,AAPL
2024-03-01,177.8758087158203,178.73716395290236,175.61845249589473,177.76690051629518,73563100,AAPL
2024-03-04,173.361083984375,175.14319605787904,172.06408093389737,174.40064432483445,81510100,AAPL
2024-03-05,168.43055725097656,170.33148818677603,167.93552268101038,169.06420089624305,95132400,AAPL
2024-03-06,167.4404754638672,169.53943215491887,167.00484265804033,169.36121186741923,68587700,AAPL
2024-03-07,167.32168579101562,169.03450118476172,166.81675596481475,167.47019012011697,71765100,AAPL
2024-03-08,169.03448486328125,171.9749911536114,167.26226790901475,167.32166963491963,76267000,AAPL
2024-03-11,171.034423828125,172.64824117092596,170.34137853305091,171.22253935977105,60139500,AAPL
2024-03-12,171.5096435546875,172.30170175265368,169.3116892312768,171.43043622416553,59825400,AAPL
2024-03-13,169.4305419921875,171.4700820663792,169.06420612614593,171.05425482761498,52488700,AAPL
2024-03-14,171.28195190429688,172.57893998999515,170.34138929390355,171.19284931228447,72913500,AAPL
2024-03-15,170.90570068359375,170.90570068359375,168.5988381717502,169.47010369924573,121752700,AAPL
2024-03-18,171.99481201171875,175.94519331439105,171.79680120539754,173.82644596151624,75604200,AAPL
2024-03-19,174.3313446044922,174.85607994565953,171.31163124958826,172.6086191723699,55215200,AAPL
2024-03-20,176.8956298828125,176.8956298828125,173.3511809805003,173.97492929704185,53423100,AAPL
2024-03-21,169.66810607910156,175.7273381457555,169.1433707597941,175.29170540355622,106181300,AAPL
2024-03-22,170.569091796875,171.33144918231721,168.37113733503185,170.05425166968308,71160100,AAPL
2024-03-25,169.15330505371094,170.2324767040703,167.76719930445816,168.87608692531137,54288300,AAPL
2024-03-26,168.02462768554688,169.71763732680742,167.8959138727621,168.31174106723407,57388400,AAPL
2024-03-27,171.58888244628906,171.87601096065072,168.42066417893392,168.7176879462108,60273300,AAPL
2024-03-28,169.7770538330078,170.51960569647457,168.81668554767697,170.04437673388762,65672700,AAPL
2024-04-01,168.34141540527344,169.54930068295263,167.79687448381927,169.48989896556722,46240500,AAPL
2024-04-02,167.1632537841797,167.65828830624176,166.55931106297376,167.40087579338118,49329500,AAPL
2024-04-03,167.96524047851562,168.98501058686435,166.9058742477708,167.11378032805132,47691700,AAPL
2024-04-04,167.14344787597656,170.2126525655396,167.14344787597656,168.59883533803097,53704400,AAPL
2024-04-05,167.8959197998047,168.69787335368648,167.2721714324497,167.90581505219322,42104800,AAPL
2024-04-08,166.7771453857422,167.51969724864153,166.56923932419392,167.35138730592178,37425500,AAPL
2024-04-09,167.98500061035156,168.39093251447707,166.67811742351924,167.02463249925154,42373800,AAPL
2024-04-10,166.11380004882812,167.41078821247058,165.45045553411236,167.1236748074244,49709300,AAPL
2024-04-11,173.30169677734375,173.7175391133101,166.49003132152566,166.66823651643443,91070300,AAPL
2024-04-12,174.79669189453125,176.5887144383463,172.47993396851362,172.52942533467058,101670900,AAPL
2024-04-15,170.97503662109375,174.8759113224836,170.7869210734751,173.61851932570818,73531800,AAPL
2024-04-16,167.6979217529297,172.03441446797186,166.59894436401518,170.0443808641566,73711200,AAPL
2024-04-17,166.33160400390625,168.95528100035153,166.33160400390625,167.9256158132339,50901200,AAPL
2024-04-18,165.38111877441406,166.96523521407434,164.8959946340493,166.36129252101995,43122900,AAPL
2024-04-19,163.3614044189453,164.7474951408098,162.4505426435407,164.55939469854349,68149400,AAPL
2024-04-22,164.19305419921875,165.59895049362888,163.1336881290828,163.87623994630854,48116400,AAPL
2024-04-23,165.24252319335938,165.39104261951863,163.28219064755024,163.70792820716713,49537800,AAPL
2024-04-24,167.3414764404297,167.6186945681344,164.55938480415762,164.88609429896647,48251800,AAPL
2024-04-25,168.20281982421875,168.91567070440144,166.48009434590165,167.84639438412742,50558300,AAPL
2024-04-26,167.6186981201172,169.63843239437367,167.49987955768663,168.19293999888993,44838400,AAPL
2024-04-29,171.7769775390625,174.28185098854456,171.38095596804143,171.64826373021612,68169400,AAPL
2024-04-30,168.6384735107422,173.2521991943247,168.31174889120035,171.60868084411632,65934800,AAPL
2024-05-01,167.6186981201172,170.99483730573115,167.43058257791944,167.8959162536964,50383100,AAPL
2024-05-02,171.3116455078125,171.69777183075684,169.19289835753364,170.79680537480178,94214900,AAPL
2024-05-03,181.55886840820312,185.14291355827163,180.84601747897057,184.7963833456082,163224100,AAPL
2024-05-06,179.9054718017578,182.37073431535399,178.62827413884693,180.53911545314375,78569700,AAPL
2024-05-07,180.5885772705078,183.0637497391675,179.5193160584302,181.62815272879564,77305800,AAPL
2024-05-08,180.92523193359375,181.25195654794928,179.6480343404535,181.03414013837894,45057100,AAPL
2024-05-09,182.73707580566406,182.8261784061232,180.30149897565002,180.74702708520252,48983000,AAPL
2024-05-10,181.4779510498047,183.50042466657956,180.56585391849484,183.3120539854214,50759500,AAPL
2024-05-13,184.68020629882812,185.4931713127623,183.03445892506747,183.84742393900163,72044800,AAPL
2024-05-14,185.82032775878906,186.68286641073877,184.69011878206607,185.89964252722956,52393600,AAPL
2024-05-15,188.09068298339844,189.01268886802714,185.76085876781028,186.2962297111884,70400000,AAPL
2024-05-16,188.20962524414062,189.45881387860598,188.03117836935675,188.83421956137332,52845200,AAPL
2024-05-17,188.23939514160156,189.17132485957902,187.55531842828847,187.88248620977504,41282900,AAPL
2024-05-20,189.3993377685547,190.2717851507536,187.38677266186554,187.70403175639103,44361300,AAPL
2024-05-21,190.69808959960938,191.07481584379752,189.28036268210627,189.44890089382775,42309400,AAPL
2024-05-22,189.26055908203125,191.16408357860647,188.63597976159812,190.6188039117619,34648500,AAPL
2024-05-23,185.2750701904297,189.35968258649532,185.02721720275102,189.3398501117122,51005900,AAPL
2024-05-24,188.34841918945312,188.94327235106317,186.4250777783575,187.19839293954828,36327000,AAPL
2024-05-28,188.3583526611328,191.34249703943843,187.47599667367734,189.86528785982966,52280100,AAPL
2024-05-29,188.65577697753906,190.59895109353056,187.8824768517226,187.98162409974876,53068000,AAPL
2024-05-30,189.6471710205078,190.52952698465035,188.99285067972127,189.12172393667825,49889100,AAPL
2024-05-31,190.5989227294922,190.916181773766,188.27902269727937,189.7958815743219,75158300,AAPL
2024-06-03,192.36366271972656,193.31542486412093,190.86663609575578,191.24336235629542,50080500,AAPL
2024-06-04,192.680908203125,193.64257895328527,191.37223723797064,192.96841099700254,47471400,AAPL
2024-06-05,194.18785095214844,195.20900403542353,193.19643901671662,193.72188613227584,54156800,AAPL
2024-06-06,192.80978393554688,194.81244022862765,192.50244866402238,194.0093990023229,41181800,AAPL
2024-06-07,195.1990966796875,195.24867030234284,192.47271383884646,192.97832848334124,53103900,AAPL
2024-06-10,191.4614715576172,195.60558138834554,190.49980075281104,195.20900753042525,97010200,AAPL
2024-06-11,205.3709716796875,205.38089548057218,191.96709351098235,191.98691085726122,172373300,AAPL
2024-06-12,211.2401580810547,218.3089152196564,205.1231328450552,205.58909768640683,198134300,AAPL
2024-06-13,212.4001007080078,214.888539245905,209.7827737762817,212.8958066808934,97862700,AAPL
2024-06-14,210.66513061523438,213.32210737882852,209.4853479747781,212.01345147179217,70122700,AAPL
2024-06-17,214.80923461914062,217.06965275202606,210.89316027395952,211.53757201804441,93728300,AAPL
2024-06-18,212.4496612548828,216.75240063817128,211.1707464886947,215.72132373307375,79943300,AAPL
2024-06-20,207.87924194335938,212.4000929584359,207.05638337080816,212.0927425591543,86172500,AAPL
2024-06-21,205.7080841064453,210.07029091430852,205.33134270047418,208.58317289420788,241805100,AAPL
2024-06-24,206.35250854492188,210.8733451834048,204.81581680416838,205.93611728903505,80727000,AAPL
2024-06-25,207.27450561523438,209.5646648210329,206.81844945769743,207.35380525957078,55549700,AAPL
2024-06-26,211.41859436035156,213.01476817493463,208.8310086144187,209.68362348048936,66213200,AAPL
2024-06-27,212.2612762451172,213.88719102122272,210.52630556394234,212.84620558696906,49772700,AAPL
2024-06-28,208.81117248535156,214.21437951883613,208.4939285392998,213.91695291908772,82542700,AAPL
2024-07-01,214.88853454589844,215.64200216221636,210.10001313722785,210.26855134899324,60402900,AAPL
2024-07-02,218.37832641601562,218.48738234159504,213.2527281692765,214.29369867156123,58046200,AAPL
2024-07-03,219.64732360839844,219.64732360839844,217.1489612238199,218.11063203893852,37369800,AAPL
2024-07-05,224.3961639404297,224.5052198536283,219.7464397478406,219.7464397478406,60412400,AAPL
2024-07-08,225.8634796142578,225.89322076278884,221.3327197032473,225.13973799267995,59085900,AAPL
2024-07-09,226.716064453125,227.42988222637766,224.4259054004998,225.9725055332989,48076100,AAPL
2024-07-10,230.97915649414062,231.0783037422216,227.28119408246098,227.3307677065015,62627700,AAPL
2024-07-11,225.61561584472656,230.39421338925845,223.83107137940016,229.40280147827102,64710600,AAPL
2024-07-12,228.5601043701172,230.64207551688347,226.71607753741577,226.9540218514806,53046500,AAPL
2024-07-15,232.386962890625,235.1926606193721,231.0882156126273,234.44910163171727,62631300,AAPL
2024-07-16,232.80335998535156,234.24090427881208,230.33473879844306,232.98180687397965,43234300,AAPL
2024-07-17,226.9143829345703,229.47222770464353,224.6936146131452,227.4794799069808,57345900,AAPL
2024-07-18,222.2547149658203,228.46096321097224,220.36112971273346,228.3023336745397,66034600,AAPL
2024-07-19,222.38360595703125,224.8522270905052,221.36245288688534,222.88923571935766,49151500,AAPL
2024-07-22,222.03662109375,225.82380677595344,221.174082433242,225.06041535891617,48201800,AAPL
2024-07-23,223.07760620117188,224.9910392063895,220.7676144514488,222.44310313331528,39960300,AAPL
2024-07-24,216.6631622314453,222.86941075843336,215.26528287042115,222.07627816799848,61777600,AAPL
2024-07-25,215.6221923828125,218.95333716975932,212.77682977395946,217.04981289629316,51391200,AAPL
2024-07-26,216.088134765625,217.60499369491455,214.15486954444728,216.82176985722595,41601300,AAPL
2024-07-29,216.3657684326172,217.41666277155184,213.89714701413598,215.09676223529075,36311800,AAPL
2024-07-30,216.9209442138672,218.43780333279796,214.26395224147618,217.3075942808937,41643800,AAPL
2024-07-31,220.1727752685547,221.89783756706774,218.73523091700034,219.53827220377053,50036300,AAPL
2024-08-01,216.48472595214844,222.55216258005441,215.15623749650504,222.44310665442717,62501000,AAPL
2024-08-02,217.97183227539062,223.66254232334134,215.84030263063204,217.2679231335739,105568600,AAPL
2024-08-05,207.4727783203125,211.66644653820467,194.31673780556494,197.38019703112641,119548600,AAPL
2024-08-06,205.45028686523438,208.18659343179937,199.34320096724198,203.53686913101606,69660500,AAPL
2024-08-07,208.01805114746094,211.80523672133984,204.61750047992084,205.12311510057037,63516400,AAPL
2024-08-08,211.4780731201172,212.36042911915672,207.03655197769595,211.27979376271134,47161100,AAPL
2024-08-09,214.38291931152344,214.91827509282652,210.1495861717322,210.2784745623819,42201600,AAPL
2024-08-12,215.91146850585938,217.8767320905019,213.9958359256548,214.4623401059105,38028100,AAPL
2024-08-13,219.62362670898438,220.2390087017958,217.38043273085663,217.38043273085663,44155300,AAPL
2024-08-14,220.07029724121094,221.37054778476931,218.06532277692483,218.92885985517657,41960600,AAPL
2024-08-15,223.04795837402344,223.67327566716008,221.1025352094067,222.9288560878089,46414000,AAPL
2024-08-16,224.36807250976562,225.14226768918678,221.98592068094572,222.25391598005478,44340200,AAPL
2024-08-19,224.2092742919922,224.30853630427512,221.38047353975193,224.04054098731652,40687800,AAPL
2024-08-20,224.82464599609375,225.47973889834265,223.7725353535306,224.0901616619868,30299000,AAPL
2024-08-21,224.71546936035156,226.28371522001356,223.37552309496598,224.8345868015738,34765500,AAPL
2024-08-22,222.859375,226.64102413052154,222.2340576918725,226.09511339685906,43695300,AAPL
2024-08-23,225.15220642089844,226.5219434569281,222.66088738350675,223.9809934126029,38677300,AAPL
2024-08-26,225.48965454101562,225.58891654674125,222.22414052811973,225.0727813784282,30602200,AAPL
2024-08-27,226.3333282470703,227.14723425887112,223.21669220638537,224.31843379232603,35934600,AAPL
2024-08-28,224.8048095703125,228.149730282918,224.00082364270057,226.22416240429726,38052200,AAPL
2024-08-29,228.08026123046875,231.18697758967758,227.1770435151196,228.38796742499142,51906300,AAPL
2024-08-30,227.29611206054688,228.68568922028223,225.78741746908054,228.4772602189495,52990800,AAPL
2024-09-03,221.1125030517578,227.29614502733148,219.52440165721936,226.84949624301046,50190600,AAPL
2024-09-04,219.20677185058594,220.12984491677884,215.86183603349318,220.01074262314262,43840200,AAPL
2024-09-05,220.7253875732422,223.80231295165626,219.87178579311316,219.9809679444758,36615400,AAPL
2024-09-06,219.177001953125,223.56411324365834,218.13481142105056,222.2837029728863,48423000,AAPL
2024-09-09,219.26632690429688,219.6236489368284,215.09757995493325,219.17700018247805,67180000,AAPL
2024-09-10,218.47227478027344,219.83207646515766,215.1174187834135,217.29112653781655,51591000,AAPL
2024-09-11,221.0032958984375,221.43008920211523,216.26878297144034,219.81222755985956,44587100,AAPL
2024-09-12,221.1125030517578,221.88669831664953,218.18445530425632,220.84450772306226,37455600,AAPL
2024-09-13,220.844482421875,222.37301734416337,220.25887596851652,221.91644846858938,36766600,AAPL
2024-09-16,214.71046447753906,215.6037619118882,212.32831274384958,214.9288136198369,59357400,AAPL
2024-09-17,215.1769561767578,215.2861383219032,212.90400170360138,214.14470101422842,45519300,AAPL
2024-09-18,219.04795837402344,221.05293280374121,215.92138686335736,215.9313221513165,59894900,AAPL
2024-09-19,227.16708374023438,228.11002736409566,222.95864123060412,223.31596324984213,66781300,AAPL
2024-09-20,226.50205993652344,231.35567496568984,225.9263736470506,228.25889437635817,318679900,AAPL
2024-09-23,224.78494262695312,227.742765583781,224.12984974700805,225.64846451262724,54146000,AAPL
2024-09-24,225.67825317382812,227.64353192764617,224.05045616714196,226.94872814757065,43556100,AAPL
2024-09-25,224.68568420410156,225.59883710649478,222.35317851779175,223.2563961324406,42308700,AAPL
2024-09-26,225.8271484375,226.79985253593196,223.73284722402752,225.608784129346,36636700,AAPL
2024-09-27,226.09512329101562,227.81226214161182,225.6087788258606,226.7601514881057,34026000,AAPL
2024-09-30,231.26634216308594,231.26634216308594,227.94126208675945,228.32835965023514,54541900,AAPL
2024-10-01,224.5269012451172,227.94129335648356,222.0752779583648,227.81227091446172,63285000,AAPL
2024-10-02,225.0926513671875,225.67825786117984,221.36063294746157,224.2092739820147,32880600,AAPL
2024-10-03,223.99090576171875,225.12242301224842,221.65839996957536,223.4648504260935,34044200,AAPL
2024-10-04,225.1124725341797,226.3035407723517,222.46234078203926,226.20427877531475,37245100,AAPL
2024-10-07,220.04052734375,224.01076551273388,219.68320530273118,222.8296172342201,39505400,AAPL
2024-10-08,224.0901641845703,224.298593199742,221.58890998571715,222.63110049734397,31855700,AAPL
2024-10-09,227.83209228515625,228.0405364361267,223.15714569962594,223.55416342639623,33591100,AAPL
2024-10-10,227.33583068847656,227.7924147414137,225.47974919262126,226.08521111865923,28183500,AAPL
2024-10-11,225.85694885253906,227.7031103866363,225.64850466446404,227.59392822055094,31759200,AAPL
2024-10-14,229.5790252685547,230.00581860221664,226.89911753216435,226.99836439928595,39882100,AAPL
2024-10-15,232.11004638671875,235.7229623804217,230.6410474142004,231.87182665313995,64751400,AAPL
2024-10-16,230.05545043945312,230.39291705034768,228.1298824963092,229.87679699083486,34082200,AAPL
2024-10-17,230.42266845703125,232.1100316250369,228.80480686495974,231.69314333147315,32993800,AAPL
2024-10-18,233.25149536132812,234.4227083661851,232.2688559498539,234.4227083661851,46431500,AAPL
2024-10-21,234.72044372558594,235.08770100400858,232.70554934615632,232.70554934615632,36254500,AAPL
2024-10-22,234.10507202148438,234.46239402859047,230.8693336731526,232.14972869721714,38846600,AAPL
2024-10-23,229.04302978515625,233.39044533687328,226.0653512199268,232.33833466706656,52287000,AAPL
2024-10-24,228.85447692871094,229.10261683162435,226.71054453267715,228.26885524743938,31109500,AAPL
2024-10-25,229.6881866455078,231.48471683213373,227.86188088691335,228.03061417648678,38802300,AAPL
2024-10-28,231.66336059570312,232.983466430484,230.8196941830456,231.58396917060392,36087100,AAPL
2024-10-29,231.93138122558594,232.5864741436605,230.59143496071306,231.36563017470797,35417200,AAPL
2024-10-30,228.38792419433594,231.7328445287285,227.84201349481597,230.87924283818487,47070900,AAPL
2024-10-31,224.22909545898438,228.11992645086093,223.69310490697208,227.63356689740596,64370100,AAPL
2024-11-01,221.25144958496094,223.67329727363756,218.63109301833273,219.32588166379162,65276700,AAPL
2024-11-04,220.3581085205078,221.13230364643434,218.07523400035532,219.34570882983752,44944500,AAPL
2024-11-05,221.7874298095703,222.28370958768312,219.49461965793014,220.14971259990074,28111300,AAPL
2024-11-06,221.06285095214844,224.387931303672,219.54423614319148,220.95366880237512,54561100,AAPL
2024-11-07,225.78744506835938,226.18447798056903,222.89910825147632,222.95865940199351,42137700,AAPL
2024-11-08,225.51913452148438,227.2083389148385,224.9726232043034,225.72779283046052,38328800,AAPL
2024-11-11,222.80648803710938,224.26715706282306,220.093823487321,223.5716039938927,42005600,AAPL
2024-11-12,222.80648803710938,224.1578547832826,221.94201602014732,223.12446381828886,40398300,AAPL
2024-11-13,223.6908416748047,225.2111273985325,221.34582330978657,222.58788780053936,48566200,AAPL
2024-11-14,226.77113342285156,227.41700079571672,223.5715745650122,223.5914518391994,44923900,AAPL
2024-11-15,223.57159423828125,225.47940335635096,222.8462328667566,224.96270031544069,47923700,AAPL
2024-11-18,226.5724334716797,228.28151537171908,223.74052045447314,223.82001439888424,44633700,AAPL
2024-11-19,226.8307647705078,228.6988344551977,225.22105418122663,225.53901477922054,36211800,AAPL
2024-11-20,227.54620361328125,228.4702922716314,224.45594670445817,226.61216873586113,35169600,AAPL
2024-11-21,227.06924438476562,228.69883223369175,224.2770861035494,227.42695953023323,42108300,AAPL
2024-11-22,228.41067504882812,229.25528492407807,226.61216818417898,226.61216818417898,38168300,AAPL
2024-11-25,231.39163208007812,231.76922452168117,228.2815130321861,229.99059491471002,90152800,AAPL
2024-11-26,233.56771850585938,234.07449047305911,231.84870566104107,231.84870566104107,45986200,AAPL
2024-11-27,233.4385223388672,234.19370712659864,232.32563759305353,232.98145117337265,33498400,AAPL
2024-11-29,235.8233184814453,236.3002669685808,232.48464874765904,233.31931239062584,28481400,AAPL
2024-12-02,238.06898498535156,239.26136388188382,235.65441885701782,235.76372114031196,48137100,AAPL
2024-12-03,241.1095428466797,241.21884512379424,237.38334952948236,238.2875760799829,38861000,AAPL
2024-12-04,241.4672393798828,242.5602620666903,239.71841824290905,241.32812877991805,44383900,AAPL
2024-12-05,241.49705505371094,242.98753231090083,240.59284370740727,242.4410361127995,40033900,AAPL
2024-12-06,241.29832458496094,243.0769692456264,240.5431549096241,241.36788746709487,36870600,AAPL
2024-12-09,245.18350219726562,245.67039687977774,240.21524480725012,240.29473874492055,44649200,AAPL
2024-12-10,246.19703674316406,246.63424582967986,243.7824557106041,245.32261857013248,36914800,AAPL
2024-12-11,244.9251708984375,249.20780656351602,244.69662013013263,246.3858398593606,45205800,AAPL
2024-12-12,246.38580322265625,247.16085008725614,244.12026412392174,245.32258896675415,32777500,AAPL
2024-12-13,246.5547332763672,247.7073574078961,244.6767326870094,246.24670376010008,33155300,AAPL
2024-12-16,249.44627380371094,249.7841268474892,246.07779571830554,246.4156487620838,51694800,AAPL
2024-12-17,251.87078857421875,252.2185726786221,248.19428090188288,248.49237939681157,51356400,AAPL
2024-12-18,246.4752655029297,252.6657103008961,246.1672359539693,250.55917390522964,56774100,AAPL
2024-12-19,248.20419311523438,250.400169527173,245.5213371883983,245.92873792847348,60882300,AAPL
2024-12-20,252.8743896484375,253.3811464831127,244.13025293349912,246.4653249902114,147495300,AAPL
2024-12-23,253.6494140625,254.02699130961165,251.84096111600803,253.15258832932108,40858800,AAPL
2024-12-24,256.56085205078125,256.5707679464462,253.6693071300515,253.86804957710976,23234700,AAPL
2024-12-26,257.3755798339844,258.44874034869076,255.99442012888886,256.55086249805703,27237100,AAPL
2024-12-27,253.96737670898438,257.05764856283577,251.45343969164696,256.19314630806485,42355300,AAPL
2024-12-30,250.5989227294922,251.8906728018858,249.15813098648073,250.62873106361576,35557500,AAPL
2024-12-31,248.8302001953125,251.6720440162376,247.84647977817443,250.83738041728796,39480700,AAPL
2025-01-02,242.3019256591797,247.51859606258614,240.28481431614935,247.34966196417784,55740700,AAPL
2025-01-03,241.81503295898438,242.62981931594805,240.3543640210219,241.81503295898438,40244100,AAPL
2025-01-06,243.4446258544922,245.7598357483754,241.6560500607284,242.75900387005615,45045600,AAPL
2025-01-07,240.6723175048828,243.99110961427562,239.81777667580207,241.4374181829594,40856000,AAPL
2025-01-08,241.15919494628906,242.16279257722746,238.52602476613023,240.3841480569624,37628900,AAPL
2025-01-10,235.3463592529297,238.63534322792128,231.52079498772144,238.48628640867517,61710900,AAPL
2025-01-13,232.9119110107422,233.18020116738663,228.26162915914,232.04743903723335,49630700,AAPL
2025-01-14,231.7990264892578,234.62099318079112,230.99417118008773,233.25969544364762,39435300,AAPL
2025-01-15,236.35989379882812,237.4429855317883,232.94172997653553,233.1504034772107,39832000,AAPL
2025-01-16,226.81089782714844,236.4990004602556,226.58236221549976,235.8432019589194,71759100,AAPL
2025-01-17,228.51995849609375,230.81529094249188,227.0294813062853,230.64637201374376,68488300,AAPL
2025-01-21,221.2265625,222.99526090225285,217.98726416864307,222.57792910461188,98070400,AAPL
2025-01-22,222.4090118408203,222.6971640978084,218.39465138442915,218.39465138442915,64126500,AAPL
2025-01-23,222.2401123046875,225.58871322146769,220.88874557201237,223.3132578125695,60234800,AAPL
2025-01-24,221.36566162109375,224.19757422629087,220.00436403066544,223.35296445648333,54697900,AAPL
2025-01-27,228.4007110595703,230.67616609083086,222.55803598473332,222.59779053134582,94863400,AAPL
2025-01-28,236.7473907470703,238.66514594376807,229.3446904229109,229.38444497187513,75707600,AAPL
2025-01-29,237.84042358398438,238.33724933385383,232.52438199561368,232.6336842670617,45486100,AAPL
2025-01-30,236.08164978027344,239.26133146080375,235.7040725307193,237.1547951903121,55658300,AAPL
2025-01-31,234.5017547607422,245.62071750771995,231.95800933839706,245.62071750771995,100959800,AAPL
2025-02-03,226.5624542236328,230.35820991583037,224.26712187534005,228.5298949466701,73063300,AAPL
2025-02-04,231.3220672607422,231.64997406812495,225.21110156992967,225.80729852188347,45067300,AAPL
2025-02-05,230.99417114257812,231.19289841511937,226.82083777153602,227.0791817096477,39620300,AAPL
2025-02-06,231.73941040039062,232.31573010563136,228.96711414866223,229.8216550685821,29925300,AAPL
2025-02-07,226.18490600585938,232.5144614947352,225.81724462416,231.12335539671392,39707200,AAPL
2025-02-10,226.4534454345703,229.3779949636392,226.005813710008,228.36336710225459,33115600,AAPL
2025-02-11,231.39735412597656,233.99363668198936,226.93096309298542,227.00058728303875,53718400,AAPL
2025-02-12,235.625,235.71453849328682,229.4675323792709,229.98480349517558,45243300,AAPL
2025-02-13,240.26052856445312,241.06626881430705,234.33186254170715,235.66481592241834,53614100,AAPL
2025-02-14,243.31439208984375,244.25939586817944,239.72336558929686,239.981993568851,40896200,AAPL
2025-02-18,243.18507385253906,243.8913336127375,240.56889220053384,242.86674847770814,48822500,AAPL
2025-02-19,243.5829620361328,244.716969605811,241.88195827091008,243.37407429304395,32204200,AAPL
2025-02-20,244.5379180908203,245.4829218502696,243.00600383864503,243.65259654249155,32316900,AAPL
2025-02-21,244.2593994140625,247.38289505871285,243.93113206298463,244.65729095432025,53197400,AAPL
2025-02-24,245.80125427246094,247.55199828948733,243.1353323966777,243.64264638435856,51326400,AAPL
2025-02-25,245.74154663085938,248.68599549611233,243.62275227067275,246.69650753214344,48013300,AAPL
2025-02-26,239.09669494628906,243.6924078784846,237.8731639406897,243.04583027825979,44433600,AAPL
2025-02-27,236.05276489257812,241.18564780716906,235.81402085750776,238.1516754344793,41153600,AAPL
2025-02-28,240.5688934326172,240.8175794410065,228.9900734891547,235.70459571566596,56833400,AAPL
2025-03-03,236.77891540527344,242.74737946323825,234.8690087281554,240.51914741730602,47184000,AAPL
2025-03-04,234.68994140625,238.80819608105105,233.44651142335266,236.46059966619734,53798100,AAPL
2025-03-05,234.50096130371094,235.30670153327668,228.0251680036218,234.18263593082168,47227600,AAPL
2025-03-06,234.09312438964844,236.60982567864426,231.93453157387603,233.207802772317,45170400,AAPL
2025-03-07,237.81346130371094,240.10136041796665,233.5261018066448,233.87426828677374,46273600,AAPL
2025-03-10,226.2843780517578,234.9187645202326,223.04151782981955,234.30201287196223,72071200,AAPL
2025-03-11,219.6792755126953,224.65299583409444,216.3070937419303,222.63366659789358,76137400,AAPL
2025-03-12,215.8395538330078,220.58448707211764,213.7804415985268,218.98294858814833,62547500,AAPL
2025-03-13,208.57791137695312,215.70028194858565,207.3245394208188,214.81496040955514,61368300,AAPL
2025-03-14,212.36790466308594,212.8254784087618,208.4784519318959,210.13967261110687,60107600,AAPL
2025-03-17,212.87521362304688,214.0888025037831,208.8663965620962,212.18883784213668,48073400,AAPL
2025-03-18,211.5720977783203,214.01915944879542,210.37840804794794,213.03437263106773,42432400,AAPL
2025-03-19,214.1086883544922,217.61017604964766,212.62651443867486,213.0940452987452,54385400,AAPL
2025-03-20,212.97470092773438,216.3468825511506,211.10457731145533,212.86527847830126,48862900,AAPL
2025-03-21,217.12278747558594,217.68978368973626,210.16952111998106,210.44804823896536,94127800,AAPL
2025-03-24,219.56983947753906,220.3158974796034,217.4311459430569,219.8384246082871,44299500,AAPL
2025-03-25,222.573974609375,222.92214108802088,218.92326587520165,219.6096416779903,34493600,AAPL
2025-03-26,220.3656463623047,223.83730853242594,219.3112201065871,222.33523531503357,34466100,AAPL
2025-03-27,222.6734619140625,223.80746952519274,219.40074548587612,220.2263848697343,37094800,AAPL
2025-03-28,216.7547149658203,222.6336557419088,216.5358700680628,220.504904155295,39818600,AAPL
2025-03-31,220.96249389648438,224.43414081005062,215.09349507460487,215.86939419548492,65299300,AAPL
2025-04-01,222.01690673828125,222.5043215641154,217.74944665223015,218.65466729819107,36412700,AAPL
2025-04-02,222.71324157714844,224.00641185945875,219.8583310514353,220.15675729790527,35905900,AAPL
2025-04-03,202.12203979492188,206.39944211542388,200.19223396809613,204.4596791341039,103419000,AAPL
2025-04-04,187.389892578125,198.82944937179326,186.35535024633944,192.87092693410324,125910900,AAPL
2025-04-07,180.50625610351562,193.12954493623218,173.70219548773406,176.26863687444822,160466300,AAPL
2025-04-08,171.51376342773438,189.33957458197378,168.32064359895526,185.71870692843436,120859500,AAPL
2025-04-09,197.8048553466797,199.55559936553783,170.98654976711688,171.04623198001363,184395900,AAPL
2025-04-10,189.4191436767578,193.7562279640405,182.03814529024513,188.07624843340898,121880000,AAPL
2025-04-11,197.10853576660156,198.49122944739574,185.0820833366806,185.12188160037283,87435900,AAPL
2025-04-14,201.45556640625,211.8207974391945,200.10271391024364,210.32868138530173,101352900,AAPL
2025-04-15,201.07754516601562,202.44033954558066,198.74984792281177,200.7990180691496,51343900,AAPL
2025-04-16,193.24891662597656,199.64511311117855,191.35889396287376,197.31741584829123,59732400,AAPL
2025-04-17,195.94467163085938,197.78495412822454,193.39812938355274,196.16351652823,52164700,AAPL
2025-04-21,192.14474487304688,192.78138039340035,188.81234657174457,192.25416731460396,46742500,AAPL
2025-04-22,198.690185546875,200.53045296496776,194.93999616163734,195.0892017003565,52976400,AAPL
2025-04-23,203.52462768554688,206.9067512010516,201.7340854567431,204.9172632087338,52929200,AAPL
2025-04-24,207.27479553222656,207.73238443559362,201.87334307751462,203.81309077731203,47311000,AAPL
2025-04-25,208.18002319335938,208.6475540878433,205.1162098506388,205.28531450927932,38222300,AAPL
2025-04-28,209.0355224609375,210.38837503045187,206.36961558551846,208.89625889548412,38743100,AAPL
2025-04-29,210.09988403320312,211.12446912484504,207.27479957627347,207.59312493762445,36827600,AAPL
2025-04-30,211.38311767578125,212.45744310704663,205.58375784941018,208.19993964532281,52286500,AAPL
2025-05-01,212.19879150390625,213.43226431553572,207.8020097882055,207.98107159612528,57365700,AAPL
2025-05-02,204.27069091796875,205.9020705063368,201.09745506032002,205.0067917796952,101010600,AAPL
2025-05-05,197.8446502685547,203.0272736250085,197.1682315771274,202.03252954096354,69018500,AAPL
2025-05-06,197.46664428710938,199.5953960373684,195.98448530396325,197.16823320230833,51216500,AAPL
2025-05-07,195.21852111816406,198.3917570874617,192.23428894820486,198.12317194216024,68536700,AAPL
2025-05-08,196.45201110839844,198.99855348942916,193.65676753221484,196.68079799363124,50478900,AAPL
2025-05-09,197.4865264892578,199.48595647897335,196.50172445806652,197.95405738682032,36453900,AAPL
2025-05-12,209.95704650878906,210.435160708662,205.93301745006437,210.13634313336473,63775800,AAPL
2025-05-13,212.08860778808594,212.55675181657614,208.1741443311085,209.5984864444124,51909300,AAPL
2025-05-14,211.49098205566406,213.09462076548897,209.74789716231066,211.59057778761635,49325800,AAPL
2025-05-15,210.6144561767578,212.11849916658366,208.71199985896817,210.11643191755599,45029500,AAPL
2025-05-16,210.42520141601562,211.73003772257164,208.94109887256835,211.52086084946143,54737900,AAPL
2025-05-19,207.9550018310547,208.65223273202483,203.45285841572866,207.0884445111699,46140500,AAPL
2025-05-20,206.04258728027344,207.64622592622177,204.2198167548668,206.84938410987283,42496600,AAPL
2025-05-21,201.2914276123047,206.22186440009241,199.91689108628387,204.3592586621154,59211800,AAPL
2025-05-22,200.5643310546875,201.94883789272,198.91088686006037,199.91690559460176,46742400,AAPL
2025-05-23,194.49838256835938,196.91877297523902,192.6955373289648,192.9046989896,78432900,AAPL
2025-05-27,199.4188690185547,199.94677348688452,196.64984031499387,197.51641281084125,56288500,AAPL
2025-05-28,199.62803649902344,201.9289060786693,199.11008702875665,199.79736291846774,45339700,AAPL
2025-05-29,199.15988159179688,203.0046291598645,197.72556941325453,202.77554227533128,51396800,AAPL
2025-05-30,200.05633544921875,201.1619498266407,196.00241099917397,198.5821728136608,70819900,AAPL
2025-06-02,200.9029541015625,201.3312628058232,199.32919584599733,199.48856723355908,35423300,AAPL
2025-06-03,202.46678161621094,202.96480586317466,200.16591202699755,200.55437033168948,46381600,AAPL
2025-06-04,202.0185546875,205.42503857555045,201.30139858491114,202.10819540070028,43604000,AAPL
2025-06-05,199.8372039794922,203.94091870107042,199.35908978394463,202.69585814733983,55126100,AAPL
2025-06-06,203.11419677734375,204.8871617909174,201.2515910514923,202.19783403313102,46607700,AAPL
2025-06-09,200.65394592285156,205.18596915505242,199.22960401477,203.58233063284266,72862600,AAPL
2025-06-10,201.869140625,203.54250994980842,199.77744796710627,199.8073282051838,54672600,AAPL
2025-06-11,197.9945068359375,203.69190510411792,197.62597377823997,202.69585666840098,60989900,AAPL
2025-06-12,198.41285705566406,198.890956077424,196.58013147350607,198.29333609984755,43904600,AAPL
2025-06-13,195.67373657226562,199.57824510364554,194.92670015226577,198.94077463318544,51447300,AAPL
2025-06-16,197.6359405517578,197.90487790098294,195.78328974313985,196.52037110088898,43020700,AAPL
2025-06-17,194.86692810058594,197.6060614779548,194.43863454049264,196.4207613301707,38856200,AAPL
2025-06-18,195.80320739746094,196.7893008408277,194.2991796996429,195.16573699325735,45394700,AAPL
2025-06-20,200.20574951171875,200.90298042554332,196.08210930882012,197.45666110928434,96813500,AAPL
2025-06-23,200.70375061035156,201.50059236215068,198.1737943867686,200.83324176458547,55814300,AAPL
2025-06-24,199.50851440429688,202.63610603642124,199.4089034764897,201.78945874554142,54064000,AAPL
2025-06-25,200.76353454589844,202.8651975026319,199.82724651799433,200.65396860223956,39525700,AAPL
2025-06-26,200.20574951171875,201.8392684520338,198.67184150130464,200.63404307360597,50799100,AAPL
2025-06-27,200.28543090820312,202.41697405518968,199.20969672208463,201.09222774816857,73188600,AAPL
2025-06-30,204.3592529296875,206.57048164253425,198.4726031076903,201.211736268348,91912800,AAPL
2025-07-01,206.99880981445312,209.35943993298892,205.32544040497007,205.85334490237685,78788900,AAPL
2025-07-02,211.6005401611328,212.49697770796604,207.31752868499885,208.08449026524102,67941800,AAPL
2025-07-03,212.70614624023438,213.8017903991559,210.97301649264048,211.31166931275297,34955800,AAPL
2025-07-07,209.12037658691406,215.37555986284275,207.97492690746134,211.83958469799765,50229000,AAPL
2025-07-08,209.1801300048828,210.59451698338924,207.6262968509882,209.26978591644843,42848900,AAPL
2025-07-09,210.30564880371094,210.4949004226829,206.4011410808137,208.7020103462271,48749400,AAPL
2025-07-10,211.57066345214844,212.63642743345136,209.2000631819418,209.67816220166208,44443600,AAPL
2025-07-11,210.32559204101562,211.29176024279,209.03072603053,209.73792710960444,39765800,AAPL
2025-07-14,207.7956085205078,210.07656782568804,206.719874444485,209.10042946873696,38840100,AAPL
2025-07-15,208.28369140625,211.05270487364396,208.09443976951917,208.39325734338402,42296300,AAPL
2025-07-16,209.3295440673828,211.5606828488181,207.8155461810567,209.4689902412225,47490500,AAPL
2025-07-17,209.19009399414062,210.96305897069354,208.761785269157,209.7379236663323,48068100,AAPL
2025-07-18,210.3455047607422,210.95309492429405,208.87135730762196,210.0367321724359,48974600,AAPL
2025-07-21,211.640380859375,214.92734394651046,210.79374875413163,211.26189276464606,51377400,AAPL
2025-07-22,213.5527801513672,214.1006098348481,211.39135685335447,212.29776458434165,46404100,AAPL
2025-07-23,213.30377197265625,214.29982043425818,211.57065737650467,214.15041924441525,46989300,AAPL
2025-07-24,212.91531372070312,214.83769515517375,212.68622683006964,213.05475989741393,46022600,AAPL
2025-07-25,213.0348358154297,214.38946224202752,212.55672164240056,213.85158759699283,40268800,AAPL
2025-07-28,213.20419311523438,214.00103498726418,212.21809958876685,213.18426788884761,37858000,AAPL
2025-07-29,210.43516540527344,213.96117031669576,209.9869466315705,213.33365491441555,51411700,AAPL
2025-07-30,208.2239227294922,211.55072076453234,206.89917652304968,211.06265157316113,45512500,AAPL
2025-07-31,206.74978637695312,209.01080544085684,206.3414028602417,207.66614913739534,80698400,AAPL
2025-08-01,201.58029174804688,212.73603143542957,200.7037642416869,210.03673342752194,104434500,AAPL
2025-08-04,202.5464630126953,207.0585613783641,200.88304868853191,203.70186769022786,75109300,AAPL
2025-08-05,202.1181640625,204.5285996595603,201.36117265797924,202.59626309701343,44155100,AAPL
2025-08-06,212.40733337402344,214.52892145014,204.77759854868273,204.81744899810374,108483100,AAPL
2025-08-07,219.16053771972656,219.97730473834642,215.7241736307253,218.01508808955717,90224800,AAPL
2025-08-08,228.44371032714844,230.08718413442585,218.3836152444713,219.95737356583322,113854000,AAPL
2025-08-11,226.53909301757812,228.91238364576833,224.12592192869855,227.27701087414155,61806100,AAPL
2025-08-12,229.0021209716797,230.14888579943394,226.429412881848,227.36674823663387,55626200,AAPL
2025-08-13,232.6717529296875,234.33703985510917,229.77992501054072,230.4181341091737,69878500,AAPL
2025-08-14,232.12330627441406,234.4567012802976,230.19875827485632,233.39969406647393,51916300,AAPL
2025-08-15,230.9366455078125,233.6190590405621,228.69299310222902,233.33985018068216,56038700,AAPL
2025-08-18,230.23863220214844,232.46233685580373,229.46083388892833,231.04634466466607,37476200,AAPL
2025-08-19,229.90956115722656,232.2130419457167,228.70298322789472,230.62753117126795,39402600,AAPL
2025-08-20,225.3723907470703,229.81981519856654,225.13307755654054,229.33119207499826,42263900,AAPL
2025-08-21,224.26551818847656,225.88095827873425,223.14868274098328,225.63166356522294,30621200,AAPL
2025-08-22,227.11744689941406,228.44369658121065,224.77408575714253,225.53193619713707,42477800,AAPL
2025-08-25,226.51914978027344,228.6531118971015,225.59176554347297,225.84106025439092,30983100,AAPL
2025-08-26,228.6630859375,228.84258604761433,224.05612439304167,226.22996704217394,54575100,AAPL
2025-08-27,229.8397674560547,230.24859923631865,227.6160475796746,227.96506627689797,31259500,AAPL
2025-08-28,231.9039306640625,232.75153884501827,228.69301327644948,230.16884905542523,38074700,AAPL
2025-08-29,231.485107421875,232.7216147258446,230.71727541448905,231.85405874294378,39418400,AAPL
2025-09-02,229.0719451904297,230.19876225122124,226.32970313085187,228.6032698757151,44075600,AAPL
2025-09-03,237.79725646972656,238.17618932549604,233.69885053091846,236.5408165177042,66427800,AAPL
2025-09-04,239.10353088378906,239.22318747047024,236.07211403385233,237.7772812570227,47549400,AAPL
2025-09-05,239.01380920410156,240.63921565449175,237.8171975861315,239.3229322237051,54870400,AAPL
2025-09-08,237.20892333984375,239.47250850410185,235.6732593017711,238.62491556233425,48999500,AAPL
2025-09-09,233.6888885498047,238.10638391026913,232.70167593051625,236.33140663047269,66313900,AAPL
2025-09-10,226.1501922607422,231.76431424305812,225.31256565050364,231.53496736029473,83440800,AAPL
2025-09-11,229.3810577392578,229.7998710451417,226.010588238333,226.23995033725743,50208600,AAPL
2025-09-12,233.40968322753906,233.84842918261825,228.373926506362,228.57335925244223,55824200,AAPL
2025-09-15,236.03224182128906,237.5180438551372,234.36695488957946,236.33139853346725,42699500,AAPL
2025-09-16,237.4781494140625,240.53949594661788,235.65332541334,236.51088466190768,63421100,AAPL
2025-09-17,238.3157958984375,239.42266510979977,237.05934071942244,238.2958480596019,46508000,AAPL
2025-09-18,237.20892333984375,240.51954939992544,235.98238232851827,239.29302360434258,44249600,AAPL
2025-09-19,244.8074188232422,245.60516498271895,239.53234916144805,240.5494606794321,163741300,AAPL
2025-09-22,255.35755920410156,255.9160073848096,247.42002368458668,247.5995237986898,105517400,AAPL
2025-09-23,253.7122344970703,256.6140289111009,252.86464151383097,255.15815615601056,60275200,AAPL
2025-09-24,251.5981903076172,255.01852163586054,250.33176892231356,254.49998437943248,42303700,AAPL
2025-09-25,256.14532470703125,256.4444966190252,250.99989343760635,252.49566170312627,55202100,AAPL
2025-09-26,254.73931884765625,256.87328100426123,253.06405044687503,253.38315498635407,46076300,AAPL
2025-09-29,253.7122344970703,254.28063380560434,252.29624220529692,253.8418726304012,40127700,AAPL
2025-09-30,253.9116668701172,255.1980209495745,252.39595068950493,254.1410137555297,37704300,AAPL
2025-10-01,254.72933959960938,258.0599285933123,254.21080232618834,254.32049261064776,48713900,AAPL
2025-10-02,256.40460205078125,257.45162766856953,253.43299812845933,255.85613542550084,42630200,AAPL
2025-10-03,257.2920837402344,258.5086431914624,253.23357360959045,253.9515436206674,49155600,AAPL
2025-10-06,255.96583557128906,258.33912604890287,254.3304629034206,257.2621558739689,44664100,AAPL
2025-10-07,255.75645446777344,256.6738420114173,254.70939836699205,256.0855101139428,31955800,AAPL
2025-10-08,257.3320007324219,257.7906945345413,255.38748958216482,255.79633660873378,36496900,AAPL
2025-10-09,253.32330322265625,257.27213808351553,252.42584836214985,257.08267167133846,38322000,AAPL
2025-10-10,244.5780792236328,255.65673769030235,243.31165772832736,254.22079760361632,61999100,AAPL
2025-10-13,246.96133422851562,248.98560621270488,244.86725241658198,248.67648318296307,38142900,AAPL
2025-10-14,247.07101440429688,248.14796941642882,244.00966795095763,245.90431694508948,35478000,AAPL
2025-10-15,248.63658142089844,251.10959602979932,246.77186176083558,248.78616738422895,33893600,AAPL
2025-10-16,246.7519073486328,248.33741809379524,244.43846029169785,247.54965348458146,39777000,AAPL
2025-10-17,251.5782470703125,252.66518358811555,246.57242016484557,247.3203043073955,49147000,AAPL
2025-10-20,261.50018310546875,263.63416054313814,254.90884523128253,255.168106265739,90483000,AAPL
2025-10-21,262.0286865234375,264.5415968076956,261.0913359303388,261.141213133835,46695900,AAPL
2025-10-22,257.72088623046875,262.1084670888602,254.70938662410154,261.9090191460537,45015300,AAPL
2025-10-23,258.84765625,259.8847307097371,257.2821086816683,259.2066564378435,32754900,AAPL
2025-10-24,262.07855224609375,263.3848541030092,258.44880663072195,260.4531458541269,38253700,AAPL
2025-10-27,268.0516357421875,268.3607587413759,263.9033682058253,264.13273028939324,44888200,AAPL
2025-10-28,268.2410888671875,269.12859257872884,267.39348082722177,268.23110734142335,41534800,AAPL
2025-10-29,268.93914794921875,270.6443152614699,266.35642794866993,268.5203194424725,51086700,AAPL
2025-10-30,270.63433837890625,273.36662916750566,267.72259312931254,271.2226702585742,69886500,AAPL
2025-10-31,269.60723876953125,276.53764389728985,268.4006608909581,276.2085578376442,86167100,AAPL
2025-11-03,268.2909851074219,270.08592548154905,265.4988962118729,269.6571458353552,50194600,AAPL
2025-11-04,269.2781982421875,270.72408938596277,266.86501191822913,267.5730004152706,49274800,AAPL
2025-11-05,269.3778991699219,270.93349568379296,266.17693326929896,267.8521863717013,43683100,AAPL
2025-11-06,269.0089416503906,272.6287059365568,267.1342708755924,267.1342708755924,51204000,AAPL
2025-11-07,267.7126159667969,271.5218466038475,266.0173996929098,269.03885049148494,48227400,AAPL
2025-11-10,268.9303283691406,273.2223721938244,266.9639805623884,268.46119877683986,41312400,AAPL
2025-11-11,274.73956298828125,275.3983427074405,269.2996575494418,269.3096487524697,46208300,AAPL
2025-11-12,272.962890625,275.2187095291286,271.19618380015726,274.49005224267427,48398000,AAPL
2025-11-13,272.4438171386719,276.1868626363035,271.58539619817094,273.6016390736082,49602800,AAPL
2025-11-14,271.90484619140625,275.4482508823214,269.10005949599775,270.5473523374902,47431300,AAPL
2025-11-17,266.9639892578125,269.98836893107386,265.237217022597,268.3214829895084,45018300,AAPL
2025-11-18,266.94403076171875,270.20795552947055,264.8279672087311,269.48928956232544,45677300,AAPL
2025-11-19,268.0619812011719,271.70520656667077,265.0076580872151,265.0376012369211,40424500,AAPL
2025-11-20,265.7562561035156,274.91922505965954,265.42688147061517,270.327749378444,45823600,AAPL
2025-11-21,270.98651123046875,272.8230952896135,265.17732758833057,265.4568071090486,59030800,AAPL
2025-11-24,275.4083557128906,276.48633959077114,270.397645153795,270.397645153795,65585800,AAPL
2025-11-25,276.45635986328125,279.8600396675645,274.7395483878858,274.75950033189645,46914200,AAPL
2025-11-26,277.0353088378906,279.0116481613461,276.11703191175064,276.4464065684995,33431400,AAPL
2025-11-28,278.3328857421875,278.4826014787427,275.4781737009374,276.7458380127342,20135600,AAPL
2025-12-01,282.57501220703125,282.89442609469603,275.62792768573877,277.4944549964911,46587700,AAPL
2025-12-02,285.6592712402344,286.86701880065203,282.10587559562896,282.47518456741903,53669500,AAPL
2025-12-03,283.623046875,288.0847586222564,282.77461708045536,285.6692634925469,43538700,AAPL
2025-12-04,280.179443359375,284.20196835267484,278.07334059490756,283.5731318378766,43989100,AAPL
2025-12-05,278.26300048828125,280.6186397013617,277.53434330937836,280.01974631085085,47265800,AAPL
2025-12-08,277.3746643066406,279.15136205700173,275.6378704438954,277.6142094762677,38211800,AAPL
2025-12-09,276.6659851074219,279.5107061083118,276.4064879695729,277.6441787437343,32193300,AAPL
2025-12-10,278.26300048828125,279.2312028389952,275.92734368017386,277.23491184461454,33038300,AAPL
2025-12-11,277.514404296875,279.07150890817053,273.3022288840155,278.5824273392719,33248000,AAPL
2025-12-12,277.763916015625,278.70217518025987,276.30663218031253,277.38461586894516,39532900,AAPL
2025-12-15,273.6016540527344,279.63046152672615,272.33402020742307,279.63046152672615,50409100,AAPL
2025-12-16,274.1007385253906,274.9891026980292,271.2859911871425,272.3140798989353,37648600,AAPL
2025-12-17,271.33587646484375,275.6478724530811,271.13626563598973,274.50001118897205,50138700,AAPL
2025-12-18,271.68524169921875,273.12257373871984,266.4549687260805,273.1025913325419,51630700,AAPL
2025-12-19,273.1625061035156,274.09077415448866,269.399477884542,271.6453053723066,144632000,AAPL
2025-12-22,270.4674987792969,273.37210596231955,270.00836035897595,272.3539780142796,36571800,AAPL
2025-12-23,271.85491943359375,271.99467443806464,269.06012395403746,270.3377490962612,29642000,AAPL
2025-12-24,273.3022155761719,274.9192064044749,271.69521595033444,271.8349404799371,17910600,AAPL
2025-12-26,272.89300537109375,274.8593534534055,272.35399820928086,273.65160578690546,21521800,AAPL
2025-12-29,273.2523498535156,273.8512128461511,271.8449608988494,272.1843267483383,23715200,AAPL
2025-12-30,272.57354736328125,273.57169281796894,271.77504318392386,272.30405905646904,22139600,AAPL
