Date,Close,High,Low,Open,Volume,Ticker
2018-01-02,21.086658477783203,21.12535522144631,20.341150422209267,20.514891119147133,33135000,AVGO
2018-01-03,21.317264556884766,21.380443141563923,21.009269144860905,21.108775076813917,31161000,AVGO
2018-01-04,21.324373245239258,21.461786632327833,21.198805372324983,21.44836101332535,19067000,AVGO
2018-01-05,21.45073127746582,21.659220770551986,21.27935843321889,21.47837181584494,28633000,AVGO
2018-01-08,21.502058029174805,21.524170454925425,21.24855443216346,21.395443902321723,20971000,AVGO
2018-01-09,21.204334259033203,21.62684135146838,21.17985242422266,21.564452062351418,26027000,AVGO
2018-01-10,20.756549835205078,21.017950921939594,20.590705148704885,21.005314605511494,31607000,AVGO
2018-01-11,20.809471130371094,20.83711167320774,20.655473389910743,20.814999238938423,17726000,AVGO
2018-01-12,20.87185287475586,20.953194368676193,20.691793255484935,20.800776788532918,19881000,AVGO
2018-01-16,20.78972053527832,21.08587039187034,20.66415268277372,20.942138115127445,33528000,AVGO
2018-01-17,20.99189567565918,21.04875685825127,20.569388574809196,20.96583524173972,37365000,AVGO
2018-01-18,21.3070011138916,21.32753494806429,20.88686338199019,20.964256897233195,30319000,AVGO
2018-01-19,21.037702560424805,21.278571426216626,21.012431423512396,21.25566969374859,29963000,AVGO
2018-01-22,20.699695587158203,21.067710915402362,20.582025217283263,20.97926118973951,27230000,AVGO
2018-01-23,20.762081146240234,20.881330093324653,20.383798969612364,20.670471227160565,35398000,AVGO
2018-01-24,20.28508186340332,20.791299784970366,20.217164478036263,20.609661562080703,45405000,AVGO
2018-01-25,19.529308319091797,20.362476913059805,19.5064065912646,20.35457940194444,59520000,AVGO
2018-01-26,19.80571937561035,19.81835419103261,19.367417206849122,19.697525107352117,49014000,AVGO
2018-01-29,19.385578155517578,19.703049677288433,19.229211045524313,19.607491747909837,50401000,AVGO
2018-01-30,19.030988693237305,19.350831154228068,18.717465145690056,19.052311825229303,46002000,AVGO
2018-01-31,19.587753295898438,19.991306731402858,19.337408302869413,19.743331142967328,80482000,AVGO
2018-02-01,18.858030319213867,19.41953071975493,18.80353856026939,19.089422969970546,66851000,AVGO
2018-02-02,18.59663963317871,18.792492848903404,18.486866754925227,18.698514997838103,58352000,AVGO
2018-02-05,18.013809204101562,19.269484787346357,17.97432315684829,18.533454262220456,70776000,AVGO
2018-02-06,18.98360252380371,18.985182628522015,17.76109553699368,17.81795671240945,77744000,AVGO
2018-02-07,18.74668312072754,19.198409299656344,18.716673181606794,18.855665156832796,40475000,AVGO
2018-02-08,18.129905700683594,18.836715771842282,18.125166891757903,18.74747673942215,43200000,AVGO
2018-02-09,18.59821319580078,18.726150471305463,17.867710708576396,18.384195606135084,43282000,AVGO
2018-02-12,19.30107879638672,19.38636982076541,18.756162495798407,18.784592335159154,35063000,AVGO
2018-02-13,19.416379928588867,19.42980554903794,18.95833475350784,19.03335886185598,23719000,AVGO
2018-02-14,19.558528900146484,19.636711699247385,19.228419564230965,19.348459322745697,25491000,AVGO
2018-02-15,19.88785171508789,19.888641014478203,19.30344932509234,19.686468904613797,25540000,AVGO
2018-02-16,19.655668258666992,19.930495056568986,19.588541664156082,19.84362543463113,32639000,AVGO
2018-02-20,19.71331787109375,20.19663415036182,19.547474640480733,19.64461117465459,41693000,AVGO
2018-02-21,19.634340286254883,20.017361250365003,19.620914669402932,19.939967758403473,28156000,AVGO
2018-02-22,19.69199562072754,19.988145551184086,19.606704597410886,19.673832698255183,19342000,AVGO
2018-02-23,20.03632354736328,20.14056831763523,19.766234002769576,19.912335746083123,18280000,AVGO
2018-02-26,19.97629737854004,20.093967734475207,19.82229967619633,19.89811307222768,28878000,AVGO
2018-02-27,19.886272430419922,20.191109206573213,19.876005512736114,19.90838486463329,21176000,AVGO
2018-02-28,19.463764190673828,20.09791954660928,19.42585673232443,20.06554170280334,28834000,AVGO
2018-03-01,19.214998245239258,19.67383425264279,19.057052506961345,19.41638105738654,26044000,AVGO
2018-03-02,19.812036514282227,19.836518351701084,18.97176104825072,18.987554567314078,27402000,AVGO
2018-03-05,19.504823684692383,19.84914788963883,19.22367805329714,19.735425553469064,25900000,AVGO
2018-03-06,19.819141387939453,19.84599111897108,19.531678301274283,19.68883471012268,30030000,AVGO
2018-03-07,19.510353088378906,19.69594081953061,19.295546225280575,19.639868946826546,31549000,AVGO
2018-03-08,19.502460479736328,19.609074638920756,19.421117456745364,19.60591593518363,33554000,AVGO
2018-03-09,20.041845321655273,20.081331371191315,19.556159682140063,19.63118377877703,30782000,AVGO
2018-03-12,20.75734519958496,20.87264616035975,20.50305074267068,20.58439375842278,53881000,AVGO
2018-03-13,20.629405975341797,21.626839176419143,20.551223176707115,21.040856811081966,66855000,AVGO
2018-03-14,20.57965660095215,20.71785930259173,20.150041264246642,20.69100956791352,39619000,AVGO
2018-03-15,21.145893096923828,21.235922924856418,20.809467827144648,20.827630748813256,57990000,AVGO
2018-03-16,20.127925872802734,20.81736369352687,20.091598526040624,20.769978625962814,113955000,AVGO
2018-03-19,19.344512939453125,20.255864406268525,19.172350798362686,19.988144331159656,71267000,AVGO
2018-03-20,19.139972686767578,19.589331042279586,19.054681663154824,19.356359702593124,61918000,AVGO
2018-03-21,19.712100982666016,20.079899640875475,19.236125978800633,19.277793870571035,54912000,AVGO
2018-03-22,19.517385482788086,19.769796976892543,19.351514766702998,19.393983526726736,43078000,AVGO
2018-03-23,19.430038452148438,19.649596105345232,19.26416929737841,19.502156007567628,59070000,AVGO
2018-03-26,19.850727081298828,19.93886958198084,19.27218483930258,19.845918836129755,48713000,AVGO
2018-03-27,19.58148956298828,20.373178033466697,19.359527746312786,19.87877393599739,63917000,AVGO
2018-03-28,18.96528434753418,19.78662311703377,18.878743574723487,19.558251336045135,41744000,AVGO
2018-03-29,18.882747650146484,19.298624111372035,18.81143096197939,19.078265601594417,46874000,AVGO
2018-04-02,18.244115829467773,18.92041728290998,18.0646242539111,18.74653481908945,53088000,AVGO
2018-04-03,18.97330093383789,18.989327401953215,18.206452927773924,18.498929093222035,45569000,AVGO
2018-04-04,18.990121841430664,19.06464351742077,18.389945638755673,18.434016118609126,37720000,AVGO
2018-04-05,18.935638427734375,19.365938200058505,18.83066705947399,19.292218899853626,35798000,AVGO
2018-04-06,18.339466094970703,18.954067164018067,18.25052119466687,18.728900358099065,30248000,AVGO
2018-04-09,18.809831619262695,19.204072559000117,18.370716273221582,18.428409100071885,37494000,AVGO
2018-04-10,19.21128273010254,19.356318702097,19.043810321705294,19.196057132047734,33244000,AVGO
2018-04-11,19.256967544555664,19.289020488350104,18.997345118968326,19.08068093879169,19922000,AVGO
2018-04-12,19.18564224243164,19.44286040898335,18.99893684702143,19.345902291928436,41036000,AVGO
2018-04-13,19.78742218017578,20.19288285037384,19.623955611586563,20.032621268875754,48312000,AVGO
2018-04-16,19.982141494750977,20.023809388282377,19.686460387815888,19.95970505426237,25172000,AVGO
2018-04-17,20.172042846679688,20.260987710673724,20.003769605808433,20.103932685860553,25084000,AVGO
2018-04-18,19.999765396118164,20.166436934460883,19.82908800642016,20.112749967441804,20511000,AVGO
2018-04-19,19.460493087768555,19.73454017398349,19.2842065341745,19.514982464746225,50141000,AVGO
2018-04-20,19.00054359436035,19.35952818860973,18.831467889050696,19.32907851379044,41530000,AVGO
2018-04-23,18.70646095275879,19.096697547219115,18.59988787358753,19.070253729410123,31337000,AVGO
2018-04-24,18.30100440979004,18.920412185630127,18.164782506453406,18.889962511784628,44889000,AVGO
2018-04-25,18.349882125854492,18.51815695163724,18.098273044471846,18.349882125854492,34023000,AVGO
2018-04-26,18.46366310119629,18.580653516255634,18.29378658715988,18.510139227075364,32751000,AVGO
2018-04-27,18.65277862548828,18.766564100131884,18.486107030425433,18.716082102690976,27211000,AVGO
2018-04-30,18.383543014526367,18.760157427842685,18.29540048388564,18.63675543955632,39682000,AVGO
2018-05-01,18.460464477539062,18.498124992929785,18.138339528640486,18.498124992929785,44947000,AVGO
2018-05-02,18.329051971435547,18.705664790974495,18.173598597651704,18.694446569293934,52950000,AVGO
2018-05-03,18.049392700195312,18.260136281714676,17.84345736382752,18.148754948699438,58011000,AVGO
2018-05-04,18.471681594848633,18.597486140854794,17.78736709971553,17.921184878561103,51303000,AVGO
2018-05-07,18.90839195251465,18.982913638852082,18.510143622347268,18.534181791356378,36953000,AVGO
2018-05-08,19.139171600341797,19.14798569926305,18.816245757984618,18.889965065660665,40149000,AVGO
2018-05-09,19.075063705444336,19.161604477129572,18.75454204580128,18.894769794280172,35031000,AVGO
2018-05-10,19.512577056884766,19.5302052525729,19.119937807666982,19.209683572432663,25747000,AVGO
2018-05-11,19.502155303955078,19.59190257685347,19.359523455916097,19.47811713859437,24052000,AVGO
2018-05-14,19.612741470336914,19.90601848311547,19.535815650685084,19.734540175329638,27580000,AVGO
2018-05-15,19.357927322387695,19.587099994379702,19.11112492521844,19.416422551837965,24984000,AVGO
2018-05-16,19.272184371948242,19.40840626428193,19.150385686404185,19.402797154509972,29330000,AVGO
2018-05-17,19.18724250793457,19.364331400411352,19.07105294926548,19.080669437954885,22825000,AVGO
2018-05-18,18.90999984741211,19.28100358386906,18.901184219688023,19.22010422494153,25262000,AVGO
2018-05-21,19.155195236206055,19.27138329152448,18.96448396260155,19.18804750398824,25720000,AVGO
2018-05-22,19.110322952270508,19.341097340572183,19.037402989621256,19.250550710503806,19218000,AVGO
2018-05-23,19.276187896728516,19.28179700582329,18.91319753481364,18.929222469107575,23454000,AVGO
2018-05-24,19.514179229736328,19.580687684817747,19.23131807945278,19.30023065715216,22799000,AVGO
2018-05-25,20.035022735595703,20.08710797193372,19.5550404477728,19.5550404477728,32214000,AVGO
2018-05-29,20.007781982421875,20.121567437424428,19.91002299226313,19.923645334543586,28281000,AVGO
2018-05-30,19.98455238342285,20.19529451673742,19.978943271401672,20.127184307442633,26844000,AVGO
2018-05-31,20.19849395751953,20.456513020102268,19.952492451441284,19.973327162145747,34698000,AVGO
2018-06-01,20.540651321411133,20.649628535773747,20.236154590313372,20.382793845772763,26360000,AVGO
2018-06-04,20.703311920166016,20.782641840780848,20.53183213145312,20.673663116967727,25886000,AVGO
2018-06-05,20.774633407592773,20.9421058551214,20.676874407800174,20.790658345647984,42374000,AVGO
2018-06-06,21.115983963012695,21.136818670779025,20.81068794038597,20.893221321701226,37465000,AVGO
2018-06-07,21.208942413330078,21.353177567003645,21.067912247547557,21.07432222332964,46077000,AVGO
2018-06-08,20.6712646484375,20.828319735023705,20.332312383231496,20.572703258560395,73694000,AVGO
2018-06-11,20.900436401367188,20.978163076520477,20.539047710815517,20.66244813066522,31859000,AVGO
2018-06-12,20.948516845703125,20.972556546503068,20.70572182825905,20.86037433283941,27594000,AVGO
2018-06-13,21.12080192565918,21.320327357067892,20.89082681160534,20.974965017663504,34868000,AVGO
2018-06-14,21.5118350982666,21.560713836358474,21.162465449399434,21.23458302344662,37042000,AVGO
2018-06-15,21.653661727905273,21.780267125028722,21.341151794348736,21.638436128642336,60969000,AVGO
2018-06-18,21.19451904296875,21.555105396051104,21.17288346440811,21.555105396051104,30191000,AVGO
2018-06-19,21.190452575683594,21.205070745338535,20.638259658271913,20.788488534023315,36221000,AVGO
2018-06-20,21.212379455566406,21.439754115696736,21.173400765388273,21.235116766693125,24951000,AVGO
2018-06-21,21.084884643554688,21.322003165371704,20.986626328910226,21.241610984484456,18186000,AVGO
2018-06-22,21.08976173400879,21.235117902362177,21.028857333740355,21.209132623808095,52412000,AVGO
2018-06-25,20.497772216796875,20.82259199649332,20.336173156668373,20.82259199649332,29705000,AVGO
2018-06-26,20.426319122314453,20.675619547321723,20.34592691035985,20.54487842903989,24233000,AVGO
2018-06-27,20.06657600402832,20.72027676554384,20.045461902493486,20.470976410442447,24720000,AVGO
2018-06-28,19.887115478515625,20.08363215969183,19.67354581211148,19.99917883793539,33238000,AVGO
2018-06-29,19.70359230041504,20.053585850216944,19.697907971980158,20.053585850216944,42794000,AVGO
2018-07-02,19.65567970275879,19.669484720523073,19.27970090356764,19.496518519604113,33369000,AVGO
2018-07-03,19.43155288696289,19.76449339572381,19.408002423915644,19.762057034107677,11591000,AVGO
2018-07-05,19.92772102355957,19.944774010578517,19.544433069004043,19.63457072863661,25299000,AVGO
2018-07-06,20.112869262695312,20.187578699588208,19.848140589846547,19.887119291802527,23112000,AVGO
2018-07-09,20.09256362915039,20.238732953021795,19.938273615190212,20.22005521093129,17955000,AVGO
2018-07-10,20.34673309326172,20.44742778135808,20.061703560607242,20.166457818898344,16413000,AVGO
2018-07-11,19.7685546875,20.101495225256958,19.70115435608162,19.891175090058372,35761000,AVGO
2018-07-12,17.051435470581055,17.075797542783693,16.034749152926455,16.815941634742433,435083000,AVGO
2018-07-13,16.44076919555664,17.377874615979216,16.395294580921274,17.2560673912255,161678000,AVGO
2018-07-16,16.504928588867188,16.759100196305507,16.284049803587564,16.370939500274275,102277000,AVGO
2018-07-17,16.915822982788086,16.979163750201433,16.404231863644043,16.420473244915502,110827000,AVGO
2018-07-18,16.953989028930664,17.043315071554716,16.7793980631818,16.82730905077526,80834000,AVGO
2018-07-19,17.08310317993164,17.17324081535972,16.893895615730347,16.91419656403531,63247000,AVGO
2018-07-20,17.079858779907227,17.151318690450427,16.95236563825404,17.061181036203898,62893000,AVGO
2018-07-23,17.5987548828125,17.75466808250311,17.085539116170512,17.086350720400844,82211000,AVGO
2018-07-24,17.64910316467285,17.896778789798752,17.540289325667953,17.686458648618537,81158000,AVGO
2018-07-25,18.34990119934082,18.567530400337414,17.679147460847293,17.679147460847293,92271000,AVGO
2018-07-26,18.12334632873535,18.65848645905771,17.992605200414083,18.39294617969062,85069000,AVGO
2018-07-27,17.95037841796875,18.61950918830122,17.870797804887502,18.190745015155706,79443000,AVGO
2018-07-30,18.286558151245117,18.51636913146624,17.950369719903403,17.95524244250828,75275000,AVGO
2018-07-31,18.00884246826172,18.582962718469144,17.99016472595248,18.407558598451338,63860000,AVGO
2018-08-01,17.60525131225586,18.185054266031614,17.556528726386492,18.12983574840982,42669000,AVGO
2018-08-02,17.56871223449707,17.72381386302546,17.31697702061346,17.399805586794596,40312000,AVGO
2018-08-03,17.687273025512695,17.702701254798324,17.410364111935422,17.519991121332822,24832000,AVGO
2018-08-06,17.617435455322266,17.72787406377544,17.528922557445966,17.591450173720943,22638000,AVGO
2018-08-07,17.89027976989746,18.014523363191458,17.63286029046856,17.801766896830095,29798000,AVGO
2018-08-08,17.821256637573242,17.964989589521732,17.77984313452689,17.90895946487883,15801000,AVGO
2018-08-09,17.587387084960938,17.885408482630393,17.53541498329006,17.877287793342347,27563000,AVGO
2018-08-10,17.234146118164062,17.41685777669277,17.090413153303253,17.28124550208471,37017000,AVGO
2018-08-13,17.14076042175293,17.37625579136905,17.089601467381694,17.187048201086398,29842000,AVGO
2018-08-14,16.83380699157715,17.181365755828846,16.796453051589545,17.181365755828846,36327000,AVGO
2018-08-15,16.77533721923828,16.856541016700195,16.465945608682723,16.657589544510092,41132000,AVGO
2018-08-16,16.94667625427246,16.96048126961098,16.784267133510554,16.87196839947183,29239000,AVGO
2018-08-17,16.9937801361084,17.1496933670889,16.688449607019777,16.888214257047196,39093000,AVGO
2018-08-20,16.78670883178711,17.05306067992473,16.71687212871396,17.010834016306482,54489000,AVGO
2018-08-21,17.094472885131836,17.169992355511507,16.818375634404987,16.851669997079448,29952000,AVGO
2018-08-22,16.853290557861328,17.19191536150745,16.844358265370765,17.089597476658014,26890000,AVGO
2018-08-23,16.694950103759766,16.97835654966257,16.669776420918435,16.868729520940082,35578000,AVGO
2018-08-24,16.971851348876953,16.993777054424363,16.621046255570658,16.75665851008528,20541000,AVGO
2018-08-27,17.294240951538086,17.407927530729268,16.941811007181943,17.073362177713605,28213000,AVGO
2018-08-28,17.412797927856445,17.537041543898713,17.26175587952182,17.42903775923925,24340000,AVGO
2018-08-29,17.45827293395996,17.524048511867903,17.33321616197547,17.443656310965228,18125000,AVGO
2018-08-30,17.593076705932617,17.616625627749112,17.427418002112372,17.456651253254474,26529000,AVGO
2018-08-31,17.78634262084961,17.809891540968543,17.528109908543016,17.54272808192387,27623000,AVGO
2018-09-04,17.818822860717773,17.88865800672421,17.632050088550496,17.750609374529223,36663000,AVGO
2018-09-05,17.98042106628418,18.011279069848168,17.83100377241205,17.861050171605836,37194000,AVGO
2018-09-06,17.537853240966797,18.094107351997774,17.37138296472264,17.986916719988237,62509000,AVGO
2018-09-07,18.886669158935547,19.1164802077303,18.189930024189668,18.20617140514362,104703000,AVGO
2018-09-10,19.538740158081055,19.56634863765431,18.843624469095847,19.055569307038336,60880000,AVGO
2018-09-11,18.884233474731445,19.464849699337375,18.709644044231467,19.30244053055839,60755000,AVGO
2018-09-12,18.668230056762695,18.746185904657256,18.09492288562306,18.52287231673748,53077000,AVGO
2018-09-13,19.117286682128906,19.42586664199539,18.76810482963611,18.97680171741571,43757000,AVGO
2018-09-14,19.191999435424805,19.252902284995848,18.976805030123515,19.096177465191033,28095000,AVGO
2018-09-17,19.069381713867188,19.513574055654278,19.027155050731114,19.489211983084594,36739000,AVGO
2018-09-18,19.613445281982422,19.75007573412178,19.215825635962542,19.226461950570126,50511000,AVGO
2018-09-19,19.781984329223633,19.839254390728502,19.61671728824825,19.67398891024526,31160000,AVGO
2018-09-20,20.03888511657715,20.12969953164452,19.77626048948631,19.8801643147122,39986000,AVGO
2018-09-21,20.298236846923828,20.35305382209322,20.05933795251958,20.153424717604075,135321000,AVGO
2018-09-24,20.408687591552734,20.46186761196144,20.23360502604917,20.294147449588497,45326000,AVGO
2018-09-25,20.26142120361328,20.400506333244973,20.110064361526344,20.370235901123042,47037000,AVGO
2018-09-26,20.07979393005371,20.294149428624376,20.02825086114345,20.0969749530238,33428000,AVGO
2018-09-27,20.163244247436523,20.280239045468317,20.037248529139468,20.101064866561078,29572000,AVGO
2018-09-28,20.18614959716797,20.205785270653912,19.950523075828873,20.08879048814882,26739000,AVGO
2018-10-01,20.413597106933594,20.628770284791567,20.263057964333942,20.28023898580221,27709000,AVGO
2018-10-02,20.298236846923828,20.593588112477242,20.28351048064412,20.38332425264252,24888000,AVGO
2018-10-03,20.406230926513672,20.562497059294273,20.211512704358835,20.356324824071503,19607000,AVGO
2018-10-04,20.30396270751953,20.43159380889179,20.14278882503983,20.1804232168504,25660000,AVGO
2018-10-05,19.981618881225586,20.45777981772358,19.831897410229796,20.321968578552863,33860000,AVGO
2018-10-08,19.74761962890625,20.078969829739556,19.666623849442228,19.90634039649342,33397000,AVGO
2018-10-09,20.02006721496582,20.104336925274286,19.665810473449085,19.683809192731665,24675000,AVGO
2018-10-10,18.96711540222168,20.05034228803392,18.95156977459499,19.875258135407986,56327000,AVGO
2018-10-11,18.72739601135254,19.275554905671576,18.58749317409381,18.978568208341517,37424000,AVGO
2018-10-12,19.058740615844727,19.281276147777454,18.74457142915258,19.206825071185232,32589000,AVGO
2018-10-15,19.01947593688965,19.253467123088605,18.82066605670452,18.901663425906015,30099000,AVGO
2018-10-16,19.49809455871582,19.5340920051225,19.159380247668132,19.308284024916777,30355000,AVGO
2018-10-17,19.40399932861328,19.614264726614827,19.138102384343988,19.614264726614827,20262000,AVGO
2018-10-18,18.655397415161133,19.375366454550296,18.53349331286637,19.26164401367377,37442000,AVGO
2018-10-19,18.676673889160156,18.90657349189225,18.566225329294742,18.817396009473576,32231000,AVGO
2018-10-22,18.70448875427246,19.01620339303762,18.65703729530007,18.86320957757553,25619000,AVGO
2018-10-23,18.739667892456055,18.77975694270615,17.902702464877706,18.22914343454947,35990000,AVGO
2018-10-24,17.893701553344727,18.52367540934225,17.822522818798912,18.5228561508932,37810000,AVGO
2018-10-25,18.18250846862793,18.2765952317971,17.929700911080264,17.98942563346551,35193000,AVGO
2018-10-26,17.438812255859375,17.7816149675711,17.11564365856505,17.636802840419584,53324000,AVGO
2018-10-29,17.30381965637207,17.89206760819298,17.036285693208363,17.687530729133048,28636000,AVGO
2018-10-30,18.08187484741211,18.12687320234224,17.262909781259015,17.490354649748962,29697000,AVGO
2018-10-31,18.284780502319336,18.463135446215784,18.13914908873514,18.40832002183436,28146000,AVGO
2018-11-01,18.807573318481445,19.163467003868288,18.303593591561903,18.421407642202446,36830000,AVGO
2018-11-02,18.062236785888672,18.487673735642456,17.815156275896136,18.435312985130633,40241000,AVGO
2018-11-05,18.00660514831543,18.08923789098099,17.484626754444275,17.919063097236258,27609000,AVGO
2018-11-06,18.67421531677246,18.748666406736575,17.97633504949996,18.023788061336443,29464000,AVGO
2018-11-07,19.1773738861084,19.250188012376316,18.752754597146357,18.980199455417747,29004000,AVGO
2018-11-08,19.655990600585938,19.84989113122712,19.03910770986551,19.03910770986551,29796000,AVGO
2018-11-09,19.55290412902832,19.555358783364774,19.025198700966104,19.226463191140528,33611000,AVGO
2018-11-12,18.296234130859375,18.970387216291833,18.02215389376905,18.899208467768453,50306000,AVGO
2018-11-13,18.394412994384766,18.802669110985498,18.189058388772846,18.448410725455535,26697000,AVGO
2018-11-14,18.506494522094727,18.860751240960052,18.45904151189291,18.55231057587898,25411000,AVGO
2018-11-15,19.336095809936523,19.579084745301476,18.478677081301054,18.508129812711264,36694000,AVGO
2018-11-16,19.440000534057617,19.57008629808277,18.95238568420085,19.129922899876355,36005000,AVGO
2018-11-19,18.74620819091797,19.723893913557088,18.697937490261015,19.351636973964535,35326000,AVGO
2018-11-20,18.630033493041992,18.74212053047064,18.21032349712384,18.32159127612054,32123000,AVGO
2018-11-21,18.81739044189453,19.08819672293422,18.613671287253965,18.83538916060048,19926000,AVGO
2018-11-23,18.809207916259766,19.037470484012236,18.61939743861086,18.61939743861086,8066000,AVGO
2018-11-26,19.25182342529297,19.484177573379387,18.94420050275155,19.162645985027183,28714000,AVGO
2018-11-27,19.294370651245117,19.502179857605604,19.015382707117425,19.110287170642913,30406000,AVGO
2018-11-28,19.24446678161621,19.471911708147697,18.94993471503508,19.34918988369784,31080000,AVGO
2018-11-29,19.290283203125,19.52345670253475,19.043202592850523,19.166743678234106,17920000,AVGO
2018-11-30,19.42363929748535,19.49481804309859,19.094745211113416,19.259193034545646,40083000,AVGO
2018-12-03,19.804895401000977,20.211514460740002,19.755805431736285,20.06097532141151,35241000,AVGO
2018-12-04,18.984291076660156,19.727987325949446,18.946656686394324,19.675625010347588,36455000,AVGO
2018-12-06,18.591583251953125,18.592400949974124,17.803706240843297,18.509768195573564,57859000,AVGO
2018-12-07,18.699581146240234,19.494819104512064,18.367413128462417,19.148743976580505,78396000,AVGO
2018-12-10,19.574180603027344,19.661722682898358,18.53186042877676,18.649674506498318,43344000,AVGO
2018-12-11,20.195154190063477,20.48150614541888,19.91534694073562,19.918620854242008,57730000,AVGO
2018-12-12,20.861120223999023,21.287374913446424,20.617313602403904,20.65331103673096,68703000,AVGO
2018-12-13,21.132749557495117,21.39455650403671,20.82839890411589,21.145840529019196,54355000,AVGO
2018-12-14,20.848852157592773,21.401920343255487,20.832488833406263,20.892213562243793,42727000,AVGO
2018-12-17,20.791584014892578,21.379831997759084,20.705678895671856,20.780129998996482,56238000,AVGO
2018-12-18,20.641931533813477,21.131379355907544,20.57083064295882,21.08921366391494,51849000,AVGO
2018-12-19,20.164066314697266,21.159496444743926,20.050799696373005,20.586544950612325,59728000,AVGO
2018-12-20,19.99870491027832,20.545199949482818,19.71429662646846,20.20622495089004,75365000,AVGO
2018-12-21,20.248395919799805,20.81307952946871,19.998711681141465,19.998711681141465,102138000,AVGO
2018-12-24,19.32985496520996,20.148357512130076,19.305879223708487,20.007806744944812,28494000,AVGO
2018-12-26,20.51543426513672,20.545198929772983,19.305046095906636,19.65890262152543,36741000,AVGO
2018-12-27,20.739490509033203,20.770907805557947,20.01937636321124,20.25583161315851,37507000,AVGO
2018-12-28,20.966028213500977,21.335594262832064,20.76512338105783,20.917248844401875,28702000,AVGO
2018-12-31,21.023075103759766,21.371972243727402,20.74776096196239,21.316579204922235,26590000,AVGO
2019-01-02,20.959415435791016,21.057800492777034,20.379024023325808,20.5741415080348,30346000,AVGO
2019-01-03,19.09505271911621,20.383157396603096,19.04296651190624,20.219457212399046,68580000,AVGO
2019-01-04,19.28272819519043,19.54894815834541,19.153752152124206,19.37036643008027,54248000,AVGO
2019-01-07,19.675439834594727,19.862289403358364,19.078512791902902,19.317448556484404,53433000,AVGO
2019-01-08,19.517528533935547,19.999534826132333,19.2943006116991,19.85154252583107,36795000,AVGO
2019-01-09,20.361661911010742,20.394731842500605,19.664695482598546,19.711820647475903,52971000,AVGO
2019-01-10,20.629531860351562,20.716342193432208,20.2029201795346,20.302957852740235,29594000,AVGO
2019-01-11,20.716341018676758,20.91063215240393,20.612994939364178,20.62209070635446,20158000,AVGO
2019-01-14,20.741146087646484,20.799847535246524,20.330242262190733,20.51295869820206,25498000,AVGO
2019-01-15,21.205793380737305,21.67953187178658,20.83540099110508,20.89740770579349,39247000,AVGO
2019-01-16,20.809768676757812,21.27689344355737,20.781658212367912,21.264490840481717,24484000,AVGO
2019-01-17,21.109880447387695,21.27688740332431,20.563385483791553,20.674173103844495,35154000,AVGO
2019-01-18,21.563777923583984,21.656375597475265,21.247952362759765,21.424053521418845,34634000,AVGO
2019-01-22,21.354612350463867,21.451343205343566,21.074337138759002,21.330635032708276,37156000,AVGO
2019-01-23,21.29094696044922,21.571220536399792,20.970986634790105,21.457953950342045,31771000,AVGO
2019-01-24,21.78948974609375,22.05405549036368,21.49598722210281,21.58610439652878,35999000,AVGO
2019-01-25,22.152441024780273,22.18303043215457,21.571221784498672,21.923425742062733,30333000,AVGO
2019-01-28,22.12598419189453,22.22767765472927,21.384373165615262,21.62496317054285,31320000,AVGO
2019-01-29,22.018503189086914,22.124329793285604,21.812637336147212,22.103660891927632,27870000,AVGO
2019-01-30,22.39055061340332,22.632793237765416,22.10531440171563,22.322754974234382,28727000,AVGO
2019-01-31,22.178071975708008,22.405433062738535,22.020985474313587,22.369054721116612,21063000,AVGO
2019-02-01,22.059011459350586,22.289679329495893,21.900272364677253,22.252476258640332,22878000,AVGO
2019-02-04,22.498027801513672,22.499682007389413,21.905235477801433,22.116060783946082,20761000,AVGO
2019-02-05,22.322751998901367,22.70554531478693,22.315310438178535,22.484797936574235,22619000,AVGO
2019-02-06,22.836179733276367,23.149524847771538,22.55011719257592,22.59310920513968,27064000,AVGO
2019-02-07,22.247520446777344,22.70058999575476,22.01685094548686,22.559211354760638,28646000,AVGO
2019-02-08,22.65842628479004,22.677442560486078,22.07968748281665,22.10201059408235,23903000,AVGO
2019-02-11,22.795663833618164,22.818813253065823,22.593931150942375,22.686530405668936,18012000,AVGO
2019-02-12,23.099090576171875,23.181767763520917,22.906453628502234,23.037910182924232,19809000,AVGO
2019-02-13,23.2586612701416,23.328109550791222,22.981694462235676,23.149527807138927,19190000,AVGO
2019-02-14,23.27353858947754,23.384326238666844,23.06271326483067,23.19912928032308,16015000,AVGO
2019-02-15,23.309085845947266,23.48766752060582,23.049479631564292,23.48766752060582,17352000,AVGO
2019-02-19,23.286766052246094,23.383498463491804,23.161923178953725,23.244600359176108,15152000,AVGO
2019-02-20,23.432275772094727,23.697669373278103,23.33802546011336,23.41822211829373,16150000,AVGO
2019-02-21,23.22723960876465,23.426490220912374,23.061058924417214,23.417396030190698,13254000,AVGO
2019-02-22,22.860157012939453,23.149526408432124,22.708031541068554,23.14539325828261,27225000,AVGO
2019-02-25,23.033775329589844,23.218144387194943,23.02385324783498,23.214009660818395,19245000,AVGO
2019-02-26,22.736141204833984,22.98499909693465,22.69066867011451,22.978383849218318,27211000,AVGO
2019-02-27,22.445947647094727,22.744411252402365,22.28803480936251,22.588978935683464,29146000,AVGO
2019-02-28,22.765905380249023,22.794842162454792,22.20949127030924,22.3202773573438,31460000,AVGO
2019-03-01,22.55011749267578,22.997399692208756,22.41618198874427,22.96184924126294,19035000,AVGO
2019-03-04,22.727046966552734,22.866771405813918,22.393859253414455,22.736141158090675,17382000,AVGO
2019-03-05,22.90232276916504,23.185904808972634,22.69728319787898,22.777479872626134,21699000,AVGO
2019-03-06,22.43436622619629,22.895703573331446,22.362437446061147,22.873380467822205,19973000,AVGO
2019-03-07,21.951536178588867,22.350038980926726,21.83330854500659,22.337636378148066,25411000,AVGO
2019-03-08,21.8424072265625,21.889532396001936,21.429849107544115,21.624966610725764,22167000,AVGO
2019-03-11,22.24504280090332,22.368231498375028,21.830832061038517,21.900280341695645,27161000,AVGO
2019-03-12,22.292165756225586,22.325237263885544,21.849018276748843,22.3029141539087,23324000,AVGO
2019-03-13,22.42279624938965,22.57740223782731,22.241734000695985,22.364922687287056,32089000,AVGO
2019-03-14,22.173938751220703,22.509606994343766,22.148308805126874,22.495551760877063,43094000,AVGO
2019-03-15,24.000268936157227,24.76585727303669,23.43889383829947,23.683616991585502,144066000,AVGO
2019-03-18,24.293773651123047,24.553378358003528,23.993655875076904,23.9953100812018,56746000,AVGO
2019-03-19,24.74601936340332,24.884089616193588,24.316099163551684,24.32023389107254,51556000,AVGO
2019-03-20,24.27638816833496,24.94120815683804,24.21465966812091,24.857792425673484,41263000,AVGO
2019-03-21,24.757694244384766,24.97207182524188,24.27388492412755,24.347289938510627,27379000,AVGO
2019-03-22,24.411518096923828,24.727662244348373,24.30724883925233,24.684286194972486,23307000,AVGO
2019-03-25,24.37064552307129,24.53914436895864,24.10705284378601,24.373981897590447,23878000,AVGO
2019-03-26,24.776874542236328,24.98040926843773,24.543312449743222,24.55499055436788,28009000,AVGO
2019-03-27,24.688459396362305,24.914515084726784,24.39567144256609,24.821923927225768,21862000,AVGO
2019-03-28,24.947044372558594,25.29989180926298,24.663431873473712,24.783550894532574,33030000,AVGO
2019-03-29,25.083847045898438,25.24734212655393,24.881147575616215,25.126389401088122,24493000,AVGO
2019-04-01,25.507591247558594,25.587668987035872,25.003762240380706,25.28403830610674,27040000,AVGO
2019-04-02,25.279041290283203,25.637727822535652,25.2423379865247,25.53846232230605,22857000,AVGO
2019-04-03,25.374971389770508,25.641900485120107,25.17644196026607,25.543470261883222,22266000,AVGO
2019-04-04,25.191452026367188,25.5251133159767,25.16392415457536,25.42084406353482,15228000,AVGO
2019-04-05,25.381637573242188,25.39498466096574,25.174768055173324,25.358281362992837,18875000,AVGO
2019-04-08,25.39832305908203,25.466724303704446,25.191453524528153,25.369961489798463,13899000,AVGO
2019-04-09,25.312406539916992,25.3674606998511,25.048813847171175,25.23983521959579,11621000,AVGO
2019-04-10,25.65106773376465,25.672756551131975,25.274864123012414,25.32491450569591,14992000,AVGO
2019-04-11,25.80956268310547,25.87462596640465,25.544301010371747,25.704459721919378,16669000,AVGO
2019-04-12,26.445188522338867,26.479389148279665,25.90632501285393,25.971389889940312,30087000,AVGO
2019-04-15,26.392635345458984,26.486061788842118,26.123203608010428,26.445186824911733,16216000,AVGO
2019-04-16,26.567808151245117,26.693764642731523,26.367611360066434,26.692930946853963,21116000,AVGO
2019-04-17,26.737140655517578,26.771341276685593,26.512752378358567,26.712947566315826,18138000,AVGO
2019-04-18,26.577817916870117,26.897298458186906,26.539447222280735,26.779683695702957,26548000,AVGO
2019-04-22,26.27585220336914,26.51692235129234,26.209119943953866,26.4693762329802,13504000,AVGO
2019-04-23,26.329238891601562,26.533607342786883,26.208287758270107,26.422665332984295,19777000,AVGO
2019-04-24,26.2199649810791,26.443517975917764,26.12487115115709,26.240818514328577,23335000,AVGO
2019-04-25,26.010587692260742,26.104847813701024,25.57265718864763,26.104847813701024,26732000,AVGO
2019-04-26,25.89297866821289,25.938022113011662,25.4508764063158,25.78787570599302,16404000,AVGO
2019-04-29,26.085664749145508,26.248324533285118,25.895478683408424,25.96221094333807,13404000,AVGO
2019-04-30,26.559465408325195,26.561132800016843,26.06981706400624,26.135715629346254,18953000,AVGO
2019-05-01,26.601171493530273,26.959857980804536,26.583654335278606,26.734636010978015,18158000,AVGO
2019-05-02,26.34425926208496,26.87561636725601,26.21162840979414,26.691266133047563,20428000,AVGO
2019-05-03,26.335079193115234,26.413491157410306,25.916334738388567,26.271684892381987,19214000,AVGO
2019-05-06,25.989742279052734,26.01977283602567,25.47089857877338,25.591017624619347,14371000,AVGO
2019-05-07,25.632719039916992,25.827076761739743,25.33575945687316,25.746163719712403,21734000,AVGO
2019-05-08,25.30739974975586,25.663583559427227,25.284043538696924,25.46672315706043,15099000,AVGO
2019-05-09,25.363292694091797,25.5126054174961,24.76186695646025,25.024625974680802,22282000,AVGO
2019-05-10,25.354944229125977,25.475063241971434,24.746012207266553,25.294051026940032,21025000,AVGO
2019-05-13,24.472408294677734,24.664264914368694,24.040316836790147,24.50911159071836,37864000,AVGO
2019-05-14,25.191452026367188,25.408330671346473,24.647583249241297,24.665100407282452,34277000,AVGO
2019-05-15,25.389141082763672,25.6727535203994,24.908668284675432,25.047138129912746,18166000,AVGO
2019-05-16,24.798566818237305,25.28320981876828,24.58252026153022,25.003768964559935,34233000,AVGO
2019-05-17,24.181291580200195,24.488260290438724,24.057836184835057,24.42236172712113,39094000,AVGO
2019-05-20,22.738210678100586,23.352148238874904,22.4087193772397,23.189486828471345,65162000,AVGO
2019-05-21,22.966760635375977,23.337958874676925,22.910037507032513,23.113570630460824,25060000,AVGO
2019-05-22,22.45709228515625,22.944237862727377,22.436237164605203,22.562195219517122,31809000,AVGO
2019-05-23,21.695518493652344,22.14596096041237,21.53535975789503,22.070053254748167,46607000,AVGO
2019-05-24,21.349334716796875,22.1668051536873,21.332651257018142,21.91322324734418,27963000,AVGO
2019-05-28,21.227550506591797,21.498651187289223,20.86135759562849,21.401888383442515,61965000,AVGO
2019-05-29,21.197525024414062,21.385208428415815,20.985650119972796,21.082411348662692,28132000,AVGO
2019-05-30,21.40605926513672,21.466117178692727,21.197520777121124,21.242564212288126,17310000,AVGO
2019-05-31,20.99065399169922,21.33265705500454,20.937268815124508,21.10743665086833,22192000,AVGO
2019-06-03,21.119115829467773,21.54870471568431,20.953953342840517,21.06656275511213,28911000,AVGO
2019-06-04,22.163475036621094,22.188500233353736,21.334326262023705,21.434423866908784,36805000,AVGO
2019-06-05,22.165142059326172,22.648116062679694,21.888202300991047,22.43957754808448,23651000,AVGO
2019-06-06,22.754892349243164,22.93924099143256,22.128442989837186,22.27358564555205,32687000,AVGO
2019-06-07,22.92839241027832,23.178639584751245,22.79576158282016,22.92088596556793,25963000,AVGO
2019-06-10,23.373830795288086,23.754204524083104,23.08271184349473,23.083545539338665,23280000,AVGO
2019-06-11,23.6466007232666,24.33644590299245,23.307100338854283,24.231342941705208,37105000,AVGO
2019-06-12,23.33379554748535,23.619910787475938,23.1402714764617,23.495621669176955,27057000,AVGO
2019-06-13,23.490612030029297,23.59738396668774,23.140267259221716,23.48310558533254,37735000,AVGO
2019-06-14,22.182659149169922,22.362836094286934,21.47696425793527,21.53035102120639,100797000,AVGO
2019-06-17,22.185998916625977,22.413723606907585,21.799786077042597,22.09173876839999,35785000,AVGO
2019-06-18,23.19365882873535,23.608233268402387,22.2268737365199,22.367846324515867,54920000,AVGO
2019-06-19,23.146947860717773,23.27874343671507,22.831637322592048,23.25455352233547,28920000,AVGO
2019-06-20,23.277074813842773,23.81093302230323,23.119418757604084,23.565691152055802,57291000,AVGO
2019-06-21,23.074108123779297,23.6644564804654,23.07158145093148,23.29475107507927,45399000,AVGO
2019-06-24,23.512874603271484,23.53392807368788,23.159170838934863,23.202962764162763,20506000,AVGO
2019-06-25,23.28633689880371,23.822788429153725,23.24507164358863,23.50950820140465,24436000,AVGO
2019-06-26,23.70151138305664,23.919629279910353,23.420233086602185,23.460656641861522,24774000,AVGO
2019-06-27,24.06110954284668,24.29185919285862,23.768041183625087,23.826991531022937,21813000,AVGO
2019-06-28,24.242176055908203,24.363446737871094,23.98616284889224,24.242176055908203,49265000,AVGO
2019-07-01,25.294021606445312,25.74878421321209,24.955476324466925,25.406027273980342,44832000,AVGO
2019-07-02,24.871265411376953,25.320973119134297,24.750836415018785,25.17022886084176,19011000,AVGO
2019-07-03,23.99205780029297,24.319654729457966,23.83457521586363,23.891842194302207,49411000,AVGO
2019-07-05,23.804258346557617,24.038376394371394,23.746149679110783,23.88763053461491,24565000,AVGO
2019-07-08,23.155803680419922,23.680463515098747,23.10780009484667,23.580247898437708,34291000,AVGO
2019-07-09,23.20380210876465,23.241698994195875,22.941050583945024,23.028634425551566,26131000,AVGO
2019-07-10,23.1170597076416,23.47918350948065,23.074951168165057,23.40002138279659,30134000,AVGO
2019-07-11,23.248437881469727,23.365496902739295,22.986528039353143,23.17938083329994,20712000,AVGO
2019-07-12,24.034164428710938,24.079641335269677,23.275386611851044,23.275386611851044,21971000,AVGO
2019-07-15,24.2825984954834,24.800521527547822,24.192487980326074,24.515033155376184,30334000,AVGO
2019-07-16,23.928050994873047,24.23627779283293,23.78151681172191,24.16890573613957,14617000,AVGO
2019-07-17,24.008058547973633,24.19417462646775,23.848892581373864,24.04848210953837,15453000,AVGO
2019-07-18,24.40386962890625,24.44766155070067,23.900261725132054,24.10069453859461,19357000,AVGO
2019-07-19,24.422395706176758,24.688515591366265,24.382813836788863,24.576509920056385,22047000,AVGO
2019-07-22,24.940319061279297,25.26370592611337,24.61103876731214,24.675040861563353,33905000,AVGO
2019-07-23,25.33023452758789,25.463295274201982,25.198017076224435,25.222440512959597,19692000,AVGO
2019-07-24,25.5820369720459,25.67551584058798,25.306652106085,25.36560406076166,19006000,AVGO
2019-07-25,25.297391891479492,25.443926092013918,25.214019704333953,25.443926092013918,15741000,AVGO
2019-07-26,25.342029571533203,25.518882273649947,25.309186026059674,25.39845486939568,14996000,AVGO
2019-07-29,25.411081314086914,25.47929506445404,25.0085323235883,25.368131082823428,12068000,AVGO
2019-07-30,25.227487564086914,25.34286318314293,25.020318069352967,25.18790730807033,11164000,AVGO
2019-07-31,24.421550750732422,25.33444262868988,24.141955848062153,25.267070575866214,20819000,AVGO
2019-08-01,24.029953002929688,25.080957471188245,23.775623192668636,24.34912820075659,21911000,AVGO
2019-08-02,23.456449508666992,23.903632132577155,23.2358049113804,23.754571257940434,20080000,AVGO
2019-08-05,22.541030883789062,22.92673647983542,22.23954077097268,22.902313041995452,27765000,AVGO
2019-08-06,22.43828582763672,22.921681937268225,22.27996156268886,22.749040928478877,22199000,AVGO
2019-08-07,22.7423038482666,22.967158498422236,22.148587018931483,22.2353291757176,22244000,AVGO
2019-08-08,22.82062530517578,22.95368606406589,22.106481057855635,22.770096655372477,29163000,AVGO
2019-08-09,23.220645904541016,23.626563269133396,22.702722866053463,22.702722866053463,30735000,AVGO
2019-08-12,23.213064193725586,23.429497112304755,22.951997667892854,23.022738088357347,20040000,AVGO
2019-08-13,23.891841888427734,24.04342782899314,22.909049507238166,23.184434407348952,22340000,AVGO
2019-08-14,22.86946678161621,23.592874307282926,22.77009287660426,23.478341970473256,27108000,AVGO
2019-08-15,22.62356185913086,22.97221226439158,22.30438663267982,22.906525181980523,20010000,AVGO
2019-08-16,23.056419372558594,23.222323608923155,22.904831875882444,22.919148615570855,17458000,AVGO
2019-08-19,23.47750473022461,23.586142052682856,23.21054312338715,23.5381400751816,17489000,AVGO
2019-08-20,23.61140251159668,23.997949747479428,23.328439230703673,23.4252864619006,17920000,AVGO
2019-08-21,24.21186065673828,24.27586436394258,23.921318907117087,23.971005868793306,19381000,AVGO
2019-08-22,24.221961975097656,24.372707821079544,23.963422119311055,24.28680896755498,12294000,AVGO
2019-08-23,22.917476654052734,24.041750155719914,22.82652442562126,23.916269394671602,25742000,AVGO
2019-08-26,23.346126556396484,23.40760358411496,23.159168800009247,23.32338810358686,14249000,AVGO
2019-08-27,23.207168579101562,23.598769161208953,23.15158659208522,23.50866026002574,14298000,AVGO
2019-08-28,23.248437881469727,23.277913059035683,22.777675123131985,23.102745371628455,17202000,AVGO
2019-08-29,23.864046096801758,24.042582118350847,23.668666660359474,23.705721851869214,16429000,AVGO
2019-08-30,23.80257225036621,24.07711384586416,23.57182257566104,24.031636940846912,16720000,AVGO
2019-09-03,23.079166412353516,23.651828181752197,22.816414867776995,23.58024606293116,22210000,AVGO
2019-09-04,23.83457374572754,23.946579416102733,23.428656393891835,23.47834334931584,19865000,AVGO
2019-09-05,24.508296966552734,24.73230993741854,24.284285601963745,24.284285601963745,20938000,AVGO
2019-09-06,24.58324432373047,24.70030333035383,24.36344305297831,24.578190977843796,13748000,AVGO
2019-09-09,24.64219856262207,25.02874585218374,24.456084093357244,24.843473071940764,21686000,AVGO
2019-09-10,24.796308517456055,24.797150206333004,24.32301915182059,24.53608369587189,20850000,AVGO
2019-09-11,25.09696388244629,25.161809282113254,24.805578822223694,24.95463971505735,19260000,AVGO
2019-09-12,25.31339454650879,25.46077044144015,24.967269206263616,25.384976665110656,33109000,AVGO
2019-09-13,24.44934844970703,25.095278987627854,23.907845187937166,25.066645494970086,62557000,AVGO
2019-09-16,24.30954360961914,24.445131011076366,24.060267173553402,24.152904349002586,22176000,AVGO
2019-09-17,24.32386589050293,24.36344776380776,23.896053335829535,24.25565213294931,21912000,AVGO
2019-09-18,24.232070922851562,24.48640075135191,23.90700066647895,24.295232937038513,16510000,AVGO
2019-09-19,24.476293563842773,24.58661586105027,24.1891202005256,24.296074135465773,19421000,AVGO
2019-09-20,24.159276962280273,24.5111354637366,23.951900018575664,24.449092753703482,35524000,AVGO
2019-09-23,24.261266708374023,24.40574990250823,23.974000808954877,24.10488495546607,14850000,AVGO
2019-09-24,23.99355125427246,24.55363462103945,23.77597619943756,24.41935110603134,20292000,AVGO
2019-09-25,23.437715530395508,23.56010210910667,22.94732302367707,23.096055024481718,55588000,AVGO
2019-09-26,23.53460693359375,23.683338949778367,23.175098550407622,23.39437250028477,27477000,AVGO
2019-09-27,23.299177169799805,23.906006859795962,23.198888862312792,23.51080290874873,28660000,AVGO
2019-09-30,23.46320915222168,23.518453152156912,23.159794301085277,23.439412036137018,19826000,AVGO
2019-10-01,23.359525680541992,23.76747770471968,23.23458917760786,23.65019097092499,19429000,AVGO
2019-10-02,22.95326805114746,23.27028032315403,22.80453607789845,23.24138498339203,19543000,AVGO
2019-10-03,23.32382583618164,23.32977511520894,22.711046854256193,22.947319147658515,17096000,AVGO
2019-10-04,23.918758392333984,23.941706077507657,23.38927087072042,23.668888641509614,25884000,AVGO
2019-10-07,23.464061737060547,23.88391230241347,23.431765415029002,23.79807246200106,18658000,AVGO
2019-10-08,22.97536849975586,23.363772156122742,22.854682420878827,23.29238080212545,22757000,AVGO
2019-10-09,23.215036392211914,23.364617789285926,23.118996880869066,23.260080698088927,16329000,AVGO
2019-10-10,23.325525283813477,23.69353277986781,23.257533290231468,23.334873919509242,17340000,AVGO
2019-10-11,23.87455940246582,24.143979056290615,23.719878154764483,23.7538733386415,23697000,AVGO
2019-10-14,23.938304901123047,24.022444245621646,23.787022995168922,23.832916740970784,13312000,AVGO
2019-10-15,24.6743221282959,24.69981973841115,23.98420237665971,24.021598547283954,21230000,AVGO
2019-10-16,24.5179386138916,24.655623105058403,24.35305764649821,24.56213349565625,20046000,AVGO
2019-10-17,24.59868049621582,24.79245680985503,24.504341451831674,24.65902272915546,13125000,AVGO
2019-10-18,24.36920166015625,24.642019042991485,24.137178172832783,24.604624503684295,16981000,AVGO
2019-10-21,24.610578536987305,24.808605258409404,24.39725227810352,24.514539005633473,13031000,AVGO
2019-10-22,24.431249618530273,24.720216031750788,24.412552344859048,24.612277938513525,13046000,AVGO
2019-10-23,23.824417114257812,24.098085579586254,23.69183248254287,24.048790856997403,20957000,AVGO
2019-10-24,23.99355125427246,24.094689012778392,23.686737000755855,24.042844361511577,16896000,AVGO
2019-10-25,24.631824493408203,24.763558075704143,24.070890113093864,24.07428946978409,20869000,AVGO
2019-10-28,24.77885627746582,24.8578957741624,24.504338381570125,24.74570890414346,12999000,AVGO
2019-10-29,24.490737915039062,24.9615836167069,24.483088147548735,24.840897551886517,13272000,AVGO
2019-10-30,24.66752052307129,24.729563241462312,24.35135765155891,24.64797219550153,17281000,AVGO
2019-10-31,24.889345169067383,24.9938839027535,24.460145971939163,24.630125161836897,27881000,AVGO
2019-11-01,25.207212448120117,25.207212448120117,24.82475637470228,24.901247589385846,21234000,AVGO
2019-11-04,25.921972274780273,25.961067306352888,25.42053071420652,25.456226389258518,34075000,AVGO
2019-11-05,26.690284729003906,26.923157695886168,25.876930644409516,25.92197495982323,38711000,AVGO
2019-11-06,26.615493774414062,26.71068225022005,26.23728817302879,26.522004166500526,18076000,AVGO
2019-11-07,26.494802474975586,27.15432620421473,26.402163940302124,26.821164983422303,23981000,AVGO
2019-11-08,26.636741638183594,26.652890609909576,25.933024501467337,26.335876665848783,17830000,AVGO
2019-11-11,26.580646514892578,26.622291471467392,26.418315479219345,26.44891293174366,9154000,AVGO
2019-11-12,26.816917419433594,26.89085869247791,26.62399056242302,26.686882710939898,16875000,AVGO
2019-11-13,26.658836364746094,26.83221489251128,26.516903100193023,26.55769699898326,12625000,AVGO
2019-11-14,26.25938606262207,26.50330816463234,26.016315015655998,26.41066960727856,17268000,AVGO
2019-11-15,26.594247817993164,26.60699581200936,26.353725073313765,26.539853242813432,18120000,AVGO
2019-11-18,26.437864303588867,26.63674045397829,26.17949373591716,26.501605890519922,15850000,AVGO
2019-11-19,27.00135040283203,27.678722132685344,26.9121112026051,26.9121112026051,31743000,AVGO
2019-11-20,26.488855361938477,26.92740476522612,26.2619317030162,26.84836364878228,19927000,AVGO
2019-11-21,26.793123245239258,26.831368847294083,26.32992722971178,26.443814601913783,19317000,AVGO
2019-11-22,26.765079498291016,27.15263377499598,26.662241243517883,26.911261583454348,13216000,AVGO
2019-11-25,27.16452407836914,27.212119927619074,26.879808142983368,26.908703480774317,19636000,AVGO
2019-11-26,26.879806518554688,27.21211828310778,26.86110762928255,27.111828366974343,30793000,AVGO
2019-11-27,27.064245223999023,27.1917300398801,26.896814312051653,27.02175082572446,20182000,AVGO
2019-11-29,26.874711990356445,27.0089954924843,26.771873752715184,26.929104938319288,9229000,AVGO
2019-12-02,26.40812110900879,27.02089860552029,26.394522059197445,27.003050764487647,23158000,AVGO
2019-12-03,26.0511531829834,26.26192784145095,25.763036287141336,25.991660401200487,18736000,AVGO
2019-12-04,26.323131561279297,26.463364370999386,26.10300656024238,26.325681484518917,14439000,AVGO
2019-12-05,26.448057174682617,26.555995241656014,26.2670288987478,26.397063590950815,15494000,AVGO
2019-12-06,26.861114501953125,26.885762675696334,26.52200393874918,26.74127947427847,16937000,AVGO
2019-12-09,26.71918296813965,26.954605869167132,26.68178679864201,26.856867464922427,24694000,AVGO
2019-12-10,26.7769775390625,26.84921833568177,26.623145687433777,26.780376896178346,14563000,AVGO
2019-12-11,27.17302894592285,27.311561248413398,26.787173574103743,26.787173574103743,20829000,AVGO
2019-12-12,27.8597469329834,28.060323571831862,27.148381681693568,27.17387766798498,38935000,AVGO
2019-12-13,26.807571411132812,27.17727781258961,26.399619408073093,27.031945174921375,70952000,AVGO
2019-12-16,27.46284294128418,27.842747386755754,26.986898971021418,27.02429513605489,37921000,AVGO
2019-12-17,27.519784927368164,27.617521689988614,27.345553731746094,27.51468508236047,20248000,AVGO
2019-12-18,27.829153060913086,28.14871531444599,27.49854168131196,27.57078247563475,35155000,AVGO
2019-12-19,27.545284271240234,27.983832090045947,27.51213689570263,27.979584920449483,31787000,AVGO
2019-12-20,27.386459350585938,27.68436396146037,27.207031136056223,27.68436396146037,50540000,AVGO
2019-12-23,27.431955337524414,27.672340242402868,27.2671219859367,27.518666296863753,20254000,AVGO
2019-12-24,27.51523780822754,27.530692320457128,27.38731970684342,27.47231297419634,7024000,AVGO
2019-12-26,27.298891067504883,27.6216902352919,27.199302975330752,27.581339520579892,15848000,AVGO
2019-12-27,27.174407958984375,27.416507345408274,27.06194274069838,27.412215517314632,14487000,AVGO
2019-12-30,26.91084861755371,27.243091161616533,26.84989351820508,27.173552405295823,13104000,AVGO
2019-12-31,27.130626678466797,27.159816352901796,26.85418772199217,26.881659682499066,12487000,AVGO
2020-01-02,27.677494049072266,27.686939018560544,27.242231276085395,27.413932241000897,20329000,AVGO
2020-01-03,26.97351837158203,27.47231199922538,26.9640750394285,27.258542599887917,22870000,AVGO
2020-01-06,26.933168411254883,26.950338999732036,26.582037573041116,26.68677554278783,20789000,AVGO
2020-01-07,26.84044647216797,27.178700149277695,26.8069649746811,27.06451722262553,18565000,AVGO
2020-01-08,26.505624771118164,26.913417141830337,26.477293143295544,26.869632643139486,31979000,AVGO
2020-01-09,26.292713165283203,26.870490384113847,26.01713233166082,26.812970728610132,42397000,AVGO
2020-01-10,25.68832778930664,26.231763927088853,25.652268901927386,26.223178633663057,40705000,AVGO
2020-01-13,25.856597900390625,26.08152671884593,25.726962083617046,25.75701143276837,22054000,AVGO
2020-01-14,26.45755386352539,26.540829413151204,25.891795603949028,25.92699481770466,28911000,AVGO
2020-01-15,26.024864196777344,26.43179862272439,25.81538826041304,26.382864247520672,22733000,AVGO
2020-01-16,26.360538482666016,26.43007722655058,26.11672140383012,26.184544071618163,21508000,AVGO
2020-01-17,26.509920120239258,26.522797241427305,26.10470344708578,26.498759075221745,26896000,AVGO
2020-01-21,26.448110580444336,26.571736855545495,26.298730059471882,26.42493208665567,21967000,AVGO
2020-01-22,26.868776321411133,27.29373766607849,26.65672303061335,26.682478908690246,29264000,AVGO
2020-01-23,27.442264556884766,27.45514167926735,26.684200938048527,27.058510262605076,30266000,AVGO
2020-01-24,27.815717697143555,28.466467601247594,27.538417444859007,28.373747079443948,55782000,AVGO
2020-01-27,26.53052520751953,27.46200908537621,26.497043709047105,27.16410611408009,38843000,AVGO
2020-01-28,27.32722282409668,27.40620654496598,26.851609335030812,26.916856258255816,23166000,AVGO
2020-01-29,27.258541107177734,27.93848063472643,27.226777322353225,27.542708919243164,23668000,AVGO
2020-01-30,27.060222625732422,27.087694578872636,26.492746752780917,26.984672707750466,21128000,AVGO
2020-01-31,26.198284149169922,27.006999848244362,26.06607258670428,26.97094259597484,22123000,AVGO
2020-02-03,26.20429229736328,26.321907380060946,26.067788913902433,26.238631834017365,21288000,AVGO
2020-02-04,26.751161575317383,27.006139710805673,26.583752449228655,26.76747412387265,22559000,AVGO
2020-02-05,27.247379302978516,27.455997168650647,27.116885472809884,27.257680671818434,24825000,AVGO
2020-02-06,27.445697784423828,27.462010334086305,26.976951872063843,27.37272524244846,22683000,AVGO
2020-02-07,27.062803268432617,27.345251742748694,27.031895882771327,27.328082792356184,15883000,AVGO
2020-02-10,26.974374771118164,27.008714307542913,26.639556512959675,26.817267011723153,19218000,AVGO
2020-02-11,27.486047744750977,27.540133624354066,27.129767042414905,27.184712597670178,15527000,AVGO
2020-02-12,27.875812530517578,27.909292393275358,27.612247444448574,27.647446658468006,15310000,AVGO
2020-02-13,27.813138961791992,27.94105869216772,27.55387062347517,27.5993695690489,13857000,AVGO
2020-02-14,27.28086280822754,27.961660364162828,27.22334150616651,27.887829788345023,19137000,AVGO
2020-02-18,26.678190231323242,27.043914245833523,26.4463922136912,27.04305620770612,26693000,AVGO
2020-02-19,27.102294921875,27.200165309968124,26.759749382287776,26.87135493100472,20525000,AVGO
2020-02-20,26.548551559448242,27.102290662639874,26.280696319649206,26.953768208763115,25521000,AVGO
2020-02-21,26.141624450683594,26.566585890966063,25.95189320569223,26.48502804825466,24522000,AVGO
2020-02-24,25.034143447875977,25.65226986033164,24.90193352662923,25.257356172854305,36849000,AVGO
2020-02-25,24.268354415893555,25.38870995261516,24.130134942446368,25.24963080349495,31892000,AVGO
2020-02-26,24.543079376220703,24.742253965538378,24.381679757930854,24.411727472108346,23074000,AVGO
2020-02-27,23.51887321472168,24.494139941833275,23.48367400323932,24.06402706122066,34837000,AVGO
2020-02-28,23.404691696166992,23.534327504802324,22.55648496706097,22.60713705462813,44586000,AVGO
2020-03-02,24.464950561523438,24.50186748710321,23.278490188951537,23.76011483535101,31976000,AVGO
2020-03-03,23.54463005065918,24.766289755232247,23.314549731021057,24.437481007436915,29930000,AVGO
2020-03-04,24.50615882873535,24.52933895684073,23.589269811263982,23.82707735891075,23477000,AVGO
2020-03-05,23.526599884033203,24.30355177321432,23.390098134892504,23.80304044726639,24374000,AVGO
2020-03-06,23.132549285888672,23.259609368386265,22.535885159843534,22.920497560605398,30169000,AVGO
2020-03-09,21.267004013061523,22.344434718797647,20.969101010497376,21.555463683011737,43934000,AVGO
2020-03-10,22.570220947265625,22.637183944516075,20.896126366276633,22.028500877612935,55071000,AVGO
2020-03-11,21.11676025390625,22.01991237178688,20.81799928672179,21.795841646398536,36030000,AVGO
2020-03-12,18.7824764251709,20.84118177204451,18.571282778988998,19.487312192277216,64281000,AVGO
2020-03-13,20.108016967773438,20.129479384928256,17.269782187335885,19.360254695260007,84714000,AVGO
2020-03-16,16.103925704956055,18.784192973728523,15.47292213995576,17.872457003230952,76935000,AVGO
2020-03-17,17.12812614440918,17.17105097175255,15.580233683730171,16.46793136152048,70662000,AVGO
2020-03-18,14.411802291870117,16.09533848527595,13.364420272615257,15.93909040762921,98993000,AVGO
2020-03-19,16.6937198638916,17.811499466261566,14.165409209418938,14.39205570437037,74438000,AVGO
2020-03-20,16.78277587890625,18.21990247263948,16.40646892538865,17.636670658892633,74044000,AVGO
2020-03-23,16.891918182373047,17.110193859167808,15.519400287045405,16.84040510932699,46921000,AVGO
2020-03-24,18.576133728027344,19.095630942149434,17.574685410048836,17.95448464883799,62970000,AVGO
2020-03-25,18.994348526000977,21.30370556963623,18.26705548156743,18.526366091136893,64442000,AVGO
2020-03-26,21.231233596801758,21.373549401562506,19.734736922181828,19.734736922181828,60213000,AVGO
2020-03-27,20.1416015625,21.13693786857265,20.08135727750769,20.34328735848128,39448000,AVGO
2020-03-30,20.964065551757812,21.0732033731289,19.945155011307165,20.273441098381838,52343000,AVGO
2020-03-31,20.701257705688477,22.06417131107334,20.610456638827927,20.779837057194793,50191000,AVGO
2020-04-01,19.525190353393555,20.46639399791179,19.18031449471819,19.90586206603971,41858000,AVGO
2020-04-02,20.697769165039062,20.775475907304976,19.334856986862548,19.417801132249338,45049000,AVGO
2020-04-03,20.45330238342285,21.177103199115756,20.129381060053664,20.66109989991296,28960000,AVGO
2020-04-06,22.040597915649414,22.125288960343532,21.265284174790796,21.354339999022102,38868000,AVGO
2020-04-07,22.113067626953125,23.180871655006058,22.048458558893085,22.861316806410212,45892000,AVGO
2020-04-08,22.796710968017578,22.892751128132335,22.145376131029767,22.41865702359539,27565000,AVGO
2020-04-09,22.202999114990234,23.35549426655358,21.941941627273312,23.206194136762655,34828000,AVGO
2020-04-13,22.693679809570312,22.83337607094881,22.072030946842766,22.133147853032007,25729000,AVGO
2020-04-14,23.366844177246094,23.432325869884775,22.90322659922085,23.235004838398684,23094000,AVGO
2020-04-15,22.477148056030273,22.90322279274218,22.36539072074009,22.787973300928975,25926000,AVGO
2020-04-16,22.551368713378906,22.85433543888454,22.186410780599257,22.85433543888454,26896000,AVGO
2020-04-17,23.214052200317383,23.349383707751887,22.60811876071744,22.981807912778883,34089000,AVGO
2020-04-20,22.550493240356445,23.159918816817523,22.51818953651417,22.700667660662077,23801000,AVGO
2020-04-21,21.622385025024414,22.245780884713614,21.548172104510044,22.22569889906415,29138000,AVGO
2020-04-22,22.698049545288086,22.89449797615577,21.89217549986251,22.244035764018584,35438000,AVGO
2020-04-23,22.607242584228516,23.15467855438531,22.57144506221345,22.72249208686038,21659000,AVGO
2020-04-24,23.120630264282227,23.143330118746686,22.602880073352456,22.684078973200783,23373000,AVGO
2020-04-27,23.438440322875977,23.680290132877236,23.08046836527654,23.08046836527654,16588000,AVGO
2020-04-28,23.113643646240234,24.133428459874732,23.060385336095788,23.943964365461053,18988000,AVGO
2020-04-29,24.099374771118164,24.18406582087376,23.506539088139863,23.668062585641525,28871000,AVGO
2020-04-30,23.715213775634766,23.92737773749337,23.468997532869388,23.881976361595417,23379000,AVGO
2020-05-01,22.67447280883789,23.386051859175986,22.54350775833241,23.22452835239626,26836000,AVGO
2020-05-04,22.89798927307129,22.912832190873328,22.29205583878681,22.63169270627134,17046000,AVGO
2020-05-05,23.125869750976562,23.4812221742255,23.02459052176771,23.272552023826997,26462000,AVGO
2020-05-06,23.065622329711914,23.615677864095055,23.016728800488693,23.427960684221073,22727000,AVGO
2020-05-07,23.3773193359375,23.61480432405566,23.22452706304878,23.57376773344505,18238000,AVGO
2020-05-08,24.012939453125,24.058340825302963,23.57638818187018,23.765850607600544,16757000,AVGO
2020-05-11,24.04524040222168,24.162235135558397,23.72655656728396,23.86799972605007,20851000,AVGO
2020-05-12,23.438440322875977,24.247806529170642,23.41836000083756,24.14827421140716,18764000,AVGO
2020-05-13,22.97569465637207,23.602582662990933,22.64478903459749,23.57988114347189,21927000,AVGO
2020-05-14,23.27691650390625,23.30747496341578,22.242290330470926,22.784487328971753,19912000,AVGO
2020-05-15,22.736459732055664,23.055141905610167,22.418650181284548,22.6500217824915,21650000,AVGO
2020-05-18,23.88197135925293,24.161363870776626,23.39914448914893,23.453277079686025,26531000,AVGO
2020-05-19,23.74402618408203,24.10025288953276,23.714340347742613,23.881977228101142,18702000,AVGO
2020-05-20,24.331621170043945,24.561247560218636,24.104614313924028,24.182321051409026,18605000,AVGO
2020-05-21,23.992856979370117,24.403216231783034,23.97976097439895,24.3525757924178,14847000,AVGO
2020-05-22,24.154382705688477,24.206768392099058,23.618297463310334,23.900309545365197,17452000,AVGO
2020-05-26,24.62323760986328,25.065900572254534,24.568232389491957,24.88342246061638,23573000,AVGO
2020-05-27,25.109554290771484,25.127889362470412,24.446868845129913,24.710545827641273,22812000,AVGO
2020-05-28,24.721019744873047,25.25885178978902,24.659030222762237,24.883417504845166,18543000,AVGO
2020-05-29,25.43086051940918,25.494596970201908,24.61363575408327,24.700073725457255,27300000,AVGO
2020-06-01,25.31910514831543,25.41601959928208,25.090351339761874,25.356647924152124,18444000,AVGO
2020-06-02,26.023691177368164,26.046392693502998,25.327829423586387,25.4099009332455,31847000,AVGO
2020-06-03,27.025146484375,27.140396011502983,26.237609159207924,26.284755784681444,31926000,AVGO
2020-06-04,26.969263076782227,27.328107591548584,26.37642573305651,26.695109611119545,34997000,AVGO
2020-06-05,27.684337615966797,28.64737035080067,27.510590716792642,27.91308973956393,50958000,AVGO
2020-06-08,27.722749710083008,27.837999206886224,27.359538770991477,27.721002799090513,23916000,AVGO
2020-06-09,27.53066635131836,27.84149161245367,27.203252929504504,27.240797361037266,22335000,AVGO
2020-06-10,27.5062255859375,27.87030923050167,27.476539749503004,27.646796164826327,25914000,AVGO
2020-06-11,25.647390365600586,26.939581889026808,25.616831906049445,26.85838298280042,45115000,AVGO
2020-06-12,26.214906692504883,26.537955405240446,25.558334459943037,26.439294046561677,39439000,AVGO
2020-06-15,26.55017852783203,26.782422817577626,25.53039361841557,25.75652788163688,29824000,AVGO
2020-06-16,27.129043579101562,27.463441358197592,26.542317877531506,27.066179754223842,30387000,AVGO
2020-06-17,27.366527557373047,27.652031812213128,27.222466495477764,27.36478064609502,20279000,AVGO
2020-06-18,27.82665252685547,27.86245005230642,27.198891892943717,27.251277581356007,33625000,AVGO
2020-06-19,26.707275390625,28.059530466170116,26.707275390625,28.02248252019365,58465000,AVGO
2020-06-22,27.65729522705078,27.713748760904636,26.77431579065247,26.948087823511784,27195000,AVGO
2020-06-23,27.459697723388672,28.001305935908196,27.458816110333714,27.791367621027508,22419000,AVGO
2020-06-24,27.07775115966797,27.430589872143337,26.860754888817,27.27445855259537,19096000,AVGO
2020-06-25,27.243587493896484,27.299159406369245,26.72755946778057,26.99748282938344,15029000,AVGO
2020-06-26,27.116561889648438,27.854877493559513,26.74078946605947,27.659935012368972,31425000,AVGO
2020-06-29,27.325620651245117,27.381192559057382,26.85546178504756,27.174780692934476,14516000,AVGO
2020-06-30,27.839885711669922,27.968671892683503,27.05834576439079,27.340618436342186,25125000,AVGO
2020-07-01,27.585834503173828,27.94925755304774,27.51614838657185,27.795772783421906,15661000,AVGO
2020-07-02,27.827531814575195,28.17243092902546,27.756080783372273,28.028648936099717,16638000,AVGO
2020-07-06,28.120386123657227,28.31444696918969,27.992481581560448,28.227120177563695,17561000,AVGO
2020-07-07,27.6202392578125,28.06481617580733,27.56995871393674,27.992483529251974,16150000,AVGO
2020-07-08,28.189193725585938,28.213009055255515,27.708450464985685,27.886633884553785,18023000,AVGO
2020-07-09,28.359439849853516,28.6090709460659,27.808127154479926,28.2280054738519,25225000,AVGO
2020-07-10,28.17772674560547,28.490870998657655,27.824888032133448,28.395606312611292,13280000,AVGO
2020-07-13,27.46058464050293,28.53850816443699,27.396191547177825,28.375318874494337,21549000,AVGO
2020-07-14,27.79313087463379,27.893690284431173,26.920736059134967,27.255934091792913,18363000,AVGO
2020-07-15,27.6784610748291,28.030418195209535,27.360023760316704,27.869875435799134,15253000,AVGO
2020-07-16,27.463226318359375,27.68727884448676,27.283277997564333,27.3988332363923,12929000,AVGO
2020-07-17,27.584075927734375,27.804600343394995,27.345027541916718,27.711098879497875,13354000,AVGO
2020-07-20,27.97395896911621,28.019828082004814,27.36795771118809,27.508211571314256,14323000,AVGO
2020-07-21,27.727859497070312,28.159205560964512,27.580549340658774,28.159205560964512,14312000,AVGO
2020-07-22,27.680219650268555,27.84605542549657,27.37766151763538,27.786953706744757,14404000,AVGO
2020-07-23,27.315914154052734,27.882220959398893,27.20212382518084,27.642290989722774,19417000,AVGO
2020-07-24,26.973663330078125,27.425296540810894,26.83164455103976,27.044231071832236,15631000,AVGO
2020-07-27,27.581430435180664,27.60612906297839,27.123622525310097,27.195071886800967,20646000,AVGO
2020-07-28,27.11127281188965,27.531151160731326,27.006301962828374,27.449115712840143,13974000,AVGO
2020-07-29,27.243587493896484,27.4535258299047,27.11921105945661,27.215360731088264,16562000,AVGO
2020-07-30,27.530263900756836,27.603478159383375,26.992185535956594,26.992185535956594,21259000,AVGO
2020-07-31,27.940444946289062,28.085991879435788,27.468522794972912,27.75961497879846,24719000,AVGO
2020-08-03,28.33562469482422,28.534976939635094,27.987195708033454,28.050705502587512,20796000,AVGO
2020-08-04,28.967206954956055,28.98484931272733,28.261529468783465,28.27123057834947,25258000,AVGO
2020-08-05,29.068645477294922,29.24859550247058,28.738743827677386,28.954856815577205,22299000,AVGO
2020-08-06,29.035127639770508,29.18684922182331,28.704341008837943,28.91251611574381,14193000,AVGO
2020-08-07,28.75020408630371,29.085402096998294,28.357670946319114,28.967202021490905,14192000,AVGO
2020-08-10,28.876352310180664,29.044831286325337,28.58525843436282,28.599374340510874,11989000,AVGO
2020-08-11,28.582611083984375,29.402080584360025,28.470585647464713,28.894873744190672,19316000,AVGO
2020-08-12,29.430299758911133,29.62789210355551,28.699923805388785,28.743146394700226,18471000,AVGO
2020-08-13,29.05805778503418,29.410013162275515,28.919567154878614,29.30416240170493,15095000,AVGO
2020-08-14,28.91692352294922,29.095988546914565,28.756379102045134,28.93456251300139,10140000,AVGO
2020-08-17,29.137447357177734,29.267115130679613,29.021010508430216,29.06599632558207,10594000,AVGO
2020-08-18,28.989255905151367,29.38973033984112,28.94515169543252,29.273293476416903,8857000,AVGO
2020-08-19,29.039535522460938,29.381786447227476,28.9539719500355,29.062467555891775,11273000,AVGO
2020-08-20,29.006013870239258,29.108338184335622,28.76167246658266,28.905456147115977,8910000,AVGO
2020-08-21,29.11098289489746,29.149797422106236,28.668170886005715,28.959264697863272,11508000,AVGO
2020-08-24,29.46205711364746,29.655234657740607,29.209774489131455,29.28651855797314,11996000,AVGO
2020-08-25,29.65082550048828,29.73462584410659,29.373847597972482,29.550267780094394,11140000,AVGO
2020-08-26,29.96221160888672,30.124519280896493,29.418841797004518,29.527337417790484,14844000,AVGO
2020-08-27,29.915464401245117,30.105997165391205,29.650832384158335,30.03454611698547,12552000,AVGO
2020-08-28,30.416486740112305,30.416486740112305,29.78843505306452,29.903108678231423,14589000,AVGO
2020-08-31,30.62201499938965,30.924573124339872,30.301814520559496,30.301814520559496,22229000,AVGO
2020-09-01,31.714935302734375,31.9381079030005,30.645834806506034,30.873415471943346,29205000,AVGO
2020-09-02,33.07954025268555,33.42796919414898,32.07041975144172,32.272420174293096,37053000,AVGO
2020-09-03,31.057769775390625,32.54057542033902,30.887524262254722,32.28565132203363,41795000,AVGO
2020-09-04,32.01573181152344,32.86078150115086,31.182149821778353,31.841078203925814,58514000,AVGO
2020-09-08,30.92105484008789,31.99809676966537,30.8734208085234,31.108057783727688,26685000,AVGO
2020-09-09,31.75816535949707,31.918709822709708,30.970454023090397,31.41679596358295,26273000,AVGO
2020-09-10,31.49795150756836,32.44620740899199,31.26066628764433,31.943411882643904,22851000,AVGO
2020-09-11,31.72905731201172,32.13217326702456,31.286241843336477,31.7996233826181,17362000,AVGO
2020-09-14,31.94957733154297,32.27507090036144,31.698179640833715,32.144521500588354,16447000,AVGO
2020-09-15,32.36504364013672,32.73640461773436,32.2274346154828,32.31123496149041,16618000,AVGO
2020-09-16,32.37651443481445,32.814036855450354,32.31564947492657,32.47707554307681,18498000,AVGO
2020-09-17,32.277713775634766,32.64819650857386,31.31446405388948,31.31446405388948,22862000,AVGO
2020-09-18,31.73169708251953,32.447078974095994,31.318876718339666,32.38356918420228,35295000,AVGO
2020-09-21,31.3142147064209,31.329345554983288,30.574507724255696,31.155768643669944,24198000,AVGO
2020-09-22,32.186561584472656,32.20525443657283,31.417478904958607,31.721909234148264,19500000,AVGO
2020-09-23,31.29642105102539,32.15273362178561,31.1593401392966,32.06105206080772,15542000,AVGO
2020-09-24,31.379201889038086,31.8287233619879,31.073885320896537,31.17269087614074,13611000,AVGO
2020-09-25,31.76018714904785,31.842079165476022,31.001787008351126,31.337372118090308,18183000,AVGO
2020-09-28,32.694828033447266,32.795412887510615,31.958682862055902,32.194569319488636,22192000,AVGO
2020-09-29,32.424224853515625,33.006378966993424,32.40019070330129,32.711741609816585,13722000,AVGO
2020-09-30,32.429561614990234,33.02417415008281,32.197237188117725,32.30761157966818,22403000,AVGO
2020-10-01,32.810546875,32.998365030552506,32.47407217056239,32.84437057776719,16016000,AVGO
2020-10-02,31.762859344482422,32.48298420069294,31.702332523490075,32.04503487460664,17100000,AVGO
2020-10-05,32.58802032470703,32.65478149231948,32.03613457063128,32.11980589615584,18923000,AVGO
2020-10-06,32.3993034362793,33.1131972075154,32.22483681733851,32.588904304356305,16672000,AVGO
2020-10-07,32.644981384277344,32.92270519998969,32.58445118169645,32.788293243355454,12747000,AVGO
2020-10-08,33.2315788269043,33.317032818358946,32.78472976628815,32.92536925679394,17045000,AVGO
2020-10-09,33.53156280517578,33.825310553030874,33.29122806043902,33.46302234313232,17253000,AVGO
2020-10-12,34.04161071777344,34.27927648347727,33.806613904119025,33.98464251353276,18839000,AVGO
2020-10-13,33.95793533325195,34.51961390384777,33.70157672150878,34.2178593388827,16731000,AVGO
2020-10-14,33.852012634277344,34.158222275053205,33.63392935255864,34.140419073090555,17298000,AVGO
2020-10-15,33.81908416748047,33.86893178296872,33.38202448544096,33.38469683376448,14361000,AVGO
2020-10-16,33.70513916015625,34.11727153403893,33.66062946140485,34.11727153403893,10295000,AVGO
2020-10-19,33.448787689208984,34.14665774410155,33.39359876933136,33.93569501634933,14803000,AVGO
2020-10-20,33.55738067626953,33.92678610366412,33.43008930253927,33.559159977889685,13297000,AVGO
2020-10-21,33.117645263671875,33.54580151244833,32.9627577686747,33.44877526432167,11896000,AVGO
2020-10-22,33.23514938354492,33.318820699832514,32.67791899448834,33.03130729969846,13547000,AVGO
2020-10-23,33.177284240722656,33.285882744195646,33.00281763111594,33.225352542116056,8868000,AVGO
2020-10-26,32.31562805175781,32.93160244035687,31.832282912092296,32.899558040290664,15509000,AVGO
2020-10-27,32.00941848754883,32.50611857363445,31.975594786232154,32.50611857363445,9620000,AVGO
2020-10-28,30.906543731689453,31.587500116404758,30.75700090141688,31.510949399654873,22331000,AVGO
2020-10-29,31.600841522216797,31.995174022283422,30.742746429696894,30.91098545534316,15697000,AVGO
2020-10-30,31.121952056884766,31.421037659610338,30.6581894051653,31.100586859196877,18530000,AVGO
2020-11-02,31.266159057617188,31.6346782220269,31.008017712372133,31.603523466263788,11757000,AVGO
2020-11-03,31.489582061767578,31.97737892429152,30.85758367920741,31.68452423487328,15457000,AVGO
2020-11-04,32.45716094970703,32.84436949775639,31.790445908531762,32.08775220529942,21277000,AVGO
2020-11-05,33.90275192260742,34.061194641151324,33.11408674592868,33.145241499205305,21783000,AVGO
2020-11-06,33.880496978759766,34.151989854684864,33.573397700441404,33.82975972293676,13545000,AVGO
2020-11-09,33.42830276489258,35.061708089846526,33.38112411726079,34.63533114676456,24088000,AVGO
2020-11-10,32.323638916015625,33.22000946232642,32.07706986753142,32.96365086132094,26784000,AVGO
2020-11-11,33.46213150024414,33.57073001295063,32.806098961475655,33.011720340280654,15133000,AVGO
2020-11-12,32.952964782714844,33.700682100473514,32.78205680301707,33.578732065051405,12160000,AVGO
2020-11-13,33.24671173095703,33.58763806728195,33.0758071331047,33.380234025303444,10997000,AVGO
2020-11-16,33.897403717041016,33.94725131212858,33.29121892991354,33.363317975315056,12100000,AVGO
2020-11-17,33.87870788574219,34.04249185643305,33.56092609942806,33.70602061921951,11950000,AVGO
2020-11-18,33.880496978759766,34.26503661688936,33.791484368390044,33.815515124611395,13517000,AVGO
2020-11-19,34.21074295043945,34.25614230937092,33.322385816236604,33.62236114658244,14555000,AVGO
2020-11-20,34.12171936035156,34.61307473240431,34.06564081346967,34.20895265550118,16140000,AVGO
2020-11-23,34.44841384887695,34.63979405786682,34.09235654055632,34.30331925633713,12212000,AVGO
2020-11-24,34.91394805908203,34.96557496492712,34.37541396369172,34.59260758238218,13455000,AVGO
2020-11-25,34.789337158203125,35.20503164082957,34.62644275511415,34.9682554645727,11787000,AVGO
2020-11-27,35.156063079833984,35.53170278446433,34.982486126873134,34.99583767777579,6846000,AVGO
2020-11-30,35.74623107910156,35.79785798668304,34.95934519017095,35.07328500100339,15454000,AVGO
2020-12-01,36.01238250732422,36.20020068017366,35.61627061233617,35.9135769462602,18181000,AVGO
2020-12-02,35.9376106262207,36.08715344194954,35.70439310419782,36.02751288755668,10031000,AVGO
2020-12-03,35.5877799987793,36.196637182851525,35.43645790008268,36.00614668795022,16120000,AVGO
2020-12-04,36.645267486572266,36.70935968569867,35.81832701305425,35.819220059325524,20083000,AVGO
2020-12-07,37.465091705322266,37.638668680951646,36.793035258677435,37.06630744938719,19707000,AVGO
2020-12-08,37.68940734863281,37.982262053882586,37.22208601046828,37.321781229276716,18121000,AVGO
2020-12-09,37.04939270019531,37.92884972042811,36.822406146509564,37.3386853599678,20908000,AVGO
2020-12-10,36.499298095703125,36.96306090460338,36.31859708719923,36.62391713907528,26244000,AVGO
2020-12-11,36.12364959716797,36.22868610788556,35.45248283032007,35.96164487967093,26664000,AVGO
2020-12-14,36.65594482421875,36.878479698870095,36.139662285133525,36.18684092814509,26116000,AVGO
2020-12-15,37.21317672729492,37.33156478059275,36.76187596723026,36.9657180216551,21207000,AVGO
2020-12-16,37.82204055786133,38.02232064911813,37.11526732137453,37.20784193952811,23160000,AVGO
2020-12-17,37.92884826660156,38.27689181212942,37.790877717499264,37.96445466495475,17152000,AVGO
2020-12-18,39.01150894165039,39.109358508396596,37.883966737475504,38.13532844955235,45243000,AVGO
2020-12-21,38.50160217285156,38.78169241524915,38.03657956461071,38.436066624443306,19096000,AVGO
2020-12-22,38.88044357299805,38.920839525736234,38.42260222801841,38.501603095576684,17929000,AVGO
2020-12-23,38.194580078125,39.14077885078039,38.16046474591897,39.05100778890037,10533000,AVGO
2020-12-24,38.73320770263672,38.7816855758487,38.383993048573544,38.466582824516834,4123000,AVGO
2020-12-28,38.77091598510742,39.254790687390624,38.70538386598946,38.991754706133754,10625000,AVGO
2020-12-29,38.51595687866211,39.12551235231126,38.31397031184727,39.12551235231126,9593000,AVGO
2020-12-30,39.03573989868164,39.320316228929556,38.61111334398075,38.752057374883805,10553000,AVGO
2020-12-31,39.306854248046875,39.36520508863787,38.87594703983484,39.16860532295393,10211000,AVGO
2021-01-04,38.17303466796875,39.70096122762374,37.8157414410783,39.43972311005681,24171000,AVGO
2021-01-05,38.431575775146484,38.54738022904932,37.9198732346015,38.15776960920885,15069000,AVGO
2021-01-06,38.194580078125,39.01330353196518,37.752899193636715,38.000671981808814,17226000,AVGO
2021-01-07,39.80419158935547,39.91191752813726,38.65600300790659,38.7870706511973,21267000,AVGO
2021-01-08,40.00617599487305,40.39668721064504,39.378669096382005,40.12826789690757,15271000,AVGO
2021-01-11,40.01696014404297,40.28807122200246,39.53757499305633,39.554632659499624,11660000,AVGO
2021-01-12,40.34282302856445,40.82490317679744,40.00258756350575,40.197392846035186,13846000,AVGO
2021-01-13,40.506221771240234,40.71090351264865,40.22792939502826,40.42452920584182,13118000,AVGO
2021-01-14,40.58341598510742,41.16065058165408,40.516983220489855,40.71268916576358,19692000,AVGO
2021-01-15,40.02503204345703,40.39758840284094,39.55911571101012,40.23420331316168,18165000,AVGO
2021-01-19,41.22977828979492,41.249531071717904,40.24318025566134,40.24318025566134,18819000,AVGO
2021-01-20,41.464088439941406,41.8150975893276,40.84645438720334,41.25222545689856,14710000,AVGO
2021-01-21,41.90755844116211,42.1454547951599,41.33122106578911,41.48472975992605,15749000,AVGO
2021-01-22,41.7459716796875,41.973097857862456,41.508972534793934,41.62926999400009,16248000,AVGO
2021-01-25,41.72532653808594,42.19304080180621,40.9434101488516,42.15354208446911,14692000,AVGO
2021-01-26,41.64273452758789,41.92641365651933,41.46408622889327,41.53321069281014,10742000,AVGO
2021-01-27,39.921791076660156,41.0223989397354,39.635416874941974,40.89492365411456,21857000,AVGO
2021-01-28,40.553802490234375,41.158868553555024,40.130973688478704,40.894041495181575,16946000,AVGO
2021-01-29,40.442474365234375,41.12474667228336,40.184828644103874,40.38861310515674,22069000,AVGO
2021-02-01,41.900386810302734,42.13199917588673,40.71988050344438,40.922764346932894,17027000,AVGO
2021-02-02,42.810672760009766,42.8187512644002,42.01349320679954,42.17149491750995,16141000,AVGO
2021-02-03,41.76123046875,42.957896920230354,41.7073657871317,42.81515842480584,17857000,AVGO
2021-02-04,42.24959182739258,42.297172468028755,41.06908579173246,41.29531129341849,15243000,AVGO
2021-02-05,41.834842681884766,42.814259326702775,41.776488423206594,42.581746372054106,12488000,AVGO
2021-02-08,42.435428619384766,42.5000635095855,41.79624729315308,42.08082710536465,17610000,AVGO
2021-02-09,42.60868835449219,42.658960694682186,42.069154504042984,42.37258643200858,12758000,AVGO
2021-02-10,42.197532653808594,42.86543908267791,41.78816921291757,42.84030291128354,14587000,AVGO
2021-02-11,42.94622802734375,43.032410152046616,42.12031999424493,42.524296563448374,17123000,AVGO
2021-02-12,43.65813446044922,43.720974896597106,42.632034039554036,42.94534241354498,13551000,AVGO
2021-02-16,43.91038131713867,44.41759767190171,43.72096282967882,44.06748578869472,15163000,AVGO
2021-02-17,43.313392639160156,43.64016278148775,42.64728084756213,43.47049366912535,14084000,AVGO
2021-02-18,43.383419036865234,43.576429873091676,42.653569523033205,43.11140734932481,16715000,AVGO
2021-02-19,43.98488998413086,44.44991248029075,43.698515767733056,43.7416068272965,17992000,AVGO
2021-02-22,42.76399612426758,43.68416147585317,42.67063271499886,43.44985743379043,16967000,AVGO
2021-02-23,42.363609313964844,42.60779317757045,40.94161432366783,42.29538207405383,21303000,AVGO
2021-02-24,43.16976547241211,43.217342694026854,41.5341097012911,41.98476971948985,15125000,AVGO
2021-02-25,41.04036331176758,43.03510679501041,40.86530734906919,42.619459325223026,23148000,AVGO
2021-02-26,42.181365966796875,42.710126143439545,41.36174539985759,41.97129746582465,22640000,AVGO
2021-03-01,43.95079040527344,43.98849466489367,42.539568938706374,43.06383964840495,24677000,AVGO
2021-03-02,43.13655090332031,44.065695454361844,43.054858344874,44.02170715365998,18546000,AVGO
2021-03-03,41.57001876831055,43.2155474776733,41.472165784311606,42.9112183277806,23991000,AVGO
2021-03-04,39.82215881347656,41.9237313364513,39.62825069381075,41.445243368592536,34575000,AVGO
2021-03-05,40.41016387939453,40.936229034032145,38.871463711729696,40.77912795752319,42414000,AVGO
2021-03-08,37.81663513183594,40.214457960999695,37.63798682284279,40.113012624727645,45243000,AVGO
2021-03-09,39.82304763793945,40.11929485491448,38.65600681660397,39.112947438844884,37884000,AVGO
2021-03-10,39.28351593017578,40.75937555716275,39.05998209032348,40.15969639295929,19914000,AVGO
2021-03-11,40.728851318359375,41.0663951455937,39.68749131803264,40.309614939954514,26170000,AVGO
2021-03-12,40.50262451171875,40.71089513538198,39.90563707825909,39.981045584648164,18906000,AVGO
2021-03-15,42.26216506958008,42.30346167354365,40.6839663267317,40.862614634134275,31241000,AVGO
2021-03-16,42.9273796081543,43.44985578780077,41.960530876287784,42.3070504425788,31190000,AVGO
2021-03-17,43.413047790527344,43.74341033997345,42.19393673202753,42.21997013240371,23754000,AVGO
2021-03-18,41.667877197265625,43.391506333203544,41.63196740079692,42.60240858940172,28728000,AVGO
2021-03-19,42.926368713378906,43.12722145683531,41.08431547086622,41.35121603464576,108602000,AVGO
2021-03-22,43.00054931640625,43.54339277799684,42.67393761451184,42.78612604553853,31805000,AVGO
2021-03-23,41.98543167114258,43.008694758097946,41.857864171201456,42.864840503321524,24712000,AVGO
2021-03-24,41.371124267578125,42.52195511554935,41.33493377172174,42.47309829127479,20882000,AVGO
2021-03-25,41.771907806396484,41.9818098494755,40.65093467370728,41.162112310302966,17537000,AVGO
2021-03-26,43.612159729003906,43.69901552394185,41.31411884922736,41.31411884922736,28925000,AVGO
2021-03-29,42.75989532470703,43.53254467768376,42.36633151488801,43.4637841278164,28410000,AVGO
2021-03-30,41.270694732666016,41.98001252122146,40.859939883832375,41.96915468303074,27935000,AVGO
2021-03-31,41.94924545288086,42.25776194575514,40.930507019843155,41.52763627239256,28684000,AVGO
2021-04-01,43.06117630004883,43.11817477069111,42.45047297681474,42.71013612772258,23528000,AVGO
2021-04-05,44.19482421875,44.29977528239269,43.1398950164407,43.45474475605291,22966000,AVGO
2021-04-06,43.777732849121094,44.17129323727865,43.22312373435525,43.70987653868573,18063000,AVGO
2021-04-07,43.650150299072266,43.781338210754186,43.24663642460951,43.42848963169252,12074000,AVGO
2021-04-08,43.92338943481445,44.149574803578865,43.438448639225484,44.149574803578865,18121000,AVGO
2021-04-09,43.88810348510742,43.90800721787073,43.11454993292441,43.42759109281654,16614000,AVGO
2021-04-12,43.75963592529297,43.91796500936204,43.30093197812417,43.60221108580212,23247000,AVGO
2021-04-13,43.876338958740234,44.17128485841447,43.453825566540246,43.87995938782036,15281000,AVGO
2021-04-14,43.18331527709961,44.25905227217502,42.992416128680475,43.65106857992895,18220000,AVGO
2021-04-15,43.42759323120117,43.63658761247916,43.13626773002579,43.575972166712745,18370000,AVGO
2021-04-16,43.31812286376953,43.58864039849194,43.13626961588984,43.471023028647146,16263000,AVGO
2021-04-19,41.7990608215332,43.13807791807408,41.62263649318825,43.113649509372145,26319000,AVGO
2021-04-20,41.370216369628906,41.80177574243643,41.12412378058948,41.619018241210625,19128000,AVGO
2021-04-21,41.5991096496582,41.648870708428866,40.94859890758498,41.185642120130865,25947000,AVGO
2021-04-22,41.17569351196289,41.72124978709173,40.62289637782537,41.1747858161005,27057000,AVGO
2021-04-23,42.17271423339844,42.32833057074801,41.39192326445715,41.48149178864034,22890000,AVGO
2021-04-26,42.69023132324219,42.86936838325356,41.941102668459735,42.25323960795242,18271000,AVGO
2021-04-27,42.192623138427734,42.90827407774569,42.07591345959531,42.857608768860544,13267000,AVGO
2021-04-28,41.54573059082031,42.158242391245686,41.26073824318167,42.10395665541755,15940000,AVGO
2021-04-29,42.187198638916016,42.494810929056165,41.53035464624692,42.494810929056165,14650000,AVGO
2021-04-30,41.27430725097656,41.684157810890675,41.06078819664782,41.59187309887283,19367000,AVGO
2021-05-03,40.726036071777344,41.60363647959687,40.55775339801271,41.595491375921966,15098000,AVGO
2021-05-04,40.21937561035156,40.50527562388504,39.56524792058359,40.461847730040525,23497000,AVGO
2021-05-05,40.15514373779297,40.843653493925814,40.02305155416419,40.75046453434176,16388000,AVGO
2021-05-06,40.584896087646484,40.63103671727439,39.79415151314066,40.15242906726164,13495000,AVGO
2021-05-07,40.94678497314453,41.47153663173517,40.64098125376446,41.128638184338655,11712000,AVGO
2021-05-10,39.45577621459961,40.58036989385768,39.42591889004572,40.5667993239645,25239000,AVGO
2021-05-11,39.814964294433594,39.96786446799829,38.27509436668346,38.45151870581669,17887000,AVGO
2021-05-12,38.2144775390625,38.98169808506859,37.921343503423486,38.83965574194617,29940000,AVGO
2021-05-13,38.95817565917969,39.33997397475269,38.50942182471281,38.89393632551104,21841000,AVGO
2021-05-14,39.955196380615234,40.271858003268555,39.08936148032356,39.48201761278281,16964000,AVGO
2021-05-17,39.80319595336914,40.00224018214786,39.16083033489307,40.00224018214786,15725000,AVGO
2021-05-18,39.242252349853516,40.21032533151949,39.20063294948877,40.163277013601565,17824000,AVGO
2021-05-19,39.96424865722656,40.03481770467877,38.514851468260304,38.54199261313066,21369000,AVGO
2021-05-20,41.16573715209961,41.55477626282903,40.29085300085909,40.32885197718253,21886000,AVGO
2021-05-21,40.82555389404297,41.43625368563028,40.65365080882886,41.43625368563028,13216000,AVGO
2021-05-24,41.54482650756836,41.83886820464433,41.28878724164024,41.33945254808384,14420000,AVGO
2021-05-25,41.57648468017578,41.88590883199968,41.30144597489773,41.79000370416509,9600000,AVGO
2021-05-26,41.662445068359375,41.80810782855121,41.21369470540659,41.68777772230578,9873000,AVGO
2021-05-27,42.31295394897461,42.381714499610204,41.586445218868995,41.61811103486466,19098000,AVGO
2021-05-28,42.733665466308594,42.94085139458101,42.31296044559225,42.52285910794576,19946000,AVGO
2021-06-01,42.369956970214844,43.246649770871244,42.26953059279326,43.01503544128208,16277000,AVGO
2021-06-02,42.860328674316406,43.21951054207299,42.47490645391064,42.68842554597883,13286000,AVGO
2021-06-03,42.0523796081543,42.50113332784698,41.913050040812934,42.41427754653133,20389000,AVGO
2021-06-04,42.9752197265625,43.282831963710485,42.479421098422456,42.5680853757321,23865000,AVGO
2021-06-07,41.96010208129883,42.92817871423278,41.84158392028009,42.79427459043531,24142000,AVGO
2021-06-08,41.93748092651367,42.739079834018156,41.93567243759598,42.34642375736758,16615000,AVGO
2021-06-09,41.97368240356445,42.268628386170775,41.773733883732554,42.268628386170775,12126000,AVGO
2021-06-10,42.402523040771484,42.48123373386973,41.6371110767633,42.115718752581344,15413000,AVGO
2021-06-11,42.586185455322266,42.71556490806464,42.26500261189231,42.38171573786636,14508000,AVGO
2021-06-14,43.05031204223633,43.05664520469655,42.1663785798386,42.56717975504602,14675000,AVGO
2021-06-15,42.589813232421875,43.117277824782015,42.39167319285245,43.116370128728946,11131000,AVGO
2021-06-16,42.138336181640625,42.62418123659526,41.75200979288583,42.54727903717564,20437000,AVGO
2021-06-17,42.62871170043945,42.99693944368,41.97458389164047,42.05962775454669,20881000,AVGO
2021-06-18,41.93476104736328,42.50113209834126,41.664243571468845,42.275851000606686,28537000,AVGO
2021-06-21,42.364234924316406,42.43444503539079,41.801642713001435,42.05056947044697,18591000,AVGO
2021-06-22,42.349639892578125,42.7262248143031,42.06423940292804,42.54385942848374,13722000,AVGO
2021-06-23,42.55116271972656,42.662403229164276,42.2210830041579,42.2958532111831,17674000,AVGO
2021-06-24,42.861183166503906,43.188528915805904,42.728056996457845,42.84568024434219,12502000,AVGO
2021-06-25,42.14448547363281,43.07910252271355,41.943883180140205,42.978801375967244,19100000,AVGO
2021-06-28,43.11102294921875,43.42925200490051,42.44630339574291,42.490982561765406,13987000,AVGO
2021-06-29,43.507667541503906,43.52225566314259,42.923189613169605,43.07181523298343,14184000,AVGO
2021-06-30,43.479400634765625,43.63897256878142,43.0864048331953,43.59702736971663,15381000,AVGO
2021-07-01,42.8228874206543,43.5705825507884,42.758148719317035,43.5705825507884,11153000,AVGO
2021-07-02,42.6888427734375,43.63805138752421,41.552708668969906,43.47300807540879,37054000,AVGO
2021-07-06,43.154788970947266,43.47119188932237,42.700703269074936,42.89218540108924,13870000,AVGO
2021-07-07,42.81376266479492,43.34444465120328,42.524716846611895,43.3116196426449,12581000,AVGO
2021-07-08,42.901302337646484,42.95419036367593,42.08613107055128,42.346915474598084,16011000,AVGO
2021-07-09,43.78395080566406,43.84777818488132,42.676084897348346,42.81650513162632,16782000,AVGO
2021-07-12,44.291831970214844,45.045909779696636,43.1529637953895,43.887893392792506,33142000,AVGO
2021-07-13,44.133174896240234,44.454134409928066,43.94989815809378,44.253535583455914,11806000,AVGO
2021-07-14,43.912513732910156,44.861722447805064,43.835920883350674,44.60640947094242,14020000,AVGO
2021-07-15,43.524986267089844,44.1732914735837,43.14019592313122,44.066607589836316,12624000,AVGO
2021-07-16,42.679725646972656,43.79306285194072,42.60587024649813,43.681818872381704,13980000,AVGO
2021-07-19,42.460899353027344,42.48825295346776,41.72414348195859,42.261208330483605,14938000,AVGO
2021-07-20,42.727149963378906,43.060875005608196,42.24205836709004,42.66332257943715,20727000,AVGO
2021-07-21,43.67818069458008,43.70188900200781,42.71894034992196,42.82197896361498,13660000,AVGO
2021-07-22,43.432899475097656,43.67544353138781,43.2669482786886,43.45751910553537,12583000,AVGO
2021-07-23,44.05475616455078,44.093967390004885,43.47848367478691,43.77026694973082,13489000,AVGO
2021-07-26,43.97178649902344,44.09761861851471,43.73835915197181,43.964492437917364,11160000,AVGO
2021-07-27,43.344444274902344,43.932570890764694,42.655105187837314,43.836829833996056,14715000,AVGO
2021-07-28,43.55326461791992,43.683656844573235,43.24962711602661,43.46664024113399,8359000,AVGO
2021-07-29,44.14228820800781,44.29912266191738,43.53410208132306,43.62802048913899,9162000,AVGO
2021-07-30,44.25992202758789,44.345631588668375,43.72832865800344,43.94625306938344,11548000,AVGO
2021-08-02,44.19426727294922,45.09879686180583,44.08758685560069,44.59273445815285,15619000,AVGO
2021-08-03,44.38666534423828,44.47511235180023,43.76388752180126,44.26812729284991,11135000,AVGO
2021-08-04,44.4787483215332,44.67752795535658,44.13316922550848,44.545313133118526,12123000,AVGO
2021-08-05,44.46691131591797,44.71857558433722,44.21342440159188,44.71857558433722,8372000,AVGO
2021-08-06,44.26264953613281,44.507930987235994,44.13499479677228,44.22982452863022,9964000,AVGO
2021-08-09,44.19426727294922,44.39030949669165,43.8587161421636,44.35930713086748,5952000,AVGO
2021-08-10,43.97361373901367,44.355666721417364,43.56967509440487,44.3055161369175,9319000,AVGO
2021-08-11,44.09122848510742,44.31189031863032,43.74838332230508,44.206117754504184,9816000,AVGO
2021-08-12,44.155967712402344,44.22344385421028,43.469366055820274,43.97542842355245,8702000,AVGO
2021-08-13,44.3292236328125,44.58544448783794,43.9599326556846,44.00552662499948,8582000,AVGO
2021-08-16,44.5097541809082,44.579964288421465,44.16873167108332,44.20794289436779,9188000,AVGO
2021-08-17,43.64809036254883,44.334695618009015,43.267860027963984,44.27724749420051,16499000,AVGO
2021-08-18,42.76179122924805,43.50128092785278,42.70525791502068,43.462073180484865,15616000,AVGO
2021-08-19,43.17759323120117,43.3873122889935,42.1864391131944,42.52290162425389,14044000,AVGO
2021-08-20,43.32712173461914,43.42377759915235,42.895829548534095,43.112846104028975,10007000,AVGO
2021-08-23,43.990928649902344,44.33195117750632,43.375448414983225,43.432893051398025,15707000,AVGO
2021-08-24,43.897926330566406,44.04472929462337,43.78212225326873,43.98637333376604,9429000,AVGO
2021-08-25,44.07847213745117,44.33925309349058,43.91069829041817,43.91069829041817,10017000,AVGO
2021-08-26,44.29092025756836,44.507022003173766,43.82224298795782,44.041078701694275,10836000,AVGO
2021-08-27,45.22098159790039,45.266572082602735,44.37298536477893,44.497902666763764,16459000,AVGO
2021-08-30,45.48996353149414,46.3069573218959,45.431607577536305,45.591175997862685,19614000,AVGO
2021-08-31,45.33678436279297,45.70880927502083,44.92555170141235,45.70880927502083,17378000,AVGO
2021-09-01,44.96749496459961,45.52188180053304,44.942875337508035,45.251069380856734,12586000,AVGO
2021-09-02,44.85260009765625,45.224624976357546,44.69394299146952,45.20729941027077,16991000,AVGO
2021-09-03,45.379642486572266,46.13827698053499,45.138921089850605,45.21824791373342,25191000,AVGO
2021-09-07,45.28024673461914,45.37233902238783,44.77053560917212,45.37233902238783,12398000,AVGO
2021-09-08,45.0787353515625,45.58114896380143,44.50702295022189,45.55653281510532,13987000,AVGO
2021-09-09,44.99758529663086,45.47264534412562,44.939229333204956,44.939229333204956,13174000,AVGO
2021-09-10,45.422489166259766,46.13735919553747,45.27295224580552,45.32219149694995,16110000,AVGO
2021-09-13,45.4963493347168,45.81640099791176,44.976610171577704,45.77354448261256,14927000,AVGO
2021-09-14,45.761695861816406,46.08539285494206,45.44164415993839,45.77355001503389,14134000,AVGO
2021-09-15,46.47929000854492,46.56682567637328,45.538290275216646,45.784483036609906,23346000,AVGO
2021-09-16,46.26136779785156,46.42549631310309,45.61032515113127,46.06532559787506,17569000,AVGO
2021-09-17,46.138282775878906,46.28600056855674,45.68237087699342,45.953183351904364,34470000,AVGO
2021-09-20,45.11885070800781,45.86472308260651,44.53711032619099,45.499995755861235,30105000,AVGO
2021-09-21,45.09773635864258,45.35124497436409,44.731253971681724,45.3273629154748,16935000,AVGO
2021-09-22,45.97950744628906,46.2008685128539,45.210719484542565,45.3971754599331,20610000,AVGO
2021-09-23,46.32025909423828,46.59489219934022,45.97949134095886,46.155845731002245,18370000,AVGO
2021-09-24,46.3772087097168,46.43048082807596,46.00153936519471,46.133805163401746,10605000,AVGO
2021-09-27,46.370784759521484,46.45987997053051,45.68465913382508,45.90510215728868,9831000,AVGO
2021-09-28,45.100486755371094,46.058487926669,45.05639815507542,45.64975300026899,20124000,AVGO
2021-09-29,44.959041595458984,45.399002629948555,44.790952696333676,45.34021899205588,15783000,AVGO
2021-09-30,44.541114807128906,45.42196179044014,44.49978371588187,45.42196179044014,15735000,AVGO
2021-10-01,44.76339340209961,44.883718172499336,43.85866437223868,44.80931800434268,16052000,AVGO
2021-10-04,43.71630096435547,44.69083323434675,43.4251332838983,44.54111838695499,20093000,AVGO
2021-10-05,44.58612823486328,44.98751570052348,43.659356506994015,43.715386142576065,16557000,AVGO
2021-10-06,44.89474868774414,44.94710632102098,44.06074761578054,44.37579389805898,12042000,AVGO
2021-10-07,45.36685562133789,45.91612542774909,45.24837034245448,45.24837034245448,13261000,AVGO
2021-10-08,45.2685661315918,45.74159614072659,45.12435932226792,45.63321240933666,10279000,AVGO
2021-10-11,45.22172927856445,45.88764478313113,45.08486996695631,45.12069304944176,11186000,AVGO
2021-10-12,44.573265075683594,45.622197499633906,44.27383188302984,45.54320731843372,20991000,AVGO
2021-10-13,44.54846954345703,44.58245312424523,44.04696733516603,44.19576419312379,16424000,AVGO
2021-10-14,45.704872131347656,45.84724299102398,45.08212707184299,45.17765181152147,19233000,AVGO
2021-10-15,46.22382736206055,46.46355544515908,46.02451237635395,46.32945361782413,25103000,AVGO
2021-10-18,46.23392105102539,46.29086868069618,45.80222557272302,45.96112743411475,16042000,AVGO
2021-10-19,46.87963104248047,46.92371964066297,46.08787578199386,46.322095802871715,16383000,AVGO
2021-10-20,46.78778839111328,47.1588642937236,46.70053268130737,46.935667250381584,13458000,AVGO
2021-10-21,47.224998474121094,47.28378211578843,46.715227238132506,46.790545421435894,11787000,AVGO
2021-10-22,47.34072494506836,47.88907321868144,47.121199933012896,47.27918380080165,15367000,AVGO
2021-10-25,47.95244216918945,48.17563914942259,47.31959230845308,47.53176626393286,12416000,AVGO
2021-10-26,49.03628158569336,49.13915381090476,48.12971659719555,48.242690342341696,24043000,AVGO
2021-10-27,48.047977447509766,49.23835926814236,47.93316417522792,48.84799484314869,23500000,AVGO
2021-10-28,48.64132308959961,48.67622466392094,48.07735835733992,48.1425750025405,11872000,AVGO
2021-10-29,48.834228515625,48.87831713018194,48.08380757015174,48.08380757015174,15564000,AVGO
2021-11-01,48.5017204284668,48.91780292638595,48.21514624027209,48.712058433473786,16896000,AVGO
2021-11-02,49.33020782470703,49.67464761248125,48.375878640579344,48.446603301999254,16262000,AVGO
2021-11-03,49.8170166015625,49.947446406334926,49.02710076792607,49.512071893195696,14038000,AVGO
2021-11-04,50.39108657836914,50.43242117926073,49.68383638556009,49.94836802056164,15956000,AVGO
2021-11-05,51.33714294433594,51.40603160471107,50.50038450630302,50.51783704774692,18674000,AVGO
2021-11-08,51.339900970458984,51.79364252581492,51.261828789697425,51.61728811408838,17231000,AVGO
2021-11-09,51.23426818847656,51.61085554235336,50.98994663556084,51.3619404779523,15838000,AVGO
2021-11-10,50.40485763549805,51.519006670676745,50.3387264864987,50.91279279210713,18450000,AVGO
2021-11-11,51.01383972167969,51.17182361500407,50.40854371769937,50.76492460345444,14157000,AVGO
2021-11-12,51.73210525512695,51.9727548341863,50.93943535223252,51.29030469496313,13592000,AVGO
2021-11-15,51.9663200378418,52.14267444485279,51.420729284863526,52.14267444485279,13972000,AVGO
2021-11-16,52.24188232421875,52.31168899991196,51.68802243128834,51.812022745135785,13194000,AVGO
2021-11-17,52.321781158447266,52.47976501761535,51.81292800359215,52.184003844463646,12532000,AVGO
2021-11-18,52.796653747558594,52.973008170604096,52.32178761375682,52.455889434332605,12712000,AVGO
2021-11-19,52.23728561401367,53.01709647328071,51.98101949954597,52.93167326718379,19612000,AVGO
2021-11-22,50.81910705566406,52.54222407499662,50.74562838622837,52.509158498559415,25898000,AVGO
2021-11-23,50.988121032714844,51.05608819821263,50.3828250361565,50.740123919261514,17109000,AVGO
2021-11-24,51.319698333740234,51.35184591084542,50.278109827886,50.814520620448846,12084000,AVGO
2021-11-26,50.204627990722656,51.18834729199659,49.904276788167756,50.680412101908125,14219000,AVGO
2021-11-29,51.8349723815918,52.129815563618756,50.85584662844532,51.08730916043858,18703000,AVGO
2021-11-30,50.85585021972656,51.894681186183064,50.701541854167615,51.7366973102819,22574000,AVGO
2021-12-01,50.955055236816406,52.21524384425106,50.82370741115029,51.755990711012615,21980000,AVGO
2021-12-02,50.742881774902344,51.35460733374163,49.966746300161525,50.15687428146205,22619000,AVGO
2021-12-03,51.26366424560547,52.263000061682675,50.55457810374439,51.89008469583009,20305000,AVGO
2021-12-06,51.893760681152344,52.20513490596169,51.06434975246151,51.86344910971609,22482000,AVGO
2021-12-07,54.228607177734375,54.47384676472775,52.53855562058038,52.53855562058038,29562000,AVGO
2021-12-08,54.059593200683594,54.27820019964364,53.49654992375445,54.27820019964364,17998000,AVGO
2021-12-09,53.587486267089844,54.21390674817396,53.49839105620168,53.49839105620168,29080000,AVGO
2021-12-10,58.020198822021484,59.220685693587946,56.817875947160715,57.312948629352704,57087000,AVGO
2021-12-13,57.0998649597168,58.27187993608621,57.06036986018306,58.233302838333685,26898000,AVGO
2021-12-14,56.479862213134766,56.820626506185505,55.628405225569374,56.74898383999859,35956000,AVGO
2021-12-15,58.77152633666992,58.863375537273626,56.06009687004994,56.5404744260112,29092000,AVGO
2021-12-16,57.00984191894531,58.84501826312914,56.166653924208845,58.54190954396812,42748000,AVGO
2021-12-17,58.321468353271484,58.78347896333974,56.497314978890415,56.72051201414745,50661000,AVGO
2021-12-20,59.24640655517578,59.343770795544906,57.414905586968494,57.5260468603422,32770000,AVGO
2021-12-21,59.73725509643555,60.035828638119916,58.54110612902101,59.909187361475304,36534000,AVGO
2021-12-22,60.565494537353516,60.746679639045496,59.092031787018655,59.46733270092195,28383000,AVGO
2021-12-23,61.45289993286133,62.00105338505105,60.651456918299225,60.651456918299225,23596000,AVGO
2021-12-27,62.3292121887207,62.51593346043902,61.42146724814509,61.45290011972874,19442000,AVGO
2021-12-28,61.84114074707031,62.65089865571737,61.6590388392051,62.631483197278385,17247000,AVGO
2021-12-29,62.17484664916992,62.58064597755197,61.85223829884827,61.91509699564822,14797000,AVGO
2021-12-30,61.47877883911133,62.46046889616047,61.36415500473713,62.220127688282645,11473000,AVGO
2021-12-31,61.509300231933594,62.054682202197505,61.3114853702472,61.65350218126875,12046000,AVGO
2022-01-03,61.31609344482422,62.090723013615126,61.121974115621484,61.59341080224147,22591000,AVGO
2022-01-04,62.01862716674805,62.13602264128617,60.75314541977155,61.27542340021098,21103000,AVGO
2022-01-05,59.437747955322266,62.045428021183305,59.34622801445705,62.045428021183305,34961000,AVGO
2022-01-06,58.88589859008789,59.96002918728178,58.6455608507648,59.17522986712764,28581000,AVGO
2022-01-07,57.233097076416016,59.15211379288272,57.16931450978754,58.77681291114702,27832000,AVGO
2022-01-10,57.41889572143555,57.50023894282206,55.79290580033384,56.28190663377296,29793000,AVGO
2022-01-11,57.50117111206055,58.05117588091974,56.80973251550991,56.8993976622485,19037000,AVGO
2022-01-12,57.496551513671875,58.3275691850772,57.287639608558266,58.00588469767921,18806000,AVGO
2022-01-13,55.203155517578125,58.04007981564143,54.92214267492151,58.002183351504115,30048000,AVGO
2022-01-14,55.12735366821289,55.49802811490678,54.72339860214575,55.07281336943708,25661000,AVGO
2022-01-18,53.40985107421875,54.63465756523004,53.24346208160095,54.38322632840923,35825000,AVGO
2022-01-19,52.13236618041992,54.051383230210966,52.07320649962636,53.76020419691966,22692000,AVGO
2022-01-20,50.63023376464844,52.702698067314955,50.54241637495287,52.504879735138125,25225000,AVGO
2022-01-21,49.29082107543945,51.34017501047495,49.116110120069415,50.53041691962475,38010000,AVGO
2022-01-24,50.06267166137695,50.24107808673321,47.45776294982966,49.07450726657848,54256000,AVGO
2022-01-25,49.374935150146484,50.415788640465784,48.4579477881259,48.80736261584019,38158000,AVGO
2022-01-26,51.49916076660156,53.07522990993436,50.84746990170997,51.02587632347006,49715000,AVGO
2022-01-27,50.13014602661133,52.71379486558926,50.011826685300484,52.66387746094014,34183000,AVGO
2022-01-28,51.77462387084961,51.8115999897209,49.21316194788327,50.22720891107753,30254000,AVGO
2022-01-31,54.157684326171875,54.202978838802096,51.395628824841495,51.70991879107108,40288000,AVGO
2022-02-01,54.78995895385742,54.89903603744691,53.227754938628834,54.15675966035219,25719000,AVGO
2022-02-02,55.77996826171875,55.90660952447324,54.87407454219735,55.37046992674029,24443000,AVGO
2022-02-03,53.692710876464844,55.372313687817254,53.62523281694545,55.06264666070218,30602000,AVGO
2022-02-04,54.55331039428711,55.1421425077546,53.257326830789246,53.27951391029254,20548000,AVGO
2022-02-07,54.31944274902344,55.60895565460535,53.9986821835642,54.55330979777226,18671000,AVGO
2022-02-08,55.48324203491211,55.63391812535211,54.26028675800971,54.388775767685644,14570000,AVGO
2022-02-09,56.51115036010742,56.546278726905875,55.60710445620384,56.14232366614191,22004000,AVGO
2022-02-10,54.66424560546875,56.81620569705702,54.40634016814881,55.02844945277528,24920000,AVGO
2022-02-11,53.00590515136719,55.440729517835,52.604725162470864,54.66424859373411,27281000,AVGO
2022-02-14,53.48288345336914,53.873893736569116,52.69623293817636,53.1519531911381,19291000,AVGO
2022-02-15,55.718963623046875,56.02123616931005,54.376761524357036,54.44886248857168,34284000,AVGO
2022-02-16,55.20500183105469,55.53777981752873,54.28154397646016,54.91381932977168,22931000,AVGO
2022-02-17,53.52170181274414,54.684573454753284,53.5115321471351,54.5107899491324,21424000,AVGO
2022-02-18,53.613224029541016,54.3296178556145,52.99296247534262,53.70104143467554,19708000,AVGO
2022-02-22,53.379356384277344,54.557944732330434,52.67220478594035,53.61322701086807,20204000,AVGO
2022-02-23,52.245140075683594,54.08281028234583,52.203541057703866,53.63540838328398,22416000,AVGO
2022-02-24,53.61414337158203,54.14011683137205,50.75040900505224,50.987051220881206,35316000,AVGO
2022-02-25,54.35456848144531,54.48120973663343,53.059512311033934,53.59842702480573,22380000,AVGO
2022-02-28,54.30188751220703,54.75113715265247,53.279522105824185,53.70658466335348,25005000,AVGO
2022-03-01,52.70085906982422,54.318527309733426,52.2553049299284,54.05692637128706,24898000,AVGO
2022-03-02,54.148433685302734,54.58751713514809,53.02069034081481,53.10758033581669,21771000,AVGO
2022-03-03,53.48472595214844,54.88054077350118,53.09001315914794,54.87869302564944,26454000,AVGO
2022-03-04,55.09223556518555,56.00922293947891,53.9848278622623,54.79643364137957,44757000,AVGO
2022-03-07,52.754459381103516,55.350121758832366,52.689752949054444,55.1929785742092,26494000,AVGO
2022-03-08,53.23976516723633,55.0977708336465,52.09907707687469,52.89034688155465,26993000,AVGO
2022-03-09,55.187435150146484,55.61450115379387,54.261205715610814,54.42667082741031,22560000,AVGO
2022-03-10,54.32869338989258,54.5403769182503,53.278597667227814,54.12810340287538,19323000,AVGO
2022-03-11,53.4154052734375,54.94803126133388,53.347927203552686,54.72340644268148,19813000,AVGO
2022-03-14,52.48639678955078,53.612295951186,52.20446006213706,53.33313084580178,25234000,AVGO
2022-03-15,54.79364776611328,55.16339831157273,53.15564406939991,53.361780783081095,28260000,AVGO
2022-03-16,56.121063232421875,56.175600003512,53.989435739350895,55.15323477792485,29454000,AVGO
2022-03-17,55.709720611572266,56.10998024651401,55.24383417993686,55.899220587624995,18174000,AVGO
2022-03-18,56.42518997192383,56.68401574835194,55.0922301708456,55.82988715990245,41538000,AVGO
2022-03-21,55.95801544189453,56.35911791067126,54.801238960812675,56.35911791067126,25789000,AVGO
2022-03-22,56.89329147338867,57.09430774279749,55.77560153856847,55.99802479991582,19262000,AVGO
2022-03-23,55.7802619934082,56.8960918114626,55.75978867061416,56.582466918867745,13839000,AVGO
2022-03-24,58.2976188659668,58.37113750584974,56.02408270697555,56.45496321109799,26016000,AVGO
2022-03-25,58.52469253540039,58.66800932915817,57.705734863822485,58.35810850690671,14538000,AVGO
2022-03-28,58.89787292480469,58.936962872760965,57.306492068336745,58.24643296022592,14427000,AVGO
2022-03-29,59.697288513183594,60.054646807734684,58.62985003584734,59.560482576098885,23001000,AVGO
2022-03-30,58.731300354003906,59.959735238399766,58.3813829687617,59.45533248359604,18626000,AVGO
2022-03-31,58.600074768066406,59.46742720145713,58.44838332316711,58.67452708341261,21731000,AVGO
2022-04-01,58.34880828857422,59.05515742716761,57.57731159766146,58.78713334646315,16267000,AVGO
2022-04-04,59.08121109008789,59.25523964163183,58.119866735314595,58.296685651019075,16484000,AVGO
2022-04-05,57.152008056640625,58.840178376005326,57.04777765986955,58.587977026652,19778000,AVGO
2022-04-06,56.024078369140625,56.91655461429794,55.25816607335444,56.0315228896823,23742000,AVGO
2022-04-07,56.12179946899414,56.54895949342814,55.20884982167921,55.82213707693209,16583000,AVGO
2022-04-08,54.628135681152344,55.7067392604383,54.532279924567796,55.59413066820609,20464000,AVGO
2022-04-11,54.033470153808594,54.84032930692278,53.923655458287755,54.21680350350269,23512000,AVGO
2022-04-12,54.44852828979492,55.7067448295261,54.178643950119444,54.82450328226646,17350000,AVGO
2022-04-13,55.14371109008789,55.53178475262154,54.539728541153856,54.767732556890394,20266000,AVGO
2022-04-14,53.404354095458984,55.56435527292506,53.3122223701405,55.37171362901777,27385000,AVGO
2022-04-18,54.58161163330078,55.02087040028214,53.311296380879114,53.311296380879114,21375000,AVGO
2022-04-19,55.61646270751953,55.71696906198933,53.91712749414543,53.91712749414543,16581000,AVGO
2022-04-20,55.625770568847656,57.0877935724085,55.38473777888009,56.228819379496464,13920000,AVGO
2022-04-21,55.1613883972168,57.31487514981279,54.968750305591456,56.35353073424998,20352000,AVGO
2022-04-22,54.62347412109375,55.7206906301481,54.55926025160297,54.91755575095205,21064000,AVGO
2022-04-25,54.71003341674805,54.791930258662354,53.15029423492053,54.11535917906689,26959000,AVGO
2022-04-26,52.121944427490234,54.48482216284495,52.088442304259296,54.330336797313784,35809000,AVGO
2022-04-27,52.07261657714844,53.05350415935652,51.650110700125886,51.72362934268813,19313000,AVGO
2022-04-28,53.878055572509766,54.44387834803989,51.92651850222425,52.66823365797318,22334000,AVGO
2022-04-29,51.59333801269531,53.816619154044346,51.501206297566036,53.28988291140887,26108000,AVGO
2022-05-02,53.63700866699219,53.75706177836101,51.778537369872694,51.84926564670982,26725000,AVGO
2022-05-03,54.08557891845703,54.60487069385351,53.210781944749115,53.605373544432716,17064000,AVGO
2022-05-04,56.1785774230957,56.216733706508094,53.41645727317866,54.143283351001074,23896000,AVGO
2022-05-05,53.975765228271484,55.63973478169026,53.44530488556509,55.30098596357081,32806000,AVGO
2022-05-06,53.98599624633789,54.90546385121923,52.993013550039656,53.50579089789299,20745000,AVGO
2022-05-09,52.38718032836914,53.79057402225606,52.140563209461,53.31408907284606,30074000,AVGO
2022-05-10,54.106056213378906,55.014355376372535,53.213579766434975,54.02229912570548,29271000,AVGO
2022-05-11,52.777103424072266,54.413158527011696,52.660774350375576,53.47228750211893,26660000,AVGO
2022-05-12,53.192169189453125,53.382016906020425,51.953495999514224,52.43184110162749,25518000,AVGO
2022-05-13,54.74353790283203,55.05529899811852,53.37178269342399,53.70216041837276,19449000,AVGO
2022-05-16,54.22517013549805,54.827292403815534,53.757993575303324,54.384309650862114,14189000,AVGO
2022-05-17,56.59642028808594,56.67552675714395,55.2432818225856,55.41451646013638,24676000,AVGO
2022-05-18,53.09910583496094,55.904962678286246,52.69055887256549,55.837958434594825,35024000,AVGO
2022-05-19,50.83208465576172,52.18522674904667,50.1573774020843,51.92930134933077,34884000,AVGO
2022-05-20,50.55104064941406,51.64918758004901,47.689344228904204,51.5477475309236,40281000,AVGO
2022-05-23,48.98478698730469,49.84189753622892,47.85871865986935,48.765157601138085,58586000,AVGO
2022-05-24,48.78376388549805,49.21837202120918,48.03832832234587,49.01270157199017,25060000,AVGO
2022-05-25,49.475223541259766,50.01685244318351,48.755845586517474,48.755845586517474,17842000,AVGO
2022-05-26,51.2462158203125,51.61009208277319,49.11134230749175,49.46684392748972,39743000,AVGO
2022-05-27,54.28193664550781,54.484816707678945,52.1163549305755,52.30992667884217,37301000,AVGO
2022-05-31,53.988792419433594,54.63092767038671,53.604439260251546,54.395479143395114,30009000,AVGO
2022-06-01,53.38296127319336,54.99481947665548,52.899961885139525,54.68212465111566,18345000,AVGO
2022-06-02,53.673309326171875,53.76916508923045,52.87203452683485,53.767304846282315,29488000,AVGO
2022-06-03,52.424400329589844,53.00883611362342,52.20663120524626,52.94090174624969,20562000,AVGO
2022-06-06,52.229896545410156,53.2991918272359,51.88649358492741,53.18751690474047,14557000,AVGO
2022-06-07,53.32431411743164,53.468561026205954,51.88555486478568,52.16567759031596,15895000,AVGO
2022-06-08,52.61424255371094,53.62956232279941,52.31458017129437,53.215431111350256,24004000,AVGO
2022-06-09,51.76365280151367,53.38481193028123,51.736661528348385,52.22338486565035,18787000,AVGO
2022-06-10,50.372352600097656,51.28158180994949,50.22810567486993,51.19317057186446,24018000,AVGO
2022-06-13,48.171409606933594,49.6027209889499,48.022508520572245,49.02386948012895,31619000,AVGO
2022-06-14,48.40871810913086,48.85542491576427,47.889426327782154,48.85542491576427,24380000,AVGO
2022-06-15,49.017356872558594,49.67996548857229,47.975975801325035,49.24443077130855,19141000,AVGO
2022-06-16,46.26919174194336,47.87453515996492,45.813183740941874,47.64373724512562,37244000,AVGO
2022-06-17,46.406002044677734,46.565138024203044,45.402777248219955,46.06631954057475,43504000,AVGO
2022-06-21,47.27115249633789,47.94113357497047,47.18858028417951,47.30024320069939,21901000,AVGO
2022-06-22,46.55144500732422,47.27115632209238,46.37315659584343,46.57115022948133,24721000,AVGO
2022-06-23,46.59648895263672,47.08161329709063,46.07382982661779,47.08161329709063,16707000,AVGO
2022-06-24,47.770355224609375,48.02464742817805,47.053457462101434,47.38657054829538,21201000,AVGO
2022-06-27,47.45319366455078,48.2348376834434,47.1820133103414,48.212318964765345,13207000,AVGO
2022-06-28,46.77194595336914,48.24515167259429,46.74004175677503,48.100646745352684,15667000,AVGO
2022-06-29,46.017520904541016,46.53548721201193,45.666578265362396,46.49326327357992,14444000,AVGO
2022-06-30,45.585872650146484,46.32998171891252,45.10731329936908,45.79418596247046,18890000,AVGO
2022-07-01,44.838016510009766,45.44137209177019,44.04886629689826,44.98533853375538,21315000,AVGO
2022-07-05,44.693511962890625,44.75262762350537,43.53089681177432,44.29002207516342,20711000,AVGO
2022-07-06,45.28561782836914,45.70224460176182,44.618450143658904,45.09044125741917,22975000,AVGO
2022-07-07,46.780399322509766,47.047828348150816,45.80170308668541,45.80170308668541,21319000,AVGO
2022-07-08,46.79447555541992,46.88268192761721,45.979051636677184,46.259617486007414,12713000,AVGO
2022-07-11,45.309078216552734,46.1310706823946,45.13266902167173,45.93120493141808,21449000,AVGO
2022-07-12,45.16925811767578,46.22302036065213,45.0472718768486,45.77449300008964,21159000,AVGO
2022-07-13,45.20303726196289,45.56993023158798,44.31723654550692,44.56965309547914,17665000,AVGO
2022-07-14,45.476097106933594,45.667518748727474,44.424206960812526,45.270597238665246,19957000,AVGO
2022-07-15,46.397560119628906,46.42383375231984,45.61591596755985,46.056940727312394,18714000,AVGO
2022-07-18,46.078514099121094,47.14354104103034,45.80920940797809,46.932410601770854,18042000,AVGO
2022-07-19,47.761905670166016,47.982414402000245,46.53173089981066,46.61712017951953,27257000,AVGO
2022-07-20,48.021827697753906,48.5698260954373,47.33683417504103,47.81257652146383,27412000,AVGO
2022-07-21,48.57639694213867,48.588592343853286,47.482282915696345,48.09502399744207,13912000,AVGO
2022-07-22,48.09221267700195,48.77439281834867,47.54421776571029,48.68243511140721,17867000,AVGO
2022-07-25,48.14757537841797,48.167280600664036,47.530141501860925,47.89891372919183,15061000,AVGO
2022-07-26,47.95802688598633,48.49476060084009,47.754402687253645,48.29020214911248,17958000,AVGO
2022-07-27,49.52506637573242,49.750271461231485,48.50602186519348,48.62519102527351,25699000,AVGO
2022-07-28,50.07118225097656,50.344241832974326,48.84851362241352,49.600132637000144,14867000,AVGO
2022-07-29,50.24666213989258,50.467174506311096,49.75778288743588,49.91824175129931,18482000,AVGO
2022-08-01,50.330162048339844,50.651076109024785,49.773719625201785,49.866618720792076,11485000,AVGO
2022-08-02,49.845985412597656,50.59572530659565,49.472524004260265,50.03459357172953,13072000,AVGO
2022-08-03,51.30323028564453,51.42146159960623,50.119034322196335,50.228821565021626,19228000,AVGO
2022-08-04,51.87187576293945,51.90471779942232,51.140903308425315,51.459941768336144,16293000,AVGO
2022-08-05,51.7442626953125,51.79680995385634,50.97856895722578,51.13058373759634,14357000,AVGO
2022-08-08,51.189697265625,51.88970332178407,50.55255820287621,51.54814615551354,13722000,AVGO
2022-08-09,49.995174407958984,50.60979470966078,49.521311301002946,50.585396748178006,20072000,AVGO
2022-08-10,51.647605895996094,51.70484588972822,50.599470772196995,51.2394232804464,19519000,AVGO
2022-08-11,51.1803092956543,52.33823170313262,51.06958421379441,51.97978283065446,14268000,AVGO
2022-08-12,52.381404876708984,52.398293022515816,51.20095999585163,51.40364280212975,18399000,AVGO
2022-08-15,52.44989776611328,52.527780819025494,51.65605475772315,52.006059579570554,14329000,AVGO
2022-08-16,51.76396179199219,52.35418054822581,51.23473435949022,52.3147701089814,14782000,AVGO
2022-08-17,50.53847885131836,51.11274728768098,49.8300252095483,51.08084308793717,19022000,AVGO
2022-08-18,52.40204620361328,52.60003626085145,50.82374200257457,50.990769267017136,23459000,AVGO
2022-08-19,51.461814880371094,52.13273380339101,51.4092676246054,51.68983345935821,16923000,AVGO
2022-08-22,49.61514663696289,50.96073578875655,49.45562920754943,50.91194344335814,18555000,AVGO
2022-08-23,49.7118034362793,50.44746867741086,49.63016546665825,50.09370891507129,9003000,AVGO
2022-08-24,49.81126403808594,49.8544293912462,49.11688853446655,49.69115704248602,11883000,AVGO
2022-08-25,51.621337890625,51.654179926750004,49.94451122416258,50.05617414698758,17345000,AVGO
2022-08-26,48.87479019165039,51.70203303720496,48.79409364208316,51.500288083773505,25682000,AVGO
2022-08-29,48.24797821044922,49.051203177325924,48.043419743539964,48.79409744994406,16580000,AVGO
2022-08-30,47.517005920410156,48.59798325384378,47.04783190455595,48.49757789537889,18282000,AVGO
2022-08-31,46.833885192871094,47.870759277282495,46.59272979156518,47.870759277282495,32445000,AVGO
2022-09-01,46.167659759521484,46.28776675615981,45.11952450826525,46.116988166137325,31930000,AVGO
2022-09-02,46.93804168701172,48.77626502181825,46.75788119578582,48.60642426785575,40426000,AVGO
2022-09-06,46.74849319458008,47.29273670758678,46.01376588382633,46.77945956372994,24738000,AVGO
2022-09-07,47.398765563964844,47.80225542717716,46.83106554235519,47.19045222602279,20440000,AVGO
2022-09-08,48.03684616088867,48.112849966162145,46.79541010693813,47.16136522566555,22535000,AVGO
2022-09-09,49.0192985534668,49.354287311657,48.366205601625396,48.366205601625396,23019000,AVGO
2022-09-12,49.644229888916016,49.850667562182316,49.22197621834476,49.4274724796942,18157000,AVGO
2022-09-13,47.259891510009766,48.63175419036354,47.07503471947005,48.2160653441428,35136000,AVGO
2022-09-14,47.92612075805664,48.13724760837537,47.177318802459595,47.58643926899479,20605000,AVGO
2022-09-15,46.9305305480957,48.002122217384034,46.66216371456121,47.75533984767269,36574000,AVGO
2022-09-16,47.15198516845703,47.263648089305825,45.9659133998003,46.70345424052122,59012000,AVGO
2022-09-19,47.09005355834961,47.235499930262264,46.393802388100525,46.393802388100525,17948000,AVGO
2022-09-20,46.26618576049805,46.807612235668216,45.95277787550761,46.54205886680959,17132000,AVGO
2022-09-21,45.62086486816406,47.29945062624953,45.58585244597207,46.458264549738786,20669000,AVGO
2022-09-22,45.19223403930664,45.722112808355384,44.7560261417537,45.648308781170506,23540000,AVGO
2022-09-23,44.347259521484375,45.228186545480504,43.71518781242576,44.94053602102587,29649000,AVGO
2022-09-26,43.73979187011719,44.78441464543808,43.64990017573319,44.37564638676858,19361000,AVGO
2022-09-27,43.97539520263672,44.46175025787564,43.19571544382403,44.429582142126364,17850000,AVGO
2022-09-28,44.08989334106445,44.35388704145818,43.180577294728906,43.652739726686356,27605000,AVGO
2022-09-29,42.59202575683594,43.6555731726463,42.09526086069368,43.611100178550934,39997000,AVGO
2022-09-30,42.012943267822266,43.319668232868764,41.97793084544635,42.49077981410766,27202000,AVGO
2022-10-03,43.221256256103516,43.61582815922632,42.29301569318685,42.507807853743856,21479000,AVGO
2022-10-04,45.40513610839844,45.43352144277363,44.08043182478147,44.33023287396375,27277000,AVGO
2022-10-05,45.87255859375,46.183862350425656,44.610306594103896,44.71344525191885,18493000,AVGO
2022-10-06,45.371063232421875,46.33620409853138,45.29725921319378,45.77699075246838,17250000,AVGO
2022-10-07,43.57136917114258,44.78820268753146,43.43322167584346,44.69736528605529,28425000,AVGO
2022-10-10,41.41587829589844,43.53540029586899,40.86139344899826,43.52593972325186,33454000,AVGO
2022-10-11,40.75920867919922,41.51050311898361,40.26906722157528,41.17932889729737,28046000,AVGO
2022-10-12,40.74122619628906,41.22852691420415,40.49899438183495,40.90018980934483,15046000,AVGO
2022-10-13,41.44143295288086,41.990236487871464,39.274596925637184,39.496958316622376,27980000,AVGO
2022-10-14,40.41289138793945,42.0082126157508,40.347602241791705,41.9438691659924,22816000,AVGO
2022-10-17,41.19541931152344,41.75085000276794,41.00807032564262,41.590940655270785,24120000,AVGO
2022-10-18,41.14431381225586,42.442520172958645,40.70242820583772,42.410348452107776,20341000,AVGO
2022-10-19,41.18879318237305,41.47266095171492,40.77056792894832,40.99292933048609,12702000,AVGO
2022-10-20,40.715675354003906,41.84072906394023,40.51129306320945,41.17269932184791,23402000,AVGO
2022-10-21,42.55418014526367,42.642180445189105,40.60875989710075,40.88505485026286,26980000,AVGO
2022-10-24,43.196659088134766,43.411451275405355,42.684755816272386,42.83804164511303,25287000,AVGO
2022-10-25,43.53256607055664,43.92902942174898,43.22599079848758,43.33575293951717,18246000,AVGO
2022-10-26,43.63759994506836,44.63869544174907,43.085010015529136,43.335756737926324,29291000,AVGO
2022-10-27,43.0906867980957,44.54501991977405,43.044322406231515,44.09840575596405,18512000,AVGO
2022-10-28,44.74656677246094,44.88281925415393,43.11434159578697,43.238296413891746,23094000,AVGO
2022-10-31,44.48351287841797,44.73804235615812,43.99999494319533,44.1741005271592,19259000,AVGO
2022-11-01,44.273460388183594,45.118429385197174,43.82590049422774,45.02097211196776,16324000,AVGO
2022-11-02,43.150291442871094,45.46094871450736,43.1209568104046,44.498648601849915,21070000,AVGO
2022-11-03,42.02334976196289,42.85034318290368,41.76219679445114,42.6686720241383,23887000,AVGO
2022-11-04,44.02743911743164,44.367131834281686,42.89008755010298,43.228834570514664,28891000,AVGO
2022-11-07,44.96608352661133,45.2045289582073,43.674500495938325,44.16652972031878,17687000,AVGO
2022-11-08,45.61802673339844,46.2510477526785,44.803334547068424,45.53665352821726,20743000,AVGO
2022-11-09,44.4220085144043,45.32375528251962,44.38037621637272,45.27644158713225,23695000,AVGO
2022-11-10,47.932472229003906,47.98924288708098,46.09870561683542,46.45921084611477,33970000,AVGO
2022-11-11,49.02251434326172,49.10862325340445,47.50005495777414,47.764994344279685,26728000,AVGO
2022-11-14,48.561710357666016,49.67824585139787,48.540894206008076,48.7670420037929,21608000,AVGO
2022-11-15,49.62146759033203,50.392632437323094,48.81623601726524,50.145668525678516,23315000,AVGO
2022-11-16,48.42072296142578,49.06509597647187,48.28352117633214,48.89288537515074,25405000,AVGO
2022-11-17,48.4566764831543,48.51628784393101,47.60792115726152,47.78391815030493,20375000,AVGO
2022-11-18,48.74527359008789,48.98845112924214,48.35164729687792,48.90707792055155,14536000,AVGO
2022-11-21,48.96100997924805,49.28366932421732,48.362055680424156,48.53521197240955,18622000,AVGO
2022-11-22,50.1541862487793,50.17594809327869,49.1095635698881,49.48426506526664,18920000,AVGO
2022-11-23,50.49387741088867,51.23571125204984,50.03591130394581,50.182573652971264,13964000,AVGO
2022-11-25,50.14094543457031,50.58282751989436,50.1002588296106,50.21474946327961,7455000,AVGO
2022-11-28,49.412353515625,50.03212393018647,48.84746236644461,49.69905472385663,23505000,AVGO
2022-11-29,49.33477020263672,49.7567818518812,48.714054002339275,49.48711035844399,12694000,AVGO
2022-11-30,52.13935470581055,52.19896606976099,48.997917040014265,49.59213928656022,47349000,AVGO
2022-12-01,52.11285400390625,52.27087192412315,51.281128496437226,52.13934794000182,23006000,AVGO
2022-12-02,51.1713752746582,51.35115505830851,50.72476110013214,50.816544189630804,19320000,AVGO
2022-12-05,50.210018157958984,51.046475861528506,49.722717368212464,50.884671526086834,18548000,AVGO
2022-12-06,49.753936767578125,50.48725209563817,49.36882539139515,50.21095716156281,19655000,AVGO
2022-12-07,49.061309814453125,49.676351804414395,48.82948785003382,49.165394176710734,16524000,AVGO
2022-12-08,50.251644134521484,50.378436018148754,49.239189629495996,49.279879836576875,27514000,AVGO
2022-12-09,51.54228973388672,52.29169280225364,51.19029574289843,52.13083777841803,37028000,AVGO
2022-12-12,52.669227600097656,52.6919387511716,51.307623346463224,51.545123079197374,23416000,AVGO
2022-12-13,54.03273010253906,55.054641724063984,53.46405251901424,54.48502205363731,40414000,AVGO
2022-12-14,54.35443878173828,55.415145517007026,53.71952641091569,53.79711682543313,35218000,AVGO
2022-12-15,52.79886245727539,53.602199075155944,52.77047712674424,53.34577457537677,36876000,AVGO
2022-12-16,52.601097106933594,52.96917509995599,52.124206287331354,52.7468137462565,49549000,AVGO
2022-12-19,52.4408073425293,53.09437108873247,52.06774738517565,52.85966131137011,25092000,AVGO
2022-12-20,51.90555953979492,52.38070798053172,51.60978374823568,52.015280293038565,29831000,AVGO
2022-12-21,53.54758071899414,53.61246103375487,52.1851086675995,52.253803330496055,25619000,AVGO
2022-12-22,52.77093505859375,52.94744694254875,52.20896652638722,52.79574288177946,27553000,AVGO
2022-12-23,52.70796585083008,52.82150459036184,52.2328174177994,52.47611679659342,13761000,AVGO
2022-12-27,52.81386947631836,53.24989897721787,52.18415625346254,52.6240001025836,16677000,AVGO
2022-12-28,51.98855972290039,53.21745677710464,51.75575710273446,52.63258764581085,15410000,AVGO
2022-12-29,53.221275329589844,53.67829468321133,52.52382100101287,52.6526280516286,18176000,AVGO
2022-12-30,53.34721755981445,53.39683320548236,52.28624637621877,52.64976323672149,14376000,AVGO
2023-01-03,52.80814743041992,54.15249051877587,52.551490551210705,53.907283964197475,20173000,AVGO
2023-01-04,53.45311737060547,54.208776809272706,53.05143887793287,53.71549937289583,17074000,AVGO
2023-01-05,52.955081939697266,53.414965720257975,52.5829791317972,53.02091584936995,16277000,AVGO
2023-01-06,56.14277267456055,56.38797926210185,53.64968070995829,53.7279185393773,35261000,AVGO
2023-01-09,55.041717529296875,57.40600557832267,53.48365456938965,56.51200316574409,37739000,AVGO
2023-01-10,54.85471725463867,54.87379991609323,52.47516432990196,54.575163361638076,44635000,AVGO
2023-01-11,55.16098403930664,55.18006670003249,54.085701766904855,54.670570941552945,22502000,AVGO
2023-01-12,55.52354431152344,55.82599882622344,54.74308063637084,54.917681695085506,19514000,AVGO
2023-01-13,55.24303436279297,55.52258821737891,55.020724845059014,55.06652249832762,19647000,AVGO
2023-01-17,55.265933990478516,55.84984954778795,54.81750058576512,54.85185155707936,15835000,AVGO
2023-01-18,54.793643951416016,56.0597489862902,54.7392603789638,55.64470937195186,15703000,AVGO
2023-01-19,53.73744583129883,54.39005967989734,53.459799142510946,54.30037154470371,22692000,AVGO
2023-01-20,54.458763122558594,54.51410393562142,53.345315426813464,53.71932905990447,22950000,AVGO
2023-01-23,55.493961334228516,55.79546224243546,54.363342027564855,54.575154804961834,23429000,AVGO
2023-01-24,55.8183708190918,55.97675364148166,54.92150752331099,55.18961474469403,13825000,AVGO
2023-01-25,55.88038635253906,56.003464602739996,54.960622472318846,55.116140882326995,13766000,AVGO
2023-01-26,57.111183166503906,57.30009529853037,55.93571615079159,56.33167312603742,24525000,AVGO
2023-01-27,56.38702392578125,57.17512007931834,56.3106969128555,56.60933349373247,19344000,AVGO
2023-01-30,55.4767951965332,56.25534808782015,55.31555162945657,55.624681265276315,16984000,AVGO
2023-01-31,55.81645202636719,56.028264803580186,55.409048369460585,55.53594459046428,23719000,AVGO
2023-02-01,57.509056091308594,58.038588117406405,55.59606204783493,55.6790678034689,26553000,AVGO
2023-02-02,57.79719543457031,58.50037494247008,57.22281934077544,57.97466090882334,24188000,AVGO
2023-02-03,57.019596099853516,58.01377982302016,56.888881871858295,57.05585060854262,19093000,AVGO
2023-02-06,57.37070846557617,57.55389546064859,56.508192566462874,56.61123456875759,18709000,AVGO
2023-02-07,58.62535858154297,58.869611527855646,57.21995328294987,57.30964141871463,24025000,AVGO
2023-02-08,57.40982437133789,58.21795664587933,57.30582514773114,57.88401555379763,15290000,AVGO
2023-02-09,57.19037628173828,58.67115495949596,56.81540912770094,58.44884543862585,18837000,AVGO
2023-02-10,56.60264205932617,57.0997338579192,56.25725430502432,56.89459982465956,21035000,AVGO
2023-02-13,57.3535270690918,57.38787439965094,56.62363264604092,56.7696115306511,19847000,AVGO
2023-02-14,57.467063903808594,57.779057908879686,56.60931969651881,56.69041826537585,17571000,AVGO
2023-02-15,57.98039245605469,58.03668321934035,56.93182139499763,57.13791270369329,12683000,AVGO
2023-02-16,57.29819869995117,58.09965230780634,57.20374261650442,57.318234949156405,17449000,AVGO
2023-02-17,56.82590103149414,57.3277644003583,56.52631093314392,57.24666583061306,14215000,AVGO
2023-02-21,55.485382080078125,56.58737935130929,55.323184923120024,56.292560795795424,22737000,AVGO
2023-02-22,54.9730224609375,55.63326501558306,54.58469779771363,55.55312002871242,23475000,AVGO
2023-02-23,55.701011657714844,55.905192119747085,54.735450154434346,55.887063046476925,18939000,AVGO
2023-02-24,55.123775482177734,55.36134605305505,54.72877205172144,55.10278200780364,15353000,AVGO
2023-02-27,55.85844421386719,56.27348393891445,55.7449054643574,55.89852035333993,18321000,AVGO
2023-02-28,56.70186996459961,57.1111844460205,55.54643916850827,55.86892991745277,27822000,AVGO
2023-03-01,56.63317108154297,57.0758793016675,56.32117707211069,56.6742007996789,15484000,AVGO
2023-03-02,57.117862701416016,57.336354231044176,55.923313010729345,56.234353433685705,27525000,AVGO
2023-03-03,60.37234115600586,60.65571302648937,58.7493978027853,58.93544919540737,46088000,AVGO
2023-03-06,60.38761520385742,61.449540143159226,60.27407644854831,60.58607053875035,24983000,AVGO
2023-03-07,59.64626693725586,60.660486980301485,59.489794927126724,60.57366323110676,19334000,AVGO
2023-03-08,60.32463455200195,60.36947498178742,59.505051949733094,59.897190971284765,20912000,AVGO
2023-03-09,59.39533233642578,61.29592613448623,59.3342700027438,60.11664093459162,21775000,AVGO
2023-03-10,58.66162109375,60.12427084013967,58.469844536920064,59.93631227135541,26098000,AVGO
2023-03-13,58.818092346191406,59.57374823946352,57.90310005773359,57.9231363055178,22364000,AVGO
2023-03-14,60.343719482421875,60.430546868601006,59.0117802447286,59.47834277855306,25893000,AVGO
2023-03-15,59.73117446899414,60.115681145634596,58.79232799177438,59.88669286839373,22963000,AVGO
2023-03-16,60.72917175292969,60.783555327492856,58.94593499813936,59.33139887387633,31716000,AVGO
2023-03-17,60.20155334472656,61.02208954328456,59.83040415330096,60.72917816756575,79303000,AVGO
2023-03-20,61.41709518432617,61.51536561139357,60.261664259676756,60.37043142421313,25857000,AVGO
2023-03-21,61.1902961730957,62.13589632533336,60.95773885340148,61.79955536658645,25000000,AVGO
2023-03-22,60.630043029785156,62.319442352825334,60.60602077137973,61.20470765242386,25799000,AVGO
2023-03-23,61.42862319946289,62.28869931595601,60.68866938416979,61.39691000281734,27162000,AVGO
2023-03-24,61.13456344604492,61.43534942138322,60.40229690794389,61.31330622031361,17228000,AVGO
2023-03-27,60.23796844482422,61.416129639492794,60.15628616030419,61.40652146842525,14707000,AVGO
2023-03-28,60.03232192993164,60.20914013759481,59.471110895234744,60.08325146841206,12439000,AVGO
2023-03-29,60.10919952392578,60.926993832140944,60.026556787370644,60.80879243054922,26395000,AVGO
2023-03-30,60.90200424194336,61.12302882729913,60.474369160257396,60.803983304391274,21523000,AVGO
2023-03-31,61.650611877441406,61.715959175640286,60.148602798661855,60.59353703092329,22097000,AVGO
2023-04-03,61.73998260498047,61.87740034991181,61.160511997432806,61.40652297338642,15682000,AVGO
2023-04-04,60.96543502807617,61.91007847685889,60.733838138955434,61.80533071248679,13429000,AVGO
2023-04-05,60.44650650024414,60.70500700556954,60.12842140115903,60.651192446913676,16908000,AVGO
2023-04-06,59.834354400634766,60.38787812141318,59.48167479796628,59.980423516685875,14493000,AVGO
2023-04-10,60.29082107543945,60.33694836028699,59.239512692303485,59.39326908651473,15400000,AVGO
2023-04-11,59.731536865234375,60.62620753628965,59.659462750835964,60.61659569925426,16518000,AVGO
2023-04-12,59.2635383605957,60.30331773169947,59.221256541154474,60.28602229003797,14112000,AVGO
2023-04-13,59.98811340332031,60.205296185983805,59.302934624944896,59.49128922965472,17265000,AVGO
2023-04-14,59.53645706176758,60.35233048702112,59.1203546864472,59.62679073633364,17465000,AVGO
2023-04-17,60.28794479370117,60.38212027231386,59.3702086037545,59.44708864024595,13201000,AVGO
2023-04-18,60.76457977294922,61.07017164190011,60.26583472179273,60.69731158366334,16806000,AVGO
2023-04-19,60.97407913208008,61.19414326975848,60.11400303942848,60.23316488679691,19060000,AVGO
2023-04-20,60.83186340332031,61.76497790204914,60.26681046989036,60.33599957762071,20239000,AVGO
2023-04-21,60.82032012939453,60.90680832678602,59.77189313978874,60.59929555069215,14807000,AVGO
2023-04-24,60.97792434692383,61.39210581854747,60.71365747632377,60.89143614098301,12338000,AVGO
2023-04-25,59.77477264404297,61.117258730126764,59.74786536861227,60.92506233454688,23670000,AVGO
2023-04-26,59.21452713012695,59.88144636982537,58.956987090848926,59.57777904506558,17179000,AVGO
2023-04-27,59.42786407470703,59.589307739950684,57.96910105279364,59.21452675539461,18250000,AVGO
2023-04-28,60.20529556274414,60.23220283944678,59.05788716929372,59.49128861380638,16183000,AVGO
2023-05-01,61.305606842041016,61.405548669884375,60.17645811040899,60.20528995121843,17030000,AVGO
2023-05-02,58.84455490112305,60.205300723893025,58.14111651296334,60.134187058293406,28357000,AVGO
2023-05-03,58.92719650268555,59.76805262134926,58.85032013521687,59.28275749214194,19816000,AVGO
2023-05-04,58.63505935668945,59.0002321901761,57.78267414949025,58.61968481607165,17684000,AVGO
2023-05-05,60.55316925048828,60.68289971576036,58.94353123509424,59.1914630940828,24876000,AVGO
2023-05-08,60.45131301879883,60.61179992136292,59.636403645213484,60.5205057889831,13934000,AVGO
2023-05-09,59.43748092651367,59.971784720383056,59.18281855305524,59.84301102485199,16990000,AVGO
2023-05-10,60.183189392089844,60.349438967362104,59.414407453913796,59.77861979877995,19174000,AVGO
2023-05-11,60.317726135253906,60.39556661291768,59.38750053435101,60.21298204707988,14430000,AVGO
2023-05-12,60.65215301513672,60.801103493296665,59.985233774373704,60.38596158913981,11942000,AVGO
2023-05-15,61.4833984375,61.50453934672929,60.39461045253702,60.72134325966329,14614000,AVGO
2023-05-16,61.640995025634766,62.16665472022025,61.380573636292446,61.54681955417919,14967000,AVGO
2023-05-17,63.18144607543945,63.511056551408146,61.94274355668013,62.20893497405663,24133000,AVGO
2023-05-18,65.14472198486328,65.28502106746798,63.04017709233026,63.04017709233026,26389000,AVGO
2023-05-19,65.562744140625,65.82221239167886,65.19373321822343,65.3465254858686,22968000,AVGO
2023-05-22,65.18988800048828,65.7962695186831,64.78147659067965,65.48106579674625,17796000,AVGO
2023-05-23,65.9711685180664,67.17143106557776,65.5406520724839,66.36901498269667,36088000,AVGO
2023-05-24,65.30135345458984,65.76069797727885,64.96789390691472,65.48489477459553,23021000,AVGO
2023-05-25,70.03608703613281,70.38107931676026,66.38149300456892,67.2117766261168,49263000,AVGO
2023-05-26,78.10160064697266,78.31781932235704,71.78701235145829,71.8264054864093,82500000,AVGO
2023-05-30,77.19922637939453,88.58105447272783,76.76390041680216,80.25321660675851,116912000,AVGO
2023-05-31,77.64320373535156,78.96070715210557,75.92978211042764,76.38816625688773,89998000,AVGO
2023-06-01,75.9124984741211,77.43468805070445,75.45218602348478,76.9378564818753,80792000,AVGO
2023-06-02,78.03145599365234,79.16252963357203,75.64823327504484,75.97881160001853,62815000,AVGO
2023-06-05,77.09930419921875,77.76237434356989,76.34781394915133,77.76237434356989,26222000,AVGO
2023-06-06,75.91728210449219,77.07045307720398,74.60843019110823,77.07045307720398,37823000,AVGO
2023-06-07,76.1700210571289,77.40199296999901,75.67799918595522,75.89998786430532,28957000,AVGO
2023-06-08,77.28189086914062,77.35973136103429,75.80006216629572,76.3891410023304,21909000,AVGO
2023-06-09,77.32222747802734,78.58399528076352,77.25111749465312,77.43562660297313,19241000,AVGO
2023-06-12,82.19824981689453,82.45194805091256,77.94687799732968,77.94687799732968,51065000,AVGO
2023-06-13,81.79080200195312,82.95742691503446,80.81829075833554,82.7527409570314,38990000,AVGO
2023-06-14,85.15997314453125,85.38676408675607,81.41600536278493,82.25013090821919,43524000,AVGO
2023-06-15,84.89571380615234,85.33199293903807,83.70313490596874,84.98988927521289,33814000,AVGO
2023-06-16,83.4234848022461,85.52226693482066,83.16786568740649,85.45788009797795,68299000,AVGO
2023-06-20,83.41581726074219,84.28454117097475,82.74120701715646,82.89976934789264,27535000,AVGO
2023-06-21,81.89228057861328,83.66410435991776,81.59665475922047,83.0844469021909,23229000,AVGO
2023-06-22,81.3869857788086,82.01301978465823,80.69912598569732,81.64397408337035,23464000,AVGO
2023-06-23,79.427734375,80.7677131489379,79.10892767351903,80.57353095231534,37413000,AVGO
2023-06-26,79.37751007080078,80.86239776803755,79.24129137632686,79.70308314334055,21372000,AVGO
2023-06-27,81.96376037597656,82.11833961202674,79.31665360993827,80.05861477904564,24923000,AVGO
2023-06-28,81.91932678222656,82.94242291373344,80.86821445248579,81.0295526695713,19445000,AVGO
2023-06-29,83.33272552490234,83.35880321501249,81.7715062554563,82.54824993527181,23386000,AVGO
2023-06-30,83.80224609375,84.49204451924386,83.50275803330648,83.90755190984461,23145000,AVGO
2023-07-03,84.67269897460938,84.7007151708213,83.55975355313666,83.91721250280494,9038000,AVGO
2023-07-05,83.26412200927734,84.7171386958502,83.25350076856498,83.79934114396713,14440000,AVGO
2023-07-06,81.92511749267578,82.49511180355377,81.57055526319155,81.63528512971679,23939000,AVGO
2023-07-07,81.80435943603516,82.8902542294062,81.60244528725113,82.1598798803824,19409000,AVGO
2023-07-10,84.79732513427734,84.93644053851098,81.95216672365899,81.95216672365899,30622000,AVGO
2023-07-11,85.21467590332031,85.30645639268693,83.53172894089673,85.12386098126073,25498000,AVGO
2023-07-12,85.97789001464844,86.71598879206591,85.20983653994594,85.8861095297584,28197000,AVGO
2023-07-13,86.01749420166016,86.84640046638414,84.84948221377346,86.84640046638414,25912000,AVGO
2023-07-14,85.84555053710938,87.27247496036969,85.61175054069516,85.61175054069516,18510000,AVGO
2023-07-17,87.94874572753906,88.22504542586162,85.96147529423237,86.08030642415704,26819000,AVGO
2023-07-18,87.28020477294922,87.90526595262692,86.78072632477097,87.52655714029905,24513000,AVGO
2023-07-19,87.08118438720703,87.52558862333422,85.56054841383212,86.68508063304857,24118000,AVGO
2023-07-20,85.8223648071289,87.6251014047188,85.59629671413406,86.22812427109703,28268000,AVGO
2023-07-21,86.63484954833984,88.02602579192492,86.35274908172264,87.3826041073723,74287000,AVGO
2023-07-24,87.1024169921875,87.47436674633452,86.39136888104052,87.02610032939617,19992000,AVGO
2023-07-25,88.68684387207031,89.18824607868814,87.00872455611314,87.00872455611314,20042000,AVGO
2023-07-26,86.28126525878906,87.97483386907355,85.75570905834812,87.81833084950969,19877000,AVGO
2023-07-27,86.3237533569336,87.90042898223109,85.59628313959927,87.77000368565945,21922000,AVGO
2023-07-28,86.92853546142578,87.29276074659869,86.3643345370335,86.88313168207407,18791000,AVGO
2023-07-31,86.81841278076172,87.04544644768687,86.07934824655662,86.70731355144015,14952000,AVGO
2023-08-01,88.88102722167969,88.94092188521704,86.72662516654869,86.85029150482454,19683000,AVGO
2023-08-02,86.20492553710938,88.2047480501755,86.01073595241667,88.13712148676717,26877000,AVGO
2023-08-03,85.49774169921875,86.49764929448914,85.12096406961045,85.65618318609343,18281000,AVGO
2023-08-04,85.17604064941406,86.33245872946576,84.37610858493794,85.49775149655203,21156000,AVGO
2023-08-07,86.66478729248047,86.69473462007635,85.5257569398588,85.75858396031134,11146000,AVGO
2023-08-08,85.32191467285156,86.04068741408118,84.37899763820856,85.99142136813659,14081000,AVGO
2023-08-09,82.1888656616211,85.35766640017475,81.99468341332795,85.27941858283256,24672000,AVGO
2023-08-10,81.4323959350586,83.22933868623251,80.86916066129896,82.41974372144178,20186000,AVGO
2023-08-11,80.16294860839844,80.80443911930989,79.55624063403666,80.57354322188351,20331000,AVGO
2023-08-14,82.51444244384766,82.52216698311668,79.93302377448542,80.2953105627972,17688000,AVGO
2023-08-15,81.39569091796875,82.56466866063408,80.81024016466218,82.04200926775529,14035000,AVGO
2023-08-16,80.47500610351562,82.55307661166911,80.37549369842019,81.90482711046639,16003000,AVGO
2023-08-17,79.90596771240234,81.09620267508015,79.8972702355725,80.8150677926701,19228000,AVGO
2023-08-18,79.78424072265625,80.00934321854933,78.44715843172666,79.22003981726554,17759000,AVGO
2023-08-21,83.58101654052734,83.79355931602608,80.35714891162387,80.57838179436052,30012000,AVGO
2023-08-22,82.67771911621094,84.50943750652078,82.20336012974279,84.37998512559345,17079000,AVGO
2023-08-23,84.68621826171875,84.84176305166382,82.11833247182277,82.19272538112077,19692000,AVGO
2023-08-24,82.5492172241211,87.90140156945142,82.35600055289356,87.17586242882878,30934000,AVGO
2023-08-25,82.29415893554688,83.99642461119824,80.92712938328195,82.79653402234545,24181000,AVGO
2023-08-28,83.18877410888672,83.48343431452196,81.83913204136141,82.73567240488153,14306000,AVGO
2023-08-29,85.97595977783203,86.25709466309885,82.73856722954754,82.92985275580324,27822000,AVGO
2023-08-30,86.20299530029297,86.8242015466961,84.93065021889339,86.21362391215003,23234000,AVGO
2023-08-31,89.16022491455078,89.23557602254871,86.34694489861927,86.75657395339627,55203000,AVGO
2023-09-01,84.29399108886719,87.1294866782533,83.53464233917981,87.1294866782533,65017000,AVGO
2023-09-05,84.26017761230469,85.30646199242783,83.7606991935613,84.00318927691168,24808000,AVGO
2023-09-06,84.26982879638672,84.76254084654391,83.7355826100284,84.2920515862086,20142000,AVGO
2023-09-07,82.79751586914062,83.24771355627513,81.20248681666914,83.03613634300713,27789000,AVGO
2023-09-08,82.84774017333984,83.16462318150484,82.12993293866464,82.60138781053051,16810000,AVGO
2023-09-11,83.00135803222656,83.95393086890518,81.69809256885179,83.93170807587697,15710000,AVGO
2023-09-12,81.58890533447266,82.91728998153187,81.31259832062152,82.14151199143272,16680000,AVGO
2023-09-13,82.40142059326172,82.998473050264,81.56188536734395,81.84688259340287,17413000,AVGO
2023-09-14,84.20896911621094,84.69491482753115,82.6013805979294,82.99071798152929,19648000,AVGO
2023-09-15,82.28064727783203,83.87277957900739,81.43241468651989,83.87277957900739,50190000,AVGO
2023-09-18,82.11833953857422,82.72988276880386,81.1522414263557,81.40149786450338,16541000,AVGO
2023-09-19,82.0410385131836,82.2178331458862,81.00731397167424,81.73092188780505,13126000,AVGO
2023-09-20,80.67821502685547,82.56459670945272,80.65684944321532,82.56459670945272,13681000,AVGO
2023-09-21,78.52084350585938,79.89434775829668,77.23185301488664,77.23379466742117,53654000,AVGO
2023-09-22,80.53350067138672,80.67920613289895,78.71706247198209,78.80059799724356,27764000,AVGO
2023-09-25,81.00071716308594,81.45434494739497,79.94388025780465,80.42858930083175,15648000,AVGO
2023-09-26,79.28141021728516,80.64908188255217,78.797672021583,80.54223172313748,17641000,AVGO
2023-09-27,79.34164428710938,80.008965070592,78.1342476599793,79.5796301201278,15352000,AVGO
2023-09-28,80.81713104248047,81.48348835994268,79.13474111431418,79.6680137226369,16180000,AVGO
2023-09-29,80.67919921875,81.98665013342396,79.93416792830598,81.24938545254095,16481000,AVGO
2023-10-02,81.10367584228516,81.45433673175305,79.99146490394244,80.53154062685095,14676000,AVGO
2023-10-03,79.14929962158203,81.1813793747348,78.57425192519072,80.3314396852738,18761000,AVGO
2023-10-04,80.02159881591797,80.67921138262614,79.29210804549876,79.68356597687564,16417000,AVGO
2023-10-05,80.02645874023438,80.4897948659528,79.21245421834915,79.6621987755615,11474000,AVGO
2023-10-06,82.10516357421875,82.4091952348276,78.84721884514559,79.59322842670636,21103000,AVGO
2023-10-09,83.1367416381836,83.20765641861928,81.38343686972543,81.63890497623383,15760000,AVGO
2023-10-10,83.38249969482422,84.75599646045205,83.12119922562373,83.26010148303956,14718000,AVGO
2023-10-11,84.95125579833984,85.02701730823225,83.20183412302826,83.50878570067019,14334000,AVGO
2023-10-12,87.96634674072266,89.16403511073665,85.13289020082439,85.13289020082439,43871000,AVGO
2023-10-13,85.78855895996094,89.93918209789035,85.68267961114339,88.29661077361166,28312000,AVGO
2023-10-16,87.67202758789062,88.95616391567731,86.5452466312605,86.5452466312605,21150000,AVGO
2023-10-17,85.90705871582031,86.74047963099933,84.11975292102872,85.97990773276169,33008000,AVGO
2023-10-18,86.16254425048828,86.9979143980311,85.01341932626904,85.47482122994371,20404000,AVGO
2023-10-19,84.29751586914062,86.40148157992242,84.0877062403323,86.16156151623548,26620000,AVGO
2023-10-20,82.9181900024414,84.98427133958172,82.74431575898939,84.98427133958172,26953000,AVGO
2023-10-23,83.75257873535156,84.85798658208101,81.8681384881917,83.33877705971578,16456000,AVGO
2023-10-24,85.58748626708984,85.77107618051392,83.84000643035291,83.92549101644853,14972000,AVGO
2023-10-25,82.52963256835938,85.35629288229066,82.18480402133189,85.19504681467356,21432000,AVGO
2023-10-26,80.30716705322266,82.99491771291676,79.4902502163782,82.36256159260446,27917000,AVGO
2023-10-27,81.43492126464844,81.61462787255697,80.48104371820403,80.62286586986166,18236000,AVGO
2023-10-30,81.71562957763672,82.51020253255318,80.3460089303138,81.70105977593208,20889000,AVGO
2023-10-31,81.72730255126953,82.1284761152104,80.87542105246095,81.9720841598441,14747000,AVGO
2023-11-01,82.85115051269531,82.93760591063747,81.16389923888352,81.7884813135593,18684000,AVGO
2023-11-02,84.63457489013672,85.52823151923639,83.53694100760724,83.73120999908409,18759000,AVGO
2023-11-03,85.73998260498047,86.20818021112994,84.61126746490426,85.23682043410312,18041000,AVGO
2023-11-06,85.5602798461914,86.05178467134704,84.62583373617214,85.63118720976743,12870000,AVGO
2023-11-07,87.21060943603516,87.59430064608912,85.10664408824013,85.70500643209934,19365000,AVGO
2023-11-08,88.50350189208984,88.6764052950968,87.32524497879527,87.422379473811,15280000,AVGO
2023-11-09,88.52778625488281,90.31703371876483,88.25386505555376,88.63657807367373,24486000,AVGO
2023-11-10,93.00965118408203,93.14855345482476,89.19123569101423,89.53413006037856,36272000,AVGO
2023-11-13,91.98096466064453,92.51229556971175,91.35443350528914,92.28402544779297,16893000,AVGO
2023-11-14,94.50940704345703,94.8794992828159,92.78913288222243,93.47782652453844,23886000,AVGO
2023-11-15,94.74642944335938,95.36324495014665,93.92174597691913,95.14565390720854,16099000,AVGO
2023-11-16,93.20682525634766,94.09562030418803,92.3296875332211,93.63908004247789,26198000,AVGO
2023-11-17,94.97277069091797,95.57112575950937,92.3763217385844,93.0766728538568,19789000,AVGO
2023-11-20,96.7192611694336,97.12334718254408,94.5133069639808,94.5133069639808,18674000,AVGO
2023-11-21,95.3098373413086,96.26176590604948,94.38024519302648,94.7075915272668,43344000,AVGO
2023-11-22,94.41616821289062,95.96937897263696,94.31903371649062,95.5516939683186,33743000,AVGO
2023-11-24,95.08349609375,95.17965976368089,93.90620999313718,94.70369554502247,23158000,AVGO
2023-11-27,92.30249786376953,95.29136800850041,92.21410079977291,94.81928707509591,96962000,AVGO
2023-11-28,91.92463684082031,92.3627166131237,90.74054752409948,91.30199633484678,39025000,AVGO
2023-11-29,91.3884506225586,93.19518056958644,91.24662846534278,92.1179413497122,34843000,AVGO
2023-11-30,89.92169952392578,91.54289797720861,89.20677856712062,91.40496652930247,49571000,AVGO
2023-12-01,90.33645629882812,90.71528600656518,88.1994678238557,89.60405318532139,29612000,AVGO
2023-12-04,89.75072479248047,90.43067361440347,89.01928513224988,89.42726183629003,25009000,AVGO
2023-12-05,88.6968002319336,89.09991542739138,87.99062422568343,88.54916054218435,37066000,AVGO
2023-12-06,87.77596282958984,89.45933116501976,87.72350856594599,89.40008111728982,24813000,AVGO
2023-12-07,89.58463287353516,89.76531031420411,87.77596127960966,87.9605220254021,43517000,AVGO
2023-12-08,91.72550201416016,92.35008414336406,88.44522118679481,90.12664023999226,69668000,AVGO
2023-12-11,99.97623443603516,100.97381390369837,92.87073549123343,92.96009596386611,101184000,AVGO
2023-12-12,104.15696716308594,104.84760997956903,99.5235841061842,99.85482112318685,90242000,AVGO
2023-12-13,105.84810638427734,106.82820360743285,103.21086070803035,103.74122825059976,71654000,AVGO
2023-12-14,107.47999572753906,108.93412299220573,105.9054193105006,106.08998004948212,66964000,AVGO
2023-12-15,109.7384033203125,111.69472193786766,106.32698662570392,106.3852732542883,118544000,AVGO
2023-12-18,111.41496276855469,111.8831603717959,108.66018788090852,108.87000491152038,54741000,AVGO
2023-12-19,111.2032241821289,112.26492079534513,110.51331420811995,111.43937101237873,36020000,AVGO
2023-12-20,108.35379791259766,111.37690724048959,108.24450584826877,110.53183687741684,34523000,AVGO
2023-12-21,110.00391387939453,110.79726407637895,108.80462704936477,110.52695978777783,24106000,AVGO
2023-12-22,109.48576354980469,110.4635404861313,108.66118908805228,110.07125787422588,19089000,AVGO
2023-12-26,110.45281219482422,110.80508556847612,109.58725320557843,109.70630562897948,16793000,AVGO
2023-12-27,109.8946304321289,111.20224158313037,109.58139101465288,110.85386938029832,20055000,AVGO
2023-12-28,109.52772521972656,110.4869642112559,109.19984898810576,110.43329346298718,21247000,AVGO
2023-12-29,108.92662048339844,109.71997079074441,108.77244271351023,109.43502966432925,20558000,AVGO
2024-01-02,105.91423797607422,107.53605635946798,105.10527564244013,106.57194097792315,28831000,AVGO
2024-01-03,103.29901885986328,104.90132392601956,102.97992027497097,104.43292404107754,34735000,AVGO
2024-01-04,102.36515808105469,104.3646222863133,102.20512113461977,103.23851936451828,25658000,AVGO
2024-01-05,102.3915023803711,102.99455933520345,101.63328493572786,102.61789628347839,22475000,AVGO
2024-01-08,104.88668060302734,105.19406824105438,102.65691414330298,103.09604040405064,33110000,AVGO
2024-01-09,105.63220977783203,106.22356318872113,103.89719093112348,103.98598700479431,23225000,AVGO
2024-01-10,105.44486236572266,105.67808330428771,103.69130535283057,105.42339853485107,17643000,AVGO
2024-01-11,107.33894348144531,107.4677488020579,104.85350928465766,105.8107976341754,25757000,AVGO
2024-01-12,108.09033203125,108.87197138748944,107.34187488086792,108.52164859264572,26882000,AVGO
2024-01-16,108.80072784423828,109.90145826767615,107.20720039012586,108.54506034921782,26145000,AVGO
2024-01-17,107.69902038574219,108.62020067077067,106.38556494781751,107.95468789429425,18314000,AVGO
2024-01-18,111.625732421875,111.88335047613656,109.47599191422898,109.77068588416901,32228000,AVGO
2024-01-19,118.19208526611328,118.75805886735152,112.80551986943752,112.93335734469912,53077000,AVGO
2024-01-22,119.09961700439453,120.15643719119004,117.9012978181539,118.6848877997702,31222000,AVGO
2024-01-23,119.66654968261719,119.73193135388539,117.44264223903501,119.14838765362657,16952000,AVGO
2024-01-24,122.35592651367188,125.34976221052816,120.12518467788101,121.22689781037454,34805000,AVGO
2024-01-25,120.02664184570312,125.00336221966711,119.90954000273969,125.00336221966711,36356000,AVGO
2024-01-26,117.57537841796875,119.16890619625586,117.12162268410914,119.02155544668986,25818000,AVGO
2024-01-29,118.83320617675781,119.40894015130235,117.58610021705222,118.55411680232355,21526000,AVGO
2024-01-30,117.89542388916016,119.83146426504148,117.51777812486917,118.73561033445402,20683000,AVGO
2024-01-31,115.14749908447266,116.82787202921463,114.59225370234344,116.06965460561332,27400000,AVGO
2024-02-01,117.10013580322266,117.40068900489214,115.06066233120536,115.86474079144587,19411000,AVGO
2024-02-02,119.47431945800781,120.48430328666687,117.60170997495365,117.95300805057731,26689000,AVGO
2024-02-05,121.30496978759766,121.75873290649766,119.2606124167226,119.72998762540804,22045000,AVGO
2024-02-06,119.30939483642578,124.1358305936567,118.26428576548356,123.30247861645289,25354000,AVGO
2024-02-07,122.667236328125,122.90630903454193,119.70462430059565,120.41698085789795,25768000,AVGO
2024-02-08,124.39443969726562,126.46416956187247,123.44301048024921,123.63719748496332,29326000,AVGO
2024-02-09,125.24144744873047,125.46686606831152,121.87973352037115,122.17638555537432,26293000,AVGO
2024-02-12,123.44203186035156,125.88843218446802,122.85653754605418,125.88258044265962,24778000,AVGO
2024-02-13,122.13928985595703,122.55108566239055,119.74265940620947,120.52624923161689,31907000,AVGO
2024-02-14,123.17074584960938,124.22268944699543,121.13127248116345,123.8557792987253,27306000,AVGO
2024-02-15,123.44886779785156,124.90577284623863,121.47574382031601,124.90089639467395,21873000,AVGO
2024-02-16,121.5372085571289,124.48420810234944,121.23568008189162,122.86043173724356,21268000,AVGO
2024-02-20,119.68997192382812,120.77997417364107,118.32478892461906,120.5984659578985,26329000,AVGO
2024-02-21,119.77779388427734,119.8363410759837,117.35676625571786,118.85563839008545,20579000,AVGO
2024-02-22,127.33556365966797,127.92886764511091,124.56128756511029,125.0726225087457,40819000,AVGO
2024-02-23,126.50316619873047,128.77197387397496,125.76642759213988,127.67416947237608,23115000,AVGO
2024-02-26,127.74835205078125,128.6910036592093,126.99989489293004,127.83325442443476,16282000,AVGO
2024-02-27,126.4895248413086,128.0225470191409,126.09821756901596,127.7483341300031,12126000,AVGO
2024-02-28,125.82499694824219,126.71300246091774,125.19558481124382,126.17434443371107,10967000,AVGO
2024-02-29,126.90522766113281,127.67710660417285,125.61616198209182,127.18040840818277,27536000,AVGO
2024-03-01,136.5347137451172,137.3729423343744,128.8090886397347,129.38775597545373,44488000,AVGO
2024-03-04,136.83621215820312,140.3404076200568,135.17047600490335,136.92306510342704,34854000,AVGO
2024-03-05,131.02906799316406,136.12776627000062,130.01616579245476,136.12776627000062,36040000,AVGO
2024-03-06,131.73654174804688,136.11117242798898,131.44964264069716,135.79403187954384,43196000,AVGO
2024-03-07,137.2997589111328,138.01210803820155,133.97023661948515,134.85824224729657,62832000,AVGO
2024-03-08,127.7083511352539,137.88427799600834,127.01162154442495,136.0546034336673,74025000,AVGO
2024-03-11,126.18605041503906,126.76178437380449,122.22809907496575,124.70377296557079,31105000,AVGO
2024-03-12,126.0650634765625,127.61760660271659,122.88386735172068,127.5405065498986,42789000,AVGO
2024-03-13,122.74626159667969,125.18679511835406,122.20857887965201,125.18679511835406,37838000,AVGO
2024-03-14,123.1756362915039,124.23538977622884,121.75483924893194,123.20198402119193,38029000,AVGO
2024-03-15,120.5633316040039,123.67328629062655,120.03345868501799,122.31591315986685,88823000,AVGO
2024-03-18,120.73313903808594,123.23516073166492,120.19253040337834,122.3666758709882,25737000,AVGO
2024-03-19,120.80827331542969,121.02880803256969,117.49143772121218,118.7531804030709,24491000,AVGO
2024-03-20,125.04571533203125,126.2207114257337,120.20362188813044,121.42174341512153,40946000,AVGO
2024-03-21,132.10159301757812,137.55126318972412,128.9656532182899,130.17298592884723,72468000,AVGO
2024-03-22,132.63763427734375,134.86708752088026,131.92029266065273,132.2975803770442,38624000,AVGO
2024-03-25,132.45242309570312,133.12468039740153,131.06965784885267,131.8105360273332,21237000,AVGO
2024-03-26,130.48362731933594,135.23164137720266,130.38758202391176,133.73715983266285,23522000,AVGO
2024-03-27,129.23321533203125,132.29761910685065,127.00767921200101,132.29761910685065,25583000,AVGO
2024-03-28,129.88780212402344,130.3464359994245,128.52758655094192,129.1518286611598,19856000,AVGO
2024-04-01,132.3230743408203,133.56961477980906,129.8878180337213,129.91427049451363,17252000,AVGO
2024-04-02,131.1960906982422,131.54985681986378,127.73185038223613,128.94505972983626,24694000,AVGO
2024-04-03,133.59213256835938,134.92589567856345,129.87407443983668,130.14161958886712,28650000,AVGO
2024-04-04,129.11264038085938,137.58752059201714,128.86764485831506,135.75887664353414,27014000,AVGO
2024-04-05,131.26173400878906,133.3981027346553,128.78924410744025,129.94563074609113,19438000,AVGO
2024-04-08,130.9354248046875,131.56261282635919,128.94115740134808,130.6953339462377,17139000,AVGO
2024-04-09,130.7374725341797,133.2266207909004,128.24439154852237,133.01984597821794,17986000,AVGO
2024-04-10,129.58990478515625,130.90111844730902,128.91470159995382,129.65164713249428,17467000,AVGO
2024-04-11,135.47862243652344,136.40078007149594,129.71535030306586,130.6002741169762,31713000,AVGO
2024-04-12,131.71644592285156,133.91552888635286,130.98636407622809,132.49455789587506,27823000,AVGO
2024-04-15,128.4452667236328,134.25753998550363,127.98566088722458,134.25753998550363,24370000,AVGO
2024-04-16,130.24549865722656,130.9569635841039,128.47565133350503,128.90487198255371,18923000,AVGO
2024-04-17,125.69544219970703,132.0035833892363,125.57686221456292,131.62237789601073,24718000,AVGO
2024-04-18,123.37877655029297,126.67739388389786,123.03283847988179,126.22170576625062,24888000,AVGO
2024-04-19,118.05943298339844,123.47775375822297,117.35874184206044,123.37877759243626,44797000,AVGO
2024-04-22,119.99488830566406,120.85139320599717,117.65077277913981,119.99880608081332,25162000,AVGO
2024-04-23,122.41838836669922,123.27195496863456,120.3437693349693,120.35846846901684,22025000,AVGO
2024-04-24,123.16610717773438,125.98845288058338,122.00385136004111,123.85993467081013,20108000,AVGO
2024-04-25,126.85083770751953,128.18458585940445,123.18374057345619,124.69781852148944,30410000,AVGO
2024-04-26,131.71644592285156,132.86889979634148,127.70440512782322,128.37764933109474,24100000,AVGO
2024-04-29,131.182373046875,132.58963199186638,129.9162437365965,131.7174484568062,13372000,AVGO
2024-04-30,127.42414855957031,132.13591698801756,127.30459658340595,130.2278853924459,22113000,AVGO
2024-05-01,121.79806518554688,126.64995330670973,121.65008692310529,125.2740590188251,30958000,AVGO
2024-05-02,121.37763977050781,123.91383082026564,119.88218619545381,123.11318416430697,29480000,AVGO
2024-05-03,125.25249481201172,125.81794791817286,122.21748999396577,123.37975336197228,24898000,AVGO
2024-05-06,128.40802001953125,128.45308937962645,124.95456161056359,126.04723190946112,16287000,AVGO
2024-05-07,127.70244598388672,129.25865497346888,127.080147809463,129.00875476463168,12413000,AVGO
2024-05-08,129.88388061523438,131.11277592561467,126.26970342518075,126.76068135977746,13918000,AVGO
2024-05-09,127.95333099365234,129.51541680231614,127.59367323720053,129.14499264038264,12170000,AVGO
2024-05-10,130.61199951171875,131.70957456453263,128.89801793537498,128.89801793537498,16300000,AVGO
2024-05-13,131.07357788085938,133.1197777606654,130.34838582617502,132.10157503910392,18507000,AVGO
2024-05-14,135.24049377441406,135.4325694544279,129.9260460649335,130.56694630980644,19420000,AVGO
2024-05-15,140.74208068847656,141.01451556773003,134.25557653198058,135.2375174297212,32757000,AVGO
2024-05-16,138.38619995117188,141.64659609910947,137.6933519378965,139.74544352087707,28395000,AVGO
2024-05-17,136.73590087890625,139.11137304874842,135.41193241682464,138.41460735573787,18174000,AVGO
2024-05-20,138.57241821289062,138.85759338231063,136.52718992794215,136.80551646710708,27170000,AVGO
2024-05-21,137.11907958984375,138.1176784960234,136.5565648977507,137.06811861183712,15333000,AVGO
2024-05-22,136.43702697753906,137.6874850945575,135.65107941905717,136.80647915271814,21002000,AVGO
2024-05-23,136.53993225097656,140.03944778446186,135.0415476297657,139.98359705434905,31039000,AVGO
2024-05-24,137.96578979492188,138.52830451682976,136.4154574716201,137.17691142103243,16730000,AVGO
2024-05-28,138.4175567626953,138.88109531992507,136.46641517669406,138.17746595089878,22919000,AVGO
2024-05-29,136.2831573486328,137.10928444292566,135.53151283360535,137.10928444292566,26861000,AVGO
2024-05-30,133.67739868164062,135.5099603648897,132.85028460446884,135.1395212812425,21717000,AVGO
2024-05-31,130.1955108642578,133.52745880110322,128.10913123631863,133.41083770741247,73091000,AVGO
2024-06-03,129.54385375976562,132.59159910222255,127.64563164381107,132.56220083150288,26278000,AVGO
2024-06-04,130.41799926757812,130.5326614980548,128.08466474673654,129.396850459933,23048000,AVGO
2024-06-05,138.4803009033203,138.6037706371312,131.37052574083253,131.90560112958815,32947000,AVGO
2024-06-06,137.3219451904297,139.42106509039903,136.04503466585973,139.3407058436336,20172000,AVGO
2024-06-07,137.8481903076172,139.6474358348531,136.90544211515254,137.95990670113784,17859000,AVGO
2024-06-10,141.16346740722656,142.0042936566099,138.09220111946487,138.1578612308119,31042000,AVGO
2024-06-11,143.1783447265625,143.56838771388257,138.78802839777236,140.94105551950625,34844000,AVGO
2024-06-12,146.55731201171875,147.56572050766357,144.6845704659259,146.99732904097084,56697000,AVGO
2024-06-13,164.53799438476562,170.11017639744097,161.94397900665916,167.5769164321413,89061000,AVGO
2024-06-14,170.03082275390625,171.22640218691026,164.84280592494906,165.30927540005425,69705000,AVGO
2024-06-17,179.22596740722656,180.61069146880365,174.29764590344615,176.39676574098996,87528000,AVGO
2024-06-18,176.64373779296875,181.45545363933093,174.92779709859306,180.27653226608072,86797000,AVGO
2024-06-20,169.98374938964844,176.86225516128627,168.7744579573854,176.73582468485117,68157000,AVGO
2024-06-21,162.54275512695312,167.96890282619168,161.83617999554474,166.17161626119196,99289000,AVGO
2024-06-24,156.5291748046875,163.29189005610505,156.37679646213644,161.42892306065718,58575000,AVGO
2024-06-25,155.40647888183594,157.88879971505986,153.75586355974798,157.30778792194758,53329000,AVGO
2024-06-26,156.508544921875,159.08228101611766,154.6986657028687,157.06104021010248,46479000,AVGO
2024-06-27,155.9835968017578,157.84753923140633,154.4440772001901,156.50856565048932,31649000,AVGO
2024-06-28,157.83865356445312,161.15168988808438,155.91868348382226,156.8899716427613,69377000,AVGO
2024-07-01,161.3060302734375,162.08758803353103,156.65600086397146,158.10114993005251,47623000,AVGO
2024-07-02,162.94583129882812,163.1149205512913,159.4578104364042,161.30603156996372,32539000,AVGO
2024-07-03,169.99855041503906,169.99855041503906,163.63203673627353,164.17667156462375,39954000,AVGO
2024-07-05,167.4513397216797,173.5622539935585,166.73271041208397,172.5880107016743,45240000,AVGO
2024-07-08,171.63441467285156,172.71975408056818,167.61749480058327,167.61749480058327,36398000,AVGO
2024-07-09,170.40061950683594,174.10394704827291,167.6725403034301,172.68632451602616,37802000,AVGO
2024-07-10,171.51937866210938,173.66253084945214,169.7173751287402,171.6481757047185,41074000,AVGO
2024-07-11,167.71090698242188,173.50329462716132,164.02922508521496,173.48265349523658,51026000,AVGO
2024-07-12,167.19180297851562,169.6731335972809,166.2716226854534,168.21028364424967,30453000,AVGO
2024-07-15,168.52194213867188,170.57660463829993,166.39845587071287,167.12595070348252,22999200,AVGO
2024-07-16,166.5164337158203,169.8884382711256,163.58680337237664,169.48536621033475,22244900,AVGO
2024-07-17,153.3429718017578,160.08699609312055,152.97923188397516,159.56595756193192,43343400,AVGO
2024-07-18,157.80621337890625,158.77946659352517,151.29812253566948,156.2037657617908,37973500,AVGO
2024-07-19,154.68983459472656,161.17824547807797,154.46371219212136,159.10391670305822,26309500,AVGO
2024-07-22,158.33709716796875,160.2344761478724,155.23051692158248,157.5211274513078,28813300,AVGO
2024-07-23,161.00128173828125,162.53490572246537,157.19669839201674,157.68824531006658,21570200,AVGO
2024-07-24,148.7814178466797,158.6811799959973,148.54548492607918,157.63910292782103,37162600,AVGO
2024-07-25,146.73658752441406,150.95406868145363,143.05982600381995,148.70277528971903,30872100,AVGO
2024-07-26,149.06651306152344,150.98354291178117,147.38541611540793,150.90489361012695,20839900,AVGO
2024-07-29,147.6803741455078,152.37956201932835,146.62845642020505,149.4499462529937,16625800,AVGO
2024-07-30,141.0936279296875,150.87540834722188,140.92650378194597,150.68861812303396,31102300,AVGO
2024-07-31,157.96351623535156,158.60253625297966,148.44717474979876,148.9092300699467,45827500,AVGO
2024-08-01,144.5344696044922,156.22345549375785,143.69883378785508,154.83728949239048,40320000,AVGO
2024-08-02,141.38858032226562,142.8927128788154,137.23992261702458,139.53051833977355,33745800,AVGO
2024-08-05,139.677978515625,142.96150843337438,126.32756199285711,127.41879678598004,41309300,AVGO
2024-08-06,141.48687744140625,146.39252158138507,137.8789244970892,139.33389932185477,24751300,AVGO
2024-08-07,133.96620178222656,147.56239139005254,133.53363809247833,145.74366178565336,29749800,AVGO
2024-08-08,143.27610778808594,143.79714634557146,136.06018729231644,138.8128531625633,27583200,AVGO
2024-08-09,145.75347900390625,147.02167838562457,141.6736458009603,141.76212064131627,18438700,AVGO
2024-08-12,146.10740661621094,148.57498183815645,143.89544540179116,145.5765425251119,17778500,AVGO
2024-08-13,153.5199432373047,153.73622509003545,147.27729112596387,148.9878798700647,22053600,AVGO
2024-08-14,155.02406311035156,157.54078082828835,152.10427333580841,155.3484858631698,20184200,AVGO
2024-08-15,163.32138061523438,163.85224467604252,157.62925901445738,158.47472029709346,27945000,AVGO
2024-08-16,162.91831970214844,163.28205963906714,159.92970589349144,161.68945234680447,19296900,AVGO
2024-08-19,164.87469482421875,164.99266129929282,157.70793144700068,162.07287103462227,20441700,AVGO
2024-08-20,163.14442443847656,165.52350979958015,161.37485247543447,164.22583369389727,19417500,AVGO
2024-08-21,162.97731018066406,163.65564739110278,160.12634378984762,162.32846458799895,16097700,AVGO
2024-08-22,159.59544372558594,169.5050310193637,158.75982299694877,167.95174101688292,30044500,AVGO
2024-08-23,163.54750061035156,165.43503908447633,160.69653432148885,162.239983932796,18848000,AVGO
2024-08-26,156.9214630126953,162.8986764673663,155.97770115190872,162.17119649151502,18521200,AVGO
2024-08-27,158.66151428222656,159.2906937399708,153.19551493041945,154.93559522793927,16683100,AVGO
2024-08-28,155.50576782226562,159.5364583439803,153.60840401625083,157.37365501559566,18063600,AVGO
2024-08-29,154.2769317626953,160.4409352447623,152.78263970708565,155.81057097896377,23519300,AVGO
2024-08-30,160.06735229492188,160.48024992326998,156.02683585937427,158.39608070293207,25158500,AVGO
2024-09-03,150.2069091796875,158.02251762285726,148.82075819239526,157.66860322165402,37179100,AVGO
2024-09-04,151.514404296875,155.12235656754282,146.62842714811504,147.7589939636974,20324100,AVGO
2024-09-05,150.23641967773438,153.71656554543796,147.5722285608589,148.0244583632859,31548500,AVGO
2024-09-06,134.68385314941406,141.07396297037167,134.290621622299,140.82818951571946,76634600,AVGO
2024-09-09,138.4392852783203,139.1962567538257,132.6193563964344,136.75818816870392,39516700,AVGO
2024-09-10,145.70436096191406,147.3264599794416,138.65556413813906,138.83252884960604,36067500,AVGO
2024-09-11,155.5942840576172,156.18413142860507,142.5879402658497,145.88131100695264,39700800,AVGO
2024-09-12,161.77792358398438,163.50817838220144,154.1786122284463,155.4271456338285,43530700,AVGO
2024-09-13,164.85501098632812,165.23841698984117,161.2667094141873,163.9210748240088,29850000,AVGO
2024-09-16,161.24705505371094,162.70202972961283,157.69808570851856,162.39727304082473,26126900,AVGO
2024-09-17,159.72325134277344,163.21323734291678,157.98317111156803,162.6921988274926,19844300,AVGO
2024-09-18,158.93678283691406,164.6387302355115,158.63202613988793,161.0012859470203,26557600,AVGO
2024-09-19,165.1309051513672,167.67563124331426,163.39497462243494,165.38734481638784,32453100,AVGO
2024-09-20,168.76058959960938,169.66800881575972,164.19388985677136,164.89417373926975,91758500,AVGO
2024-09-23,170.575439453125,170.95024862951573,166.04820092316606,169.64828941689086,29431100,AVGO
2024-09-24,172.449462890625,173.58374832473666,169.3326649858136,170.44721965972357,34223400,AVGO
2024-09-25,173.1201629638672,174.71800829124547,171.38421737347156,172.26204802310227,16613800,AVGO
2024-09-26,175.655029296875,177.78549992605798,172.6072814816097,176.0594271112419,24340000,AVGO
2024-09-27,170.328857421875,176.02982779687693,169.41156524138304,175.7339266080034,20580900,AVGO
2024-09-30,170.14146423339844,170.55571990551266,167.31070961553766,169.52007320014678,16902000,AVGO
2024-10-01,165.18023681640625,169.89488018292687,163.5330720046868,169.8061143365244,23770400,AVGO
2024-10-02,168.3266143798828,170.4768005899671,164.7363837431985,165.2591359887753,14317800,AVGO
2024-10-03,169.53977966308594,172.54808059509406,166.87669926677782,167.30081273334105,13072300,AVGO
2024-10-04,174.224853515625,174.4812931953401,170.24009784922612,173.8895058459606,17921400,AVGO
2024-10-07,172.68617248535156,175.87200521038767,171.48285206595853,172.4297328247212,15588300,AVGO
2024-10-08,178.25892639160156,179.1170413655262,172.4987786467154,173.02153090488926,20774200,AVGO
2024-10-09,183.40756225585938,183.87113730055503,174.00786409453775,176.78931436271168,25504100,AVGO
2024-10-10,183.15110778808594,183.76262586145086,180.0343100945086,181.05022594871906,16318000,AVGO
2024-10-11,178.99867248535156,180.09349637993196,174.97445533365493,178.66332481858353,23070000,AVGO
2024-10-14,179.8173370361328,182.42124064197333,177.66715063403342,180.79380653213337,17195800,AVGO
2024-10-15,173.57386779785156,179.21566095497292,170.99955303542328,178.31809953221278,27657500,AVGO
2024-10-16,174.4023895263672,176.7991574917182,172.93275652302304,176.0692699172097,15285100,AVGO
2024-10-17,179.0479736328125,182.97355163576015,178.2194624050834,178.8901576703426,25232400,AVGO
2024-10-18,177.430419921875,180.21187017156402,176.23695724980777,179.8272031210922,17835200,AVGO
2024-10-21,177.52903747558594,179.2353793110972,175.81282273601042,176.92737728385188,13695100,AVGO
2024-10-22,176.92738342285156,178.21946968677898,174.98431757475703,176.21722661288,12062600,AVGO
2024-10-23,171.1376190185547,176.5328297532472,170.21048413621955,175.16183561162555,19513700,AVGO
2024-10-24,169.00718688964844,171.91684938043508,167.1824753860202,171.87738786080894,20485200,AVGO
2024-10-25,170.6346435546875,174.38269075840668,170.35847308127092,171.80837559178903,19977700,AVGO
2024-10-28,169.66802978515625,171.59136504895082,169.00719228683505,170.6346263446242,13195800,AVGO
2024-10-29,176.789306640625,177.76576101326683,168.86909980615744,170.08227814346148,23702300,AVGO
2024-10-30,174.224853515625,176.73999113842856,173.21879545647155,175.04350697991887,17911500,AVGO
2024-10-31,167.44879150390625,172.0647960870776,165.09146983682643,172.0647960870776,26086600,AVGO
2024-11-01,166.6103973388672,168.98744962447387,165.20981444925678,165.95941774153633,17847000,AVGO
2024-11-04,166.24546813964844,170.0921385598425,166.1172407755886,166.96548284903653,13621300,AVGO
2024-11-05,171.5222930908203,172.0154566880339,167.7249424223709,167.7249424223709,13441800,AVGO
2024-11-06,177.09506225585938,177.74604185844208,173.55415101023954,177.17397024255058,24300800,AVGO
2024-11-07,181.2967987060547,182.34230312127573,179.30441356469163,179.5016910431669,18970600,AVGO
2024-11-08,181.129150390625,182.51987553881915,179.3439003302524,180.48804364579485,13503200,AVGO
2024-11-11,176.4638214111328,181.1192874858165,174.40240095967505,180.8924213699862,17036700,AVGO
2024-11-12,173.8105926513672,177.10492211976333,170.83188008315716,176.4539425097948,15862000,AVGO
2024-11-13,171.20669555664062,173.18920802335506,170.24009901094587,172.3212502283101,17472500,AVGO
2024-11-14,168.05044555664062,173.16948651052638,167.54740901540757,172.38042168225007,20638900,AVGO
2024-11-15,162.58619689941406,166.82740751803183,161.1954717226997,166.1665699989925,20836200,AVGO
2024-11-18,163.4048309326172,164.07554127733505,160.0020049878093,163.39497307834162,17856900,AVGO
2024-11-19,163.08920288085938,164.51937426120062,162.06341420036543,164.38128905999852,18003400,AVGO
2024-11-20,161.01792907714844,163.27661193493515,158.6606074709197,163.27661193493515,17196700,AVGO
2024-11-21,161.69847106933594,164.06565014618124,158.40414208817637,163.97688431708497,24835300,AVGO
2024-11-22,161.98452758789062,162.65523797517048,160.17954683041586,162.0535777226789,17332500,AVGO
2024-11-25,162.5664825439453,164.9435200411516,160.66286291488044,163.1385391680569,26850600,AVGO
2024-11-26,162.48756408691406,164.09526734455116,160.46559012100516,162.3494788675435,16308800,AVGO
2024-11-27,157.48684692382812,160.9685803976909,155.38596537580202,160.9685803976909,19722700,AVGO
2024-11-29,159.86392211914062,160.46558234226623,156.90494037593132,157.38824614537955,11024000,AVGO
2024-12-02,164.23333740234375,166.07777950885668,160.5247525315011,160.72201496236826,21472400,AVGO
2024-12-03,165.85093688964844,165.96930640504934,161.78727304802513,162.23111734283606,17024400,AVGO
2024-12-04,168.2279815673828,172.99194422354992,166.25532697104828,171.0686090021558,32748200,AVGO
2024-12-05,168.13922119140625,170.04282571470796,166.88658126794616,168.41539163986286,18490000,AVGO
2024-12-06,177.07534790039062,178.20961833256297,167.01481194275772,167.77428821612654,27830800,AVGO
2024-12-09,176.49342346191406,178.3181200814746,173.61334932360933,176.50328131763789,20886300,AVGO
2024-12-10,169.46087646484375,176.05940794370028,167.40931405085325,175.37883975706896,27762600,AVGO
2024-12-11,180.6951446533203,182.3423093134464,174.01770512442374,177.54875839679,41295200,AVGO
2024-12-12,178.1898956298828,179.51157061467765,173.58374889320675,178.45619316775614,46967200,AVGO
2024-12-13,221.72634887695312,225.5730187860758,208.22352763032393,210.9753737883643,121336600,AVGO
2024-12-16,246.58181762695312,248.43611771155895,227.65419489788266,228.62079140893556,111623200,AVGO
2024-12-17,236.94541931152344,239.15479803307096,230.60334156174494,237.35967499990838,70382100,AVGO
2024-12-18,220.56251525878906,236.57061884517165,216.22268097687103,236.13663240694768,53960100,AVGO
2024-12-19,215.33497619628906,224.93193629197148,214.60508860051337,224.7938510765717,40845200,AVGO
2024-12-20,217.77117919921875,227.1412877426412,215.91689426894428,217.34706572080327,131910400,AVGO
2024-12-23,229.78720092773438,230.82560742490094,222.64683584222172,224.18962673108297,40643800,AVGO
2024-12-24,237.0363006591797,237.58023712748675,232.21013776247753,237.47144983382535,22827200,AVGO
2024-12-26,242.65367126464844,244.55249178697088,234.97926976728473,237.35279164756676,28459000,AVGO
2024-12-27,239.08351135253906,243.06905947622363,233.74307907930736,242.9306042718209,29282200,AVGO
2024-12-30,232.9815673828125,236.136384272944,229.06523932494585,232.11126890540092,27316800,AVGO
2024-12-31,229.2827911376953,234.84081255583195,228.75863826788742,233.27823821340093,17927700,AVGO
2025-01-02,229.42124938964844,236.85830778855365,227.70045129995046,233.55515171083866,31525800,AVGO
2025-01-03,229.9849853515625,233.88152971570196,226.4741386986179,231.01350755125367,24973200,AVGO
2025-01-06,233.80239868164062,239.08349480029065,230.72670141275174,233.8914023589193,34028400,AVGO
2025-01-07,226.11810302734375,236.85831796542894,225.08958085428003,236.85831796542894,25928600,AVGO
2025-01-08,226.7806854248047,229.90583393148916,223.56653324880858,227.1663830823049,18756500,AVGO
2025-01-10,221.83587646484375,225.31705537546003,218.80963043132218,224.79290243974478,23864000,AVGO
2025-01-13,222.8050537109375,226.73126597766623,217.08880808597186,217.56352457040464,23772100,AVGO
2025-01-14,222.2215576171875,227.7202284431736,220.63921465983412,224.0709417923263,18143100,AVGO
2025-01-15,225.4851531982422,227.79933930671848,223.09184768129438,226.0290896999313,21745600,AVGO
2025-01-16,226.87962341308594,235.96826061193516,226.68183242064174,232.6255370048323,23471900,AVGO
2025-01-17,234.821044921875,235.47376875945596,230.0937694142159,234.4650151096022,31196600,AVGO
2025-01-21,237.65939331054688,240.07248267758192,234.78148680688693,238.83627009942754,30903200,AVGO
2025-01-22,238.25274658203125,244.2656854947062,238.03517199281893,244.0283272817973,29610500,AVGO
2025-01-23,237.62973022460938,237.74840180555825,233.5156110595413,235.78036099922176,17653900,AVGO
2025-01-24,242.00096130371094,246.8370241064407,239.24174158284657,242.00096130371094,25387800,AVGO
2025-01-27,199.90052795410156,216.02072825464057,194.06559540286074,211.0462099382091,90569400,AVGO
2025-01-28,205.0728302001953,207.63425900833573,196.69625266828925,205.71565469659075,50316000,AVGO
2025-01-29,204.07395935058594,209.11769714341634,200.53344504704296,206.5364849180351,32533700,AVGO
2025-01-30,213.28126525878906,219.51177902674007,211.34287749679922,216.1591714649617,42449500,AVGO
2025-01-31,218.8293914794922,224.2983942561441,213.91420947660487,217.2371492096768,41104700,AVGO
2025-02-03,215.32843017578125,218.50303046106163,211.15497564023354,213.08347917949365,24507300,AVGO
2025-02-04,219.97659301757812,220.5699810622988,212.92524707778153,216.9305786534341,23768500,AVGO
2025-02-05,229.4410400390625,235.30562489662833,224.99067503830483,231.3596442538667,29196000,AVGO
2025-02-06,228.80810546875,232.21016476746016,226.0389863820916,231.9134707420173,21169500,AVGO
2025-02-07,222.38967895507812,233.05077434228005,221.63806718804454,232.40794987880912,22117500,AVGO
2025-02-10,232.447509765625,233.2189202741106,224.61486892020739,224.92144721576076,23901600,AVGO
2025-02-11,232.447509765625,235.26608039403953,227.4334395486219,229.91574889726598,18476200,AVGO
2025-02-12,233.74307250976562,233.87162835207147,227.4631067862131,227.8191366004544,16397300,AVGO
2025-02-13,233.19912719726562,234.33643665219162,228.18504209298325,233.45625396268352,20962000,AVGO
2025-02-14,230.4695587158203,233.1397897483014,226.3752235806295,231.94312942637225,16988800,AVGO
2025-02-18,226.00929260253906,229.63881036583712,221.82595410343836,227.5619826065773,26080500,AVGO
2025-02-19,226.2071075439453,226.54336881816806,221.92486556362536,225.33682419135806,16375500,AVGO
2025-02-20,224.2390594482422,226.45434255294617,220.29306378226164,226.12798064759582,16104000,AVGO
2025-02-21,216.2481689453125,225.23790200516368,213.25159125869544,223.16105911184252,24883600,AVGO
2025-02-24,205.63653564453125,217.0591427618732,205.25083792791642,216.18885937774655,33050400,AVGO
2025-02-25,200.3059844970703,206.338707754233,198.7038578673421,204.71679749844446,33100800,AVGO
2025-02-26,210.59127807617188,211.18465103276202,203.7278237358365,204.62779007405584,21368300,AVGO
2025-02-27,195.61827087402344,216.83167455718848,195.22267381597945,214.8834024314655,27572900,AVGO
2025-02-28,197.23028564453125,198.97088255352134,191.01955506950853,193.60076744887675,39747200,AVGO
2025-03-03,185.3032989501953,201.80921020853262,182.49462784952914,201.7498744246499,37435600,AVGO
2025-03-04,185.41207885742188,191.81071553268617,178.48928932478213,187.13289197382358,37910500,AVGO
2025-03-05,189.4668731689453,191.93929815273913,185.03629182332247,189.74378355989145,25644500,AVGO
2025-03-06,177.4706573486328,184.76926052535293,175.6509562332368,179.04311597257336,56864100,AVGO
2025-03-07,192.80958557128906,193.32383907341804,179.55737936023962,185.65932206111327,74528900,AVGO
2025-03-10,182.41551208496094,189.86245492069332,178.43984849007097,187.50871660024785,44217100,AVGO
2025-03-11,187.99331665039062,193.4623199205296,183.30560818483474,185.9758243509908,42153200,AVGO
2025-03-12,192.087646484375,197.77422420965345,190.32728102187542,194.05570229491562,30409700,AVGO
2025-03-13,189.24928283691406,194.15458023695425,187.38013030810797,191.01953233839322,27236100,AVGO
2025-03-14,193.3831787109375,195.32156646605918,191.06899263376465,194.03590250413518,25900900,AVGO
2025-03-17,192.35467529296875,194.5501900176903,185.43188492252773,185.97582146973087,26830600,AVGO
2025-03-18,186.58895874023438,190.76241313836516,184.8384777026053,188.33943977786345,24951000,AVGO
2025-03-19,193.41287231445312,196.08308832632883,184.83848903858095,187.2515782801449,37962700,AVGO
2025-03-20,189.00856018066406,192.28204001367683,187.42142899288302,189.98069449374213,31430000,AVGO
2025-03-21,190.11953735351562,190.52624561326763,185.86400973054282,186.6972697382692,43086500,AVGO
2025-03-24,189.71282958984375,195.10910805329388,189.13748951906373,192.73831826543397,33180300,AVGO
2025-03-25,186.7468719482422,190.0600385059313,186.17153182907637,189.3557384063574,23417300,AVGO
2025-03-26,177.82913208007812,186.54847630839103,176.15271293462126,185.15973478110882,30578500,AVGO
2025-03-27,170.60765075683594,176.946291081194,169.08994920988738,176.23207680778907,32151700,AVGO
2025-03-28,167.7606964111328,171.9071076123729,165.13200178959252,170.54810866842752,30391500,AVGO
2025-03-31,166.08428955078125,166.5902001599504,159.32902671951672,163.16793224400578,35656400,AVGO
2025-04-01,167.16552734375,167.35400264347123,162.1065124604359,165.03279885381897,20472400,AVGO
2025-04-02,170.7068328857422,172.03605908010312,164.16980326455987,164.74514336424164,19523700,AVGO
2025-04-03,152.77215576171875,162.11644170984493,152.46464977511778,159.24967037905935,44354900,AVGO
2025-04-04,145.11419677734375,151.5718827538793,138.05142816767963,146.9790912405844,72302200,AVGO
2025-04-07,152.90110778808594,159.14054560589818,136.99003504853414,143.32867517641293,68503500,AVGO
2025-04-08,154.77590942382812,168.41539395390183,151.85953721888708,166.27275129686595,58888200,AVGO
2025-04-09,183.661865234375,185.82435152488372,156.24402018806086,159.209993744844,72708300,AVGO
2025-04-10,170.91514587402344,175.52776555512818,165.0625579020504,173.89103344535474,51212200,AVGO
2025-04-11,180.47767639160156,181.19189066865954,171.9170343799594,172.22454036166394,33964100,AVGO
2025-04-14,176.92645263671875,184.50504641072408,174.406874254241,183.59244262115936,25748300,AVGO
2025-04-15,177.51170349121094,180.79509726152583,176.64870087643214,178.28543310504324,17242400,AVGO
2025-04-16,173.2065887451172,174.66477496583272,165.57839399303128,169.060177240944,34638600,AVGO
2025-04-17,169.61569213867188,174.83341001843564,168.5542848805847,174.83341001843564,22501800,AVGO
2025-04-21,164.87411499023438,166.6497214337,160.31108084889985,165.6478446288561,23469800,AVGO
2025-04-22,168.21701049804688,169.14945771379675,163.89205318867215,166.08428194079727,18504900,AVGO
2025-04-23,175.4881134033203,178.99965447157095,174.40687776376714,176.3511160522657,24380500,AVGO
2025-04-24,186.6377410888672,187.054378664856,176.8669194006283,178.24574669063404,27576900,AVGO
2025-04-25,190.7643280029297,191.81580595268252,185.3878924478258,185.41765011537368,21242300,AVGO
2025-04-28,190.9230499267578,191.54799123154527,186.17154041996957,188.99863998947146,16385800,AVGO
2025-04-29,189.63348388671875,191.69676786167108,188.57209180092053,190.17906633088964,14630000,AVGO
2025-04-30,190.9230499267578,191.6471784135418,182.54096867254592,184.40584813725602,22768900,AVGO
2025-05-01,195.74398803710938,199.7812680795465,194.6627524006387,196.54747534744348,24939700,AVGO
2025-05-02,202.00326538085938,204.02686244621472,199.46384351996315,202.2611702105557,17766800,AVGO
2025-05-05,199.1067352294922,201.59655591831608,198.3925209432048,198.6405115943838,14025400,AVGO
2025-05-06,198.48179626464844,200.28717549168252,194.36515746142425,194.86113876957887,16348800,AVGO
2025-05-07,203.1638641357422,204.57244925613443,196.8351377032043,197.6882261717403,20253700,AVGO
2025-05-08,206.1000518798828,209.46280413339434,202.0528430828532,206.32819901567336,18460900,AVGO
2025-05-09,206.526611328125,208.2724752000121,204.86012141712166,207.64753391531178,13289200,AVGO
2025-05-12,219.799072265625,220.01730524607564,214.14488853610334,217.7258740874917,25437700,AVGO
2025-05-13,230.55194091796875,233.38895450086977,220.2156926556064,220.2156926556064,28790500,AVGO
2025-05-14,230.2543487548828,231.623261956049,226.5146607339614,228.37954008796498,19751400,AVGO
2025-05-15,230.77017211914062,232.57555126533205,226.2369110363982,228.31010917897373,18803700,AVGO
2025-05-16,226.77255249023438,230.7701602382495,224.570394483121,230.45274010238327,23094600,AVGO
2025-05-19,228.77633666992188,229.3913486313337,219.8189157050691,220.0669063522381,15355500,AVGO
2025-05-20,229.81790161132812,229.90718975412673,224.52082464403207,224.66962812459707,11787200,AVGO
2025-05-21,227.88356018066406,234.59915111236128,225.99883732555242,226.55433395080016,17642900,AVGO
2025-05-22,228.67713928222656,231.81174476263672,225.60204913663526,226.50473874444958,14340200,AVGO
2025-05-23,226.8816680908203,228.79614848320972,224.3620748214904,225.11597602151673,15385600,AVGO
2025-05-27,233.75596618652344,234.57929690996914,229.2723064096958,230.99831153987253,17941700,AVGO
2025-05-28,237.50559997558594,239.05307435847928,232.5457869354294,235.2439264401664,20443000,AVGO
2025-05-29,240.02517700195312,244.09222947019612,235.49190092904308,243.93351183112924,20743700,AVGO
2025-05-30,240.12440490722656,241.21555473579494,233.01201941782733,239.28123060393162,27088600,AVGO
2025-06-02,246.7110137939453,247.99063883040535,241.2353762504487,241.2948915819844,19197000,AVGO
2025-06-03,254.7855987548828,255.80731901754143,247.39546530814795,248.07000774400734,30380200,AVGO
2025-06-04,258.9815673828125,263.2966104989245,255.5196277951951,255.985851401254,31536000,AVGO
2025-06-05,257.8408508300781,262.7610074938025,256.9778481464538,260.83659748264785,41970900,AVGO
2025-06-06,244.9453125,253.26789307302678,244.1517545452877,249.12148161976054,41146700,AVGO
2025-06-09,242.31661987304688,246.17535373631114,239.17210028429176,243.08043530420346,25334100,AVGO
2025-06-10,242.663818359375,244.30055061297722,239.45976822799153,242.25711005621142,25491300,AVGO
2025-06-11,250.8772735595703,252.72232466544733,241.84049335255062,244.3799152754462,24599000,AVGO
2025-06-12,254.01185607910156,255.81723517575236,247.49465489526634,248.17911147287248,20410900,AVGO
2025-06-13,246.7010955810547,251.95850038803462,246.35391775276003,248.64534893686752,19028400,AVGO
2025-06-16,250.07376098632812,253.13892158506687,247.56409698509125,248.33782655106128,20363000,AVGO
2025-06-17,247.36569213867188,251.9188116709702,245.92734949230686,248.93299475796073,22014300,AVGO
2025-06-18,249.24050903320312,253.58530991844873,247.40538736669419,248.87348772713085,30435500,AVGO
2025-06-20,248.5644073486328,252.07427588432242,242.7775893178268,251.7660461241791,42134900,AVGO
2025-06-23,252.32284545898438,252.760338725152,245.05453418015304,247.6894161171529,19747000,AVGO
2025-06-24,262.26580810546875,264.3538386650651,257.294321222405,257.294321222405,32764900,AVGO
2025-06-25,263.14080810546875,268.33104189049055,261.9277640302399,264.48311570123377,18894200,AVGO
2025-06-26,268.62933349609375,270.1207795493839,262.62376889198543,263.56833318627395,23569600,AVGO
2025-06-27,267.81402587890625,270.2997695192459,265.3581099485086,268.75859025610515,27477600,AVGO
2025-06-30,274.07806396484375,276.12631411950804,270.5781481462096,273.16332737685366,24708400,AVGO
2025-07-01,263.2302551269531,272.9346063976945,261.16213011269514,272.83517059987884,28847600,AVGO
2025-07-02,268.3608703613281,270.4489010336063,261.2317747786756,262.48456890720286,17582100,AVGO
2025-07-03,273.6107482910156,274.2272078173821,268.5796059289009,269.1861431149877,10592700,AVGO
2025-07-07,272.6164245605469,275.977154266449,271.1051035985957,273.5610191264822,16760600,AVGO
2025-07-08,270.2500305175781,274.77410204997807,269.6037432539637,274.77410204997807,14869400,AVGO
2025-07-09,276.31524658203125,277.85642578711236,271.16479323572867,271.40341490627577,20133000,AVGO
2025-07-10,273.8294982910156,279.57653605766296,271.1449135132259,278.19447844829074,17891600,AVGO
2025-07-11,272.8153076171875,274.89338540599704,270.33951696310925,272.5766859667356,14274700,AVGO
2025-07-14,274.0283508300781,276.7725908334091,268.04266147021036,272.56673253796464,11934200,AVGO
2025-07-15,279.337890625,281.74407313940566,276.2655155571406,278.2143298019854,17918400,AVGO
2025-07-16,279.2086486816406,279.90466899461063,274.09797585695645,278.51262836867056,15031000,AVGO
2025-07-17,284.81646728515625,286.63601795187174,278.31375459393416,279.5367511689691,17231100,AVGO
2025-07-18,281.7242126464844,285.89032104645884,279.39756044627137,285.4727028006807,15012400,AVGO
2025-07-21,286.5664367675781,288.883166634135,282.01256816006986,282.34067294130205,17726800,AVGO
2025-07-22,277.0013122558594,286.35765454022237,274.8536262055818,286.0096443774533,16564800,AVGO
2025-07-23,282.07220458984375,282.3804343265898,271.4431639829543,275.20160657820725,20556200,AVGO
2025-07-24,287.0635986328125,289.5394198336083,281.8833175888375,288.1374568350622,16413800,AVGO
2025-07-25,288.5251770019531,290.9214370844405,285.63176828019976,286.4272243091522,12476200,AVGO
2025-07-28,292.6217041015625,293.7651703528697,288.93286935192975,290.7922005804378,13683400,AVGO
2025-07-29,295.72393798828125,300.46672553316387,293.1884614813502,295.80346842694934,19210800,AVGO
2025-07-30,300.8942565917969,301.530621455179,294.11314144117125,295.4554489207362,16738900,AVGO
2025-07-31,292.025146484375,305.1995864915155,288.5749334348008,301.07322817670536,25488500,AVGO
2025-08-01,286.9940185546875,290.9712081886923,280.0040786431172,284.9059879281252,21428100,AVGO
2025-08-04,296.022216796875,296.7778925146136,289.7382500811123,290.5337061901919,17164600,AVGO
2025-08-05,291.2595520019531,299.4824115381744,289.78801115916593,296.11172853379935,18477500,AVGO
2025-08-06,299.94970703125,301.0831902773515,290.23540210982287,291.22969949995144,17392100,AVGO
2025-08-07,302.02777099609375,308.57023417002836,298.1698924454774,304.42403123693634,16319400,AVGO
2025-08-08,303.23089599609375,306.1143525462276,300.82468280437917,302.3161289865398,12458700,AVGO
2025-08-11,302.1669921875,306.5518476296799,299.57189038041105,303.3104281984037,12396400,AVGO
2025-08-12,311.0460205078125,311.65255765798105,302.9325809943318,304.8813952656597,17609600,AVGO
2025-08-13,307.327392578125,315.5402991555489,303.0121453228743,314.9437146218882,17371200,AVGO
2025-08-14,309.4552001953125,312.3784370682503,305.2493111409307,305.25926382517076,15717600,AVGO
2025-08-15,304.5930480957031,309.72362608883367,298.0505848508301,309.25630511823226,22806900,AVGO
2025-08-18,304.0163879394531,304.42405352165923,297.29492769042946,300.97384027084104,14724700,AVGO
2025-08-19,293.2282409667969,301.17266724150545,290.7226225185964,300.69542392387547,20149600,AVGO
2025-08-20,289.50958251953125,293.8049241553724,280.26259864638365,293.77509644760784,23600500,AVGO
2025-08-21,287.9485168457031,290.7226149312188,284.53808423877217,288.4058851276779,14946300,AVGO
2025-08-22,292.32342529296875,298.37869260424026,287.361891151843,290.08625622184906,16301300,AVGO
2025-08-25,292.5521545410156,296.69835798462736,290.0465055051432,291.14023878718666,15124700,AVGO
2025-08-26,296.310546875,298.537763107986,292.3134523254253,292.6714151306097,25689100,AVGO
2025-08-27,298.53778076171875,299.4624700191788,292.1046756627868,295.8332907430747,13830300,AVGO
2025-08-28,306.8898620605469,309.226466833626,300.60589570932245,301.20248017063676,18907100,AVGO
2025-08-29,295.6941223144531,305.2592585756986,291.98538203906287,305.2592585756986,21610700,AVGO
2025-09-02,296.5392761230469,297.00659716089535,285.5324258801925,287.690034458678,19693000,AVGO
2025-09-03,300.66558837890625,302.7138384798026,294.7097266554902,300.5661525758095,18529400,AVGO
2025-09-04,304.35443115234375,307.01914082260106,300.5263802075415,303.32035339092016,31220800,AVGO
2025-09-05,332.9802551269531,354.307915143692,329.5300420981367,353.75111105346923,78401600,AVGO
2025-09-08,343.6788635253906,352.15029613473433,339.30396137418364,340.795407358246,43535600,AVGO
2025-09-09,334.7501220703125,348.9785155669414,333.9148855443519,347.5566472108421,26972300,AVGO
2025-09-10,367.46246337890625,370.84306815720294,348.55090916196315,349.51537876440955,51086800,AVGO
2025-09-11,357.57916259765625,372.09591004790576,356.7141287538608,369.0632849093324,29430900,AVGO
2025-09-12,357.8177795410156,362.31202294585194,355.12324224091253,360.84045195630114,31949800,AVGO
2025-09-15,362.01373291015625,363.4156958706093,354.307928141354,357.8177967126278,21792200,AVGO
2025-09-16,357.94708251953125,363.6046374457268,354.9542374807514,363.3461103984155,21306500,AVGO
2025-09-17,344.1959228515625,357.8774335890272,339.5525409318753,356.8036058151323,45197100,AVGO
2025-09-18,343.380615234375,348.70011242524,341.8295137084828,348.00409210361323,24663900,AVGO
2025-09-19,342.9729309082031,344.2953330347468,334.5114507356632,342.6845761800293,41240100,AVGO
2025-09-22,337.4351806640625,345.28367325298416,336.5885737516059,341.0606084270775,28660000,AVGO
2025-09-23,337.5845642089844,343.8394489551671,335.67222901216985,338.8793532849425,21944100,AVGO
2025-09-24,337.9530944824219,338.72000430459104,332.47508902125844,338.4013070874596,19677300,AVGO
2025-09-25,334.75592041015625,336.7080737324583,325.991093942804,331.65834169590977,21678200,AVGO
2025-09-26,333.19219970703125,337.7239919137433,329.2579837594843,336.08059640996515,15464700,AVGO
2025-09-29,326.5887145996094,339.68612138090174,326.2401081782098,334.656328600332,21336000,AVGO
2025-09-30,328.5906677246094,329.72609296966556,323.3118446022923,328.7998194074157,20109500,AVGO
2025-10-01,332.0567626953125,336.59852447783584,323.2022998896794,326.8376971837535,21122700,AVGO
2025-10-02,336.82757568359375,346.2198568370876,333.9093003535087,346.2198568370876,19917600,AVGO
2025-10-03,337.0168151855469,343.02269931681434,334.3973279901147,340.13430282435286,14749100,AVGO
2025-10-06,334.1483459472656,342.75380866679006,333.2220723671261,334.57664945247484,18465700,AVGO
2025-10-07,335.0646667480469,336.7578500424013,325.2739608698581,335.6821824433723,18086700,AVGO
2025-10-08,344.1183166503906,345.1541661142996,331.2898199825983,332.48503324061136,21478300,AVGO
2025-10-09,343.6402282714844,345.9210789009516,339.03870886032774,344.36731988927625,17643700,AVGO
2025-10-10,323.331787109375,349.1979325045112,322.75408954786695,344.0087761645016,28941000,AVGO
2025-10-13,355.2735290527344,357.9428041387348,342.146214242933,351.3592224606911,45984300,AVGO
2025-10-14,342.7538146972656,349.267669476328,338.2917194609827,348.7298204480106,22078000,AVGO
2025-10-15,349.92498779296875,357.96272246505765,346.1103176658243,353.05244525324514,23918500,AVGO
2025-10-16,352.7337341308594,361.78737921559485,348.09236600682163,355.3731305974428,20317200,AVGO
2025-10-17,347.9330139160156,349.56647013629697,339.41721757415945,348.21189297855904,20937900,AVGO
2025-10-20,347.8433532714844,355.16396614831154,346.4489580557878,352.3851150572024,15640200,AVGO
2025-10-21,341.2897033691406,349.6959541684103,339.94509595160935,348.6003469987353,16092600,AVGO
2025-10-22,338.9391174316406,346.6183067837734,334.16829467718156,345.91112421133204,19268800,AVGO
2025-10-23,342.9131774902344,345.1840584530217,339.03871918336426,339.03871918336426,12859200,AVGO
2025-10-24,352.71380615234375,356.86711291413076,349.4768032037389,351.10028954586335,16143700,AVGO
2025-10-27,360.6021423339844,361.2993551775869,353.66001429366173,360.09420250359625,20065800,AVGO
2025-10-28,371.47845458984375,372.5640919166608,361.08020282655286,361.1698392595339,21056000,AVGO
2025-10-29,384.43646240234375,384.9344628835344,371.69760158273596,371.69760158273596,24975200,AVGO
2025-10-30,374.9644775390625,384.8547596427306,368.58010782462867,384.8547596427306,24295300,AVGO
2025-10-31,368.1518249511719,377.30507583831803,363.63994199904664,376.7572570949544,21598400,AVGO
2025-11-03,361.1001281738281,373.3509579573757,360.5324307393669,370.5123492029235,17198900,AVGO
2025-11-04,350.5325622558594,367.47454744020746,349.5963189699949,357.0862348613752,24047500,AVGO
2025-11-05,357.54443359375,363.41086341015694,348.6899705182648,349.48678951919794,17087600,AVGO
2025-11-06,354.16796875,362.0463397915529,351.29948119455554,358.6698820328004,19896900,AVGO
2025-11-07,348.0325927734375,353.08232471234805,335.9212179877443,352.77356686003935,21903200,AVGO
2025-11-10,356.9568176269531,358.56036466797076,353.1919046182223,356.4687564616332,16409000,AVGO
2025-11-11,350.552490234375,360.4428028921463,348.2716699151433,357.53446670774576,16446800,AVGO
2025-11-12,353.7994689941406,357.4348664885674,350.2736170175513,356.6081990499921,12190500,AVGO
2025-11-13,338.62042236328125,352.1361324910433,332.8236893948727,350.17400935481726,22616600,AVGO
2025-11-14,341.0904541015625,343.3613349004467,327.74404833985596,330.14441411689927,18500800,AVGO
2025-11-17,341.27972412109375,350.7915515614277,336.1702343142005,338.461054767955,14799600,AVGO
2025-11-18,339.1383056640625,346.5784335856418,334.16827091115164,341.8275202460445,21726800,AVGO
2025-11-19,353.0026550292969,358.25156886971325,336.44909441350086,339.347460701947,21851900,AVGO
2025-11-20,345.4330749511719,374.5760436127567,343.7996187173591,364.53636688248895,28867000,AVGO
2025-11-21,338.83953857421875,347.20594055476573,330.47310619813464,343.7796948225024,30280300,AVGO
2025-11-24,376.4485168457031,380.47236926173474,346.26969971430924,346.339427076904,47262400,AVGO
2025-11-25,383.4902648925781,386.57787408036836,370.26337279120474,383.39065871319036,33507600,AVGO
2025-11-26,395.9801025390625,398.2708925516895,381.7273314642951,384.0081517409119,28693000,AVGO
2025-11-28,401.3485412597656,401.38838980920684,395.5717478078233,397.75299235778425,13365500,AVGO
2025-12-01,384.5360412597656,393.8387170709335,383.55997976196386,393.27098922290344,23252000,AVGO
2025-12-02,380.0440979003906,391.92638219264916,378.271217387361,386.7571347201425,22207000,AVGO
2025-12-03,379.087890625,380.7711345894799,369.1677301019884,378.4803446615845,21336400,AVGO
2025-12-04,379.5062561035156,382.35483474134327,375.02425164733893,379.1576496778165,15845900,AVGO
2025-12-05,388.6794128417969,391.9562645778702,383.60977149932444,384.6257119524167,24779900,AVGO
2025-12-08,399.4960021972656,405.6612507420261,395.8107863850061,400.8704884234115,30410600,AVGO
2025-12-09,404.66522216796875,405.30264695088596,393.92833346962834,397.1553667228235,24546000,AVGO
2025-12-10,411.3185119628906,412.9519377089591,397.9621356270513,400.591592714844,31531000,AVGO
2025-12-11,404.7449035644531,407.66317907015735,392.61361921715974,403.2110535816976,45681600,AVGO
2025-12-12,358.4906005859375,380.47234798569394,353.72971744738294,378.4404976165911,95588500,AVGO
2025-12-15,338.4510803222656,360.5523438301254,336.1602902959243,360.44279831550426,65894900,AVGO
2025-12-16,339.93511962890625,346.11033781431183,333.7200832894025,334.67623571189444,58061100,AVGO
2025-12-17,324.7162170410156,345.22387284443886,320.13463701193336,345.22387284443886,73300900,AVGO
2025-12-18,328.5608215332031,334.6862217306807,322.33581515455944,334.6563429158848,54501900,AVGO
2025-12-19,338.9988708496094,342.07654055222406,331.24998462648665,332.00695507974194,159095200,AVGO
2025-12-22,340.7352600097656,345.5152112478357,336.5141036420898,345.3056593647258,28739600,AVGO
2025-12-23,348.5887756347656,349.37710000083763,337.83134263055865,340.09657987546063,28232600,AVGO
2025-12-24,349.48687744140625,352.1213352312898,346.41333827759297,349.95589479748145,11424400,AVGO
2025-12-26,351.39288330078125,352.51053390724485,347.02204717974354,350.325115846726,15028100,AVGO
2025-12-29,348.65863037109375,349.5966346351222,343.9684567824758,347.99001949427986,21946900,AVGO
2025-12-30,349.1176452636719,351.9417076647023,348.56877833761786,349.2373891882818,16633600,AVGO
