Date,Close,High,Low,Open,Volume,Ticker
2018-01-02,102.6343765258789,102.9194381011591,100.5307630936711,101.13038985478535,4669200,CRM
2018-01-03,103.4994125366211,104.33495572176304,102.84080852595075,103.11604557520718,3888700,CRM
2018-01-04,104.86577606201172,105.82911325993288,103.97124812825295,104.19733999601365,4540200,CRM
2018-01-05,106.2616195678711,106.45822281154045,105.37692372047621,105.92740530310353,3368400,CRM
2018-01-08,107.00869750976562,107.28393455283829,105.7406347044834,106.16332230624414,2933600,CRM
2018-01-09,107.29377746582031,107.48054119275267,106.40908152366171,107.14632689218593,3302300,CRM
2018-01-10,106.94969940185547,107.62795983994008,106.38939338797053,106.8317374780103,3113300,CRM
2018-01-11,107.24461364746094,107.53951476413197,106.82192604671083,107.14631577511958,3668100,CRM
2018-01-12,108.36522674560547,108.82723499886346,107.05785078383025,107.3724084775904,5749500,CRM
2018-01-16,107.03817749023438,109.54481428686053,106.38940558382828,108.96484413602761,5790800,CRM
2018-01-17,108.16864013671875,108.50285443347548,107.37241754767672,107.88357103084809,4254700,CRM
2018-01-18,109.86921691894531,110.26241595030115,108.34558098445709,108.35541302264411,3842800,CRM
2018-01-19,110.02647399902344,110.4884821911811,109.71191634686336,110.30171100720776,3120900,CRM
2018-01-22,110.97015380859375,111.03896306488922,109.12212842548213,109.73157969562875,2214700,CRM
2018-01-23,111.31421661376953,111.82537759325346,110.76374248169229,111.25523938523199,2816800,CRM
2018-01-24,110.93082427978516,111.90398582651184,110.5867780258561,111.69755807415441,4975500,CRM
2018-01-25,110.05596923828125,111.54029176430534,109.99699201858706,111.35352056907848,4715100,CRM
2018-01-26,111.76638793945312,111.9826477674235,110.1247901538922,110.80305825077251,3927400,CRM
2018-01-29,111.37318420410156,112.46430776203188,110.93083255919535,111.76637566671184,3181500,CRM
2018-01-30,110.3213882446289,111.52063428059903,109.93801379502536,110.5081519512444,3737700,CRM
2018-01-31,111.97281646728516,112.57243572729008,110.7244102629033,111.13726581883331,4181800,CRM
2018-02-01,110.82270812988281,112.32668729761335,110.61628035192439,111.37318970408542,4302800,CRM
2018-02-02,108.89604187011719,110.43934169307765,108.82723261048125,110.12478400622096,4403800,CRM
2018-02-05,105.81928253173828,109.71193702319688,105.67183196395213,107.29377321030506,6124000,CRM
2018-02-06,107.70662689208984,107.75577958036351,101.92662623438866,103.22417770855209,6857900,CRM
2018-02-07,108.17848205566406,110.38038629910649,106.95956421585187,107.21514473060583,4515400,CRM
2018-02-08,102.26083374023438,108.30624651462392,102.23134512908292,108.22760521845555,6803800,CRM
2018-02-09,105.16065979003906,106.2714398704424,100.62905864398589,103.52888679617526,6615800,CRM
2018-02-12,106.70398712158203,107.61817171666884,104.45293026917152,105.8684363360187,4624100,CRM
2018-02-13,105.85860443115234,106.24197141212765,104.12853324800258,106.17316214630253,7542800,CRM
2018-02-14,107.16596984863281,107.36257308837405,104.91492087585807,104.91492087585807,7428000,CRM
2018-02-15,111.19625854492188,111.50098421533146,108.17846795519507,110.40002848728962,8341900,CRM
2018-02-16,110.94066619873047,112.2087289330173,110.75389500153928,110.92100212552796,4667300,CRM
2018-02-20,112.40533447265625,113.29986239023987,110.37053769819305,110.53764483675906,4287800,CRM
2018-02-21,112.53311157226562,113.7028688663234,112.2283784539489,112.81817311896948,4976500,CRM
2018-02-22,111.07828521728516,113.04427256626364,110.56713180639522,112.57243230266432,4763400,CRM
2018-02-23,113.00496673583984,113.00496673583984,110.82271929240746,111.69758317743792,4173500,CRM
2018-02-26,114.66621398925781,114.81366454082364,113.40798328190301,114.13539650340877,5418900,CRM
2018-02-27,114.48927307128906,115.60988524656706,113.79134847087182,115.305159611079,5908200,CRM
2018-02-28,114.27301025390625,116.14069966336172,114.24352164475188,115.01025548135081,9684400,CRM
2018-03-01,117.39894104003906,120.38724286815346,116.04241239752503,118.85377505490742,15555500,CRM
2018-03-02,119.84659576416016,120.24962680002481,115.63938372940682,116.63220951319676,10627500,CRM
2018-03-05,120.41673278808594,120.84925243227305,117.62503417470701,117.95924844547193,10121300,CRM
2018-03-06,122.36306762695312,122.56949541842133,120.6624851072666,120.78044705938298,8154800,CRM
2018-03-07,123.1986083984375,123.63112054836508,121.08517033753446,121.28176608753363,6750400,CRM
2018-03-08,124.2110824584961,125.12526688422133,123.56230302749583,123.62128774827099,6127900,CRM
2018-03-09,125.24324035644531,125.33170619628255,124.10296397867194,125.02698052620227,5637800,CRM
2018-03-12,124.62394714355469,126.0197964766869,124.62394714355469,125.69541423704855,5609800,CRM
2018-03-13,124.57479858398438,125.93132723021824,123.59180485492149,125.7150674098809,4641800,CRM
2018-03-14,125.8133544921875,126.6783861996985,124.35852809775325,124.88934556587807,5402400,CRM
2018-03-15,125.05646514892578,126.27538278964589,124.51581559057033,125.82319906830473,4603500,CRM
2018-03-16,123.82772827148438,125.7740517655903,123.55249121168332,125.12527976743746,6662900,CRM
2018-03-19,122.85456848144531,123.62130244586119,121.37024574284808,122.90371367167984,6830400,CRM
2018-03-20,122.99217987060547,124.67309827181431,122.33356836281429,122.47118688691464,7113600,CRM
2018-03-21,119.63033294677734,121.91087808143564,118.15584236403328,119.492714425693,14824000,CRM
2018-03-22,116.0325698852539,118.60801591570498,115.44277520260795,118.35243547002143,10950500,CRM
2018-03-23,112.4839859008789,116.07191493242833,112.36602393969216,116.00310566331468,10902100,CRM
2018-03-26,116.94676208496094,117.23183115888388,113.08359653089322,116.2291733816864,13171700,CRM
2018-03-27,111.87451934814453,118.11653583112398,110.80305973116342,118.04771906708012,8304700,CRM
2018-03-28,110.9603271484375,112.90665799168798,109.44651593694199,111.22573964961326,6489500,CRM
2018-03-29,114.32217407226562,115.26584715536482,110.60645146427584,111.9728196519188,7794700,CRM
2018-04-02,113.33918762207031,115.67871015550912,111.67792570777256,113.93881443730272,6461300,CRM
2018-04-03,114.50894165039062,115.45261476537226,112.65108403345063,114.77435416689477,5193300,CRM
2018-04-04,117.4480972290039,117.64469298028189,112.06128814800923,112.12026537346318,6389300,CRM
2018-04-05,117.01556396484375,118.98155124751993,116.65185361767598,118.35243591703525,5052400,CRM
2018-04-06,114.12556457519531,116.95659116908075,112.99512034497837,116.09155193221727,5385500,CRM
2018-04-09,115.19703674316406,117.20234483708266,115.1478840571788,115.1478840571788,4104200,CRM
2018-04-10,117.45791625976562,118.07720709658528,115.67870004528324,116.89761014528158,3693000,CRM
2018-04-11,117.133544921875,118.65718081356994,116.84847581963975,117.30065206812229,3059400,CRM
2018-04-12,119.33544921875,119.65983897374953,117.31047688422221,117.95925639422124,4419900,CRM
2018-04-13,116.98607635498047,119.86624804869275,116.48474749371414,119.86624804869275,4933100,CRM
2018-04-16,117.37926483154297,118.92256442380896,116.6420196600851,118.89306831724825,4464700,CRM
2018-04-17,121.25228118896484,121.75361011635971,117.96908556560217,118.35245253959607,5524600,CRM
2018-04-18,122.3433837890625,122.61862079989308,120.15131223877178,121.42919943186318,4321800,CRM
2018-04-19,121.95018768310547,122.40236385422784,121.08515598612955,121.93053111029417,3657000,CRM
2018-04-20,120.73129272460938,122.26476058297312,119.97439083288161,121.9010576932904,2971000,CRM
2018-04-23,119.8171157836914,122.45153951388667,119.17816830255438,121.09501074596545,3932700,CRM
2018-04-24,115.87529754638672,121.42921358984654,114.92179993330706,121.24244238230098,5379300,CRM
2018-04-25,115.32483673095703,116.21936472303277,113.08361198110056,115.76718095803214,5080500,CRM
2018-04-26,118.7751235961914,119.99403361271337,116.15053237122812,116.68134233836871,4998800,CRM
2018-04-27,118.17549896240234,119.57134815918235,117.5168950103557,119.56151612268489,3801200,CRM
2018-04-30,118.93241882324219,119.63034352751153,117.74299721458759,118.81446436596418,2788300,CRM
2018-05-01,121.01637268066406,121.22280048785396,118.3721168415999,118.82429310967983,3873900,CRM
2018-05-02,120.73129272460938,121.86173704312117,119.66965766898194,120.21030723424975,3671000,CRM
2018-05-03,122.29425811767578,122.8742208402109,119.60084979711233,120.5346983752863,4435600,CRM
2018-05-04,122.99217987060547,123.69992906612991,120.88857385976068,122.26475910076412,6341200,CRM
2018-05-07,124.81072235107422,125.51847907774706,123.32639963261573,123.65078938228203,4342000,CRM
2018-05-08,126.5604248046875,126.76686005842627,124.34868922557646,124.43715504891085,4467800,CRM
2018-05-09,127.52375793457031,127.53359747030285,125.16457924976943,126.68822235837895,4605300,CRM
2018-05-10,128.3986053466797,128.77214767405673,126.85531336120938,127.74000150581882,3772400,CRM
2018-05-11,128.40843200683594,128.62469175370973,126.69801809954934,127.78914136812567,3233200,CRM
2018-05-14,125.51847076416016,128.77217758414739,124.99748529143497,128.56574230283465,4169800,CRM
2018-05-15,125.95098114013672,126.40314981941023,123.94566569507629,124.77138426066861,2933100,CRM
2018-05-16,126.58010864257812,126.7767043915626,125.74455796027631,126.52113141781219,2439900,CRM
2018-05-17,123.90636444091797,127.2583767080553,123.41486756887886,126.9929641973518,5557000,CRM
2018-05-18,124.8008804321289,125.54795775109419,123.72942088882789,123.91618459383409,3612300,CRM
2018-05-21,124.22090911865234,126.16723982776462,123.85719877159326,125.82318605368204,2887200,CRM
2018-05-22,123.30673217773438,124.8893526353459,123.12979301167698,124.50598569216267,2789800,CRM
2018-05-23,125.91165161132812,125.91165161132812,122.4613493384123,122.75624293030498,4303900,CRM
2018-05-24,126.55062103271484,127.1797364340255,125.22357346779198,126.61942279572206,5972400,CRM
2018-05-25,125.78387451171875,127.0519373003999,125.44966024940506,126.5407763702595,4031800,CRM
2018-05-29,124.72224426269531,125.37102373733123,123.97517441266547,124.59445777510663,8141900,CRM
2018-05-30,127.10108947753906,130.29581902937556,125.66591206379407,130.05007060231122,14170900,CRM
2018-05-31,127.13057708740234,128.76235023008618,126.22622468284462,127.16989023573376,6408300,CRM
2018-06-01,128.3003387451172,128.6443775320174,126.16724426888055,127.67122339267547,6132800,CRM
2018-06-04,130.3940887451172,130.54154677757342,127.39597040929394,128.17252871611478,4860700,CRM
2018-06-05,131.83909606933594,132.34043240198181,130.70865943559403,130.87576654671204,5123200,CRM
2018-06-06,133.2447967529297,133.40207934206651,131.83910798637066,132.04554325952444,4766900,CRM
2018-06-07,130.64971923828125,133.44141823730052,128.50678479586776,133.24482246259282,6564100,CRM
2018-06-08,131.25914001464844,131.40658306145417,128.59523564040717,129.4602598471552,3486600,CRM
2018-06-11,131.70152282714844,132.37979104020656,130.99376599607012,131.60323243351354,3443100,CRM
2018-06-12,133.94268798828125,135.16160531963558,132.36006786420336,132.6648084465097,5319900,CRM
2018-06-13,134.1786346435547,135.15180376708855,133.29394634891875,134.05084066792995,5809300,CRM
2018-06-14,136.05616760253906,137.37337561865837,134.56201291300243,134.6701428247313,6494900,CRM
2018-06-15,136.05616760253906,136.58697762420258,134.47354707594087,135.72195332966595,7711100,CRM
2018-06-18,137.4225311279297,137.80589809569716,134.58167975157727,134.67997012834397,4202400,CRM
2018-06-19,137.1472930908203,137.33406430442082,134.89622898909082,135.73177968173692,4833700,CRM
2018-06-20,136.5771484375,139.7030612349573,136.4591939920997,137.61911936998575,5341400,CRM
2018-06-21,135.53517150878906,137.67809050165565,134.7880867228559,136.70493637156923,3912800,CRM
2018-06-22,132.71397399902344,134.96503797097935,131.67200307721058,134.9257098233863,7466000,CRM
2018-06-25,130.92491149902344,132.5959975108668,129.43075712405349,131.95705771199144,6969800,CRM
2018-06-26,133.17599487304688,134.83725678306925,131.54423657616522,132.46823814215813,7043100,CRM
2018-06-27,130.95440673828125,135.08297679998287,130.83645230772433,134.3555561465344,6851600,CRM
2018-06-28,132.8220977783203,133.57900709198503,130.92492722505222,131.7113251484045,6333700,CRM
2018-06-29,134.0803680419922,135.36810270881128,133.5888710696985,133.96241356841682,5229500,CRM
2018-07-02,138.04180908203125,138.08113723276688,132.99906119905444,133.83459691100248,6399200,CRM
2018-07-03,135.495849609375,138.35636491000923,135.36807062638457,138.20892185298425,3164700,CRM
2018-07-05,137.3930206298828,137.5109750629319,135.8693775393996,136.89168429083998,5576700,CRM
2018-07-06,138.99530029296875,139.3196900071455,136.64594599874303,137.8058863402805,5045800,CRM
2018-07-09,139.34918212890625,140.44030574070646,137.50116416424794,140.22404592580597,5183100,CRM
2018-07-10,140.02745056152344,141.06942149105075,139.1034340770615,139.88000750519168,3643700,CRM
2018-07-11,142.7798309326172,143.16319786492582,138.62177189768624,138.80854309535076,6168000,CRM
2018-07-12,145.64035034179688,146.1711603406543,143.32048460743636,143.32048460743636,4681000,CRM
2018-07-13,145.09970092773438,145.483067871478,142.9371177835576,145.23731944601943,3941800,CRM
2018-07-16,144.4607391357422,146.16131378247965,144.32312063830605,145.32576326278732,3592100,CRM
2018-07-17,144.51971435546875,144.93256984208205,140.64671741053164,142.9370941571389,5133900,CRM
2018-07-18,145.3258056640625,145.66985950768202,143.2811766775338,144.51975851512756,2908100,CRM
2018-07-19,144.6573486328125,145.4830596961224,144.11669912732648,144.500066049527,3590600,CRM
2018-07-20,144.37228393554688,145.40443034911905,144.19535226428567,144.93259755979523,2462200,CRM
2018-07-23,145.05055236816406,145.12919366646267,142.33749507368503,144.3722842947208,2538100,CRM
2018-07-24,143.51708984375,146.3186280767191,142.7110277559251,146.02372694704425,4052300,CRM
2018-07-25,146.33827209472656,146.81011988561585,143.51708488343584,143.64487886838012,4056900,CRM
2018-07-26,145.06039428710938,146.22031970765002,143.2025217079721,145.46341032347863,3414300,CRM
2018-07-27,141.462646484375,145.75832474627407,139.95866711581505,145.72883613114902,5924400,CRM
2018-07-30,135.68264770507812,141.28570997189,133.21533839967674,141.09893872978014,9522000,CRM
2018-07-31,134.81756591796875,137.41266841579284,133.08750258585002,136.32154492242978,7442900,CRM
2018-08-01,135.33859252929688,138.5038340773467,135.1714853667348,135.65315777597596,5098100,CRM
2018-08-02,138.73971557617188,138.89699815140355,134.42437428856192,134.71927536729834,3779200,CRM
2018-08-03,138.64141845703125,139.32952601474474,136.06597988153123,139.12309074757215,3463500,CRM
2018-08-06,140.28305053710938,140.42066906790095,138.25807072789797,138.49399463752417,3247300,CRM
2018-08-07,141.9835968017578,142.15070391245146,140.3026711600644,141.0890690333754,3928300,CRM
2018-08-08,142.701171875,143.16318004351263,140.72536023894833,142.00325485399836,3026700,CRM
2018-08-09,143.34014892578125,144.35263123960752,142.62255272332686,142.82898800058072,3572600,CRM
2018-08-10,143.03541564941406,144.50008174164336,141.89515429499812,142.46527747255894,2748500,CRM
2018-08-13,141.9934539794922,144.67702290224838,141.76736960120382,143.15339448411456,2880400,CRM
2018-08-14,144.077392578125,144.2739883165872,142.1114051949161,143.69401063907762,3474700,CRM
2018-08-15,142.5734100341797,145.36512374500728,141.15791160247318,143.5957319562559,4476900,CRM
2018-08-16,143.2516632080078,144.4116035372581,142.7503418364778,144.01839707001517,3704000,CRM
2018-08-17,142.5537567138672,143.52691091923495,141.5019462099028,143.02558951038776,2865600,CRM
2018-08-20,143.23202514648438,143.5760639575686,141.86566444126058,142.74052827411188,2882200,CRM
2018-08-21,143.05506896972656,146.25962296497258,142.88796184413604,143.92010820741223,4063700,CRM
2018-08-22,143.96926879882812,144.6966745620231,142.58324403485182,143.11405405121826,4245300,CRM
2018-08-23,145.31594848632812,145.81726983223717,143.58588511675666,144.3329548673982,6196300,CRM
2018-08-24,149.70994567871094,149.78858697576544,145.9745665647377,145.9745665647377,4882000,CRM
2018-08-27,149.1004638671875,152.24605542499356,147.64563752124212,152.0789483108701,5814800,CRM
2018-08-28,150.3882293701172,150.79124543537498,148.98254041303784,149.44454870668744,5266900,CRM
2018-08-29,152.1674346923828,152.33454182908073,150.44719563901126,150.72243268760715,9018600,CRM
2018-08-30,149.5526580810547,151.12545397093658,146.95755536225482,148.55000032627265,14441000,CRM
2018-08-31,150.08346557617188,151.25323043743705,149.31673171739675,149.55265559674794,6210500,CRM
2018-09-04,150.60447692871094,150.7322559149019,148.93337557767111,149.52317781913152,5310900,CRM
2018-09-05,146.1219940185547,150.1817624246212,144.5787018516297,149.79839551697685,7287400,CRM
2018-09-06,146.29896545410156,146.6233552000351,144.57872634642956,146.2203241521212,4190300,CRM
2018-09-07,147.8717498779297,148.8350945997517,144.9915852485855,145.32579954017515,3866800,CRM
2018-09-10,148.7466278076172,149.00220079379534,145.48308121846043,147.44906880249368,3872300,CRM
2018-09-11,150.2407684326172,151.13529638830724,148.05852100189608,148.51070474850374,4151000,CRM
2018-09-12,152.72772216796875,153.12092863672848,149.22826709211927,150.24074937532427,5180800,CRM
2018-09-13,155.4899444580078,156.07974670879773,153.170093603113,153.2192312912669,6213500,CRM
2018-09-14,154.81167602539062,156.0895557766284,153.66157524970092,155.26384470679366,4615300,CRM
2018-09-17,152.28538513183594,155.7356876854238,151.99048401630765,154.33001386706002,3899600,CRM
2018-09-18,153.34701538085938,155.34249136824377,152.11827327043582,152.1280978075736,3749600,CRM
2018-09-19,150.2997589111328,154.65442961825593,149.7984374298819,153.71074888962886,5546000,CRM
2018-09-20,152.85552978515625,153.41584342840304,149.07099780683492,150.68310697437218,4655600,CRM
2018-09-21,152.87518310546875,155.27369011267197,152.32470903810278,154.39882632718817,17991600,CRM
2018-09-24,156.07974243164062,156.20753641564508,150.7224296310703,152.73756976687028,5082100,CRM
2018-09-25,156.16819763183594,156.43361011927269,154.4971114132534,156.2959916071375,5699600,CRM
2018-09-26,155.63739013671875,157.21017101485958,154.67406053641935,156.3549713186249,4079700,CRM
2018-09-27,157.70169067382812,158.3406456536943,156.2271999500842,156.34516940750453,3930300,CRM
2018-09-28,156.3254852294922,158.12436548105717,156.23701939727422,157.27899030817898,4607700,CRM
2018-10-01,157.141357421875,158.4487407091736,156.31564639809443,157.38710582175912,4297600,CRM
2018-10-02,154.58558654785156,156.86613917113223,154.0351124661752,156.56141351872523,4137000,CRM
2018-10-03,156.39430236816406,157.0430668053018,154.34967368926476,155.86347737497735,3561600,CRM
2018-10-04,152.2657470703125,156.13874538431173,151.16479871683728,155.50962989671214,6206400,CRM
2018-10-05,152.43284606933594,153.9368252877235,149.8770563521929,152.22641078477756,4963600,CRM
2018-10-08,146.1219940185547,151.99046706585145,143.12387550970902,151.61693969384677,10238700,CRM
2018-10-09,145.9745635986328,148.30425385427145,144.70650833271765,145.79763193332562,5593300,CRM
2018-10-10,135.4663543701172,145.08003119942154,135.20094188116414,145.01122944260734,13660600,CRM
2018-10-11,136.8720703125,139.74241058056236,134.12950904657293,135.10267836662706,10499300,CRM
2018-10-12,144.24449157714844,146.2203033861845,140.7843497778886,143.29098655008167,9371700,CRM
2018-10-15,139.5359344482422,144.20515391198632,138.91665869783228,144.20515391198632,6040800,CRM
2018-10-16,144.93258666992188,145.3945948870039,141.56091063883127,142.99608797261024,5383100,CRM
2018-10-17,144.5098876953125,145.82711055486163,142.94693142832313,145.82711055486163,3377900,CRM
2018-10-18,140.41079711914062,145.08001654937803,139.02477259370335,143.60552620298725,5338200,CRM
2018-10-19,138.10079956054688,142.89779893825423,137.99266964633432,141.16773531014766,5141600,CRM
2018-10-22,140.51895141601562,141.3545020904691,136.83272490982793,139.29020924728638,4234900,CRM
2018-10-23,138.2678985595703,139.55561791709312,135.43687188091073,136.95069059075263,6462000,CRM
2018-10-24,130.9937286376953,139.09360172818447,130.7381556879755,138.82818924239936,7251500,CRM
2018-10-25,138.405517578125,139.28038138138234,131.3967676154033,131.4164316894354,7792900,CRM
2018-10-26,133.21531677246094,136.84256609821216,130.35480136930656,133.44140113443328,7457000,CRM
2018-10-29,128.7623748779297,137.1768001651424,126.34420331208666,135.7514620264158,9212500,CRM
2018-10-30,129.92227172851562,130.72833373859706,125.85267852953369,128.2216968770641,10037900,CRM
2018-10-31,134.90606689453125,136.35106889888556,132.47807114567982,132.6255142076367,6666400,CRM
2018-11-01,137.2161102294922,137.42254554115436,134.0901969335798,136.04634512843072,4668800,CRM
2018-11-02,134.46371459960938,138.15978086784276,133.78546148056174,137.75674981211816,4481400,CRM
2018-11-05,133.1366729736328,135.0043550578647,131.19034959121407,135.0043550578647,4629900,CRM
2018-11-06,131.67202758789062,135.65315581268746,130.7185223217273,133.09736571794727,4667100,CRM
2018-11-07,139.378662109375,139.88982300378666,134.1098155803492,134.52268610998843,5804000,CRM
2018-11-08,139.4573211669922,141.1873997994688,138.28755618234118,140.78436875446735,3986700,CRM
2018-11-09,134.59149169921875,138.661084899177,132.75329833332367,138.661084899177,5252500,CRM
2018-11-12,128.2806854248047,134.33593057418935,127.86782984634134,133.43157811670375,7571200,CRM
2018-11-13,129.91246032714844,131.49508089784496,126.7570437237157,129.24401676348245,6176300,CRM
2018-11-14,127.15026092529297,132.64519296546166,126.39335145844187,131.92761165234862,5729600,CRM
2018-11-15,130.23683166503906,130.689000336022,124.15209868486569,127.00277421710848,6468700,CRM
2018-11-16,130.29579162597656,131.20014384745764,127.8677964772856,129.60769917477256,5126900,CRM
2018-11-19,118.95208740234375,130.0107606700083,118.37211713339669,129.36199613112407,14284700,CRM
2018-11-20,118.61783599853516,122.81522287339602,111.66807154145592,112.38566016982314,13829500,CRM
2018-11-21,121.48818969726562,123.61145972254906,119.54186634040269,122.08781646368473,7311300,CRM
2018-11-23,119.95470428466797,121.60613378414693,118.65715307076634,119.26661178473748,3009600,CRM
2018-11-26,124.2602310180664,124.79104098989761,121.55699847791809,122.3630529717219,9321200,CRM
2018-11-27,125.37101745605469,125.43982671510071,121.61598182030048,123.02166311193774,10558800,CRM
2018-11-28,138.2482147216797,138.49396311353416,129.7256622920816,136.1249450162271,25705400,CRM
2018-11-29,137.34390258789062,140.45016676878313,136.90155835310497,137.4716965887849,7763000,CRM
2018-11-30,140.33218383789062,140.78436756737364,135.92837599100903,136.52800278483735,9401400,CRM
2018-12-03,141.69854736328125,144.56890239977443,140.13559085317672,143.8119929895001,7358900,CRM
2018-12-04,136.8720703125,142.7307053119176,136.43955061469816,140.3027092804995,6978400,CRM
2018-12-06,139.64410400390625,139.64410400390625,130.492433655523,132.5075740489326,9186600,CRM
2018-12-07,133.63800048828125,139.94881871332993,132.448586422122,139.48681043990769,6225300,CRM
2018-12-10,134.93556213378906,137.1178095536893,130.91510612188225,132.86144463106567,5897000,CRM
2018-12-11,134.46371459960938,138.3072239373542,133.28412504563286,138.1990940199475,4548700,CRM
2018-12-12,137.70758056640625,141.58057805241617,137.17677058068753,139.37866681690525,6794300,CRM
2018-12-13,138.73971557617188,141.1873750306045,137.2062479658929,139.09359387079718,5122800,CRM
2018-12-14,134.70944213867188,138.3170420052253,134.060677734228,136.51816183993364,5354400,CRM
2018-12-17,128.60508728027344,133.19566676288696,127.7597119687438,132.02590168072777,8392400,CRM
2018-12-18,130.06971740722656,131.40657427364337,127.91695907207259,129.89277076360034,6668400,CRM
2018-12-19,128.92945861816406,134.17864143033344,127.2976854595471,129.73550566082346,7350700,CRM
2018-12-20,125.55780029296875,130.07957023411316,120.55435799422465,127.05194755626134,12265100,CRM
2018-12-21,120.81976318359375,127.18955836628908,120.37741150446543,126.38351130579107,12568600,CRM
2018-12-24,119.26663208007812,122.71693470211888,118.11653120606455,119.07986086989493,4721500,CRM
2018-12-26,128.61488342285156,128.67386064098187,120.0431852373986,120.43637669112911,8110900,CRM
2018-12-27,132.9007568359375,132.9007568359375,125.66592197271525,126.60960260674199,7967700,CRM
2018-12-28,132.38958740234375,134.55218559218878,130.35479819554538,133.6871463162508,7276200,CRM
2018-12-31,134.64065551757812,135.62364927035344,132.20283521049777,133.68715037744252,5467700,CRM
2019-01-02,133.2447967529297,134.50302746743793,130.78731254501616,131.1313513345481,4783900,CRM
2019-01-03,128.18238830566406,132.48790604299666,127.88750215869227,131.2100110753692,6365700,CRM
2019-01-04,135.6138153076172,136.9506873184528,129.97142615907842,131.22965687524214,6650600,CRM
2019-01-07,139.8013458251953,140.9514464947751,136.42967010217313,138.6217565486487,9064800,CRM
2019-01-08,143.24185180664062,143.96927258827625,140.45997766787715,142.26868258517743,9057300,CRM
2019-01-09,143.5072784423828,144.99159376525003,142.07210081288065,144.39196691309647,5445900,CRM
2019-01-10,144.5393829345703,144.70650505819214,141.3151648902784,141.3250044265462,5116900,CRM
2019-01-11,145.0407257080078,145.51255849160043,143.13371550023325,144.06755653001017,5185200,CRM
2019-01-14,143.56625366210938,144.23468227518507,142.23920597533845,143.27135250957187,5815500,CRM
2019-01-15,146.65283203125,147.3114360082167,143.3204839989386,143.86113353205857,5350400,CRM
2019-01-16,146.013916015625,147.242658463916,145.2865100857871,146.6135429303629,3936800,CRM
2019-01-17,147.2720947265625,148.15678288499745,145.17831375249833,146.01384923562233,3743200,CRM
2019-01-18,149.91635131835938,150.66343606777045,147.6849666044402,149.24792285761504,6151200,CRM
2019-01-22,146.4169158935547,148.8055985029292,144.89327258295538,147.783276604505,5203300,CRM
2019-01-23,147.2033233642578,148.23546986683786,145.13903035909772,147.18365928821285,3335400,CRM
2019-01-24,144.37228393554688,147.94055596558727,144.0282451305521,147.39990641568812,6734700,CRM
2019-01-25,147.1934814453125,147.34092450000165,145.0407228510901,146.00405247341064,4600800,CRM
2019-01-28,144.82447814941406,145.67967795443207,143.61539997692398,145.65018934041728,4054700,CRM
2019-01-29,142.71102905273438,145.48307869785495,142.18021901393186,144.56890168677987,3915100,CRM
2019-01-30,146.6233367919922,147.1443222278214,143.59571454268138,144.6868380968184,4653400,CRM
2019-01-31,149.38555908203125,150.77158384797187,146.1810049062319,146.4857305641421,8615900,CRM
2019-02-01,153.21922302246094,153.29786431827517,148.5008652679551,149.80823368789785,5959200,CRM
2019-02-04,155.0377655029297,156.1976908538492,152.76705248600265,153.3666792350032,5264700,CRM
2019-02-05,156.28619384765625,157.16105775311647,155.13609287076778,155.6472388609657,4575600,CRM
2019-02-06,155.4407958984375,156.394300970927,152.44266216531557,156.29599560290598,4205100,CRM
2019-02-07,152.2952423095703,154.38902417934256,150.7519496397702,153.307739856387,4545500,CRM
2019-02-08,154.005615234375,154.03510384429325,150.11296873223787,150.30956446479044,3018700,CRM
2019-02-11,157.19052124023438,158.75347757441844,154.89031965415674,155.50959546622806,7125500,CRM
2019-02-12,160.0215606689453,160.6113629728664,157.30850306935866,158.50775675451476,5631700,CRM
2019-02-13,157.67218017578125,160.7882833388521,157.54440119697884,160.6604893607565,5296000,CRM
2019-02-14,156.7580108642578,157.7115159795107,154.04495357714399,156.7580108642578,5061100,CRM
2019-02-15,156.34515380859375,158.47824837620416,155.40147323986088,158.25216402092306,5282000,CRM
2019-02-19,157.87864685058594,158.73384672199,156.43364465451245,156.94480566927285,3883200,CRM
2019-02-20,155.84381103515625,158.74365438329014,154.53644264342574,157.60337811753055,7047200,CRM
2019-02-21,156.91529846191406,157.750834157024,154.62492120479905,155.0181127084632,4463000,CRM
2019-02-22,158.56671142578125,158.95991790555243,157.47558781826817,157.74100031720204,4175000,CRM
2019-02-25,158.61587524414062,160.28696165240694,158.1931801236287,159.74631207933103,5076700,CRM
2019-02-26,160.2279815673828,160.6015239928969,157.1512063240141,158.0752228507315,4496300,CRM
2019-02-27,160.34593200683594,160.7489630348832,157.77049324093247,159.53004541321366,4278300,CRM
2019-02-28,160.86692810058594,161.8007842026512,159.41210148787124,160.227988135347,6908100,CRM
2019-03-01,161.73193359375,163.32437840417407,158.99921262310764,162.34138481763244,6919900,CRM
2019-03-04,155.8045196533203,162.97053796386828,152.77689690367475,162.74445358625604,17886300,CRM
2019-03-05,154.300537109375,158.14404644537115,152.16744237540834,157.2003658030423,16042900,CRM
2019-03-06,154.1235809326172,157.52474585147093,153.62225952809314,154.4578102015939,7436300,CRM
2019-03-07,152.9538116455078,154.90995932896294,152.17723829436068,153.43546891463976,6916500,CRM
2019-03-08,152.4230194091797,152.7670732460781,147.69482153238945,149.43472479450384,4800700,CRM
2019-03-11,154.96897888183594,155.0869483467287,150.8207435163346,153.24873959517106,5699500,CRM
2019-03-12,155.58824157714844,156.6597011099123,154.4872934333392,155.31300454119614,4082100,CRM
2019-03-13,157.0922088623047,159.24496730163955,155.91261951178063,156.1485433816024,5230600,CRM
2019-03-14,157.93759155273438,158.84194393147382,157.02341463701595,158.2128285810771,3247200,CRM
2019-03-15,158.7633056640625,159.4219096372434,156.4827681001384,157.90810595250264,6743700,CRM
2019-03-18,159.19583129882812,160.55236744366047,158.14403580917667,158.6551817484026,3575500,CRM
2019-03-19,161.1421356201172,161.82040361230335,158.85177370346867,159.7561260266195,4379000,CRM
2019-03-20,160.7292938232422,162.1448071452813,158.76330643136416,161.05368354281728,4391000,CRM
2019-03-21,164.11080932617188,164.15013747715787,159.98223843103634,160.3950940206204,4277800,CRM
2019-03-22,158.75347900390625,163.6586228570852,158.6060359519171,163.13763740766598,5614300,CRM
2019-03-25,158.14401245117188,158.85176903095737,156.51223950337243,157.50505762257265,3795400,CRM
2019-03-26,156.68919372558594,159.31380017004963,154.71338173858229,158.68466978688687,6910300,CRM
2019-03-27,152.4819793701172,156.59090087417323,149.7787466698387,156.29599976155683,8218700,CRM
2019-03-28,152.54095458984375,153.81884939487293,150.89935691696303,153.04229097449692,4424800,CRM
2019-03-29,155.6767120361328,155.80450602065568,152.78670807346515,154.2022214428774,4913100,CRM
2019-04-01,158.43893432617188,158.93043122878336,155.81434266614204,157.37731421591081,4601100,CRM
2019-04-02,157.7803192138672,158.25216700678322,156.20753823536265,158.12437302129004,3158400,CRM
2019-04-03,159.85443115234375,160.36559207761084,157.91793235785056,159.02872004180782,3819100,CRM
2019-04-04,155.82415771484375,160.03136934006042,153.1799023944708,159.94290351132423,6295200,CRM
2019-04-05,155.86349487304688,157.514932260335,155.332684819562,156.9153054410362,4315300,CRM
2019-04-08,155.7750244140625,156.08957462180302,153.7893727927132,155.70620765028806,2848400,CRM
2019-04-09,154.300537109375,155.65707334544305,153.9859718955004,154.3693388753507,5642900,CRM
2019-04-10,157.51490783691406,157.65252634790843,154.9689428845792,155.5095923918045,3414700,CRM
2019-04-11,157.99656677246094,158.0948721381784,156.31565601346006,157.4362681858916,2578400,CRM
2019-04-12,157.97689819335938,159.73645002782396,156.78746941192568,159.2449532585076,2844200,CRM
2019-04-15,157.36746215820312,159.2744723885017,156.7776749215697,158.26199004961848,2608400,CRM
2019-04-16,155.99127197265625,157.53456427529377,155.06725549879863,157.31830446229336,3004800,CRM
2019-04-17,152.69822692871094,156.3451398967586,152.43282944802442,156.3451398967586,4765500,CRM
2019-04-18,153.3372039794922,153.5534638093963,150.56515434124572,152.26572936795108,4391500,CRM
2019-04-22,156.06005859375,156.43360096166106,152.6392450642915,152.806352176438,2943300,CRM
2019-04-23,158.4880828857422,158.6551900283595,155.7160482268923,157.0430808297808,3418400,CRM
2019-04-24,156.84649658203125,159.7266763672318,156.68921396592359,159.1270495177051,3384900,CRM
2019-04-25,160.31643676757812,161.102834716814,158.2619835621606,159.2449772488821,5498400,CRM
2019-04-26,163.1376495361328,163.23593991166857,158.53723098124215,159.6578432575511,3342900,CRM
2019-04-29,162.54786682128906,164.71045033380827,162.51837820515487,163.87491454451245,4509700,CRM
2019-04-30,162.5380401611328,163.6094998648152,160.8374499900084,162.3807575442723,3581800,CRM
2019-05-01,159.39244079589844,163.3932328149136,159.38261625751363,163.1867975144708,2707700,CRM
2019-05-02,159.077880859375,159.9330806247725,156.91529760247795,158.94026233391685,3181100,CRM
2019-05-03,160.5622100830078,160.71949269709893,158.12438956177814,159.81514016501848,3131000,CRM
2019-05-06,159.73648071289062,160.07069498039783,155.1753904174297,155.92246025055647,2520600,CRM
2019-05-07,154.23170471191406,158.92058883583658,152.11827426784555,158.5863745794404,6541900,CRM
2019-05-08,154.1923828125,155.24417820659096,152.4033271898713,154.4381312222484,4061300,CRM
2019-05-09,153.65174865722656,154.4283221091959,149.79841500743368,152.01997545369304,5809300,CRM
2019-05-10,157.22000122070312,157.87860514299607,151.75455911987873,153.6222409891099,4462200,CRM
2019-05-13,150.5454864501953,154.23171300381708,150.18178356334545,152.28538958330716,5694600,CRM
2019-05-14,155.38182067871094,155.89296660098282,150.31939414628798,152.41317551789953,4954000,CRM
2019-05-15,152.4230194091797,153.72057845192134,149.12015957227723,151.20411667129002,7783800,CRM
2019-05-16,155.78488159179688,156.73838695136874,153.24875532606634,154.09413074797652,5048100,CRM
2019-05-17,151.9413299560547,154.48727981381052,150.5651298983248,153.52393527361195,5314000,CRM
2019-05-20,153.32736206054688,153.43549197381932,149.1201499793371,149.87705937224422,5437600,CRM
2019-05-21,153.13075256347656,155.15571712181696,152.54095036233392,154.6838843604787,3803100,CRM
2019-05-22,154.95913696289062,155.49978653506352,153.18974518091326,153.21923379400502,3170100,CRM
2019-05-23,151.09597778320312,153.6812411781962,149.56249491480688,153.37651551180988,4508200,CRM
2019-05-24,151.88233947753906,154.26118224822153,151.5383007086396,152.2558818545139,3151700,CRM
2019-05-28,152.55078125,155.12621971710772,151.7643833594908,152.70806382796027,4934100,CRM
2019-05-29,150.2899169921875,151.44001790391337,148.6286551199297,151.14511677286438,4359500,CRM
2019-05-30,153.01280212402344,153.2192224003158,151.28272362172234,151.69559417289395,4418100,CRM
2019-05-31,148.8350830078125,151.85286593390788,148.68762494997586,150.06382515998195,5326900,CRM
2019-06-03,142.6324005126953,148.13715656668637,140.95147458414849,148.13715656668637,8835200,CRM
2019-06-04,148.2452850341797,148.35341494664897,140.0864339095098,143.566240184034,12375100,CRM
2019-06-05,155.7455291748047,155.804506398791,151.92168416032032,154.47745886192283,12072400,CRM
2019-06-06,156.60073852539062,157.27900664141893,154.65441501800564,155.80451595415562,5601200,CRM
2019-06-07,158.5273895263672,160.2181397978161,156.78748657274852,157.1217008126345,7175300,CRM
2019-06-10,150.1916046142578,154.77235897170988,148.2649453132319,150.86987268426475,29856300,CRM
2019-06-11,147.59649658203125,153.06195409888372,146.25962456340366,152.66874762323243,15214300,CRM
2019-06-12,148.70729064941406,149.72961253079643,147.5965029319392,148.54018351480798,7161300,CRM
2019-06-13,148.76626586914062,149.65096921602807,147.69480631500537,149.57232791857405,5173800,CRM
2019-06-14,147.45887756347656,149.39537632649947,146.93789210939357,148.47135986098073,6248200,CRM
2019-06-17,147.73410034179688,148.70726939762068,147.32124483307246,147.64563451834704,4491800,CRM
2019-06-18,148.02902221679688,150.34888801981825,147.9405563809179,149.29709252823795,7317800,CRM
2019-06-19,151.5186767578125,151.8430665396151,147.95040415728022,149.1103447406316,8095300,CRM
2019-06-20,154.52662658691406,155.59808625839094,152.7768987749973,153.6320986046152,10153600,CRM
2019-06-21,154.1727294921875,155.10657051450053,153.28804115511068,154.00562236181938,9706900,CRM
2019-06-24,149.96551513671875,155.0475907205493,149.91636245229773,154.71337646535582,6378200,CRM
2019-06-25,146.80027770996094,150.36854969303843,146.06303242415444,150.23093117299297,7362500,CRM
2019-06-26,146.50537109375,148.80558769854457,146.38741665222474,148.7072823310781,5844900,CRM
2019-06-27,148.1273193359375,148.19612109357843,145.945072176753,147.34092139581182,6832800,CRM
2019-06-28,149.1496124267578,149.18894056975446,147.05584629058404,147.86189323051457,6936600,CRM
2019-07-01,151.44000244140625,152.10844593682003,149.26759482972088,151.94133881278984,6476400,CRM
2019-07-02,151.49900817871094,151.7349321037289,149.98520424124263,151.66611533419604,4736300,CRM
2019-07-03,152.94398498535156,153.1012675759502,151.53831120502133,151.91183860857637,3885400,CRM
2019-07-05,151.95118713378906,152.17727151353603,149.97537494703596,151.33189622481322,3940900,CRM
2019-07-08,150.21124267578125,151.07628180358657,149.45433343895158,150.9091746992226,4717400,CRM
2019-07-09,151.33187866210938,151.56780255226676,149.10047874049704,149.49368522409264,4979100,CRM
2019-07-10,153.61241149902344,153.74019046536478,151.94132540687005,151.94132540687005,4966300,CRM
2019-07-11,156.1977081298828,156.59091464772186,153.9564834757327,154.15309423429972,7083200,CRM
2019-07-12,155.39166259765625,156.90546645867315,154.72321901017827,156.6892066214857,4348000,CRM
2019-07-15,156.9349365234375,157.12170772432287,154.80184201721275,156.06007273978503,3603700,CRM
2019-07-16,154.45779418945312,158.86160146082648,154.13340449099164,157.23966796781153,6913100,CRM
2019-07-17,155.54893493652344,157.20035722132752,154.97879676697133,154.99844584229461,4160500,CRM
2019-07-18,155.29331970214844,155.88312184277635,153.55343188594992,154.32999020512824,3724000,CRM
2019-07-19,154.0842742919922,158.00642485553445,153.63209055562427,157.01359154284447,5218800,CRM
2019-07-22,155.01812744140625,156.34517514116078,154.4774778230138,154.96897474895314,2909500,CRM
2019-07-23,153.59274291992188,155.75532574037612,152.6392379719317,155.29331756972968,4865800,CRM
2019-07-24,157.0332489013672,157.52474576803814,153.05212128147372,153.32735832686595,4110500,CRM
2019-07-25,156.64007568359375,158.3898035331468,155.9716320672983,157.3969701470853,6934500,CRM
2019-07-26,157.24949645996094,158.08504706786096,156.0305789259252,156.8464654608895,4979100,CRM
2019-07-29,153.55343627929688,158.45856472533768,152.87516829795615,157.67216684843117,8880500,CRM
2019-07-30,154.2907257080078,155.52929259468115,151.99050863376272,152.6982654259464,4241600,CRM
2019-07-31,151.87252807617188,155.20487615049282,149.70994491572264,154.7133792958774,7454200,CRM
2019-08-01,148.2452850341797,155.09675267146457,147.8520935339065,152.09861873417515,26124700,CRM
2019-08-02,143.22218322753906,147.3507538869464,142.83881627343612,147.25246351368307,13138900,CRM
2019-08-05,140.39117431640625,141.30535130256334,137.42252899706477,138.9363327695906,13070100,CRM
2019-08-06,140.3715057373047,142.49477576509656,139.54579461515021,141.34465991723897,6694000,CRM
2019-08-07,139.23121643066406,140.66639372270464,136.69509107851061,138.53328435729742,7635500,CRM
2019-08-08,141.37416076660156,142.4947729817203,139.89967022042987,141.07925965750852,8670300,CRM
2019-08-09,140.9318084716797,142.01310759128717,139.28038617914558,141.16773237031063,5286700,CRM
2019-08-12,138.32687377929688,139.55561589643867,137.66826980442409,139.14276034499423,4389500,CRM
2019-08-13,141.4331512451172,142.5340994896769,138.04181067161656,138.53330756640855,5205800,CRM
2019-08-14,137.34390258789062,139.93900576450181,135.52535795685463,138.88719514023984,8607800,CRM
2019-08-15,139.71292114257812,140.86302215080363,137.37339097239698,138.70043867381648,6647700,CRM
2019-08-16,141.44296264648438,142.86830050914122,140.09626607960567,140.6270760769913,5341100,CRM
2019-08-19,141.22669982910156,143.65469541217072,140.45014142366128,143.12388542607516,4632100,CRM
2019-08-20,143.0648956298828,144.00857617584367,140.62707546848299,141.70837453163674,6259200,CRM
2019-08-21,144.8736114501953,145.8664296541744,143.67435797644598,144.4017636905184,6142400,CRM
2019-08-22,145.71897888183594,147.35073688321216,142.99608236858705,146.94772090053948,11744500,CRM
2019-08-23,148.99234008789062,155.7258369290784,148.08797281939,155.01808037069,26531900,CRM
2019-08-26,152.5016326904297,152.57044944488146,148.94320051385128,150.89934825765778,8975400,CRM
2019-08-27,150.9583740234375,153.24873651396655,149.93605201116833,151.63662718627677,6516500,CRM
2019-08-28,149.24794006347656,150.1817811086048,148.3042594814845,149.90654406371004,5326800,CRM
2019-08-29,153.27821350097656,153.3470302655008,150.06383462759584,150.79124042802454,5979900,CRM
2019-08-30,153.4158477783203,155.52927842398017,151.08614229994146,153.75988660473513,7591000,CRM
2019-09-03,150.1326141357422,152.67857905768903,149.1791091069146,151.5874555195097,4953800,CRM
2019-09-04,149.86721801757812,152.285373989534,149.72959950697324,151.4694874626292,3604500,CRM
2019-09-05,151.15496826171875,152.10847349456907,149.36591225804634,152.01016811001503,5065400,CRM
2019-09-06,148.50083923339844,151.43015574227869,148.20593817561928,151.3515144602515,4722300,CRM
2019-09-09,146.9968719482422,149.56248611655752,145.5715340767989,149.08082880097578,6265500,CRM
2019-09-10,147.1050262451172,149.08085351798522,145.22751935799593,146.24000184139456,6249700,CRM
2019-09-11,151.46951293945312,152.01998707446106,146.5053911874143,147.5375376902018,6242400,CRM
2019-09-12,152.11827087402344,154.13341090323098,151.7840566250837,152.40333243946188,4993500,CRM
2019-09-13,150.37840270996094,152.27558873770238,150.14249377337305,151.69562593619509,3763500,CRM
2019-09-16,150.40785217285156,151.479326645016,148.78591865884545,149.07098021611407,2592300,CRM
2019-09-17,150.22109985351562,150.8403756661147,149.14962535372112,150.3980315144602,3028500,CRM
2019-09-18,150.17193603515625,150.30955453878443,148.00935312130264,149.75908052427172,2951200,CRM
2019-09-19,150.98782348632812,151.6267633288398,150.17193699556745,150.9091821981388,2947000,CRM
2019-09-20,152.56060791015625,154.21204500314414,151.00747617958507,152.0592865601328,11733000,CRM
2019-09-23,152.0199432373047,152.56059267803167,150.35869677294852,151.5284464728785,3642200,CRM
2019-09-24,149.46421813964844,153.61245339345538,148.52053744239694,151.6562902289724,4120800,CRM
2019-09-25,150.3882293701172,150.60448920966786,146.36777326159455,149.46421278281804,3445000,CRM
2019-09-26,149.749267578125,150.79123857622022,149.25777069228425,149.82790887977487,3837300,CRM
2019-09-27,145.73861694335938,150.54545475737518,144.25430209665814,150.5159661510977,5858200,CRM
2019-09-30,145.9156036376953,146.43658915734235,144.90312121277407,145.4339312707803,3671200,CRM
2019-10-01,145.1783447265625,147.60634041189357,144.74582509041213,146.94773642022597,3172900,CRM
2019-10-02,141.76734924316406,144.00857362593135,140.76469149320192,143.57605400832836,4432400,CRM
2019-10-03,144.50006103515625,144.55903825201855,139.66373426164975,141.5510801977041,3660900,CRM
2019-10-04,145.51254272460938,146.3874064365532,143.7235021560545,145.75829112683283,3259000,CRM
2019-10-07,146.2694549560547,146.79044037934236,144.500063424468,144.77530044057121,2704700,CRM
2019-10-08,143.42861938476562,145.81728695967368,143.33031401160895,145.0308889723024,2613200,CRM
2019-10-09,144.54922485351562,145.3356228039552,144.11670523080917,144.76548466486884,2273000,CRM
2019-10-10,143.92010498046875,145.05054168676713,143.0354016892287,144.34278505349224,2687400,CRM
2019-10-11,146.82977294921875,148.14699598544794,145.5715421379237,145.62069482572159,4663900,CRM
2019-10-14,146.82977294921875,147.72430086953938,146.26947430634715,146.8592615620386,1556900,CRM
2019-10-15,150.14244079589844,150.36852511345393,147.07549070875433,147.1148188505065,3942600,CRM
2019-10-16,144.47059631347656,148.28461696029794,143.3401594719305,144.75565790854043,8988600,CRM
2019-10-17,143.6842041015625,145.52239773536374,143.03542458399903,145.07022898018576,5024400,CRM
2019-10-18,141.63955688476562,143.9495980509678,139.97829515238536,143.8119795346383,6080000,CRM
2019-10-21,142.09173583984375,142.72085117911516,140.5680926746308,141.64939169492203,3358000,CRM
2019-10-22,139.9095001220703,143.47777218039442,139.72272891250708,142.5832442815885,4460500,CRM
2019-10-23,142.66188049316406,143.0944001210886,139.08378402482504,139.69323531910405,4761400,CRM
2019-10-24,145.6010284423828,146.25963245040867,143.91027800414255,144.09704921523684,5280100,CRM
2019-10-25,147.93075561523438,148.09786277629053,143.81200882433828,144.54925424038996,4991400,CRM
2019-10-28,152.1575927734375,152.28538675803298,146.88874578390596,148.62864888473828,7576700,CRM
2019-10-29,152.45249938964844,153.47482130468993,151.79389536711906,152.14777372243427,5477300,CRM
2019-10-30,155.58824157714844,155.7258600951246,152.37384797956327,153.0914441797829,4724500,CRM
2019-10-31,153.8286895751953,155.58824169922048,152.57045883862799,153.89749133459063,4578300,CRM
2019-11-01,157.02340698242188,157.3674457514325,154.08425064532716,155.224526849614,4771100,CRM
2019-11-04,154.91981506347656,158.50773611377636,154.0252871854226,158.20301046283996,5748100,CRM
2019-11-05,155.46044921875,156.4139543172829,152.82603327591656,154.90997514110086,4015000,CRM
2019-11-06,156.2271728515625,157.27898325171884,155.06724754974155,156.23701238756306,4207400,CRM
2019-11-07,156.78750610351562,158.38979074622864,155.39165675191379,156.22719245571002,3802300,CRM
2019-11-08,158.37010192871094,158.4684072899378,156.20751897534967,156.5417332046535,3265300,CRM
2019-11-11,159.0287322998047,159.47107650030972,157.5247530185107,158.47825818368332,3541200,CRM
2019-11-12,160.09036254882812,161.57467770994901,158.8419562878993,159.2449873247865,3710600,CRM
2019-11-13,159.83477783203125,161.62381852400281,159.26463969962688,160.2771219866901,5389700,CRM
2019-11-14,160.27711486816406,160.79810029373553,159.62833547052287,160.2574507957012,3820700,CRM
2019-11-15,160.4344024658203,161.14214410439502,158.25215533227714,160.93572383460452,3693000,CRM
2019-11-18,160.00189208984375,161.21097016628866,159.13685281600672,161.21097016628866,5556700,CRM
2019-11-19,161.17164611816406,161.65330340910248,159.0876893720533,160.85708094920668,4952900,CRM
2019-11-20,161.4075927734375,163.51119908549276,159.49075769925335,160.66052282124932,8450300,CRM
2019-11-21,160.1100311279297,163.08850107100128,159.45142709754137,162.50853834265413,5724200,CRM
2019-11-22,160.04119873046875,160.70964223287527,158.6355249669429,160.20830585624708,3761900,CRM
2019-11-25,158.95993041992188,161.84991952746802,158.70434243812565,160.99471974049072,5509300,CRM
2019-11-26,159.77581787109375,159.84463464201812,158.56673960443266,158.81248807322615,5881400,CRM
2019-11-27,158.7633056640625,160.06086453609177,158.37011418730458,159.16633667728007,4012800,CRM
2019-11-29,160.11985778808594,160.63101875848085,158.57656533804618,158.86162693734062,2432500,CRM
2019-12-02,158.2620086669922,160.43443165894348,155.4113325230193,160.32630173627993,5117400,CRM
2019-12-03,158.82229614257812,159.09753317314787,153.53378534222932,154.29069467594272,6216400,CRM
2019-12-04,153.7696990966797,157.95726190739182,151.87252843306675,157.65253625670113,17803300,CRM
2019-12-05,155.52926635742188,156.21735895616152,152.6097738319967,153.0914461507613,7126600,CRM
2019-12-06,155.32281494140625,156.78748082028764,154.90995942505472,155.41129576578254,4751200,CRM
2019-12-09,154.8018341064453,156.19768327423955,154.388978577883,154.70354374209768,3709000,CRM
2019-12-10,153.74020385742188,154.98861001706132,153.51411951331636,154.3398305955832,4074700,CRM
2019-12-11,153.73037719726562,154.21204948824862,152.83584937085126,154.17272134242117,4867500,CRM
2019-12-12,155.8929901123047,156.2861966494624,152.6687715040902,153.1209552719976,5353900,CRM
2019-12-13,158.38978576660156,158.7436641121704,155.8536601232405,156.15838578206206,5742300,CRM
2019-12-16,159.20567321777344,159.97240713737858,158.0850609507125,158.1145495630593,5370000,CRM
2019-12-17,158.8812713623047,159.60867707709406,157.02341392971326,159.24497421969937,4789600,CRM
2019-12-18,158.7338409423828,160.50323285267007,158.7338409423828,159.04840617056527,4144800,CRM
2019-12-19,160.55235290527344,160.56217744192102,158.09486880704657,158.8419385731622,4185400,CRM
2019-12-20,161.7516326904297,162.36108404628064,160.847280194901,161.92856437465932,8586700,CRM
2019-12-23,160.9553985595703,162.0661712736366,160.5720316052955,161.25028467878636,4368600,CRM
2019-12-24,160.4737091064453,161.05367174473338,160.11000626536506,160.53268632399428,1238000,CRM
2019-12-26,161.71229553222656,161.7319596069219,160.49339288841188,160.621171875696,2155500,CRM
2019-12-27,162.17430114746094,162.64614893668883,161.1126661206391,162.05634669980094,3409900,CRM
2019-12-30,159.67752075195312,162.13500533629298,158.45860299837415,162.05636402967863,3197100,CRM
2019-12-31,159.8740692138672,160.483520410679,159.04835823767868,159.28426708842335,3273500,CRM
2020-01-02,164.15013122558594,164.2287725252681,160.79811894819312,161.13233322237164,5189300,CRM
2020-01-03,163.3440704345703,163.93387268716577,162.1939695413741,162.25294676677476,3205400,CRM
2020-01-06,170.50027465820312,170.71653449801283,161.65333030004481,162.19397989956911,8836200,CRM
2020-01-07,173.00689697265625,173.86209672041744,169.16338787758087,170.28400013300018,8272700,CRM
2020-01-08,174.31427001953125,175.80842460389215,171.7781445405623,172.2499773043051,7225100,CRM
2020-01-09,176.54568481445312,176.84057094221373,174.27495663563582,175.79859995934126,5952900,CRM
2020-01-10,177.13546752929688,177.6073003209152,175.65115239353204,176.78158918575966,5111800,CRM
2020-01-13,180.72340393066406,181.31319117127566,178.04965977520152,178.17743876105564,6202600,CRM
2020-01-14,179.0228271484375,180.72341723230517,178.9441858440423,180.3793634004881,4342300,CRM
2020-01-15,177.98085021972656,179.97632637987255,177.54833055952443,178.59030155948702,3886600,CRM
2020-01-16,179.5831298828125,179.9959854562774,177.88255490178693,179.13094615989712,3485300,CRM
2020-01-17,179.13096618652344,180.22208996670065,178.2757663315426,180.11396004256432,4577000,CRM
2020-01-21,182.11924743652344,182.83682863944594,178.4133569788142,178.42318151609214,6302400,CRM
2020-01-22,179.64208984375,183.26933881832048,179.58311262453628,182.23719248420235,4781800,CRM
2020-01-23,180.8511962890625,181.16576150675024,178.2167800877558,180.09430185767977,4369000,CRM
2020-01-24,179.01300048828125,182.96463974135386,178.04967076962498,181.85385195396876,4653600,CRM
2020-01-27,177.6367950439453,178.6394378010539,174.28478298528634,175.72978489915297,4239400,CRM
2020-01-28,179.74041748046875,180.73323579193712,177.28293304676967,178.05949152812894,3445300,CRM
2020-01-29,178.6787567138672,180.9691336766682,178.53129866947071,180.87082831373723,2785500,CRM
2020-01-30,182.51243591308594,182.77784840815661,177.46967350320978,177.8235518302062,3715700,CRM
2020-01-31,179.2095947265625,182.8663328104422,177.71543997203338,181.71623188073252,4193300,CRM
2020-02-03,182.26670837402344,182.70905258362552,178.75742831193233,180.14343816877948,4755200,CRM
2020-02-04,185.13702392578125,186.46407137797578,183.47576222612648,184.802809678321,3983200,CRM
2020-02-05,182.33551025390625,187.30945606989098,179.75023197434118,187.16199801253197,6162700,CRM
2020-02-06,183.5543975830078,184.370284101392,181.1067530271478,183.6527029463958,4102700,CRM
2020-02-07,182.56161499023438,185.44177970746654,182.49279822259214,183.67240281597827,3713100,CRM
2020-02-10,185.90374755859375,186.05120560033149,182.40429269115927,183.00391939592478,3873500,CRM
2020-02-11,185.89393615722656,189.32458951368952,185.44175246295586,188.22362638823213,4299200,CRM
2020-02-12,186.2379913330078,187.27996224578484,183.5937359038132,186.4837397558059,4535400,CRM
2020-02-13,185.4319305419922,187.80094895337973,185.21567072854558,185.29431202428012,3132100,CRM
2020-02-14,186.7196502685547,187.01455137833983,184.90112092358453,186.12986304827797,3599400,CRM
2020-02-18,187.84027099609375,188.2433020310823,185.70717637090488,187.70265247186526,4957000,CRM
2020-02-19,189.58998107910156,190.62212741474497,188.53818566988645,188.73478140065356,3903200,CRM
2020-02-20,190.07168579101562,192.39155180808956,186.54274157415307,190.70080123635964,5451200,CRM
2020-02-21,186.2772979736328,188.77409526235044,183.54457680752506,188.57749953083842,5242100,CRM
2020-02-24,182.77784729003906,183.96726124343627,175.7494334772729,175.7494334772729,8463300,CRM
2020-02-25,178.187255859375,186.74912180166405,176.37853621776802,185.26480685051854,11361100,CRM
2020-02-26,175.82809448242188,179.56347388565953,171.28666797072003,173.53771715096113,13923100,CRM
2020-02-27,169.2223663330078,175.2972754455437,167.15808847868524,169.281358556812,9927300,CRM
2020-02-28,167.50213623046875,168.8488479256193,160.34594262151703,162.18415121288294,12640800,CRM
2020-03-02,173.7539520263672,173.78344063589867,165.7228957126178,169.27150338606918,7761000,CRM
2020-03-03,166.48963928222656,175.3857353265566,164.24841483118723,175.3759107892366,8323500,CRM
2020-03-04,172.7021484375,172.82010287003638,166.74520960574043,169.32064804473157,5846300,CRM
2020-03-05,166.71572875976562,170.79514640069831,165.2412382872416,169.6352210953066,5797500,CRM
2020-03-06,161.28964233398438,164.72029647497874,155.84384768036347,162.85259904893357,9757700,CRM
2020-03-09,148.63848876953125,155.0279480255591,148.07817514280308,149.12014609851443,9657100,CRM
2020-03-10,158.59620666503906,158.72400065121727,148.43205497703804,154.55610178721545,11443900,CRM
2020-03-11,151.9413299560547,156.90543570210707,147.59648498736098,154.99842569306327,10341300,CRM
2020-03-12,138.19906616210938,148.65811743116845,137.71740889926664,141.8852921497847,13213000,CRM
2020-03-13,145.26683044433594,146.95758107199757,133.01873543151962,146.92809245634152,13765400,CRM
2020-03-16,122.18611907958984,139.1427602893675,121.29159121883781,131.73097944212702,13845300,CRM
2020-03-17,133.1169891357422,135.66293891446298,120.82956935509151,124.84018497141089,12191500,CRM
2020-03-18,129.99110412597656,131.15102959794956,113.32935489381057,123.40504123639876,12988200,CRM
2020-03-19,137.08831787109375,141.55110299069406,126.6685779012276,129.35214669562367,10444000,CRM
2020-03-20,136.98016357421875,143.71366070586237,132.3109439941765,138.0319589220912,12450100,CRM
2020-03-23,138.1302947998047,141.27587200148284,131.80963678270737,136.40021608941026,11898300,CRM
2020-03-24,151.02716064453125,151.5186575243949,140.74503931809411,142.17039226913423,11834400,CRM
2020-03-25,144.5590362548828,155.3326526985552,144.46074589456762,150.07363094470392,10639300,CRM
2020-03-26,152.09860229492188,152.4426560699453,145.21764678879464,145.77796036538263,8573100,CRM
2020-03-27,143.51708984375,148.8744028688804,142.44563023858282,148.06835578035003,8273500,CRM
2020-03-30,147.30160522460938,150.3980292386287,144.0675476995473,145.20782393935673,7650400,CRM
2020-03-31,141.5314178466797,149.36587823338832,140.3518284972134,146.4955386499465,10429700,CRM
2020-04-01,131.7801513671875,136.69512055139884,130.83648568342446,135.96771471168475,8737600,CRM
2020-04-02,132.03570556640625,133.0875009029599,127.82847922231636,131.73096495558298,8150500,CRM
2020-04-03,132.02586364746094,133.87389635408414,129.4209366933731,132.16348214693554,6004400,CRM
2020-04-06,145.0407257080078,147.30161425330027,135.9480338405027,136.63612644142813,12296800,CRM
2020-04-07,142.60292053222656,148.23547091569813,142.05243139413898,147.77346262079135,7859500,CRM
2020-04-08,148.5500030517578,149.5723248987258,142.5340864112765,143.81198122033973,7665500,CRM
2020-04-09,151.9216766357422,153.44531984353108,149.1004745673455,149.79840668163482,7094600,CRM
2020-04-13,149.90655517578125,152.66876536634612,147.44907066470287,151.4990003391856,5138600,CRM
2020-04-14,155.0279541015625,156.0895741740241,152.5114774503841,153.06196656111646,7334300,CRM
2020-04-15,152.98333740234375,154.59544671349582,151.38105262992764,152.44268778594912,4042600,CRM
2020-04-16,154.38894653320312,155.3129627621809,151.6267373801671,154.32996932697722,4391500,CRM
2020-04-17,159.85443115234375,160.48354652217495,154.94930217483426,157.27899245073687,7312900,CRM
2020-04-20,159.9920654296875,161.51570881898877,157.79016891804235,158.016253292157,4686000,CRM
2020-04-21,147.99954223632812,157.3674718306402,145.48308054038168,157.2790059896018,13737900,CRM
2020-04-22,151.5186767578125,153.05214481775477,148.1076867786323,151.38105821395348,6660900,CRM
2020-04-23,149.13978576660156,153.80900522805442,148.92352598107516,150.88951312273952,6281400,CRM
2020-04-24,151.3613739013672,151.87253485277765,148.7269578427408,150.97800693763293,6710500,CRM
2020-04-27,154.94931030273438,155.7455328438953,151.57763392557703,152.89484195661592,5036400,CRM
2020-04-28,151.8332061767578,158.07520687104713,151.55795415468685,156.7874875860579,4731800,CRM
2020-04-29,157.70169067382812,159.1368682446288,153.8581962534001,155.19506844289972,5256700,CRM
2020-04-30,159.19583129882812,162.4888662883611,157.28882106603308,158.88128110540399,6830700,CRM
2020-05-01,153.71072387695312,157.44610302934475,152.61960024295203,155.79468077209657,4276900,CRM
2020-05-04,158.72398376464844,159.26463326485123,152.44265502425682,152.93415184275162,5974200,CRM
2020-05-05,160.4737091064453,161.3485728317706,157.52472823465763,159.76595249727288,5264800,CRM
2020-05-06,160.88658142089844,162.89189702261984,160.14933612600254,161.64349079012717,4112600,CRM
2020-05-07,167.0106201171875,168.35733165737878,163.1966148409353,163.66844760720804,6460900,CRM
2020-05-08,172.90858459472656,173.08553125909478,168.2393645530915,170.0087562003066,5403400,CRM
2020-05-11,179.56346130371094,180.18275214802037,171.19819013362115,172.57437534398233,8696000,CRM
2020-05-12,174.52069091796875,179.90750707060147,173.9997054687945,179.88784299724776,5904600,CRM
2020-05-13,166.7550506591797,172.23033276755004,163.4423666901294,172.19100461994776,12534900,CRM
2020-05-14,164.15997314453125,165.7032806905221,161.77130528586264,165.57548669009597,7442300,CRM
2020-05-15,168.41632080078125,168.79968776288464,163.35389399431472,164.42536858009098,5673800,CRM
2020-05-18,169.56642150878906,173.98989337423575,169.20271862184873,171.04091213060462,6398300,CRM
2020-05-19,173.0462188720703,175.1694890421067,169.81217592732642,169.81217592732642,5264000,CRM
2020-05-20,173.9210968017578,176.09351983644007,171.9256204618672,175.53322113474118,4951200,CRM
2020-05-21,172.2794952392578,175.25796537867387,171.9551054716893,173.92109315443497,4429700,CRM
2020-05-22,174.82545471191406,175.60201322036383,172.46626057368488,173.59671245219943,4965100,CRM
2020-05-26,173.51806640625,178.90486812584092,173.22316527211768,178.90486812584092,8353600,CRM
2020-05-27,173.59669494628906,173.6065194836298,168.4556270505883,173.2919542972027,6340200,CRM
2020-05-28,178.02015686035156,181.6572303827699,174.08818224167382,176.93885784049806,10275200,CRM
2020-05-29,171.8174591064453,172.0238943793896,167.7871940091327,171.3358018017307,19588900,CRM
2020-06-01,173.36074829101562,174.50102444313418,169.74332411860644,170.15619462139796,5711600,CRM
2020-06-02,171.2669677734375,171.92557167415998,168.30816248822902,171.87643399444133,8571800,CRM
2020-06-03,172.0140838623047,172.9380853994469,169.9006382738115,171.85680126050815,6004000,CRM
2020-06-04,168.52444458007812,172.4465798959464,167.10893123327398,172.0238997989585,7301600,CRM
2020-06-05,170.92294311523438,171.22766875122161,164.15994190638327,167.21705280173734,8232200,CRM
2020-06-08,173.5475311279297,173.56719520064334,169.72368644657487,170.67719148273596,4592600,CRM
2020-06-09,171.5913848876953,173.0068982734561,170.57890253524306,173.0068982734561,4025600,CRM
2020-06-10,179.00318908691406,179.39638063379024,173.05607319481138,173.25266896824948,8127200,CRM
2020-06-11,169.12405395507812,175.39554300051324,169.0749012746166,173.63599103461132,6521200,CRM
2020-06-12,172.1320343017578,174.6681599492581,168.9373046487922,172.90859275617387,5443800,CRM
2020-06-15,175.57252502441406,175.8575866296572,168.35735405800892,169.07493533958942,6000000,CRM
2020-06-16,177.41070556640625,179.39635711620716,174.98270983453378,176.9486973097799,5824100,CRM
2020-06-17,178.31507873535156,179.64212643513795,177.60732196203827,177.8923985786956,5038600,CRM
2020-06-18,184.4685821533203,185.7857899744733,178.53129242331568,178.81636896626623,8677800,CRM
2020-06-19,183.7706756591797,187.99755171725656,182.33551320645915,186.27731268193523,11841000,CRM
2020-06-22,188.3907470703125,189.2262977614444,183.81983211111742,183.849320723812,6252200,CRM
2020-06-23,185.84478759765625,190.78924473732792,185.38277935603898,188.73479149226858,6950800,CRM
2020-06-24,182.3944854736328,186.08071187771068,180.91015537537618,184.32114474122642,4903100,CRM
2020-06-25,185.13702392578125,185.55971900286937,181.3033546183418,182.9744408549361,4022400,CRM
2020-06-26,180.0549774169922,185.01909924114227,179.90753434272153,184.80283939934833,7595700,CRM
2020-06-29,180.2122344970703,180.5857768980274,176.93886371836535,180.20240995994266,3972100,CRM
2020-06-30,184.14419555664062,184.6946695807317,180.01562537666535,180.33017553359215,4478900,CRM
2020-07-01,188.6266632080078,189.5408551617988,184.2720082539904,184.90112363107377,4754600,CRM
2020-07-02,189.25576782226562,192.06713028482247,189.019843944541,189.87505862673467,4200300,CRM
2020-07-06,194.35751342773438,196.05808831024095,190.54349311388083,191.13329532711566,5794200,CRM
2020-07-07,193.04031372070312,196.81500604844342,192.8732065863249,194.29854449661656,5431500,CRM
2020-07-08,196.87399291992188,197.77834539697014,193.99382834621005,194.63276830304255,4233700,CRM
2020-07-09,197.326171875,199.3708006863158,192.31289772232918,198.58440268207212,6062800,CRM
2020-07-10,195.49781799316406,197.31634758171916,193.72842609674373,196.65774351458126,3783200,CRM
2020-07-13,185.13702392578125,196.85430665440643,184.8322982884326,196.59873370034148,5555400,CRM
2020-07-14,186.33627319335938,186.7294796514563,180.18273836724632,182.82699367568893,5854700,CRM
2020-07-15,184.89129638671875,188.83311104207078,183.57408832201668,187.78130049834206,7681800,CRM
2020-07-16,182.3551483154297,183.6821957550449,178.83602921563676,183.24967614511718,7350000,CRM
2020-07-17,184.5865478515625,185.1959991195912,180.24171768424122,183.95743251057692,4324300,CRM
2020-07-20,191.7722625732422,191.98852241564867,184.08525862715115,184.70453454013744,5729000,CRM
2020-07-21,187.55520629882812,193.15826754846685,186.25764737823076,192.66677068447584,5376800,CRM
2020-07-22,188.0565185546875,188.60699261569945,185.65801157516984,187.5355331041374,2833000,CRM
2020-07-23,185.3336181640625,191.26108373664536,184.32113589361947,188.22362192602336,3639500,CRM
2020-07-24,185.2845001220703,185.7268443163599,181.2443951488758,182.89581747403543,3908400,CRM
2020-07-27,187.71249389648438,188.30228114941133,185.44176572493848,186.6705079176542,3015700,CRM
2020-07-28,186.2772979736328,189.68828716285594,185.83495382790755,187.75178845891222,3114200,CRM
2020-07-29,190.3174285888672,191.25126969101456,186.52307195337482,186.9162634702911,3747800,CRM
2020-07-30,188.43988037109375,188.65614017480144,184.1835160516365,186.85725998902902,3587400,CRM
2020-07-31,191.5363311767578,191.67394969674905,187.42740965251627,189.71778680610103,3734000,CRM
2020-08-03,199.7344970703125,201.3072780282768,193.2270834207622,194.43616150081925,6557500,CRM
2020-08-04,197.9847869873047,199.93111053243624,195.51746292321795,199.54774354628464,4480300,CRM
2020-08-05,199.19383239746094,200.43239899523218,198.15186152959572,199.35111498110282,3559100,CRM
2020-08-06,204.25628662109375,206.3795569486638,198.95795034027236,199.5182640375322,5113300,CRM
2020-08-07,197.63088989257812,203.4207222883692,195.20289421054053,203.10615709912514,5423400,CRM
2020-08-10,193.80703735351562,198.05356224720796,192.39152405585378,196.99192727396158,5528200,CRM
2020-08-11,188.72496032714844,192.50947696156655,188.4595478361312,190.32722981163178,5015400,CRM
2020-08-12,189.34426879882812,192.0966545526904,188.8527718784704,189.7178112580746,3980300,CRM
2020-08-13,191.8214111328125,194.70159079048153,189.94388935931343,190.03237020151604,4711600,CRM
2020-08-14,190.1699676513672,192.15560412430628,189.24595117421063,191.90003116225398,2833000,CRM
2020-08-17,193.39419555664062,193.7185852936901,191.11364285955133,192.0179953086161,3574500,CRM
2020-08-18,200.54052734375,201.3171007199107,195.61573460102727,195.94012430254207,7284800,CRM
2020-08-19,201.6218719482422,203.57803513640988,196.6282613216034,200.53074815975404,7080700,CRM
2020-08-20,205.947021484375,206.5368237521969,200.04905880333482,200.38328808805778,5175100,CRM
2020-08-21,204.0006866455078,206.4286823473463,202.74245587685797,206.3697051237055,5727800,CRM
2020-08-24,204.91488647460938,205.73075809867927,201.66116451903784,205.32774205523452,5699000,CRM
2020-08-25,212.3758087158203,214.63669740485633,207.2150913818291,209.59393452443922,27096500,CRM
2020-08-26,267.6888732910156,273.2427821466743,245.2274594248632,247.67511933609387,63253400,CRM
2020-08-27,271.6208190917969,273.5474782924699,256.40406622481066,262.4593108540835,22817100,CRM
2020-08-28,266.4895935058594,271.06050813286123,262.85250487871275,266.6665251691684,28068000,CRM
2020-08-31,268.0132141113281,270.0381786413102,261.38784647431424,265.4082869245634,16010100,CRM
2020-09-01,276.4670104980469,277.135439092656,265.97845329150556,266.3913238932291,13293600,CRM
2020-09-02,271.9845275878906,279.6617059380066,264.002623592527,278.64922363314815,12963800,CRM
2020-09-03,260.5032043457031,267.1285731567388,253.0324452420614,265.9784571768863,14000600,CRM
2020-09-04,250.3684844970703,261.15194124535003,239.0640573034516,258.50768587582536,14374300,CRM
2020-09-08,237.1668701171875,249.36580929606006,236.0560825492015,236.47877759691423,15229600,CRM
2020-09-09,246.17111206054688,249.13975731839267,238.82816271301493,242.20964853733966,9988600,CRM
2020-09-10,243.58583068847656,252.14771202249898,242.7699441549797,250.47661080970457,5945000,CRM
2020-09-11,238.9657440185547,247.02628833154898,235.37780847118557,246.45615025828587,5455200,CRM
2020-09-14,242.44557189941406,244.6376437078571,239.88978221295307,242.1211821700275,4255200,CRM
2020-09-15,247.39984130859375,247.65542926403833,244.28375315391912,247.09511566875736,4133600,CRM
2020-09-16,246.3382110595703,251.08605711972638,245.97449321491115,250.3389873564809,5441200,CRM
2020-09-17,240.3714599609375,244.58851153880335,237.20621889292855,241.93441642018266,5279500,CRM
2020-09-18,238.65122985839844,243.8905885309597,234.65045295415393,240.9612712522473,6595600,CRM
2020-09-21,240.88259887695312,240.9612401695031,232.77290119898524,234.90599563679012,5561600,CRM
2020-09-22,243.56619262695312,244.3427660968754,237.15706911263229,242.54388571635138,3600800,CRM
2020-09-23,231.97669982910156,244.5393587198702,231.34758443079042,244.26412167056495,7507900,CRM
2020-09-24,233.5101776123047,235.87919624398558,229.65684375875432,231.8292516331694,4166800,CRM
2020-09-25,238.61190795898438,239.80132199530559,231.05268363160062,233.35288540372608,5117800,CRM
2020-09-28,242.4750518798828,244.35257342891018,238.0909084190586,243.34991566461542,4088300,CRM
2020-09-29,243.24179077148438,243.68413494154726,240.34196232407916,241.0890321446455,3983700,CRM
2020-09-30,247.04598999023438,251.06643072278266,242.03271599659703,242.45539609838409,8188500,CRM
2020-10-01,249.13973999023438,250.3389934547188,246.54463732923213,248.8743275023782,4318000,CRM
2020-10-02,243.63499450683594,250.61424077617465,243.0058791389055,245.50267653682812,4494500,CRM
2020-10-05,247.25241088867188,248.97264991047874,244.76543795994607,245.74843168669284,3403500,CRM
2020-10-06,245.88604736328125,252.9144614277702,244.76543512772847,248.43199748626526,4448100,CRM
2020-10-07,255.5587158203125,256.30577064173553,247.91101094833368,247.91101094833368,4963200,CRM
2020-10-08,255.79461669921875,260.11978289301777,252.70800214361518,259.70694234648147,4150400,CRM
2020-10-09,261.4566650390625,261.5254517964827,257.05284263346107,258.4290277606534,4225000,CRM
2020-10-12,262.5281982421875,265.4083632810938,260.7784702323522,265.4083632810938,4317000,CRM
2020-10-13,262.29217529296875,264.21886439352375,259.73641587138115,261.88917430618994,3713200,CRM
2020-10-14,257.37725830078125,265.5656136081704,254.349650539154,265.4083309973781,5129500,CRM
2020-10-15,253.33714294433594,256.08951336335616,249.7000691769502,253.72049489621233,5256800,CRM
2020-10-16,254.15296936035156,258.0554549385518,254.0939921474685,254.83123730708886,3092300,CRM
2020-10-19,250.6732177734375,257.033203204981,250.17189638671078,255.34245284281695,3242300,CRM
2020-10-20,251.6168975830078,254.7722989477885,249.7295514864684,251.76434063770094,2989300,CRM
2020-10-21,249.906494140625,253.91711039685524,247.56697924062797,252.08875644109284,2794000,CRM
2020-10-22,245.4240264892578,250.87964432872434,241.94423551557517,249.57226095463287,3685700,CRM
2020-10-23,246.25958251953125,246.30873520371048,242.6126693432567,245.84672697115374,3159600,CRM
2020-10-26,237.86483764648438,243.89059449402203,233.34307512571715,241.12838429126413,5864100,CRM
2020-10-27,246.0433349609375,247.4686728773534,241.5903745396917,243.78244636974637,4285600,CRM
2020-10-28,234.3751678466797,241.2757874423014,233.96231231522097,240.4402518426681,4425400,CRM
2020-10-29,233.10711669921875,238.39562740718867,233.09729216233185,238.39562740718867,4589000,CRM
2020-10-30,228.31997680664062,233.7067786940876,224.77136854700254,231.80960783747344,5741200,CRM
2020-11-02,228.4968719482422,234.44398655677364,225.0957223038779,231.12146320537772,3953400,CRM
2020-11-03,233.09730529785156,236.84250896593434,229.31277348141916,231.10182924898177,4151400,CRM
2020-11-04,246.4758758544922,248.57948202955887,239.1034222036563,241.8361438236225,6505400,CRM
2020-11-05,255.79461669921875,256.48272427489457,251.09590810711498,253.72048443442668,8961700,CRM
2020-11-06,255.7257843017578,257.29858009383435,250.16205181074773,255.57834125844101,3798600,CRM
2020-11-09,254.87057495117188,266.31263465440657,252.87509917800983,256.5121874338422,8777500,CRM
2020-11-10,243.44821166992188,254.59535609365147,238.76915228270735,253.67133966006566,6863200,CRM
2020-11-11,249.85733032226562,252.37379178285602,246.93785284598366,249.1987263461965,4163400,CRM
2020-11-12,245.1782989501953,250.63391725421226,242.1703404796817,243.19264737842906,5607000,CRM
2020-11-13,245.26675415039062,249.4739660115452,243.34991942381447,248.5401249908331,5160000,CRM
2020-11-16,245.6403045654297,249.17908802160994,243.95937867392053,245.27660168217847,5712600,CRM
2020-11-17,251.81350708007812,253.87776983277786,246.20060650350337,249.42482461077267,5090700,CRM
2020-11-18,252.78668212890625,258.193147877506,251.49896268685418,252.03959726227845,5880500,CRM
2020-11-19,260.1492919921875,262.54779916101563,251.312187709449,252.47211314394772,8084600,CRM
2020-11-20,253.65171813964844,260.51299538290743,253.43545831258191,259.1073215062695,7286100,CRM
2020-11-23,253.25856018066406,257.28881113018093,250.28007489506132,256.7875046453998,5383600,CRM
2020-11-24,256.4041442871094,257.849146627192,253.43551328849543,255.57843294971866,5797300,CRM
2020-11-25,242.62252807617188,261.57464664974395,240.88262491375934,259.2449562283962,26394900,CRM
2020-11-27,243.4187469482422,247.55714223334866,242.8289446989219,246.73143108373569,7395000,CRM
2020-11-30,241.61985778808594,243.41873808378008,232.0553331551402,241.305292600092,18966400,CRM
2020-12-01,237.2455291748047,242.50453633013547,234.64058693962087,240.83345008450974,18872000,CRM
2020-12-02,217.02532958984375,222.1565574712016,211.9629184613452,221.6453965904926,52225500,CRM
2020-12-03,217.21214294433594,222.26473051726623,216.38643174548238,222.26473051726623,21395300,CRM
2020-12-04,222.01898193359375,224.71239036554636,218.04769355149034,220.0136811662395,20504800,CRM
2020-12-07,223.8276824951172,225.96077721485088,222.4023445025839,224.2307135479692,12864100,CRM
2020-12-08,223.98497009277344,225.59707934081442,221.8223867111519,224.76152860279703,12116800,CRM
2020-12-09,216.81893920898438,224.94828674343225,216.32744233268812,224.1717282785737,15651800,CRM
2020-12-10,219.1289520263672,220.49531265831064,216.41589483612296,216.81892584968375,9258600,CRM
2020-12-11,218.63746643066406,218.9520316279594,216.23895929881667,218.1459695593607,8214400,CRM
2020-12-14,217.50701904296875,219.66960217161807,216.70095701359128,219.29605976782915,8508500,CRM
2020-12-15,216.4060516357422,218.3622144494989,214.48921696860492,218.29341269185457,10766800,CRM
2020-12-16,219.81704711914062,220.19058952614643,216.50436313898996,217.71344119417506,8821400,CRM
2020-12-17,222.07794189453125,222.87416441670734,220.68209259650868,221.07528408916795,9946900,CRM
2020-12-18,223.562255859375,223.94563781175975,220.58378607013995,223.15923983125975,11845400,CRM
2020-12-21,222.61859130859375,223.57209642696085,220.88852774295245,221.0752839523089,9219000,CRM
2020-12-22,227.23867797851562,227.926770647839,222.746404052201,223.13959557773,10339600,CRM
2020-12-23,223.562255859375,229.21446978273366,223.24770566675136,228.54604124884972,7090500,CRM
2020-12-24,221.9403076171875,225.29231960157983,221.00646663894227,224.41745584311747,6146300,CRM
2020-12-28,220.8197021484375,223.96527895980972,218.2737520885529,223.3558276711576,6422500,CRM
2020-12-29,218.67678833007812,221.46848687946232,217.10399238714106,221.14409715375805,6122400,CRM
2020-12-30,218.6177978515625,219.83671546702584,217.81175079886594,219.33539406837167,4724000,CRM
2020-12-31,218.74559020996094,219.001163176128,216.425724442473,218.4900172437939,6011100,CRM
2021-01-04,216.56333923339844,219.94483995482548,212.0514017588483,218.8537163499382,10319900,CRM
2021-01-05,217.75277709960938,219.20760363243483,214.2828104034879,215.75730101088095,8657200,CRM
2021-01-06,212.4740753173828,216.71079062544823,212.1103724600327,214.29261960271944,9789800,CRM
2021-01-07,214.27294921875,216.907379970771,212.81812283290435,213.33910826160502,8443100,CRM
2021-01-08,218.26390075683594,218.53915277479356,215.49186649762552,216.2586003352343,7301700,CRM
2021-01-11,214.53839111328125,216.82876840595236,212.55273949057462,215.89492732078213,7199000,CRM
2021-01-12,211.8548126220703,214.5875339880785,210.44912379031123,214.2926328695918,10736000,CRM
2021-01-13,214.46957397460938,215.17733069039068,211.8646464785356,213.30964852331454,6839200,CRM
2021-01-14,211.93345642089844,215.76712600857692,211.8843037340217,214.51871975851992,6548000,CRM
2021-01-15,209.51528930664062,214.1648455894237,209.3678462424286,212.4937591980785,8525600,CRM
2021-01-19,213.07369995117188,213.58486085323665,210.065741756974,211.6876902925758,7753800,CRM
2021-01-20,219.64010620117188,220.81969559552,216.22911699464746,218.21476839136406,9857700,CRM
2021-01-21,218.39170837402344,220.91800938089062,217.06467587954177,219.88586299676476,6785900,CRM
2021-01-22,221.93048095703125,223.91611733409005,219.94482958067965,221.07526628048336,10186100,CRM
2021-01-25,222.07794189453125,226.38345923583185,217.55617973177382,225.7838324599854,8213500,CRM
2021-01-26,222.4121551513672,224.03410379961912,220.72140474189518,223.92597388973564,5021000,CRM
2021-01-27,220.9573211669922,223.93579085757196,217.81174434847648,219.89568617837563,7641100,CRM
2021-01-28,222.6480712890625,225.69535773467874,221.17358075072434,221.17358075072434,7246000,CRM
2021-01-29,221.7240753173828,224.89914103701093,219.22727770798463,220.8393869123058,6473000,CRM
2021-02-01,224.57473754882812,225.99023581594912,220.9278244805176,223.3459954771901,5696700,CRM
2021-02-02,230.2171173095703,231.93735625295844,227.44508292614307,227.53354875768693,7134900,CRM
2021-02-03,230.82659912109375,231.98652454415327,228.31012252663135,231.00353079608482,5357600,CRM
2021-02-04,233.93284606933594,234.1785945043611,231.46553718142934,231.5146898682932,4770700,CRM
2021-02-05,234.8273468017578,235.28935500609157,232.38952680818076,235.08291974486679,5020000,CRM
2021-02-08,234.86666870117188,237.00960268614642,233.0972921072044,235.4368068256276,4336400,CRM
2021-02-09,232.67459106445312,235.99711435994865,232.2224223906747,235.4859534684972,5157200,CRM
2021-02-10,232.6942901611328,234.16878083974797,229.981232712227,233.41187142492296,5535600,CRM
2021-02-11,237.1374053955078,238.75933899947557,234.52263855579707,234.86667735094207,6091600,CRM
2021-02-12,236.28219604492188,237.4519609734322,234.84703361108942,236.8523342033258,4314400,CRM
2021-02-16,244.36239624023438,246.9574989653271,239.65386309482543,240.8334525154506,10837600,CRM
2021-02-17,243.44821166992188,245.2569163913747,241.3249417798897,244.36238856743157,5879200,CRM
2021-02-18,242.80926513671875,243.7922588233568,238.4447857674522,241.78695830230424,4152800,CRM
2021-02-19,242.36692810058594,245.14880211544417,241.79678994566473,243.7824414508326,4647700,CRM
2021-02-22,236.85232543945312,240.36162009513524,236.29202683854442,240.10603213744594,5055000,CRM
2021-02-23,231.63265991210938,234.89620654862432,225.11540617669115,231.2591174659481,8641600,CRM
2021-02-24,236.3804931640625,237.39297546194848,227.57286312694464,231.52450194934318,6128300,CRM
2021-02-25,227.15020751953125,236.2625641817747,225.86248805040037,234.47350827859185,8828900,CRM
2021-02-26,212.81814575195312,226.58005817933116,212.6608631529525,225.48893452261728,20372900,CRM
2021-03-01,213.84043884277344,216.45520563501418,211.37313010231222,216.16030453074833,14027700,CRM
2021-03-02,209.8396453857422,214.8824073629792,209.71185141772892,214.68579664317662,10211500,CRM
2021-03-03,202.49671936035156,209.69224105378868,201.90691709065203,209.21056870022423,11459000,CRM
2021-03-04,201.83810424804688,205.5341552706698,198.08306100225582,203.32241937962468,12800500,CRM
2021-03-05,207.17575073242188,208.73872214445942,199.76398469386604,206.43850544347177,11406000,CRM
2021-03-08,204.1874542236328,211.24534184734028,204.04001116715176,209.98711110105654,9576400,CRM
2021-03-09,207.9326629638672,212.12021086312308,207.57878462031783,208.5716028900536,9732200,CRM
2021-03-10,208.35536193847656,212.4740931533245,208.1685907260099,211.06841928988675,7186400,CRM
2021-03-11,212.2775115966797,214.45975906846547,210.70473049042468,211.34367047120088,6431000,CRM
2021-03-12,208.60108947753906,210.21319846674635,205.740574350568,209.8199920063953,6114600,CRM
2021-03-15,209.1810760498047,209.31869457683945,205.9371936276487,208.24723497354776,5733700,CRM
2021-03-16,210.83248901367188,213.00491173608486,209.84949529298243,211.18636735309184,5311000,CRM
2021-03-17,209.49560546875,211.15686716552972,207.27404518152633,209.888811935046,5805100,CRM
2021-03-18,205.9175262451172,207.78522336692663,204.85589119677476,207.11677981828396,5580100,CRM
2021-03-19,208.59124755859375,209.13189706084222,205.5144876626935,206.24189335727092,7088400,CRM
2021-03-22,211.5107421875,213.28995829677905,207.7753633120446,207.88349321367832,5002500,CRM
2021-03-23,211.34364318847656,213.73231065369018,210.68503921659513,211.10771930331126,4578000,CRM
2021-03-24,205.96669006347656,211.6189044230655,205.84873560705088,211.47146135253337,4617700,CRM
2021-03-25,201.94625854492188,204.62982755031737,200.89444792783786,202.6638398542014,7977200,CRM
2021-03-26,205.5341796875,205.84874491792357,201.287654071852,202.1428539182105,7333200,CRM
2021-03-29,207.18560791015625,208.05063225665785,202.48689873511532,205.4555292185629,5686900,CRM
2021-03-30,206.42868041992188,207.6967357142407,203.83357760890033,205.09180836580205,4717900,CRM
2021-03-31,208.26687622070312,210.03626792984997,206.53681266025617,206.8612023902076,6838000,CRM
2021-04-01,215.00039672851562,215.2068170188385,209.74137410444771,209.9674734690987,7763500,CRM
2021-04-05,216.54368591308594,218.0673292206973,215.2068138172797,215.87525736482993,5553200,CRM
2021-04-06,217.33009338378906,217.78227712678003,214.53839462062973,216.08170207025412,5448500,CRM
2021-04-07,217.03515625,218.893013604582,215.65897117226976,218.18527199267245,4403400,CRM
2021-04-08,220.6329345703125,221.87151624087141,218.66694715600934,219.20759669480145,6169100,CRM
2021-04-09,227.34677124023438,227.37625984992948,219.8268757821196,220.51496834049402,7319300,CRM
2021-04-12,224.86965942382812,225.94113408023296,223.28703878378832,225.61674432179427,6205700,CRM
2021-04-13,228.05453491210938,229.5192009024543,224.61405701472842,225.10555385721142,5397100,CRM
2021-04-14,224.14224243164062,229.17516570724138,223.78836407636902,228.89010411516168,4617600,CRM
2021-04-15,229.0375213623047,229.11616265453307,225.59704357360053,225.96074642577557,5073900,CRM
2021-04-16,227.96607971191406,230.02053300947583,225.98042817587609,230.02053300947583,5088700,CRM
2021-04-19,226.58004760742188,228.2511338957741,224.97776307836338,226.9044373279898,4257700,CRM
2021-04-20,224.08326721191406,227.51390588195954,223.03145667458338,226.08856791021063,4081200,CRM
2021-04-21,226.63902282714844,226.8651071761068,222.81517797199714,223.2476975955998,4024000,CRM
2021-04-22,227.41561889648438,229.91241651878636,225.11540203266568,226.08857128271572,4975400,CRM
2021-04-23,229.5388641357422,231.4852025515257,227.80880054322884,228.97856550038213,5447100,CRM
2021-04-26,231.45570373535156,231.7899179942917,228.4673944808571,230.05983947875484,3459600,CRM
2021-04-27,230.22694396972656,231.88819059988145,227.9660556278627,231.45568600342517,3445200,CRM
2021-04-28,232.85154724121094,234.2768850744327,229.55851242023894,231.00351432682254,4274500,CRM
2021-04-29,230.37440490722656,233.62811166528897,228.22164629709516,233.2840728687073,4140800,CRM
2021-04-30,226.4031219482422,230.51202851920056,225.61672396836053,228.84094218651074,5024800,CRM
2021-05-03,219.9546661376953,227.5237296692999,219.2764130803231,226.8454616126341,5835700,CRM
2021-05-04,213.486572265625,218.2246092701608,210.71453773128562,217.90021953754663,6727500,CRM
2021-05-05,211.7368621826172,215.83595959889743,211.18638804498306,215.09871423614555,4205800,CRM
2021-05-06,214.34178161621094,214.56786596986782,209.86915723270442,212.13987030451554,5200000,CRM
2021-05-07,212.81814575195312,217.48736603981354,211.4321209719366,216.7599452689062,5774700,CRM
2021-05-10,210.2525177001953,212.28732181827834,209.60373827130275,211.83513812560662,5263700,CRM
2021-05-11,211.89414978027344,212.8869831583621,205.35724674307357,205.44571258885506,6097900,CRM
2021-05-12,206.95948791503906,209.7413618982766,205.44568421002282,209.71187328708947,5482500,CRM
2021-05-13,208.25706481933594,211.97278014327225,206.8907040520609,209.34818852552644,5337000,CRM
2021-05-14,213.95840454101562,214.5580312761253,210.5080871802646,210.54741532643507,4429000,CRM
2021-05-17,211.40261840820312,214.0173851966763,209.20072216468316,212.90659753856923,3816100,CRM
2021-05-18,210.68502807617188,213.65367306053167,210.1542031124418,211.77615161351417,3540600,CRM
2021-05-19,217.57583618164062,217.8314241598969,210.86198697182448,212.17921001539767,8092100,CRM
2021-05-20,219.9743194580078,222.97245311300426,218.57847026438336,219.18792153221145,6705500,CRM
2021-05-21,218.79473876953125,221.9403155985106,218.65712025199133,221.38001699113144,4913600,CRM
2021-05-24,223.12974548339844,223.72937224069443,220.39702419586428,221.17358261959504,5288300,CRM
2021-05-25,223.83749389648438,225.81330576197345,222.43180515690904,224.12255545944126,6256300,CRM
2021-05-26,225.77398681640625,226.3244758902512,224.40762616732567,224.59439737103995,5807100,CRM
2021-05-27,221.98948669433594,225.61673613518494,221.55696703211188,225.61673613518494,15344100,CRM
2021-05-28,234.0508270263672,239.35898748420448,233.78541450368684,235.15177526964132,17810800,CRM
2021-06-01,232.18312072753906,234.3457039774697,228.50673370244527,233.95251247722567,8103900,CRM
2021-06-02,230.62998962402344,234.23757489910318,229.92223292162856,230.41372979833088,5543900,CRM
2021-06-03,226.91427612304688,229.2144779232835,225.52825132061156,228.92941633236643,5109000,CRM
2021-06-04,233.44137573242188,233.84440681150255,227.58274077512988,227.69087069880283,6177600,CRM
2021-06-07,234.0901336669922,235.39751716916274,231.8292450166167,232.57632987459672,3510800,CRM
2021-06-08,232.39938354492188,237.678055250104,231.6621382230006,234.73891349959297,5827300,CRM
2021-06-09,232.07496643066406,234.80768756832398,231.50482831570937,234.80768756832398,3350900,CRM
2021-06-10,236.1052703857422,236.2035607608215,231.15097350348321,231.98652418777553,4659500,CRM
2021-06-11,236.22323608398438,236.28221331169917,234.35555387630626,234.96500522841902,4624200,CRM
2021-06-14,242.07203674316406,242.44557916989476,236.39033403834833,236.60659386442458,6764700,CRM
2021-06-15,238.45462036132812,241.18734172549017,237.8943067366526,241.03989866599343,5135300,CRM
2021-06-16,238.26783752441406,240.8432761665557,235.4073223154333,237.88447058913886,5099300,CRM
2021-06-17,240.27316284179688,242.9763957412528,237.0980971269657,237.88449515212093,5170200,CRM
2021-06-18,238.65122985839844,241.82629558329498,236.96047934870796,237.73705283825495,7822200,CRM
2021-06-21,240.32229614257812,240.5582200308798,234.82736494645837,239.30981382913544,5895100,CRM
2021-06-22,238.97560119628906,240.5582216677596,236.79335396235345,239.6538692553898,4457200,CRM
2021-06-23,237.72720336914062,240.34197032713143,236.75404916245634,239.6047250193795,4482400,CRM
2021-06-24,239.6243896484375,243.4777233326205,238.57257914061677,239.21153407505653,4987300,CRM
2021-06-25,237.75669860839844,240.0470758949018,236.8916742893791,240.0372513569372,15409300,CRM
2021-06-28,240.41079711914062,243.37942754938555,239.45729194805628,240.0569187566836,4274900,CRM
2021-06-29,241.62966918945312,242.5831742396942,238.3071458185392,240.28297267488898,3871900,CRM
2021-06-30,240.11587524414062,242.43574097558425,239.35896589551075,241.3052892212655,4168800,CRM
2021-07-01,240.8137969970703,242.3964174840817,238.49393122106534,240.34196421191666,3899600,CRM
2021-07-02,243.97903442382812,244.72611923869434,241.6591686815522,242.72080368218292,4056200,CRM
2021-07-06,245.99417114257812,248.61876249731102,244.15597774040748,244.76542902897884,5590200,CRM
2021-07-07,244.2149658203125,249.18891171742817,243.6448276543376,248.6974148501354,5101400,CRM
2021-07-08,241.61985778808594,242.38659168470392,237.62890571099894,240.67617722339793,5159600,CRM
2021-07-09,240.89244079589844,243.78244475865012,239.93893567895535,241.41342627225364,4213500,CRM
2021-07-12,238.7790069580078,243.05502061953268,237.7370360197874,243.0157074706141,5604500,CRM
2021-07-13,239.8701171875,242.9567166808869,237.569900622923,238.16952735568094,6699800,CRM
2021-07-14,238.30715942382812,241.96389724811422,235.79069791018904,240.34196361606686,6375700,CRM
2021-07-15,233.53968811035156,237.91400788211214,231.80962427907554,237.11778523817662,7912600,CRM
2021-07-16,234.3751678466797,236.78351427912787,233.72640343969755,234.24738887220207,7288100,CRM
2021-07-19,233.5101776123047,234.44401871213765,230.3252723357144,232.48785567198414,8843000,CRM
2021-07-20,236.02662658691406,239.0444095572612,232.25193423992917,234.64060181911216,8487000,CRM
2021-07-21,237.99261474609375,238.84781449923827,234.2179223882146,237.3340107408878,15323100,CRM
2021-07-22,244.05767822265625,244.47053378280822,239.20168687340706,239.3589694675489,7868700,CRM
2021-07-23,244.0281982421875,246.298911402983,242.48489085626144,245.74843730331068,5877300,CRM
2021-07-26,243.38925170898438,244.25427598532949,241.63952408274656,243.97903894295234,3960700,CRM
2021-07-27,239.36878967285156,243.91023075091982,237.08825209624325,243.00587834991194,6352500,CRM
2021-07-28,239.81117248535156,241.89511452800053,238.8674918438097,239.67355395421993,4100200,CRM
2021-07-29,239.8897705078125,241.9737273040697,239.34913598450845,239.34913598450845,3271100,CRM
2021-07-30,237.815673828125,240.08640201953907,237.52078769872853,238.86748435395396,3748400,CRM
2021-08-02,236.7638702392578,238.34649074340317,234.81754685504538,238.18920814688454,3525700,CRM
2021-08-03,237.02931213378906,238.91665852813105,234.97484358536687,237.27506059658302,3077900,CRM
2021-08-04,240.01756286621094,240.48939562852436,235.59409134637815,237.51092600511373,4121600,CRM
2021-08-05,246.2989044189453,246.63311868437023,239.39828429533955,240.51889653769484,5235200,CRM
2021-08-06,246.32839965820312,247.7930657421522,244.9817030235086,244.99152756124056,4045400,CRM
2021-08-09,245.07998657226562,248.12725791945337,243.63498469176014,247.1442642592071,3312200,CRM
2021-08-10,239.25083923339844,246.97717041839954,238.90678543409314,246.6036280076445,4430600,CRM
2021-08-11,238.15968322753906,241.96386358021067,236.01676442401305,240.50903728243648,3999200,CRM
2021-08-12,244.1658172607422,244.20513041110073,237.8156710282969,238.3759846661425,4467400,CRM
2021-08-13,247.2819061279297,249.45432892195245,244.6376505322252,247.4293641904701,5986400,CRM
2021-08-16,244.9620361328125,246.7314278583487,240.31247995902922,245.91554125714885,4047500,CRM
2021-08-17,242.7895965576172,244.96200403095946,241.75745026970756,244.03798763986498,3472600,CRM
2021-08-18,246.94769287109375,252.43278483661007,243.50721472106974,243.78245177312812,8306700,CRM
2021-08-19,248.76625061035156,251.09594113947162,244.1560072431583,244.93256575309994,6600800,CRM
2021-08-20,251.77418518066406,253.484584646289,248.31404310189123,248.69741005100997,5510700,CRM
2021-08-23,256.08953857421875,257.40674669003647,252.20673099366272,252.6294111355897,7603900,CRM
2021-08-24,255.244140625,258.03583905533014,254.65433842172772,257.46571592460486,6685200,CRM
2021-08-25,256.4139099121094,257.4460412866751,254.34961716439116,256.42371944996563,9701000,CRM
2021-08-26,263.2358703613281,270.5395057710842,262.81316030506207,265.2116671419577,18987000,CRM
2021-08-27,261.9973449707031,266.30286275673603,260.9160457552579,263.30471356852024,7992500,CRM
2021-08-30,260.4638671875,263.02946659437197,260.2476073525515,261.28957837586995,5730000,CRM
2021-08-31,260.7587585449219,262.23324926764445,258.2324872389193,260.2672616373477,5901500,CRM
2021-09-01,263.7568359375,268.61282646337395,261.07325275259626,261.7416811654206,7189000,CRM
2021-09-02,259.65777587890625,264.680889208248,259.43170653046394,264.4253012506142,4498300,CRM
2021-09-03,262.5379333496094,262.862338056415,257.34772802799125,259.1171346140387,7356700,CRM
2021-09-07,260.6997985839844,263.3440545217695,259.5792011597568,262.00719724394116,4672500,CRM
2021-09-08,258.15386962890625,259.84462044432996,257.13154750831177,259.13686359139456,3851500,CRM
2021-09-09,256.3058166503906,259.22530969647346,256.0207700219766,257.3674668481986,4126500,CRM
2021-09-10,252.82601928710938,257.14134650274474,252.13791162242686,256.56138375615365,5280900,CRM
2021-09-13,249.78851318359375,253.3076321967211,247.9011672043559,252.6293641887012,5258200,CRM
2021-09-14,250.04412841796875,250.77154923062187,248.69743171006417,249.78855542939633,4097500,CRM
2021-09-15,251.80368041992188,252.3836431275704,248.6482639100494,250.21122035918796,4764600,CRM
2021-09-16,255.93222045898438,256.77761062415095,250.66338872664005,251.18437417777548,5122600,CRM
2021-09-17,256.0993957519531,257.24951179720085,254.2808510643253,254.86081385685443,7049400,CRM
2021-09-20,253.82862854003906,254.80178268097126,250.6044104785949,252.22634404634397,5985500,CRM
2021-09-21,253.58291625976562,258.085014743814,253.3863054968609,255.05740698577924,6040600,CRM
2021-09-22,254.76254272460938,255.932277869026,251.85285917634312,254.49711517202817,4355600,CRM
2021-09-23,273.1346435546875,274.6386528711115,261.86954297799906,265.40832666660515,15617200,CRM
2021-09-24,280.77252197265625,281.4900882426488,273.4786948271829,273.76377142683754,13368300,CRM
2021-09-27,274.92364501953125,278.934275738412,274.29454470982665,277.63671697650443,5941100,CRM
2021-09-28,267.6495666503906,271.99441270528183,265.44767000642327,270.43142607116755,7127100,CRM
2021-09-29,265.8997802734375,270.00868649907454,264.6611986844465,268.83892166471304,4361900,CRM
2021-09-30,266.6075439453125,269.5958530968741,265.8408100838984,266.0472303546598,5224200,CRM
2021-10-01,270.5788269042969,271.6404467888738,264.19917806557436,266.8827613828367,4756000,CRM
2021-10-04,266.253662109375,270.6181565852371,261.6139605930183,270.5395302877511,6393800,CRM
2021-10-05,267.1482238769531,268.89795170421655,266.4208180382252,267.48243818119545,4050400,CRM
2021-10-06,270.5886535644531,270.80491336925746,262.9508036377194,265.08391307595264,4745500,CRM
2021-10-07,269.9104309082031,274.74677372011604,269.41893399636035,272.19098377881545,5374200,CRM
2021-10-08,267.8461608886719,272.2106557518443,267.6397105920992,270.85411951077856,2683300,CRM
2021-10-11,269.0945129394531,271.5716461494871,266.8926167527562,267.1580142400002,2693000,CRM
2021-10-12,274.2552185058594,275.975457331613,271.32588673451426,271.71910817926835,5970100,CRM
2021-10-13,279.5732116699219,280.25147964966993,273.8620212886573,275.23820632054327,6573500,CRM
2021-10-14,285.0877990722656,285.6972803159029,279.81896766470186,281.1361755165928,5433900,CRM
2021-10-15,286.699951171875,287.8893651701385,284.3997494733493,287.5158227578109,5119300,CRM
2021-10-18,286.7392578125,288.26288596051273,283.8000864193548,285.8348904610895,5163300,CRM
2021-10-19,287.368408203125,290.5041608720532,286.40506346518094,287.13249928713486,3631200,CRM
2021-10-20,285.1566162109375,290.38614947972565,283.0530254590862,288.12524614993686,4487900,CRM
2021-10-21,284.88140869140625,286.61148724482297,283.3675899571666,284.5471944251485,2828500,CRM
2021-10-22,287.5845947265625,288.0171142946732,283.2790781158313,284.08514003809063,2927000,CRM
2021-10-25,288.9214782714844,290.11089207090566,286.75888045564335,288.31199706986916,2993500,CRM
2021-10-26,290.0912780761719,293.2860078398036,288.626626953317,290.749897103746,3601400,CRM
2021-10-27,290.1305847167969,294.1018876666121,290.071607494651,291.487120823326,3742700,CRM
2021-10-28,293.3056640625,293.7283441524798,288.538138633115,290.05195732585094,3450400,CRM
2021-10-29,294.5934143066406,295.66487394875435,291.23156231143497,292.9321523848394,4251900,CRM
2021-11-01,297.61126708984375,299.675530449699,294.62295698997775,296.3726850750541,3825100,CRM
2021-11-02,297.7979736328125,298.27963097896577,294.3181672989539,296.5888805002323,4177500,CRM
2021-11-03,297.7389831542969,298.7809541007741,293.11890065683156,298.7809541007741,3260200,CRM
2021-11-04,302.8013610839844,303.16506392118407,297.2572627048564,298.3385616793584,3833800,CRM
2021-11-05,302.02484130859375,306.10425952834095,298.18133199837536,303.25358354337243,4681800,CRM
2021-11-08,304.68878173828125,306.094485818336,300.69782889246017,301.9757389653651,3893000,CRM
2021-11-09,304.44293212890625,306.4482474242448,301.9952877233643,304.7280086656484,3126500,CRM
2021-11-10,294.57373046875,303.34201733037776,292.824002911262,301.35638088828944,4350900,CRM
2021-11-11,297.82745361328125,300.5503354687311,296.3726120811853,296.3726120811853,2681900,CRM
2021-11-12,301.43499755859375,301.99531114021494,296.5003802222205,299.32156720530133,3803700,CRM
2021-11-15,300.2947692871094,302.5261844339394,298.0732236765144,301.6807941584391,3595300,CRM
2021-11-16,301.8675842285156,302.3492416257289,297.5719058122629,298.90876307742315,2989400,CRM
2021-11-17,302.7817077636719,304.6297407138865,302.0248134164401,302.5457988759294,3864700,CRM
2021-11-18,297.8372802734375,301.76925545245973,294.48526783349024,300.95338380219215,4443100,CRM
2021-11-19,296.0482482910156,300.79609502287985,295.9794315271333,300.5110184286453,4758900,CRM
2021-11-22,291.7918395996094,300.2947289094028,291.6738851580952,296.70680798660976,4474700,CRM
2021-11-23,286.46405029296875,291.4281567044957,283.4069241475458,288.6561071446535,6431100,CRM
2021-11-24,284.2523193359375,284.52755638933365,278.3838453772871,281.1755440613304,5091400,CRM
2021-11-26,279.3766174316406,282.6794917015817,278.2265316580237,279.6616939903208,4195300,CRM
2021-11-29,291.6935729980469,293.31553678018406,279.8583491482382,284.5963565040592,8215600,CRM
2021-11-30,280.1138916015625,294.18052981445163,278.58042374596874,291.1529222530095,13597600,CRM
2021-12-01,247.22293090820312,272.2302945896198,247.18361775745004,266.6468972264239,30723100,CRM
2021-12-02,256.7579040527344,258.1144098303193,247.85197069527987,248.520414048495,12200800,CRM
2021-12-03,253.92694091796875,257.29860212436927,247.41951239538005,257.1019913840562,8944000,CRM
2021-12-06,254.349609375,254.8214571310126,246.44634695294974,251.7446821772534,7123000,CRM
2021-12-07,262.44952392578125,265.6344444657359,259.11719030353953,260.9553840418837,7401200,CRM
2021-12-08,261.7810363769531,263.93379486906815,260.070637026511,263.74702367579164,4586500,CRM
2021-12-09,259.8249206542969,262.14477155367615,258.17349831928897,261.5156711397352,3967000,CRM
2021-12-10,261.5058288574219,265.9686289288699,259.94287237834715,261.5746456203055,3480100,CRM
2021-12-13,261.240478515625,265.9588374177419,260.1100114882521,261.27977667415007,3625700,CRM
2021-12-14,251.2433624267578,257.6917988591194,248.99231339750668,257.5443558001727,7227300,CRM
2021-12-15,255.61770629882812,255.76514936342693,247.6161226759257,250.51596627358737,6484900,CRM
2021-12-16,248.8153839111328,256.905433621382,247.9306954977668,255.57838600203806,6556700,CRM
2021-12-17,248.6285858154297,249.5820908908511,242.5930051829946,246.96733908539508,12119400,CRM
2021-12-20,243.00588989257812,247.2622396018931,242.3079577351121,245.64030592508772,5580100,CRM
2021-12-21,248.25506591796875,248.7072346276192,241.07920879297754,243.78244151134936,5428200,CRM
2021-12-22,248.50083923339844,249.93600180254694,245.2667811850259,249.11029059843725,4982400,CRM
2021-12-23,248.83505249023438,249.98515344814285,245.09967301197292,246.95753071310128,3769500,CRM
2021-12-27,253.90728759765625,254.0350815919627,248.93335634813053,249.08079941902636,3531800,CRM
2021-12-28,251.10574340820312,256.3451017489482,250.60442200948302,255.31297033977702,3293700,CRM
2021-12-29,250.21119689941406,252.069054296666,248.81534771728815,251.6463742271169,2592700,CRM
2021-12-30,250.98777770996094,253.5140636638585,250.13257800951254,250.9582890995519,2950600,CRM
2021-12-31,249.80819702148438,252.12804778425755,249.3167001651083,250.14241128398962,3169300,CRM
2022-01-03,251.1156005859375,252.33451828719055,244.42140026615732,250.67324138030955,4316800,CRM
2022-01-04,244.00851440429688,252.50157910964447,239.2606531802275,252.48193003574355,7240700,CRM
2022-01-05,223.79818725585938,234.14911033560708,223.44430890273574,232.15363420527777,18882500,CRM
2022-01-06,225.2530059814453,230.4923643332244,222.20573443490946,224.16188234722048,9376100,CRM
2022-01-07,224.4272918701172,228.32977810467116,222.20573148189825,224.61406307518703,6286700,CRM
2022-01-10,225.72483825683594,225.9214339883775,215.16748098090338,221.66506965364948,7803800,CRM
2022-01-11,230.84622192382812,232.33055191402738,222.70703581609015,224.9089469609087,7635300,CRM
2022-01-12,233.78536987304688,235.2107075943172,231.7505659197754,232.96948338448576,6718900,CRM
2022-01-13,224.7418670654297,234.72907221943254,224.04393489950382,233.4610168748335,6680300,CRM
2022-01-14,227.29762268066406,229.32258724602283,223.73919038617115,224.15204592868471,5805100,CRM
2022-01-18,222.21556091308594,226.80613984692093,221.4684910756476,224.56491533531184,6032000,CRM
2022-01-19,222.4219970703125,228.26098226796694,222.32369169689508,223.60158655485114,5332600,CRM
2022-01-20,219.14862060546875,227.464739011369,218.70627643482194,225.17437686124083,5663700,CRM
2022-01-21,214.91192626953125,220.94750723578693,214.53838384839452,219.26658133996577,9128400,CRM
2022-01-24,219.23707580566406,219.58112958797534,203.98100993197497,208.77802381477505,11664300,CRM
2022-01-25,211.72702026367188,220.0922915599175,211.0192635735857,217.2416157243384,9092700,CRM
2022-01-26,207.41168212890625,217.6938033971662,205.51451138302824,215.8752589522424,10029600,CRM
2022-01-27,209.12208557128906,219.3550386100405,208.45364205427063,210.4392935321894,9462100,CRM
2022-01-28,218.3523712158203,218.50963879095252,207.29369331467896,210.65552959671092,8254900,CRM
2022-01-31,228.67384338378906,228.94908043688045,218.4801878843667,219.15845597923283,7084200,CRM
2022-02-01,228.17250061035156,228.821280074264,222.471148955734,228.4182490437159,6387100,CRM
2022-02-02,221.18341064453125,230.50220187200262,219.22726274917633,229.7649565849789,9378900,CRM
2022-02-03,209.1515655517578,217.03516391729337,206.82186037454375,214.3614349574319,12826600,CRM
2022-02-04,215.501708984375,217.9002160604897,209.56443351668102,211.33382521211757,6176500,CRM
2022-02-07,213.2801513671875,217.67413455195648,212.97542570996137,215.27562744446897,3922300,CRM
2022-02-08,213.7323455810547,214.23368204404588,208.5421392536002,211.9334800351436,5628700,CRM
2022-02-09,218.26390075683594,218.41135880209458,211.90394571905344,217.37921248245428,6107700,CRM
2022-02-10,213.96823120117188,218.21477107214554,212.13986236771817,213.99771981144588,5312600,CRM
2022-02-11,204.36439514160156,216.1898087840345,202.6048429243456,213.9190956156847,8165600,CRM
2022-02-14,202.889892578125,206.3303705094353,201.15000453806792,202.300105360905,7005900,CRM
2022-02-15,210.60641479492188,210.92098000034466,204.9738647040597,206.1829428389025,6353000,CRM
2022-02-16,208.13909912109375,208.80752766210756,204.6691324319452,207.4116783564957,7072700,CRM
2022-02-17,196.62823486328125,206.18293513103734,196.10724938565886,204.78708583256847,8820100,CRM
2022-02-18,193.4924774169922,199.15453076098683,192.46033102621868,196.9919326091591,6691800,CRM
2022-02-22,191.8115692138672,198.03392125588366,190.23877326353954,192.20476070180217,8434800,CRM
2022-02-23,187.29962158203125,195.61575526483898,186.89660554602457,193.01082784017564,7784300,CRM
2022-02-24,200.81578063964844,201.4154074093593,181.30336427968265,181.59826539580655,11792600,CRM
2022-02-25,204.55116271972656,204.92470513880687,198.1813675166228,201.23847863249546,5853600,CRM
2022-02-28,206.9496612548828,208.07027346637975,203.43054202947823,204.25625313283524,7904700,CRM
2022-03-01,205.33755493164062,210.74402032215175,204.91487483713433,209.77085115211403,12587300,CRM
2022-03-02,206.8120574951172,213.61437254494763,197.7291897121846,212.42495848961147,16670100,CRM
2022-03-03,201.26792907714844,208.03092949133327,200.74694369633036,206.81201209131655,6559900,CRM
2022-03-04,199.55755615234375,202.87025529541611,195.87132958310903,201.21881799276593,6813600,CRM
2022-03-07,192.89288330078125,201.44492698723442,192.7061120652158,199.99010025649224,7043500,CRM
2022-03-08,188.81344604492188,193.84636937162838,185.98241917400213,190.97602934941017,8229000,CRM
2022-03-09,199.70501708984375,201.7398063857231,193.86603172022498,194.97681947552059,6881300,CRM
2022-03-10,196.74618530273438,197.7783316993834,194.17074657908879,195.71405390537905,5604200,CRM
2022-03-11,194.53445434570312,201.28763151123138,194.2690568364871,201.28763151123138,5196900,CRM
2022-03-14,189.8357391357422,196.75602320490972,188.5578593211952,194.8686770949441,5665500,CRM
2022-03-15,192.8043975830078,196.55944098670196,189.4622247623824,195.15375209498322,5276300,CRM
2022-03-16,202.07400512695312,202.39837982131533,193.97413231989705,195.2815156309436,6043400,CRM
2022-03-17,206.8317108154297,207.0971083185294,199.11520416630177,201.14016881581418,5842600,CRM
2022-03-18,215.0790252685547,215.84575915713765,204.76741592183177,205.67176832889643,12220600,CRM
2022-03-21,210.08543395996094,215.37394534895904,207.0283226736535,214.4794174003934,6448700,CRM
2022-03-22,214.49908447265625,218.0771813176118,209.00413771133924,210.0854368949639,7018800,CRM
2022-03-23,207.51980590820312,210.29184041338394,204.7674204780329,210.2328631897643,8404700,CRM
2022-03-24,210.34095764160156,210.4687516040974,206.30085351247686,208.73868833929015,4150300,CRM
2022-03-25,207.44117736816406,212.18903915236584,204.93454021511042,210.6260826331458,3656500,CRM
2022-03-28,211.61888122558594,211.7171865946946,205.74058313579008,206.80221812513102,4290900,CRM
2022-03-29,217.52667236328125,218.38188709394916,213.08355157565796,214.90208094691408,5370400,CRM
2022-03-30,211.28465270996094,216.11115502116388,209.7708341238981,215.97353651327566,4951200,CRM
2022-03-31,208.70924377441406,213.1032121128228,208.18824327863967,210.85216298645653,7141300,CRM
2022-04-01,208.64041137695312,210.39013895086583,206.46798871534145,208.8664957265818,6007900,CRM
2022-04-04,215.12818908691406,217.24161965853503,210.45896875488674,210.97995424462204,7843600,CRM
2022-04-05,206.56629943847656,214.5580431709268,205.12129747210818,214.29263066708734,7304600,CRM
2022-04-06,197.40478515625,201.97569947073558,194.7113772487812,201.72012653033184,7171300,CRM
2022-04-07,196.75601196289062,199.2724732990621,194.8195132785586,195.73369017051303,5246000,CRM
2022-04-08,193.81686401367188,196.7363564722569,193.27621448443512,195.26186593758942,3897700,CRM
2022-04-11,192.12611389160156,193.74806248120527,188.89207124814456,190.90721131440125,5173800,CRM
2022-04-12,191.49697875976562,197.6996659092727,191.27089443399512,196.35296949150737,4832200,CRM
2022-04-13,192.39151000976562,193.748045987536,186.10035692312,188.7249480545468,8733000,CRM
2022-04-14,186.1888427734375,193.10911191305556,186.00207156808625,192.98133292988922,5126700,CRM
2022-04-18,183.8296356201172,186.129852142228,182.37480922952614,185.09770581810417,4899500,CRM
2022-04-19,188.13514709472656,188.93136952180416,182.36497938304242,184.0557295982681,6120400,CRM
2022-04-20,183.0629425048828,190.01271630070084,182.91549942547482,189.6096852179244,6015400,CRM
2022-04-21,174.21592712402344,186.9358649261007,173.73426992704088,185.5695046134722,9119500,CRM
2022-04-22,168.5146026611328,176.00502484886476,168.19022793976174,174.67797735517274,8843900,CRM
2022-04-25,171.60121154785156,171.7879677450666,166.35201396966778,166.8041976559132,7988900,CRM
2022-04-26,167.18759155273438,170.76568847569447,164.70061837547533,169.6843892684969,8073300,CRM
2022-04-27,171.70933532714844,174.21597230595935,167.72822277177707,168.09192564738044,9644600,CRM
2022-04-28,182.58126831054688,183.75101829789432,175.93622082321426,178.32490348487636,10614800,CRM
2022-04-29,172.94790649414062,182.20770494753836,172.31879115333524,179.46515924290208,7110800,CRM
2022-05-02,174.5502166748047,174.7566369736833,170.17588225511528,172.11238124559802,6278400,CRM
2022-05-03,175.3267364501953,177.32221222813914,173.13466495507663,173.9407118952811,5047700,CRM
2022-05-04,182.3256378173828,182.81713458797043,171.768296784707,176.65377588429124,7563100,CRM
2022-05-05,169.36981201171875,179.14077147241753,166.93199191465828,177.42053255326053,8379400,CRM
2022-05-06,166.81402587890625,169.49759444774895,162.76409668350917,166.60760560399936,7232700,CRM
2022-05-09,160.8177947998047,167.39401084998448,159.37279268582606,163.88473071553304,9997800,CRM
2022-05-10,164.30740356445312,168.34750858146793,160.50322245328908,164.57281608362342,8598700,CRM
2022-05-11,158.5273895263672,167.08925578537543,158.09486992214173,162.6854484500933,7220100,CRM
2022-05-12,157.6918487548828,164.01250609364624,152.01014632556104,154.26119531601327,10187500,CRM
2022-05-13,164.07147216796875,165.8113601125054,159.25479432899544,160.76861293526716,6499700,CRM
2022-05-16,161.32891845703125,163.28508128598133,159.1270222066201,161.9383847400214,5065800,CRM
2022-05-17,160.945556640625,166.22424308587304,155.57841936021524,164.48434001178046,7317700,CRM
2022-05-18,154.65438842773438,161.7221149733913,153.53377629805684,160.05102881500093,7454400,CRM
2022-05-19,152.9538116455078,156.54173232064403,152.0985970056817,152.59009381045612,8382200,CRM
2022-05-20,156.9349365234375,157.99657150797537,151.92167770673987,156.0404236654869,9068700,CRM
2022-05-23,157.5935516357422,157.99656763909135,153.25854597152116,157.12170387686177,6148800,CRM
2022-05-24,154.26119995117188,155.69637740691311,151.92168505657995,155.0869260897337,6928400,CRM
2022-05-25,156.9349365234375,159.13684778758565,152.67858704743037,152.67858704743037,7436800,CRM
2022-05-26,159.69717407226562,160.90625220652242,154.89033514902616,156.97427713641096,6697700,CRM
2022-05-27,162.29226684570312,162.42004582795198,157.524741372315,157.93759692888258,7883600,CRM
2022-05-31,157.51490783691406,164.43517653151923,156.64004408860146,164.120626363229,18114600,CRM
2022-06-01,173.0757293701172,181.28371878096368,171.4046278739479,174.98272478462786,37037400,CRM
2022-06-02,185.1959991455078,186.8965889731369,171.72898903236435,172.02389012958795,19231200,CRM
2022-06-03,181.76539611816406,186.41495282156666,180.67427234640405,181.8538619646943,9224000,CRM
2022-06-06,179.7600555419922,187.18166107687765,178.6099546974066,185.71699504439152,5811700,CRM
2022-06-07,183.96726989746094,185.39262280018707,178.6197966252106,178.6197966252106,6331100,CRM
2022-06-08,185.97259521484375,187.31929189060457,182.23721585948593,183.81983644165592,6226200,CRM
2022-06-09,183.9279327392578,189.40319928100712,183.43643594021103,185.32378184863563,8467700,CRM
2022-06-10,175.4152374267578,180.8217032286429,174.18649519905668,180.50715301798468,7855800,CRM
2022-06-13,163.2064666748047,169.74336973590115,162.25296144644142,167.64960304827406,10726200,CRM
2022-06-14,161.65328979492188,166.74520429371407,159.39240158115055,165.86050107999927,8576200,CRM
2022-06-15,165.68359375,168.58342221091203,161.87939787143517,163.89453798810075,7740700,CRM
2022-06-16,157.13153076171875,164.06162354534516,155.92243785114164,160.94553567684886,8090900,CRM
2022-06-17,160.48353576660156,163.40302806824806,155.48010175442207,155.86346867285582,13074600,CRM
2022-06-21,163.9928436279297,166.46999199488772,162.0956579542451,162.24311601139016,6736800,CRM
2022-06-22,164.60226440429688,167.55124500873083,161.41737495105446,161.89903218356574,5864500,CRM
2022-06-23,170.10707092285156,170.44128519701007,164.27791020334945,166.21440908493585,7258000,CRM
2022-06-24,182.7581787109375,183.23985100208952,173.54753295462962,174.69763373215477,12107100,CRM
2022-06-27,178.22659301757812,183.40697423933207,177.40088187387184,182.9449659805048,6170600,CRM
2022-06-28,168.5441131591797,179.2292503068082,168.5244490845891,177.2239346788041,6668600,CRM
2022-06-29,167.7085723876953,170.8246609257852,165.2019352042674,169.56643006495696,5430400,CRM
2022-06-30,162.23326110839844,164.6514320231737,158.3701033656643,162.24310064418574,9539400,CRM
2022-07-01,165.33956909179688,166.27341028627214,161.26015045310655,161.95806771452956,4561600,CRM
2022-07-05,169.27151489257812,169.41897294955197,161.81059618809041,163.27526222465227,4614200,CRM
2022-07-06,169.79249572753906,172.08287282318,167.92481371786633,170.56906914157395,4085100,CRM
2022-07-07,173.63601684570312,173.93091797301727,170.22502730486005,171.20802106304433,4000100,CRM
2022-07-08,172.51536560058594,173.60648902572368,169.9005991945022,171.09002797297492,2869200,CRM
2022-07-11,171.39480590820312,173.32148042716443,168.34751901575996,171.04092752714067,3689300,CRM
2022-07-12,163.5013427734375,170.43145130965965,161.5550194608993,169.28135048864644,7073000,CRM
2022-07-13,160.7096405029297,163.0196666277803,158.42908798894163,159.64800553944832,6225900,CRM
2022-07-14,158.30130004882812,158.9599190322012,154.96895198052817,158.29147551149927,6096100,CRM
2022-07-15,164.53347778320312,164.75956211719375,159.46122707741947,160.92589297869003,6037700,CRM
2022-07-18,165.03482055664062,169.70404088241293,164.26808662940473,166.07679153471534,3818200,CRM
2022-07-19,170.8541259765625,171.13920253812023,164.9561640051069,168.01327489361643,4373400,CRM
2022-07-20,179.3472137451172,180.37936022309194,172.62353983036513,173.1052121865653,5654000,CRM
2022-07-21,182.1978759765625,182.3748076309395,176.85038821021203,177.58763343536788,3886000,CRM
2022-07-22,179.36685180664062,184.37028586553834,177.85303319201884,181.92264128625803,3804700,CRM
2022-07-25,174.27491760253906,178.89499922660085,172.10251028502927,178.73771666082618,4407900,CRM
2022-07-26,167.56114196777344,174.1177092920226,166.87303425815432,174.09804521478588,3886500,CRM
2022-07-27,177.2337646484375,179.1309352634287,171.3849552145244,171.8862765948164,4960900,CRM
2022-07-28,178.2069091796875,178.78688682279167,172.93806270527455,175.3758977153275,4562100,CRM
2022-07-29,180.89051818847656,181.28370969770052,177.15513885367056,178.7279348891556,4751400,CRM
2022-08-01,179.86817932128906,182.03076241688566,176.7029384725429,178.2167571389658,3997100,CRM
2022-08-02,180.66441345214844,181.99146100510612,176.378560132083,177.73509629739138,4317900,CRM
2022-08-03,186.42474365234375,187.43722593324196,182.2175319416053,182.37481452875085,5786300,CRM
2022-08-04,188.0172119140625,188.32193756557626,184.0655729831925,185.35329234890222,3759700,CRM
2022-08-05,186.9359130859375,188.5381976420555,183.11206813242572,183.81982480756412,4090300,CRM
2022-08-08,186.5230712890625,191.06449779023924,185.86446725096118,187.84027936526516,3396800,CRM
2022-08-09,179.1407928466797,183.94763185719685,176.761949685985,183.13174521541933,5851700,CRM
2022-08-10,185.40245056152344,186.34613115497297,183.0432715768409,184.96010637680723,4179200,CRM
2022-08-11,183.5543975830078,189.2262750666249,183.15138159141915,188.86257222081593,4175100,CRM
2022-08-12,186.6606903076172,186.78848430017678,182.35517270477135,183.45613594982615,3846200,CRM
2022-08-15,187.810791015625,188.84293749442404,185.6875208305461,185.83497889854306,2768500,CRM
2022-08-16,186.36578369140625,187.60436543076673,183.19071804073823,186.3264705406256,3835900,CRM
2022-08-17,184.7635040283203,186.2084909803007,183.2988380030763,184.52758013856146,3181300,CRM
2022-08-18,184.73397827148438,185.36310856875343,183.43643453159657,185.21565053059655,2791600,CRM
2022-08-19,180.64476013183594,182.28635784439007,178.49200148505795,182.0700980260374,4346100,CRM
2022-08-22,173.97024536132812,177.51885371876227,173.06589282970197,176.9388909538002,5182900,CRM
2022-08-23,173.00689697265625,175.0810143488343,171.9354374037357,172.88894252449444,5076800,CRM
2022-08-24,176.9486846923828,178.1479381667132,173.06586270549676,173.66548944266194,11438800,CRM
2022-08-25,170.9524383544922,171.1785227062027,162.74443494116184,165.7130801216959,24025600,CRM
2022-08-26,162.4200439453125,173.30179134328128,161.8302567281781,171.00158969794091,11074700,CRM
2022-08-29,157.4854736328125,163.00007051301543,157.32819099468566,161.48625136981576,9329900,CRM
2022-08-30,156.95458984375,161.06351098383746,155.68653467090573,159.38258529032615,8079400,CRM
2022-08-31,153.46498107910156,158.46843071917178,153.31753801475432,157.0725663799771,9166100,CRM
2022-09-01,150.9190216064453,152.68841326683616,148.30425476382848,152.23622956501103,9924000,CRM
2022-09-02,151.07632446289062,155.97162954719067,150.3587431652245,153.79922157774655,7315700,CRM
2022-09-06,149.13978576660156,151.80368994395351,148.25509755256923,150.28006190859688,6373700,CRM
2022-09-07,150.67327880859375,151.44001272351622,147.92089334511343,148.71711587220258,6211400,CRM
2022-09-08,154.23170471191406,154.3594986920099,149.19878179439317,149.72960678918093,6659200,CRM
2022-09-09,159.82492065429688,160.51301315218066,155.77499195307377,155.90278591671344,5642300,CRM
2022-09-12,162.813232421875,162.84272102950675,159.97238155877915,160.90622246546548,6353400,CRM
2022-09-13,155.41131591796875,158.51756472939502,155.1262393344533,155.55875897889462,5463200,CRM
2022-09-14,157.55422973632812,158.9009263115398,155.3228298276082,155.89296797605746,6037300,CRM
2022-09-15,152.1477813720703,157.1217276723665,151.68577307942192,154.1334330766893,7012200,CRM
2022-09-16,148.9333953857422,149.62150309206203,147.01656034499877,149.33642647103326,9882300,CRM
2022-09-19,150.23094177246094,150.9288589593278,147.84225907828284,148.14699975065707,4874800,CRM
2022-09-20,147.25244140625,149.00216878016099,146.31860050433215,148.4320307033721,5505700,CRM
2022-09-21,145.11935424804688,150.69292632452348,145.00138481304882,148.64829777630246,6164400,CRM
2022-09-22,147.59649658203125,150.26041608213018,146.61350289184313,146.9673812202826,12405100,CRM
2022-09-23,144.5098876953125,147.291761459441,142.32764064358332,145.55187353926448,9175800,CRM
2022-09-26,143.8316192626953,148.6187929125326,142.8781143469159,144.5000476576425,7862400,CRM
2022-09-27,146.35792541503906,148.04867570992386,143.7726472898608,145.84676451211524,7046600,CRM
2022-09-28,147.61618041992188,148.31411263309047,143.19270822181795,143.51709798292768,7908400,CRM
2022-09-29,144.31332397460938,146.44641881819678,142.54393205387225,145.92543328032636,8602500,CRM
2022-09-30,141.39381408691406,146.1023624386843,141.3053482513177,143.52690867451435,7575600,CRM
2022-10-03,145.384765625,146.42675157073683,141.45279073318886,142.51442575389314,6819900,CRM
2022-10-04,153.08160400390625,154.74286574922613,148.64830783684573,149.12014061089434,8017900,CRM
2022-10-05,153.57308959960938,154.29068574425492,149.35605355448286,149.6116264968476,4256200,CRM
2022-10-06,152.81619262695312,155.55873818869563,151.8135349487787,153.07176556483236,3853900,CRM
2022-10-07,147.73410034179688,150.56512668652655,146.73145767744833,149.21843026526173,5956700,CRM
2022-10-10,143.16322326660156,148.39275773191974,142.12125218874536,148.05852842449949,5497800,CRM
2022-10-11,140.14540100097656,142.50457957812154,137.14726760135662,142.05239593453476,7415000,CRM
2022-10-12,139.8701629638672,141.00061468603838,137.2062585128336,139.8898270371057,5707100,CRM
2022-10-13,142.96658325195312,143.8512714406777,135.25007794194568,136.5967892949794,6548600,CRM
2022-10-14,139.8013458251953,145.18814635430934,139.58508604124444,144.8244435355244,5736300,CRM
2022-10-17,144.67701721191406,146.46607308958252,143.45811452534804,143.58590851640858,6288200,CRM
2022-10-18,150.9190216064453,156.26650973594053,149.3167370751895,153.78936141139334,16354800,CRM
2022-10-19,151.05662536621094,153.29784958397283,148.07815594525653,149.27740934239304,6220500,CRM
2022-10-20,154.82151794433594,158.5568972501534,150.98784826162256,152.3640335325211,9203400,CRM
2022-10-21,157.4461212158203,157.70169421392674,152.1871131826563,154.82152946855456,8335500,CRM
2022-10-24,157.91795349121094,158.82232101820793,155.706217363887,158.43893902348137,6259200,CRM
2022-10-25,162.45938110351562,163.2064509530395,158.94026168203987,158.95008621978434,5804500,CRM
2022-10-26,157.19052124023438,161.32891618792627,156.00109230082379,157.0823913366516,6617500,CRM
2022-10-27,157.0332489013672,161.85975173190644,156.6105687956913,159.0483890545769,4987700,CRM
2022-10-28,160.2476348876953,160.31643664608114,155.48010951099184,156.79731745037,5055400,CRM
2022-10-31,159.82492065429688,161.21094518529307,158.26196448068404,159.36291247729812,4878100,CRM
2022-11-01,157.10203552246094,162.88202736610444,156.92508888477357,162.19393488463393,4545900,CRM
2022-11-02,147.45887756347656,157.0529055466057,147.4097398785691,156.79731758847896,7238200,CRM
2022-11-03,143.84146118164062,147.8619015705431,143.64486545344377,146.46605240126496,5999400,CRM
2022-11-04,137.3930206298828,144.45090752743934,133.7264436768245,144.00856340421313,14265300,CRM
2022-11-07,142.13104248046875,142.4652567080631,136.4100274694821,138.22855664853986,7379900,CRM
2022-11-08,144.598388671875,148.9825324593389,142.61273706896066,142.62256160685382,9101800,CRM
2022-11-09,139.64410400390625,143.84149194539708,139.52614954161942,143.36965909695394,5588500,CRM
2022-11-10,153.64190673828125,153.7107084924668,147.18363141602694,148.43203752080512,8777900,CRM
2022-11-11,155.04759216308594,157.20035076683217,152.93416170695974,153.82868957414726,7382500,CRM
2022-11-14,155.96176147460938,157.43625181125483,152.0199477084307,153.17006337039055,6580100,CRM
2022-11-15,159.31381225585938,162.4397253380433,158.01625324109204,159.91342407412287,8116100,CRM
2022-11-16,152.4819793701172,158.08505551194756,151.2139240849485,157.27899347074901,6454700,CRM
2022-11-17,147.14434814453125,149.17913756375935,145.81730048033802,147.63584505729978,7357900,CRM
2022-11-18,145.5223846435547,149.7296115915209,143.17303023764052,149.25776380339946,7555700,CRM
2022-11-21,142.38665771484375,144.8343026736012,140.9613047075587,143.53675865919274,8015900,CRM
2022-11-22,146.71182250976562,146.83961650167578,140.489470046622,142.73069467798337,7017700,CRM
2022-11-23,149.65097045898438,150.3095744564265,145.04072747759557,145.10952923888067,5558900,CRM
2022-11-25,150.74208068847656,151.4203337006472,148.80558201780048,149.48385002926372,3023700,CRM
2022-11-28,151.07632446289062,152.67860920906833,149.41506248667127,149.41506248667127,7931700,CRM
2022-11-29,149.1004638671875,151.4006803187093,148.6876083500662,150.1227856232621,6398100,CRM
2022-11-30,157.52471923828125,157.52471923828125,147.5768291320239,148.18628034428016,14591500,CRM
2022-12-01,144.50006103515625,145.08002366669172,139.66373426164975,145.04071052188092,33721500,CRM
2022-12-02,142.10154724121094,142.74050205751735,140.351819896874,141.83613477907468,15086700,CRM
2022-12-05,131.65234375,141.93446481943818,130.62021232751974,140.3715083803681,20294600,CRM
2022-12-06,131.00357055664062,132.26180125387398,128.68370489624917,130.45309650151265,16981800,CRM
2022-12-07,128.2610321044922,131.4754261626261,127.80886333748236,130.2466838620408,12915900,CRM
2022-12-08,127.9169921875,129.22437578427764,124.85987326965382,126.24589067327733,15156900,CRM
2022-12-09,128.88031005859375,131.10187051481984,126.1770772692473,127.53361343240256,10287500,CRM
2022-12-12,130.84629821777344,131.80962788969703,128.72302812515903,128.87048618673444,11852400,CRM
2022-12-13,133.31361389160156,137.50117706455592,131.76048189309913,135.05351711134028,12579800,CRM
2022-12-14,132.45840454101562,134.9355529296369,130.96424987811616,132.7139775099575,9611800,CRM
2022-12-15,128.22171020507812,131.83912009161037,127.47462533772868,129.43078834658493,10807300,CRM
2022-12-16,126.08861541748047,127.67123599141703,124.73207921145067,126.72755536998443,15464700,CRM
2022-12-19,126.8160171508789,127.3763307830171,125.03680087921624,125.59710701170735,9441400,CRM
2022-12-20,126.26553344726562,127.77935209310226,125.0269668273663,125.33169246405869,8455500,CRM
2022-12-21,128.08409118652344,129.91246019806235,124.44700973899401,125.78388186570305,9313200,CRM
2022-12-22,126.99295043945312,127.33698921303223,124.19141257261973,126.48178954810716,9968600,CRM
2022-12-23,127.23871612548828,127.65157170941681,125.42017164931522,126.54078394834828,5821300,CRM
2022-12-27,128.4379425048828,129.50940188841815,125.47912978119348,126.37365002345331,8300800,CRM
2022-12-28,126.28520202636719,128.9097934093472,125.99030091607082,127.5041196159219,6249800,CRM
2022-12-29,130.28598022460938,130.68901124708935,127.29768593440977,127.49428167730687,7628800,CRM
2022-12-30,130.3351287841797,130.3842814681714,128.14305707164797,128.3888054923132,5630200,CRM
2023-01-03,132.48789978027344,134.6209944718781,130.76766067420888,132.8909308278107,8196400,CRM
2023-01-04,137.2161102294922,139.43768596740597,135.27961111247876,138.8183950317155,14322600,CRM
2023-01-05,134.0213623046875,136.23309820966892,131.9570844596146,135.2992571607578,8493500,CRM
2023-01-06,138.12042236328125,139.24103444318897,133.2447826118305,135.24025837693551,9145700,CRM
2023-01-09,144.598388671875,146.66266657652352,140.1650771970619,140.1650771970619,13679700,CRM
2023-01-10,144.93258666992188,146.74129139250658,143.12388194733717,143.33030221496534,6527700,CRM
2023-01-11,142.435791015625,144.53939707964793,141.11858296603845,142.80933344732355,13595000,CRM
2023-01-12,147.05589294433594,147.27215280155116,141.4921438892472,145.3258140866142,11678000,CRM
2023-01-13,146.96739196777344,147.4097511601418,143.60555510139946,143.71368501519925,8378100,CRM
2023-01-17,145.94508361816406,147.9307351978062,143.61539322475994,147.05587135814562,9407600,CRM
2023-01-18,142.97642517089844,146.99686564957207,142.819142585112,146.32843715891906,7812600,CRM
2023-01-19,143.92010498046875,144.18550246847718,140.72537559390312,141.07925391054056,7070100,CRM
2023-01-20,148.67779541015625,148.95303244303818,141.8459922738127,141.8459922738127,10127100,CRM
2023-01-23,153.21922302246094,155.1852104199362,150.62412025776533,154.67406449608396,19922900,CRM
2023-01-24,152.22642517089844,157.4854481630902,151.8725467919938,153.24873215479207,6390200,CRM
2023-01-25,153.51409912109375,153.74018343516707,147.27209915064594,148.63845956930913,9390500,CRM
2023-01-26,162.28244018554688,162.3610814881749,155.41132323557838,155.49978907629935,13354600,CRM
2023-01-27,161.72213745117188,164.3958816759375,160.81778499269151,162.24312294356497,9872300,CRM
2023-01-30,161.9481964111328,163.6094580033401,160.62114904476937,161.27976795944508,8169800,CRM
2023-01-31,165.11346435546875,165.15277750648593,161.48621495287944,161.48621495287944,6421300,CRM
2023-02-01,168.89796447753906,170.1365309912507,164.15992821211617,164.87750932725368,8853900,CRM
2023-02-02,171.67001342773438,175.79858382982474,169.95959904718146,172.72182385122488,10667100,CRM
2023-02-03,168.13124084472656,172.10254391034755,166.97131544391755,167.128598040422,6481700,CRM
2023-02-06,166.175048828125,168.2589901813006,164.50396293175078,165.14290268647653,4310600,CRM
2023-02-07,168.36717224121094,168.80951643920653,163.77659312116955,164.7202737429488,6179200,CRM
2023-02-08,166.7452392578125,169.51727391040862,166.35203274728116,167.10894215567114,7694500,CRM
2023-02-09,170.70668029785156,172.3974305702388,169.08473178110597,170.38229059450245,11512300,CRM
2023-02-10,164.189453125,166.85337292124493,162.5183666657654,164.80874401843852,11273700,CRM
2023-02-13,168.17054748535156,168.24918877354597,164.11077910315555,165.41816239571514,8820300,CRM
2023-02-14,167.0696258544922,169.85148499266953,164.99550842333875,165.35921131434048,8393100,CRM
2023-02-15,168.1902313232422,168.69155272019424,165.37886868688656,165.97849545545768,4997000,CRM
2023-02-16,165.25106811523438,167.47262843189174,165.103625062978,166.11610735325357,7483500,CRM
2023-02-17,162.36106872558594,164.26807891635184,159.972401218115,162.22345020662829,8084500,CRM
2023-02-21,158.87142944335938,161.71228050136722,158.70432232221688,160.95538618783235,5210800,CRM
2023-02-22,160.5818634033203,162.19397259153104,159.3531211867178,160.33611495999983,4343700,CRM
2023-02-23,161.32891845703125,162.65596592882196,158.82229656477165,162.47901926624635,4679400,CRM
2023-02-24,159.44155883789062,159.628330021681,156.94476169486714,157.8589385427354,6569900,CRM
2023-02-27,160.3656005859375,161.9678852063138,159.46124813127983,161.05369321455808,6891200,CRM
2023-02-28,160.82760620117188,161.65331734191344,158.78297742460177,159.7659711633781,6912600,CRM
2023-03-01,164.50399780273438,165.1232736195634,160.20830523584613,160.2181447721612,15841200,CRM
2023-03-02,183.41680908203125,190.61233087964146,182.05044830343084,189.83575737998441,37712500,CRM
2023-03-03,183.25950622558594,186.5427165460397,181.15590033127012,184.8716302747354,12087200,CRM
2023-03-06,180.67425537109375,185.78581990295643,180.50714823247202,181.92266164114355,10770300,CRM
2023-03-07,180.20242309570312,182.994121771373,179.91734650599432,181.32303538096747,9024300,CRM
2023-03-08,179.83868408203125,181.75551868703573,178.70824739170092,180.18273785698014,6749100,CRM
2023-03-09,175.68064880371094,180.71357213582613,175.50370212444096,179.98616634131255,7102400,CRM
2023-03-10,170.23484802246094,176.30975711134616,168.78986102970777,175.46438189830693,14109000,CRM
2023-03-13,172.52520751953125,174.08817879900982,167.1089179891574,168.09191162438773,9154800,CRM
2023-03-14,179.77972412109375,182.1585671668506,176.0640089918469,176.93887281858926,10138100,CRM
2023-03-15,179.7993927001953,180.73323377471914,175.17932501626592,176.11316609078978,7716900,CRM
2023-03-16,184.11471557617188,184.4587543577051,179.8681757639663,180.18274093492653,8369500,CRM
2023-03-17,181.70640563964844,184.46861575254573,181.04778660981873,182.8761556346229,10493300,CRM
2023-03-20,182.0995635986328,182.36497606926656,179.5437742501633,181.07725685882016,5513200,CRM
2023-03-21,185.47128295898438,186.06108530222215,181.74574265544578,182.7090724833906,6982000,CRM
2023-03-22,183.33816528320312,188.18433243872587,183.2398749043644,186.76881898965394,6575600,CRM
2023-03-23,184.2523651123047,187.3193010491005,182.42399599630056,184.21303695966628,8685000,CRM
2023-03-24,186.82778930664062,187.08337728061647,182.9253029279382,183.3283339643661,6102700,CRM
2023-03-27,188.00735473632812,188.8429053147111,185.69732872429748,185.70715326077183,7776500,CRM
2023-03-28,189.02969360351562,189.55067907034248,187.92873044780197,187.92873044780197,4899000,CRM
2023-03-29,193.29588317871094,194.0724416125101,189.59983221653718,189.85540518224332,8085200,CRM
2023-03-30,193.25656127929688,194.79985353962857,192.16543770699386,194.406662071839,6932500,CRM
2023-03-31,196.38250732421875,196.59876716804726,193.63996112191455,194.13145803983468,6634300,CRM
2023-04-03,193.14842224121094,195.54691408016447,192.20474176413512,194.84899700795057,5340800,CRM
2023-04-04,193.8463592529297,195.3208498380168,193.2762210934474,194.78020029029275,4659100,CRM
2023-04-05,191.98851013183594,194.91782735615172,190.43537818087802,194.63276576356134,3953700,CRM
2023-04-06,189.2754669189453,190.76962175576193,186.37563809038946,190.70080498729016,6304700,CRM
2023-04-10,188.23350524902344,189.27547637172327,186.06108215412752,187.34880174913565,5263800,CRM
2023-04-11,185.6776885986328,187.22099598380842,184.12455667571578,185.8447957360025,4907700,CRM
2023-04-12,187.08335876464844,188.62665099631627,186.3067853811419,187.06369469183628,5033400,CRM
2023-04-13,190.72044372558594,191.0743220609936,187.21114898285185,187.21114898285185,4716400,CRM
2023-04-14,191.33969116210938,191.85085201500192,187.9385418315306,188.5873211833606,5073800,CRM
2023-04-17,193.72840881347656,194.16092846060317,191.713268638979,191.84106262543756,5413500,CRM
2023-04-18,195.12425231933594,196.7166973369792,193.7087389706336,195.69439047363514,4679000,CRM
2023-04-19,195.53712463378906,195.6845827031683,192.40137201610818,192.9616856810182,3665100,CRM
2023-04-20,194.1510772705078,196.6773782399147,193.47282422745317,193.826687554633,3620000,CRM
2023-04-21,195.64523315429688,195.73369898667207,193.12877170477992,193.6792457719501,4860100,CRM
2023-04-24,191.60513305664062,195.38966485770092,190.7597578620832,195.0750996693569,4449700,CRM
2023-04-25,187.4274139404297,190.81873933153008,187.38810079065868,190.67129627077122,5010000,CRM
2023-04-26,188.26296997070312,191.06449319986007,187.32912889431748,189.34425411204117,4007600,CRM
2023-04-27,192.6077880859375,194.15108039617064,189.98319670538035,190.86788503615927,4794400,CRM
2023-04-28,194.99644470214844,195.27168172300725,191.94917339998509,192.81419760870162,4094600,CRM
2023-05-01,194.42633056640625,195.66491231231848,193.76772654246153,194.39684195334115,2882900,CRM
2023-05-02,190.5435028076172,195.03579139544405,189.64897490511026,194.65242443712594,6051000,CRM
2023-05-03,189.33445739746094,192.46037082817085,189.28530470215549,190.907253651455,3779900,CRM
2023-05-04,189.10833740234375,191.2512565207698,187.51587737011695,188.63648961538343,4386500,CRM
2023-05-05,194.22970581054688,194.74086669283972,189.96351709881756,190.6516096330816,4284400,CRM
2023-05-08,194.53445434570312,197.09024405890278,192.74541354589863,195.34051640884707,4169400,CRM
2023-05-09,197.7586669921875,200.33412070688087,193.43350067634609,193.43350067634609,6996800,CRM
2023-05-10,201.3662872314453,202.77196117487063,199.58705584253568,201.45475307418639,6535600,CRM
2023-05-11,200.0097198486328,200.334109554156,195.1733928740281,199.45924580263934,5366300,CRM
2023-05-12,198.3779754638672,200.49142112370419,196.72655308713956,199.97042061275383,4733600,CRM
2023-05-15,199.87213134765625,201.9069207159952,199.0365806171283,200.28498694414102,4518200,CRM
2023-05-16,201.0811767578125,202.1723002990486,198.31896702711106,198.49589868279077,4423200,CRM
2023-05-17,205.8192138671875,205.92734376793967,201.31710118023085,202.98818737425236,5772200,CRM
2023-05-18,209.6922149658203,210.24268901609776,205.7700648586542,205.93717198111034,5165500,CRM
2023-05-19,206.7825469970703,209.61357353873245,206.3598519234755,209.33833651377006,6091600,CRM
2023-05-22,206.6842498779297,209.20072634830953,205.48499636447548,205.61279034519725,3890800,CRM
2023-05-23,203.12583923339844,206.07482064793635,202.95873208649004,204.20713841844704,4256800,CRM
2023-05-24,205.50466918945312,206.63512099170703,201.92657257051548,202.5360238904457,4894000,CRM
2023-05-25,206.34022521972656,208.71906833582355,204.89522318237056,208.41434266795704,6496700,CRM
2023-05-26,211.77618408203125,212.47410127189107,208.93533263474444,209.18108108173914,6933300,CRM
2023-05-30,215.1478271484375,218.36222075962846,212.06122751851305,215.5410336295291,10421000,CRM
2023-05-31,219.5811309814453,221.1735759283557,213.36860378237483,215.81626342239414,19624000,CRM
2023-06-01,209.2793426513672,211.69751363659697,202.55566966701045,204.67893955658397,20907400,CRM
2023-06-02,209.40716552734375,212.46427680901232,206.85137567797577,209.27937153508688,11026900,CRM
2023-06-05,206.2910614013672,208.7092325372779,203.53867600255722,206.89068816682476,7804400,CRM
2023-06-06,209.23020935058594,209.77084387143793,204.82638689494317,205.00333355576026,6796000,CRM
2023-06-07,202.23130798339844,212.97543789532645,201.29746688383563,211.2257101510903,9323900,CRM
2023-06-08,205.96669006347656,206.8022407946121,201.36628627133365,201.8872717862739,5548600,CRM
2023-06-09,211.6483917236328,214.9414269385001,207.10696518788788,207.10696518788788,7676700,CRM
2023-06-12,210.05593872070312,216.6419939048934,208.53229539468362,212.474094967779,11568300,CRM
2023-06-13,205.42604064941406,212.55274571763505,204.38406961863723,211.835164441603,11698900,CRM
2023-06-14,205.83888244628906,208.1096105772638,201.5333800794599,204.1677960939119,8963400,CRM
2023-06-15,208.31607055664062,209.7020955891953,203.8434452029575,204.41358347874515,7905400,CRM
2023-06-16,208.15875244140625,210.01661004090454,207.0184910835233,209.90848012773608,13672700,CRM
2023-06-20,213.2801513671875,213.35879266571263,205.06232316248622,205.1016363121018,9522900,CRM
2023-06-21,206.02565002441406,214.09603505940584,204.5315103705975,212.8378042986688,7971600,CRM
2023-06-22,209.66273498535156,210.32135401182998,205.53416414369343,206.0649891800649,5689800,CRM
2023-06-23,206.5171661376953,207.4116941054692,204.53152943911655,206.920197200006,14037600,CRM
2023-06-26,203.8335723876953,208.14891409167856,203.82374785052988,205.46534551476157,4771500,CRM
2023-06-27,205.2687530517578,206.9005112055677,203.99085823307078,204.60030953150724,4014800,CRM
2023-06-28,208.56178283691406,208.5912714495694,204.06950918398402,204.86573172426677,4775900,CRM
2023-06-29,206.8513641357422,209.03361142400294,206.15344698457872,208.29636612389578,3838300,CRM
2023-06-30,207.66726684570312,210.21323221239132,207.37238070221758,208.25706913126456,5984200,CRM
2023-07-03,208.0506134033203,208.35535405382527,206.35003847925177,206.98899339242107,2400000,CRM
2023-07-05,210.1837158203125,210.9700987647397,206.51713859506594,206.91034506657275,5069300,CRM
2023-07-06,206.56629943847656,208.88616521447733,204.29558634826736,207.6082703803653,4250900,CRM
2023-07-07,206.02565002441406,208.50279839680616,205.72092437132378,206.20259669351756,3022200,CRM
2023-07-10,209.19090270996094,209.2498799365321,204.77727026288005,205.44569882974602,3820100,CRM
2023-07-11,217.40872192382812,218.56866232731335,213.54556375642179,218.28358574540601,10028100,CRM
2023-07-12,223.414794921875,224.211017376171,217.84122274251035,218.12628430049193,8923500,CRM
2023-07-13,226.45225524902344,227.03223293502037,223.72937348292396,224.3781379294139,5800300,CRM
2023-07-14,225.4299774169922,228.2511649166159,224.2700368949578,225.7936803352585,4278700,CRM
2023-07-17,224.12258911132812,226.3638138024978,223.93581788718146,225.34150683782022,3557900,CRM
2023-07-18,223.7588348388672,225.71498247596674,221.6355650927276,223.1886967589246,5092700,CRM
2023-07-19,230.38421630859375,234.16874785026252,227.2976168561685,230.000849386134,8516300,CRM
2023-07-20,224.2798614501953,229.52904456548097,223.45415028585037,227.16986552469706,5303000,CRM
2023-07-21,224.18153381347656,226.8847664039648,223.4246244883378,226.08854393174423,3529700,CRM
2023-07-24,221.82237243652344,223.71954316762006,219.73841549440925,223.39515343135756,5363200,CRM
2023-07-25,222.18605041503906,223.65071633288517,221.3603393603695,222.0386073693097,3203700,CRM
2023-07-26,221.74371337890625,223.64088395807107,219.32554235646566,220.64276527076055,4856700,CRM
2023-07-27,221.321044921875,226.22618931384298,220.20043260578808,224.1618963634906,4299600,CRM
2023-07-28,221.76339721679688,223.44430813891725,220.17093713353705,222.15658871923708,4238700,CRM
2023-07-31,221.18341064453125,221.54712851898273,217.9788565300139,218.5686587593504,5571900,CRM
2023-08-01,220.4560089111328,220.9868189277725,217.86090605349585,220.0824664924605,4212600,CRM
2023-08-02,216.7501220703125,219.0601633846118,215.07903569366556,218.20494862182105,5127000,CRM
2023-08-03,211.89414978027344,214.4990924562167,210.95048409334646,212.52326523798996,5515200,CRM
2023-08-04,210.9406280517578,213.55539506178107,209.44648833113982,212.72968390049832,4800400,CRM
2023-08-07,212.38560485839844,213.20149138489126,210.72434319596184,211.64835962353908,3615200,CRM
2023-08-08,207.9818115234375,210.5474257134385,207.54929188998236,209.91831033731114,4843800,CRM
2023-08-09,202.3590850830078,208.06045158234002,201.42524406140106,208.05061204572402,7847500,CRM
2023-08-10,204.70846557617188,206.7629190858449,202.9292491395988,204.63964880824912,4004700,CRM
2023-08-11,205.15078735351562,205.93718533316692,202.00521043420432,202.62450128056497,2930800,CRM
2023-08-14,208.45362854003906,208.4929566851753,203.59763756690302,204.36437140484108,3304700,CRM
2023-08-15,205.2294158935547,208.75835954617028,204.3053994498519,206.75305907204591,4076400,CRM
2023-08-16,203.4698944091797,206.12397469994082,203.43056625712074,204.46271275888762,2759600,CRM
2023-08-17,200.37342834472656,203.41087521933045,199.9310841881142,203.05701189347513,4062700,CRM
2023-08-18,201.34658813476562,202.005192070555,196.7953228031834,197.55223210222778,4267200,CRM
2023-08-21,205.47515869140625,205.85852560976983,200.7469616984911,202.49668917197545,4023300,CRM
2023-08-22,203.2437744140625,206.53680934769494,202.49670459297977,206.2812363824204,3153200,CRM
2023-08-23,205.573486328125,207.40185529056382,203.61732337928802,204.46269859846498,3833200,CRM
2023-08-24,202.0150604248047,208.38487136318673,201.94625865503693,207.42152659207164,3960300,CRM
2023-08-25,205.90771484375,207.20525887497448,201.98556413709204,202.0150527514861,3068800,CRM
2023-08-28,208.11944580078125,209.84950946629806,206.0748169237369,206.87103949138552,4086900,CRM
2023-08-29,208.35536193847656,208.84685881368603,203.00787353631074,203.2339578991047,5850400,CRM
2023-08-30,211.38294982910156,211.9235993414036,205.86835480220688,208.16857136370152,9946000,CRM
2023-08-31,217.69378662109375,224.89911708448508,217.43819866515867,224.1225586782276,19268400,CRM
2023-09-01,217.76258850097656,220.1610954775359,216.76977028496836,219.69908724847932,5600900,CRM
2023-09-05,214.9709014892578,216.5731860709866,213.90926645958115,215.6000168772928,5807300,CRM
2023-09-06,217.85105895996094,218.4310366423328,215.29528433993903,215.73762850501075,5066700,CRM
2023-09-07,218.74559020996094,218.94218595311204,215.58034924755893,216.03253295617083,4201900,CRM
2023-09-08,220.93768310546875,221.63561530953086,219.07000086813437,219.52218461995272,4578900,CRM
2023-09-11,221.4783172607422,222.97247194602747,219.00116883500763,222.16640987919786,4418000,CRM
2023-09-12,217.89039611816406,220.96715632639638,217.4971896223892,219.6499483139624,4002300,CRM
2023-09-13,215.0790252685547,218.0869836005791,214.58752841693519,217.4185400827439,4173600,CRM
2023-09-14,215.05935668945312,216.81892378099454,214.62683706920174,215.68847204637513,4297200,CRM
2023-09-15,210.9602813720703,215.46239437806267,209.82984460170292,215.14782919020416,9939000,CRM
2023-09-18,211.34364318847656,212.70017927941367,210.53758116363178,210.9111235653202,4279400,CRM
2023-09-19,212.03175354003906,212.3856318977965,208.65025256575578,210.7440340990951,4001500,CRM
2023-09-20,209.40716552734375,213.48658374918259,209.29903561065598,211.5402602480978,2990900,CRM
2023-09-21,205.06231689453125,208.28653503903988,204.5315068948289,206.23208180048468,4957300,CRM
2023-09-22,202.91937255859375,206.15343007608104,202.37873804895935,205.75039907858144,3848300,CRM
2023-09-25,202.83091735839844,203.01768856211436,200.40292170867872,201.5137093943827,4067300,CRM
2023-09-26,199.04641723632812,202.92923969330405,197.85698815492444,201.9757345204162,5404500,CRM
2023-09-27,199.28228759765625,200.46187691347362,197.522735659795,199.53787553226616,4123800,CRM
2023-09-28,199.74432373046875,201.66115851173268,196.15640260141816,197.3458166198435,4344000,CRM
2023-09-29,199.33148193359375,204.25627548097754,198.66305334801618,201.5923706776442,4405100,CRM
2023-10-02,200.24566650390625,201.6218517754363,197.10991399310433,197.38515104741035,3745700,CRM
2023-10-03,196.431640625,200.10804260787063,194.0626221146532,199.30198054239065,4622400,CRM
2023-10-04,198.4369354248047,199.29215015196783,196.11706966938632,197.463781251517,3656400,CRM
2023-10-05,198.57455444335938,198.71217296312443,195.11442737518226,198.56472990598104,3592600,CRM
2023-10-06,203.8335723876953,204.72810024643212,196.49060831519063,197.0705709931127,4989200,CRM
2023-10-09,203.69598388671875,204.73795495294468,201.20901068169405,201.4056064490261,2781100,CRM
2023-10-10,203.3617401123047,205.66194175527843,202.75227382281142,204.10880991962367,4503500,CRM
2023-10-11,203.33224487304688,205.64227097790584,200.93373793919372,203.70577226488308,3971000,CRM
2023-10-12,202.18214416503906,205.0328349954091,199.81314066373957,204.2955896943418,3548500,CRM
2023-10-13,201.1106719970703,203.61730886355045,199.75415092759445,201.62183290692855,3677500,CRM
2023-10-16,204.98365783691406,205.92733830930865,201.55300471243555,202.33940260621569,3623200,CRM
2023-10-17,206.27139282226562,208.33568557611184,202.49670064311755,202.9783729521599,4006100,CRM
2023-10-18,201.34658813476562,206.06496058444733,200.71747280809424,205.32771535791244,3380800,CRM
2023-10-19,204.77725219726562,207.3625153960934,202.03469140930056,202.93904380196312,4995900,CRM
2023-10-20,200.26531982421875,204.57083740672127,198.68269922876922,203.83359206721303,5539100,CRM
2023-10-23,198.56472778320312,200.1080350948424,194.4853099200478,196.5004350095019,4564100,CRM
2023-10-24,200.74700927734375,201.15986490271715,197.51295104630788,200.26533688142672,3959600,CRM
2023-10-25,193.70875549316406,200.2751618654433,192.10647080216023,199.74433681475594,4490000,CRM
2023-10-26,192.9125213623047,196.2645336135771,190.38622025231933,194.06262223751753,5149100,CRM
2023-10-27,193.22705078125,194.93744997161028,192.0867746548156,193.9446318783633,3168600,CRM
2023-10-30,195.88116455078125,197.1688839357077,193.72840588467932,195.61575204418534,3438300,CRM
2023-10-31,197.41464233398438,198.47627741466852,195.28154763457727,197.0116112849729,3425400,CRM
2023-11-01,200.4422607421875,201.01239892159657,197.08042389060532,197.50310400677557,3593600,CRM
2023-11-02,204.57083129882812,204.71827436260963,202.4475611846083,202.80143953697828,4963600,CRM
2023-11-03,203.94171142578125,206.6056160483582,203.67629891749587,205.8290575973009,3861900,CRM
2023-11-06,203.89254760742188,204.93451850987694,201.2089790568526,204.6691210153753,3729700,CRM
2023-11-07,208.23739624023438,209.71188689242518,205.40638438754837,205.93719442264745,5467100,CRM
2023-11-08,207.87367248535156,208.9058188381665,206.08461680723323,208.80751347150107,3433500,CRM
2023-11-09,206.43850708007812,209.94780188296272,205.51450557667545,209.9379773454446,4731400,CRM
2023-11-10,209.9969482421875,210.62606360815286,205.2884000350226,205.8388741053306,4112600,CRM
2023-11-13,211.61888122558594,212.46425640232263,208.15873922321103,208.9549767146868,3306600,CRM
2023-11-14,217.4185333251953,217.48735008194407,214.24346796221917,215.27561431839888,4743800,CRM
2023-11-15,215.6884765625,217.60531128393703,213.95841304456337,216.99585998770925,4800700,CRM
2023-11-16,217.68394470214844,218.98150354311252,215.21663599608206,216.25860688390856,3712300,CRM
2023-11-17,217.45787048339844,219.00116281383995,216.63215936395355,217.40871779786855,3634900,CRM
2023-11-20,221.3013916015625,222.2548967556558,216.8680801121012,217.66430266361746,4599300,CRM
2023-11-21,220.50515747070312,222.1270911016348,219.73840857322782,220.19059228206774,3852300,CRM
2023-11-22,220.03330993652344,221.85185431205517,219.41403409454972,220.4854936458746,3893600,CRM
2023-11-24,220.56414794921875,220.67227786439884,218.34257241902688,220.54448387392384,1869100,CRM
2023-11-27,220.96713256835938,222.37282126576412,220.43632260525283,221.66506464876036,4885500,CRM
2023-11-28,221.0949249267578,221.69455163958415,218.45066966854472,219.8072056744485,5535300,CRM
2023-11-29,226.4326171875,227.56305400465203,223.39515508879495,224.7222026561424,12327400,CRM
2023-11-30,247.61610412597656,248.20590633877615,239.50640619609575,244.81458111341195,24425700,CRM
2023-12-01,255.57833862304688,258.94999950599066,245.45350143927544,245.74840252216046,14538200,CRM
2023-12-04,246.397216796875,250.78136051910386,245.60099425983714,248.50082282038395,11429200,CRM
2023-12-05,246.75106811523438,247.39000798255992,244.41153844844325,245.73858586432567,5771500,CRM
2023-12-06,244.89321899414062,249.66072931717818,244.6179819651497,247.24257327685882,5374800,CRM
2023-12-07,244.61798095703125,246.46599885845532,242.69130676274182,244.51967559024257,6568200,CRM
2023-12-08,246.54466247558594,247.80289328808448,243.78245241065872,244.3231019783638,4605800,CRM
2023-12-11,247.81272888183594,249.2085781985117,245.46337443346079,245.74843601955402,4766000,CRM
2023-12-12,252.08872985839844,252.21649383221973,246.75106661726048,247.5178004531135,5827600,CRM
2023-12-13,252.9439697265625,254.71334655251295,250.82069953626808,253.13074094690714,6567600,CRM
2023-12-14,252.8358154296875,254.36928328824175,248.91367994514556,252.13789826295044,6613200,CRM
2023-12-15,257.15118408203125,257.8491012804323,250.18174664050431,250.67324354050874,13739500,CRM
2023-12-18,259.10736083984375,261.07334865758855,255.26385105632147,255.40148460288844,7498500,CRM
2023-12-19,259.84454345703125,262.0464396810721,259.2547412545671,260.9553311053117,4665500,CRM
2023-12-20,255.82411193847656,260.4147057440132,255.65698980910955,257.21013666350683,4510500,CRM
2023-12-21,262.7050476074219,263.7961561373593,259.7462271816882,260.24756353251615,5160700,CRM
2023-12-22,261.8105773925781,263.5897938542822,260.78825539294206,262.71494493044685,3110600,CRM
2023-12-26,261.6925964355469,261.99732209712414,260.1198004411745,261.01432835046495,3218800,CRM
2023-12-27,262.18408203125,262.4691586051236,260.88652314181206,261.41734814177977,3387000,CRM
2023-12-28,261.0634460449219,262.3806839633229,260.78820901687976,261.96781342196664,2958700,CRM
2023-12-29,258.66497802734375,261.13227182875414,258.1832907126788,260.5031714565901,3706600,CRM
2024-01-02,251.77418518066406,256.12884014118475,249.45431941183702,256.10919106636396,4741400,CRM
2024-01-03,247.55712890625,249.8376814816022,247.4883271471333,249.18890204213545,5097100,CRM
2024-01-04,246.9673614501953,248.34354673558582,245.59116116551013,247.54732417766024,4489800,CRM
2024-01-05,246.849365234375,249.59192596909887,245.915524249157,246.93784606400285,3676000,CRM
2024-01-08,256.43353271484375,257.11180069101397,247.11475769266298,247.92081963515275,6626000,CRM
2024-01-09,256.8955078125,259.44145727977815,254.37904694914477,255.08680344187468,4571800,CRM
2024-01-10,259.6380920410156,261.92845382089985,258.281556137646,258.79270198588824,5128300,CRM
2024-01-11,266.7648620605469,268.3179790641005,260.5916622007305,263.44233821905453,9012600,CRM
2024-01-12,267.30548095703125,270.5591878418816,266.4502812016025,266.61740333705546,4847600,CRM
2024-01-16,264.6120300292969,266.9515594241812,263.16702834413786,265.11336632779546,5858700,CRM
2024-01-17,266.8238525390625,267.2760213096014,259.638169909045,263.7274279171392,4706500,CRM
2024-01-18,269.7924499511719,271.0015430350454,267.5119273031344,268.35728750915246,4752400,CRM
2024-01-19,276.1033020019531,277.2042502528283,270.8442791977932,271.8076239166039,7413600,CRM
2024-01-22,275.5331115722656,280.86095042187037,275.4053475949653,278.9637798530922,6735900,CRM
2024-01-23,272.06317138671875,276.91916294728037,271.021200403951,276.0541236411512,6573800,CRM
2024-01-24,272.1712951660156,276.1818961846897,271.9845239667586,275.2185815765078,7037800,CRM
2024-01-25,274.2847595214844,275.09082163922494,272.15164977060306,273.87188892503985,4178000,CRM
2024-01-26,275.17926025390625,278.52143285211577,273.9505181223155,274.5304808085959,4877400,CRM
2024-01-29,282.9645690917969,283.24964568153734,276.2212463037747,276.6144378076922,5762300,CRM
2024-01-30,282.8367614746094,284.3702291023638,281.6473176105994,282.7384561141463,4810900,CRM
2024-01-31,276.30975341796875,280.77255415049603,276.0443558628613,279.21940697991477,4557300,CRM
2024-02-01,278.9736328125,280.20237508175626,276.5751255030246,277.21409548191025,3218300,CRM
2024-02-02,280.8019714355469,283.2594555760961,278.34448729499763,280.3498027532898,3629600,CRM
2024-02-05,283.2102966308594,284.1343130960976,276.57508924668764,281.3819427732092,5274800,CRM
2024-02-06,280.9691162109375,283.73135650125187,277.1157971556602,283.04324881351386,4207200,CRM
2024-02-07,283.9279479980469,284.87161372091003,280.3498658829531,282.4632967200143,3621400,CRM
2024-02-08,286.9850158691406,288.12526213518635,284.0655234498342,284.3800586274056,4488400,CRM
2024-02-09,286.3460388183594,290.21903620699356,286.1002904053678,288.26288843912795,4376300,CRM
2024-02-12,282.43377685546875,286.05118672504506,282.1192116497867,285.87425504631983,3750000,CRM
2024-02-13,276.36871337890625,278.6099381444019,271.71917169356266,275.6413075335322,4956600,CRM
2024-02-14,284.2326354980469,284.5373611592502,279.7993541050935,280.15321745413416,3850700,CRM
2024-02-15,286.97515869140625,287.034135908487,283.11200097969544,286.3853565220144,3986500,CRM
2024-02-16,284.79296875,287.103010210655,282.9842637336079,287.0341934440717,4159400,CRM
2024-02-20,281.51953125,285.90367399098875,279.31760534537574,284.5766267267435,4295500,CRM
2024-02-21,278.7278747558594,278.74755383058744,273.6261346297864,275.30707559520204,3797200,CRM
2024-02-22,288.6560363769531,289.6193808101189,286.44430099351194,287.0341030954791,5264300,CRM
2024-02-23,287.820556640625,292.9321361159084,286.12980619867017,292.9321361159084,4416800,CRM
2024-02-26,295.281494140625,298.6629648950992,289.98314365885824,290.5631063463455,8719300,CRM
2024-02-27,294.4066467285156,296.61838280577496,291.5559706730995,296.4512606583355,6178800,CRM
2024-02-28,294.67205810546875,295.76319688745826,291.5657939133847,294.48528687250285,12490800,CRM
2024-02-29,303.568115234375,305.2588655626771,289.7767151140444,294.89810378347994,21737800,CRM
2024-03-01,311.4910583496094,313.2899236783681,301.40553306771676,301.77907548535546,9450200,CRM
2024-03-04,309.2891540527344,312.24794470873184,308.20785497642544,309.220337293654,9350000,CRM
2024-03-05,293.66937255859375,307.2346738355055,291.103773359998,306.01577122761364,9015300,CRM
2024-03-06,298.60400390625,300.6879758778736,297.59152153261186,299.4690432154921,8270000,CRM
2024-03-07,297.2769775390625,301.55297627307226,296.61835853944706,300.79608189915757,6788900,CRM
2024-03-08,300.08831787109375,303.6172616817226,297.0607104509137,297.0607104509137,4851600,CRM
2024-03-11,300.7960510253906,302.37865637166095,295.14383764827954,297.4932068252169,4895500,CRM
2024-03-12,301.40557861328125,303.7844370016894,298.7023454439319,301.4940444626289,4832000,CRM
2024-03-13,299.88970947265625,302.8917743506396,298.3443863413441,300.2046855321155,5548800,CRM
2024-03-14,298.5511474609375,304.62412462420303,297.25189356476733,300.2047269445498,4828800,CRM
2024-03-15,289.7025146484375,295.33258570143556,289.1513214016639,294.25972634475914,11885100,CRM
2024-03-18,295.78533935546875,296.23809874523755,291.3659114872744,294.9093176714498,5240500,CRM
2024-03-19,296.71051025390625,297.025456273887,291.9564323728996,293.4919031072226,3329900,CRM
2024-03-20,301.26776123046875,302.1929848435676,295.962519060418,297.2223935492241,4946600,CRM
2024-03-21,303.5414733886719,306.89783456556273,301.5335380793624,303.0985363223701,6083900,CRM
2024-03-22,302.93115234375,305.35249723626515,301.8287660696487,304.45680087911455,3779000,CRM
2024-03-25,301.24810791015625,302.8721605251474,297.7834603289898,298.92522635907153,4141200,CRM
2024-03-26,301.0216369628906,303.1378580564633,300.0964435559876,302.6457192045202,3893900,CRM
2024-03-27,296.64166259765625,304.43712633164654,293.93489851600873,302.6063839527375,3859900,CRM
2024-03-28,296.4447937011719,298.0393190016241,294.919175058832,295.2833530548889,4892300,CRM
2024-04-01,297.5078125,298.7381597295702,295.27348270692505,296.94676695425017,2918100,CRM
2024-04-02,299.220458984375,299.67321837357684,290.25370241123204,292.82265311793276,4746100,CRM
2024-04-03,299.94879150390625,302.330756872199,298.3345916158032,299.21058319243747,3047400,CRM
2024-04-04,289.5155334472656,306.40571680031155,287.5075979991562,303.4135334304075,8351000,CRM
2024-04-05,297.163330078125,298.649599247615,288.6886821477343,288.9249292580423,4918200,CRM
2024-04-08,296.98614501953125,298.7283058744591,294.8108695011229,296.36604521282544,3142900,CRM
2024-04-09,297.615966796875,300.7951937637836,294.54502596875676,298.55104238648454,2997700,CRM
2024-04-10,294.9093322753906,296.1889115363115,293.4624425967762,293.75774398211655,3036400,CRM
2024-04-11,294.4466857910156,296.3561870477538,291.7497743416688,294.7616618831685,3468600,CRM
2024-04-12,289.6925964355469,293.1670952339324,288.88548157778115,292.20249235237566,3820000,CRM
2024-04-15,268.609375,281.97588282182096,267.3888802791833,278.4915313963431,18365100,CRM
2024-04-16,273.0484924316406,276.1489613161425,268.156630844885,270.45983716016565,7624300,CRM
2024-04-17,271.9756774902344,274.58400792682,270.51893537952907,273.37333529197707,4199400,CRM
2024-04-18,267.6448059082031,271.9854441401961,265.50891007853295,271.9756217888621,5918200,CRM
2024-04-19,266.1191711425781,268.8554620930706,264.5049712480887,268.20583517187515,4913600,CRM
2024-04-22,269.505126953125,275.30253814970933,265.32194591604224,274.9974144064972,6747200,CRM
2024-04-23,272.33001708984375,272.34972187310154,266.1586051321773,270.6272354536889,6285200,CRM
2024-04-24,271.8476867675781,274.55445070545613,269.800372131593,273.6292271745777,3938800,CRM
2024-04-25,268.8456726074219,269.2787272367196,265.04634439859046,267.3298762726608,4811900,CRM
2024-04-26,269.9775390625,272.54648944440436,269.1605717493828,270.6763678197495,3754600,CRM
2024-04-29,271.4047546386719,272.93040327201606,268.9243853626505,270.56814252755174,3576400,CRM
2024-04-30,264.7116394042969,270.292476981142,264.14074153361474,270.19407324419814,5218000,CRM
2024-05-01,264.46563720703125,269.6921505686794,262.3592680362809,264.7904357045973,3761000,CRM
2024-05-02,267.85150146484375,268.7865472786771,263.72737540401,266.17821732126697,3859900,CRM
2024-05-03,269.357421875,273.30438481334727,269.0522982104054,272.4677428139425,4041600,CRM
2024-05-06,271.2964782714844,272.7728948814258,269.7511550106802,271.8279966616397,3744800,CRM
2024-05-07,272.8220520019531,274.49533590052494,269.76096315091996,271.2570542566566,3507700,CRM
2024-05-08,274.5839538574219,275.5387044372753,271.39490369030267,271.39490369030267,3283300,CRM
2024-05-09,270.84375,271.02091280445626,266.80820479554154,267.89091644129036,4709700,CRM
2024-05-10,272.32012939453125,275.2434354178457,270.64684525919813,271.7590838863319,2912300,CRM
2024-05-13,273.1567687988281,273.43236538591424,270.8634147031944,272.78276846032026,2998700,CRM
2024-05-14,272.44805908203125,274.475668768822,270.7157507319541,272.60554712072405,3056800,CRM
2024-05-15,283.0192565917969,283.2751484027621,275.3320491169051,275.3418714695505,5828500,CRM
2024-05-16,280.20416259765625,285.4602018017787,280.10572882214973,284.8696592242814,3559200,CRM
2024-05-17,281.11956787109375,282.8223792776703,279.7908168721112,282.52710795295746,3478900,CRM
2024-05-20,282.5566101074219,283.1963846129268,280.62740416392415,281.50342574608976,2799300,CRM
2024-05-21,279.29864501953125,282.7042373931031,278.83603330687896,282.28100519835783,3492100,CRM
2024-05-22,279.3576965332031,282.57627371231206,278.38324121064454,278.9541390824903,3309200,CRM
2024-05-23,274.1903076171875,282.4877632807935,273.0977435054115,282.1727871370582,5456600,CRM
2024-05-24,268.009033203125,270.63703832987864,264.3081387505354,266.67039966244863,8325100,CRM
2024-05-28,265.587646484375,268.9342147942631,262.95964176825726,268.80625388340854,9294100,CRM
2024-05-29,267.3495178222656,268.5798650105632,263.5600424747545,263.78643717099953,13397900,CRM
2024-05-30,214.58236694335938,221.55105456847372,208.6668636220059,219.88762292242762,66763300,CRM
2024-05-31,230.75408935546875,230.93125215003465,212.66305862302158,215.6651089105602,36807400,CRM
2024-06-03,232.89979553222656,237.20109949656225,226.5905865925599,230.93124003955248,19962700,CRM
2024-06-04,231.16749572753906,236.80740358508132,228.54931305020833,232.01397527664267,11197500,CRM
2024-06-05,232.81124877929688,233.1951165567281,227.90954907850858,231.93524205547237,10772100,CRM
2024-06-06,238.9432830810547,242.87055707026718,235.68532583300245,236.10857311411178,11693800,CRM
2024-06-07,238.04757690429688,240.09486138238526,236.51209101740102,238.52002601317216,6883800,CRM
2024-06-10,238.03773498535156,239.80943799517343,236.64989970941718,237.98851809251735,7656900,CRM
2024-06-11,237.20111083984375,239.91771214284643,232.54546606343197,237.36843626245638,7264400,CRM
2024-06-12,232.09268188476562,238.39205308178444,231.19698558395785,236.777838273868,10260100,CRM
2024-06-13,225.4291534423828,231.9450679645602,225.06497544609437,231.81712205766556,13566700,CRM
2024-06-14,228.2933807373047,231.55133764395984,225.59645433095426,225.74410500284546,8833700,CRM
2024-06-17,226.8563232421875,228.19494153353895,224.1889390487084,226.65947070323,10563700,CRM
2024-06-18,228.16543579101562,228.63788493257647,225.6259972494341,226.85634450685419,7119800,CRM
2024-06-20,237.9983673095703,239.93739571406888,229.1890842896221,229.1890842896221,14809600,CRM
2024-06-21,241.20712280273438,241.51224652724758,236.41369457298302,236.7877249547155,15719600,CRM
2024-06-24,236.1676025390625,240.5673252234779,236.03964162725205,239.36650518323242,7545700,CRM
2024-06-25,237.958984375,239.27792797957395,236.09870002089278,237.97867413536616,6037800,CRM
2024-06-26,239.32713317871094,239.7799075601064,236.1282304340868,237.67355373824785,4524700,CRM
2024-06-27,248.8746337890625,254.53423082186325,240.60669172111733,241.14804748455384,12869000,CRM
2024-06-28,253.05780029296875,256.0893623637826,249.19941852870713,249.51439459880424,12619300,CRM
2024-07-01,252.1818084716797,255.40041612411747,250.52822896530833,254.09130981990901,5871700,CRM
2024-07-02,252.16212463378906,253.67792081217627,250.06560817486445,251.0400485752562,5130600,CRM
2024-07-03,256.8473205566406,257.11306476624935,252.90035671097655,252.93973623610339,4755700,CRM
2024-07-05,259.0520324707031,261.6308350615114,257.21143810418437,258.5894207819709,6562100,CRM
2024-07-08,253.3235626220703,258.70756317794184,253.14639983410032,257.2705260570072,6539300,CRM
2024-07-09,248.8479766845703,253.35313498216675,247.5269950772971,252.45604439601632,7014900,CRM
2024-07-10,249.00570678710938,251.18435317758087,242.61766316104726,247.63543169517718,8947700,CRM
2024-07-11,247.5565643310547,251.7955496878737,247.35940536981616,249.01557373720186,5341800,CRM
2024-07-12,250.3661346435547,251.66739585390764,246.14686959059088,248.0494754251509,4705500,CRM
2024-07-15,249.2718963623047,252.75181921026507,248.54239160807597,252.38704426975235,4404300,CRM
2024-07-16,252.3968963623047,253.13625375469724,249.0845746426955,250.17882418512704,4780400,CRM
2024-07-17,247.6551513671875,251.94343022547758,246.06799690926042,250.39570154289788,5625300,CRM
2024-07-18,243.840087890625,248.867709419363,242.23321291961403,248.56211075322938,6351600,CRM
2024-07-19,244.11611938476562,245.4568215000729,241.6910203224209,245.12163468954668,4468900,CRM
2024-07-22,250.47457885742188,251.9532936936094,244.48085291633666,245.22021033443042,5647600,CRM
2024-07-23,252.4264678955078,253.6784355751292,250.14924954776635,252.94894591285697,3905500,CRM
2024-07-24,246.23558044433594,252.2785995724594,245.36806297227184,250.0309543423519,5204100,CRM
2024-07-25,252.87994384765625,260.33266425925626,248.14806837774626,251.1252184773391,7155800,CRM
2024-07-26,258.9820861816406,260.73682643613114,253.42213450964238,254.50653131512027,6127300,CRM
2024-07-29,254.9206085205078,262.3043159159967,254.85159459907436,258.98214097438745,5101400,CRM
2024-07-30,254.26992797851562,257.04991898223466,251.49980470036874,255.93594903563263,3944300,CRM
2024-07-31,255.12759399414062,258.11459683351325,251.72656783776333,252.57434992417464,4647700,CRM
2024-08-01,249.46905517578125,259.6228852865203,246.19617407349617,256.2119913975533,5527400,CRM
2024-08-02,240.508056640625,244.48086956771914,237.6984922436056,244.2738428579558,6504500,CRM
2024-08-05,235.618408203125,238.38854653323227,228.9149132179638,229.02335290378483,6899300,CRM
2024-08-06,235.03680419921875,240.38975999789068,234.6523389241303,237.668914935173,5673900,CRM
2024-08-07,236.63380432128906,243.03171605628407,236.25920678400243,239.16734301181273,4035500,CRM
2024-08-08,245.58497619628906,245.89057488182348,239.63069056496948,239.7884237711377,4474300,CRM
2024-08-09,248.9465789794922,249.3606173426253,244.9244726832861,245.17092516436048,2975300,CRM
2024-08-12,247.743896484375,250.48444694593883,245.4863983142223,249.01559974537466,3679700,CRM
2024-08-13,250.9871826171875,252.15043096794693,249.40988091072794,249.40988091072794,4031600,CRM
2024-08-14,251.69699096679688,254.05306098457586,250.2577018937512,251.76598983784044,4145200,CRM
2024-08-15,259.0610046386719,259.1595916503707,252.60393142904906,254.2403795527471,5167900,CRM
2024-08-16,259.1792907714844,259.8595020259184,255.99511388601093,258.03574764931307,3494900,CRM
2024-08-19,261.6142578125,261.6241255393697,257.91747038034174,259.36661225712913,4501300,CRM
2024-08-20,258.12445068359375,261.7325183890439,257.3259471020506,261.1903349986976,5731300,CRM
2024-08-21,257.3851318359375,258.42025039689725,255.5022311071676,257.3949995630859,4648200,CRM
2024-08-22,254.9206085205078,259.52435453410624,253.61933207862378,257.78931927826085,5111400,CRM
2024-08-23,260.25384521484375,261.8311472633557,257.00068418347195,258.2723574480889,4711300,CRM
2024-08-26,261.515625,263.50694998429714,259.50456456541957,260.19464346572033,3818300,CRM
2024-08-27,260.4509582519531,260.7072483395795,255.7190532146846,255.96550566190086,5276400,CRM
2024-08-28,255.22616577148438,261.4170504654809,253.70801016915985,258.1145814300694,10981900,CRM
2024-08-29,253.363037109375,268.0910408802322,252.6433849806973,267.16437707572857,14301700,CRM
2024-08-30,249.31130981445312,255.45291612779945,247.4382770805501,253.78689504268596,10507700,CRM
2024-09-03,244.54002380371094,250.0901388630033,243.1401754224616,249.03531495302244,6190400,CRM
2024-09-04,244.1654052734375,245.9398662215254,241.68117498838077,242.9725836376856,4706500,CRM
2024-09-05,242.62754821777344,244.9737807909871,241.52344585026896,242.4895354218354,4083600,CRM
2024-09-06,240.508056640625,246.45248948358784,238.0139586504324,244.22456439387204,6259400,CRM
2024-09-09,242.27264404296875,245.8215658234227,241.29670183504328,243.00214880958035,4588800,CRM
2024-09-10,242.66696166992188,243.8302100984426,239.85739751818343,243.623198449018,3544800,CRM
2024-09-11,246.02857971191406,246.47219115079537,238.57584436119444,241.33611504195002,4822200,CRM
2024-09-12,249.77467346191406,250.53375136941946,246.02860751709278,247.8227738848812,5219700,CRM
2024-09-13,250.9576416015625,253.18555159033028,248.86771431704807,248.95643360078148,4998900,CRM
2024-09-16,253.264404296875,254.15162711737568,250.95761292976195,250.95761292976195,5367000,CRM
2024-09-17,251.56886291503906,255.68954160299404,251.14495678192503,255.04877110306884,5423400,CRM
2024-09-18,249.2386474609375,252.881999060622,247.78724579091252,252.7635209812436,4436700,CRM
2024-09-19,262.6272277832031,266.13236520080676,254.7876063450393,257.4238642886256,11022800,CRM
2024-09-20,263.427001953125,266.9025200729128,258.01630145952277,262.64701112526376,11463200,CRM
2024-09-23,260.8697204589844,264.67105291601325,258.92462495022477,263.8712957398402,6034000,CRM
2024-09-24,267.0209655761719,269.01541688520405,262.9234379642404,266.4186618307043,7154500,CRM
2024-09-25,270.6248474121094,273.54741754080595,265.97440144226994,267.0308813310491,7920000,CRM
2024-09-26,272.27374267578125,275.1173373979977,269.26228390281386,272.6390601683866,5253400,CRM
2024-09-27,273.142578125,274.32738898027907,271.582536487676,272.76737747471304,5220100,CRM
2024-09-30,270.2496337890625,272.25396846380625,265.7374325652287,270.48662009698745,5059700,CRM
2024-10-01,267.445556640625,271.22715324047437,266.2804818678742,270.6742353777532,4369900,CRM
2024-10-02,275.9466857910156,278.4348158511885,267.42578571888527,270.2594969314665,8512300,CRM
2024-10-03,277.3586120605469,277.5659487084617,274.2188222936495,275.46287231289955,3868400,CRM
2024-10-04,284.1121520996094,284.2503966281691,277.9115475179623,280.271316535868,6129900,CRM
2024-10-07,280.97235107421875,284.52684435443956,279.7973931547602,282.95691930136394,4794700,CRM
2024-10-08,287.8838195800781,288.9304160689077,280.50825820660475,282.3842313395015,5211200,CRM
2024-10-09,284.280029296875,287.8838787114154,283.4506223506894,287.1433604701359,4851000,CRM
2024-10-10,286.5015563964844,286.5607954395338,281.02170386032054,284.28000188684643,3965500,CRM
2024-10-11,284.4577331542969,286.5706627688548,282.680471379195,285.5536856369445,3597000,CRM
2024-10-14,287.9530029296875,288.75276022514623,284.60584599318156,286.25474654624423,3642500,CRM
2024-10-15,284.7046203613281,289.86848223868174,284.3590391138292,289.75000412680055,3850800,CRM
2024-10-16,287.1828308105469,287.2420999906038,280.636674920083,283.9146794087513,3497000,CRM
2024-10-17,287.4296569824219,289.6314752817607,286.43244629425226,288.2689169702626,2830000,CRM
2024-10-18,289.23651123046875,290.9841231747716,286.4817753421948,288.34789549831066,3087900,CRM
2024-10-21,287.607421875,289.21681968555714,284.39850947267297,285.34636439154315,2712600,CRM
2024-10-22,284.6848449707031,288.24922209382447,284.0134489366403,286.08690622467384,3100100,CRM
2024-10-23,280.8341369628906,284.65520635350447,279.0470219772638,284.0924353775046,3227100,CRM
2024-10-24,283.1346435546875,285.25745613243635,281.5746018462608,282.9371600039279,3210700,CRM
2024-10-25,286.7878723144531,290.6583272599078,285.1784746488326,286.33369626761163,3351200,CRM
2024-10-28,290.0559997558594,292.3269400679122,288.7921833705922,289.8881658559014,3867800,CRM
2024-10-29,295.1112976074219,296.7996704953528,289.10814713426345,290.2831049696815,4280700,CRM
2024-10-30,292.65277099609375,295.7530881578899,292.60341517143274,293.3143138107658,2826500,CRM
2024-10-31,287.6863708496094,292.34669979337616,285.8893728374647,288.90083151025345,4301800,CRM
2024-11-01,290.9940185546875,293.2353093473973,286.33368970999913,286.5607927940997,3527500,CRM
2024-11-04,294.242431640625,296.3849806395836,289.2167853521641,294.2226652053971,5107900,CRM
2024-11-05,293.7289733886719,295.0322925218731,291.0137402603826,293.679617566316,4456100,CRM
2024-11-06,303.02001953125,304.65903664470096,299.23845345430897,301.14404625307475,5874900,CRM
2024-11-07,306.8509826660156,308.24316044766306,302.13141471334563,303.61245105997966,5722600,CRM
2024-11-08,317.8797912597656,318.72890433221784,305.52793804599,306.1104754139715,8485000,CRM
2024-11-11,337.40966796875,340.5198378705644,321.138006551103,321.138006551103,13954200,CRM
2024-11-12,336.8370361328125,344.4495547222921,334.2304277611701,335.0005654768556,7659700,CRM
2024-11-13,337.39984130859375,343.7880462053909,334.4871243269854,341.1320518427314,6902900,CRM
2024-11-14,327.4571228027344,341.62570955785907,326.6376293007872,338.1107191186139,7630600,CRM
2024-11-15,321.14794921875,326.08473732021633,320.0815861150458,322.7968195708523,7093000,CRM
2024-11-18,318.1759948730469,322.8659435949925,316.1617768797807,322.8659435949925,4250400,CRM
2024-11-19,319.3410339355469,320.5949972642796,312.0049748286353,314.96704737447675,5469900,CRM
2024-11-20,321.58233642578125,323.12261165116934,317.9389849917937,321.1775162518095,3763500,CRM
2024-11-21,331.534912109375,338.6043956803142,324.44569223515697,327.16092545814604,8364200,CRM
2024-11-22,337.696044921875,338.47606588452095,331.5349429682248,334.6648799054847,5649400,CRM
2024-11-25,334.8228454589844,343.45237199594465,334.01323506864105,340.63839660632203,7117200,CRM
2024-11-26,338.8414001464844,339.46344030368255,334.8524968288033,337.6565890138943,4492800,CRM
2024-11-27,325.8379211425781,333.1147425017873,324.7222021310303,332.2063601683874,7471500,CRM
2024-11-29,325.8181457519531,327.7928610790486,323.112795395997,325.176369297,3517600,CRM
2024-12-02,326.8252258300781,330.2710939695401,325.93657994717313,327.8027001431609,6063400,CRM
2024-12-03,327.23992919921875,328.5926043193316,319.55828811069586,323.26087919060916,12632400,CRM
2024-12-04,363.21923828125,364.3349571989032,352.1410847188746,362.1726416277508,24733100,CRM
2024-12-05,356.811279296875,360.8298317914245,352.1608336334279,356.2188587354475,10942100,CRM
2024-12-06,357.41357421875,362.5083431394659,356.52495838959607,360.37564707043856,5738900,CRM
2024-12-09,347.1253356933594,357.1272734931298,346.35519793284743,357.1272734931298,6475000,CRM
2024-12-10,344.4100646972656,350.99572262221767,343.0376232519745,346.9080780708269,6033000,CRM
2024-12-11,350.36383056640625,355.64619945393724,347.4313774550235,349.02100863785256,7546600,CRM
2024-12-12,353.503662109375,355.4487579065229,348.45827892567104,350.51196960226565,5422000,CRM
2024-12-13,349.8306579589844,360.18802921850653,348.0435431691391,359.39815521579186,5538000,CRM
2024-12-16,352.7137756347656,353.54315242491475,346.1280870104109,346.3453068934331,5482300,CRM
2024-12-17,346.53289794921875,352.71376616509883,344.6963971453808,352.38792128343215,6911000,CRM
2024-12-18,333.3465270996094,350.6845177004979,331.37942309074754,350.41763783473704,8400000,CRM
2024-12-19,332.3580627441406,339.57398553999604,331.5672572622825,337.76507267638283,7423400,CRM
2024-12-20,339.69256591796875,342.46033958716737,327.3266499400111,328.9082004182483,14932300,CRM
2024-12-23,338.9512023925781,339.8902743832241,332.80282989281926,338.3086937408348,5330300,CRM
2024-12-24,340.46356201171875,340.9775930359905,336.9050133158141,339.05003702725134,1811000,CRM
2024-12-26,337.7848205566406,340.90843423494726,337.10276404832547,340.90843423494726,3483300,CRM
2024-12-27,334.552490234375,338.32847695975715,331.4090875457361,336.43060418495196,3220400,CRM
2024-12-30,331.8736267089844,334.2163290908917,327.79118273849406,329.6297787657265,3411100,CRM
2024-12-31,330.47991943359375,333.26745220283436,328.5820466045134,332.3975812536122,3026000,CRM
2025-01-02,326.8521728515625,335.0170615885399,324.0349869891738,332.43710226912543,4807100,CRM
2025-01-03,329.0663757324219,329.60016563329293,325.47817335159056,328.2756004590998,4101200,CRM
2025-01-06,326.7236328125,332.7237382537355,323.51105964043626,330.1734325041054,5785300,CRM
2025-01-07,321.1881408691406,327.6824888380216,319.1914137879175,326.69400470879674,4643100,CRM
2025-01-08,323.13543701171875,325.0135507147569,319.3890739333845,323.96576001202595,3788200,CRM
2025-01-10,314.1896667480469,319.0529914649407,312.38072401229,319.0529914649407,6540000,CRM
2025-01-13,315.3956298828125,316.85856704845264,310.18629935534506,310.97710473717564,4583000,CRM
2025-01-14,319.81414794921875,326.1404400331239,317.7976319778633,321.25732626067054,5935200,CRM
2025-01-15,317.4615478515625,327.71212284090353,317.0859190780128,326.0811301570366,6042700,CRM
2025-01-16,316.3149108886719,323.9460093205067,315.8700809787784,319.2210565457528,5047700,CRM
2025-01-17,320.82244873046875,325.7747645218848,319.34961683752925,324.9345468683938,6303600,CRM
2025-01-21,323.07611083984375,325.72524075194775,318.73668171385503,325.60662749709803,6397200,CRM
2025-01-22,328.7895812988281,331.369540523756,323.5110797479705,327.4353628887087,7259300,CRM
2025-01-23,330.8061218261719,331.5968971097563,325.804394250449,328.50293677613485,4355900,CRM
2025-01-24,330.0350646972656,334.7501228310553,327.969136619797,332.42717924332845,3299100,CRM
2025-01-27,343.1028747558594,349.083192149995,326.6940308638127,328.5325970116179,15661100,CRM
2025-01-28,355.8049011230469,362.8626626497762,346.4241655186757,350.6845300225502,12099300,CRM
2025-01-29,349.9233703613281,356.03219484132165,347.4521601186634,354.6285643165268,6266700,CRM
2025-01-30,339.613525390625,343.9925031768232,336.0846295405744,336.9742592914236,7591100,CRM
2025-01-31,337.76507568359375,345.4752406619519,336.183494871941,343.9925143071796,5778000,CRM
2025-02-03,335.3333435058594,337.5277794608043,327.44525952776286,332.10101129047274,4549400,CRM
2025-02-04,340.17694091796875,342.9347899043463,334.76993155296583,341.6398781151791,4965600,CRM
2025-02-05,343.92327880859375,344.0320277501404,334.9676149338412,341.73873731067897,4521000,CRM
2025-02-06,327.00042724609375,333.59362955770166,325.31012785815375,333.59362955770166,13240600,CRM
2025-02-07,322.0777587890625,329.9757672060883,319.9920718323211,328.17671891673126,7626100,CRM
2025-02-10,323.4320373535156,327.9296283281833,322.8883529521552,324.14374717326245,5981900,CRM
2025-02-11,320.66424560546875,322.68076167635013,317.5604211249527,320.28861680964224,5455900,CRM
2025-02-12,322.36444091796875,323.2343117823756,313.31981712609394,315.8700929184305,5643400,CRM
2025-02-13,326.0514831542969,326.54572519934925,319.49782881031956,322.4435222586424,4312100,CRM
2025-02-14,322.7796630859375,324.7170838153009,318.9047914610647,324.2524950001522,5879700,CRM
2025-02-18,325.1717224121094,325.36943129936986,319.2803655986658,324.8059881202043,5262100,CRM
2025-02-19,320.7927551269531,325.9427490238163,319.15186784290563,325.9427490238163,5012000,CRM
2025-02-20,314.7630310058594,320.71372546917917,314.5455632652373,318.5291535673385,6393100,CRM
2025-02-21,306.2323913574219,315.2968046931363,303.32624541260617,315.2968046931363,7353200,CRM
2025-02-24,304.7694396972656,309.12865840911076,300.02469768802047,307.9227065421186,6652900,CRM
2025-02-25,302.3575134277344,304.8682714225958,297.158077544538,302.7232477085877,7360100,CRM
2025-02-26,303.79083251953125,310.0875021427578,302.92099177280824,309.0594701397207,12638500,CRM
2025-02-27,291.5039978027344,301.4086292434734,289.2996972428272,292.92741752875503,16691400,CRM
2025-02-28,294.4200134277344,298.5024578398109,288.7856416427993,292.55176388343796,10863100,CRM
2025-03-03,289.6851806640625,299.5799172762279,287.70821224068607,297.5337477181586,6298200,CRM
2025-03-04,284.031005859375,288.29136973986766,278.9897311258461,286.6603770759393,9096300,CRM
2025-03-05,288.6076965332031,289.30951177980944,282.3308166248385,283.912397177786,6612600,CRM
2025-03-06,282.755859375,294.64732166578744,281.54990758922986,284.9107775983907,10396800,CRM
2025-03-07,279.63232421875,284.989891965623,272.00122459510436,279.9189629318883,8248100,CRM
2025-03-10,269.75732421875,275.1445750168791,267.6024359659555,273.7804620343867,10040200,CRM
2025-03-11,273.8595275878906,277.220397903172,268.86769458936146,270.5678885706164,8313400,CRM
2025-03-12,281.30279541015625,282.6372549950128,275.8760272866994,278.6042530898603,7463900,CRM
2025-03-13,268.61065673828125,279.3060618229899,266.64358305399503,278.80192528434753,9494500,CRM
2025-03-14,276.1824645996094,276.6668423445477,269.5398499260608,271.8331403866514,6976900,CRM
2025-03-17,277.5169372558594,279.4741468183126,272.9007028002634,274.1758558560803,4484300,CRM
2025-03-18,275.5202331542969,277.26983946329005,272.76235357728547,276.79535615091993,5881700,CRM
2025-03-19,276.172607421875,278.970004356819,274.0967846264915,274.3043578561869,5245400,CRM
2025-03-20,275.8167419433594,279.6224121027663,273.8694268851367,273.8694268851367,5504700,CRM
2025-03-21,277.3883972167969,278.60424349287615,270.8940495827069,273.0291788117011,9804100,CRM
2025-03-24,282.6669616699219,283.45776720873835,279.95852434407414,280.47252531969474,6763800,CRM
2025-03-25,285.2864074707031,287.1052449257096,282.32095490200714,282.32095490200714,4301700,CRM
2025-03-26,277.754150390625,285.711465861578,276.3603841255342,285.0195148932718,5070300,CRM
2025-03-27,274.61077880859375,277.66519120671086,272.83151940822296,277.30935139309355,3757200,CRM
2025-03-28,266.8610534667969,274.0176686918165,266.09003707606905,273.52342664221806,4973400,CRM
2025-03-31,265.2696228027344,265.3586129327682,256.20523898821756,261.50350016741123,7585800,CRM
2025-04-01,267.0884704589844,267.7013258996228,262.75890438976853,265.7638749481342,4598200,CRM
2025-04-02,268.4129638671875,270.4788918846862,262.68963284614676,262.8972060474085,5396900,CRM
2025-04-03,252.2908172607422,259.54630272651195,251.51980079408338,257.1442933687838,8872600,CRM
2025-04-04,237.98744201660156,247.4076948976997,236.77161071751894,244.84752453156582,9705000,CRM
2025-04-07,241.39773559570312,250.03707793919145,227.35136833301186,227.35136833301186,11965200,CRM
2025-04-08,241.18023681640625,254.4259325770935,237.50307482137677,251.02552983555998,9340300,CRM
2025-04-09,262.1163330078125,265.08178520528634,238.1258054239199,238.1258054239199,12491100,CRM
2025-04-10,252.57830810546875,258.63733147446385,245.6579571299946,257.40969490555483,9692300,CRM
2025-04-11,252.4595184326172,253.85547468957546,245.21243794636035,251.7367954136667,6089000,CRM
2025-04-14,252.01400756835938,257.4097080425117,250.61805129527303,257.4097080425117,6038100,CRM
2025-04-15,252.39019775390625,254.16237295342697,251.27146589472542,251.83577929152105,5227700,CRM
2025-04-16,247.3509063720703,254.05344777139044,244.23229503368339,249.42008062787042,7190900,CRM
2025-04-17,244.796630859375,249.0537945054991,244.34122213605195,247.28163428774863,5566900,CRM
2025-04-21,233.90621948242188,240.0642530240193,230.45099879024664,238.03467342987338,9240000,CRM
2025-04-22,240.96517944335938,241.78691222063023,233.2527954721082,235.85658331580024,7145300,CRM
2025-04-23,247.9845428466797,255.2217283211393,247.0143105062503,250.0933271653285,5818900,CRM
2025-04-24,262.0628967285156,262.3401059759621,254.43959710342426,255.6276540002189,7857600,CRM
2025-04-25,265.1814880371094,266.3497247610452,261.5678580548796,262.08266655690056,5651700,CRM
2025-04-28,262.9935302734375,266.8150598564511,260.7065162496383,265.47850342114094,4977700,CRM
2025-04-29,265.0924072265625,265.90421488123275,262.5282141473929,262.75590339841057,3139800,CRM
2025-04-30,266.0329284667969,266.19133806878403,260.37982364516705,262.1618787938235,4624100,CRM
2025-05-01,266.6467590332031,271.86427545584047,266.32005998591563,270.6762184931624,5208900,CRM
2025-05-02,272.33941650390625,273.56708316278525,269.53762455455905,271.72559828123536,4323400,CRM
2025-05-05,269.91387939453125,273.4186199672366,269.59706020087106,270.64649734302185,4219600,CRM
2025-05-06,270.6365966796875,272.0622528870195,265.8646395940643,267.1318861990769,4681600,CRM
2025-05-07,275.4580993652344,276.01251785730346,270.9831112618373,270.9831112618373,4267600,CRM
2025-05-08,276.9530334472656,280.2300545974685,275.6065971789169,276.4283148701089,4789900,CRM
2025-05-09,272.6761169433594,279.66577864567444,271.15145087112035,278.814330761447,4324200,CRM
2025-05-12,285.94256591796875,286.09106546282413,280.4082613137376,282.1606163701095,5937400,CRM
2025-05-13,286.2890930175781,289.8235031382954,286.0514635256141,288.1008479426412,6711600,CRM
2025-05-14,287.84344482421875,293.1005406507739,286.37820890653796,290.57595753444326,7926200,CRM
2025-05-15,287.8632507324219,289.0611873878031,285.0812483779062,286.6851039458715,4635600,CRM
2025-05-16,288.24932861328125,289.2591859075245,286.8335826494932,288.1899287975655,3846000,CRM
2025-05-19,284.7644348144531,287.01180861947967,284.05160674645384,285.22975355625186,5781200,CRM
2025-05-20,285.1901550292969,285.56637405436,282.36854255486526,285.2198549410891,4032300,CRM
2025-05-21,279.4677429199219,284.76444880352335,278.30938592244087,281.5765273169115,5689800,CRM
2025-05-22,280.59637451171875,283.49717644248904,278.2301709494835,279.6855269353524,6642700,CRM
2025-05-23,270.4089050292969,277.9430747265732,268.94363888098036,276.2204194136174,8887800,CRM
2025-05-27,274.4284973144531,275.80463372977465,267.5972446003825,270.44855743737986,10958000,CRM
2025-05-28,273.2799987792969,276.032301305734,270.85439527276606,274.94325421681117,12758600,CRM
2025-05-29,264.2607727050781,265.12210033265166,251.9644959917955,260.9639315353864,28053100,CRM
2025-05-30,262.7262268066406,267.05268552249925,258.1027689485092,265.4092197703195,12388500,CRM
2025-06-02,259.0135803222656,261.16197477893974,256.5583069015452,260.488726383169,9213500,CRM
2025-06-03,261.835205078125,262.11241435502006,258.7561729038365,259.389811373051,7838500,CRM
2025-06-04,260.5481262207031,262.85489980640233,259.013550297099,261.55795337698316,7372500,CRM
2025-06-05,264.47857666015625,266.0725221976128,261.0134461385129,261.0827257866551,8642900,CRM
2025-06-06,271.775146484375,272.1612453169144,265.5378934214904,267.2803687223913,7507000,CRM
2025-06-09,269.5376281738281,271.468212802637,266.97343544694496,270.1316565375799,5728300,CRM
2025-06-10,265.5478210449219,271.02272641939106,264.18156465839434,269.3594709112455,6309700,CRM
2025-06-11,263.26080322265625,266.82494329021944,262.765784608093,265.8249960204693,6568100,CRM
2025-06-12,264.2508850097656,266.33984941296524,260.77584408123784,262.0629108242506,8054000,CRM
2025-06-13,255.82566833496094,263.05295977174495,255.4296594018531,260.8550754474198,7659300,CRM
2025-06-16,261.25103759765625,261.35004736658954,257.3700782356646,257.7958172207237,7177000,CRM
2025-06-17,260.1422119140625,267.8050909859561,259.488783667178,261.2213489508209,9110100,CRM
2025-06-18,257.32208251953125,262.85523768410314,255.30912100353595,262.5775888633263,7628000,CRM
2025-06-20,258.4425964355469,260.6637869405405,257.0840993762802,258.50209044825556,12859200,CRM
2025-06-23,261.19927978515625,262.5181041652862,256.57838618424154,258.4525384870847,9283800,CRM
2025-06-24,268.8941345214844,271.0855779340558,263.21221443935144,263.47993748602585,9713900,CRM
2025-06-25,265.51275634765625,271.7003756570579,264.73930393398103,269.7171612362035,6074300,CRM
2025-06-26,268.4677734375,268.73552679848876,262.9346175502945,266.5242314382341,6708000,CRM
2025-06-27,271.12530517578125,271.8690107163253,267.16877112229685,269.5783698109102,21741400,CRM
2025-06-30,270.4013977050781,274.0604310717517,268.13060850943646,272.15653173615556,8541900,CRM
2025-07-01,269.6279296875,271.70038519869985,268.36859938015414,269.79648597277975,6256800,CRM
2025-07-02,266.9505920410156,269.42961028434075,263.42047248343687,269.2412024769318,6115200,CRM
2025-07-03,269.86590576171875,272.42426940105884,267.05967057250007,267.43648616755416,5031800,CRM
2025-07-07,267.5356140136719,271.7003764136437,265.9589621760763,269.2312841364686,6283500,CRM
2025-07-08,271.35333251953125,274.4768894729093,267.4662488366685,268.5173501573424,6661200,CRM
2025-07-09,268.646240234375,273.24728197998616,267.10923089292993,272.05734121638034,6373600,CRM
2025-07-10,261.75457763671875,269.21145356581604,261.0009464124092,268.6264088959005,7244600,CRM
2025-07-11,255.90408325195312,260.7431313410721,255.10088382239738,260.3762112490156,7011200,CRM
2025-07-14,257.5005798339844,260.0291966395652,255.33888315391562,256.42965725074737,6533900,CRM
2025-07-15,255.418212890625,259.6127229572389,255.07117452050525,258.8095234089551,5201500,CRM
2025-07-16,255.78509521484375,256.8064494438258,252.38387457280874,256.7568509258174,5649500,CRM
2025-07-17,257.69891357421875,258.01623517741075,254.49601105624748,255.82476122547868,5837400,CRM
2025-07-18,260.17791748046875,260.77288788820994,256.94526813218806,258.1153574351595,6381200,CRM
2025-07-21,260.0787353515625,262.09169675823466,259.4441224791603,261.4074853689345,6714700,CRM
2025-07-22,261.3777770996094,263.65849215576236,259.80112504843805,260.7927323959512,5001400,CRM
2025-07-23,264.977294921875,266.2267297611283,260.29690741429135,261.70500304753335,5620700,CRM
2025-07-24,265.4532470703125,267.0397943065968,263.41053875522016,265.73089586280713,5877100,CRM
2025-07-25,266.85137939453125,268.8246981548466,264.7690286371999,265.76063576409973,4015400,CRM
2025-07-28,267.9818420410156,268.0710830563898,264.35255610854966,267.2381366514476,4533700,CRM
2025-07-29,265.1459045410156,271.7004146162973,265.06655900639174,269.32056302231416,5137100,CRM
2025-07-30,262.5875244140625,265.52267352339237,261.11993472867107,264.6302330134252,3928200,CRM
2025-07-31,256.161865234375,262.81557108976716,255.69580865706757,262.77589833002105,7340300,CRM
2025-08-01,248.6356201171875,253.84155844780153,248.03073905830612,252.84995114673217,7646900,CRM
2025-08-04,250.20236206054688,251.37245141582838,248.536453922831,248.89343315728962,4403500,CRM
2025-08-05,245.4128875732422,251.16419760827037,244.9369051917035,250.88654878440252,6761000,CRM
2025-08-06,247.0787811279297,248.1596294185707,244.94683155422675,247.27709955536525,5834700,CRM
2025-08-07,238.8583526611328,250.88653798436223,234.98116478875298,248.58601709552786,10010200,CRM
2025-08-08,238.491455078125,240.9109791974381,235.83395490165054,239.26490752535122,8812000,CRM
2025-08-11,230.72715759277344,239.84003024328482,229.62648811882994,236.91479200965767,10740100,CRM
2025-08-12,229.71572875976562,231.70885379491153,224.579195569484,231.04447878319624,13178000,CRM
2025-08-13,235.0406494140625,235.35797097542175,227.68292593069896,231.05438430115453,10209200,CRM
2025-08-14,231.411376953125,235.01091607920839,230.91557333270472,235.01091607920839,7544800,CRM
2025-08-15,240.4052734375,242.44798203083127,232.66082293546822,234.16805511981903,12942800,CRM
2025-08-18,241.9224395751953,242.46782662847767,237.48004300893777,237.75769184865842,8809200,CRM
2025-08-19,243.93539428710938,246.41441252173448,241.40679266164648,242.94378699325932,8642200,CRM
2025-08-20,244.381591796875,245.49220215150874,242.3983773937667,243.6378863957094,8195100,CRM
2025-08-21,243.76681518554688,244.22294605314545,238.0055794106412,242.98343697487053,5646800,CRM
2025-08-22,246.20616149902344,247.43575995633137,242.06125038852153,243.71723270760194,6694300,CRM
2025-08-25,245.78968811035156,247.27709900892046,244.71875044769482,247.27709900892046,4957700,CRM
2025-08-26,241.69435119628906,246.741628355362,240.81182136861082,244.62950011792034,8862300,CRM
2025-08-27,248.0604705810547,248.26869962807308,243.54865461670582,243.68747902495997,6506900,CRM
2025-08-28,252.39378356933594,253.50437880982565,248.1893635249137,250.36098574965544,8461200,CRM
2025-08-29,254.099365234375,255.4777138776314,250.74772778964623,253.25649299496558,7363200,CRM
2025-09-02,250.73782348632812,252.8499518856104,246.66231686179464,252.6813804596232,9312500,CRM
2025-09-03,254.2976837158203,255.8346628024953,248.4471920384133,252.919335154295,17417900,CRM
2025-09-04,241.9620819091797,243.16193335052378,232.65089034902573,238.045236260856,30967500,CRM
2025-09-05,248.65541076660156,249.02231571173567,242.30913087309693,242.7751874576992,13029400,CRM
2025-09-08,250.15277099609375,250.817146053316,245.22448163882999,248.69510709432694,12602200,CRM
2025-09-09,249.94451904296875,253.196989586861,249.10166196555122,249.21073936742002,10901900,CRM
2025-09-10,240.5341796875,251.85833275119066,239.70121809194185,250.62873430496745,11363600,CRM
2025-09-11,244.21302795410156,245.09555778559684,241.45636105883656,241.65467947914632,6944900,CRM
2025-09-12,240.7225799560547,245.51204497612912,239.22525839718975,244.03455979964144,8386400,CRM
2025-09-15,240.48458862304688,242.65621086833335,238.81868061582657,241.20845766123387,7244600,CRM
2025-09-16,237.30152893066406,240.64324052631798,235.24890978807878,240.4845948654329,8779800,CRM
2025-09-17,240.59544372558594,241.3801709455554,237.78430658255624,238.370370026578,10124000,CRM
2025-09-18,242.651611328125,245.64154100236095,241.33047538172133,242.53241610672924,9344400,CRM
2025-09-19,245.44288635253906,245.5521536952295,241.72782701521152,244.38002688916262,11813900,CRM
2025-09-22,248.02557373046875,248.81030093668636,241.53910379631736,243.64496706719308,7523800,CRM
2025-09-23,242.92974853515625,249.68442243069407,242.50262221179068,248.07522628097522,7669800,CRM
2025-09-24,244.25088500976562,247.18121713865577,241.3900783758826,244.0323503276177,6707100,CRM
2025-09-25,239.34381103515625,243.0290866405082,237.89355196330317,242.87014957159818,8145500,CRM
2025-09-26,241.8072967529297,242.89997025375462,238.74784126476882,239.0855711988149,4974600,CRM
2025-09-29,243.46615600585938,244.18135765889434,241.25101039520263,243.0886842564595,6373500,CRM
2025-09-30,235.42015075683594,243.5754293150353,234.23808090807282,243.41649224222758,10801100,CRM
2025-10-01,234.118896484375,240.85369989534703,231.95342044940543,234.9135667280067,10016600,CRM
2025-10-02,237.28762817382812,237.80415093508302,232.04282592378343,233.86061378566785,7679200,CRM
2025-10-03,238.75775146484375,241.19141663780366,236.91014969115807,237.15848318140038,8849800,CRM
2025-10-06,244.14161682128906,248.80035546815884,233.84074861837047,237.73461588037736,13922600,CRM
2025-10-07,238.14187622070312,245.71107573860073,235.96647254015522,244.83693705054466,8387400,CRM
2025-10-08,238.82728576660156,239.71136757525295,234.0791504706588,238.14189804020245,7120200,CRM
2025-10-09,243.6946258544922,244.3204311088745,235.56914605901795,237.67502439238638,7929100,CRM
2025-10-10,240.06895446777344,247.38983637358723,239.11536231325954,244.87670255962956,7988300,CRM
2025-10-13,247.09182739257812,247.68783384308819,240.75435175331094,241.27088966661475,8276500,CRM
2025-10-14,238.1716766357422,246.62494278137268,237.95314196225053,246.45607783496052,9123900,CRM
2025-10-15,235.00296020507812,239.71136883497303,234.3274852014847,239.26435640804658,8389200,CRM
2025-10-16,244.36016845703125,255.0285661110912,241.05236435784937,251.50224247243165,24869700,CRM
2025-10-17,241.45962524414062,249.10829384500641,240.5457598030287,244.92636628466883,10851200,CRM
2025-10-20,252.5849609375,253.6974901347749,242.6714921507363,243.3668228990331,9963900,CRM
2025-10-21,261.65411376953125,265.3493174789288,252.3068371492567,252.803504151519,13354700,CRM
2025-10-22,254.9292449951172,260.650828057305,254.80010672855937,260.4521794514944,9370000,CRM
2025-10-23,253.34983825683594,256.83643511999617,252.42602976053433,255.8828429735078,6110100,CRM
2025-10-24,253.1313018798828,256.7768357955393,252.30683285132295,255.70404842715232,5490800,CRM
2025-10-27,253.76702880859375,256.37950198225155,253.22069209738177,255.36628193866443,4942400,CRM
2025-10-28,252.56509399414062,257.11456547193757,252.44589876600384,253.76703478712363,6435600,CRM
2025-10-29,249.7837677001953,251.87970299102287,247.37988614557347,250.32016137689058,7904200,CRM
2025-10-30,254.9391632080078,257.5516364595273,248.3334982182324,248.83016521466885,7767800,CRM
2025-10-31,258.6741027832031,260.07470731869716,250.94596570863703,253.1014986048366,6878300,CRM
2025-11-03,259.597900390625,259.8164350802179,253.39950601547787,258.2668364864311,7054300,CRM
2025-11-04,252.743896484375,257.5317734711582,251.77043344263768,256.42915700663156,6792200,CRM
2025-11-05,250.99562072753906,255.11795064781944,250.33008878525933,253.0021595946237,5241200,CRM
2025-11-06,237.67503356933594,248.8698969843938,232.91695515840684,248.8698969843938,11041800,CRM
2025-11-07,238.28097534179688,239.36370581213535,234.21822758217348,234.5758284443217,5741500,CRM
2025-11-10,240.0987548828125,240.29741864070215,233.51294596711185,238.4001471651486,6486600,CRM
2025-11-11,242.87014770507812,244.0621453985964,239.5524159917124,240.28747340489429,5762800,CRM
2025-11-12,244.38003540039062,246.77395882568126,242.05562231648304,244.10190309241432,4278200,CRM
2025-11-13,238.82728576660156,244.26082394601738,238.3107630009449,243.6151629104096,5542100,CRM
2025-11-14,242.0357666015625,243.54562337173718,235.83735697159995,236.72142362723048,5512900,CRM
2025-11-17,235.44993591308594,241.2112756332267,234.01953265489126,240.45634731676736,5280900,CRM
2025-11-18,231.9434814453125,236.204877497401,228.7350169737969,234.66522197320865,8045100,CRM
2025-11-19,226.36094665527344,230.73160999713977,223.5597376250506,230.45347770213408,9710700,CRM
2025-11-20,223.86767578125,229.52969163233666,221.8114823100099,227.72181650075206,7521100,CRM
2025-11-21,225.59608459472656,227.15561108785266,220.4804205745986,223.3610831021723,7479300,CRM
2025-11-24,225.30801391601562,227.3145375828279,223.53986553971077,225.82453665715587,8563300,CRM
2025-11-25,232.55934143066406,233.065951449845,225.0100124430054,225.28814473872015,10233000,CRM
2025-11-26,226.62913513183594,231.2680180268392,224.49347319743302,228.9734038653133,8506600,CRM
2025-11-28,229.00320434570312,231.0097431878008,227.10594800250274,227.47347671724094,3691500,CRM
2025-12-01,231.2779541015625,232.6884865447995,227.07615557890708,227.1456810763456,5634700,CRM
2025-12-02,233.1454315185547,235.07248676074187,230.07601791667327,231.46669462111421,7626200,CRM
2025-12-03,237.12869262695312,237.6650863154301,231.605758036904,233.79108979566874,13782000,CRM
2025-12-04,245.8104248046875,247.31035360573722,236.016151496486,242.06555158644403,20912100,CRM
2025-12-05,258.8330383300781,260.1343033980639,247.83682407085763,249.15796006210823,15852400,CRM
2025-12-08,257.7999572753906,262.5182935094206,254.6312195688788,260.1342981066347,10805400,CRM
2025-12-09,259.280029296875,260.5018410277533,257.27350553360577,258.26683953180503,8045900,CRM
2025-12-10,262.4388427734375,264.1572911128101,257.42248811723084,259.0118285064661,8894700,CRM
2025-12-11,260.6011657714844,266.11415702445385,259.0316811670522,261.7434937420645,7783800,CRM
2025-12-12,260.4819641113281,262.7268781513645,259.17075606477175,261.7633430387785,6006600,CRM
2025-12-15,252.88296508789062,260.5316336613609,251.40289200910016,259.468759033079,10271800,CRM
2025-12-16,253.21075439453125,254.15441859162476,250.42941637382975,252.3068168853155,6145300,CRM
2025-12-17,256.41925048828125,260.223706328179,254.5418346981557,254.62128807905603,6269000,CRM
2025-12-18,256.54461669921875,258.7533789592764,254.86317005082404,257.11173830886,5654200,CRM
2025-12-19,258.59417724609375,260.7133987167576,254.2064997708628,259.36026809551663,20732100,CRM
2025-12-22,263.290283203125,263.290283203125,257.10177149732687,259.30057460108554,5664200,CRM
2025-12-23,262.0963439941406,262.9022408344935,259.2010726049517,261.38994696336636,4745100,CRM
2025-12-24,263.9170837402344,264.9517966936607,261.2207817362974,261.8973621911715,2076600,CRM
2025-12-26,264.73291015625,266.55366246487364,263.45939159438825,263.45939159438825,2456400,CRM
2025-12-29,264.8821716308594,267.74756558580185,263.36984748352836,263.36984748352836,4300100,CRM
2025-12-30,264.5737609863281,266.9217986247408,263.98672121364575,265.3100049300543,3291800,CRM
