Date,Close,High,Low,Open,Volume,Ticker
2018-01-02,78.69992065429688,79.0295544003833,78.28788196460778,78.8647375273401,22483800,MSFT
2018-01-03,79.06616973876953,79.21267670959426,78.71822616181606,78.80063109352733,26061400,MSFT
2018-01-04,79.76207733154297,80.2656863963979,79.26762670036851,79.28593658189139,21912000,MSFT
2018-01-05,80.75094604492188,80.95238958966628,80.05505206830534,80.26565404303865,23407100,MSFT
2018-01-08,80.83336639404297,81.10806345948694,80.21072576676166,80.76011291181304,22113000,MSFT
2018-01-09,80.7784423828125,81.24542467261705,80.44880864716666,81.17217117895406,19484300,MSFT
2018-01-10,80.41213989257812,80.7509318844044,80.03672815888837,80.4487666202756,18652200,MSFT
2018-01-11,80.65023803710938,80.69601622319637,79.88109046098184,80.69601622319637,17808900,MSFT
2018-01-12,82.0420150756836,82.20683190606695,80.98901904744741,81.19046261634222,24271500,MSFT
2018-01-16,80.89744567871094,83.13162755045599,80.58612891866001,82.49982861456591,36599700,MSFT
2018-01-17,82.5364761352539,82.66466624354001,81.26372649881547,81.56589189084856,25621200,MSFT
2018-01-18,82.49984741210938,83.02176626498765,82.09696721823776,82.22515732344738,24159700,MSFT
2018-01-19,82.40827178955078,82.96681730165793,82.0969550048803,82.53646187568988,36875000,MSFT
2018-01-22,83.88245391845703,83.89161234794997,82.17019086668896,82.40826113266152,23601600,MSFT
2018-01-23,84.14798736572266,84.51424767896594,83.81835378238712,84.14798736572266,23412800,MSFT
2018-01-24,84.07476043701172,85.54895359829072,83.85500697405287,84.74318624355053,33277500,MSFT
2018-01-25,84.54174041748047,85.37497605977458,84.17547999836634,84.66993051629495,26383200,MSFT
2018-01-26,86.12581634521484,86.12581634521484,84.77066172550174,85.26511229837129,29172200,MSFT
2018-01-29,85.99763488769531,87.39857482557638,85.81450813227687,87.11472625892641,31569900,MSFT
2018-01-30,84.91717529296875,85.75957658095382,84.33116125792421,85.42994281301148,38635100,MSFT
2018-01-31,86.99567413330078,87.35277611257865,85.62220283274401,85.84195628479893,48756300,MSFT
2018-02-01,86.30892944335938,87.96624907031571,85.6862889062198,86.79422146766136,47227900,MSFT
2018-02-02,84.03815460205078,86.04342553468979,83.78177433384529,85.74126008180258,47867800,MSFT
2018-02-05,80.57698822021484,85.374979653657,80.57698822021484,82.92104382388061,51031500,MSFT
2018-02-06,83.62606048583984,83.76340896306118,78.05892383102692,79.5605846807571,67998600,MSFT
2018-02-07,82.0511703491211,84.02896525177215,81.67575153320365,82.8569376078551,41107600,MSFT
2018-02-08,77.83918762207031,82.298386000137,77.61027577150557,82.14272761835343,55628700,MSFT
2018-02-09,80.7418212890625,81.42855712209972,76.75875485461427,79.02040598248428,63499100,MSFT
2018-02-12,81.6116714477539,82.20684380953173,80.51289707665414,81.25456942785463,35720300,MSFT
2018-02-13,82.25262451171875,82.40828292508755,80.39386102569787,81.42854028530053,26407700,MSFT
2018-02-14,83.54055786132812,83.70614894506195,81.33268610308124,81.42467958989934,34960900,MSFT
2018-02-15,85.24246215820312,85.29765684216474,83.3657656983297,83.90853214035916,27823900,MSFT
2018-02-16,84.63530731201172,86.01523080079451,84.45132032096886,85.04928155118503,30596900,MSFT
2018-02-20,85.29764556884766,85.61042476149531,83.72453411597772,84.15691113293907,30911700,MSFT
2018-02-21,84.16612243652344,85.88642939685167,84.16612243652344,85.53685134347427,26922500,MSFT
2018-02-22,84.38689422607422,85.30684289213622,84.0465106929168,84.68127751846801,24392800,MSFT
2018-02-23,86.53038787841797,86.53958933227827,84.96647761750297,86.107212243331,26329200,MSFT
2018-02-26,87.78150177001953,87.80909910756385,86.70516349388218,86.84315720025525,30199800,MSFT
2018-02-27,86.65916442871094,88.16787972992923,86.65916442871094,88.07588626398207,25869100,MSFT
2018-02-28,86.26359558105469,88.04829849267735,86.13480331100483,87.24794051280843,31167300,MSFT
2018-03-01,85.4172134399414,86.99952592028794,84.48806352650075,86.46595412693392,37135600,MSFT
2018-03-02,85.6012191772461,85.69321263259148,83.58652951752363,84.24889362585161,32830400,MSFT
2018-03-05,86.14401245117188,86.72357771811313,84.87448552511593,84.94807610124526,23901600,MSFT
2018-03-06,85.84963989257812,86.92597853174875,85.5000618013567,86.78798477883241,22175800,MSFT
2018-03-07,86.3464126586914,86.4200102622795,85.0308853238328,85.70245117393004,26716100,MSFT
2018-03-08,86.87077331542969,87.48713738265516,86.26360368360544,86.72357812517424,25887800,MSFT
2018-03-09,88.81185150146484,88.81185150146484,87.39512961079893,87.66191558553328,36937300,MSFT
2018-03-12,89.0234375,89.42821719619918,88.35187884256258,88.77505442556539,26073700,MSFT
2018-03-13,86.8523941040039,89.45584460904058,86.44761427172563,89.23505879991349,35387800,MSFT
2018-03-14,86.33720397949219,87.77232905476376,86.01522326405258,87.50554302807004,32132000,MSFT
2018-03-15,86.64077758789062,87.00875850874635,85.39884812132331,86.0428094688316,27611000,MSFT
2018-03-16,87.02713012695312,87.7446888622559,86.40156484154681,87.10072769433042,49081300,MSFT
2018-03-19,85.45404815673828,86.38319846091478,84.73648917637232,86.2360032758896,33344100,MSFT
2018-03-20,85.67484283447266,86.26360959855926,85.5552519981797,85.60125225295192,23075200,MSFT
2018-03-21,85.07685089111328,86.52116993401089,84.82846083494661,85.49082495985651,24457100,MSFT
2018-03-22,82.60218048095703,84.40527878218585,82.4825896971351,83.96370039353882,38604700,MSFT
2018-03-23,80.20113372802734,83.21856455855394,80.10914025512633,82.33541458513045,44068900,MSFT
2018-03-26,86.2728042602539,86.47519413547032,83.16337959358715,83.35656801484294,56396800,MSFT
2018-03-27,82.30782318115234,87.52393137786285,81.42467314403622,87.33994441879172,56569000,MSFT
2018-03-28,82.23422241210938,83.92693184848972,81.75585212581954,82.62980067561247,52501100,MSFT
2018-03-29,83.96372985839844,84.90208163156933,81.3234811065896,82.96098896404732,45867500,MSFT
2018-04-02,81.43388366699219,83.60496390248215,80.50474021587321,83.22778845627586,48515400,MSFT
2018-04-03,82.52859497070312,82.8413811705791,80.85428865932397,82.40900416940869,37213800,MSFT
2018-04-04,84.93887329101562,85.33445155065061,80.707110269423,80.8174996320592,35560000,MSFT
2018-04-05,84.98486328125,85.61963016683214,84.08331743369332,85.04006497911713,29771900,MSFT
2018-04-06,83.00698852539062,85.0584705477869,82.31702688205816,84.16611903275914,38026000,MSFT
2018-04-09,83.50374603271484,85.71162446509142,83.3657593333461,83.75213612888268,31533900,MSFT
2018-04-10,85.44480895996094,85.81278974132512,84.30407485451663,84.99403618758086,26812000,MSFT
2018-04-11,84.50650787353516,85.82203510242216,84.15692981263246,84.64450161448337,24872100,MSFT
2018-04-12,86.08879089355469,86.62236276120319,85.03084860939667,85.03084860939667,26758900,MSFT
2018-04-13,85.62882232666016,86.64076444147743,85.04005575008826,86.52117364327262,23346100,MSFT
2018-04-16,86.63158416748047,87.08236417118624,85.94162250889526,86.5395906833997,20288100,MSFT
2018-04-17,88.37948608398438,88.81186316815777,87.2847447022392,87.39514109138541,26771000,MSFT
2018-04-18,88.71986389160156,88.97744843079862,87.87350566740112,88.51747403404606,21043300,MSFT
2018-04-19,88.41627502441406,89.2994249831789,87.70791055566441,88.71985979673535,23552500,MSFT
2018-04-20,87.3951416015625,88.41628539650456,86.521192993008,88.23229843217293,31154400,MSFT
2018-04-23,87.71711730957031,88.58187143378241,87.05475304580379,88.07589678266844,22331800,MSFT
2018-04-24,85.66561889648438,88.74744540124568,85.01245621184819,88.53585412827712,34524800,MSFT
2018-04-25,84.92047119140625,85.83122555371904,83.05297625678179,85.83122555371904,33729300,MSFT
2018-04-26,86.71437072753906,87.53312454965037,85.64722681366479,86.06120796038577,42529000,MSFT
2018-04-27,88.14949798583984,90.06299326658552,86.39239934281142,89.7870058058164,48272800,MSFT
2018-04-30,86.03361511230469,88.6830723460889,85.69323852282476,88.61867620602627,41523600,MSFT
2018-05-01,87.3951416015625,87.66192761290034,85.36205546549081,85.74843230177893,31408900,MSFT
2018-05-02,86.02442169189453,87.55153318224714,85.73003833118482,87.38594210318212,27471000,MSFT
2018-05-03,86.53960418701172,87.3307609071335,85.0492842452036,85.51846021147442,31142500,MSFT
2018-05-04,87.54232788085938,87.73551627934727,85.48163759301762,85.84961850289308,22531300,MSFT
2018-05-07,88.51748657226562,88.96825957971105,87.48714125087994,87.55153739480072,24242000,MSFT
2018-05-08,88.14031219482422,88.46229996249005,87.45035043894701,88.17711099737613,23484600,MSFT
2018-05-09,89.1798324584961,89.20742979751279,87.44112991392596,88.32427985571938,27327400,MSFT
2018-05-10,90.07219696044922,90.10898873872432,89.28104037313035,89.65821575899938,22388100,MSFT
2018-05-11,89.8790054321289,90.03540208054001,89.271842803035,89.97100593777773,16778300,MSFT
2018-05-14,90.18257904052734,90.78974861276431,89.52021478668784,90.08138411182118,19454100,MSFT
2018-05-15,89.52942657470703,90.01699836821852,88.6278735654316,89.45582897830636,24594000,MSFT
2018-05-16,89.76040649414062,89.99139055251511,89.27072141823857,89.95443225728631,17384700,MSFT
2018-05-17,88.86419677734375,90.12075075397215,88.54082047065442,89.40008154218597,17246700,MSFT
2018-05-18,89.03048706054688,89.55713037865736,88.70711082119367,88.70711082119367,17865800,MSFT
2018-05-21,90.1761703491211,90.55498756895888,89.43702562972157,89.62181004730303,19422500,MSFT
2018-05-22,90.08377838134766,90.70281393588282,89.80659470516018,90.2500871772454,15441200,MSFT
2018-05-23,91.1555404663086,91.22021571237924,88.99352629223954,89.35386081307219,21251200,MSFT
2018-05-24,90.83216857910156,91.41425291581591,89.44626423313261,91.22022715326914,26649300,MSFT
2018-05-25,90.87836456298828,91.45120754066518,90.41639646620573,90.82293064707797,18363900,MSFT
2018-05-29,90.55497741699219,91.35879729733769,89.83430840051433,90.39790292567625,28671000,MSFT
2018-05-30,91.42350769042969,91.70069144136886,90.46261999841195,90.83218893423003,22158500,MSFT
2018-05-31,91.32183074951172,92.384358558082,91.10932941724101,91.73760617846823,34140900,MSFT
2018-06-01,93.12353515625,93.18821041155984,91.62675589884142,91.72838944991032,28655600,MSFT
2018-06-04,93.93660736083984,94.11215752369439,93.17897983299517,93.55779712145498,27281600,MSFT
2018-06-05,94.41703033447266,94.54638082183392,93.80722913770711,94.24148022345113,23514400,MSFT
2018-06-06,94.6942138671875,94.79584740742816,94.14909492323616,94.68497958103718,21122900,MSFT
2018-06-07,93.2066879272461,94.87901736119444,92.74471979448978,94.84205906468503,28232200,MSFT
2018-06-08,93.89962768554688,94.19528696937581,92.89254067312352,93.4007013223843,22165100,MSFT
2018-06-11,93.36376953125,93.86268894928409,93.01266921231696,93.32681123193733,23490900,MSFT
2018-06-12,93.60395812988281,93.73330861179633,93.08655620222873,93.40993240701253,18325200,MSFT
2018-06-13,93.17896270751953,94.25073206406556,92.91102036838303,93.98278972492905,29492900,MSFT
2018-06-14,93.70559692382812,94.26919850486617,93.31754545628249,93.91810532695435,25691800,MSFT
2018-06-15,92.51372528076172,93.80723731622108,92.45829136679475,93.78876169458992,65738600,MSFT
2018-06-18,93.18820190429688,93.41918594489863,91.85773157472727,92.40285757606563,23586000,MSFT
2018-06-19,93.18820190429688,93.31755240310798,91.93164815949747,92.07023999367321,28653100,MSFT
2018-06-20,94.12137603759766,94.72192888243599,93.42842394056272,93.6594079729077,26180800,MSFT
2018-06-21,93.4468994140625,94.66649482095606,93.20667404706239,94.31540163001222,23198200,MSFT
2018-06-22,92.7724380493164,93.10504859912189,92.05176188569527,92.7724380493164,38923100,MSFT
2018-06-25,90.90609741210938,92.49526907069396,89.89901016863132,92.39363550770949,35433300,MSFT
2018-06-26,91.54360961914062,92.46754591231142,91.23870895061638,91.30338420917536,26897200,MSFT
2018-06-27,90.12073516845703,92.412092930223,89.99138466815123,92.00556580743628,31298400,MSFT
2018-06-28,91.1278076171875,91.57130001082368,89.86201977421742,89.97288758582212,26650700,MSFT
2018-06-29,91.10933685302734,92.31045656927783,90.85063588006824,91.40499611484815,28053200,MSFT
2018-07-02,92.4028549194336,92.44904749678177,90.54574131264793,90.63813351641761,19564500,MSFT
2018-07-03,91.5158920288086,92.97570600468215,91.41425847333281,92.83712120091923,14670300,MSFT
2018-07-05,92.171875,92.31970112281573,91.49739848913366,91.9316496202166,18977400,MSFT
2018-07-06,93.46538543701172,93.71484509890726,92.08871548169017,92.2919825649765,19234600,MSFT
2018-07-09,94.10287475585938,94.47245054433128,93.54851459768746,93.91809038615936,18212000,MSFT
2018-07-10,94.35233306884766,94.71266749226196,94.11210777021438,94.2414582273851,19293100,MSFT
2018-07-11,94.22301483154297,94.55562537152547,93.40994648092858,93.4561461096039,19644600,MSFT
2018-07-12,96.2649154663086,96.46818255928501,94.91596945273413,94.95292069775363,24335900,MSFT
2018-07-13,97.41060638427734,97.56767386671352,96.17252805142375,96.43123614194033,24635200,MSFT
2018-07-16,96.93013763427734,97.77091580240884,96.56979607756627,97.3828643401943,21786900,MSFT
2018-07-17,97.89104461669922,98.39921238290734,96.38503103996091,96.65297340313661,25901700,MSFT
2018-07-18,97.12418365478516,97.98344467151716,96.75460773539221,97.88181111745725,29493900,MSFT
2018-07-19,96.45893859863281,97.29971685688679,95.98772917310774,96.94862364616488,40171600,MSFT
2018-07-20,98.18669128417969,99.9698883306532,98.01114820954078,99.8590205043704,56004000,MSFT
2018-07-23,99.75740051269531,99.9144679873102,98.05735410504354,98.21442862873279,29707000,MSFT
2018-07-24,99.4709701538086,100.5427324315701,99.101394280794,100.31174839207016,26316600,MSFT
2018-07-25,102.39984893798828,102.6955082348288,99.41553196284845,99.74814955292823,30702100,MSFT
2018-07-26,101.28189849853516,102.55692803919345,101.17102360623137,102.31670263040584,31372100,MSFT
2018-07-27,99.4894790649414,101.7993202328226,98.0666160596375,101.7993202328226,37005300,MSFT
2018-07-30,97.35514831542969,99.35084660378827,96.79154673675168,99.03671171682569,34668300,MSFT
2018-07-31,98.01115417480469,98.60247278121379,97.36439460280648,98.38996435278216,27655200,MSFT
2018-08-01,98.19593811035156,98.35300557241743,97.40135241521702,97.9649540605816,23628700,MSFT
2018-08-02,99.3878173828125,99.86826110826921,96.86546843921167,97.38287750786564,26104300,MSFT
2018-08-03,99.82203674316406,99.83127807602085,98.69483380307014,99.60029409810231,18659600,MSFT
2018-08-06,99.90522003173828,100.17316237901555,99.37857667304128,99.89598574495463,20265900,MSFT
2018-08-07,100.59817504882812,100.80144214902595,99.9421811657823,100.3025157346515,16080200,MSFT
2018-08-08,101.1617660522461,101.4019914225229,100.48729661714455,101.01393993528036,15487500,MSFT
2018-08-09,101.32809448242188,101.78082835437606,101.26341922201053,101.36505278109618,13677200,MSFT
2018-08-10,100.70906829833984,101.34658667446465,100.13622518870051,101.09711989725261,18183700,MSFT
2018-08-13,99.97914123535156,101.2449364414528,99.87750768344912,100.9307944494614,18472500,MSFT
2018-08-14,101.22645568847656,101.40200583583237,99.82207565685319,100.30251941662388,16788300,MSFT
2018-08-15,99.85375213623047,101.08731062441338,99.07465548854698,100.6235648100921,29982800,MSFT
2018-08-16,99.835205078125,100.96674607362014,99.5198612996821,100.4473529909142,21384300,MSFT
2018-08-17,99.77954864501953,100.076345675812,98.95408168199677,99.57549935956233,18061500,MSFT
2018-08-20,99.12103271484375,100.07634795836469,98.7593115464465,99.71462678996744,17914200,MSFT
2018-08-21,98.29557800292969,99.56623716163527,98.1749995476128,99.16741542923414,22881900,MSFT
2018-08-22,99.2972640991211,99.55696065590512,98.11007579599384,98.17499993518985,18000600,MSFT
2018-08-23,99.7610092163086,100.33605664211588,99.1210447279977,99.38074128281376,18167700,MSFT
2018-08-24,100.54010009765625,100.6884950876742,99.76100340241206,99.8630280538869,17234000,MSFT
2018-08-27,101.65309143066406,101.69019194872996,100.64212884911944,101.34701746377063,19662300,MSFT
2018-08-28,102.26525115966797,102.48784721753718,101.829328867365,101.96845405710867,19151500,MSFT
2018-08-29,103.89763641357422,103.9069133136329,102.2745256371733,102.4414744572226,20818000,MSFT
2018-08-30,103.83269500732422,104.44484293782575,103.35967932597329,103.572998458457,22798700,MSFT
2018-08-31,104.18512725830078,104.60249562431373,103.43385429279894,103.59153323382954,23222700,MSFT
2018-09-04,103.61009979248047,103.84197272382418,102.22813910300803,102.81245634256207,22634600,MSFT
2018-09-05,100.62358093261719,103.34113212301044,100.26185970558538,102.96086417396192,32872400,MSFT
2018-09-06,100.85546875,101.08734172850684,99.71465765841931,100.40099969346308,23477600,MSFT
2018-09-07,100.3638916015625,100.83691442339288,99.45495355701134,100.3824454011173,22498600,MSFT
2018-09-10,101.44904327392578,101.69019310599833,100.50300481918016,100.9481968886368,20727900,MSFT
2018-09-11,103.1741714477539,103.49879211719734,100.99456743726249,101.0038443353037,24301800,MSFT
2018-09-12,103.61009979248047,103.73994806793692,102.49711255251077,103.35040324156756,18891100,MSFT
2018-09-13,104.72309875488281,105.48364172038507,103.9903794101842,103.9903794101842,26055600,MSFT
2018-09-14,105.14974975585938,105.48364737580597,104.28718208369749,105.14047285636059,19122300,MSFT
2018-09-17,104.00891876220703,105.45580355107921,103.74922221817357,105.44653372893525,20736500,MSFT
2018-09-18,105.00135040283203,105.45581942329297,103.61938954196852,104.05531183914992,22170900,MSFT
2018-09-19,103.60081481933594,105.10335384476876,102.9886740079224,104.85293421196316,21728400,MSFT
2018-09-20,105.33523559570312,105.54856180733915,103.81414972311683,104.13877041369311,23714500,MSFT
2018-09-21,105.97520446777344,106.93051979419361,105.27958568723056,105.73405464251586,71229700,MSFT
2018-09-24,106.3554916381836,106.56881788302285,104.08313937426847,104.83440552884748,27334500,MSFT
2018-09-25,106.15141296386719,106.75428393145593,105.50217166104822,106.47604069147616,22668000,MSFT
2018-09-26,105.71551513671875,106.71720087115094,105.49291201688881,106.16998412302043,19352000,MSFT
2018-09-27,106.11431884765625,106.57806465419013,105.91953938185652,106.45748621572368,19091300,MSFT
2018-09-28,106.0772476196289,106.26274316297399,105.43727596554598,105.91029880013777,21647800,MSFT
2018-10-01,107.2273178100586,107.29224194710467,106.41112764773645,106.42967436852095,18883100,MSFT
2018-10-02,106.80069732666016,107.44066194757306,106.14217890444435,106.93982253162449,20787200,MSFT
2018-10-03,106.81922149658203,107.75599013092516,106.59662546136201,107.05109443049466,16648000,MSFT
2018-10-04,104.6117935180664,106.43895336608236,103.53589971014215,106.29982819075417,34821700,MSFT
2018-10-05,103.99964141845703,104.96423363230741,102.61768077151183,104.46338726687355,29068900,MSFT
2018-10-08,102.81243133544922,103.90687158823837,101.41191718944478,103.5637042620866,29640600,MSFT
2018-10-09,104.12022399902344,104.88076693755482,102.7660869170627,103.08143070992189,26198600,MSFT
2018-10-10,98.4625244140625,103.41532680340741,98.11934993015274,103.17417697481676,61376300,MSFT
2018-10-11,98.23062896728516,101.0316502067324,96.64461226222153,97.71122891120989,63904300,MSFT
2018-10-12,101.6252670288086,103.1741764960841,99.35291515531817,101.10587393228512,47742100,MSFT
2018-10-15,99.7981185913086,101.541807744727,99.19524749201396,101.01313768945039,32068100,MSFT
2018-10-16,102.95157623291016,103.33185121737345,101.05021546299355,101.59743923250416,31610200,MSFT
2018-10-17,102.6825942993164,103.70283364519393,101.60670772176174,103.58226228449364,26548200,MSFT
2018-10-18,100.63286590576172,102.51567323245152,100.0114480634338,102.11685145318708,32506200,MSFT
2018-10-19,100.78126525878906,102.8217444465018,100.36388969116528,101.03168493840248,32785500,MSFT
2018-10-22,101.68091583251953,102.52493670356213,100.39170289366133,101.39339566054694,26545600,MSFT
2018-10-23,100.26185607910156,101.0687764435557,97.4886577467644,99.95578210539132,43770400,MSFT
2018-10-24,94.90095520019531,100.62357757668839,94.22388311185507,100.54938361489532,63897800,MSFT
2018-10-25,100.44735717773438,101.3470182117209,98.45324854322749,98.82424665042417,61646800,MSFT
2018-10-26,99.20451354980469,100.8647245782131,97.16403459571404,98.02660217860333,55523100,MSFT
2018-10-29,96.31999969482422,100.81833246719931,94.26096724376531,100.27111582858055,55162000,MSFT
2018-10-30,96.20870208740234,96.8115659370285,92.85118011178767,96.14377796161803,65350900,MSFT
2018-10-31,99.06536865234375,100.29893409297065,97.74833237008889,97.7947097773481,51062400,MSFT
2018-11-01,98.23992919921875,99.53841912707702,97.8782079653712,99.28799945602904,33384200,MSFT
2018-11-02,98.4625244140625,99.5384111298819,97.36808390116677,98.75932148148168,37680200,MSFT
2018-11-05,99.71466064453125,99.92797982847276,98.22139805213295,98.65732039697248,27922100,MSFT
2018-11-06,99.90941619873047,100.94820246901995,98.57382576412886,99.5940653122492,24340200,MSFT
2018-11-07,103.84197998046875,104.10167654952967,101.46760326196797,101.50470378271963,37901700,MSFT
2018-11-08,103.64720916748047,104.07385454846649,102.8681194481671,103.69358658819236,25644100,MSFT
2018-11-09,101.6252670288086,103.36894890728041,100.87400100330854,102.81245529297665,32039200,MSFT
2018-11-12,99.12103271484375,101.98697844540658,98.40686019945463,101.48613211773356,33621800,MSFT
2018-11-13,99.18595886230469,100.85543957895871,98.90770853809583,99.75172933231623,35374600,MSFT
2018-11-14,97.77941131591797,100.84404262970372,97.31366200573966,100.69499943919682,39495100,MSFT
2018-11-15,99.9311752319336,100.41555851552734,96.79202929216486,97.79804244506956,38505200,MSFT
2018-11-16,100.8719711303711,101.42155182165904,99.48404038674023,99.7448588237426,33502100,MSFT
2018-11-19,97.45338439941406,101.12348398712622,96.4566811989798,100.8533485450012,44773900,MSFT
2018-11-20,94.74272155761719,95.91641178109012,92.54438429761342,94.8265601269647,64052500,MSFT
2018-11-21,96.04682159423828,97.27639946682828,95.23641525059722,96.50325392014697,28130600,MSFT
2018-11-23,96.00955963134766,96.69886659980608,95.01285642178213,95.17120947686023,13823100,MSFT
2018-11-26,99.17666625976562,99.32570235404117,97.4161343113366,97.61174818263194,32336200,MSFT
2018-11-27,99.80075073242188,99.97773772515438,98.14268450609534,98.99034446265533,29124500,MSFT
2018-11-28,103.50811767578125,103.7037315113656,100.47143052315587,100.49937434155798,46788500,MSFT
2018-11-29,102.64183044433594,103.5081244049681,101.56128868407642,102.7722396765369,28123200,MSFT
2018-11-30,103.29386138916016,103.36838296994586,101.86866991378687,103.11687441148639,33665600,MSFT
2018-12-03,104.41165161132812,105.65054618143677,103.14482033324077,105.2593185614347,34732800,MSFT
2018-12-04,101.08621215820312,104.92398846318406,100.79744990289637,104.27194236837224,45197000,MSFT
2018-12-06,101.7103500366211,101.75692070971479,97.80736802873611,98.57119671383252,49107400,MSFT
2018-12-07,97.6396713256836,101.95250677100626,97.15529523841703,100.95580367211875,45044900,MSFT
2018-12-10,100.21994018554688,100.58323121120763,96.773397891085,97.6210651063418,40801500,MSFT
2018-12-11,101.15140533447266,103.34974207245794,100.08018788647213,102.27852462445743,42381900,MSFT
2018-12-12,101.60785675048828,103.6478336060795,101.57059595816554,103.2938667391677,36183000,MSFT
2018-12-13,101.95250701904297,103.27524027769063,101.18867854053042,102.07360637123134,31333400,MSFT
2018-12-14,98.76678466796875,101.77552794537948,98.27309160080141,100.83471247191235,47043100,MSFT
2018-12-17,95.84188842773438,98.55255270961447,94.74271981791584,98.18926883157675,56957300,MSFT
2018-12-18,96.847900390625,97.35091043452047,95.49722329865486,96.6429695831006,49319200,MSFT
2018-12-19,96.58706665039062,99.55854156858523,94.40735680538346,96.54980586339914,68198200,MSFT
2018-12-20,94.55642700195312,97.16461887653492,92.01343263979614,95.99093573101983,70334200,MSFT
2018-12-21,91.50112915039062,95.944375245967,90.78387110322568,94.66821934687891,111242100,MSFT
2018-12-24,87.68196868896484,91.25892733604238,87.54224957158644,90.98879186449251,43935200,MSFT
2018-12-26,93.67147064208984,93.7925699744223,87.52358302956038,88.62275135322234,51634800,MSFT
2018-12-27,94.24903106689453,94.2583480430309,89.79646878096001,92.49781621209479,49498500,MSFT
2018-12-28,93.51314544677734,95.3947766299849,92.70273909280928,95.09669025050847,38196300,MSFT
2018-12-31,94.6123275756836,95.38547324235789,93.55973654859658,94.35150906325647,33173800,MSFT
2019-01-02,94.19314575195312,94.77998734118098,92.16247841703095,92.73069316029616,35329300,MSFT
2019-01-03,90.72795104980469,93.32683259525948,90.5416470945143,93.2429940386865,42579100,MSFT
2019-01-04,94.94766235351562,95.48793330274081,92.15316626592872,92.88905108847246,44060600,MSFT
2019-01-07,95.0687255859375,96.19583781083173,94.06271270284795,94.6774979588044,35656100,MSFT
2019-01-08,95.758056640625,96.84790827102704,94.7427194953017,95.98161430940154,31514400,MSFT
2019-01-09,97.12736511230469,97.69557988076929,96.16792260033787,96.74545434558233,32280800,MSFT
2019-01-10,96.50325012207031,96.64297632847756,95.3668207332209,96.14928322503938,30067600,MSFT
2019-01-11,95.758056640625,96.35421516187587,94.67751487912646,96.12134051742568,28314200,MSFT
2019-01-14,95.05941772460938,95.82324615374536,94.32353311131985,94.91969153860799,28437100,MSFT
2019-01-15,97.81666564941406,97.85392644457843,94.90107061203932,95.48791925241571,31587600,MSFT
2019-01-16,98.16132354736328,98.98104689407475,97.7700958264895,98.04954825955396,29853900,MSFT
2019-01-17,98.85064697265625,99.32570620417194,97.58380814173859,97.80736584520311,28393000,MSFT
2019-01-18,100.33170318603516,100.50869017626661,98.65501014000569,100.09882855963359,37427600,MSFT
2019-01-22,98.4407730102539,99.76349932573893,97.67694443726407,99.43747623484761,32371300,MSFT
2019-01-23,99.40019226074219,99.70758843480893,98.12403690907549,98.85061162235198,25874300,MSFT
2019-01-24,98.9251480102539,99.67034972944384,98.12405864949432,99.53994049460114,23164800,MSFT
2019-01-25,99.82869720458984,100.49006031768445,98.92514248028162,99.89390181836622,31225600,MSFT
2019-01-28,97.88187408447266,99.18597353904319,97.49064638013259,98.98104271102594,29476700,MSFT
2019-01-29,95.88846588134766,97.77940685736505,95.17120799658717,97.69556828983518,31490500,MSFT
2019-01-30,99.0927963256836,99.0927963256836,97.18322888724016,97.45336427357746,49471900,MSFT
2019-01-31,97.2763900756836,98.01227475436224,96.11201693349011,96.68954857045516,55636400,MSFT
2019-02-01,95.73941802978516,96.96899580836966,95.33887337655393,96.67091656225128,35535700,MSFT
2019-02-04,98.49665832519531,98.5525530728634,95.73010639242624,95.823261936283,31315100,MSFT
2019-02-05,99.87529754638672,99.92186822002634,98.70160712638696,98.79475558043772,27325400,MSFT
2019-02-06,98.76678466796875,99.6703393486801,98.30103541867585,99.6703393486801,20609800,MSFT
2019-02-07,98.058837890625,98.35691710788015,97.14597339699259,97.98432341638805,29760700,MSFT
2019-02-08,98.43144989013672,98.53391529898809,97.11804063259544,97.23913288543345,21461100,MSFT
2019-02-11,98.04022979736328,99.27912466812353,97.77941132073386,98.92515064403747,18914100,MSFT
2019-02-12,99.56787109375,99.8007457117271,98.25446194387918,98.86924723981868,25056600,MSFT
2019-02-13,99.49333190917969,100.39688640416769,99.40018349982144,100.13606801525737,18394900,MSFT
2019-02-14,99.57717895507812,99.9404627573332,98.42212294551763,99.02759121143028,21784700,MSFT
2019-02-15,100.8067626953125,100.88128427641905,100.00567346533983,100.518000451986,26606900,MSFT
2019-02-19,100.76019287109375,101.21663226126545,100.39690901803118,100.40622599309603,18038500,MSFT
2019-02-20,100.23632049560547,100.97534787622101,99.4318100375744,100.90050803428319,21607700,MSFT
2019-02-21,102.35052490234375,102.41600799592256,99.97441286272145,100.00247602609495,29063200,MSFT
2019-02-22,103.80985260009766,104.02500824857779,102.73405294633407,102.94921573193517,27763200,MSFT
2019-02-25,104.38983917236328,104.9417741242156,104.08113729253878,104.54887563198757,23750600,MSFT
2019-02-26,105.11017608642578,105.93339311882059,103.99695638653229,104.08115301165182,21536700,MSFT
2019-02-27,104.93242645263672,105.11016932090934,103.7256605758242,104.48340160464026,21487100,MSFT
2019-02-28,104.80145263671875,105.59660639729655,104.52081391146109,104.81080940203023,29083900,MSFT
2019-03-01,105.26919555664062,105.72757715712973,104.46468499579466,105.60596775127947,23501200,MSFT
2019-03-04,105.01663970947266,105.94275985016593,103.65084428000026,105.72759702095314,26608000,MSFT
2019-03-05,104.4927749633789,105.13825635822133,104.05310678152931,105.00729015305373,19538300,MSFT
2019-03-06,104.5395278930664,105.39081517018386,104.24017561545702,104.6517876735904,17687000,MSFT
2019-03-07,103.26728057861328,104.35243706298319,102.78083579614767,104.21211411936689,25339000,MSFT
2019-03-08,103.37954711914062,103.56663963144553,101.77988258643158,102.1166548182779,22818400,MSFT
2019-03-11,105.54985046386719,105.66210311360568,103.81921978822255,103.82856941761963,26491600,MSFT
2019-03-12,106.28886413574219,106.63498594344311,105.38145060408814,105.54047992855185,26132700,MSFT
2019-03-13,107.11207580566406,107.57981412795954,106.43853147961931,106.76594687780207,35513800,MSFT
2019-03-14,107.19628143310547,107.76692284327532,106.95306260758369,107.14951187609965,30763400,MSFT
2019-03-15,108.43110656738281,109.68464190620723,107.19627048490517,107.89787800242888,54681100,MSFT
2019-03-18,109.98399353027344,110.02141345411441,108.5620721099197,108.67432474432194,31207600,MSFT
2019-03-19,110.05884552001953,110.79787303888932,109.44142741420875,110.47045045343856,37588700,MSFT
2019-03-20,109.93721008300781,111.08784947474227,109.17947629889015,109.81560069084085,28113300,MSFT
2019-03-21,112.4630126953125,113.02429730126065,109.53496598679597,109.58174267775873,29854400,MSFT
2019-03-22,109.4975814819336,111.87368668962769,109.48822471389998,111.78949718869366,33624500,MSFT
2019-03-25,110.06819915771484,110.39561459673766,108.81465658630007,109.0391690106127,27067100,MSFT
2019-03-26,110.30207824707031,111.0504554409824,109.31046793788197,110.96626595073009,26097700,MSFT
2019-03-27,109.23561096191406,110.58269969185966,108.06626508859208,110.27399066839367,22733400,MSFT
2019-03-28,109.3852767944336,109.99333799891066,108.63689267552031,109.86237184866881,18334800,MSFT
2019-03-29,110.33011627197266,110.68559482280162,109.41334603219651,110.45172566478038,25399800,MSFT
2019-04-01,111.34041595458984,111.42461255547822,110.47977924061797,111.27493288150762,22789100,MSFT
2019-04-02,111.49949645996094,111.7707856234134,110.87272149889093,111.37787989251389,18142300,MSFT
2019-04-03,112.22915649414062,112.65947497970495,111.4620657786352,112.12625347181852,22860700,MSFT
2019-04-04,111.65853881835938,112.47240640343448,110.74176818906363,112.35078982183371,20112800,MSFT
2019-04-05,112.15431213378906,112.47237795468953,111.66786734179729,111.68657373732248,15826200,MSFT
2019-04-08,112.19171905517578,112.27590853096105,110.98495327574204,112.07945928367472,15116200,MSFT
2019-04-09,111.58366394042969,111.82688989021038,110.92883308000602,110.9756026345385,17612000,MSFT
2019-04-10,112.4349594116211,112.58463198903105,111.82689806129942,112.03270410021952,16477200,MSFT
2019-04-11,112.5658950805664,113.0523397466925,112.18234626888724,112.7623442997973,14209100,MSFT
2019-04-12,113.14593505859375,113.17400536247803,112.60336384791829,112.85593948589457,19745100,MSFT
2019-04-15,113.23944854736328,113.7352500177085,112.7904166260935,113.13654554742897,15792600,MSFT
2019-04-16,112.97752380371094,113.80074791035034,112.35075609497136,113.7913911444691,14071800,MSFT
2019-04-17,113.91301727294922,113.98785713674188,112.76238469990653,113.41721566528675,19300900,MSFT
2019-04-18,115.40977478027344,115.55009058984051,113.47333809991099,114.3059118765761,27991000,MSFT
2019-04-22,115.77458953857422,115.99910193101476,114.66137006680938,114.70814675308128,15648700,MSFT
2019-04-23,117.34619903564453,117.47716520212103,115.84008098404394,116.09265655164269,24025500,MSFT
2019-04-24,116.94395446777344,117.72975153850965,116.48556570605587,117.67362521549177,31257000,MSFT
2019-04-25,120.81684112548828,122.89360107481555,120.51749592721113,121.66812856694803,38033900,MSFT
2019-04-26,121.50909423828125,122.09844925434065,120.69523390124283,121.33135134300971,23654900,MSFT
2019-04-29,121.39683532714844,121.78036998882123,121.0039367614205,121.51843761166928,16324200,MSFT
2019-04-30,122.17327117919922,122.26681029112339,121.0413380132484,121.43423654151226,24166500,MSFT
2019-05-01,119.62877655029297,122.22004427453118,119.46039043245324,122.10779162071931,26821700,MSFT
2019-05-02,118.06652069091797,119.74102494306064,117.42103944445549,119.72231854824663,27350200,MSFT
2019-05-03,120.58292388916016,121.07872532819378,119.03939326186523,119.14229625530086,24911100,MSFT
2019-05-06,119.88133239746094,120.26488126708642,117.9729662260117,118.23489855789215,24239800,MSFT
2019-05-07,117.4210433959961,118.9739382913038,116.20492785276527,118.30039386139306,36017700,MSFT
2019-05-08,117.41168975830078,118.216200340214,116.70072542465444,117.34620667080186,28419000,MSFT
2019-05-09,117.40233612060547,117.67362524379291,115.59686564617424,116.27041007103666,27235800,MSFT
2019-05-10,118.92716217041016,119.67554645994625,115.8307362682696,116.8504096843345,30915100,MSFT
2019-05-13,115.39105987548828,117.44911308249895,115.10106435633591,116.1020242297008,33944900,MSFT
2019-05-14,116.68199157714844,117.75778388478894,115.71844474904954,115.8774811845188,25266300,MSFT
2019-05-15,118.3251724243164,118.97304307998576,116.14683270659717,116.67264378573014,24722700,MSFT
2019-05-16,121.05747985839844,121.48001415439977,118.73830498508457,119.01059833794817,30112200,MSFT
2019-05-17,120.24998474121094,122.49404950033257,120.1091352245321,120.47532104457021,25770500,MSFT
2019-05-20,118.51293182373047,119.79927421282763,118.08102056077807,118.79460934467902,23706900,MSFT
2019-05-21,119.15142822265625,119.74295754983119,118.85096785850611,119.64906502919804,15293300,MSFT
2019-05-22,119.87440490722656,120.40960730217815,118.79462304356026,118.88852272491032,15396500,MSFT
2019-05-23,118.47538757324219,118.5786714923512,117.12331238748058,118.49416321147112,23603800,MSFT
2019-05-24,118.53173065185547,119.63967964353034,118.2782201170455,119.1608256151626,14123400,MSFT
2019-05-28,118.45661926269531,120.18426462822669,118.35333533719721,119.22654942142827,23128400,MSFT
2019-05-29,117.31111907958984,117.7336390455667,116.4660719840953,117.72424764352209,22763100,MSFT
2019-05-30,118.0528564453125,118.08102348175021,117.16085969806234,117.61155377168357,16829600,MSFT
2019-05-31,116.12804412841797,117.0106496000148,115.7900253164677,116.64446374765873,26646800,MSFT
2019-06-03,112.52251434326172,116.77591660188547,111.74319994644043,116.28766401514834,37983600,MSFT
2019-06-04,115.6397933959961,115.75246155243883,113.28305322202273,113.87458253396697,29382600,MSFT
2019-06-05,118.14676666259766,118.184325104657,116.62568199512563,117.3204952643727,24926100,MSFT
2019-06-06,120.01525115966797,120.15609352272283,117.9308042443685,118.71951717935161,21459000,MSFT
2019-06-07,123.37665557861328,124.17475995566357,120.42838585860932,121.3016071216122,33885600,MSFT
2019-06-10,124.50338745117188,125.89301394446198,123.94001800214821,124.31558808344383,26477100,MSFT
2019-06-11,124.03394317626953,126.0432736110078,123.26400572617908,125.70525473754327,23913700,MSFT
2019-06-12,123.46118927001953,123.91187632523896,122.72881743263177,123.3766738064108,17092500,MSFT
2019-06-13,124.24051666259766,124.87898882621265,123.52691327139995,123.92126625370635,17200800,MSFT
2019-06-14,124.36255645751953,125.62073217713781,123.60201761696047,124.18415562784126,17821700,MSFT
2019-06-17,124.73814392089844,125.56440110815669,124.43767634219891,124.53157604231319,14517800,MSFT
2019-06-18,126.90704345703125,126.98216032278452,125.41413335876248,125.99627115950389,25934500,MSFT
2019-06-19,127.40470886230469,127.63004518325837,125.63949793707187,126.75683828540198,23744400,MSFT
2019-06-20,128.5877685546875,129.25442193934973,127.4328769193425,129.0572383298613,33042600,MSFT
2019-06-21,128.60655212402344,129.320141028793,128.12769810824025,128.2403662702879,36727900,MSFT
2019-06-24,129.36709594726562,129.94923391012415,128.63472421106255,128.63472421106255,20628800,MSFT
2019-06-25,125.2827377319336,129.18873095963562,124.6254827001292,128.8694948480571,33327400,MSFT
2019-06-26,125.75215148925781,127.45164389914713,125.44231408393948,126.14651865927503,23657700,MSFT
2019-06-27,125.958740234375,126.48455843938419,125.35781947001708,125.9493559962267,16557500,MSFT
2019-06-28,125.78034210205078,126.38126281077415,125.02918763437661,126.35309577185585,30043000,MSFT
2019-07-01,127.39533233642578,128.35305484740238,126.72869316883798,128.28733651811535,22613500,MSFT
2019-07-02,128.24032592773438,128.24971016259266,127.07603608688167,127.80840756395924,15237800,MSFT
2019-07-03,129.06666564941406,129.3295676359168,127.96809352292598,128.44696196962175,13629300,MSFT
2019-07-05,128.6910400390625,128.94455770473394,127.43286460171099,127.6394324289871,18141100,MSFT
2019-07-08,128.59718322753906,128.72863420796998,127.10425826690216,128.07136497873304,16779700,MSFT
2019-07-09,128.127685546875,128.60653951571237,127.50798206220603,127.69576708956896,19953100,MSFT
2019-07-10,129.4328155517578,130.11823737383,128.65349404903804,128.7567779669185,24204400,MSFT
2019-07-11,129.94920349121094,130.71914065406145,129.4515667696916,129.76141848202818,22327900,MSFT
2019-07-12,130.4186553955078,130.63462173734555,129.58300004056753,130.37171989492003,18936800,MSFT
2019-07-15,130.4186553955078,131.0195759392056,130.00553416246476,130.92569061095412,16651500,MSFT
2019-07-16,128.70982360839844,130.55953550100205,128.18401980022102,130.47503438763337,22726100,MSFT
2019-07-17,127.94928741455078,129.50791606841497,127.90233757496486,129.29196399881513,20211000,MSFT
2019-07-18,128.09011840820312,128.27790343331282,126.44697436610488,127.27324566908243,30381800,MSFT
2019-07-19,128.27792358398438,132.08063182989423,128.1183055712134,131.65811187525563,48992400,MSFT
2019-07-22,129.97738647460938,130.69098965497278,128.94456163383649,129.0196785121421,25074900,MSFT
2019-07-23,130.78485107421875,131.4421200573441,129.60179269333162,131.22615369908203,18034600,MSFT
2019-07-24,132.1275634765625,132.14634627756064,130.3717512508396,130.41868676271594,20738300,MSFT
2019-07-25,131.6299285888672,132.02428145300124,130.81305582223808,131.85526489575548,18356900,MSFT
2019-07-26,132.709716796875,133.02895281557116,131.73322593760406,131.79894425812105,19037600,MSFT
2019-07-29,132.41864013671875,132.8693270973818,130.85999708587045,132.85994285987556,16605900,MSFT
2019-07-30,131.78016662597656,132.59703941914336,131.26374702744815,131.5829830239639,16846500,MSFT
2019-07-31,127.94928741455078,131.9116131806667,126.83194713697162,131.76137942482356,38598800,MSFT
2019-08-01,129.62997436523438,132.33412448643287,128.56896823324885,128.6347008698151,40557500,MSFT
2019-08-02,128.54078674316406,129.87409318089007,127.00092683664633,129.6581268225238,30791600,MSFT
2019-08-05,124.13722229003906,125.75218537034483,122.79453108789382,125.16066311010421,42749600,MSFT
2019-08-06,126.46577453613281,127.39531555257098,125.07614796696842,125.63011888160464,32696700,MSFT
2019-08-07,127.01972961425781,127.3671326314653,123.78039132707562,125.62070465437274,33414500,MSFT
2019-08-08,130.40931701660156,130.50321670494685,127.63004957030374,128.25915169347147,27496500,MSFT
2019-08-09,129.3013916015625,130.86941917174013,128.12771698372748,130.1464315955706,23466700,MSFT
2019-08-12,127.4985580444336,129.44216922366957,126.98215290405041,128.7004134991923,20484300,MSFT
2019-08-13,130.13705444335938,130.3248395270228,126.75686562908375,127.7427552271711,25154600,MSFT
2019-08-14,126.21804809570312,128.9877255205743,125.92600982127516,128.46017065389253,32527300,MSFT
2019-08-15,125.93538665771484,126.78325475447438,124.58823906339246,126.60425989933222,28074400,MSFT
2019-08-16,128.2434539794922,128.55433749610148,126.9151374198307,127.0658714354207,24449100,MSFT
2019-08-19,130.3914031982422,130.5232919084522,128.9594583625398,129.8638483574022,24355700,MSFT
2019-08-20,129.30796813964844,130.67397527772653,129.2891371703459,130.2029422990198,21170800,MSFT
2019-08-21,130.74935913085938,131.40881695837308,130.00513317166792,130.52327244694763,14970300,MSFT
2019-08-22,129.79786682128906,131.13559896566568,128.3941831496518,130.62688959377687,18697000,MSFT
2019-08-23,125.66223907470703,130.3348948385731,125.10642333736197,129.24209434241507,38508600,MSFT
2019-08-26,127.6028060913086,127.7064339013408,126.1426012680485,127.16946388556146,20312600,MSFT
2019-08-27,127.87602233886719,128.7992428374334,126.85858950635621,128.4883593851564,23102100,MSFT
2019-08-28,127.70648956298828,127.89489992477131,125.81294170866676,127.06589145796818,17393300,MSFT
2019-08-29,130.11819458007812,130.4196627002038,128.97830239098192,129.2986014875221,20168700,MSFT
2019-08-30,129.8732452392578,131.11676513239897,128.37536345044194,131.08850429674501,23940100,MSFT
2019-09-03,128.15867614746094,129.2514763606266,127.8383770978469,128.69566076721597,18869300,MSFT
2019-09-04,129.65652465820312,129.7130463079834,128.5731403298742,129.3456412096279,17995900,MSFT
2019-09-05,131.93637084960938,132.24725441272497,130.72109743244937,131.05082634402962,26101800,MSFT
2019-09-06,131.0414276123047,132.05884656285806,130.19355932045568,131.91754236827867,20824500,MSFT
2019-09-09,129.55296325683594,131.6537671077461,128.55437526603893,131.50303304786965,25773900,MSFT
2019-09-10,128.19635009765625,128.95942129990866,126.71729949592779,128.87463880516665,28903400,MSFT
2019-09-11,128.23403930664062,128.3753578535384,127.26371232538827,128.03621346568784,24726100,MSFT
2019-09-12,129.55296325683594,130.40081718775647,128.94061152913451,129.86384686478445,27010000,MSFT
2019-09-13,129.36453247070312,130.06165223182276,128.65798284808366,129.79787485602796,23363100,MSFT
2019-09-16,128.431884765625,128.78044465424992,127.80070214645508,127.96085167297976,16731400,MSFT
2019-09-17,129.43043518066406,129.55290834925555,128.52604557949815,129.0253537380692,17814200,MSFT
2019-09-18,130.4949951171875,130.63629927677184,128.6202784762406,129.40219503377762,23982100,MSFT
2019-09-19,132.8972930908203,134.12196771878425,131.95522683866946,132.1718980517229,35772100,MSFT
2019-09-20,131.3616943359375,133.44365228863472,130.24063341919867,132.84073058233662,39167300,MSFT
2019-09-23,131.07908630371094,131.5407039018818,130.4196428597447,131.16386880905182,17139300,MSFT
2019-09-24,129.4210205078125,132.53925639866858,128.94998754847387,132.2283729205309,29773200,MSFT
2019-09-25,131.2863311767578,131.8515765819618,128.14924936492994,129.53408767037075,21382000,MSFT
2019-09-26,131.4558868408203,132.0588085219996,130.4196228378989,131.36168886316568,17456600,MSFT
2019-09-27,129.7508087158203,132.22844809037267,128.73337522027936,132.03060781007582,22477700,MSFT
2019-09-30,130.97543334960938,131.154428187552,129.79785086291952,130.05221270498467,17280900,MSFT
2019-10-01,129.12899780273438,132.12476088219773,129.0630462806495,131.56894537371167,21466600,MSFT
2019-10-02,126.84917449951172,128.46952908454108,125.84117140724922,128.35648577039947,30521700,MSFT
2019-10-03,128.38478088378906,128.82755314879915,125.50206060506926,127.13183110990826,24132900,MSFT
2019-10-04,130.11819458007812,130.24066780072806,128.51668472258618,128.8275683309191,22897700,MSFT
2019-10-07,129.17608642578125,130.17467409436307,129.08188844984676,129.19493177088276,15303700,MSFT
2019-10-08,127.8100814819336,129.77899580232818,127.76297531103535,129.13839787742444,25550500,MSFT
2019-10-09,130.2312774658203,130.66462000370925,129.03484899202502,129.49646674957916,19749900,MSFT
2019-10-10,131.0414276123047,131.57839792649725,130.24066551024578,130.4667665963637,17654600,MSFT
2019-10-11,131.58775329589844,132.8595479652303,131.4181883398725,132.00226457700762,25446000,MSFT
2019-10-14,131.46536254882812,132.16248245077912,131.43710170819725,131.59725126336954,13304300,MSFT
2019-10-15,133.3683319091797,133.57557326869113,131.7102860347615,131.94580260785128,19695700,MSFT
2019-10-16,132.2755126953125,132.82191279192958,131.44648987633644,132.6334880604977,20751600,MSFT
2019-10-17,131.5972137451172,133.22698404761675,130.9660311929906,132.78421183757777,21460600,MSFT
2019-10-18,129.44932556152344,131.88927367455307,128.6485635071548,131.66317260190084,32273500,MSFT
2019-10-21,130.41018676757812,130.4761382861038,129.07245480037724,130.42903211212632,20078200,MSFT
2019-10-22,128.46957397460938,131.89869465804213,128.36594610884117,130.91895205197162,27431000,MSFT
2019-10-23,129.28916931152344,129.48699516187958,127.75359681926605,128.95002490755215,29844600,MSFT
2019-10-24,131.832763671875,132.28495148242374,130.63633541553193,131.31462431875073,37029300,MSFT
2019-10-25,132.5769500732422,132.963200600433,131.13559017888338,131.26747884977937,25959700,MSFT
2019-10-28,135.8365478515625,137.23080200968738,135.1959352655322,136.03437373306028,35280100,MSFT
2019-10-29,134.55531311035156,136.1285618930684,134.38573372445262,135.73289582568952,20589500,MSFT
2019-10-30,136.23220825195312,136.59961353405308,134.51764068562605,135.20535943464697,18496600,MSFT
2019-10-31,135.06402587890625,136.53364684424642,134.70605049939348,136.5053860083583,24605100,MSFT
2019-11-01,135.39370727539062,136.05315050597082,134.68715787660093,135.9024165176141,33128400,MSFT
2019-11-04,136.1757049560547,136.59963197342742,135.80829962435925,136.4394824057441,16912000,MSFT
2019-11-05,136.0908660888672,136.61842076984976,135.57272689333539,136.57131459302198,18250200,MSFT
2019-11-06,135.7139892578125,136.14734582648038,134.90381214013283,136.00602733951405,16575800,MSFT
2019-11-07,135.90248107910156,136.48657196776443,135.4408777857995,135.50681495278928,17786700,MSFT
2019-11-08,137.50399780273438,137.53225864058572,135.43144052836647,135.63869625580327,16732700,MSFT
2019-11-11,137.64529418945312,137.93733241388952,136.34523822282443,136.919899184544,14362600,MSFT
2019-11-12,138.5496826171875,139.02071571611077,137.5981865574973,137.80544227100668,18641600,MSFT
2019-11-13,138.77574157714844,138.91706010346334,137.8054147372228,138.23877142655405,16919200,MSFT
2019-11-14,139.48233032226562,139.81205926830356,138.48374237112063,138.50258772155468,19729800,MSFT
2019-11-15,141.28164672851562,141.30049207446405,139.68013731779254,140.30188998621853,23485700,MSFT
2019-11-18,141.63021850585938,141.8280587180266,140.34900799432467,141.37587100065798,21534000,MSFT
2019-11-19,141.6773223876953,142.56286683531036,141.49832752597038,142.1389399587339,23935700,MSFT
2019-11-20,141.4315948486328,142.58482786555797,140.33509026875353,142.08383484945023,25696800,MSFT
2019-11-21,141.29917907714844,141.6016728790161,140.37281705040087,141.22355562668153,18576100,MSFT
2019-11-22,141.4031982421875,142.07434753406577,140.6753493765547,141.856939069247,15901800,MSFT
2019-11-25,142.95346069335938,143.06690312574474,141.7151568529082,141.79078033326374,22420900,MSFT
2019-11-26,143.70968627929688,144.07834174457025,143.03855130534757,143.07635583504282,24620100,MSFT
2019-11-27,143.9838104248047,144.15395242888414,143.2275900846994,143.99325795046357,15184400,MSFT
2019-11-29,143.09527587890625,143.96492436316433,143.00074291213022,143.7758728533179,11977300,MSFT
2019-12-02,141.3654022216797,143.52062079689225,140.20272193277103,143.5017113220351,27418400,MSFT
2019-12-03,141.13853454589844,141.25196254984613,138.62410801789912,139.41814731664337,24066000,MSFT
2019-12-04,141.64894104003906,141.9608679443768,141.03450590650155,141.92306343053838,17574700,MSFT
2019-12-05,141.72462463378906,142.0932945621003,141.29925511673795,141.83806708238717,17869100,MSFT
2019-12-06,143.44505310058594,143.55848114642959,142.04605431491555,142.72665143739493,16403500,MSFT
2019-12-09,143.0763397216797,143.87982651833465,142.65097029791653,142.80221724707323,16687400,MSFT
2019-12-10,142.85891723632812,143.57731853881157,142.50915689774277,143.0101497469499,16476100,MSFT
2019-12-11,143.39773559570312,143.55843007805365,142.10271778730538,143.24648863924253,18856600,MSFT
2019-12-12,144.85345458984375,145.04250606349174,142.75495005783458,143.35046147864057,24612100,MSFT
2019-12-13,146.07286071777344,146.413159167457,144.4659014257082,144.62659591254433,23845400,MSFT
2019-12-16,147.01808166503906,147.36782751973766,146.34694694798506,146.62106934853549,24144200,MSFT
2019-12-17,146.22410583496094,147.18828716752594,145.99723539679744,146.94250725358953,25425600,MSFT
2019-12-18,145.921630859375,146.97088333356496,145.74202687547765,145.8554693211372,24129200,MSFT
2019-12-19,147.18829345703125,147.2450074630696,145.33555419211962,145.57187216641574,24958900,MSFT
2019-12-20,148.79522705078125,149.81612225393488,147.73651290100972,148.73851305455636,53477500,MSFT
2019-12-23,148.79522705078125,149.4663619043782,148.66288958502255,149.4663619043782,17718200,MSFT
2019-12-24,148.76687622070312,149.07881763657534,148.5210963286024,148.86139474376276,8989200,MSFT
2019-12-26,149.98626708984375,150.04298108714522,148.7857679267206,148.93701486865942,14520600,MSFT
2019-12-27,150.26040649414062,150.81811337522475,149.5609001937233,150.7235804290026,18412800,MSFT
2019-12-30,148.9653778076172,150.31712396658284,148.15244349190644,150.28876696680132,16348400,MSFT
2019-12-31,149.06936645507812,149.13554240733214,147.8877766537162,148.1902705662426,18369400,MSFT
2020-01-02,151.8295135498047,151.9334939984884,149.66484802100678,150.09021733882216,22622100,MSFT
2020-01-03,149.9390411376953,151.19625463787472,149.40969112155793,149.65547107455467,21116200,MSFT
2020-01-06,150.32655334472656,150.39272928536337,147.9444646847199,148.4832764629302,20813700,MSFT
2020-01-07,148.95594787597656,150.93156268718585,148.71018237427404,150.60072617609066,21634100,MSFT
2020-01-08,151.32855224609375,151.9997015405678,149.3056712613287,150.23203354534573,27746500,MSFT
2020-01-09,153.21910095214844,153.34199090041147,152.21711516271918,152.98278300469048,21385000,MSFT
2020-01-10,152.51016235351562,154.28727811161113,152.35891539033636,153.9091751273673,20725900,MSFT
2020-01-13,154.34400939941406,154.37236640522238,152.43455594065338,152.90719193573332,21626500,MSFT
2020-01-14,153.25694274902344,154.64649364113086,152.86937779572435,154.44798018924195,23477400,MSFT
2020-01-15,154.2494659423828,154.96788183722586,153.67286391435027,153.7201159716805,21417900,MSFT
2020-01-16,157.07582092285156,157.14199687545099,155.0529397493098,155.35543366341506,23865400,MSFT
2020-01-17,157.95492553710938,158.30467149192543,156.37630891838617,158.25740501659007,34371700,MSFT
2020-01-21,157.38772583007812,158.98523718683614,157.32154989283947,157.55786779949122,29517200,MSFT
2020-01-22,156.63153076171875,158.3235753219564,156.61262128751815,158.2384898999051,24138800,MSFT
2020-01-23,157.595703125,157.6713265938342,156.22506200867213,157.09471026471257,19680800,MSFT
2020-01-24,156.00767517089844,158.36140750217533,155.44996818605821,158.34249802467247,24918100,MSFT
2020-01-27,153.39871215820312,154.43851694569852,151.4325450114777,152.33055036956728,32078100,MSFT
2020-01-28,156.4046630859375,156.68823305925625,154.1454642817214,154.81659911684454,24899900,MSFT
2020-01-29,158.84344482421875,159.5145940552649,156.62206505752158,158.65439337526382,34754500,MSFT
2020-01-30,163.32408142089844,164.52458079967926,161.4429851048328,164.52458079967926,51597500,MSFT
2020-01-31,160.91366577148438,162.9649045005347,160.29924467510017,162.78531491719556,36142700,MSFT
2020-02-03,164.83648681640625,164.9499148069927,161.07429499333622,161.10265199098285,30107000,MSFT
2020-02-04,170.26234436035156,170.75388971293165,166.6608612717509,167.44543856138947,36433300,MSFT
2020-02-05,170.0543670654297,174.11903811687424,168.64592151325192,173.95834366438353,39186300,MSFT
2020-02-06,173.58029174804688,173.7598957252574,170.2056639835047,171.06586491451017,27751400,MSFT
2020-02-07,173.82603454589844,175.47081270658518,172.4931978169128,172.8429581987189,33529100,MSFT
2020-02-10,178.37278747558594,178.50512495189932,173.22105900121804,173.53300042903595,35844300,MSFT
2020-02-11,174.34597778320312,180.26337557524943,173.4574197556807,180.21610908839483,53159900,MSFT
2020-02-12,174.60113525390625,175.67874437299267,171.89765772024018,175.4235169852956,47062900,MSFT
2020-02-13,173.65589904785156,176.03797374039397,172.86185972663358,173.06037316286404,35295800,MSFT
2020-02-14,175.20614624023438,175.26286024443658,172.65390066150297,173.22106955093307,23149500,MSFT
2020-02-18,176.98324584960938,177.42752477655208,175.34792957469273,175.4519100559709,27792200,MSFT
2020-02-19,177.51405334472656,178.36711595467847,176.7462941031497,178.25337813017842,29997500,MSFT
2020-02-20,174.80319213867188,177.48562006806304,171.6563251140853,177.20126104182248,36862400,MSFT
2020-02-21,169.27716064453125,173.93112500826635,168.00704036902022,173.6183316037425,48572600,MSFT
2020-02-24,161.97872924804688,165.44787749750017,154.7181659403322,159.0214301307952,68311100,MSFT
2020-02-25,159.30581665039062,165.72277733069018,158.90770527302703,165.11615139518335,68073300,MSFT
2020-02-26,161.2962646484375,164.22512915124068,159.43847946980046,160.86026003967774,56206100,MSFT
2020-02-27,149.93148803710938,158.31999888346724,149.74192019388477,154.80346983288783,93174900,MSFT
2020-02-28,153.5617218017578,155.17308412783152,144.07371461815777,144.4623379774153,97012700,MSFT
2020-03-02,163.77963256835938,163.9028581761286,153.84612995671205,156.68969102388243,71030800,MSFT
2020-03-03,155.931396484375,165.8743863348176,153.79872580292735,164.7369648639986,71677000,MSFT
2020-03-04,161.6564178466797,161.79859008690633,156.98349255557616,159.70384194438486,49814400,MSFT
2020-03-05,157.599609375,161.95972690449452,157.0498525958926,157.39108044281798,47817300,MSFT
2020-03-06,153.14471435546875,154.60440254772644,147.86516281770332,154.13047574382352,72821100,MSFT
2020-03-09,142.76573181152344,149.5239338956656,142.17806709572008,143.1259208763582,70419300,MSFT
2020-03-10,152.5286102294922,152.63287471129829,144.6235141245197,149.91253931749316,65354400,MSFT
2020-03-11,145.61878967285156,149.47654727038636,143.26810174258725,148.93627810386312,56371600,MSFT
2020-03-12,131.8085479736328,145.46712479186598,131.3535821963336,137.72316093092766,93226400,MSFT
2020-03-13,150.54757690429688,153.46696749285394,133.39142234015029,139.80839474524316,92727400,MSFT
2020-03-16,128.3583526611328,141.56196287538836,127.9602558230332,132.6995245572196,87905900,MSFT
2020-03-17,138.92691040039062,139.8084073143908,127.96023720300174,132.69950524755737,81059800,MSFT
2020-03-18,133.07862854003906,138.3866140419556,127.97918643285101,130.8037858752731,81593200,MSFT
2020-03-19,135.26815795898438,142.32017473485695,131.75161566628813,135.3250268458963,85922700,MSFT
2020-03-20,130.18771362304688,139.4292873501573,128.77540638008531,138.38664247775617,84866200,MSFT
2020-03-23,128.88916015625,133.2398202414943,125.6095939935449,129.8654484471508,78975200,MSFT
2020-03-24,140.60462951660156,141.79893456349842,133.90331065731874,136.25398403659477,82516700,MSFT
2020-03-25,139.2586669921875,146.28226653788022,136.90799381312664,141.14490110421414,75638200,MSFT
2020-03-26,147.96942138671875,148.49074374282242,140.63302954842695,140.66146399847827,64568100,MSFT
2020-03-27,141.8937225341797,146.81308647128938,141.41979559554642,143.83682587519655,57042300,MSFT
2020-03-30,151.87460327148438,152.22531899610644,142.1875367282903,144.4908288761412,63420300,MSFT
2020-03-31,149.48597717285156,156.1872936874246,148.39593700408997,151.08783738874433,77927200,MSFT
2020-04-01,144.17803955078125,149.52393430986507,142.95531453413534,145.021628839362,57969900,MSFT
2020-04-02,147.16375732421875,147.37228629111345,142.5192800719628,143.94106059364518,49630700,MSFT
2020-04-03,145.80836486816406,149.17324905260475,144.25388507525574,147.01214335180788,41243300,MSFT
2020-04-06,156.6518096923828,157.81766587712184,149.36281127861645,151.9599360318996,67111700,MSFT
2020-04-07,154.96461486816406,161.13513757689245,154.74659809212773,160.74651406806288,62769000,MSFT
2020-04-08,156.51907348632812,157.97876170284414,154.97406745173703,157.03090807928612,48318200,MSFT
2020-04-09,156.52859497070312,158.64230515183712,154.81298169836325,157.6849779042444,51385100,MSFT
2020-04-13,156.8792724609375,156.9361558362128,153.83666995479288,155.7797730783277,41905300,MSFT
2020-04-14,164.64215087890625,164.68954644676208,159.23938879456708,160.18724229929663,52874300,MSFT
2020-04-15,162.91708374023438,164.51895866137778,160.41475077875486,162.27253576214963,40940800,MSFT
2020-04-16,167.8079833984375,168.03547345345189,163.8838703437965,165.21087397006804,50479600,MSFT
2020-04-17,169.28668212890625,170.61367156696483,166.69903103004185,170.13974470150103,52765600,MSFT
2020-04-20,165.9312286376953,169.42881030865183,165.86488641460832,167.41936555024498,36669600,MSFT
2020-04-21,159.06881713867188,164.6137526846759,157.4479809248554,164.4526192889561,56203700,MSFT
2020-04-22,164.47157287597656,164.92653858793065,161.91237085947336,162.45263993058774,34620200,MSFT
2020-04-23,162.48106384277344,165.93125039938644,161.99766370912621,165.0307923638797,32790800,MSFT
2020-04-24,165.44786071777344,165.45733404774205,161.8081061021307,163.08769987665707,34277600,MSFT
2020-04-27,164.9739227294922,167.67529682402676,164.26303252623075,167.38146452077441,33194400,MSFT
2020-04-28,160.95504760742188,166.50947132086196,160.55695075653242,166.4336412831067,34392700,MSFT
2020-04-29,168.17767333984375,168.41463676243595,162.9170969287767,164.18721740272696,51286600,MSFT
2020-04-30,169.8648681640625,170.99280191954153,167.0402537209176,170.613666224283,53875900,MSFT
2020-05-01,165.46681213378906,169.32456881719065,164.93600196160241,166.63266802790082,39370500,MSFT
2020-05-04,169.51412963867188,169.66578968159777,164.7369539912882,165.3909752711956,30372900,MSFT
2020-05-05,171.33401489257812,174.0733112718267,170.51886020205268,171.20131596449716,36839200,MSFT
2020-05-06,173.0211944580078,174.59463494769062,172.15865865064302,172.58518988955504,32139300,MSFT
2020-05-07,174.0259246826172,174.926382699325,173.05910997240878,174.56619370740268,28316000,MSFT
2020-05-08,175.04962158203125,175.35294172080944,173.79846216732196,175.33398059636073,30877800,MSFT
2020-05-11,177.00221252441406,177.73204949041116,173.31506205621085,173.5994066075862,30892700,MSFT
2020-05-12,172.99273681640625,177.28651200785853,172.79369568104167,177.05903642458475,32038200,MSFT
2020-05-13,170.37672424316406,174.45249856413267,167.3341071154464,173.0307178333135,44711500,MSFT
2020-05-14,171.11602783203125,171.2676878956432,166.51893158760433,168.28194005356912,41873900,MSFT
2020-05-15,173.60890197753906,177.30552593773953,167.7701192161601,169.72269569068143,46610400,MSFT
2020-05-18,175.2676239013672,176.49034876011717,174.3671658161669,176.06381750534854,35264500,MSFT
2020-05-19,174.05438232421875,176.8695090149878,173.92168338263468,175.38137174005942,26799100,MSFT
2020-05-20,176.46861267089844,176.64920874209136,174.83376282051205,175.66068745873378,31261300,MSFT
2020-05-21,174.3489990234375,177.4286028893225,174.21593052633386,176.2214721991391,29119500,MSFT
2020-05-22,174.425048828125,175.3280292137114,173.50306901585824,174.12089846406892,20826900,MSFT
2020-05-26,172.5811004638672,177.26702615062376,172.13436738782855,177.11494371976403,36073600,MSFT
2020-05-27,172.80921936035156,172.98031573057037,167.85715639177917,171.27892425897863,39517100,MSFT
2020-05-28,172.4195098876953,175.03336693369795,171.45001698942932,171.792195219223,33810200,MSFT
2020-05-29,174.17794799804688,175.14745550760477,171.47854971997998,173.68368727702386,42130400,MSFT
2020-06-01,173.77871704101562,173.94029918509904,172.47654567180405,173.50306582205417,22622400,MSFT
2020-06-02,175.7557373046875,175.84127822950188,172.3719831360549,175.12840818262552,30794600,MSFT
2020-06-03,176.1834716796875,176.7347596373877,174.49159444895008,175.67021158300358,27311000,MSFT
2020-06-04,173.86422729492188,176.63966590430434,173.27492610830765,175.1759126492581,28761800,MSFT
2020-06-05,177.93240356445312,178.43616402505074,172.99933933390125,173.57914102484705,39893600,MSFT
2020-06-08,179.03497314453125,179.21556924712382,175.309040013136,176.73478039775375,33211600,MSFT
2020-06-09,180.40367126464844,181.25910962308345,177.98940962513453,178.6927800443984,29783900,MSFT
2020-06-10,187.0951385498047,188.69197518428444,181.55375966025008,181.66782874345716,43872300,MSFT
2020-06-11,177.04843139648438,186.06860558677644,176.85833559384204,183.5688175004387,52854700,MSFT
2020-06-12,178.4456787109375,182.2286392845335,176.01240284356672,181.1070492631869,43373600,MSFT
2020-06-15,179.58624267578125,181.3731750815915,174.9003022190702,175.44209047106233,32770200,MSFT
2020-06-16,183.98704528808594,185.89753212160974,181.98150329725257,183.3407021258186,42556700,MSFT
2020-06-17,184.6238250732422,186.60085289114028,184.101050853999,185.37470840388107,25687800,MSFT
2020-06-18,186.60089111328125,186.76247326807626,184.39573922892131,184.39573922892131,23061600,MSFT
2020-06-19,185.48880004882812,189.423842544377,184.74741628179572,188.7584999974735,44441100,MSFT
2020-06-22,190.6405487060547,190.82113034547552,185.56490078406958,186.09717499230547,32818900,MSFT
2020-06-23,191.91416931152344,193.85316990489886,191.45792193382675,192.0852512006235,30917400,MSFT
2020-06-24,188.04562377929688,193.18779690970953,186.82899330343227,191.61948849260602,36740600,MSFT
2020-06-25,190.42185974121094,190.6784970410009,185.79296114833386,188.00761269061277,27803900,MSFT
2020-06-26,186.61036682128906,189.9941209296588,185.23215432254898,189.8420385082229,54675800,MSFT
2020-06-29,188.61595153808594,188.70149248092682,183.96803843310832,186.0876350915484,26701600,MSFT
2020-06-30,193.43492126464844,194.2808598745895,187.95058437366583,188.08365287961007,34310300,MSFT
2020-07-01,194.5659942626953,196.13431706007913,191.7810555883194,193.0832268930802,32061200,MSFT
2020-07-02,196.0487518310547,197.72162939796362,194.8511354393264,195.49746395135764,29315800,MSFT
2020-07-06,200.26898193359375,200.6777016892989,197.78819326414938,198.49156369076422,31897600,MSFT
2020-07-07,197.94027709960938,204.0424438056839,197.6931540036791,200.0313599594094,33600700,MSFT
2020-07-08,202.2935333251953,202.70223856853215,198.35849081572363,199.67017648667414,33600000,MSFT
2020-07-09,203.7097625732422,205.66777675400772,201.00085044726796,205.62024918097012,33121700,MSFT
2020-07-10,203.0919189453125,203.48162471227076,200.6301445697278,203.0443913755945,26177600,MSFT
2020-07-13,196.8186798095703,205.11648332076217,196.27689159753407,203.86182504239108,38135600,MSFT
2020-07-14,198.0353240966797,198.51057084084894,192.02819828875812,195.92522739229784,37591800,MSFT
2020-07-15,197.74066162109375,200.867793362139,194.87968140351137,199.1854158039586,32179400,MSFT
2020-07-16,193.8246307373047,195.51650798920733,192.2943356382939,195.23135704153594,29940700,MSFT
2020-07-17,192.83612060546875,194.88917548630673,191.4198801082913,194.34740174799845,31635300,MSFT
2020-07-20,201.1244354248047,201.78977799074687,192.95968503330636,194.85117236676646,36884800,MSFT
2020-07-21,198.41549682617188,203.34855988217507,197.73114041936344,203.08242289101383,37990400,MSFT
2020-07-22,201.26698303222656,201.78975731740158,198.07332453951392,198.84322189432683,49605700,MSFT
2020-07-23,192.51296997070312,200.47811108769793,192.14227804181618,196.932773972612,67457000,MSFT
2020-07-24,191.33436584472656,192.81713354998143,187.7319869550339,190.4979268301186,39827000,MSFT
2020-07-27,193.7581024169922,193.87215699393317,190.91612168004946,191.4959232851321,30160900,MSFT
2020-07-28,192.0187225341797,194.56603843914536,191.7525854845081,193.53000388839655,23251400,MSFT
2020-07-29,193.9577178955078,194.51850562770954,192.00920315300615,192.47495022909868,19632600,MSFT
2020-07-30,193.80560302734375,194.33789152672946,189.6899792712966,191.0491779037162,25079600,MSFT
2020-07-31,194.8606719970703,194.94622743673912,189.15771085707848,194.2808703677026,51044000,MSFT
2020-08-03,205.81985473632812,206.86540338070947,200.02185312701084,201.0483878405726,78983000,MSFT
2020-08-04,202.73074340820312,204.1374841693981,199.8982769624529,203.56718229287267,49280100,MSFT
2020-08-05,202.39813232421875,204.356147040437,201.0959605864855,204.26109186836734,28806400,MSFT
2020-08-06,205.63929748535156,205.65829691503933,201.07692527530068,201.8278088426474,32656800,MSFT
2020-08-07,201.96084594726562,205.0214360430896,200.48757818630773,204.21352530560762,27820400,MSFT
2020-08-10,197.94027709960938,201.39057324547656,196.13434519873215,201.19096322321653,36716500,MSFT
2020-08-11,193.31138610839844,197.36998319308316,193.08326243132456,196.90425062787259,36446500,MSFT
2020-08-12,198.833740234375,199.86977468236574,194.61354671761342,195.12680683296387,28013100,MSFT
2020-08-13,198.3679962158203,200.88681276479966,197.845221875211,199.07136664712925,22588900,MSFT
2020-08-14,198.55809020996094,199.21393305825572,197.23690479940333,198.42502169750838,17958900,MSFT
2020-08-17,199.86978149414062,200.73473410095306,198.577109692729,199.22345284512505,20184800,MSFT
2020-08-18,201.0198974609375,201.8468222550465,198.85277320484522,200.10741721992852,21336200,MSFT
2020-08-19,199.8003387451172,202.08704665734177,199.37158555483816,201.50584336522607,27627600,MSFT
2020-08-20,204.4499053955078,204.85007589217304,199.04758188287093,199.6478303586499,26981500,MSFT
2020-08-21,202.9635467529297,206.04105767072892,202.80157402445997,203.76388771893443,36249300,MSFT
2020-08-24,203.60191345214844,205.34552274676594,202.40138747377478,204.6499748411111,25460100,MSFT
2020-08-25,206.25070190429688,206.38409208408316,203.0398003733022,203.0398003733022,23043700,MSFT
2020-08-26,210.70974731445312,211.6053732804045,207.09867541897606,207.59413086494803,39600800,MSFT
2020-08-27,215.88343811035156,220.23768646081993,209.0423895356834,212.3676361540944,57602200,MSFT
2020-08-28,218.10340881347656,219.75173330507883,215.88340386059215,217.40786085994776,26292900,MSFT
2020-08-31,214.88302612304688,217.90337287529462,213.7206195447759,216.28363053230055,28774200,MSFT
2020-09-01,216.54083251953125,216.71232793524112,213.83489480690253,214.86391091647602,25725500,MSFT
2020-09-02,220.7140655517578,221.86694924784757,216.61707521022916,217.207801074862,34080800,MSFT
2020-09-03,207.04150390625,218.48451950532868,204.81197627565626,218.4464142591676,58400300,MSFT
2020-09-04,204.13548278808594,208.0514545913692,195.5031981874679,204.9453609972527,59664100,MSFT
2020-09-08,193.0927276611328,200.114796319533,192.65443717698213,196.75144350882573,52924300,MSFT
2020-09-09,201.3152313232422,204.697642740119,196.9419235287555,197.79944426823292,45679000,MSFT
2020-09-10,195.6747283935547,204.6023920199661,194.47421668900014,203.3256407346827,35461500,MSFT
2020-09-11,194.3979949951172,198.78084050234108,191.73971383980165,197.4183414729298,33620100,MSFT
2020-09-14,195.71286010742188,199.32393265789574,194.39800349010872,194.59809605561162,30375800,MSFT
2020-09-15,198.92373657226562,199.87652772915487,197.16106711664477,198.58073117424792,21823900,MSFT
2020-09-16,195.36984252929688,200.70546463715695,194.97919463994998,200.67688206363792,26328100,MSFT
2020-09-17,193.3308868408203,194.68384874688627,190.52015540378827,190.60590313185887,34011300,MSFT
2020-09-18,190.9298095703125,194.0359033488756,186.98525496432242,193.22603963005503,55225300,MSFT
2020-09-21,192.97830200195312,193.1402892819436,187.109119905432,187.88087836630214,39839700,MSFT
2020-09-22,197.62794494628906,198.27585050912126,192.54004353083127,195.37935717841205,33517100,MSFT
2020-09-23,191.12037658691406,198.27584755147745,190.58681585985815,198.08527768743798,30803800,MSFT
2020-09-24,193.59764099121094,195.86528863786586,189.79599897271996,190.41532195894766,31202500,MSFT
2020-09-25,198.0090789794922,199.17147089640537,192.97832794574248,193.94065638575495,29437300,MSFT
2020-09-28,199.55258178710938,202.53482275392867,198.23772534118714,200.92460337616922,32004900,MSFT
2020-09-29,197.4755096435547,200.15286527380047,197.04675648786915,199.46685440932734,24221900,MSFT
2020-09-30,200.4005584716797,201.97265800789293,196.78947197711074,197.9232957386492,33829100,MSFT
2020-10-01,202.4300079345703,203.88777718640915,201.34382663832886,203.41138162597977,27158400,MSFT
2020-10-02,196.45596313476562,201.0293624820539,195.8366403105082,198.1805123827155,33154800,MSFT
2020-10-05,200.4481964111328,200.47677898107784,197.20869794579374,197.43737304379223,21331600,MSFT
2020-10-06,196.18923950195312,200.2576474587062,195.15070058306898,198.96186538347163,28554300,MSFT
2020-10-07,199.92413330078125,200.1909136124036,196.960952768142,197.2848982124782,25681100,MSFT
2020-10-08,200.63877868652344,201.21998191757461,198.48547574347566,200.5720763220623,19925800,MSFT
2020-10-09,205.62184143066406,205.66948389253287,201.25805652305527,201.25805652305527,26458000,MSFT
2020-10-12,210.9479522705078,213.29182486837524,206.5746444335624,208.46116681722611,40461400,MSFT
2020-10-13,212.3390655517578,214.57813087839702,210.02377517799457,212.20567535390106,28950800,MSFT
2020-10-14,210.4334259033203,213.63480432186398,208.7851015044337,212.47239811082844,23421700,MSFT
2020-10-15,209.29013061523438,209.9570815862142,205.81243381054406,206.8509873279706,22733100,MSFT
2020-10-16,209.29013061523438,211.79596173037572,208.96618507767857,209.75698902569985,26057900,MSFT
2020-10-19,204.10693359375,211.80548829345503,203.6305379900933,210.01423617140503,27625800,MSFT
2020-10-20,204.5166015625,207.1081944892267,203.03024978890875,205.61232003857742,22753500,MSFT
2020-10-21,204.65960693359375,206.67952016087702,203.0589097331769,203.0589097331769,22724900,MSFT
2020-10-22,204.7452850341797,205.86004890997927,201.70587900793112,203.8305991538514,22351500,MSFT
2020-10-23,206.02200317382812,206.0696456336695,203.09694223156853,204.87865682982294,18879600,MSFT
2020-10-26,200.162353515625,206.12682049278558,198.27583123211025,203.75437998821897,37111600,MSFT
2020-10-27,203.18270874023438,204.5356704020045,200.400560381581,201.60107197312493,36700300,MSFT
2020-10-28,193.11166381835938,198.98085959152104,192.5590578581762,197.86609591856742,51195600,MSFT
2020-10-29,195.0553741455078,197.57074179703807,193.769100483678,194.43606581258936,31432600,MSFT
2020-10-30,192.91159057617188,194.6456625970207,190.1961304721257,193.89296412093262,36953700,MSFT
2020-11-02,192.77821350097656,195.58894417052068,190.67253889874814,194.64567580398509,30842200,MSFT
2020-11-03,196.68463134765625,198.29485039991718,193.53089558893754,194.26454870059058,27512000,MSFT
2020-11-04,206.17442321777344,208.0133172232179,202.3918421643004,203.91631342668646,42311800,MSFT
2020-11-05,212.74874877929688,213.5395672501234,210.70977611493413,211.55775973379434,36080100,MSFT
2020-11-06,213.15847778320312,213.76826365364508,207.73709278242106,211.76739604271015,25231900,MSFT
2020-11-09,208.0800018310547,217.35065311756432,207.59408371111866,213.84438962173172,44395000,MSFT
2020-11-10,201.04844665527344,206.27927507697552,199.81935252170467,204.37369285917435,44045100,MSFT
2020-11-11,206.32693481445312,207.74658438097188,202.18228732835718,202.36331998035507,29440800,MSFT
2020-11-12,205.26930236816406,208.76604371283022,204.33557122707558,206.95574656645329,21593900,MSFT
2020-11-13,206.28878784179688,207.15583119845917,204.04973756653277,206.14587499770434,18621100,MSFT
2020-11-16,206.97479248046875,207.4607252129614,204.3927369169169,204.72620505613375,24953300,MSFT
2020-11-17,204.33555603027344,207.40352955139355,203.97349081255055,205.89813262582595,24154100,MSFT
2020-11-18,201.64169311523438,205.54880785492185,201.498391524417,204.09676961168395,28372800,MSFT
2020-11-19,202.92178344726562,203.5045082981434,200.54311684420654,201.92829274858192,24792700,MSFT
2020-11-20,200.98255920410156,203.75288192230383,200.60999836163293,202.71162400059706,22843100,MSFT
2020-11-23,200.71510314941406,202.79761922915006,198.8522987256812,201.51753973555978,25683500,MSFT
2020-11-24,204.29737854003906,204.66993934014192,199.52095055077086,200.21830495578362,33979700,MSFT
2020-11-25,204.3069305419922,205.66343437093508,202.95998889819435,205.49148995634454,21012900,MSFT
2020-11-27,205.60610961914062,206.59961477704968,204.46931745600483,205.2431110137325,14512200,MSFT
2020-11-30,204.4980010986328,205.1571359367757,201.41241802939734,204.52665850131285,33064800,MSFT
2020-12-01,206.5423126220703,207.6026802551805,203.8101951352775,204.91831538871995,30904500,MSFT
2020-12-02,205.7399139404297,205.8354483583955,203.28483682496898,205.27183319131183,23724500,MSFT
2020-12-03,204.660400390625,206.7047110734639,204.0967707859038,205.01385141230443,25120900,MSFT
2020-12-04,204.77499389648438,205.749389157134,203.6477494623016,204.6412545137677,24666000,MSFT
2020-12-07,204.70816040039062,205.90226749133078,203.46630068701492,204.7845850033911,24620000,MSFT
2020-12-08,206.35122680664062,207.24919755761567,203.3707405493624,204.40245069453582,23284100,MSFT
2020-12-09,202.32952880859375,205.606151999851,201.76591370319153,205.5392895757968,32440600,MSFT
2020-12-10,201.1067657470703,203.55229500263158,200.9539165244717,202.30087296767672,26733300,MSFT
2020-12-11,203.72421264648438,203.7815420297955,199.75978302617932,200.65775387019116,30979400,MSFT
2020-12-14,204.62216186523438,206.54229514941832,203.36119251919632,203.57135650628612,28798400,MSFT
2020-12-15,204.5552978515625,205.78760978755588,202.74980875954856,205.5487884019641,27000600,MSFT
2020-12-16,209.47506713867188,210.26795609458796,205.11896626282314,205.1476236704402,35023300,MSFT
2020-12-17,209.60877990722656,211.01305100787835,208.17585140260252,210.03865554331327,32515800,MSFT
2020-12-18,208.8158721923828,209.86669216480047,206.36079582264512,208.8158721923828,63354900,MSFT
2020-12-21,212.63705444335938,213.98401086726875,207.5644893751304,207.82242061250759,37181900,MSFT
2020-12-22,213.92666625976562,215.5411013062933,211.93012279193636,212.7325592225708,22612200,MSFT
2020-12-23,211.13723754882812,213.56365667587485,210.9270735405994,213.13378105049873,18699600,MSFT
2020-12-24,212.7898712158203,213.6114174296126,211.30917559396767,211.51933959585654,10550600,MSFT
2020-12-28,214.90106201171875,215.92321005733746,213.04780555492192,214.413857010838,17933500,MSFT
2020-12-29,214.1272430419922,217.02175699558643,213.5827378764795,216.19066325935648,17403200,MSFT
2020-12-30,211.76768493652344,215.54107436358564,211.56708314219108,215.15895141354764,20272300,MSFT
2020-12-31,212.47462463378906,213.0286920393946,209.857136802446,211.78681782520988,20942100,MSFT
2021-01-04,207.95614624023438,213.0287109719447,205.2049187614072,212.57972552709433,37130100,MSFT
2021-01-05,208.15675354003906,208.74904060125732,206.05512786141864,207.54537125941306,23823000,MSFT
2021-01-06,202.75938415527344,206.8098006575534,202.46324792879471,202.68295955223013,35930700,MSFT
2021-01-07,208.52931213378906,209.53236504897438,204.1541163901864,204.46934784854162,27694500,MSFT
2021-01-08,209.79983520507812,210.71691586641606,207.32564880606074,208.90186433865418,22956200,MSFT
2021-01-11,207.7650909423828,209.12159487937964,207.0390644856078,208.70126684156315,23031300,MSFT
2021-01-12,205.31951904296875,207.392501541839,203.78152328009872,206.81932437348303,23249300,MSFT
2021-01-13,206.6664581298828,207.06767628402105,204.3642166148636,204.4502033865716,20087100,MSFT
2021-01-14,203.4949493408203,207.73641987769744,203.22747053007149,206.25572423330087,29480800,MSFT
2021-01-15,203.1414794921875,204.91831131296394,202.54920707742923,203.97258788636626,31746500,MSFT
2021-01-19,206.7620086669922,207.2778564550541,203.12237302041416,204.1922881817282,30480900,MSFT
2021-01-20,214.3087921142578,215.69395347478093,207.57402496133145,207.9656955997527,37777300,MSFT
2021-01-21,214.9105987548828,216.18113032934212,212.47461760314508,214.65266756607497,30709400,MSFT
2021-01-22,215.84677124023438,219.7825576936173,215.703484235591,216.92624859688442,30172700,MSFT
2021-01-25,219.2667236328125,219.505545055719,214.1941589425185,218.87505300088512,33152100,MSFT
2021-01-26,221.94151306152344,223.70878273824454,219.79212038536122,221.49252764749383,49169600,MSFT
2021-01-27,222.48602294921875,229.6888849420293,219.84943979215547,227.35798561441428,69870600,MSFT
2021-01-28,228.2464141845703,231.79053068312115,224.5781204522102,225.07487311695797,49111200,MSFT
2021-01-29,221.58802795410156,227.37705567245254,221.0053032240349,225.43782730017324,42503100,MSFT
2021-02-01,228.93418884277344,231.65675864090633,222.0370256255715,224.54943142500284,33314200,MSFT
2021-02-02,228.8004608154297,231.47526355109804,228.0171341621031,230.51043029200613,25916300,MSFT
2021-02-03,232.13442993164062,234.13097358783594,228.56165609173593,228.85780690916252,27158100,MSFT
2021-02-04,231.1886444091797,232.36365609874676,229.62197673292388,231.80958874566235,25296100,MSFT
2021-02-05,231.37017822265625,232.40188845915685,229.66977095597062,231.39883562562832,18054800,MSFT
2021-02-08,231.62808227539062,232.78396959711438,230.04230480647178,232.27766943528493,22211900,MSFT
2021-02-09,232.87001037597656,233.81573393552227,230.58687802617382,231.05495871273564,23565000,MSFT
2021-02-10,231.9624481201172,234.9238246286542,230.1187393980578,234.0449636571625,22186700,MSFT
2021-02-11,233.55776977539062,234.1882471613524,231.32239050634175,233.83479617171466,15751100,MSFT
2021-02-12,234.03543090820312,234.33156712020875,231.87647606312657,233.02281589974586,16561100,MSFT
2021-02-16,232.80307006835938,235.12442137957254,232.05794855525386,234.07360151416745,26728500,MSFT
2021-02-17,233.81802368164062,233.92334770145064,230.69662531011264,231.0604745803787,21653500,MSFT
2021-02-18,233.4254608154297,233.5595082453593,230.6200343854476,231.5200733907211,16925600,MSFT
2021-02-19,230.72535705566406,233.4924904651733,229.96893508329921,233.38716644155568,25262600,MSFT
2021-02-22,224.53997802734375,227.81457753992933,222.5196825099507,227.3262650669372,36446900,MSFT
2021-02-23,223.3527069091797,224.84638235438035,219.00571338525143,220.5376964424216,30228700,MSFT
2021-02-24,224.57830810546875,225.20066806135043,219.26425873805556,220.2313141829066,26339700,MSFT
2021-02-25,219.25465393066406,224.61656504128703,218.19184422785054,222.21328121333582,39542200,MSFT
2021-02-26,222.50054931640625,225.36342243638325,219.78127860873562,221.68668056272455,37819200,MSFT
2021-03-01,226.86669921875,227.37416554950934,223.2378196722922,225.87090575494236,25324000,MSFT
2021-03-02,223.92724609375,227.21143067024164,223.52510372705086,226.93375154866186,22812500,MSFT
2021-03-03,217.88548278808594,223.6495518308172,217.59823410434785,222.28992364520352,34029500,MSFT
2021-03-04,217.09075927734375,222.60588703735615,214.72576809610288,217.1003434861413,44727800,MSFT
2021-03-05,221.75369262695312,223.3526919831032,216.83221674303033,219.76212062975273,41872800,MSFT
2021-03-08,217.72268676757812,223.44844753169778,217.47374572916362,221.53347600830642,35267400,MSFT
2021-03-09,223.84100341796875,225.37298636585098,221.82070802785924,222.9792721410801,33080500,MSFT
2021-03-10,222.538818359375,226.9241044948039,222.17496912842194,226.9241044948039,29746800,MSFT
2021-03-11,227.0486297607422,229.0018945134101,224.34851258579613,224.97088716934874,29907600,MSFT
2021-03-12,225.72727966308594,225.79431068260828,223.31441133153996,224.0612490943871,22653700,MSFT
2021-03-15,224.8272247314453,225.19107398861252,221.9547675055726,224.97085635878273,26034900,MSFT
2021-03-16,227.60397338867188,229.85405642506078,225.90921930197513,226.23476099250502,28092200,MSFT
2021-03-17,226.96240234375,228.4082150912853,223.31438418936858,226.11024066099444,29562100,MSFT
2021-03-18,220.91116333007812,224.23364080219395,220.53774438759623,222.6729340017837,34833000,MSFT
2021-03-19,220.55685424804688,222.58671941704526,219.5993684724705,221.19836796447422,46430700,MSFT
2021-03-22,225.9570770263672,226.82837799232317,220.35577930626062,220.48025713428592,30127000,MSFT
2021-03-23,227.47947692871094,230.8019538061581,226.99116443288878,227.39330671357888,31638400,MSFT
2021-03-24,225.44960021972656,227.8816075865458,225.31555279966682,227.73799056865073,25620100,MSFT
2021-03-25,222.46226501464844,226.8667058900846,221.72501140908014,225.2964296372037,34061900,MSFT
2021-03-26,226.42623901367188,226.6464712680149,221.70584100914797,221.70584100914797,25479900,MSFT
2021-03-29,225.239013671875,226.73268950601536,222.0218601021584,226.5316110159994,25227500,MSFT
2021-03-30,221.99307250976562,223.908043971191,221.27495821173113,223.60164152452802,24792000,MSFT
2021-03-31,225.74642944335938,228.9348588863674,222.51012278869996,223.00801949174152,43623500,MSFT
2021-04-01,232.0467071533203,232.51586588061755,227.92951497762283,228.3316572910526,30338000,MSFT
2021-04-05,238.48097229003906,239.33313398570488,232.38177839559694,232.4392252004619,36910600,MSFT
2021-04-06,237.32241821289062,238.79693983718127,236.38408627016022,237.0830467757603,22931900,MSFT
2021-04-07,239.2756805419922,240.26188968522158,236.68090236866658,237.27453885214405,22719800,MSFT
2021-04-08,242.48329162597656,243.33545344847238,241.28643431291647,242.02370250858237,23625200,MSFT
2021-04-09,244.97274780273438,245.10679523034713,241.70771771793406,242.11942959914686,24326800,MSFT
2021-04-12,245.03021240234375,246.715396883333,243.7950474488846,243.88123228080784,27148700,MSFT
2021-04-13,247.50047302246094,248.1707247107551,245.9110432297693,246.32278429436747,23837500,MSFT
2021-04-14,244.7238006591797,247.82604540903546,244.31208876364178,246.53346291002805,23070900,MSFT
2021-04-15,248.4675750732422,248.87928697093244,246.7728356584702,246.96431529406738,25627500,MSFT
2021-04-16,249.6548309326172,249.9037865838757,246.6483408019082,248.438834520983,24878600,MSFT
2021-04-19,247.73983764648438,250.36336830219003,246.85896717650718,249.12820358261177,23209300,MSFT
2021-04-20,247.2802734375,249.13779808723464,245.9206308470202,246.85897737961304,19722900,MSFT
2021-04-21,249.50160217285156,249.5973565835507,246.31318775959062,247.9313408739318,24030400,MSFT
2021-04-22,246.2366180419922,250.65061323164073,244.7716514338191,249.1473536226995,25606200,MSFT
2021-04-23,250.0474090576172,250.39211913765618,246.33235950466667,246.9164410330128,21462600,MSFT
2021-04-26,250.43035888671875,251.28253513686283,249.1090532408792,250.5356975021957,19763300,MSFT
2021-04-27,250.83253479003906,252.00066853516242,249.06118036716788,250.45910133423507,31014200,MSFT
2021-04-28,243.7376251220703,245.63345785365314,242.19607213269362,245.19299327086497,46903100,MSFT
2021-04-29,241.77474975585938,245.21213510412278,238.41397963984036,244.59934473684103,40589000,MSFT
2021-04-30,241.45875549316406,242.32050145587482,238.9884550529176,239.12250247688505,30945100,MSFT
2021-05-03,241.15235900878906,243.5365037605011,240.44381430171563,242.62688061963894,19626600,MSFT
2021-05-04,237.25538635253906,240.53000045768178,235.31169145877024,240.30019861922892,32756100,MSFT
2021-05-05,235.9915313720703,238.89271223968217,235.36917143271003,238.47141614100633,21901300,MSFT
2021-05-06,239.11293029785156,239.23740812996687,234.28720818218096,235.9723779697014,26491100,MSFT
2021-05-07,241.72683715820312,243.48860727351916,240.49167247002168,241.43000432990735,27032900,MSFT
2021-05-10,236.6713104248047,241.02787332068948,236.6138636199037,240.20443502693968,29299900,MSFT
2021-05-11,235.76173400878906,236.11601370401354,232.25734694226097,234.1531648123597,33641600,MSFT
2021-05-12,228.83908081054688,233.99035851824172,227.94862612817732,231.8743087065827,36684400,MSFT
2021-05-13,232.69776916503906,235.1585146453804,231.15621646675106,231.5200657402829,29624300,MSFT
2021-05-14,237.60012817382812,238.5863375149491,235.0532266984509,235.1393969259098,23901100,MSFT
2021-05-17,234.75637817382812,236.1064367545311,233.16696273612823,236.06814374823256,24970200,MSFT
2021-05-18,232.74563598632812,235.93406526132515,232.57328095548002,235.80001784180902,20168000,MSFT
2021-05-19,233.3214569091797,233.42702413188286,228.98363837074533,229.66501482689426,25739800,MSFT
2021-05-20,236.54603576660156,237.95679107071055,234.0316351278429,234.12761065425127,21800700,MSFT
2021-05-21,235.28883361816406,238.32147864585824,234.8761710741965,237.59211443977617,21863100,MSFT
2021-05-24,240.67276000976562,241.03744947626555,237.53454740378538,237.80326133368715,21411500,MSFT
2021-05-25,241.5748748779297,242.56336139082663,240.71115363257866,241.62286264574047,17704300,MSFT
2021-05-26,241.3541259765625,242.74568324908876,240.64394515378893,241.29653187433004,17771600,MSFT
2021-05-27,239.261962890625,241.34450280661412,239.2043834362174,241.04699919630258,24426200,MSFT
2021-05-28,239.61705017089844,241.92033089438252,239.50189126005725,240.88385676538599,18270200,MSFT
2021-06-01,237.42898559570312,241.16220561121608,237.00673129893212,241.104626145466,23213300,MSFT
2021-06-02,237.33302307128906,239.22362695076313,235.9318592911416,238.12957317758924,19406700,MSFT
2021-06-03,235.8070831298828,236.41168209445024,233.20629862376543,235.33682647405521,25307700,MSFT
2021-06-04,240.68234252929688,241.50768232361588,237.53453834719892,237.77446253573572,25281100,MSFT
2021-06-07,243.58062744140625,243.84934135732763,239.74184047817525,239.90498716685534,23079200,MSFT
2021-06-08,242.3905792236328,245.69193789696416,242.3329851263749,244.8761899229369,22455000,MSFT
2021-06-09,243.36952209472656,245.23133633758238,243.00484724739417,243.58065657446144,17937600,MSFT
2021-06-10,246.8723602294922,247.08349466686664,243.44625075720447,244.0412580022731,24563600,MSFT
2021-06-11,247.49620056152344,248.0719951619915,246.26776064687272,247.5921468031884,18999700,MSFT
2021-06-14,249.41561889648438,249.47319836227948,246.45012996992423,247.50580232220523,19150500,MSFT
2021-06-15,247.94720458984375,249.51151476586116,247.29461791752257,249.30038033803766,18038900,MSFT
2021-06-16,247.00677490234375,250.07778718714908,244.16606584099102,248.94535195627006,27220000,MSFT
2021-06-17,250.38487243652344,251.2006205192293,245.6919706294516,245.74955009057246,27565500,MSFT
2021-06-18,248.97412109375,251.72844608322075,248.3215343320705,249.1660721590066,37202200,MSFT
2021-06-21,252.04515075683594,252.89926559620372,247.52498746898814,249.34840535412337,26696100,MSFT
2021-06-22,254.80906677246094,255.07778066280747,251.82439496305233,252.1315049199105,24694100,MSFT
2021-06-23,254.5786895751953,256.07581382842864,253.77254799942463,255.26967225265793,19518700,MSFT
2021-06-24,255.9414825439453,257.0547340881306,254.77065154813104,255.43284452947933,21446900,MSFT
2021-06-25,254.3387908935547,256.4789249266626,254.08928968479023,255.50004490547056,25611100,MSFT
2021-06-28,257.8897399902344,258.0624783950666,255.19299417128897,255.46170811912478,19590000,MSFT
2021-06-29,260.46173095703125,260.70165518033133,257.1795839833562,258.0336989887395,19937800,MSFT
2021-06-30,259.9818115234375,260.42326377323786,258.7342176179776,259.7802834314268,21656500,MSFT
2021-07-01,260.6536560058594,260.8839738651738,258.7342624112472,258.7438394636373,16725300,MSFT
2021-07-02,266.45977783203125,266.79567752816956,261.5173457785115,261.82445574570187,26458000,MSFT
2021-07-06,266.4693603515625,268.1104333301389,263.24476455954283,266.8244434060529,31565600,MSFT
2021-07-07,268.64788818359375,269.3772670421519,265.97993254914314,268.13925010791996,23260000,MSFT
2021-07-08,266.2390441894531,267.4962443949508,263.7918002820035,265.7399832123837,24618600,MSFT
2021-07-09,266.7381591796875,266.8437117808058,264.2237579834592,264.6076308865828,23916700,MSFT
2021-07-12,266.14306640625,268.49430548835454,265.43287101130034,267.90890462422595,18931700,MSFT
2021-07-13,269.6556396484375,271.4502681264369,266.210331366787,266.33506735947253,26120100,MSFT
2021-07-14,271.12396240234375,272.2276079057793,269.2429355174447,270.9704073941302,23113700,MSFT
2021-07-15,269.7035827636719,271.12394453030225,268.5519349217963,270.634489804362,22604200,MSFT
2021-07-16,269.434814453125,272.64980384909137,268.19679766614735,270.7016209659572,26186800,MSFT
2021-07-19,265.8455505371094,269.0701168852298,263.38872971350867,267.6881515110027,32935600,MSFT
2021-07-20,268.0624694824219,269.64596306299137,265.1258001402408,266.8244526302893,26259700,MSFT
2021-07-21,270.05865478515625,270.173813707087,266.11431527092736,267.6594129528652,24364300,MSFT
2021-07-22,274.60760498046875,274.8763188626381,271.9972290018453,272.40028518129105,23384100,MSFT
2021-07-23,277.9953918457031,278.30247257073574,274.9531400276046,275.78807157831795,22768100,MSFT
2021-07-26,277.4003601074219,278.0145801435692,275.0875164942922,277.3523869804331,23176100,MSFT
2021-07-27,274.99151611328125,277.9089731585834,271.54620828066527,277.76502450299625,33604100,MSFT
2021-07-28,274.68438720703125,278.4559881617901,272.3906980646863,277.3427364892114,33566900,MSFT
2021-07-29,274.953125,276.9876774693035,274.5500394694676,274.70359446740275,18168300,MSFT
2021-07-30,273.4272766113281,275.10674636640664,272.4675796084261,273.6768072041237,20944800,MSFT
2021-08-02,273.3408508300781,275.212242025892,272.30436188036447,274.8187628216139,16267400,MSFT
2021-08-03,275.5481262207031,275.6537080927837,272.5538770462147,273.91665931799884,17879000,MSFT
2021-08-04,274.9626770019531,275.99913642366494,273.17762613038536,274.6843567927207,16191300,MSFT
2021-08-05,277.85137939453125,277.95696126160766,274.56923306560276,275.317795323746,13900200,MSFT
2021-08-06,277.7938232421875,277.83221931412936,276.0279846719422,276.8821288688246,16589300,MSFT
2021-08-09,276.70928955078125,279.7995135705784,276.2102578952192,278.07207151949774,16117600,MSFT
2021-08-10,274.8955078125,277.592253026987,273.70549335133626,277.1603778240849,18616600,MSFT
2021-08-11,275.3850402832031,277.02611380022,274.3389448772672,275.63454156443856,13955900,MSFT
2021-08-12,278.1297302246094,278.283285228758,274.79958112166787,275.0779013971637,14561300,MSFT
2021-08-13,281.0471496582031,281.0951227722163,277.64020922241923,277.8129768656206,18249000,MSFT
2021-08-16,282.7266845703125,282.93781903888737,278.3312568029692,281.3735085609403,22507600,MSFT
2021-08-17,281.26788330078125,281.6037829881996,279.34848998709674,280.60571955216835,20075300,MSFT
2021-08-18,279.5467834472656,283.4794538884407,279.1044566907851,280.8063906085156,21813000,MSFT
2021-08-19,285.35443115234375,286.0275166816487,277.53718447593633,277.5852494378773,29850500,MSFT
2021-08-20,292.6524658203125,294.0755466635113,286.5948135303095,288.190963446094,40817600,MSFT
2021-08-23,292.93133544921875,293.6524859694501,290.23905191116444,291.5851936801916,22830200,MSFT
2021-08-24,290.9793701171875,293.892816520206,290.3832238228718,293.2870454973741,18175800,MSFT
2021-08-25,290.392822265625,292.8735664724447,288.86398709784237,292.59471346387596,20006100,MSFT
2021-08-26,287.585205078125,290.7967251675743,287.4506055747187,289.4121138382239,17666100,MSFT
2021-08-27,288.1909484863281,289.2967066286994,285.4121013647465,287.48901815902764,22605700,MSFT
2021-08-30,291.912109375,292.51788050210155,289.47942948011064,289.53711917376893,16348100,MSFT
2021-08-31,290.2679138183594,292.7871284221074,289.9025261716433,292.7102186066526,26285300,MSFT
2021-09-01,290.2198791503906,293.45064959357825,289.8929610160635,291.21988301896033,18983800,MSFT
2021-09-02,289.56597900390625,291.69096108011354,288.6332897832502,290.5756073825475,16285600,MSFT
2021-09-03,289.556396484375,290.96022807123313,288.71024177108217,289.41214289266503,14747900,MSFT
2021-09-07,288.63323974609375,289.5082391184174,286.7294213995241,289.4313293174563,17180400,MSFT
2021-09-08,288.6620788574219,289.04668654196234,286.0274854074498,288.248626330133,15046800,MSFT
2021-09-09,285.8160400390625,290.5179563470504,285.57565648982865,289.24872416460886,19927000,MSFT
2021-09-10,284.3352355957031,288.38331521441347,284.01794225939454,286.9410140892641,19633400,MSFT
2021-09-13,285.56597900390625,287.0563743400453,282.7679114864811,286.1044357072228,23652900,MSFT
2021-09-14,288.25830078125,289.79676112846977,286.6333058908585,288.0371373862397,21853400,MSFT
2021-09-15,293.09478759765625,293.57555457579934,290.2101857287975,291.5947969733447,28356300,MSFT
2021-09-16,293.4793701171875,293.565904644582,289.19093725653136,292.07553887775646,19550800,MSFT
2021-09-17,288.3351745605469,292.7870813462865,288.0082565459675,292.4697880609758,41372500,MSFT
2021-09-20,282.9794616699219,287.22945511957835,278.38333004418814,284.93137463486613,38278700,MSFT
2021-09-21,283.4601745605469,286.09479733126966,282.7582736118841,284.31595379410885,22364100,MSFT
2021-09-22,287.0948181152344,288.6717480113228,283.18139690958066,285.3160036325235,26626300,MSFT
2021-09-23,288.0371398925781,289.32559200827507,286.08522692976766,287.3544589280449,18604600,MSFT
2021-09-24,287.835205078125,288.26787776636394,285.5082799167376,286.7582917069234,14999000,MSFT
2021-09-27,282.8545227050781,285.0660395820949,281.67182509968364,284.74874621384953,23571700,MSFT
2021-09-28,272.6141357421875,279.59488265396965,271.87376505360436,278.6525686782069,43186200,MSFT
2021-09-29,273.0755920410156,275.73903003346476,272.1236829939495,274.13328506202356,26353700,MSFT
2021-09-30,271.07562255859375,276.7582615099041,270.7871448115844,274.71981454324316,32343600,MSFT
2021-10-01,277.9795227050781,278.82567743402257,270.46994350123555,271.26800391748964,30086300,MSFT
2021-10-04,272.2198486328125,276.68138001851474,269.46987576086445,276.3448372844205,31350700,MSFT
2021-10-05,277.65252685546875,279.2294271274474,273.1236812465694,273.1236812465694,24993000,MSFT
2021-10-06,281.835205078125,282.3352215175468,274.5275704532508,274.7871740588591,28002600,MSFT
2021-10-07,283.50823974609375,285.229393421509,282.6140203768225,283.8255329809802,20430500,MSFT
2021-10-08,283.50823974609375,285.229393421509,282.46017145140775,284.82553632433496,17685700,MSFT
2021-10-11,282.9121398925781,286.5082674148435,281.4890591068928,281.6525327868535,19298600,MSFT
2021-10-12,281.6141052246094,284.0756301147398,281.10449333744236,283.97947083828177,17974100,MSFT
2021-10-13,284.912109375,285.8447984376841,282.20057671725624,283.5659677751689,23416300,MSFT
2021-10-14,291.1044616699219,291.6044488603404,286.37370077714104,287.70062258890977,27262900,MSFT
2021-10-15,292.50823974609375,292.7390278517721,288.9601770620516,290.71017592364666,25384800,MSFT
2021-10-18,295.46978759765625,296.3543824347761,291.04672538099135,291.89287998601975,22729300,MSFT
2021-10-19,296.3736572265625,297.4024763811832,295.4024984250073,296.48903662007575,17682100,MSFT
2021-10-20,295.585205078125,297.7871264122316,294.3351931255189,297.3159547433428,16537100,MSFT
2021-10-21,298.8062744140625,299.0562532662077,294.5755019170204,295.35437134682337,16918100,MSFT
2021-10-22,297.26788330078125,299.1236370552111,295.96018167739544,298.46017618446604,17449300,MSFT
2021-10-25,296.2774658203125,297.4986033941539,294.67169118488476,297.4601338192577,17554500,MSFT
2021-10-26,298.18121337890625,300.38313385495525,296.7293173883623,299.03699249061475,28107300,MSFT
2021-10-27,310.73895263671875,313.55624018654,303.8447410132644,303.8447410132644,52588700,MSFT
2021-10-28,311.8735656738281,312.37355280117015,308.9985589964651,311.854316213441,26297900,MSFT
2021-10-29,318.86383056640625,319.22921810139104,311.44078853801216,311.66195187331414,34766000,MSFT
2021-11-01,316.700439453125,318.73888677742633,313.81583753903345,318.61388266615893,27073200,MSFT
2021-11-02,320.3158874511719,320.6235854325772,317.30628075988244,317.6043540094643,26487100,MSFT
2021-11-03,321.15234375,322.01771844825345,317.9311991041292,321.0561844849301,21500100,MSFT
2021-11-04,323.49847412109375,323.59463338175044,316.83505110356475,320.08504044542997,23992200,MSFT
2021-11-05,323.1331787109375,325.7581776228481,321.5562778923636,325.48894922242357,22570100,MSFT
2021-11-08,324.02734375,324.661959731768,321.5754437081741,324.3254169521455,20897000,MSFT
2021-11-09,323.02734375,325.69078224022303,321.6619526233949,324.1426973147689,21307400,MSFT
2021-11-10,318.0754089355469,321.75810028088216,317.2292837348111,321.7004105931885,25500900,MSFT
2021-11-11,319.6427307128906,320.9311827118845,317.7966019223306,318.50812767039145,16849800,MSFT
2021-11-12,323.76776123046875,324.25815300827657,320.95047337818704,321.0754775053688,23831000,MSFT
2021-11-15,323.1427001953125,324.88307418193443,321.18116285112575,324.5561561818509,16723000,MSFT
2021-11-16,326.450439453125,327.5658224885891,322.6043031971898,322.76774755560007,20886800,MSFT
2021-11-17,326.6719055175781,329.6292219748661,325.59302210058706,326.4985198392835,19053400,MSFT
2021-11-18,328.7430419921875,329.87975024868393,324.74538130798175,325.76646969293915,22463500,MSFT
2021-11-19,330.5155334472656,332.4325070081749,329.63896245799737,330.0628138404935,21963400,MSFT
2021-11-22,327.3558654785156,336.8346949958714,327.0861445993955,331.9700474366429,31031100,MSFT
2021-11-23,325.2848205566406,326.9898682292672,321.31605752223925,324.6779411746802,30427600,MSFT
2021-11-24,325.50640869140625,325.74723199137054,321.6532358919778,323.93623607205905,21661300,MSFT
2021-11-26,317.57855224609375,325.52572257561656,316.07581693557444,322.07714523413784,24217200,MSFT
2021-11-29,324.2733154296875,326.58521266563037,322.4526776155602,322.6453479674589,28563500,MSFT
2021-11-30,318.455078125,325.38115820776426,316.9138032094252,323.0114652960252,42885600,MSFT
2021-12-01,317.96380615234375,326.82611534101443,317.29916089070014,322.82845444512645,33337600,MSFT
2021-12-02,317.3954772949219,321.2486502191634,315.76750938263973,318.1757424602907,30766000,MSFT
2021-12-03,311.1532897949219,320.48760157043654,306.3560799414712,319.8036423557392,41779300,MSFT
2021-12-06,314.216552734375,315.43031134746263,307.51204154241043,312.058785775437,30032600,MSFT
2021-12-07,322.62615966796875,323.47383295914125,317.98307955857507,319.46655926353213,31021900,MSFT
2021-12-08,322.6743469238281,323.18489117960274,318.6574010643354,323.00186310702526,24761000,MSFT
2021-12-09,320.8728942871094,324.1384421698019,319.9288565931606,322.13480572641566,22214200,MSFT
2021-12-10,329.9664306640625,330.4095372641144,322.5009090494943,322.68393709248,38095700,MSFT
2021-12-13,326.9416809082031,331.1705518397965,326.6334200526802,328.17469493292174,28899400,MSFT
2021-12-14,316.28765869140625,322.3564229704473,312.2129182210804,320.9885338086704,44438700,MSFT
2021-12-15,322.3659973144531,322.886183766917,312.58857922136355,316.54769934976275,35381100,MSFT
2021-12-16,312.973876953125,324.39854675005074,311.16288148400196,323.38707150321426,35034800,MSFT
2021-12-17,311.9142761230469,312.99318902693045,305.6047184390456,309.10147689497717,47750300,MSFT
2021-12-20,308.1671142578125,310.9510161666708,305.9130118209808,308.3019600117902,28326500,MSFT
2021-12-21,315.2762451171875,315.70009648431505,308.0611589340678,311.4230722504831,24740600,MSFT
2021-12-22,320.96929931640625,321.36422365049356,313.7927533668709,316.24913921677904,24831500,MSFT
2021-12-23,322.4045715332031,324.04218156998655,320.5165252794348,320.5357805584728,19617800,MSFT
2021-12-27,329.87969970703125,329.90859732114507,323.1173640307042,323.146261644818,19947000,MSFT
2021-12-28,328.7237854003906,331.18981349731865,327.827929831812,330.5540364945737,15661500,MSFT
2021-12-29,329.3979797363281,331.66169426419555,327.2112862990925,328.7718159079091,15042000,MSFT
2021-12-30,326.8646545410156,330.53479926844375,326.38300794269304,329.3595803926416,15994500,MSFT
2021-12-31,323.9747009277344,326.90309041033254,323.52195205286245,326.0843148981623,18000800,MSFT
2022-01-03,322.46234130859375,325.5930436513956,317.6747737807834,323.04032300520043,28865100,MSFT
2022-01-04,316.93304443359375,322.89583055126775,314.1491135080895,322.5393874417457,32674300,MSFT
2022-01-05,304.7666931152344,314.1010061399775,304.3813817326678,313.8986934112964,40054300,MSFT
2022-01-06,302.3584289550781,307.0015085378214,300.05614444176234,301.6552144415301,39646100,MSFT
2022-01-07,302.5125732421875,304.88226603603744,298.7075537396608,302.61852137240913,32720000,MSFT
2022-01-10,302.73406982421875,303.16756341784094,293.5057361453158,298.1295306229004,44289500,MSFT
2022-01-11,303.4180908203125,304.9882339809429,298.5149321522782,301.8768158812795,29386800,MSFT
2022-01-12,306.5872802734375,311.53862085227667,305.4409591479046,307.9359141133859,34372200,MSFT
2022-01-13,293.61175537109375,309.1015264774925,292.8411325706475,308.70657273811673,45366000,MSFT
2022-01-14,298.81353759765625,299.4107746285059,292.6002852144012,293.0819317744249,39846400,MSFT
2022-01-18,291.5407409667969,298.42828288164026,290.6641404471068,292.9086305265306,42333200,MSFT
2022-01-19,292.1957092285156,302.3873676008085,291.58885921501854,295.0470782257124,45933900,MSFT
2022-01-20,290.5292663574219,300.21035230338873,290.0861596688608,297.72506851398765,35380700,MSFT
2022-01-21,285.1636657714844,292.94706137271686,284.7590697196657,291.5792015826187,57984400,MSFT
2022-01-24,285.4911193847656,286.2039467418737,265.917000099836,281.47420435136246,85731500,MSFT
2022-01-25,277.90045166015625,284.1618575908213,274.7023405114224,280.8192289411712,72848600,MSFT
2022-01-26,285.81866455078125,297.1758975203426,282.2737532824066,296.68460867157836,90428900,MSFT
2022-01-27,288.83380126953125,296.019959606394,286.9939079100606,291.55029488282537,53481300,MSFT
2022-01-28,296.94476318359375,297.1566888577396,283.64168680427184,289.2095201733317,49743700,MSFT
2022-01-31,299.5648498535156,300.9134540935953,295.12405410178434,297.6093663560582,46444500,MSFT
2022-02-01,297.4263916015625,299.2277450230752,293.9296328904505,299.01581936187534,40950400,MSFT
2022-02-02,301.9538879394531,303.5529582305001,297.5420178765897,298.2644877997953,36636000,MSFT
2022-02-03,290.19207763671875,299.8057543934319,288.94942117258597,298.12960422865086,43730000,MSFT
2022-02-04,294.70989990234375,297.46490411870997,288.95903879189694,289.19021973386526,35096500,MSFT
2022-02-07,289.90301513671875,296.5400880483696,288.89153993542556,294.9314053394683,28533300,MSFT
2022-02-08,293.3805236816406,294.343816714322,288.9397569117174,290.192026095255,32421200,MSFT
2022-02-09,299.78643798828125,300.4800101974915,296.10668068130565,298.4956287595179,31284700,MSFT
2022-02-10,291.2805480957031,297.7731336434456,289.6622228774468,292.8796180366124,45386200,MSFT
2022-02-11,284.2100524902344,293.1205151712114,283.420144959361,292.06088670264677,39175600,MSFT
2022-02-14,284.1714172363281,285.86682221750584,280.6554038855894,282.98655633734126,36359500,MSFT
2022-02-15,289.440673828125,289.7585476106749,286.11730093278925,288.9975672412042,27058300,MSFT
2022-02-16,289.10284423828125,290.42527991431285,283.48487872602993,288.0120675250117,29982100,MSFT
2022-02-17,280.6373291015625,286.4965868814694,279.9326604203937,286.0718591090062,32461600,MSFT
2022-02-18,277.93450927734375,283.65864238707985,276.3707522552186,282.87676387601726,34264000,MSFT
2022-02-22,277.7318115234375,281.41920742809083,274.6235925315727,275.10623504920284,41736100,MSFT
2022-02-23,270.5403747558594,281.5736029979626,270.37629282765295,280.10635117029534,37811200,MSFT
2022-02-24,284.3632507324219,284.913470148122,262.0941229321313,263.04977493259855,56989700,MSFT
2022-02-25,286.98883056640625,287.2977287820881,281.5253148914239,284.8941789810283,32546700,MSFT
2022-02-28,288.4175109863281,288.7553666251348,282.8285026347826,284.0930236175549,34627500,MSFT
2022-03-01,284.7108459472656,289.5565664408294,282.00803005009567,286.1104916374732,31217800,MSFT
2022-03-02,289.76885986328125,291.00442328606925,283.504170648304,285.10651756719705,31873000,MSFT
2022-03-03,285.64715576171875,292.6068524998791,283.8420480314748,292.37519352194875,27314500,MSFT
2022-03-04,279.7974548339844,285.39612468595874,277.20086566715224,284.0736891436429,32356500,MSFT
2022-03-07,269.2276306152344,279.6334012626767,268.8608176186458,278.5136671787281,43157200,MSFT
2022-03-08,266.2738342285156,274.1022802945537,260.6269119121218,268.1561220285429,48159500,MSFT
2022-03-09,278.48468017578125,279.5464994060376,271.03267993001293,273.60034117475794,35204500,MSFT
2022-03-10,275.67572021484375,276.65066742284495,270.83963327856327,273.1949308694663,30628000,MSFT
2022-03-11,270.3473205566406,279.4596114101484,269.7295241457534,277.9634022977425,27209300,MSFT
2022-03-14,266.8432922363281,275.4922344920322,266.2448204638652,270.6078964971028,30660700,MSFT
2022-03-15,277.1815490722656,277.82830290735563,269.053866830209,270.61762363193617,34245100,MSFT
2022-03-16,284.1701965332031,284.34394072120614,273.3686576400486,279.07346468655453,37826300,MSFT
2022-03-17,284.97137451171875,285.34782025844737,279.32445264555935,283.1083819524722,30816600,MSFT
2022-03-18,290.00054931640625,290.55076880569743,282.56787290557435,285.11620984529543,43390600,MSFT
2022-03-21,288.77459716796875,289.7205868535309,284.6624745949612,288.51398088334355,28351200,MSFT
2022-03-22,293.50457763671875,294.4119479641465,288.39821134013704,289.3924537893616,27599700,MSFT
2022-03-23,289.0931091308594,292.7032939872879,287.3845657946049,290.07771839086337,25715400,MSFT
2022-03-24,293.54315185546875,293.6396862396896,287.96380616213776,288.7553468713274,24484500,MSFT
2022-03-25,293.1377258300781,294.8945515047454,288.9001402281707,294.6339351738191,22566500,MSFT
2022-03-28,299.9140625,300.01056743386323,293.7651722801995,293.7651722801995,29578200,MSFT
2022-03-29,304.46063232421875,304.8564028222109,298.3214026529081,303.01270441076053,30393400,MSFT
2022-03-30,302.9642333984375,304.98170428864984,300.7633855218109,302.86772849763537,28163600,MSFT
2022-03-31,297.6070251464844,304.1999383958244,297.2016219305857,303.00296492746145,33422100,MSFT
2022-04-01,298.6784362792969,299.3637802401649,294.933126535701,298.6301543643232,27110500,MSFT
2022-04-04,304.03582763671875,304.17095222292346,298.95841894296694,299.3252319683475,24289600,MSFT
2022-04-05,300.0877990722656,303.9392767129868,299.1128518165804,302.3948148545048,23156700,MSFT
2022-04-06,289.10284423828125,296.3424814061848,286.4096909635366,294.59531799298344,40110400,MSFT
2022-04-07,290.90789794921875,293.1087462850132,286.06217848359114,286.36141443806906,31411200,MSFT
2022-04-08,286.66070556640625,290.6666326754491,285.99465651807475,290.0102459043335,24361900,MSFT
2022-04-11,275.3572082519531,282.452029428348,275.10622472559214,281.6605181173394,34569300,MSFT
2022-04-12,272.268310546875,280.64697807098315,270.75280588328843,279.1990504337595,30966700,MSFT
2022-04-13,277.63525390625,278.5619192143064,271.53464592371415,272.91502579688114,21907200,MSFT
2022-04-14,270.11566162109375,278.3012882088098,269.6233863517897,278.088924351685,28221600,MSFT
2022-04-18,270.7817077636719,272.65436281401867,268.67739376545774,269.2276132247998,20778000,MSFT
2022-04-19,275.3957824707031,276.2356051160154,268.7449845312876,269.6813121043786,22297700,MSFT
2022-04-20,276.41900634765625,279.64308426283594,275.46338359699905,279.35348107967593,22906700,MSFT
2022-04-21,271.0616149902344,283.11801238910374,270.3376514098414,278.56186707817085,29454600,MSFT
2022-04-22,264.5169982910156,273.3686730601937,263.8895690490661,271.901421279217,29405800,MSFT
2022-04-25,270.9747619628906,271.35120773294403,261.37016600391445,263.80270265842034,35678900,MSFT
2022-04-26,260.8392639160156,268.69666699273034,260.6269000783663,267.8665361916543,46518400,MSFT
2022-04-27,273.3880615234375,280.8690214403735,269.46900616876684,272.30694686810284,63477700,MSFT
2022-04-28,279.575439453125,280.8785798159734,271.6890497286869,275.28957261335694,33646600,MSFT
2022-04-29,267.88592529296875,279.81686511286546,266.90134504097585,278.5909341142436,37073900,MSFT
2022-05-02,274.5946044921875,275.0482895864189,266.63100384066234,268.06926895596354,35151100,MSFT
2022-05-03,271.9980163574219,274.26644208441866,270.4245970349058,274.10233066665234,25978600,MSFT
2022-05-04,279.9132995605469,280.7820499971457,267.1232758393873,272.77983068105766,33599300,MSFT
2022-05-05,267.7217712402344,276.40933528615983,264.816254282709,275.6274568786791,43260400,MSFT
2022-05-06,265.19268798828125,269.555764420702,261.8527815684002,265.2698978061163,37780300,MSFT
2022-05-09,255.39511108398438,262.9050277568733,254.17887192626353,260.68488387718264,47726000,MSFT
2022-05-10,260.14422607421875,264.24668604013874,255.86802193263964,262.25820191919195,39336400,MSFT
2022-05-11,251.50502014160156,261.9397496794325,250.29841377082406,256.4569374005787,48975900,MSFT
2022-05-12,246.48550415039062,250.8582435521003,241.3405338858611,248.74426727264887,51033800,MSFT
2022-05-13,252.05517578125,253.90853565823974,246.485492791465,248.41606249500785,34925100,MSFT
2022-05-16,252.42201232910156,256.59205034843524,246.9005812826205,250.9354652701601,32550900,MSFT
2022-05-17,257.55731201171875,259.0148721108303,253.34865472681068,256.87193855498094,28828800,MSFT
2022-05-18,245.83084106445312,255.04176140596195,244.56337491481253,254.4612355715473,31356000,MSFT
2022-05-19,244.92135620117188,249.30429522500646,243.70226967132928,245.65667612599017,32692300,MSFT
2022-05-20,244.3601531982422,250.1460116670098,238.4388554517078,248.888200942443,39199300,MSFT
2022-05-23,252.18753051757812,253.00993966850874,245.2019394152582,247.1950702704872,33175400,MSFT
2022-05-24,251.19093322753906,252.84540652501488,245.2696355087697,249.5171198981205,29043900,MSFT
2022-05-25,253.9967803955078,255.98989623202482,248.78179230730603,249.7590101930778,28547900,MSFT
2022-05-26,257.2669982910156,258.4377048602189,252.94212494462826,253.75484905664422,25002100,MSFT
2022-05-27,264.3687438964844,264.46550311516876,258.87316278571984,259.763306260141,26910800,MSFT
2022-05-31,263.04327392578125,265.84911459447005,260.1987236575402,263.68184944791426,37827700,MSFT
2022-06-01,263.5753479003906,268.67423608497063,261.2726146793663,266.26508840879205,25292200,MSFT
2022-06-02,265.6652526855469,265.73298709587516,253.10669066458044,255.86416618600398,44008200,MSFT
2022-06-03,261.2532958984375,264.5719571114333,259.6955816677973,261.5338887851949,28059000,MSFT
2022-06-06,260.0245361328125,265.2782340927179,258.5442115825969,263.2270685226695,22400300,MSFT
2022-06-07,263.6528015136719,264.26235216439045,257.30578597515415,257.9830710374571,22860700,MSFT
2022-06-08,261.6306457519531,264.13655309709793,260.85660150666956,262.88842705123176,17372300,MSFT
2022-06-09,256.1931457519531,263.8559928027338,256.03833688377534,259.08606081367157,26439700,MSFT
2022-06-10,244.7761993408203,252.1197571149294,244.33112762791936,252.1197571149294,31422800,MSFT
2022-06-13,234.39454650878906,240.9350792394787,233.68825153070904,237.1520215493574,46135800,MSFT
2022-06-14,236.5522003173828,237.76161683238632,233.66894071597716,235.9426496695378,28651500,MSFT
2022-06-15,243.58615112304688,247.01122689050288,238.4195274205562,240.24816456305055,33111700,MSFT
2022-06-16,237.0166015625,239.38705487358806,235.12991483585378,237.99380474825406,33169200,MSFT
2022-06-17,239.60960388183594,242.36707955457766,236.10713823491153,236.7553837419542,43084800,MSFT
2022-06-21,245.5018310546875,246.47903407910408,241.40915579637874,242.13480555323576,29928300,MSFT
2022-06-22,244.9116668701172,248.82050899795738,242.24126597240473,243.71192046945043,25939900,MSFT
2022-06-23,250.4556427001953,250.9490941058249,245.39546270431345,247.27247956979176,25861400,MSFT
2022-06-24,259.0086364746094,259.2795445759663,253.22277759883846,253.30985203926372,33923200,MSFT
2022-06-27,256.2899169921875,259.589179651512,254.73217298282648,259.5021051953525,24615100,MSFT
2022-06-28,248.15289306640625,258.2442559262375,247.99808423159308,255.40939111021387,27295500,MSFT
2022-06-29,251.81021118164062,253.46468475908262,247.45629682631295,249.22688443197563,20069800,MSFT
2022-06-30,248.4915313720703,251.10388274506582,244.68913309560924,248.70438985080898,31730900,MSFT
2022-07-01,251.15223693847656,251.33607059535083,246.343610863831,248.0658334178518,22837700,MSFT
2022-07-05,254.31605529785156,254.4418393123032,246.4693620667488,247.84325715699325,22941000,MSFT
2022-07-06,257.5670471191406,259.28925531633575,253.88074738510633,255.18692332453952,23824400,MSFT
2022-07-07,259.6858825683594,260.324457968474,256.4156159102422,256.5123751272476,20859900,MSFT
2022-07-08,258.96990966796875,259.395626588486,254.74179480110894,256.1930944319359,19658800,MSFT
2022-07-11,255.92221069335938,257.87661708581794,253.66784185070392,257.02518316379025,19455200,MSFT
2022-07-12,245.4341278076172,257.3057634702687,243.8570440782721,257.2477138444937,35868500,MSFT
2022-07-13,244.51498413085938,245.3180384343123,240.05465562247608,242.06712638955372,29497400,MSFT
2022-07-14,245.83084106445312,246.85642391031848,237.95512128406688,242.4348047942675,25102800,MSFT
2022-07-15,248.3851318359375,251.91662221794022,246.49844499125953,247.41759860652465,29774100,MSFT
2022-07-18,245.9953155517578,252.3713557823353,245.07616196648328,251.3167481398981,20975000,MSFT
2022-07-19,251.1038818359375,251.28771549994482,245.4438068994524,249.2171803481861,25012600,MSFT
2022-07-20,253.75491333007812,256.2705054721165,250.50401605859645,251.46186444630638,22788300,MSFT
2022-07-21,256.2414855957031,256.2898799710948,248.68505377050542,251.35545481408533,22404700,MSFT
2022-07-22,251.90687561035156,256.7155157613963,250.65877931001037,256.6284413353328,21881300,MSFT
2022-07-25,250.42660522460938,253.00993186101113,248.4721987897753,252.52616526089446,21056000,MSFT
2022-07-26,243.7216033935547,251.44252883940965,241.46726406430727,251.42315927857734,39348000,MSFT
2022-07-27,260.01483154296875,261.2822975208546,250.44594469622396,252.68094375810006,45994000,MSFT
2022-07-28,267.435791015625,268.8193560723427,259.1730512079758,260.99201791065275,33459300,MSFT
2022-07-29,271.625244140625,272.8443453449876,267.64869711004144,268.6839646557535,32152800,MSFT
2022-08-01,268.98388671875,272.147709327751,266.8843268988861,268.80005306751355,21539600,MSFT
2022-08-02,265.8974914550781,268.8678255810628,263.53670799309106,267.0391735890701,22754200,MSFT
2022-08-03,273.29913330078125,274.295691421878,267.62937279083735,267.7745264077172,23518900,MSFT
2022-08-04,274.4407958984375,274.58591997817257,271.07379914150016,272.65085351031576,18098700,MSFT
2022-08-05,273.72479248046875,274.4407575248996,269.63211684357026,270.08685858100347,16774600,MSFT
2022-08-08,271.21893310546875,276.6371253182812,270.2513998362798,274.8278133024093,18739200,MSFT
2022-08-09,273.1346130371094,273.8892877589125,268.5968799256363,270.5610006852255,23405200,MSFT
2022-08-10,279.77197265625,280.4008634860013,277.6240472414296,278.81412400057917,24687800,MSFT
2022-08-11,277.70135498046875,281.7553212542064,277.20793315057733,281.40702349193015,20065900,MSFT
2022-08-12,282.4326171875,282.4326171875,277.62397604955174,279.1139854304459,22619700,MSFT
2022-08-15,283.94195556640625,284.62889583747915,280.6910288186994,281.55214749764076,18085700,MSFT
2022-08-16,283.2066345214844,284.49347021164397,280.9910047541906,282.51000943686375,18102900,MSFT
2022-08-17,282.46002197265625,284.42828191151625,280.6662805490986,280.9280583220521,18253400,MSFT
2022-08-18,281.34503173828125,283.0321034033775,280.2881560238518,281.36441282325103,17186200,MSFT
2022-08-19,277.4472961425781,280.45302156557796,276.87524340040335,280.1136602196925,20570000,MSFT
2022-08-22,269.3027038574219,273.86944889431794,268.7888240939447,273.50100121683664,25061100,MSFT
2022-08-23,268.0325622558594,270.3789456095567,267.0241837556368,268.0325622558594,17527400,MSFT
2022-08-24,267.40240478515625,268.7986124206689,266.7430631426748,267.03395699391723,18137000,MSFT
2022-08-25,270.36932373046875,270.53413693993167,266.1709957164904,268.89553264663925,16583400,MSFT
2022-08-26,259.93658447265625,271.81402564273543,259.8299441018192,270.5923365109039,27549300,MSFT
2022-08-29,257.1635437011719,259.2675307004995,255.82550904713992,257.7646828438369,20338500,MSFT
2022-08-30,254.97225952148438,258.92816091829354,252.73251622654692,258.559742764077,22767100,MSFT
2022-08-31,253.51788330078125,258.9863379304906,253.3821269343252,257.31867689878567,24791800,MSFT
2022-09-01,252.4804229736328,252.95554067570222,247.64219380873456,250.99695619943782,23263400,MSFT
2022-09-02,248.2723846435547,256.68839066109626,246.73074523815598,253.7408682003107,22855400,MSFT
2022-09-06,245.5478973388672,249.9885925912268,244.2777407898771,248.4081907033707,21328200,MSFT
2022-09-07,250.24069213867188,250.95817701237237,245.5188084309381,246.95379297306187,24126700,MSFT
2022-09-08,250.6575927734375,252.5095072886724,247.04103780727314,249.6783301329259,20319900,MSFT
2022-09-09,256.41693115234375,257.1635319672501,252.37377054080144,252.57737549512018,22084700,MSFT
2022-09-12,258.54034423828125,259.316031521762,257.09566920762467,257.6968083589195,18747700,MSFT
2022-09-13,244.32618713378906,252.48040101382477,243.93834353048703,250.96784794774865,33353300,MSFT
2022-09-14,244.5491943359375,246.49805856116708,242.26096879830945,245.8193507310912,23913000,MSFT
2022-09-15,237.91722106933594,243.75412313348235,236.5985823888046,242.1737066610615,31530900,MSFT
2022-09-16,237.29669189453125,237.83965816543386,234.69819143342704,236.8312795525679,39791800,MSFT
2022-09-19,237.08340454101562,237.6845437141437,233.5250222191205,235.09574833973136,26826900,MSFT
2022-09-20,235.07632446289062,236.10408413767027,232.35178783208616,234.70789152713547,26660300,MSFT
2022-09-21,231.6827850341797,240.12789337863492,231.634302730604,236.84099440441966,28625600,MSFT
2022-09-22,233.6510467529297,236.44346175605514,230.3447666716902,230.6356309055808,31061200,MSFT
2022-09-23,230.68409729003906,233.79647753038185,228.04681992346752,232.25482322354088,34176000,MSFT
2022-09-26,230.2284393310547,234.10678748502394,229.6951635009391,229.8406104335474,27694200,MSFT
2022-09-27,229.2200469970703,234.44611989699393,227.3681324316485,232.68146460352042,27018700,MSFT
2022-09-28,233.73831176757812,234.95998588678188,227.5911198226186,229.60786226959718,29029700,MSFT
2022-09-29,230.27688598632812,232.6523709038743,227.28086605201818,231.6246111693645,27484200,MSFT
2022-09-30,225.8167724609375,233.224415436406,225.65194447106404,231.0428450141116,35694800,MSFT
2022-10-03,233.41835021972656,234.26188606885609,227.52326022905194,228.25045038719026,28880400,MSFT
2022-10-04,241.31080627441406,242.7457908263603,237.52940827026438,237.63606342718273,34888400,MSFT
2022-10-05,241.62103271484375,242.95906726147314,236.67614880702004,238.50866730601555,20347100,MSFT
2022-10-06,239.28431701660156,242.72635307461078,238.5959186818319,240.38964536366748,20239900,MSFT
2022-10-07,227.11602783203125,233.98070446797666,226.07856280672056,233.57346497384196,37769600,MSFT
2022-10-10,222.27781677246094,227.426321306338,219.83445342266862,225.96225028205052,29743600,MSFT
2022-10-11,218.55458068847656,222.0935668585732,217.29411479408543,220.69735939369207,30474000,MSFT
2022-10-12,218.8842010498047,220.93002961153846,217.1486473385325,218.5448397814522,21903900,MSFT
2022-10-13,227.11602783203125,228.91945995498912,212.46557001660585,213.163673728378,42551800,MSFT
2022-10-14,221.60877990722656,230.02480190806705,221.3954696052538,228.37649233923707,30198600,MSFT
2022-10-17,230.30593872070312,231.6924554615013,227.98862698827506,228.64795366917255,28142300,MSFT
2022-10-18,231.24647521972656,236.51132497546385,228.2116634940623,235.84232244327512,26329600,MSFT
2022-10-19,229.2878875732422,232.3226990610641,227.1644900654512,229.83085382652337,19985700,MSFT
2022-10-20,228.96792602539062,233.97099766347205,227.72685605551754,228.59949308712024,21811000,MSFT
2022-10-21,234.75636291503906,235.60960407563198,227.3681158672251,227.60082203685621,26299700,MSFT
2022-10-24,239.7303924560547,240.30244525132326,233.96135260362018,236.3465284052963,24911200,MSFT
2022-10-25,243.03662109375,243.40505400256714,238.35351526216095,239.74001722910089,34775500,MSFT
2022-10-26,224.28485107421875,231.05256356203466,223.06316209926047,224.13940416091688,82543200,MSFT
2022-10-27,219.8538055419922,226.58274025958372,218.9133051682239,224.01332637862237,40424600,MSFT
2022-10-28,228.69642639160156,229.40423538492817,219.17509201652825,219.35931586973052,40647700,MSFT
2022-10-31,225.07020568847656,227.77534655596756,224.11999990021067,226.65062223193135,28357300,MSFT
2022-11-01,221.23060607910156,228.57038484843883,220.41615676312193,227.46505654968945,30592300,MSFT
2022-11-02,213.4060821533203,224.26545245124476,213.34789451187777,222.48141610977814,38407000,MSFT
2022-11-03,207.7340087890625,213.7066680884104,207.47221616405207,213.39639315584648,36633900,MSFT
2022-11-04,214.6568145751953,214.85072897039285,206.93889737068497,210.93360492641042,36789100,MSFT
2022-11-07,220.9397430419922,221.46332820770985,214.5501694748692,215.23858262395112,33498000,MSFT
2022-11-08,221.90931701660156,224.60476702569903,218.97147031751535,221.7444890427756,28192500,MSFT
2022-11-09,217.68197631835938,221.6766848972125,217.5074577563998,220.45499578460004,27852900,MSFT
2022-11-10,235.59019470214844,235.92955599741592,227.85289624042093,228.2698114597355,46268000,MSFT
2022-11-11,239.59461975097656,240.4478609583566,234.5721519094285,235.59992645228266,34620200,MSFT
2022-11-14,234.2037353515625,236.49196119049105,231.93490539453896,234.63035598513406,31123300,MSFT
2022-11-15,234.61093139648438,239.4879520708681,232.72993053937964,238.18870924194545,31390100,MSFT
2022-11-16,235.0387420654297,237.05145015358517,233.76500614633548,236.06939815763067,24093300,MSFT
2022-11-17,234.99014282226562,236.51669138454196,231.05226116577742,231.1981031395672,23123500,MSFT
2022-11-18,234.54286193847656,236.99311072037338,232.4134803048627,236.76946659991202,27613500,MSFT
2022-11-21,235.3498992919922,237.8973712159803,234.51370406585946,234.74705121223045,26394700,MSFT
2022-11-22,238.24737548828125,238.51962368090963,234.04696420457608,236.8472334482416,19665700,MSFT
2022-11-23,240.72682189941406,241.40744246425524,237.50844728562427,238.3251919634337,19508500,MSFT
2022-11-25,240.6393280029297,241.81582614094168,239.90035578095558,240.46430280009824,9200800,MSFT
2022-11-28,235.06793212890625,239.82257338781716,234.13451381597585,239.26835904634282,24778200,MSFT
2022-11-29,233.67750549316406,236.069402727706,231.61619326885713,234.71787945747192,17956300,MSFT
2022-11-30,248.07757568359375,248.26231874681702,233.22053616535177,233.91088948006765,47594200,MSFT
2022-12-01,247.63999938964844,249.03040883628205,243.97435155588244,246.84269045988094,26041500,MSFT
2022-12-02,247.9608612060547,248.9720667058495,242.778397783122,242.90480403425175,21528500,MSFT
2022-12-05,243.2742919921875,246.79409803519974,241.19352923147437,245.0341875954859,23435300,MSFT
2022-12-06,238.33493041992188,244.88836862260774,237.03202596367208,243.87716295834053,22463700,MSFT
2022-12-07,237.605712890625,239.34617311444467,235.50551403372242,238.05298639132818,20481500,MSFT
2022-12-08,240.55178833007812,241.85470746474556,236.33192613856002,238.06265330165112,22611800,MSFT
2022-12-09,238.62657165527344,241.4365734953146,237.40145482814447,237.9265006579388,20609700,MSFT
2022-12-12,245.5203399658203,245.5495083577721,240.32815848858516,240.6004067044122,30665100,MSFT
2022-12-13,249.8083038330078,256.61453937496145,246.06486835036688,254.44625651294808,42196900,MSFT
2022-12-14,250.10000610351562,255.32135671859504,247.27055298866887,250.01250091515968,35410900,MSFT
2022-12-15,242.1172332763672,247.16357301987648,240.49346176051932,246.69686389132764,35560400,MSFT
2022-12-16,237.91685485839844,242.9242942231715,236.76951016225317,241.67000862767128,86102000,MSFT
2022-12-19,233.79417419433594,238.42242358687312,232.1023480969562,238.08210589515767,29696400,MSFT
2022-12-20,235.10682678222656,236.18610187706696,231.8203825618914,232.7732513908985,25150800,MSFT
2022-12-21,237.6639862060547,238.82104848275608,233.4635747777796,234.9998409670087,23690600,MSFT
2022-12-22,231.59674072265625,235.29155709825014,227.39631414751827,234.58175331390822,28651700,MSFT
2022-12-23,232.12179565429688,232.25791977065128,227.46439246807083,229.57432368977197,21207000,MSFT
2022-12-27,230.40078735351562,232.3162427208361,229.30206179925912,232.09261343652005,16688600,MSFT
2022-12-28,228.0380401611328,233.08437961165026,227.6880046259404,230.33271426152407,17457100,MSFT
2022-12-29,234.33868408203125,235.223498262144,229.12705170853215,229.12705170853215,19770700,MSFT
2022-12-30,233.18162536621094,233.3177494769252,230.1090927684712,231.6161906747891,21938500,MSFT
2023-01-03,232.94827270507812,238.94748134129327,230.82860879757206,236.3513904454424,25740000,MSFT
2023-01-04,222.7583465576172,226.42397945527185,219.70526469993285,225.85031465735742,50623400,MSFT
2023-01-05,216.1562957763672,221.25125412142148,215.62151720752513,220.91093644040888,39585600,MSFT
2023-01-06,218.70379638671875,219.51082327228505,213.27826716927703,216.8272270587664,43613600,MSFT
2023-01-09,220.83316040039062,224.8391261091335,220.14282198786435,220.18170823285104,27369800,MSFT
2023-01-10,222.51528930664062,224.90718660058684,221.03735973961676,221.45544993887123,27033900,MSFT
2023-01-11,229.2437286376953,229.41873899259986,224.71271707723938,224.88772743214392,28669300,MSFT
2023-01-12,231.90785217285156,233.25937529724501,227.09487499383394,228.74781470305837,27269500,MSFT
2023-01-13,232.60794067382812,232.74406478160432,228.41724688827324,230.43967280124468,21333300,MSFT
2023-01-17,233.6969757080078,234.2414722028024,230.52720494179857,231.38285076871398,29831300,MSFT
2023-01-18,229.28262329101562,235.67076853478866,229.0006572078567,234.88319223600368,30028700,MSFT
2023-01-19,225.510009765625,229.00064735365646,224.29461063179636,227.3088064182575,28623000,MSFT
2023-01-20,233.570556640625,234.07616685941196,228.0186065956563,228.35892430446629,35389800,MSFT
2023-01-23,235.865234375,238.3835379806386,233.01633090813738,234.42620586269453,31934000,MSFT
2023-01-24,235.34017944335938,237.19731304543689,233.7844773158166,235.78745289233305,40234400,MSFT
2023-01-25,233.9497528076172,236.5652941592754,224.50852565701223,227.98943061234027,66526600,MSFT
2023-01-26,241.1352081298828,241.43662476621853,235.30129180415983,236.90561285916706,33454500,MSFT
2023-01-27,241.29080200195312,242.91457372817888,239.99761533309652,242.09782893829603,26498900,MSFT
2023-01-30,235.9916229248047,238.80162509755758,235.4957305884033,237.74178578895192,25867400,MSFT
2023-01-31,240.95046997070312,241.08659409428063,236.22499705734649,236.7111567610399,26541100,MSFT
2023-02-01,245.7537078857422,248.11643670951443,238.67522443009082,241.1351911203326,31259900,MSFT
2023-02-02,257.27569580078125,257.3632009780913,250.12914292548695,251.6556913662783,39940400,MSFT
2023-02-03,251.1986846923828,256.88675825123045,249.9832856273653,252.35574697610576,29077300,MSFT
2023-02-06,249.6623992919922,251.15004653464848,247.72749350962195,250.3138662354951,22518000,MSFT
2023-02-07,260.1537780761719,261.3302762498554,252.88081823202182,253.31837383415902,50841400,MSFT
2023-02-08,259.3467102050781,269.09907056810056,258.8410852318201,265.63761659917793,54686000,MSFT
2023-02-09,256.3228759765625,266.39612198189866,255.5255668211164,266.221081910891,42375100,MSFT
2023-02-10,255.81723022460938,256.7798168982394,253.4447686061317,254.29068170390744,25818500,MSFT
2023-02-13,263.8096618652344,266.99886776795535,259.75507760072225,260.23153420322126,44630900,MSFT
2023-02-14,264.6361389160156,267.35862090148964,261.82612208741193,265.12229853290944,37047900,MSFT
2023-02-15,262.5209655761719,263.8953733913227,259.46022127566107,261.54621079213484,28922400,MSFT
2023-02-16,255.53189086914062,260.00601053578754,255.2882022397123,257.3546770577212,29603600,MSFT
2023-02-17,251.545166015625,253.523916634786,249.53717394877788,252.84160627305934,30000100,MSFT
2023-02-21,246.291259765625,249.04007506409081,245.23852294112166,248.0555633319736,28397400,MSFT
2023-02-22,245.16055297851562,247.91911060638247,244.0200917469653,247.6754219276689,22491100,MSFT
2023-02-23,248.33827209472656,250.35600669518152,244.1565658834327,249.108321803698,29219100,MSFT
2023-02-24,242.92835998535156,244.66342210762315,241.8366395147742,243.649683795455,24990900,MSFT
2023-02-27,243.8446502685547,246.43750145661366,243.09408495125825,246.08658915391715,21190000,MSFT
2023-02-28,243.12332153320312,245.1410709516809,242.4507383937105,242.78216630386783,22491000,MSFT
2023-03-01,240.05284118652344,244.59518672884,239.58494822729267,244.4294802167035,27565300,MSFT
2023-03-02,244.7706298828125,245.05330217438188,239.40947954597493,240.3257512560428,24808200,MSFT
2023-03-03,248.84510803222656,249.16677885152734,245.04357084699137,245.82337754163785,30760100,MSFT
2023-03-06,250.38525390625,253.55320692008516,249.517722752789,249.956359426143,24109800,MSFT
2023-03-07,247.73390197753906,251.18454195758378,246.99309375726955,249.82961864090797,21473200,MSFT
2023-03-08,247.2952423095703,248.11403261472034,244.47820207332853,247.62665530828698,17340200,MSFT
2023-03-09,245.9501190185547,253.0073336989174,245.22879516854297,249.36176055143883,26653400,MSFT
2023-03-10,242.3142547607422,246.40822131411622,241.34925717678098,244.74139919259653,28333900,MSFT
2023-03-13,247.5096893310547,251.39896558800064,239.52644667781433,241.15428509526765,33339700,MSFT
2023-03-14,254.20632934570312,254.47925951777324,249.40078013128053,250.26831136541318,33620300,MSFT
2023-03-15,258.7388916015625,259.7526448252449,252.66615907277222,253.41673923474747,46028000,MSFT
2023-03-16,269.2272644042969,269.57816182335324,256.6334203873444,258.514689849532,54768800,MSFT
2023-03-17,272.37567138671875,276.1772083863334,269.3441988521381,271.23522516040924,69527400,MSFT
2023-03-20,265.35748291015625,270.47494508940247,263.0375619626868,269.98756773899805,43466600,MSFT
2023-03-21,266.8683776855469,268.0575797747977,262.7159125670362,267.94061395407743,34558700,MSFT
2023-03-22,265.4159851074219,273.9450893595406,265.30874661401754,266.497948625342,34873300,MSFT
2023-03-23,270.650390625,273.9645506194871,268.25250241830935,270.92332074814243,36610900,MSFT
2023-03-24,273.4869384765625,273.54542137989336,268.3304776871036,270.24098860593506,28172000,MSFT
2023-03-27,269.4027404785156,274.35448184903447,268.56443586925224,273.4187255560144,26840200,MSFT
2023-03-28,268.2817687988281,269.1687992182552,265.18202599070054,268.8276290958363,21878600,MSFT
2023-03-29,273.4284362792969,274.0425364680911,271.3814455656998,271.9175487241211,25087000,MSFT
2023-03-30,276.8789978027344,277.2786507086976,274.3739014000633,277.0544762167483,25053400,MSFT
2023-03-31,281.02178955078125,281.96730287180225,275.8556011455048,276.5671828397676,32766000,MSFT
2023-04-03,279.9787902832031,280.99251370652144,276.781596204477,279.2866930601582,24883300,MSFT
2023-04-04,279.9300231933594,283.117489822551,278.45816395278734,279.9787787723989,25824300,MSFT
2023-04-05,277.1617431640625,279.90080144519544,275.77760817176124,278.6336322553814,22064800,MSFT
2023-04-06,284.23846435546875,284.7063275533511,274.91005513471964,276.0602584923825,29770300,MSFT
2023-04-10,282.08428955078125,282.2889797177499,277.5224147425445,281.90881108908263,23103000,MSFT
2023-04-11,275.6898498535156,278.7603508575734,274.5299191651681,278.5361465748028,27276600,MSFT
2023-04-12,276.3331298828125,279.7642845895969,274.8417567621939,277.6003285178027,27403400,MSFT
2023-04-13,282.52288818359375,282.58137108364906,276.02129123451107,276.4306715348985,24222700,MSFT
2023-04-14,278.9163513183594,281.1972739689878,276.5281901717606,279.75462616341997,20987900,MSFT
2023-04-17,281.5091857910156,284.2385171903197,278.93584848287077,282.6106635193612,23836200,MSFT
2023-04-18,281.09002685546875,284.3944597878288,279.7643746535523,284.2092540026853,20161800,MSFT
2023-04-19,281.1679992675781,281.7528282776957,277.3567049001675,278.7700813374877,17150300,MSFT
2023-04-20,278.8870849609375,281.73338210050423,277.88308869454204,278.0488101013178,23244400,MSFT
2023-04-21,278.5458984375,279.04300308117706,275.91404898236954,277.8148324496472,21676400,MSFT
2023-04-24,274.6566162109375,277.75635870948304,271.6836263278282,274.9685448486902,26611000,MSFT
2023-04-25,268.4669189453125,274.4908950976734,268.41816336812605,272.45366159943416,45772200,MSFT
2023-04-26,287.91326904296875,292.00725036990406,285.33993229955405,289.2097093535968,64599200,MSFT
2023-04-27,297.1344909667969,297.495175228431,287.79635312272336,288.4981777647632,46462600,MSFT
2023-04-28,299.503173828125,301.1309977099639,295.65288041191343,296.335220680939,36469600,MSFT
2023-05-01,297.8460693359375,300.8093322076719,297.4464163049507,299.2204771506516,21294100,MSFT
2023-05-02,297.6998291015625,301.3746435203023,296.237697087883,299.9905085390908,26404400,MSFT
2023-05-03,296.71533203125,300.819041090019,296.4131604465873,298.8792887083803,22360800,MSFT
2023-05-04,297.6998291015625,299.9905085390908,295.74056268414336,298.5088623937183,22519900,MSFT
2023-05-05,302.8075866699219,304.094270204725,296.58864599886385,298.00205242307055,28197100,MSFT
2023-05-08,300.8580627441406,302.3689505307948,298.36269283862055,302.30071055555146,21318600,MSFT
2023-05-09,299.24969482421875,302.2129574604757,298.5771116971217,300.22444953048654,21340800,MSFT
2023-05-10,304.4256286621094,305.09821176430125,299.9027824610233,300.8287815493971,30078000,MSFT
2023-05-11,302.2811584472656,303.2656701896078,298.5283767405059,302.2714311285641,31680200,MSFT
2023-05-12,301.16998291015625,302.80756378679547,298.8598188614768,302.71008236022425,19774700,MSFT
2023-05-15,301.6475830078125,302.0764774582507,299.82479646702666,301.2966855922646,16336500,MSFT
2023-05-16,303.8700866699219,305.79035503595617,302.0083012188199,302.0083012188199,26730300,MSFT
2023-05-17,306.7420349121094,307.1620885056331,303.55737876771076,305.0715691203483,24315000,MSFT
2023-05-18,311.15753173828125,311.66553123401303,306.46849366987317,307.2597684712648,27276000,MSFT
2023-05-19,310.9817810058594,311.38230770853096,309.05731504102437,309.4187579694345,27546700,MSFT
2023-05-22,313.7561340332031,315.13354641281757,310.6594231373723,311.23578210832846,24115700,MSFT
2023-05-23,307.9729309082031,315.26048835857114,307.9631525133489,312.63266399021563,30797200,MSFT
2023-05-24,306.5955505371094,309.1842914063532,305.38419212471825,307.45521463229585,23384900,MSFT
2023-05-25,318.3865661621094,319.3438949651791,312.6033903237595,315.7684901108892,43301700,MSFT
2023-05-26,325.1954040527344,325.69359534814544,316.3936568169518,316.5304052743781,36630600,MSFT
2023-05-30,323.55426025390625,327.9795506793169,322.88020682779495,327.4813593124993,29503100,MSFT
2023-05-31,320.79949951171875,328.1749743960477,319.76397327421006,324.60934766264484,45950600,MSFT
2023-06-01,324.8925476074219,325.8206007034054,317.2142423331167,318.39626537207107,26773900,MSFT
2023-06-02,327.64752197265625,329.6989883067812,324.8633912200718,326.5241091601233,25873800,MSFT
2023-06-05,328.17486572265625,330.7343005608071,326.9244536714919,327.47150708061537,21307100,MSFT
2023-06-06,325.9671630859375,327.6181020499909,324.4920861780968,327.57901828059016,20396200,MSFT
2023-06-07,315.9052734375,326.75845825838536,315.045609330463,323.9841067025186,40717100,MSFT
2023-06-08,317.7418212890625,319.0899281933469,315.8759662068324,316.45232513607897,23277700,MSFT
2023-06-09,319.2364501953125,322.3624661949436,316.9114577219513,317.47803824659906,22529000,MSFT
2023-06-12,324.17950439453125,324.4237258036258,317.6441371021866,320.9850692837771,24260300,MSFT
2023-06-13,326.5631103515625,329.1909351194717,322.7532623015664,326.7389426125968,22951300,MSFT
2023-06-14,329.5425720214844,331.20328940233077,325.11728161658255,326.61191533447175,26003800,MSFT
2023-06-15,340.0538330078125,341.7536041604146,329.40578750574196,329.6793142407834,38899100,MSFT
2023-06-16,334.4172058105469,343.3459537429244,334.04601435643656,343.19942687785715,46552000,MSFT
2023-06-20,330.2362060546875,334.1730543177765,328.0968239407517,331.4670916030304,26375400,MSFT
2023-06-21,325.8499450683594,329.923570971666,324.3943951235906,328.59499110748806,25117800,MSFT
2023-06-22,331.8578186035156,332.2583453008443,325.63506173065974,326.39703135157714,23556800,MSFT
2023-06-23,327.2761535644531,330.1481991797799,325.7424660612822,326.6314055883412,23146900,MSFT
2023-06-26,321.0045471191406,328.34093617153155,320.89707422323846,326.00619557719705,21520600,MSFT
2023-06-27,326.8365783691406,328.38004429209786,321.68837287006505,324.18919728458985,24354100,MSFT
2023-06-28,328.0870361328125,330.1678072397065,326.0941811528345,326.92453987884056,20259500,MSFT
2023-06-29,327.30548095703125,328.3409772213773,324.93165630266327,326.97334345829574,16997000,MSFT
2023-06-30,332.6686706542969,334.8080527610433,329.4058759346282,329.94315115449086,26832800,MSFT
2023-07-03,330.1775817871094,333.0203226963317,328.7904208148886,331.3498565292041,12508700,MSFT
2023-07-05,330.3338623046875,333.7529619318794,326.99293022093957,327.3445947298887,18172400,MSFT
2023-07-06,333.3817138671875,335.0619581701481,327.7450950952517,329.5034771232006,28161200,MSFT
2023-07-07,329.42535400390625,333.8897282258727,329.2104379854344,331.4768196689225,21214800,MSFT
2023-07-10,324.159912109375,327.4813467591402,320.017927004541,326.86590410565805,32791400,MSFT
2023-07-11,324.7851867675781,325.1661566846007,319.4416208471581,323.4077743662795,26698200,MSFT
2023-07-12,329.4058532714844,333.75297652887264,327.91121941871575,328.8197159187511,29995300,MSFT
2023-07-13,334.7395935058594,335.79461674267833,331.1837159282275,331.711242452727,20567200,MSFT
2023-07-14,337.25994873046875,343.3068725083686,336.35145234816736,339.55563567406386,28352700,MSFT
2023-07-17,337.7386169433594,338.9694723365567,334.2902125016096,337.68975478361295,20363900,MSFT
2023-07-18,351.1805725097656,358.30207642907544,334.26093764915,337.8363124834503,64738600,MSFT
2023-07-19,346.8724670410156,354.08188631915596,344.29350499570205,353.3883060079185,39732900,MSFT
2023-07-20,338.852294921875,349.6957307761419,337.3869665581141,345.3974402048797,33778400,MSFT
2023-07-21,335.823974609375,342.20303681474576,331.9750427010371,341.07962426148026,69405400,MSFT
2023-07-24,337.1329650878906,338.901155398555,334.397697414045,337.8558806826926,26678100,MSFT
2023-07-25,342.8673095703125,343.7562790203098,337.09391224924093,339.0867373558683,41637700,MSFT
2023-07-26,329.9626159667969,336.70314999869004,325.41032580255074,333.5477989926325,58383700,MSFT
2023-07-27,323.07562255859375,333.4403649695194,321.444210409782,332.61003601882766,39635300,MSFT
2023-07-28,330.5487060546875,332.1508124109677,325.46891989231955,325.95736258940354,28484900,MSFT
2023-07-31,328.15545654296875,329.89431189161485,325.65460173075695,329.1323422402348,25446000,MSFT
2023-08-01,328.565673828125,330.7148339075202,325.9867115450311,327.4422614370604,18311900,MSFT
2023-08-02,319.92999267578125,325.9183054002414,318.81632892578153,325.9183054002414,27761300,MSFT
2023-08-03,319.109375,322.2549470489756,318.41579474240694,318.4646270854947,18253700,MSFT
2023-08-04,320.2035217285156,327.3934143700841,319.67599522143337,324.20875816253636,23741500,MSFT
2023-08-07,322.4796447753906,323.45653023504116,319.94951501235715,320.7798736154958,17741500,MSFT
2023-08-08,318.5135192871094,321.151122177393,315.5340303066097,319.4024887084689,22327600,MSFT
2023-08-09,314.7818603515625,319.5490370786911,313.629112676302,318.92384579160165,22373300,MSFT
2023-08-10,315.4656982421875,320.67251582192995,313.7561482330681,318.48427153797036,20113700,MSFT
2023-08-11,313.59002685546875,314.9576606059445,311.83161505156005,312.8573627235517,24355500,MSFT
2023-08-14,316.54998779296875,316.5695147707091,312.68149972344554,313.9612471638397,18836100,MSFT
2023-08-15,314.42034912109375,317.5756999823602,313.48254739923874,315.53401288819225,16966300,MSFT
2023-08-16,313.6567687988281,317.59218190962685,313.0693905863645,314.0483443153716,20698900,MSFT
2023-08-17,310.2109069824219,315.09587723168505,309.5549947446499,313.7938817302348,21257200,MSFT
2023-08-18,309.8193054199219,311.679311641093,304.9930405423695,307.8711670676138,24755000,MSFT
2023-08-21,315.10565185546875,315.9769051965937,310.3675190796091,311.23877242073405,24040000,MSFT
2023-08-22,315.6734313964844,319.21723934340076,314.6944776045053,318.6494592891844,16084600,MSFT
2023-08-23,320.1179504394531,322.27166113870885,316.652444996216,317.00488396305076,21166400,MSFT
2023-08-24,313.2358703613281,325.97206974501347,313.22607126255105,325.8448009621162,23281400,MSFT
2023-08-25,316.1824951171875,318.5123799630537,312.09044570865603,314.70426538436715,21684100,MSFT
2023-08-28,316.8874206542969,319.2858400208198,314.94908098588996,318.80616212257627,14808500,MSFT
2023-08-29,321.49822998046875,322.0562408320529,315.1056626837717,315.1056626837717,19284600,MSFT
2023-08-30,321.8702697753906,322.86879202505213,319.57952117301215,321.7528000842896,15222100,MSFT
2023-08-31,320.8619689941406,323.9456680844239,319.90258332981267,322.2716651283224,26411000,MSFT
2023-09-01,321.74298095703125,325.00288418337306,319.9025429102048,324.33720272503615,14942000,MSFT
2023-09-05,326.53009033203125,327.8027484399957,321.74302087195747,322.07586164241764,18553900,MSFT
2023-09-06,325.8741760253906,327.4209100280818,323.23098856949474,326.3636529709045,17535800,MSFT
2023-09-07,322.96661376953125,326.0698802204904,322.10512974677425,324.3175746347369,18381000,MSFT
2023-09-08,327.23492431640625,329.0851616119029,322.5261582327596,323.14290399792515,19530100,MSFT
2023-09-11,330.8276672363281,331.29757584054045,328.37048350695864,330.1423875895978,16583300,MSFT
2023-09-12,324.7875061035156,329.7018735211136,324.50363099894156,328.75228709732,17565500,MSFT
2023-09-13,328.98724365234375,329.76062559468676,324.2001746396606,324.33721264984047,16544400,MSFT
2023-09-14,331.5716857910156,333.68619984765456,329.48650927999284,332.01219710477335,20267000,MSFT
2023-09-15,323.2701110839844,330.2989918946616,322.7121002719872,329.8291132111252,37679800,MSFT
2023-09-18,322.1345520019531,323.4463465779978,319.4913646526402,320.90106058890035,16834200,MSFT
2023-09-19,321.73321533203125,322.4576615829364,317.68036144314755,319.30542861366945,16505900,MSFT
2023-09-20,314.01904296875,322.6534238453553,313.7645352608611,322.57512067569024,21436500,MSFT
2023-09-21,312.80511474609375,318.50263318201627,308.37045511046944,312.54080796824985,35560400,MSFT
2023-09-22,310.33819580078125,314.6847536524901,309.4962798834054,314.5574848611761,21447900,MSFT
2023-09-25,310.8570251464844,310.98429393163934,308.3704739123921,309.92700700519936,17836000,MSFT
2023-09-26,305.5706481933594,309.2319257820145,303.49524107796117,308.4977104446982,26297600,MSFT
2023-09-27,306.2070007324219,307.6852008158054,303.1722376476752,305.7272930031046,19410100,MSFT
2023-09-28,307.03912353515625,308.8403951730469,302.9373041972711,304.44487173232886,19683600,MSFT
2023-09-29,309.10467529296875,312.746384776468,308.35089159051364,311.06258297495117,24147300,MSFT
2023-10-02,315.02728271484375,315.1154148364271,308.5466141242197,309.62346914878606,20570000,MSFT
2023-10-03,306.7943420410156,314.6259723470464,304.66020007739525,314.0777307403494,21033500,MSFT
2023-10-04,312.2471008300781,313.3043876816742,307.3914982671209,307.420865686593,20720100,MSFT
2023-10-05,312.638671875,313.24564832750764,308.27254628304615,312.3743651035606,16965600,MSFT
2023-10-06,320.3724365234375,322.2618102249638,309.6430811517103,309.8878196065806,25673600,MSFT
2023-10-09,322.8785400390625,323.34841872912307,316.37827265710837,317.9152372482106,19891200,MSFT
2023-10-10,321.4786682128906,324.13162477364205,320.7738202479149,323.9945568948938,20557100,MSFT
2023-10-11,325.4238586425781,325.8154342155564,322.21289114367397,324.2393029495446,20063200,MSFT
2023-10-12,324.1903991699219,326.608416662478,321.8017491013521,323.6128199146543,19313100,MSFT
2023-10-13,320.8325500488281,326.8041445225291,319.49135820401887,325.3846793916084,21072400,MSFT
2023-10-16,325.63922119140625,329.06555964733286,323.6421469834392,324.0826582883067,22158000,MSFT
2023-10-17,325.0714111328125,326.4419405397074,320.51928173209353,322.65339394249423,18338500,MSFT
2023-10-18,323.1624755859375,328.5271540118079,321.3905713182834,325.49239077773996,23153600,MSFT
2023-10-19,324.34698486328125,329.78996567974724,323.9456102144574,325.1595033838665,25052100,MSFT
2023-10-20,319.7948913574219,324.93439945615916,318.60056637565555,324.7385967213242,25027700,MSFT
2023-10-23,322.38909912109375,325.7273354388913,317.56286365993043,318.620120705819,24374700,MSFT
2023-10-24,323.5735778808594,324.8560048878325,320.7052505981055,324.3273615041399,31153600,MSFT
2023-10-25,333.5002136230469,338.9138270951405,330.51438652342347,337.7586388732426,55053800,MSFT
2023-10-26,320.9891357421875,334.4399497145707,320.05911779819354,333.37289379084336,37828500,MSFT
2023-10-27,322.8687438964844,329.63331810351394,321.4884154812009,323.47569046023347,29856500,MSFT
2023-10-30,330.2109680175781,332.3059438965827,324.8462893966071,326.3930534311685,22828100,MSFT
2023-10-31,330.99407958984375,331.865362876774,327.64607407506094,331.71852577091533,20265300,MSFT
2023-11-01,338.7865905761719,340.1081843444484,332.5016932588563,332.6387611479277,28158800,MSFT
2023-11-02,340.9892272949219,341.48847346531505,337.5139230484177,339.93194035995595,24348100,MSFT
2023-11-03,345.3748779296875,346.9314407134558,340.01999961550734,342.27161121053757,23637700,MSFT
2023-11-06,349.0263977050781,350.01515060483416,345.9133317859224,346.0112331411466,23828300,MSFT
2023-11-07,352.9422302246094,354.83160398439014,350.1032700356418,351.83600759444016,25833900,MSFT
2023-11-08,355.5560302734375,356.211912585882,352.9617788165993,354.06800138493276,26767800,MSFT
2023-11-09,353.098876953125,357.1125938314782,352.77580544293505,354.67497835793193,24847300,MSFT
2023-11-10,361.889892578125,362.31083557483976,353.47088326732273,353.88202716517856,28042100,MSFT
2023-11-13,358.9627685546875,360.715104203908,358.19918579348337,360.4703657564029,19986500,MSFT
2023-11-14,362.47723388671875,364.1218990717547,359.61870535436486,363.20168005612413,27683900,MSFT
2023-11-15,362.6243591308594,366.0184055463694,360.11312341587404,364.203659277244,26860100,MSFT
2023-11-16,369.0004577636719,369.17701989618257,363.12460290925713,363.8897354194032,27182300,MSFT
2023-11-17,362.8009948730469,367.2348369276998,360.00530734381556,366.4893122703207,40157000,MSFT
2023-11-20,370.2462463378906,371.6489843017366,363.9289860715847,364.1447942149405,52465100,MSFT
2023-11-21,365.9595947265625,369.0495522871196,364.0467481750121,368.5100468166504,28423100,MSFT
2023-11-22,370.6484680175781,372.5514954656195,367.8233538705503,370.7956031427492,23345300,MSFT
2023-11-24,370.23651123046875,370.76622769070315,367.9901781565456,370.1384111547305,10176600,MSFT
2023-11-27,371.3940124511719,373.38535117738047,369.0299712724483,369.5989038114079,22179200,MSFT
2023-11-28,375.4060974121094,375.70036771009086,370.952617308365,371.1389984757335,20453100,MSFT
2023-11-29,371.62939453125,376.9755034472532,370.24626453575155,376.4458170169272,28963400,MSFT
2023-11-30,371.6883239746094,372.84582706432604,368.3138848477526,371.2763156204023,30554400,MSFT
2023-12-01,367.3721618652344,370.9525899274523,364.23313921740737,369.579278745005,33040500,MSFT
2023-12-04,362.1044921875,362.47722453595185,355.9834013927852,362.0652461744231,32063300,MSFT
2023-12-05,365.4200744628906,365.9693989437116,358.65158858882313,359.46578625799856,23065000,MSFT
2023-12-06,361.7709655761719,367.0484320232483,361.0156519151652,366.42064545969674,21182100,MSFT
2023-12-07,363.8800048828125,364.37047528705625,359.33824414976533,361.211844686289,23118900,MSFT
2023-12-08,367.0975036621094,367.3231008977417,361.2118585847211,362.16337240300305,20154400,MSFT
2023-12-11,364.2232971191406,364.51759731266617,359.12242306000167,361.4570668899954,27708800,MSFT
2023-12-12,367.2445983886719,367.28384440026525,363.3992975227853,363.7818787799653,24838300,MSFT
2023-12-13,367.2348327636719,370.44252860296217,363.7034396055238,368.8533792298406,30955500,MSFT
2023-12-14,358.9556579589844,366.63644114858533,357.18997650221536,366.19500581642444,43277500,MSFT
2023-12-15,363.66424560546875,365.30240021178247,359.2990464463836,359.85818996702847,78502300,MSFT
2023-12-18,365.5476379394531,365.89097325811696,361.65330118213683,362.4086448703857,21802900,MSFT
2023-12-19,366.1459045410156,366.1459045410156,362.79107445668245,364.4096204886958,20603700,MSFT
2023-12-20,363.5563049316406,368.8631986960778,363.46802384456504,367.85283078495934,26316700,MSFT
2023-12-21,366.420654296875,367.27406804850153,362.9873613143247,365.45932148482285,17708000,MSFT
2023-12-22,367.4407958984375,368.02936637236263,365.60644137118885,366.55795515551875,17107500,MSFT
2023-12-26,367.5192565917969,369.7558002532684,366.38136175547834,367.8527728468658,12673100,MSFT
2023-12-27,366.94049072265625,367.9116124252774,365.7044958750045,366.56772847108294,14905400,MSFT
2023-12-28,368.12744140625,369.2849443001597,367.0287925621367,368.2157224809446,14327000,MSFT
2023-12-29,368.8730163574219,369.9716653516636,366.3618101031722,368.8337703402161,18730800,MSFT
2024-01-02,363.8015441894531,368.735675683701,359.77968054105025,366.7345478799601,25258600,MSFT
2024-01-03,363.53668212890625,366.1459883616317,361.4865193608946,361.9769897820248,23083500,MSFT
2024-01-04,360.9273376464844,365.9889954484458,360.1720240549271,363.6053166389914,20901500,MSFT
2024-01-05,360.740966796875,364.96881910463645,359.5147908390338,361.93771572916546,21004600,MSFT
2024-01-08,367.5487060546875,368.04899543580075,361.9769695664422,362.26142084093584,23134000,MSFT
2024-01-09,368.62774658203125,368.8239167777909,364.1154129764403,364.91979160608497,20830000,MSFT
2024-01-10,375.4747009277344,376.84804200266086,369.1476507008414,369.1966857666869,25514200,MSFT
2024-01-11,377.29925537109375,383.2339350900792,373.1302570741052,378.64313944413783,27850800,MSFT
2024-01-12,381.0660095214844,381.2719986726898,377.3188091126789,378.14279565343315,21661200,MSFT
2024-01-16,382.8317565917969,386.52010359232963,380.2322694497991,386.15716028479716,27202300,MSFT
2024-01-17,382.0469665527344,382.6747530191384,377.475779406989,380.58537452394654,22234100,MSFT
2024-01-18,386.3631286621094,386.48083676243556,382.68460084723523,384.2541120354354,23392100,MSFT
2024-01-19,391.0716247558594,391.0716247558594,386.00014838920214,388.21708385271495,29331100,MSFT
2024-01-22,388.95281982421875,392.98447186970276,386.088459710553,392.3959014424087,27016900,MSFT
2024-01-23,391.29730224609375,391.7681646348443,386.42202498468174,388.2073445307626,20525900,MSFT
2024-01-24,394.8875427246094,397.89903829237466,392.81777191847715,393.8869938433054,24867000,MSFT
2024-01-25,397.1535339355469,399.252761812522,394.85813584184393,396.6140284196201,21021200,MSFT
2024-01-26,396.23138427734375,398.4287118822507,394.75997317345707,396.66300059602537,17803300,MSFT
2024-01-29,401.9110412597656,402.16609543170915,396.62375630100183,398.3207945584323,24510200,MSFT
2024-01-30,400.80255126953125,405.1775383466925,398.7033537683388,404.4026167586847,33477600,MSFT
2024-01-31,390.0024108886719,407.4043201802484,389.639467600293,399.20363992935813,47871100,MSFT
2024-02-01,396.08428955078125,400.2238610760148,394.1420159186215,394.1714429462631,30657700,MSFT
2024-02-02,403.3824462890625,404.78518434173446,395.86843674032343,396.113671921669,28256700,MSFT
2024-02-05,397.9186096191406,403.32360273614995,396.290244380319,402.08760781050484,25352300,MSFT
2024-02-06,397.76171875,400.1944629759933,395.2309043820716,398.14430007293356,18382600,MSFT
2024-02-07,406.1585388183594,406.4037740259386,399.6352882839393,399.67453429921477,22340500,MSFT
2024-02-08,406.2173767089844,407.6397528307197,404.66750343056947,406.15852265638233,21225300,MSFT
2024-02-09,412.5345764160156,412.7994495492497,407.1786488746158,407.33560297017937,22032800,MSFT
2024-02-12,407.34552001953125,412.7210568909958,406.8452305904798,412.5444947169564,21202900,MSFT
2024-02-13,398.5758056640625,402.25433304223213,395.70165679054304,397.22210279914685,27824900,MSFT
2024-02-14,402.42828369140625,402.7722538955099,397.5931465072421,401.03278856568113,20401200,MSFT
2024-02-15,399.5487976074219,402.07448469518283,397.3179549607251,401.1015670196542,21825500,MSFT
2024-02-16,397.09185791015625,401.248921048528,396.48255480055184,400.924595205485,22296500,MSFT
2024-02-20,395.84381103515625,397.51447618664315,391.1462443294289,396.2860326967427,24307900,MSFT
2024-02-21,395.2442932128906,395.3524118295115,390.3698381114288,393.2689765841808,18518900,MSFT
2024-02-22,404.5509948730469,405.710638303165,401.52412337910727,403.1161813071161,27009900,MSFT
2024-02-23,403.2635498046875,408.688344814685,401.9171806983302,408.5016490183945,16295900,MSFT
2024-02-26,400.5118713378906,405.05219339501383,400.33495269298504,404.36425308702184,16193500,MSFT
2024-02-27,400.4529113769531,401.2784217577938,396.8855068799419,400.9540958991776,14835800,MSFT
2024-02-28,400.68878173828125,402.24152110085487,398.33017625490425,401.1408405413653,13183100,MSFT
2024-02-29,406.5067138671875,407.05705416129825,398.9198455368932,401.59293981884394,31947300,MSFT
2024-03-01,408.3346252441406,408.6982397267373,403.7943028017663,404.17756158377745,17823400,MSFT
2024-03-04,407.7646484375,410.1527354833861,405.2094798738606,406.31016048803207,17596000,MSFT
2024-03-05,395.7061767578125,407.10613735676765,393.73086019090937,406.82113009418805,26919200,MSFT
2024-03-06,395.1558532714844,398.1729175476419,391.51967869638725,396.0206822488724,22344100,MSFT
2024-03-07,402.08428955078125,402.71323699020854,395.30325783772497,399.11635103541613,18718500,MSFT
2024-03-08,399.2146301269531,403.34221201538827,397.357209279769,400.9246137706761,18002200,MSFT
2024-03-11,397.5439453125,398.68394443475927,394.34018518419236,396.7970720878644,16120800,MSFT
2024-03-12,408.1183776855469,408.4033849510457,399.77479973523793,400.5904729541975,22457000,MSFT
2024-03-13,407.9414978027344,410.968369200055,404.35444900675975,410.88976201717287,17115900,MSFT
2024-03-14,417.886962890625,420.4421311587594,410.7816354740665,412.9928335922281,34157300,MSFT
2024-03-15,409.23876953125,415.31218703472393,405.67136478668334,412.05927102600424,45079900,MSFT
2024-03-18,410.1231994628906,413.47439659588105,406.64423942002503,407.10613532964646,20106000,MSFT
2024-03-19,414.1426696777344,414.3981955018545,408.3837114296865,410.62439098905713,19837900,MSFT
2024-03-20,417.8968200683594,418.61421185332546,413.4056235884817,414.7225113763612,17860100,MSFT
2024-03-21,421.9654541015625,423.39046066082557,419.7935742345306,422.41751294459345,21296200,MSFT
2024-03-22,421.34625244140625,422.446932938044,418.7223141130456,422.2897185739193,17648500,MSFT
2024-03-25,415.56768798828125,420.03924040543956,414.3392444656493,417.9066492539799,18060500,MSFT
2024-03-26,414.3785400390625,418.64369211377476,414.08372560652526,418.2702405050307,16725600,MSFT
2024-03-27,414.1623229980469,417.13026150811925,411.78407332169564,417.1204243635022,16705000,MSFT
2024-03-28,413.4645690917969,414.5947310272611,411.89215553357553,413.70042062857715,21871200,MSFT
2024-04-01,417.24822998046875,420.51098325002465,414.9387501061958,416.6389267777452,16316000,MSFT
2024-04-02,414.1721496582031,415.0959414899842,410.6342266844982,412.8650690915943,17912000,MSFT
2024-04-03,413.1992492675781,415.96078773337547,411.8626872035861,412.49166464341647,16502300,MSFT
2024-04-04,410.673583984375,421.27751676074166,410.3689323931849,417.66095627375125,19370900,MSFT
2024-04-05,418.18182373046875,419.15477140454254,411.1060069616712,412.76686502075876,16554800,MSFT
2024-04-08,417.26788330078125,419.91149627913853,416.00012113110665,417.8378979159273,14272400,MSFT
2024-04-09,418.9286804199219,420.3634939121141,414.3490398303801,419.08592477391875,12496900,MSFT
2024-04-10,415.9607849121094,416.7174952724338,412.4621804028437,414.90923013212864,16216600,MSFT
2024-04-11,420.5502624511719,421.96543178968227,415.076310912024,418.4766641791292,17966400,MSFT
2024-04-12,414.624267578125,417.84770230483133,412.53099493709567,416.73718451939897,19253800,MSFT
2024-04-15,406.5067138671875,419.4594150607099,406.30031376342345,419.2432078029309,20273500,MSFT
2024-04-16,407.4304504394531,411.18458077665684,406.59513289625886,407.4206432860486,16765600,MSFT
2024-04-17,404.73773193359375,411.65633410094387,403.25376259314334,410.0544389834795,15855500,MSFT
2024-04-18,397.2982482910156,404.786864609064,396.983789567324,403.5485840383649,21029900,MSFT
2024-04-19,392.237060546875,398.4873961854359,390.9103356715456,397.0623898394721,30565800,MSFT
2024-04-22,394.04534912109375,395.9027700554988,388.9252051027742,393.18052011404563,20286900,MSFT
2024-04-23,400.5413818359375,401.16052215978465,396.10914808184776,397.26879155025864,15734500,MSFT
2024-04-24,402.0057067871094,405.3569045099729,399.7650268716559,402.4970842246325,15065300,MSFT
2024-04-25,392.15850830078125,392.99385593125254,381.3383676792714,387.2348968478242,40586500,MSFT
2024-04-26,399.31292724609375,405.8777219430486,398.7625869715763,405.0620486762338,29694700,MSFT
2024-04-29,395.3131103515625,399.31292950505053,392.30588312333157,398.2613746922827,19582100,MSFT
2024-04-30,382.61590576171875,395.2246663994194,382.4586913890698,394.5662074998568,28781400,MSFT
2024-05-01,388.129150390625,394.79222617325195,383.5789912516123,385.83931510454033,23562500,MSFT
2024-05-02,390.9791564941406,393.0331103770738,387.84416635932274,390.80226783236736,17709400,MSFT
2024-05-03,399.64703369140625,400.1285739017596,394.9297930918896,395.3425632659736,17446700,MSFT
2024-05-06,406.4084167480469,406.7916755135943,399.36205183771864,401.7108501382599,16996600,MSFT
2024-05-07,402.2808532714844,407.5189532422579,402.03516456718575,407.50911609687097,20018200,MSFT
2024-05-08,403.46014404296875,405.1210019721616,399.6961765499289,401.1310200807253,11792300,MSFT
2024-05-09,405.20941162109375,405.6025074897573,402.04494039272004,403.48959095331,14689700,MSFT
2024-05-10,407.5877380371094,408.2167155386998,404.6984363706866,405.81879129865774,13402300,MSFT
2024-05-13,406.5852966308594,411.13545592488975,403.7353138522874,410.8013229086305,15440200,MSFT
2024-05-14,409.3763427734375,410.29029755221785,404.45273155985166,404.91462752191757,15109300,MSFT
2024-05-15,416.53387451171875,417.25259039103736,410.81377223604346,411.4340293579302,22239500,MSFT
2024-05-16,414.4761962890625,418.8376756715858,413.84611435268135,415.2736611097877,17530100,MSFT
2024-05-17,413.708251953125,416.37634285020215,411.56198942365705,416.00221762948183,15352200,MSFT
2024-05-20,418.75885009765625,420.16671696584166,413.4916228836326,413.7082200976142,16272100,MSFT
2024-05-21,422.401611328125,426.27079649896183,418.27643943862864,420.2257843102985,21453300,MSFT
2024-05-22,423.85870361328125,425.719474725285,420.5211715226864,423.4353640639669,18073700,MSFT
2024-05-23,420.3932189941406,426.89110613989686,418.8376788510908,426.2708490423147,17211700,MSFT
2024-05-24,423.50433349609375,424.3904021961967,417.8433006318776,420.58028575397856,11855300,MSFT
2024-05-28,423.6618347167969,424.1540984130066,419.99939161518114,422.98250841239616,15718000,MSFT
2024-05-29,422.5296325683594,424.27223522977,419.1034664398289,419.1034664398289,15517100,MSFT
2024-05-30,408.2539978027344,417.7349716036768,407.8306281783295,417.7349716036768,28394500,MSFT
2024-05-31,408.7068176269531,410.30174702528416,398.2511426419933,410.30174702528416,47995300,MSFT
2024-06-03,407.12176513671875,409.9867435149057,402.5929630717942,409.1006748520027,17484700,MSFT
2024-06-04,409.6322937011719,409.9965640062738,403.34114963612075,406.04859979558495,14348900,MSFT
2024-06-05,417.449462890625,417.5183569725432,409.8587351784671,411.3453811328119,16988000,MSFT
2024-06-06,417.9515686035156,418.7293536763162,414.0725281736093,417.44948005128595,14861300,MSFT
2024-06-07,417.29193115234375,419.6843254469309,416.45507688003147,419.60557647742206,13621700,MSFT
2024-06-10,421.2497253417969,421.45646767892094,417.33132559781046,418.12879037210877,13982900,MSFT
2024-06-11,425.98529052734375,426.1231387794062,418.67025946007556,418.89671156901073,14551100,MSFT
2024-06-12,434.23565673828125,436.53944727057524,426.54650007534946,428.5844790234761,22366200,MSFT
2024-06-13,434.7475891113281,436.5296113185569,432.57179200487434,434.02890334988575,15960600,MSFT
2024-06-14,435.7223205566406,436.2835084137765,429.9628289677156,431.4986893853765,13582000,MSFT
2024-06-17,441.43255615234375,443.96279884211964,433.90092737019853,435.7419888452348,20790000,MSFT
2024-06-18,439.4339599609375,443.1751821409538,438.00641324566425,442.75181252074634,17112500,MSFT
2024-06-20,438.80389404296875,439.62103860195157,434.442414629224,439.3945864733692,19877400,MSFT
2024-06-21,442.8207702636719,443.6083802322018,439.60137620942794,440.45791031268766,34187100,MSFT
2024-06-24,440.7433776855469,445.74476346815527,439.50286359400394,442.84039572999666,15913700,MSFT
2024-06-25,443.9726867675781,444.43541589296024,439.8376592622319,441.31445050765626,16413400,MSFT
2024-06-26,445.1639404296875,446.58166237734525,441.2553652071883,442.05283004707155,16507000,MSFT
2024-06-27,445.8432922363281,449.11193080479063,444.77998569217993,445.1836455797366,14806300,MSFT
2024-06-28,440.0345153808594,448.33407381119525,439.5028621939787,446.05981801420484,28362300,MSFT
2024-07-01,449.6632385253906,450.2933204774516,438.76451231040363,441.71809469633655,17662800,MSFT
2024-07-02,452.17376708984375,452.47896819642483,446.09921948918884,446.1878533998419,13979800,MSFT
2024-07-03,453.64068603515625,453.88681788882053,450.7954174304016,451.10061852531385,9932800,MSFT
2024-07-05,460.32562255859375,461.10340760685847,451.8685359116121,452.4986178155469,16000300,MSFT
2024-07-08,459.02606201171875,460.4634937005408,457.27360437796756,459.33126311315795,12962300,MSFT
2024-07-09,452.4297180175781,460.09916463101644,450.91353744838284,459.77428381745585,17207200,MSFT
2024-07-10,459.035888671875,459.24263100795065,451.76021694759896,454.0837171765978,18196100,MSFT
2024-07-11,447.6646728515625,457.5886969775325,444.56338714463874,455.8165594696292,23111200,MSFT
2024-07-12,446.5323791503906,449.29889867197954,443.67725577045155,447.3003093014831,16324300,MSFT
2024-07-15,446.9360656738281,450.185024234339,444.44521246679955,446.28627396172595,14429400,MSFT
2024-07-16,442.5647277832031,447.27076735934133,439.7489939570935,447.19201839056086,17175700,MSFT
2024-07-17,436.65765380859375,437.9670922924556,432.3848077917645,435.74205038614394,21778000,MSFT
2024-07-18,433.55633544921875,437.7701116080265,427.6787055457858,437.46491051123894,20794800,MSFT
2024-07-19,430.3467712402344,434.3144456334854,425.31585048613374,426.39883667006126,20940400,MSFT
2024-07-22,436.0865478515625,437.72086686190295,432.1189038234256,434.95434740544323,15808800,MSFT
2024-07-23,437.96697998046875,441.4522150715158,436.24405718750495,437.03166701756135,13107100,MSFT
2024-07-24,422.2637939453125,434.64916540683873,420.9740654607642,433.6351033912307,26805800,MSFT
2024-07-25,411.92626953125,423.14987619224735,411.05005574464656,422.1653487650477,29943800,MSFT
2024-07-26,418.68994140625,422.28349032231534,410.8137224917234,411.7293557750341,23583800,MSFT
2024-07-29,420.12738037109375,425.46350195400487,418.1287909882396,424.90231413559286,15125800,MSFT
2024-07-30,416.3763122558594,422.41143955979663,410.9023126509883,421.1020314288797,32687600,MSFT
2024-07-31,411.8770446777344,415.2539664560443,405.8320320070505,413.9937725831716,42891400,MSFT
2024-08-01,410.65618896484375,420.84605305704525,406.69839983005807,414.2792724511176,30296400,MSFT
2024-08-02,402.1695556640625,408.57883813707474,398.08377329176966,406.10766494731143,29437900,MSFT
2024-08-05,389.0360107421875,394.83489176821496,379.6140759587015,383.1485558976655,40709200,MSFT
2024-08-06,393.427001953125,399.3932659734361,392.33419089963513,393.8109820824443,24946500,MSFT
2024-08-07,392.2652587890625,403.7349973998657,391.32012086399686,402.3173055349637,20650900,MSFT
2024-08-08,396.4593505859375,399.58028569311574,393.7519001712231,396.2132187300544,20203000,MSFT
2024-08-09,399.7377624511719,401.7363516629641,396.03596024402367,397.7785627439822,19276700,MSFT
2024-08-12,400.5155944824219,402.43543495594565,397.98535182009545,400.76172633567404,16762900,MSFT
2024-08-13,407.6041564941406,408.52961455842444,403.2328528848732,403.25253261450456,19414300,MSFT
2024-08-14,410.4100646972656,411.25677385836923,406.0683254390975,408.3819407203729,18267000,MSFT
2024-08-15,415.2626647949219,415.3415556987604,411.9388323916096,414.0495026891561,20752100,MSFT
2024-08-16,412.73779296875,415.56847485047064,411.58380640221424,414.8386210132459,22775600,MSFT
2024-08-19,415.755859375,415.9728470077707,410.75530126947416,413.22105614207504,15234000,MSFT
2024-08-20,418.9810485839844,420.0265262237166,415.86436096713305,415.92353667507666,16387600,MSFT
2024-08-21,418.3301086425781,420.55913050260955,415.943244764668,418.27090283610073,16067300,MSFT
2024-08-22,409.85772705078125,420.94378045645306,408.9306008917766,418.5470440541718,19361900,MSFT
2024-08-23,411.0808410644531,413.5170083391479,406.4452093759086,411.26824086247194,18493800,MSFT
2024-08-26,407.8259582519531,411.5640508373135,405.7054152115458,410.6665125068156,13152800,MSFT
2024-08-27,408.17120361328125,408.68406980179446,404.6303831532702,407.2046168469379,13492900,MSFT
2024-08-28,404.9755554199219,409.315277644923,401.73061382710534,409.19692623598894,14882700,MSFT
2024-08-29,407.4610595703125,416.26872882049446,404.975589475056,409.2561363555491,17045200,MSFT
2024-08-30,411.426025390625,411.7712070065085,406.48464280287084,409.9071119024553,24308300,MSFT
2024-09-03,403.8314208984375,414.1284143405953,401.4544298925835,412.1853985449122,20313600,MSFT
2024-09-04,403.298828125,405.60677088600426,398.8308818633999,400.3497951691964,15135800,MSFT
2024-09-05,402.7958068847656,407.4412799387572,400.5667551830583,402.036335234427,14195500,MSFT
2024-09-06,396.197509765625,405.0248942566708,395.30981392110493,403.4566777506577,19609500,MSFT
2024-09-09,400.16241455078125,403.0522719406784,396.6413094868822,401.6615826272171,15295100,MSFT
2024-09-10,408.52630615234375,410.62710415809914,402.11534306269766,402.6084940695935,19594300,MSFT
2024-09-11,417.24517822265625,418.1821469994098,403.9695325309428,409.8084532189213,19266900,MSFT
2024-09-12,421.1509704589844,421.5158973973183,414.00028067952854,417.511513528787,17395700,MSFT
2024-09-13,424.69171142578125,425.914716092092,419.63197810212404,419.9969049719398,15874600,MSFT
2024-09-16,425.43145751953125,427.5914610863902,422.3542004104568,424.70160374609685,13834700,MSFT
2024-09-17,429.1892395019531,435.79747386739723,426.34868538784633,434.199669703098,18874200,MSFT
2024-09-18,424.90875244140625,430.05724996700025,424.5142376703877,429.04136013434226,18898000,MSFT
2024-09-19,432.68084716796875,435.45235351054754,430.91535807693765,435.1860627938422,21706600,MSFT
2024-09-20,429.3076171875,433.22323693457605,428.27201223229315,431.23091793236443,55167100,MSFT
2024-09-23,427.57177734375,430.48135010026584,424.4945200082598,428.33121902605126,15128900,MSFT
2024-09-24,423.29119873046875,427.4139334394583,420.2632446802758,427.0687217553129,17015800,MSFT
2024-09-25,426.1909484863281,427.1871231515397,422.69946103119116,423.94218110016,13396400,MSFT
2024-09-26,425.40185546875,429.33719028271923,423.2517246244965,429.1300753187062,14492000,MSFT
2024-09-27,422.15692138671875,425.93447445668835,421.6144673905514,425.6089779793521,14896100,MSFT
2024-09-30,424.40570068359375,424.52408219664926,419.54323948144145,422.3443332995087,16807300,MSFT
2024-10-01,414.9273681640625,422.61066875300435,413.07311568923785,422.58108089859957,19092900,MSFT
2024-10-02,411.4161682128906,417.02822913913116,411.00190811888234,416.7914961856054,16582300,MSFT
2024-10-03,410.8341979980469,413.8029462214933,408.61501874387466,411.90926344701154,13686400,MSFT
2024-10-04,410.36077880859375,414.00023534021534,409.28571331626097,412.5109097932594,19169700,MSFT
2024-10-07,403.93011474609375,411.39639773757887,403.3975032576847,410.3016170053712,20919800,MSFT
2024-10-08,409.02923583984375,409.9662346464486,402.5788433485802,405.2714281620606,19229300,MSFT
2024-10-09,411.7415771484375,414.6215919010832,408.62485957486433,410.16348810998284,14974300,MSFT
2024-10-10,410.1437683105469,411.63309377445904,407.49061385739407,409.5421386142519,13848400,MSFT
2024-10-11,410.6172180175781,411.41612015597997,407.589263932771,410.4396908978323,14144900,MSFT
2024-10-14,413.3985900878906,418.2314633461143,411.80075573680847,412.0473312101826,16653100,MSFT
2024-10-15,413.0040588378906,416.69284850861214,409.57174739931537,416.3969398711013,18900200,MSFT
2024-10-16,410.419921875,410.65662468764714,404.85719508098555,409.4829531752425,15508900,MSFT
2024-10-17,411.0117492675781,416.7125733271007,409.89722324961605,416.57447660649984,14820000,MSFT
2024-10-18,412.4320373535156,413.90161766396704,410.5580696214905,411.4260201751563,17145300,MSFT
2024-10-21,413.0435485839844,413.22107571933117,408.08245074925037,410.41998166329415,14206100,MSFT
2024-10-22,421.6539611816406,424.68188532771023,412.3136804024992,412.75749822543423,25482200,MSFT
2024-10-23,418.7838134765625,425.17503084101816,416.74216121867397,424.9580432083023,19654400,MSFT
2024-10-24,418.9119873046875,420.14486459281426,416.61388718387514,419.5037443233538,13581600,MSFT
2024-10-25,422.2851867675781,426.5953216047658,420.72684288279277,420.914242666979,16899100,MSFT
2024-10-28,420.74658203125,426.02330394508874,420.46054601286414,425.7471405789212,14882400,MSFT
2024-10-29,426.0331115722656,427.23640107681365,419.96733089551304,422.1372070838931,17644100,MSFT
2024-10-30,426.6051940917969,432.4934181148105,426.1810914644013,431.44794042425275,29749100,MSFT
2024-10-31,400.7838439941406,410.459464695632,400.734510831916,409.67040499598727,53971000,MSFT
2024-11-01,404.7486877441406,409.8084210802644,401.91800623395363,403.40733166804887,24230400,MSFT
2024-11-04,402.8648986816406,404.7980722358363,400.01450160866744,404.18653972407174,19672300,MSFT
2024-11-05,405.8237609863281,409.2166418436789,402.4900558335031,402.7760918050739,17626000,MSFT
2024-11-06,414.42437744140625,414.69069825173966,404.89669627254005,406.77069419877853,26681800,MSFT
2024-11-07,419.6024169921875,421.0029789570154,414.12845339700306,415.5092700597973,19901800,MSFT
2024-11-08,416.7520446777344,420.65779206836214,416.00244554535874,419.4939629624982,16891400,MSFT
2024-11-11,412.2840881347656,418.99092936118404,410.301611581567,416.7322894657105,24503300,MSFT
2024-11-12,417.23529052734375,418.6259798148705,411.485163708279,412.5207686609151,19401200,MSFT
2024-11-13,419.37554931640625,423.4489505825368,412.4812790708163,415.86431721659767,21502200,MSFT
2024-11-14,421.0424499511719,422.30491523139983,414.24681513135374,419.17832483529844,30246900,MSFT
2024-11-15,409.3153076171875,417.0084507566798,407.9739514183208,414.06929022111444,28247600,MSFT
2024-11-18,410.0649108886719,412.6687324009395,406.4550421174999,409.18708769998454,24727000,MSFT
2024-11-19,412.0671081542969,412.2150474297726,405.9125633985823,407.45119206262405,18133500,MSFT
2024-11-20,409.7986145019531,411.57397618834216,404.9558679972854,411.1597160983201,19191700,MSFT
2024-11-21,408.0295715332031,414.85856338751086,405.47983232208855,414.5818472703372,20780200,MSFT
2024-11-22,412.1111755371094,412.50647998528166,406.2408124943726,406.54717570369087,24814600,MSFT
2024-11-25,413.880126953125,416.1432573462543,409.9863169830385,413.47493016174343,27691100,MSFT
2024-11-26,422.9722900390625,424.0099980685231,413.93946191933657,414.6707766023476,23458900,MSFT
2024-11-27,418.03094482421875,422.22125646736464,417.07231569319254,420.12608556589345,18332400,MSFT
2024-11-29,418.4953918457031,419.89875718802,412.9017454606376,415.1649061905191,16271900,MSFT
2024-12-02,425.9272766113281,427.92358362660957,416.37063273208213,416.62759418862754,20207200,MSFT
2024-12-03,426.1446838378906,427.3997836787713,422.72522667678595,424.80061260374794,18302000,MSFT
2024-12-04,432.2917785644531,434.5153999624501,427.55792723241916,427.95323167121506,26009400,MSFT
2024-12-05,437.4307861328125,439.44687793021666,431.0564230401268,432.7859063083414,21697800,MSFT
2024-12-06,438.36968994140625,440.87002757046025,436.5907746503493,437.1145598403157,18821000,MSFT
2024-12-09,440.79095458984375,443.0738702753144,435.3356806411524,437.411066762434,19144400,MSFT
2024-12-10,438.1324157714844,444.34868068132636,436.42271747683185,439.1800161501316,18469500,MSFT
2024-12-11,443.7261047363281,445.0701760009867,438.84401807874156,438.84401807874156,19200200,MSFT
2024-12-12,444.2894287109375,450.81205740820604,443.8446923743848,443.8446923743848,20834800,MSFT
2024-12-13,442.0262451171875,446.13747735633456,440.3560560775405,443.1825414368637,20177800,MSFT
2024-12-16,446.295654296875,446.87873364714176,440.0596337652838,442.02629379074256,23598800,MSFT
2024-12-17,449.1319885253906,449.9522746519603,444.2993336430134,445.7224537683285,22733500,MSFT
2024-12-18,432.26214599609375,447.3432204529913,431.89645846414146,446.02882636391814,24444500,MSFT
2024-12-19,431.9062805175781,437.9841721873849,431.2046129674818,436.44246396362297,22963700,MSFT
2024-12-20,431.4813537597656,438.53762947103075,423.6047919913248,428.03224964237955,64263700,MSFT
2024-12-23,430.147216796875,432.5190736490341,427.755575118412,431.619738686297,19152500,MSFT
2024-12-24,434.1793212890625,434.4461751355928,429.09959787026054,429.5541964268554,7164500,MSFT
2024-12-26,432.9736633300781,435.7705018127553,431.5110338839644,433.9322924323696,8194200,MSFT
2024-12-27,425.4825744628906,430.11759250731205,421.35158695918557,429.5048660553498,18117700,MSFT
2024-12-30,419.8493347167969,422.53744699473475,416.95369289645987,421.0649252132939,13158700,MSFT
2024-12-31,416.55841064453125,421.72710593306806,415.72826227096317,421.1044871129431,13246500,MSFT
2025-01-02,413.6726379394531,421.0748471756245,409.98638702094667,420.54116958363784,16896500,MSFT
2025-01-03,418.38671875,419.0587393010629,414.62138898974536,416.1433125624827,16662900,MSFT
2025-01-06,422.8339538574219,429.2281017096726,420.4917442238413,422.98218924692804,20573600,MSFT
2025-01-07,417.418212890625,425.6011386030249,415.8666120215368,423.9704889084133,18139100,MSFT
2025-01-08,419.58251953125,421.9642686702226,416.5979364179098,418.4954097350683,15054600,MSFT
2025-01-10,414.0382995605469,419.73074959963856,410.15435142162687,419.651700779007,20201100,MSFT
2025-01-13,412.2989501953125,413.593589604229,407.45640284839305,410.3717995418403,17604800,MSFT
2025-01-14,410.7967834472656,414.8190446806072,405.90480416806594,412.9116788431012,16935900,MSFT
2025-01-15,421.3119812011719,423.1304056035061,413.3662329233126,414.2161660512409,19637800,MSFT
2025-01-16,419.6022644042969,424.45470380326,419.4145196873236,423.67398737859014,15300000,MSFT
2025-01-17,424.0001220703125,429.386239236107,423.1502190446997,429.0007970548674,26197500,MSFT
2025-01-21,423.476318359375,425.8481750206776,420.61032363697626,425.1563998310193,26085700,MSFT
2025-01-22,440.96881103515625,442.0262435482701,430.88838267920255,432.4300909934364,27803800,MSFT
2025-01-23,441.4728698730469,441.5124093673138,436.32395911733414,436.81809723637986,18389300,MSFT
2025-01-24,438.8539123535156,441.4135440071518,436.225094129831,439.94102216929423,15549500,MSFT
2025-01-27,429.4653015136719,430.09781275609777,418.53496919379126,419.03899970511213,35647800,MSFT
2025-01-28,441.95709228515625,443.1232508667098,426.32255685114393,429.5048071593075,23491700,MSFT
2025-01-29,437.1441955566406,441.6408703345489,435.23682974085557,441.4530954449331,23581400,MSFT
2025-01-30,410.12469482421875,417.9024230144378,408.31616280623206,413.86037732807745,54586300,MSFT
2025-01-31,410.19390869140625,415.7579084081136,410.0456732964256,414.06796458574274,34161900,MSFT
2025-02-03,406.1024475097656,410.53979775772405,403.8689337668832,406.774468051233,25679100,MSFT
2025-02-04,407.5354309082031,409.0672770356713,404.9362598096777,407.8516865143663,20532100,MSFT
2025-02-05,408.44464111328125,408.97828849654115,405.5885086845079,407.5156591589932,16316700,MSFT
2025-02-06,410.94500732421875,413.2971094519946,409.14633744300244,409.14633744300244,16309800,MSFT
2025-02-07,404.9461669921875,413.7418190108213,403.31551731813784,411.59727657785896,22886800,MSFT
2025-02-10,407.38720703125,410.5892121947109,406.10246006462063,408.85972888435845,20817900,MSFT
2025-02-11,406.6163330078125,407.6540108795472,404.50140761463905,404.8374480391833,18140600,MSFT
2025-02-12,404.2444763183594,405.93442005448907,399.6292135248499,402.435914112503,19121700,MSFT
2025-02-13,405.72686767578125,406.18146622486773,401.59585076694265,402.22836193070845,23891700,MSFT
2025-02-14,403.6416320800781,404.1160155029715,401.1215398904841,403.0091510093491,22758500,MSFT
2025-02-18,404.8374938964844,405.7862306432336,401.7342920226082,403.2167063843153,21423100,MSFT
2025-02-19,409.9073181152344,410.6188782021152,402.8707962337448,403.09811062253897,24114200,MSFT
2025-02-20,412.0759582519531,415.2249706128277,408.520936591177,411.24414537664296,23508700,MSFT
2025-02-21,404.23309326171875,413.9772255480723,403.9162337604133,413.27415103230015,27524800,MSFT
2025-02-24,400.06414794921875,405.38182745676596,395.429748735741,404.5302202614153,26443700,MSFT
2025-02-25,394.0235290527344,398.0043843099881,392.835237956153,397.19236575081766,29387400,MSFT
2025-02-26,395.8357238769531,399.6680163656564,390.409100766333,394.13247941305536,19619000,MSFT
2025-02-27,388.70587158203125,401.78716793671936,388.3493932994261,397.3607146060961,21127400,MSFT
2025-02-28,393.1224365234375,393.7562160246685,382.8039671137811,388.83463352266693,32845700,MSFT
2025-03-03,384.7052001953125,394.93457905310964,382.3979130752632,394.93457905310964,23007700,MSFT
2025-03-04,384.82403564453125,388.75535997703025,377.2881889484286,379.6648014174362,29342900,MSFT
2025-03-05,397.1131286621094,397.7568203379533,385.02209070764377,385.5469260754551,23433100,MSFT
2025-03-06,393.0234069824219,398.2321421191711,388.8544001591339,390.43881857931865,23304600,MSFT
2025-03-07,389.478271484375,390.9537458547577,381.7839796807534,388.497925986767,22034100,MSFT
2025-03-10,376.4564208984375,382.6356200973146,373.5450604558272,382.0810781292241,32840100,MSFT
2025-03-11,376.7435607910156,382.23947903620126,373.2380400086461,375.3076750122287,30380200,MSFT
2025-03-12,379.53607177734375,381.4670864515663,375.2581813231993,379.21921226907705,24253600,MSFT
2025-03-13,375.0799255371094,381.5661320778761,373.7728082450696,379.4271716632625,20473000,MSFT
2025-03-14,384.7745666503906,386.42831046600287,375.8127456880931,376.0801044136148,19952800,MSFT
2025-03-17,384.9132080078125,388.88412112316473,381.813696346666,382.9326924641042,22474300,MSFT
2025-03-18,379.7836608886719,383.59615946585757,377.38725393405446,383.29909421372145,19486900,MSFT
2025-03-19,384.041748046875,385.8836128611327,380.25895638414784,381.77404945468027,19185500,MSFT
2025-03-20,383.07135009765625,387.97313863322194,379.5460345045817,381.98206039861145,18470500,MSFT
2025-03-21,387.4482727050781,387.92357710345186,379.07067004050685,379.4865916093534,39675900,MSFT
2025-03-24,389.2505187988281,391.54792412450786,386.012386704804,391.54792412450786,21004500,MSFT
2025-03-25,391.31024169921875,392.49853282327706,388.8148031404558,390.082331804945,15775000,MSFT
2025-03-26,386.17083740234375,391.45881045430576,384.7844825194778,391.15183295239507,16108400,MSFT
2025-03-27,386.7748718261719,388.41870337339975,383.62585932715103,386.3292739557081,13766800,MSFT
2025-03-28,375.109619140625,385.3389984995421,373.2578420054409,384.2992097422753,21632000,MSFT
2025-03-31,371.7328796386719,373.3965054432232,363.6622546184452,368.91063894364476,35184700,MSFT
2025-04-01,378.4666442871094,379.12021808448793,369.59394254927554,371.0000917512926,19689500,MSFT
2025-04-02,378.4171447753906,381.3284750168948,372.95090216784337,374.2877562933966,16092600,MSFT
2025-04-03,369.47503662109375,373.80248816308017,365.75168821202425,371.1386925275575,30198000,MSFT
2025-04-04,356.3343505859375,370.94065262193254,355.97787229621173,360.5825648601157,49209900,MSFT
2025-04-07,354.3736267089844,367.3856281525139,341.43098078163547,347.4616469003483,50425000,MSFT
2025-04-08,351.1058044433594,370.00982228854286,346.8377957272636,364.6723484414274,35868900,MSFT
2025-04-09,386.68572998046875,389.39905670107095,349.66000929830324,350.0957251156184,50199700,MSFT
2025-04-10,377.6347961425781,380.1599412978202,364.21678559967916,378.33787067807094,38024400,MSFT
2025-04-11,384.6656494140625,386.25003769690613,375.1987873888056,376.93173851590154,23839200,MSFT
2025-04-14,384.0318908691406,390.80525087459347,380.46695659777833,389.38918941494444,19251200,MSFT
2025-04-15,381.9721374511719,388.07212889209285,380.41742551182244,384.7250528209778,17199900,MSFT
2025-04-16,367.98968505859375,377.892263018399,364.4148689208335,376.9614484928254,21967800,MSFT
2025-04-17,364.1969909667969,370.6732850580017,363.31567729138493,370.10883089247193,21120200,MSFT
2025-04-21,355.62139892578125,360.92919678600947,352.2050274305898,359.28536510699473,20807300,MSFT
2025-04-22,363.246337890625,364.1870645763753,356.3541225187108,359.83984897446516,19485000,MSFT
2025-04-23,370.74261474609375,376.68416126561135,369.38593623911186,372.3963282706759,20545500,MSFT
2025-04-24,383.52679443359375,384.6656149627633,371.53478821384334,372.0398293104223,22232300,MSFT
2025-04-25,388.0325012207031,388.33947870228997,380.8531326101871,383.2297451406492,18973200,MSFT
2025-04-28,387.3492431640625,388.91383718504306,382.8732888048125,388.1414373128656,16579400,MSFT
2025-04-29,390.201171875,391.2508426713115,386.5768248872523,387.48784509297593,14974000,MSFT
2025-04-30,391.4093017578125,392.7956566127169,380.6947052715702,386.4976013857663,36461100,MSFT
2025-05-01,421.2556457519531,432.7327295827746,420.76051687113977,426.9100091091665,58938100,MSFT
2025-05-02,431.0393981933594,435.1588741169636,425.80092616148227,427.533877248033,30757400,MSFT
2025-05-05,431.9207763671875,435.21832168508354,427.9003017248534,428.6529073554782,20136100,MSFT
2025-05-06,429.0885925292969,433.46554517602334,426.9694566129341,427.9894209087166,15104200,MSFT
2025-05-07,429.12823486328125,433.8517538131467,426.9100367836598,429.6134515274466,23295300,MSFT
2025-05-08,433.9012451171875,439.3476626606329,431.41568853142036,433.66356271096413,23491300,MSFT
2025-05-09,434.4557800292969,436.4461774951318,431.6335394854884,435.7133964534002,15324200,MSFT
2025-05-12,444.8832092285156,444.9921230759706,435.4955548202822,441.5955462250109,22821900,MSFT
2025-05-13,444.7643737792969,446.27946690563454,441.0211705280613,443.4176075446257,23618800,MSFT
2025-05-14,448.52734375,449.4779827199474,443.7741186799948,443.7741186799948,19902800,MSFT
2025-05-15,449.5392761230469,452.57502540604634,446.860659567107,447.1979616790238,21992300,MSFT
2025-05-16,450.67022705078125,450.7595102326154,445.17414935289,448.4678177382938,23849800,MSFT
2025-05-19,455.2337951660156,455.948090917999,447.22773658664954,447.30711960117503,21336500,MSFT
2025-05-20,454.5393371582031,454.70797307292094,450.71983965496236,451.9797648957129,15441800,MSFT
2025-05-21,448.9837341308594,454.1524403651085,448.22974686474834,450.967885651573,19216900,MSFT
2025-05-22,451.25555419921875,456.6028569421555,450.30316997101943,451.3448676580097,18025600,MSFT
2025-05-23,446.6126403808594,450.0948358464348,445.3527151156796,446.4142434023006,16883500,MSFT
2025-05-27,457.03936767578125,457.29731705224054,452.5055743512772,452.86273735527834,20974300,MSFT
2025-05-28,453.7357482910156,458.8548627693229,453.3091629867606,457.56517641086623,17086300,MSFT
2025-05-29,455.0453186035156,458.0612374989779,451.702028016876,457.89257129241645,13974800,MSFT
2025-05-30,456.71197509765625,458.0215223462663,451.9301930198663,456.07706236471586,34770500,MSFT
2025-06-02,458.3092346191406,458.44810948050275,453.2695031394806,453.51752207653715,16626500,MSFT
2025-06-03,459.3013000488281,460.4620419695056,457.20800452370844,457.8131864599202,15743800,MSFT
2025-06-04,460.19415283203125,461.9997378828715,459.35088242690273,460.3231275179124,14162700,MSFT
2025-06-05,463.9739990234375,465.9283895442318,460.35292843866904,461.2755516588244,20131700,MSFT
2025-06-06,466.6525573730469,469.5890928719542,465.06523024972654,466.3648469522318,15285600,MSFT
2025-06-09,469.0038146972656,469.67841894667356,464.90653697170796,465.9779957450024,16469900,MSFT
2025-06-10,467.18829345703125,469.0533703074369,463.2596519580402,467.45614299188406,15375900,MSFT
2025-06-11,468.87481689453125,471.7022387212418,465.93828127215454,466.29541399515057,16399200,MSFT
2025-06-12,475.07525634765625,476.61299175337194,469.76764562448443,471.25575908280854,18950600,MSFT
2025-06-13,471.1962890625,475.3828499324856,469.0137405811006,472.6348110082228,16814500,MSFT
2025-06-16,475.3431701660156,476.8808754060361,471.23596219473825,471.44428961660435,15626100,MSFT
2025-06-17,474.25189208984375,474.9463269378011,470.3232503868908,471.63279762120845,15414100,MSFT
2025-06-18,476.4344482421875,477.1884355000323,470.70025162122124,474.21220825159133,17526500,MSFT
2025-06-20,473.616943359375,479.62891980922967,473.09114443804276,478.4086860483398,37576200,MSFT
2025-06-23,482.1487731933594,483.8849056071214,468.76568216065505,474.4204952857464,24864000,MSFT
2025-06-24,486.2261962890625,487.9524285572733,482.9424282150726,485.07541514458467,22305600,MSFT
2025-06-25,488.3691101074219,490.64097201284227,485.5119574284625,488.1409520653471,17495100,MSFT
2025-06-26,493.508056640625,494.09337765578726,488.9048109762518,489.07347716233096,21578900,MSFT
2025-06-27,492.0100402832031,495.3434002058453,489.12309627390664,493.60726767719865,34539200,MSFT
2025-06-30,493.4683837890625,496.79184348109624,491.404849352638,493.1013206195562,28369000,MSFT
2025-07-01,488.1508483886719,494.10330273882704,487.08935037246306,492.53583641461546,19945400,MSFT
2025-07-02,487.198486328125,489.5893925672679,484.82744098086494,486.107196925814,16319600,MSFT
2025-07-03,494.8870849609375,496.16687121115365,489.52988173373706,489.89694493303733,13984800,MSFT
2025-07-07,493.77593994140625,494.7977767455099,491.3056810299541,493.4386378219278,13981600,MSFT
2025-07-08,492.68463134765625,494.25212791462184,490.1945116420166,493.2997134401056,11846600,MSFT
2025-07-09,499.5200500488281,502.76412671878114,495.77990524850594,496.3354652236218,18659500,MSFT
2025-07-10,497.5061340332031,500.4426696344743,493.8056807647675,499.06366987607214,16492100,MSFT
2025-07-11,499.3315734863281,501.0280145407016,493.85529597280816,494.5200000462786,16459500,MSFT
2025-07-14,499.033935546875,499.9764196247383,497.0597144820079,497.5458219138798,12058800,MSFT
2025-07-15,501.811767578125,504.2720960834484,498.80577924001653,499.03393728805895,14927200,MSFT
2025-07-16,501.61334228515625,502.70463167926073,497.9129190668174,501.1768265275145,15154400,MSFT
2025-07-17,507.6451721191406,509.3019216630888,501.61333461976557,501.67285674255714,17503100,MSFT
2025-07-18,506.0082092285156,510.5618634291492,503.40897568442307,510.4030974050004,21209700,MSFT
2025-07-21,506.01812744140625,508.0320701704435,501.54385636100875,502.69466780228106,14066800,MSFT
2025-07-22,501.26611328125,507.1491456054249,501.26611328125,506.92095727911294,13868600,MSFT
2025-07-23,501.861328125,502.77405108780124,496.7323137246232,502.7343595827018,16396600,MSFT
2025-07-24,506.8316345214844,509.5995039044367,503.27998658866585,504.73833906736274,16107000,MSFT
2025-07-25,509.63922119140625,514.1828842249572,506.3157313206406,508.4089964805577,19125700,MSFT
2025-07-28,508.4388122558594,510.91900158393673,506.07766717141,510.0063088656235,14308000,MSFT
2025-07-29,508.5082702636719,513.5182406496896,507.50626407616875,511.4448362580723,16469200,MSFT
2025-07-30,509.1729431152344,511.86149016920456,505.4030674134904,511.08764202727673,26380400,MSFT
2025-07-31,529.2723388671875,551.0484106553389,527.6850421089878,550.8301225339796,51617300,MSFT
2025-08-01,519.9568481445312,531.5542170062565,516.7326017006552,530.7605684534492,28977600,MSFT
2025-08-04,531.3954467773438,533.9847498429226,523.9449485218581,524.0838536533402,25349000,MSFT
2025-08-05,523.5679931640625,533.0423047576313,523.0620248277625,532.9232605080902,19171600,MSFT
2025-08-06,520.7802124023438,527.4866537198485,519.8774501718309,526.6930052823053,21355700,MSFT
2025-08-07,516.7127075195312,523.9052559727172,513.4487398823029,522.6254396329194,16079100,MSFT
2025-08-08,517.9031982421875,520.502431840537,515.2940341981842,518.4587582353118,15531000,MSFT
2025-08-11,517.6353759765625,523.4092640243366,515.6015722772428,518.1611446296885,20194400,MSFT
2025-08-12,525.046142578125,526.7723446368122,518.5579891899393,519.5996565820958,18667000,MSFT
2025-08-13,516.454833984375,528.4787877679453,515.2544004746543,527.8934364066101,19619200,MSFT
2025-08-14,518.3396606445312,521.7821945996749,516.0182375574066,518.4190436500928,20269100,MSFT
2025-08-15,516.0479736328125,521.9309749680182,514.9666450837208,518.627406652342,25213300,MSFT
2025-08-18,513.0023193359375,518.6770238166106,509.9467697824549,517.4567900842618,23760600,MSFT
2025-08-19,505.7304382324219,511.0777107186651,504.5201046206217,510.91900524319027,21481000,MSFT
2025-08-20,501.7125244140625,506.9506829011106,500.44266872858867,505.8296325155463,27723000,MSFT
2025-08-21,501.066650390625,504.4353306174317,499.5562271428435,500.5201238427197,18443300,MSFT
2025-08-22,504.0378112792969,507.51578439064156,499.248138173549,501.07655468445085,24324200,MSFT
2025-08-25,501.0865173339844,504.9917771303553,500.9473838488724,503.44159720621536,21638600,MSFT
2025-08-26,498.8804626464844,501.8019624337255,495.37267961289456,501.18583887731603,30835700,MSFT
2025-08-27,503.5509033203125,504.09746017877256,496.75395340313815,498.8407434548062,17277900,MSFT
2025-08-28,506.4326477050781,507.87350408410515,502.3186878124423,503.89867767213724,18015600,MSFT
2025-08-29,503.5011901855469,506.39287997665497,501.3150235761296,505.458793364042,20961600,MSFT
2025-09-02,501.9410705566406,502.81553721257154,493.68337117589067,497.32034095368414,18128000,MSFT
2025-09-03,502.1696472167969,504.5942937991858,499.1587173668126,500.6194673133705,16345100,MSFT
2025-09-04,504.77313232421875,504.95199223037696,499.983459333639,501.1262158347851,15509500,MSFT
2025-09-05,491.884765625,508.74796779288187,489.27131242222254,505.86622472604114,31994800,MSFT
2025-09-08,495.06463623046875,498.04575600626316,491.91457299081776,494.97517595073856,16771000,MSFT
2025-09-09,495.2733154296875,499.0891451753406,494.5677922273047,498.27429847652155,14410500,MSFT
2025-09-10,497.2209777832031,500.06299449245154,493.5939546766565,499.81456783685906,21611800,MSFT
2025-09-11,497.8569641113281,500.00337405269875,494.7466575341409,499.08915061774627,18881600,MSFT
2025-09-12,506.6910095214844,509.32432605160386,500.67909648146514,503.4614629424367,23624900,MSFT
2025-09-15,512.1166381835938,512.2259313574772,503.80926524972944,505.58800862213144,17143800,MSFT
2025-09-16,505.8364562988281,513.9748860992247,505.39922293408733,513.6271130220401,19711900,MSFT
2025-09-17,506.81024169921875,508.07226852063866,502.74598524416496,507.4064717390096,15816600,MSFT
2025-09-18,505.2501525878906,509.84107240669834,504.4651158521554,508.270998935228,18913700,MSFT
2025-09-19,514.6705322265625,516.0319056285313,507.09849160720086,507.34691829589656,52474100,MSFT
2025-09-22,511.21240234375,514.48167541423,509.3143886623668,512.3452424901319,20009300,MSFT
2025-09-23,506.0252380371094,511.35152134239047,504.1173079645634,510.56645428814153,19799600,MSFT
2025-09-24,506.9394226074219,509.2547456727144,503.72976965544393,507.16798604562155,13533700,MSFT
2025-09-25,503.83905029296875,506.8003068435259,501.8615838862597,505.1010467430239,15786500,MSFT
2025-09-26,508.2411804199219,510.70558375978015,503.4316440082871,506.849997214163,16213100,MSFT
2025-09-29,511.3613586425781,513.5971983462931,505.6773863749633,508.28089264453985,17617800,MSFT
2025-09-30,514.6903686523438,514.8990082310244,506.45253207823936,510.0099885223437,19728200,MSFT
2025-10-01,516.439208984375,517.2341620265153,508.4696637232757,511.5600762745242,22632300,MSFT
2025-10-02,512.4942626953125,518.3173691617891,507.4661094259624,514.3823296081488,21222900,MSFT
2025-10-03,514.0940551757812,517.2143082734997,511.75886906280147,513.8456285403139,15112300,MSFT
2025-10-06,525.2435302734375,527.6880704621805,514.9387971845453,515.3461902238155,21388600,MSFT
2025-10-07,520.682373046875,526.4657528279373,518.1583800775612,524.9652461341774,14615200,MSFT
2025-10-08,521.5468139648438,523.6336339322414,519.7979415330736,519.9867481874902,13363400,MSFT
2025-10-09,519.1123046875,521.0301509722098,514.143772141299,519.0526847229869,18343600,MSFT
2025-10-10,507.74432373046875,520.2849266906686,506.42270727517143,516.3697201998212,24133800,MSFT
2025-10-13,510.81488037109375,513.1600134586593,508.45980051307464,513.1600134586593,14284200,MSFT
2025-10-14,510.3379211425781,512.0371813139038,502.8155546768959,507.01894463812107,14684300,MSFT
2025-10-15,510.19879150390625,513.93513816427,506.7903850161382,511.71919177145384,14694700,MSFT
2025-10-16,508.3902587890625,513.5972720757079,504.93217895922305,509.35418580491137,15559600,MSFT
2025-10-17,510.3478698730469,512.235876086287,504.1173098719632,505.8364332653001,19867800,MSFT
2025-10-20,513.5376586914062,515.4356724346321,510.1988187679518,511.3713853844849,14665600,MSFT
2025-10-21,514.4021606445312,515.4257076122852,509.81124074780416,514.2431942660954,15586200,MSFT
2025-10-22,517.2640380859375,521.9245247034462,514.4518919333965,517.8702452376143,18962700,MSFT
2025-10-23,517.2838745117188,520.6525542416625,515.3461346267313,519.1719411998674,14023500,MSFT
2025-10-24,520.3146362304688,522.0436758041421,517.4329238246899,519.4997896375017,15532400,MSFT
2025-10-27,528.1749877929688,531.2157277722118,525.6807743511338,528.4333612309177,18734700,MSFT
2025-10-28,538.6585083007812,550.2351530342114,537.3667019364588,546.5385938392855,29986700,MSFT
2025-10-29,538.1417846679688,542.8321112501552,533.3521116884923,541.5104645203966,36023000,MSFT
2025-10-30,522.4512329101562,531.6032326010347,518.834126044735,527.1414993194383,41023100,MSFT
2025-10-31,514.5512084960938,525.9887810857076,511.85824179468614,525.5515477587454,34006400,MSFT
2025-11-03,513.776123046875,521.6562086548496,511.3514766558802,516.5385956979154,22374700,MSFT
2025-11-04,511.0931701660156,512.3054631947169,504.64399323613884,508.53933673798264,20958700,MSFT
2025-11-05,503.96826171875,511.5900049686576,503.39189488693165,510.06960470137113,23024300,MSFT
2025-11-06,493.9715576171875,502.51744045426454,492.6896676102462,502.47768369906356,27406500,MSFT
2025-11-07,493.6933288574219,496.2372153715257,490.1457889557352,493.8225155697467,24019800,MSFT
2025-11-10,502.8155517578125,503.66020845333964,495.66085193460816,496.8930687697553,26101500,MSFT
2025-11-11,505.47869873046875,506.39292220487647,499.1885488885237,501.62311202080633,17980000,MSFT
2025-11-12,507.9232177734375,508.4498810705414,495.9788447581273,506.1543908722183,26574900,MSFT
2025-11-13,500.12261962890625,510.2683558569415,498.13520636364063,507.09842927280135,25273100,MSFT
2025-11-14,506.96923828125,508.38031503091224,494.30942559248354,495.0944623167857,28505700,MSFT
2025-11-17,504.296142578125,508.8970088955905,501.7323929449627,505.2501227292945,19092800,MSFT
2025-11-18,490.6824035644531,499.8145698875434,483.71651040889276,492.2524466910109,33815100,MSFT
2025-11-19,484.0543518066406,492.0735713081103,479.79134202204426,487.0156083775533,23245300,MSFT
2025-11-20,476.308837890625,491.38172816347884,473.39183555424523,490.525525238351,26802500,MSFT
2025-11-21,470.0268249511719,476.796695003642,466.19388806310616,476.3785437287191,31769200,MSFT
2025-11-24,471.89849853515625,474.7856351712577,465.94500021095376,472.8940649877621,34421000,MSFT
2025-11-25,474.8752136230469,477.0256407210385,462.82888433135173,471.9681767111092,28019800,MSFT
2025-11-26,483.3475341796875,486.14507360501653,479.06661039650686,484.1539406114854,25709100,MSFT
2025-11-28,489.82867431640625,490.44592067381114,484.49242217644115,485.4382224868377,14386700,MSFT
2025-12-01,484.5820007324219,487.68816317334665,482.5012705124726,486.27447583839387,23964000,MSFT
2025-12-02,487.82757568359375,491.312058367048,484.16389832530854,484.56211884124775,19562700,MSFT
2025-12-03,475.6119689941406,482.09308589504883,473.0931871020635,474.2082166599713,34615100,MSFT
2025-12-04,478.70819091796875,479.1860737742951,474.377470578239,477.6329924690825,22318200,MSFT
2025-12-05,481.01788330078125,481.2568095233099,476.7568601661199,480.3807061976695,22608700,MSFT
2025-12-08,488.8430480957031,490.11737199051475,482.2325023858298,482.74025101921535,21965900,MSFT
2025-12-09,489.8385925292969,489.93815525049575,486.33420957194573,486.93155551686203,14696100,MSFT
2025-12-10,476.43829345703125,482.10306917330496,472.9737111601482,481.88404333185355,35756200,MSFT
2025-12-11,481.3265075683594,483.8751552220924,473.750231167373,474.51683677020293,24669200,MSFT
2025-12-12,476.4084167480469,480.31105063829824,474.22812377070755,477.69270598810584,21248100,MSFT
2025-12-15,472.7148742675781,478.588710310573,470.42505317808707,477.97146396596463,23727700,MSFT
2025-12-16,474.2779235839844,475.7712732838117,468.79234263095657,469.8177748762136,20705600,MSFT
2025-12-17,474.00909423828125,477.8718969329872,472.8940646732686,474.79560024235434,24527200,MSFT
2025-12-18,481.8342590332031,487.4293375934554,475.7712630284666,476.06992080908344,28573500,MSFT
2025-12-19,483.7656555175781,485.68709144559693,480.35083955461556,485.1992432324443,70836100,MSFT
2025-12-22,482.7701110839844,486.5632169440421,480.5499868948874,483.9647726311972,16963000,MSFT
2025-12-23,484.6915283203125,485.66716398872717,482.59086732909867,482.8298239351052,14683600,MSFT
2025-12-24,485.8563232421875,486.99128356758627,482.680463867149,483.5267014178325,5855900,MSFT
2025-12-26,485.5476989746094,485.9558848600665,483.8054577080926,484.5521325365998,8842200,MSFT
2025-12-29,484.9404296875,486.1848877649252,482.0333622504328,482.71034015280554,10893400,MSFT
2025-12-30,485.3187255859375,487.5089534635432,483.3474931520442,483.77557941756965,13944500,MSFT
