Date,Close,High,Low,Open,Volume,Ticker
2018-01-02,4.92252779006958,4.926232044061726,4.80276758652614,4.834374080728938,355616000,NVDA
2018-01-03,5.2465009689331055,5.276873510517118,5.03117892159349,5.039821399854045,914704000,NVDA
2018-01-04,5.274155616760254,5.384286195923432,5.2519319720719775,5.327739439924537,583268000,NVDA
2018-01-05,5.318851947784424,5.356138004389131,5.212178323438798,5.288973461231365,580124000,NVDA
2018-01-08,5.48182487487793,5.555903398465564,5.3973749058474505,5.442316266167222,881216000,NVDA
2018-01-09,5.480341911315918,5.526764492318572,5.398855365730482,5.487255892700158,497000000,NVDA
2018-01-10,5.523306369781494,5.526763359765202,5.333665036278787,5.387989231876989,582664000,NVDA
2018-01-11,5.533185005187988,5.58726241973231,5.511701738594264,5.555902238512881,406032000,NVDA
2018-01-12,5.506022930145264,5.5556557119423395,5.465526683373918,5.521332595980945,359916000,NVDA
2018-01-16,5.435152530670166,5.617879880051857,5.35070307127935,5.532442776542369,702348000,NVDA
2018-01-17,5.5489888191223145,5.558865734748603,5.3558904323801855,5.449723250238655,538408000,NVDA
2018-01-18,5.542074680328369,5.59639889218761,5.4986150282531545,5.529727947419653,408632000,NVDA
2018-01-19,5.682082176208496,5.706281108604967,5.605287537749139,5.632202609560371,609380000,NVDA
2018-01-22,5.770483016967773,5.7722115122356215,5.6324497178900605,5.689984119368288,550944000,NVDA
2018-01-23,5.899378776550293,5.922096002676452,5.805298733684166,5.823818119356238,475228000,NVDA
2018-01-24,5.822585105895996,5.938394759156828,5.767025993334276,5.902589945397093,579972000,NVDA
2018-01-25,5.83616828918457,5.920124205818181,5.8213526777138735,5.876911338473936,409884000,NVDA
2018-01-26,6.008523464202881,6.008770257563276,5.867033157046664,5.879873476482648,516356000,NVDA
2018-01-29,6.095443248748779,6.126556643270435,5.941359862412937,5.993955586159426,455116000,NVDA
2018-01-30,5.993460655212402,6.084824594355995,5.887034314269972,5.953705258700726,570832000,NVDA
2018-01-31,6.069514274597168,6.155198660306278,6.036178805971639,6.068773423608203,478576000,NVDA
2018-02-01,5.938641548156738,6.096676409437072,5.878391007501542,5.889749623333987,519224000,NVDA
2018-02-02,5.766284942626953,5.876168726322516,5.708256956832239,5.852216586869595,718464000,NVDA
2018-02-05,5.276872634887695,5.759124725722033,5.0620442099654275,5.605288167231631,1165204000,NVDA
2018-02-06,5.570223331451416,5.57318626405171,5.0373504296823395,5.0472278136425,1114800000,NVDA
2018-02-07,5.6497344970703125,5.802089811251349,5.597879640627276,5.668995208734599,802932000,NVDA
2018-02-08,5.371199607849121,5.808263563642714,5.3709523435207815,5.775175357693804,1144000000,NVDA
2018-02-09,5.730727672576904,5.898886243549443,5.371199240991339,5.883082992680038,1674604000,NVDA
2018-02-12,5.630722522735596,5.814684856532062,5.556644002443449,5.811721451971718,1093172000,NVDA
2018-02-13,5.744309425354004,5.7904852159964895,5.5620756092920765,5.594423436273443,625524000,NVDA
2018-02-14,5.961359024047852,5.99024985565589,5.692947269878567,5.704059091960149,744988000,NVDA
2018-02-15,6.086798667907715,6.132974450475771,5.963828247581664,6.044573933257524,698900000,NVDA
2018-02-16,6.021117687225342,6.1732257782414734,6.01198115105651,6.05963864999211,637656000,NVDA
2018-02-20,6.150506973266602,6.219399989606605,6.039882335841647,6.043586590630636,686240000,NVDA
2018-02-21,5.96358060836792,6.2218686341425675,5.959876824976251,6.214954653955677,892292000,NVDA
2018-02-22,5.9831013679504395,6.06908595216146,5.917624671658032,5.997432289076396,534364000,NVDA
2018-02-23,6.0764994621276855,6.0764994621276855,5.99224443544721,6.042896324410254,415300000,NVDA
2018-02-26,6.092558860778809,6.127150250558239,6.030293887903493,6.122702853482647,469312000,NVDA
2018-02-27,6.079710006713867,6.150128455906252,6.0567312407746385,6.065872980795746,455436000,NVDA
2018-02-28,5.979394435882568,6.130114383636333,5.967781344087161,6.090581236231514,523116000,NVDA
2018-03-01,5.73750114440918,6.031034996811385,5.636444334778007,5.9771709264830095,1040120000,NVDA
2018-03-02,5.844488620758057,5.850913006314892,5.481524503696904,5.630021027743416,913428000,NVDA
2018-03-05,5.822497844696045,5.862030997490262,5.671036093708031,5.7943303672938855,620776000,NVDA
2018-03-06,5.983348369598389,6.002621052844354,5.8647489095100385,5.907741202010256,636808000,NVDA
2018-03-07,5.975442409515381,6.027576919595379,5.879327344549998,5.880562549530063,581208000,NVDA
2018-03-08,5.959133148193359,6.002866742964197,5.914905188818221,6.002866742964197,411912000,NVDA
2018-03-09,6.061673164367676,6.0745209900779376,5.9905134019466875,6.006573419720669,505524000,NVDA
2018-03-12,6.171131610870361,6.251186182577723,6.094783125334736,6.102937080439439,605060000,NVDA
2018-03-13,6.120478630065918,6.28824780511237,6.07921591098693,6.213875849328938,619772000,NVDA
2018-03-14,6.145929336547852,6.190651202145571,6.083664355888642,6.163471980336942,505496000,NVDA
2018-03-15,6.160754680633545,6.241797516988848,6.1187506393607825,6.159519475569246,401952000,NVDA
2018-03-16,6.188921928405762,6.207947196072665,6.1395052448036775,6.177061886639468,399456000,NVDA
2018-03-19,5.954687118530273,6.161000737351498,5.855854233128718,6.132092418807679,713772000,NVDA
2018-03-20,6.166682720184326,6.2054745560434075,5.957650839295235,5.957650839295235,554696000,NVDA
2018-03-21,6.141480922698975,6.226477242198689,6.1110895132459655,6.160258768339329,438688000,NVDA
2018-03-22,5.975688457489014,6.124679321622564,5.938379240415697,6.078227892491126,551196000,NVDA
2018-03-23,5.756280422210693,5.991749793357609,5.745161692403051,5.989278912147866,735620000,NVDA
2018-03-26,6.040670871734619,6.041906076450035,5.828674208637452,5.880561289586409,611424000,NVDA
2018-03-27,5.572203636169434,6.177061485521125,5.432108021174442,6.121467837896956,1409000000,NVDA
2018-03-28,5.469170093536377,5.66782412342045,5.3616893596201365,5.537858984553236,945904000,NVDA
2018-03-29,5.722181797027588,5.81879073560349,5.453108871312396,5.537363877539234,916628000,NVDA
2018-04-02,5.461757183074951,5.79778944981991,5.37404303062302,5.651763826874527,922092000,NVDA
2018-04-03,5.568002700805664,5.691543919765226,5.4691698198924845,5.628538105455683,667432000,NVDA
2018-04-04,5.589994430541992,5.600371849956054,5.2875652305798555,5.312520520781163,789168000,NVDA
2018-04-05,5.469911098480225,5.661399892464157,5.398504383685218,5.6483046477489145,701240000,NVDA
2018-04-06,5.293741703033447,5.475347468322936,5.264585964188444,5.367372361645052,662988000,NVDA
2018-04-09,5.3224029541015625,5.484489069391184,5.302388959677883,5.356747398332987,499524000,NVDA
2018-04-10,5.631255149841309,5.6581869470897574,5.495359545124256,5.55243580278532,761676000,NVDA
2018-04-11,5.589994430541992,5.657695074771193,5.557379549162812,5.616432343880295,460244000,NVDA
2018-04-12,5.796553611755371,5.81434367122385,5.638667953244426,5.682895919574601,593920000,NVDA
2018-04-13,5.719958305358887,5.868454808084226,5.671777305690125,5.860053907226452,503036000,NVDA
2018-04-16,5.719712257385254,5.753068448075414,5.625573706188963,5.726630536526406,350792000,NVDA
2018-04-17,5.869195938110352,5.890445136307954,5.716252042972717,5.771845683669566,447224000,NVDA
2018-04-18,5.840286731719971,5.9114464924525745,5.7513373842584405,5.818790588362269,391364000,NVDA
2018-04-19,5.659176349639893,5.759491859702497,5.603830121341837,5.726135671923989,471996000,NVDA
2018-04-20,5.6510233879089355,5.734784049542593,5.619891131617086,5.650529023136757,386200000,NVDA
2018-04-23,5.531681537628174,5.719958133507901,5.505737995704806,5.668812361040737,427508000,NVDA
2018-04-24,5.465462684631348,5.6532448866715415,5.400232948627083,5.557377269794424,414596000,NVDA
2018-04-25,5.353287696838379,5.4748523883524705,5.196143359985117,5.43581313300979,588492000,NVDA
2018-04-26,5.564792156219482,5.572946112836311,5.448910492454097,5.514881571925072,375824000,NVDA
2018-04-27,5.592216491699219,5.690308529277498,5.549965513069116,5.670541953739788,400848000,NVDA
2018-04-30,5.556884765625,5.65818854193356,5.537612551386115,5.608524912038657,327844000,NVDA
2018-05-01,5.6122307777404785,5.614948605436822,5.49017170794247,5.548730597497608,253788000,NVDA
2018-05-02,5.591724395751953,5.6532476050172145,5.565533427327424,5.608773149215304,268248000,NVDA
2018-05-03,5.756773471832275,5.782964431798426,5.57837992758132,5.62359615167403,443144000,NVDA
2018-05-04,5.906754016876221,5.909966209879463,5.710817784037634,5.728113482866709,400660000,NVDA
2018-05-07,6.144445896148682,6.201522160099138,6.001385051852191,6.011268575294066,687616000,NVDA
2018-05-08,6.186944961547852,6.189662789406388,6.095771191650875,6.144693506921677,506616000,NVDA
2018-05-09,6.319873809814453,6.322097743834752,6.17977821961558,6.206957436148472,596760000,NVDA
2018-05-10,6.427356719970703,6.436498462642959,6.354961262496538,6.372751325602785,994080000,NVDA
2018-05-11,6.2889885902404785,6.418954183886718,6.190403134889553,6.245749355437441,1214456000,NVDA
2018-05-14,6.309497833251953,6.386835050417833,6.2857782213181315,6.32704094891102,523140000,NVDA
2018-05-15,6.067356586456299,6.248715391426777,5.967041077748978,6.245997092376111,963528000,NVDA
2018-05-16,6.078474998474121,6.140492554509258,5.991996051165664,6.028811375794899,553828000,NVDA
2018-05-17,6.120478630065918,6.214122796023594,6.064143679711127,6.080204169037876,519784000,NVDA
2018-05-18,6.076746463775635,6.235620411298548,6.071804701082786,6.172367639665309,483716000,NVDA
2018-05-21,6.034742832183838,6.177803714306522,5.9420868961429605,6.174097627672075,640624000,NVDA
2018-05-22,5.99669075012207,6.073286172243902,5.9361553467973005,6.048083941326286,518264000,NVDA
2018-05-23,6.12006139755249,6.121297837896558,5.939826874995442,5.940568644889118,442956000,NVDA
2018-05-24,6.123769283294678,6.16604686288962,6.063196915090579,6.116352528081645,437372000,NVDA
2018-05-25,6.163080215454102,6.1793977382555845,6.100777203792342,6.136378857375659,292112000,NVDA
2018-05-29,6.146020412445068,6.21401047810902,6.0992931575786455,6.1450315432003935,352684000,NVDA
2018-05-30,6.25480318069458,6.263456374843187,6.154920327342823,6.17964394129472,390996000,NVDA
2018-05-31,6.235026836395264,6.309444806909326,6.212281423275929,6.222912359821981,493868000,NVDA
2018-06-01,6.3692755699157715,6.375456829653652,6.2711233144716125,6.279776512227953,421968000,NVDA
2018-06-04,6.5480265617370605,6.570030203696023,6.371253298271034,6.403393677281278,642024000,NVDA
2018-06-05,6.553463935852051,6.591043794732279,6.5064891122517645,6.551238626485291,391712000,NVDA
2018-06-06,6.555441379547119,6.558655557966693,6.447152426508077,6.46346994643949,371356000,NVDA
2018-06-07,6.499814510345459,6.563601057186747,6.409573235207362,6.551733682992139,369448000,NVDA
2018-06-08,6.484484672546387,6.527008872145472,6.408336095021519,6.427126022134033,360456000,NVDA
2018-06-11,6.443443298339844,6.513410616278112,6.43058705772362,6.471875287316625,265372000,NVDA
2018-06-12,6.491902828216553,6.504017302235402,6.419710182965732,6.4698991897504765,319160000,NVDA
2018-06-13,6.487453460693359,6.568299311392896,6.478305593439592,6.493387148700687,338208000,NVDA
2018-06-14,6.5989556312561035,6.655572522514355,6.517615122268855,6.532449575844525,430016000,NVDA
2018-06-15,6.55816125869751,6.613047508078306,6.510939335139675,6.54184373784278,432260000,NVDA
2018-06-18,6.553958892822266,6.571512382860502,6.486958168246381,6.5141537228346875,356268000,NVDA
2018-06-19,6.432318687438965,6.518109337887466,6.3049927016297485,6.450861045769104,594932000,NVDA
2018-06-20,6.485228538513184,6.538136587845209,6.435039526343012,6.473361162652067,369780000,NVDA
2018-06-21,6.356665134429932,6.535416100834752,6.349000808315392,6.517120840866388,359516000,NVDA
2018-06-22,6.204367637634277,6.3907833922434945,6.1890394577479775,6.377432479185783,434160000,NVDA
2018-06-25,5.911888599395752,6.1017651569803375,5.823378441826234,6.098056779670731,665816000,NVDA
2018-06-26,5.982846260070801,6.073334649697153,5.931421277708338,6.02512384662331,478884000,NVDA
2018-06-27,5.8278303146362305,6.092619095978848,5.822390825199162,6.026360125773991,453892000,NVDA
2018-06-28,5.954907417297363,5.966774790451967,5.8102745732667165,5.817938898780575,338012000,NVDA
2018-06-29,5.8570027351379395,6.032539522219198,5.8557662949112945,6.019930849915605,392300000,NVDA
2018-07-02,5.989027500152588,5.992735878357603,5.767010047064919,5.787530620051878,357572000,NVDA
2018-07-03,5.855518817901611,6.02957252567643,5.847112722532093,6.023638839036991,222732000,NVDA
2018-07-05,6.001141548156738,6.006085894889845,5.871837331918492,5.910653165265387,306216000,NVDA
2018-07-06,6.114868640899658,6.123274736456235,5.9554018109891125,5.976664149289937,296352000,NVDA
2018-07-09,6.1623382568359375,6.198682150756022,6.083717724780583,6.189040085660409,303880000,NVDA
2018-07-10,6.261233329772949,6.283236970522963,6.134401516993033,6.174700891949751,360016000,NVDA
2018-07-11,6.119814872741699,6.20313313464266,6.10918346535252,6.168520346779907,367508000,NVDA
2018-07-12,6.211289882659912,6.259253573001559,6.155167668185411,6.165057302779608,345508000,NVDA
2018-07-13,6.164069175720215,6.229833938341683,6.122039163547,6.229833938341683,246988000,NVDA
2018-07-16,6.136378765106201,6.189287281586046,6.124017191361547,6.136378765106201,197036000,NVDA
2018-07-17,6.272110462188721,6.2871920150318585,6.0617133215949455,6.08717870889515,362136000,NVDA
2018-07-18,6.2229108810424805,6.278538903205476,6.171980577328074,6.264693790411804,277640000,NVDA
2018-07-19,6.231069564819336,6.2646939499617895,6.189040026518868,6.20412110838301,235752000,NVDA
2018-07-20,6.202885150909424,6.267413469753372,6.192006645604569,6.228597638674499,222352000,NVDA
2018-07-23,6.166293621063232,6.178160994623873,6.0147382161009535,6.176430355628103,301584000,NVDA
2018-07-24,6.148988723754883,6.300791264976543,6.131434758562498,6.214258822618776,354620000,NVDA
2018-07-25,6.227114677429199,6.239723823051808,6.1005299654223775,6.158383304050002,319112000,NVDA
2018-07-26,6.300542831420898,6.337380924614669,6.190276122839303,6.207088315757086,325124000,NVDA
2018-07-27,6.230823040008545,6.344056836184781,6.176925650601559,6.3371342789732275,295420000,NVDA
2018-07-30,6.0357537269592285,6.25084858563641,6.000893374499714,6.244914898588753,340340000,NVDA
2018-07-31,6.0538010597229,6.128466100668753,5.986553244463329,6.025369068604396,283988000,NVDA
2018-08-01,6.0936079025268555,6.140335639175553,6.029821342440442,6.085202276327069,283556000,NVDA
2018-08-02,6.196208953857422,6.200164430540458,5.963560623032491,6.0224023469844825,269668000,NVDA
2018-08-03,6.232800483703613,6.256535233913246,6.203874287394923,6.2206860091568945,214288000,NVDA
2018-08-06,6.280516147613525,6.2839774255396295,6.173710730714454,6.220190883311782,207508000,NVDA
2018-08-07,6.352710723876953,6.371253559318994,6.302522178632652,6.329223541005743,258132000,NVDA
2018-08-08,6.38905143737793,6.434048516585529,6.319084117466494,6.353944463516333,262100000,NVDA
2018-08-09,6.3405938148498535,6.409572268552879,6.3329294898202155,6.40685276061921,204280000,NVDA
2018-08-10,6.2993059158325195,6.331693856492725,6.24763384766644,6.25875945093944,256396000,NVDA
2018-08-13,6.332188606262207,6.452839613844387,6.306229020221007,6.307959659290421,375208000,NVDA
2018-08-14,6.463471412658691,6.477564098084003,6.354440665130776,6.437511823143436,466220000,NVDA
2018-08-15,6.405370712280273,6.51810982494344,6.326749711256938,6.484238341164835,591136000,NVDA
2018-08-16,6.364824295043945,6.477563888544107,6.304746120358458,6.475091479399227,801260000,NVDA
2018-08-17,6.052813529968262,6.2543103925105195,6.025864600772823,6.253568622621382,1143188000,NVDA
2018-08-20,6.127478122711182,6.2599960342789815,5.901999427630956,6.012266602031291,854388000,NVDA
2018-08-21,6.262962818145752,6.267412965369303,6.124016555623853,6.143795354500337,673988000,NVDA
2018-08-22,6.497836589813232,6.502781407875291,6.226867067592977,6.230328345923656,749856000,NVDA
2018-08-23,6.597224235534668,6.662494314777757,6.445421739946275,6.459266851111327,720684000,NVDA
2018-08-24,6.73023796081543,6.744824844240702,6.601181319621181,6.605631467323773,531512000,NVDA
2018-08-27,6.8212199211120605,6.895390300265316,6.728506711388606,6.759905313460884,505776000,NVDA
2018-08-28,6.783641338348389,6.838033400094436,6.663732080296084,6.815287517358268,475384000,NVDA
2018-08-29,6.8890204429626465,6.914004818889428,6.755192928225578,6.775971957096754,420108000,NVDA
2018-08-30,6.872198104858398,6.968920130124822,6.835339868436462,6.857850479935464,346608000,NVDA
2018-08-31,6.943193435668945,6.956056709371471,6.842266066057848,6.852161109746707,306592000,NVDA
2018-09-04,7.0179009437561035,7.055500891753382,6.901636512569428,6.9300840620367445,391720000,NVDA
2018-09-05,6.887289524078369,7.035711924845331,6.80639945012959,7.00033802863459,393156000,NVDA
2018-09-06,6.746287822723389,6.873436239069993,6.713387691094614,6.870962477559457,322796000,NVDA
2018-09-07,6.725013732910156,6.850430552376574,6.6094914867958945,6.654265481017739,295420000,NVDA
2018-09-10,6.796009540557861,6.825694207721541,6.703740545471441,6.7475251346492575,220140000,NVDA
2018-09-11,6.748265743255615,6.837318780423623,6.728970596124407,6.749749622402886,243112000,NVDA
2018-09-12,6.634477138519287,6.727983257381165,6.4791283908914625,6.7084408696793165,419092000,NVDA
2018-09-13,6.712149620056152,6.802687007359959,6.682959900984516,6.700275756057239,305536000,NVDA
2018-09-14,6.838062763214111,6.904110736928437,6.765583386637337,6.802441633296546,386936000,NVDA
2018-09-17,6.776218891143799,6.8615620013963285,6.7569242142825265,6.812582661877284,205528000,NVDA
2018-09-18,6.704233646392822,6.882835138502996,6.697555010488127,6.780176648816838,299520000,NVDA
2018-09-19,6.7279815673828125,6.745792364554479,6.635712588493468,6.685681336944088,224860000,NVDA
2018-09-20,6.586980819702148,6.648328495095606,6.5330539563080166,6.606028262505605,430584000,NVDA
2018-09-21,6.516974449157715,6.6443705539703535,6.483827087597518,6.598854386601227,435128000,NVDA
2018-09-24,6.572634220123291,6.576097392083278,6.398980209241398,6.4860544493018315,293912000,NVDA
2018-09-25,6.639670372009277,6.664654746773195,6.553090617254046,6.6386809618931375,280388000,NVDA
2018-09-26,6.602814197540283,6.68494139655107,6.5869826870866115,6.644619972820357,268548000,NVDA
2018-09-27,6.614686489105225,6.659213250394395,6.583270710339509,6.637939279939521,214428000,NVDA
2018-09-28,6.951604843139648,6.973868223417912,6.718581997625121,6.7465350761777785,709396000,NVDA
2018-10-01,7.157912731170654,7.224702405153943,6.99069013205169,7.029279962617605,622060000,NVDA
2018-10-02,7.086669445037842,7.242017693488077,7.064406064856786,7.130454029817686,383964000,NVDA
2018-10-03,7.092853546142578,7.16434350227602,6.988957930209659,7.15692221834448,320552000,NVDA
2018-10-04,6.908810615539551,7.080980264928115,6.831878189445557,7.056738062634952,391220000,NVDA
2018-10-05,6.675539970397949,6.946163248925775,6.618149930657913,6.884073392637456,426636000,NVDA
2018-10-08,6.57436466217041,6.707697231251956,6.43361080939942,6.592422694508517,408612000,NVDA
2018-10-09,6.568676948547363,6.648329908109171,6.50089738507235,6.553834377750684,273500000,NVDA
2018-10-10,6.077644348144531,6.508563794328241,6.0754178217005625,6.462799923612774,684940000,NVDA
2018-10-11,5.816420555114746,6.123901981447978,5.794899355925963,5.990568968465793,725436000,NVDA
2018-10-12,6.098670482635498,6.1728818955498195,5.928232458306137,6.073191641353088,608236000,NVDA
2018-10-15,5.822606563568115,6.08531408934243,5.82161715333462,6.08531408934243,449760000,NVDA
2018-10-16,6.081106185913086,6.092237872049009,5.885931062696692,5.935157621829455,408712000,NVDA
2018-10-17,6.01258659362793,6.181293529998051,5.9636072518085514,6.143198171812938,329668000,NVDA
2018-10-18,5.925264358520508,6.120192305746902,5.864906095134859,6.081850186742388,524020000,NVDA
2018-10-19,5.668989181518555,5.999970717753412,5.6326258798969935,5.980428804861731,613608000,NVDA
2018-10-22,5.719700336456299,5.821122198384283,5.617041829694844,5.721184687713873,368844000,NVDA
2018-10-23,5.468372344970703,5.545799241394186,5.360765840725064,5.45278760002083,626436000,NVDA
2018-10-24,4.93281364440918,5.476533827594657,4.918960960993198,5.43002825560625,884288000,NVDA
2018-10-25,5.141348361968994,5.188596121781388,4.791071657561693,4.835351186645003,951720000,NVDA
2018-10-26,4.905110836029053,5.067138247056956,4.777220210443771,4.905605305368023,664784000,NVDA
2018-10-29,4.591691493988037,5.049574268414846,4.353968323409663,5.0461110963584925,758016000,NVDA
2018-10-30,5.021621227264404,5.031516274262997,4.591691532162264,4.614697091794364,807192000,NVDA
2018-10-31,5.215310573577881,5.258847914400886,5.0466036727772545,5.186120856673454,745772000,NVDA
2018-11-01,5.395397663116455,5.40479776763911,5.125268865163143,5.251675099303029,566528000,NVDA
2018-11-02,5.3164873123168945,5.4916256842249105,5.199975632344682,5.385998461794121,452960000,NVDA
2018-11-05,5.238564491271973,5.3266286019097615,5.0780210135951505,5.303375339716033,379332000,NVDA
2018-11-06,5.221002578735352,5.3147559369879875,5.183896622134259,5.230649919850028,299012000,NVDA
2018-11-07,5.288534164428711,5.37808217000393,5.223970539329089,5.287544754086382,483812000,NVDA
2018-11-08,5.095584869384766,5.230154096652301,5.042152470746677,5.22941192102683,511352000,NVDA
2018-11-09,5.087668418884277,5.1779585856268,4.973136051283547,5.006778356612328,413240000,NVDA
2018-11-12,4.688661098480225,5.01840605716002,4.666892182530087,4.996389906566901,617116000,NVDA
2018-11-13,4.930340766906738,5.051552240335643,4.780186805114317,4.786371444308816,644712000,NVDA
2018-11-14,4.877898693084717,5.117600665630977,4.770045426671228,5.103253037449535,526580000,NVDA
2018-11-15,5.006530284881592,5.0785151716487364,4.836091788136995,4.8719606142460865,840708000,NVDA
2018-11-16,4.0675129890441895,4.221624597657671,3.9977541439452753,4.040054850732546,1963520000,NVDA
2018-11-19,3.5794506072998047,4.002948570717526,3.5777190216361867,4.002206866994581,1697820000,NVDA
2018-11-20,3.6877989768981934,3.8159367939608377,3.297695827476737,3.316248565605062,1692032000,NVDA
2018-11-21,3.579698085784912,3.8416634234545715,3.5524874183724475,3.824842270731728,1025496000,NVDA
2018-11-23,3.586872100830078,3.7004150650182996,3.532203292433255,3.5450665692220227,411968000,NVDA
2018-11-26,3.7860050201416016,3.7963945343158647,3.625461547776604,3.7078359574340167,814832000,NVDA
2018-11-27,3.802826404571533,3.8839639385634186,3.7241626319850347,3.760031228719655,738060000,NVDA
2018-11-28,3.95965838432312,3.9648531405992347,3.78798324902776,3.9203263886201722,804524000,NVDA
2018-11-29,3.8965160846710205,3.9990298066187497,3.8663067589381757,3.9618872084978345,549172000,NVDA
2018-11-30,4.046820640563965,4.05746803205743,3.855906969630096,3.9061734352238338,729564000,NVDA
2018-12-03,4.210494041442871,4.325388902881551,4.14363710554639,4.273884342394805,890804000,NVDA
2018-12-04,3.8903262615203857,4.17087729419902,3.875221360444782,4.165924821161724,812112000,NVDA
2018-12-06,3.9195449352264404,3.9244971717933717,3.73432665914404,3.7499265231281838,692308000,NVDA
2018-12-07,3.6550886631011963,3.9339065888486973,3.6058128359465345,3.9237541617113907,681676000,NVDA
2018-12-10,3.760326385498047,3.785088276464206,3.6065555573984267,3.6102699118874186,629472000,NVDA
2018-12-11,3.6694507598876953,3.8601164740954412,3.590460566960948,3.8519450829701536,671912000,NVDA
2018-12-12,3.687032461166382,3.783108139207231,3.586004309296617,3.675146712894545,654136000,NVDA
2018-12-13,3.686784267425537,3.7979648346142523,3.6508797813853344,3.7338318181433574,471384000,NVDA
2018-12-14,3.6263651847839355,3.728878911987021,3.6028414121564096,3.6451839667390646,471820000,NVDA
2018-12-17,3.5552988052368164,3.6684601640487577,3.4973561485793327,3.5964034794123507,662868000,NVDA
2018-12-18,3.6384990215301514,3.7224414627810014,3.5718897650413535,3.5991276605455687,564372000,NVDA
2018-12-19,3.4297568798065186,3.658308377154698,3.378252290415726,3.6048227511923643,745364000,NVDA
2018-12-20,3.345318555831909,3.511222600958668,3.2856425865262016,3.421337306033163,749588000,NVDA
2018-12-21,3.208386182785034,3.404747300038811,3.1809005712858642,3.371814015403391,863740000,NVDA
2018-12-24,3.1467292308807373,3.2185384332547193,3.0828437015886583,3.132119766766623,463840000,NVDA
2018-12-26,3.295795202255249,3.2967856023218456,3.081853202175488,3.1927860386286473,695100000,NVDA
2018-12-27,3.2480053901672363,3.277967241586245,3.099682205763911,3.2435483528267803,637044000,NVDA
2018-12-28,3.3094139099121094,3.4020231610470932,3.226709603672185,3.2685569568075237,628728000,NVDA
2018-12-31,3.3057003021240234,3.385185466316199,3.2749955349610382,3.352747616905251,465140000,NVDA
2019-01-02,3.373051881790161,3.4290135007628106,3.220271688741212,3.234881152570605,508752000,NVDA
2019-01-03,3.169262647628784,3.3468047509537686,3.161834173940892,3.3128810650449374,705552000,NVDA
2019-01-04,3.372309684753418,3.4104426909025465,3.211605559520312,3.242310091713328,585620000,NVDA
2019-01-07,3.5508415699005127,3.5877366873539573,3.378251727789185,3.429508826663818,709160000,NVDA
2019-01-08,3.462442636489868,3.6345373165933417,3.3898905036888123,3.632308561774112,786016000,NVDA
2019-01-09,3.5305380821228027,3.5778331236526753,3.4631858982590753,3.5136998590466484,617260000,NVDA
2019-01-10,3.5961554050445557,3.604821995452635,3.450803695822795,3.5112225828984993,523156000,NVDA
2019-01-11,3.685298442840576,3.7080792986049738,3.546137071809889,3.5738701643159874,874764000,NVDA
2019-01-14,3.7251639366149902,3.750421023218538,3.6095263651741187,3.6330501338807006,730168000,NVDA
2019-01-15,3.7110507488250732,3.797221699312551,3.6927269296751715,3.7578503426020893,617012000,NVDA
2019-01-16,3.6855459213256836,3.771221671354495,3.6800984845296334,3.7382886240345203,470104000,NVDA
2019-01-17,3.7568604946136475,3.7967270572444844,3.6253752950622045,3.6526134277595066,493436000,NVDA
2019-01-18,3.885869264602661,3.9118692776016326,3.7551269898108366,3.806631579552326,651336000,NVDA
2019-01-22,3.6838130950927734,3.8672980837653896,3.653603762135762,3.85566005430992,661552000,NVDA
2019-01-23,3.6966893672943115,3.8276793687559043,3.6654896330374007,3.739032167403333,591020000,NVDA
2019-01-24,3.9084017276763916,3.9259823901188353,3.776421365368206,3.7811261195300476,708972000,NVDA
2019-01-25,3.965602397918701,3.9836785018556333,3.7464606319697302,3.848974381611275,1154572000,NVDA
2019-01-28,3.4173758029937744,3.507261112893083,3.2437957746546737,3.3812235989990995,2511528000,NVDA
2019-01-29,3.258652448654175,3.419604270903445,3.2440429846402754,3.371318606155215,1153932000,NVDA
2019-01-30,3.4020235538482666,3.4163853005399343,3.2551859876519855,3.334671384895989,974228000,NVDA
2019-01-31,3.559508800506592,3.595165806236764,3.377014216677439,3.3988046746644693,842852000,NVDA
2019-02-01,3.5837748050689697,3.63478418856549,3.530537139421069,3.578079650274053,625048000,NVDA
2019-02-04,3.693964719772339,3.7311073186872235,3.5775842144138106,3.5996221501393917,528592000,NVDA
2019-02-05,3.713031530380249,3.749678932348677,3.672174573691517,3.7058505391601373,542424000,NVDA
2019-02-06,3.788555383682251,3.8529361192776266,3.7407651501565415,3.7462125873744347,702464000,NVDA
2019-02-07,3.6503846645355225,3.7444795380569804,3.6075469011987353,3.7422510193852423,637120000,NVDA
2019-02-08,3.668955087661743,3.6796024776464633,3.5689173707020836,3.5832791147736933,461604000,NVDA
2019-02-11,3.6263651847839355,3.679107648481847,3.57807952137513,3.624879348540675,495180000,NVDA
2019-02-12,3.74324107170105,3.758841173246999,3.6503843252168604,3.664746308472057,591060000,NVDA
2019-02-13,3.785583734512329,3.8586310580795686,3.7590885235415303,3.7727075881158356,605372000,NVDA
2019-02-14,3.826441526412964,3.8546700618557206,3.7415084380694004,3.7845941595733352,827264000,NVDA
2019-02-15,3.8960213661193848,4.057715641424069,3.873240509966178,4.0349350214177715,1516748000,NVDA
2019-02-19,3.878687620162964,3.9591636461695914,3.866306911066765,3.8853734108841738,551892000,NVDA
2019-02-20,3.92598295211792,3.9930874019007936,3.8967642591234353,3.907906850947188,540988000,NVDA
2019-02-21,3.857145071029663,3.9631254384785057,3.8425356068869903,3.9386115010375433,448548000,NVDA
2019-02-22,3.94183087348938,3.960649894447038,3.8952787573494283,3.908897822960406,401740000,NVDA
2019-02-25,3.9294497966766357,4.092629906107369,3.920782969091811,4.025277974848738,656020000,NVDA
2019-02-26,3.89007830619812,3.980706526390799,3.8566498236755344,3.9247449069045306,488464000,NVDA
2019-02-27,3.848231315612793,3.9022119038952963,3.791279054489746,3.875716927918622,500256000,NVDA
2019-02-28,3.8236920833587646,3.8643434168737505,3.801383692823704,3.8420347899483738,324944000,NVDA
2019-03-01,3.8779759407043457,3.920114163022685,3.8152639630606497,3.8735140741506693,357188000,NVDA
2019-03-04,3.886155605316162,3.9392004003948013,3.829640364654736,3.916396067248157,409992000,NVDA
2019-03-05,3.879711627960205,3.9178839362664943,3.8162559569637526,3.87054015646115,362924000,NVDA
2019-03-06,3.7689123153686523,3.879215823331413,3.7661857893583086,3.8707882718492943,403524000,NVDA
2019-03-07,3.6997547149658203,3.755030560397522,3.6536503391344715,3.74536338040612,450104000,NVDA
2019-03-08,3.733961820602417,3.7446204227699456,3.589203729921153,3.610520934256211,422416000,NVDA
2019-03-11,3.994229316711426,4.017033419423965,3.7104143542499926,3.7575104004354563,859728000,NVDA
2019-03-12,4.028434753417969,4.074786629138914,3.9458927102492316,4.021989809263708,579576000,NVDA
2019-03-13,4.179638385772705,4.208887435194801,4.058428293901747,4.065864661185233,768900000,NVDA
2019-03-14,4.103787899017334,4.200706488078726,4.096103797162113,4.188808493413833,519384000,NVDA
2019-03-15,4.209134101867676,4.251768029432475,4.143447396897777,4.1469176058016615,661484000,NVDA
2019-03-18,4.187816619873047,4.294402140783058,4.16079816141345,4.240613433612085,486992000,NVDA
2019-03-19,4.3553786277771,4.399748130589831,4.2654009372849435,4.282256034301148,854972000,NVDA
2019-03-20,4.322908401489258,4.437673521455852,4.2882058347189105,4.3843807498112275,719148000,NVDA
2019-03-21,4.559378623962402,4.585653401741003,4.341002716961014,4.345960293565358,824312000,NVDA
2019-03-22,4.3997483253479,4.5806956077962955,4.3858674897387635,4.532112683164318,747644000,NVDA
2019-03-25,4.307539463043213,4.423295984166942,4.241357285926929,4.35909712121291,525212000,NVDA
2019-03-26,4.384133338928223,4.505095202851292,4.3278658277383935,4.4490759014802626,703508000,NVDA
2019-03-27,4.374963283538818,4.456017762631787,4.305559067939095,4.40966586411944,474372000,NVDA
2019-03-28,4.393551349639893,4.459237578186372,4.340506325524776,4.400987241004111,480264000,NVDA
2019-03-29,4.450810432434082,4.475102369682448,4.4099116057171175,4.460229639257601,456896000,NVDA
2019-04-01,4.5182318687438965,4.548472328288547,4.470888101591923,4.542523331173803,483824000,NVDA
2019-04-02,4.5360798835754395,4.58044940319599,4.499394940844247,4.542277092500362,440920000,NVDA
2019-04-03,4.675384044647217,4.734378080160501,4.5806964924996185,4.585654069826234,783504000,NVDA
2019-04-04,4.66646146774292,4.708847672703521,4.603749476431988,4.660016521717433,457376000,NVDA
2019-04-05,4.733138561248779,4.750490082301822,4.673153576189871,4.709590777561988,481744000,NVDA
2019-04-08,4.7539591789245605,4.7789943245391795,4.678605532320205,4.702649257234318,424192000,NVDA
2019-04-09,4.691247940063477,4.73165129477477,4.649109480661156,4.720496982792374,439972000,NVDA
2019-04-10,4.761643886566162,4.787422721742926,4.686042958630669,4.690504589184223,444772000,NVDA
2019-04-11,4.747763156890869,4.795602881676551,4.698436537073652,4.764122784482669,374600000,NVDA
2019-04-12,4.709837913513184,4.790396881960387,4.701162390484168,4.7864307259554595,471708000,NVDA
2019-04-15,4.578217029571533,4.70711118439683,4.538557362360754,4.7021536078003505,440092000,NVDA
2019-04-16,4.665219783782959,4.684058193870799,4.584661303380977,4.617380547685024,394964000,NVDA
2019-04-17,4.642416954040527,4.7209926145799885,4.6201083293303,4.700171357591933,351004000,NVDA
2019-04-18,4.617878437042236,4.683069222789732,4.590116754088731,4.649110803145635,380988000,NVDA
2019-04-22,4.671665668487549,4.687281610127979,4.562849551023288,4.59432917131352,279936000,NVDA
2019-04-23,4.726196765899658,4.757429116477299,4.6751350568816745,4.684801999135971,346856000,NVDA
2019-04-24,4.738592147827148,4.779243243282639,4.675880163403559,4.736608833155228,318204000,NVDA
2019-04-25,4.632997512817383,4.720744639511506,4.55343043540214,4.698436015926182,499296000,NVDA
2019-04-26,4.414373874664307,4.483778541684182,4.295642587770011,4.479316438242559,868988000,NVDA
2019-04-29,4.4451093673706055,4.472871039316649,4.350173621257163,4.422304799143129,391920000,NVDA
2019-04-30,4.486504554748535,4.512035177805658,4.39379985128873,4.412886002523264,362920000,NVDA
2019-05-01,4.473368167877197,4.580945147868897,4.473119958040308,4.53880668205535,354280000,NVDA
2019-05-02,4.54079008102417,4.582432605052308,4.439905771422172,4.483035663531513,394684000,NVDA
2019-05-03,4.536326885223389,4.559130981628011,4.474854068726424,4.54921630099399,336824000,NVDA
2019-05-06,4.458000659942627,4.470146396533805,4.312994559353153,4.350175453192779,422176000,NVDA
2019-05-07,4.290932655334473,4.409663926602469,4.242845199780026,4.409663926602469,555220000,NVDA
2019-05-08,4.311009883880615,4.391072900167956,4.251520384477504,4.2634183789142295,419168000,NVDA
2019-05-09,4.218553066253662,4.2517682624256565,4.099822273281469,4.2421013189180234,660248000,NVDA
2019-05-10,4.184594631195068,4.253255601624408,4.065119682464196,4.187817103269643,569500000,NVDA
2019-05-13,3.927551031112671,4.07577933938644,3.911687113715555,4.052727029014775,656912000,NVDA
2019-05-14,4.016537189483643,4.051735230769413,3.9285420862692155,3.9672101006105938,524880000,NVDA
2019-05-15,3.9555602073669434,3.9919974055631218,3.901771726020397,3.9610132584113797,502320000,NVDA
2019-05-16,3.9706811904907227,4.0133156069485825,3.90772169606782,3.950107902666952,781088000,NVDA
2019-05-17,3.8799586296081543,4.0579316645712655,3.8405469343425804,3.9287897680294255,1022068000,NVDA
2019-05-20,3.7614758014678955,3.8363335181039435,3.736688387279552,3.7813056382624497,572064000,NVDA
2019-05-21,3.8435213565826416,3.859385271984661,3.783536140697449,3.8222043901666933,361848000,NVDA
2019-05-22,3.772629737854004,3.8308798480781565,3.761723163231834,3.804853278528092,325868000,NVDA
2019-05-23,3.6516671180725098,3.7104129301364273,3.5919296489392836,3.7104129301364273,591844000,NVDA
2019-05-24,3.59787917137146,3.705703868653798,3.591186489834491,3.6705058291125585,357584000,NVDA
2019-05-28,3.5527660846710205,3.6481973089986552,3.550783006705381,3.615478059102354,428356000,NVDA
2019-05-29,3.4786524772644043,3.540124828463809,3.443950145259975,3.50517475942802,559800000,NVDA
2019-05-30,3.4520998001098633,3.5176129997385956,3.413883688106398,3.4818785056992767,394300000,NVDA
2019-05-31,3.361522674560547,3.470463243115982,3.3597855892986193,3.4032129575069305,389720000,NVDA
2019-06-03,3.3198328018188477,3.4114022858816906,3.290550370638399,3.372689895169221,478644000,NVDA
2019-06-04,3.5486323833465576,3.553843638882873,3.361770770092565,3.3838566011741076,641836000,NVDA
2019-06-05,3.5059492588043213,3.6277939409728304,3.469718492849625,3.6223344294385313,511616000,NVDA
2019-06-06,3.567988634109497,3.5925560834584522,3.507686691465688,3.510168309378134,408140000,NVDA
2019-06-07,3.610671043395996,3.644916467249988,3.5548358302361285,3.5739440019215474,348856000,NVDA
2019-06-10,3.6833813190460205,3.7518724125005205,3.666754762775281,3.666754762775281,402780000,NVDA
2019-06-11,3.740952968597412,3.780906161129714,3.7014962889274483,3.7431863298375854,383872000,NVDA
2019-06-12,3.6280415058135986,3.7037291785307884,3.612904018602172,3.697525135142462,358892000,NVDA
2019-06-13,3.6791629791259766,3.6975263857824703,3.63250945637403,3.6501285669002215,308080000,NVDA
2019-06-14,3.589329957962036,3.6104232370452425,3.5446620185259192,3.5861040439813654,394428000,NVDA
2019-06-17,3.599008321762085,3.6359836257979934,3.564762655565564,3.587593020809871,276040000,NVDA
2019-06-18,3.7938108444213867,3.8491495539651006,3.6493840353792044,3.6603028234074393,581920000,NVDA
2019-06-19,3.7997663021087646,3.8404637930278342,3.7737097883346435,3.829048729718864,331644000,NVDA
2019-06-20,3.824085235595703,3.9042396397667134,3.8096922792094254,3.8903429595785717,350168000,NVDA
2019-06-21,3.766016960144043,3.858331203483976,3.759564895734803,3.8091963060582503,434428000,NVDA
2019-06-24,3.788351058959961,3.8178817434588725,3.7402087138632987,3.7873585064817115,282948000,NVDA
2019-06-25,3.759068489074707,3.8682573040058146,3.756338851532463,3.793314151543314,311868000,NVDA
2019-06-26,3.952134609222412,4.013181328461342,3.873469252695081,3.8863733833757985,584072000,NVDA
2019-06-27,4.050651550292969,4.06975948452506,4.001764679171801,4.037747423194393,445440000,NVDA
2019-06-28,4.075467586517334,4.103757460552952,4.028814309330252,4.094575522317128,397668000,NVDA
2019-07-01,4.123610973358154,4.316676431741512,4.0861391515964955,4.282430761166285,709756000,NVDA
2019-07-02,4.02583646774292,4.1280769479164805,4.012684318865418,4.106983432433489,400228000,NVDA
2019-07-03,4.038740158081055,4.05487043601337,3.9789347351642497,4.049162668133274,246636000,NVDA
2019-07-05,3.976205587387085,3.984891013500101,3.9129255133405683,3.980424290544868,396552000,NVDA
2019-07-08,3.9012625217437744,3.9355081894863546,3.871235794174561,3.9166482702461005,329788000,NVDA
2019-07-09,3.9037439823150635,3.9317856035650762,3.8464199307929863,3.859075804161712,342860000,NVDA
2019-07-10,3.9719862937927246,4.029310097617436,3.9332739117349313,3.9471705914500133,452076000,NVDA
2019-07-11,4.126339435577393,4.1670369236067675,4.007720668204289,4.044943986198475,682560000,NVDA
2019-07-12,4.159344673156738,4.230317623047764,4.154133417324343,4.154133417324343,506392000,NVDA
2019-07-15,4.150907039642334,4.196567767290937,4.122617637138921,4.180437961065009,289840000,NVDA
2019-07-16,4.14619255065918,4.173241382538583,4.090605348098259,4.136018058733451,341444000,NVDA
2019-07-17,4.211458206176758,4.218406548113821,4.118647669365643,4.147930102763352,348204000,NVDA
2019-07-18,4.223121166229248,4.285904734954432,4.165300833974736,4.22188059377172,442192000,NVDA
2019-07-19,4.179943084716797,4.267790404043498,4.173987294142071,4.261338573691112,344896000,NVDA
2019-07-22,4.251410961151123,4.264315091724775,4.193838649874808,4.201283504432008,315940000,NVDA
2019-07-23,4.359109878540039,4.361094983373158,4.274984789744258,4.290619028595652,428176000,NVDA
2019-07-24,4.433557033538818,4.439264802250148,4.32635378692082,4.402289498828608,366236000,NVDA
2019-07-25,4.302530765533447,4.404771252642297,4.279204123683019,4.392115142493998,392700000,NVDA
2019-07-26,4.344470977783203,4.391124279434108,4.329581736969611,4.329581736969611,274160000,NVDA
2019-07-29,4.338264465332031,4.354394742272245,4.250169174840338,4.337271913005272,248160000,NVDA
2019-07-30,4.353898525238037,4.366058120377159,4.277466311043389,4.291859504059564,197772000,NVDA
2019-07-31,4.1868896484375,4.323375787221284,4.144703092569086,4.322382761447272,359416000,NVDA
2019-08-01,4.092590808868408,4.2876413418581345,4.040477778383073,4.197312436118388,421212000,NVDA
2019-08-02,4.000029563903809,4.069265448768431,3.952631971278064,4.000029563903809,428348000,NVDA
2019-08-05,3.74194598197937,3.817881688657887,3.6950444464837853,3.8166408797478337,589156000,NVDA
2019-08-06,3.780658006668091,3.862053222534789,3.7330121767256927,3.816640753892801,361272000,NVDA
2019-08-07,3.8188741207122803,3.8307856965451412,3.702488946544037,3.7198597974168814,372560000,NVDA
2019-08-08,3.9273183345794678,3.9285591434290668,3.81912231149142,3.8764463550463737,309300000,NVDA
2019-08-09,3.8260703086853027,3.889846410544111,3.7756946098765876,3.886372240740756,341816000,NVDA
2019-08-12,3.758323907852173,3.826070458327308,3.73648609919122,3.7739576725787245,279200000,NVDA
2019-08-13,3.872476100921631,3.918385086800619,3.717875040369741,3.7568354485894377,351956000,NVDA
2019-08-14,3.72407865524292,3.7955476398944517,3.680403269804808,3.7843805962513932,419880000,NVDA
2019-08-15,3.6918184757232666,3.7627911868770045,3.657573047446917,3.7429387166698227,477200000,NVDA
2019-08-16,3.9595787525177,4.008713411547251,3.893072769164578,3.954367497216686,1007960000,NVDA
2019-08-19,4.238008499145508,4.253890754055309,4.056606689483732,4.072736964109604,815112000,NVDA
2019-08-20,4.165796756744385,4.233047039437114,4.144703241392675,4.23255052653228,463188000,NVDA
2019-08-21,4.249175071716309,4.3042657351030895,4.210214681179536,4.2318042271024625,427244000,NVDA
2019-08-22,4.255381107330322,4.301289854666067,4.216172207597368,4.258855277687403,303488000,NVDA
2019-08-23,4.031046390533447,4.233293685905366,4.011193927224061,4.178947549846418,568056000,NVDA
2019-08-26,4.10574197769165,4.133783827937213,4.067526111562413,4.109712660140971,318208000,NVDA
2019-08-27,4.01516580581665,4.146688236942727,3.9858833782095293,4.143958599338707,290968000,NVDA
2019-08-28,4.004732131958008,4.0573932656811085,3.9495869243870976,3.988834627878395,255612000,NVDA
2019-08-29,4.148309230804443,4.180601248407322,4.092667010059698,4.096144619244449,357976000,NVDA
2019-08-30,4.160976886749268,4.244191705549204,4.142843573381755,4.194511174284586,290616000,NVDA
2019-09-03,4.078011989593506,4.121233846385008,4.055159260760922,4.088196553572964,296140000,NVDA
2019-09-04,4.192028522491455,4.199480746845919,4.138622099089851,4.138622099089851,227728000,NVDA
2019-09-05,4.4647746086120605,4.470984559444308,4.2923836823880395,4.294122487572624,695676000,NVDA
2019-09-06,4.437696933746338,4.498306828145142,4.399691498658127,4.4414228081546065,376976000,NVDA
2019-09-09,4.483652114868164,4.570096305349643,4.467257600537183,4.468748140146039,417524000,NVDA
2019-09-10,4.5502238273620605,4.576802430183679,4.441175181042548,4.4508627401693195,352812000,NVDA
2019-09-11,4.578790664672852,4.626980676044221,4.535817068524845,4.564880224077214,361512000,NVDA
2019-09-12,4.577298641204834,4.679888581131553,4.56934988826807,4.6252403716790145,327840000,NVDA
2019-09-13,4.519421577453613,4.547739457034524,4.475702720883678,4.510727553957993,324592000,NVDA
2019-09-16,4.476447105407715,4.5109749272595625,4.433970531330053,4.444403357461807,231832000,NVDA
2019-09-17,4.497810363769531,4.502033242595779,4.43670346411562,4.48315465741563,223048000,NVDA
2019-09-18,4.470734596252441,4.506504699218102,4.38429089143522,4.490855456841406,258152000,NVDA
2019-09-19,4.395222187042236,4.495079832156579,4.3845406161425435,4.476697770157631,245476000,NVDA
2019-09-20,4.2896504402160645,4.4178259541330585,4.2794663492857685,4.394227953809017,350244000,NVDA
2019-09-23,4.343056678771973,4.388514346249962,4.286172646537439,4.289898995536494,249712000,NVDA
2019-09-24,4.285676002502441,4.403915208854003,4.250154634909767,4.374355525713312,317268000,NVDA
2019-09-25,4.427265167236328,4.44688902648033,4.2404668170869675,4.2851792158550435,308432000,NVDA
2019-09-26,4.405158042907715,4.426272445668712,4.354235684681547,4.417578419175627,234564000,NVDA
2019-09-27,4.266549110412598,4.4140997332501275,4.205938731326209,4.363425652757466,362056000,NVDA
2019-09-30,4.323929786682129,4.3341143508758595,4.261084070387128,4.2923830327616175,186184000,NVDA
2019-10-01,4.3221893310546875,4.496070704367189,4.317469922551285,4.347029594926277,366008000,NVDA
2019-10-02,4.298344135284424,4.312254572772239,4.226059134377036,4.300331205271614,293372000,NVDA
2019-10-03,4.503772735595703,4.509982685246314,4.272510742473027,4.302815694750589,450588000,NVDA
2019-10-04,4.520166873931885,4.549478288687561,4.440926653211985,4.506007697163168,265524000,NVDA
2019-10-07,4.578790664672852,4.678399558418972,4.576306589739509,4.585000615111782,480984000,NVDA
2019-10-08,4.402423858642578,4.487128752025181,4.384290543295214,4.487128752025181,444436000,NVDA
2019-10-09,4.488868236541748,4.538300515433616,4.450366264875093,4.4791806772945035,292412000,NVDA
2019-10-10,4.5464982986450195,4.597420651810806,4.4814172391086275,4.486633654486099,309124000,NVDA
2019-10-11,4.62002420425415,4.703238559929826,4.611578446526381,4.630457031874789,446404000,NVDA
2019-10-14,4.633438587188721,4.654304246710248,4.580280429445844,4.611330653387778,200040000,NVDA
2019-10-15,4.877864360809326,4.95039809137239,4.709696384956442,4.723607294423642,664124000,NVDA
2019-10-16,4.824209690093994,4.948659289241143,4.81278332846536,4.843833543487717,428944000,NVDA
2019-10-17,4.826198577880859,4.913635829593668,4.7717981463333325,4.868675166363097,263436000,NVDA
2019-10-18,4.731804847717285,4.859235065815484,4.657532778080499,4.826694307935425,307440000,NVDA
2019-10-21,4.868923664093018,4.882337573616498,4.774282448956211,4.793161038913564,261868000,NVDA
2019-10-22,4.858987808227539,5.030881713364968,4.851287318324647,4.925807668713271,328720000,NVDA
2019-10-23,4.8460693359375,4.86022803684387,4.7452182037721,4.777013688283062,279916000,NVDA
2019-10-24,4.890037536621094,4.923571359238547,4.853273895856996,4.887304722909807,232020000,NVDA
2019-10-25,5.080809593200684,5.1016752495667195,4.962818665307215,4.970519153793073,423092000,NVDA
2019-10-28,5.13670015335083,5.18911256029062,5.095216631561461,5.124528046514247,330792000,NVDA
2019-10-29,5.0405683517456055,5.12924786518978,5.021193234752128,5.122789176999456,211236000,NVDA
2019-10-30,5.042555809020996,5.073109500042547,4.974493681436007,5.067396081111445,205960000,NVDA
2019-10-31,4.993371486663818,5.0425550187031005,4.9136347421803634,5.021689363981352,209732000,NVDA
2019-11-01,5.0323710441589355,5.064663061893138,4.9330099691241465,4.958098503171702,283640000,NVDA
2019-11-04,5.228855609893799,5.241275979201212,5.090247794459039,5.1133487811724025,376716000,NVDA
2019-11-05,5.206747055053711,5.254688296438154,5.158805339880724,5.228606237100358,300868000,NVDA
2019-11-06,5.157566547393799,5.208240156857396,5.070128820646721,5.182655086783872,269012000,NVDA
2019-11-07,5.175201416015625,5.2586645050238925,5.130489029983029,5.244008799548261,280340000,NVDA
2019-11-08,5.16129207611084,5.1928393025780455,5.120802560053755,5.15831147084381,189100000,NVDA
2019-11-11,5.171227931976318,5.194328923737769,5.074350925363267,5.160546364658916,243436000,NVDA
2019-11-12,5.206747055053711,5.26263752062652,5.174454575483401,5.209479393585974,283504000,NVDA
2019-11-13,5.180914878845215,5.203022332992698,5.11459156882538,5.175449726285449,300188000,NVDA
2019-11-14,5.211220741271973,5.213456550501658,5.12999344609169,5.1898580791915965,518080000,NVDA
2019-11-15,5.072115421295166,5.260652066558472,4.983932441136792,5.208984457760898,1053628000,NVDA
2019-11-18,5.273073196411133,5.299651800518444,5.061683321264874,5.064663926606224,574588000,NVDA
2019-11-19,5.166507244110107,5.265619570604348,5.108381428222747,5.242021578120452,414564000,NVDA
2019-11-20,5.245748519897461,5.329459888793397,5.130986930145402,5.143655568076796,472588000,NVDA
2019-11-21,5.220907688140869,5.296918559994119,5.199296763276489,5.241276812771336,288388000,NVDA
2019-11-22,5.2385454177856445,5.289964295422484,5.214946944987763,5.243513093405742,224100000,NVDA
2019-11-25,5.494893550872803,5.499861698105738,5.353552936479406,5.366469835011879,506476000,NVDA
2019-11-26,5.390317916870117,5.481978029538474,5.383859229087012,5.477258146344863,385244000,NVDA
2019-11-27,5.425119400024414,5.470113228547502,5.398769637902279,5.435808848094439,215784000,NVDA
2019-11-29,5.387833118438721,5.422634878867969,5.363968783208136,5.394296573454682,141556000,NVDA
2019-12-02,5.20164155960083,5.394295337032082,5.186478142091579,5.380871533007133,372036000,NVDA
2019-12-03,5.162115573883057,5.166092645050758,4.980897111469833,5.018184761427089,465232000,NVDA
2019-12-04,5.205867290496826,5.268013544804459,5.177280070411911,5.245640855322648,273424000,NVDA
2019-12-05,5.188963413238525,5.243403493960894,5.158387185213337,5.227742707276985,184884000,NVDA
2019-12-06,5.274228096008301,5.307041784962979,5.248126782890336,5.258070411204777,232236000,NVDA
2019-12-09,5.274228096008301,5.328917103461136,5.242658071800371,5.251358509506359,211880000,NVDA
2019-12-10,5.319222450256348,5.370928180069909,5.251607009810298,5.304307007637459,256388000,NVDA
2019-12-11,5.402746200561523,5.408215385385708,5.327176622335865,5.329662529230811,233796000,NVDA
2019-12-12,5.570045471191406,5.588192169629249,5.364963076233889,5.373911964126551,404348000,NVDA
2019-12-13,5.568055629730225,5.692099685136238,5.514112444088463,5.573027443677887,454704000,NVDA
2019-12-16,5.596892356872559,5.669230698851014,5.58744609823879,5.6155364256371545,320976000,NVDA
2019-12-17,5.674948692321777,5.697569835117651,5.606090521582747,5.615536780813981,321196000,NVDA
2019-12-18,5.7052741050720215,5.765680264661561,5.701296559407145,5.70974854760861,343548000,NVDA
2019-12-19,5.853183746337891,5.86660755208629,5.734857298669903,5.739829113698079,445360000,NVDA
2019-12-20,5.950379848480225,5.975735342910943,5.900414205042897,5.9195551686378645,603044000,NVDA
2019-12-23,5.93670654296875,6.011033399613863,5.926017570793047,5.97896600894853,355060000,NVDA
2019-12-24,5.931734561920166,5.948886985913338,5.886989190483753,5.921294038470099,138864000,NVDA
2019-12-26,5.945906162261963,5.973996015905677,5.916324195165126,5.93521671269074,182852000,NVDA
2019-12-27,5.888235092163086,5.974494148694835,5.861884848842916,5.961070341427527,254644000,NVDA
2019-12-30,5.775127410888672,5.871578522349653,5.743805834166592,5.86635825956264,258056000,NVDA
2019-12-31,5.849206447601318,5.858652706134479,5.72068792633329,5.739828891899906,231004000,NVDA
2020-01-02,5.963802814483643,5.963802814483643,5.884504609303141,5.9349671466123946,237536000,NVDA
2020-01-03,5.868349075317383,5.912100204817676,5.819377681002153,5.844236288085013,205384000,NVDA
2020-01-06,5.8929572105407715,5.898177473983396,5.749026818972195,5.775128136185318,262636000,NVDA
2020-01-07,5.96429967880249,6.010039320802731,5.8763005694931705,5.921294392039842,314856000,NVDA
2020-01-08,5.9754862785339355,6.016751479720285,5.920051929536978,5.960073940201328,277108000,NVDA
2020-01-09,6.041112899780273,6.113451228430026,5.987418636459854,6.0617455010434655,255112000,NVDA
2020-01-10,6.073428153991699,6.178579686055436,6.059259007093538,6.148252382379654,316296000,NVDA
2020-01-13,6.263846397399902,6.288953447003874,6.133836231355337,6.156457847574533,319840000,NVDA
2020-01-14,6.147010803222656,6.246444720752033,6.133835447619546,6.221088751738677,359088000,NVDA
2020-01-15,6.104502201080322,6.182060796386267,6.078649335978341,6.15968810642731,263104000,NVDA
2020-01-16,6.188028335571289,6.193994419240896,6.134582505212435,6.157949468694057,284192000,NVDA
2020-01-17,6.196728229522705,6.214626478954624,6.149248487016599,6.207168756490065,253792000,NVDA
2020-01-21,6.163416862487793,6.196975895565761,6.129360458357694,6.160185135994632,217916000,NVDA
2020-01-22,6.217360019683838,6.303867502720389,6.189767066563044,6.208659581685237,239240000,NVDA
2020-01-23,6.285721302032471,6.294173292221765,6.168638052545545,6.25738300125643,244516000,NVDA
2020-01-24,6.226558685302734,6.450782516313014,6.172367039643706,6.40106531450616,373512000,NVDA
2020-01-27,5.97101354598999,6.0219734668079825,5.772891023514302,5.922290610131101,470536000,NVDA
2020-01-28,6.164165019989014,6.1964808747628,5.983691802770457,6.036889189303157,310976000,NVDA
2020-01-29,6.103756904602051,6.185789943729785,6.0639828644708,6.149745001380459,258848000,NVDA
2020-01-30,6.110468864440918,6.123892669348195,5.951126138120667,6.0060631260830695,290504000,NVDA
2020-01-31,5.877295970916748,6.076661182932319,5.835533866568299,6.064729017650381,370420000,NVDA
2020-02-03,5.974244594573975,5.993634007995882,5.852934876956835,5.859149408225992,255564000,NVDA
2020-02-04,6.143282890319824,6.162424332080712,6.065973200110566,6.115938854061318,271544000,NVDA
2020-02-05,6.233516693115234,6.274284517752353,6.150240482517912,6.264092443058524,208220000,NVDA
2020-02-06,6.320274829864502,6.320274829864502,6.1867849664456935,6.26782374742976,218284000,NVDA
2020-02-07,6.254150390625,6.302375943450668,6.228794423639679,6.280251702987878,189752000,NVDA
2020-02-10,6.537041187286377,6.5377865327702835,6.2718006088987535,6.2767724236215585,529608000,NVDA
2020-02-11,6.659344673156738,6.7739424891195545,6.58327770993193,6.645175522806371,638556000,NVDA
2020-02-12,6.774935722351074,6.781399175304886,6.673264355662587,6.712043650970629,374644000,NVDA
2020-02-13,6.731184959411621,6.7983030286831045,6.689671306540473,6.717015810496624,528016000,NVDA
2020-02-14,7.203746795654297,7.332513775197744,7.109533125809277,7.1408547082051,1041924000,NVDA
2020-02-18,7.372287273406982,7.39068289468149,7.081194275806796,7.100583691147785,620164000,NVDA
2020-02-19,7.822971343994141,7.840621144248622,7.49459070572819,7.49459070572819,694332000,NVDA
2020-02-20,7.673819065093994,7.863240616578318,7.366816442111432,7.774993056447043,810052000,NVDA
2020-02-21,7.3101396560668945,7.586815002385468,7.2253722619940195,7.561707956830877,768180000,NVDA
2020-02-24,6.793331623077393,7.006866456625877,6.662078754814775,6.716518843394687,856916000,NVDA
2020-02-25,6.5141706466674805,6.930301930876322,6.412499271487127,6.86840412228699,1055496000,NVDA
2020-02-26,6.653377056121826,6.847273517568921,6.512926879196368,6.5144180439526345,747732000,NVDA
2020-02-27,6.283013820648193,6.6411905100878075,6.190733538467209,6.340222462355224,906416000,NVDA
2020-02-28,6.717551231384277,6.77699866718428,6.014132526651322,6.030797544626237,1133252000,NVDA
2020-03-02,6.875746726989746,6.90460012185315,6.491950746144979,6.887437432968634,890744000,NVDA
2020-03-03,6.61358118057251,6.991158887369875,6.528265410526086,6.931462850373076,652792000,NVDA
2020-03-04,7.076723098754883,7.086175006652993,6.646164806852356,6.720785207272471,597408000,NVDA
2020-03-05,6.797644138336182,7.044139068065729,6.753120588691652,6.877487452109259,540328000,NVDA
2020-03-06,6.617312431335449,6.675765011958639,6.417330292148614,6.618307294181749,515412000,NVDA
2020-03-09,6.104920387268066,6.452152626694076,5.924339753977124,5.967121698181325,614160000,NVDA
2020-03-10,6.4939398765563965,6.4939398765563965,6.118600976007037,6.381014650643406,580648000,NVDA
2020-03-11,6.130540370941162,6.3825077726804995,6.033534363514282,6.354152046429975,499964000,NVDA
2020-03-12,5.380359172821045,5.873100416742841,5.367673605207644,5.607950277656812,816540000,NVDA
2020-03-13,5.990503787994385,5.9949809083831616,5.462442216383406,5.733312981335359,634836000,NVDA
2020-03-16,4.885130405426025,5.62386990228448,4.825434365934162,5.283353073561972,726972000,NVDA
2020-03-17,5.404237270355225,5.493532962867673,4.750814071544446,4.997308990591307,833632000,NVDA
2020-03-18,5.04481840133667,5.221916825351524,4.494122114669108,4.9771629728795,874268000,NVDA
2020-03-19,5.297281742095947,5.39080547512759,4.810261119944137,5.023425510217554,765512000,NVDA
2020-03-20,5.117696285247803,5.728834719934263,5.102274726874198,5.447268167132194,804636000,NVDA
2020-03-23,5.290317535400391,5.3845880223773275,4.93786188180685,5.116701401410118,643876000,NVDA
2020-03-24,6.197945594787598,6.284505282723199,5.672371592229035,5.6960011208035635,1101644000,NVDA
2020-03-25,6.109398365020752,6.512346769675058,6.060646288704762,6.312862293100567,793432000,NVDA
2020-03-26,6.398426532745361,6.52229572585307,6.218343085472186,6.316343948572078,696108000,NVDA
2020-03-27,6.286246299743652,6.544680476074105,6.1855089913285894,6.218341828592811,638828000,NVDA
2020-03-30,6.606118679046631,6.615321989617182,6.307638034053594,6.3516639125853,602252000,NVDA
2020-03-31,6.556621074676514,6.850126943033816,6.411111600364291,6.646164892139033,949960000,NVDA
2020-04-01,6.045970439910889,6.505133062019152,6.001447365136863,6.358877795314713,656912000,NVDA
2020-04-02,6.354400157928467,6.367582918996632,6.027066607171821,6.075071934994346,675764000,NVDA
2020-04-03,6.066864013671875,6.358379663037295,5.929562996468458,6.316841179647941,663212000,NVDA
2020-04-06,6.676014423370361,6.712827199705411,6.2912230611282824,6.348680785913567,727884000,NVDA
2020-04-07,6.4429497718811035,6.921016220631699,6.399918753132553,6.897386212673465,784520000,NVDA
2020-04-08,6.639946937561035,6.664820405786756,6.482000959912944,6.551895173160466,542444000,NVDA
2020-04-09,6.54045295715332,6.7884404027807115,6.477523263677439,6.765557136655976,525564000,NVDA
2020-04-13,6.712080001831055,6.720785644616619,6.392457189784047,6.480757551993029,398408000,NVDA
2020-04-14,7.062793731689453,7.0968700332485595,6.812567493136743,6.840176949824809,530948000,NVDA
2020-04-15,6.985437393188477,7.068265763838534,6.849628905717081,6.894898243400246,366148000,NVDA
2020-04-16,7.330182075500488,7.4371376439735055,7.127464448617053,7.1406472096626326,745620000,NVDA
2020-04-17,7.270984649658203,7.433656345818027,7.137165873276941,7.41226513448081,539120000,NVDA
2020-04-20,7.139900207519531,7.300333543679682,7.095625738085958,7.144626397895936,449388000,NVDA
2020-04-21,6.703621864318848,7.08318925121462,6.643925834474063,7.0220011645795735,735160000,NVDA
2020-04-22,7.1175150871276855,7.16029750557425,6.850126632313321,6.89564456745756,483356000,NVDA
2020-04-23,7.064287185668945,7.291381131883478,7.03916511801574,7.159552544590378,424160000,NVDA
2020-04-24,7.2030792236328125,7.205068949035195,6.979467582590378,7.054087978242391,352328000,NVDA
2020-04-27,7.389381408691406,7.54906850647414,7.312771282405198,7.337396152234377,479388000,NVDA
2020-04-28,7.247106075286865,7.566480291999541,7.241634092483355,7.536632034839591,442904000,NVDA
2020-04-29,7.423707008361816,7.476438532098062,7.306553255548668,7.381670852745031,379160000,NVDA
2020-04-30,7.269989967346191,7.423707427424529,7.256060938526402,7.369731966325882,375916000,NVDA
2020-05-01,7.033691883087158,7.185916793498489,6.985437482195325,7.072742973426641,342096000,NVDA
2020-05-04,7.245364189147949,7.259044619148258,6.98643230513877,6.98643230513877,317556000,NVDA
2020-05-05,7.306304454803467,7.468727544198242,7.24536448443354,7.349335472020096,368896000,NVDA
2020-05-06,7.407041072845459,7.511758322789601,7.34784270723366,7.385650337882286,323464000,NVDA
2020-05-07,7.5831451416015625,7.646323437213887,7.494844780887304,7.546083773903831,373732000,NVDA
2020-05-08,7.772928714752197,7.779146962839616,7.620952397339861,7.6547801034035805,339216000,NVDA
2020-05-11,8.02464771270752,8.071409584799568,7.739349814452519,7.7679541359634445,469060000,NVDA
2020-05-12,7.762979507446289,8.131105315022058,7.753279002014851,8.08235371634575,493060000,NVDA
2020-05-13,7.7405924797058105,8.037580085660547,7.55628053841165,7.877395816576789,625852000,NVDA
2020-05-14,7.989828109741211,7.995300094330044,7.648564901628033,7.802033811520793,602312000,NVDA
2020-05-15,8.447742462158203,8.457442491393842,7.834116221625606,7.849786375477367,987660000,NVDA
2020-05-18,8.705927848815918,8.871335982321789,8.636531315491272,8.716126021314118,774460000,NVDA
2020-05-19,8.76089859008789,9.041469799498309,8.718364769756874,8.745725629128797,717320000,NVDA
2020-05-20,8.924565315246582,8.997195509235931,8.843726673941868,8.945458854708415,587536000,NVDA
2020-05-21,8.730802536010742,9.006647564701275,8.693243502257346,9.00565317637838,761068000,NVDA
2020-05-22,8.98052978515625,9.046942204307483,8.669115477795355,8.780547685374982,1038764000,NVDA
2020-05-26,8.673595428466797,9.135246032523414,8.628077479731227,9.11037208467669,770780000,NVDA
2020-05-27,8.48206901550293,8.589023642130156,7.956245377477276,8.581313337076326,1175892000,NVDA
2020-05-28,8.444015502929688,8.71612977146846,8.336810347043386,8.369643201042887,734896000,NVDA
2020-05-29,8.830543518066406,8.830543518066406,8.44202141149652,8.511169349529405,745256000,NVDA
2020-06-01,8.76164436340332,8.79596973608388,8.645485958689513,8.788508028577247,389876000,NVDA
2020-06-02,8.780550003051758,8.792489306850127,8.614147438930704,8.751697555312681,391320000,NVDA
2020-06-03,8.725082397460938,8.821342618286915,8.655934444253308,8.777565804011429,365440000,NVDA
2020-06-04,8.726078987121582,8.90201324294868,8.637488658846792,8.687755724694108,424280000,NVDA
2020-06-05,8.878870964050293,8.955515591607057,8.667848578409801,8.753949903758494,481748000,NVDA
2020-06-08,8.764399528503418,8.84875796278578,8.645699106542606,8.836315791447598,387736000,NVDA
2020-06-09,9.004286766052246,9.067743068921587,8.71089664893527,8.759421777812781,468488000,NVDA
2020-06-10,9.32356071472168,9.456196549107496,9.111293827443436,9.125478874094505,632180000,NVDA
2020-06-11,8.755693435668945,9.218548660862655,8.745490604255512,9.107811677637617,583652000,NVDA
2020-06-12,8.891313552856445,9.144889191834984,8.663120633618279,9.120253553153576,570908000,NVDA
2020-06-15,9.131448745727539,9.139909650009946,8.703431219632431,8.774602299815214,400004000,NVDA
2020-06-16,9.026681900024414,9.224018474780609,8.797991667513916,9.1824610425493,535716000,NVDA
2020-06-17,9.193411827087402,9.256121053617617,9.028425617741286,9.071725930471368,408304000,NVDA
2020-06-18,9.175495147705078,9.239697586467326,9.072472033633701,9.184453472998934,254408000,NVDA
2020-06-19,9.218546867370605,9.40144976678961,9.18470419227258,9.199884081125418,524160000,NVDA
2020-06-22,9.48282241821289,9.487302056324824,9.230491304611464,9.257118524157914,398468000,NVDA
2020-06-23,9.406426429748535,9.598038937764816,9.364122850339776,9.506960557763616,375108000,NVDA
2020-06-24,9.192915916442871,9.512435900600783,9.102334958406512,9.432555192603575,449372000,NVDA
2020-06-25,9.44624137878418,9.461172555518514,9.1399106647532,9.312610716944958,376072000,NVDA
2020-06-26,9.112787246704102,9.456196763382406,9.082925838512047,9.456196763382406,592084000,NVDA
2020-06-29,9.15757942199707,9.162059060199192,8.858962505668218,9.127469304571116,342248000,NVDA
2020-06-30,9.453954696655273,9.482322883877854,9.223771215786138,9.271051844249367,367892000,NVDA
2020-07-01,9.486055374145508,9.531595028681618,9.369595252046542,9.476848338743391,326648000,NVDA
2020-07-02,9.5679292678833,9.692601616807512,9.534085643354649,9.594555539183766,364056000,NVDA
2020-07-06,9.793879508972168,9.863059004757494,9.667713977846143,9.696829246456272,315892000,NVDA
2020-07-07,9.826231956481934,10.023567657874754,9.805328877086755,9.900388525931161,357800000,NVDA
2020-07-08,10.168892860412598,10.177852135345317,9.919548208152843,9.94766768707391,365480000,NVDA
2020-07-09,10.460538864135742,10.521257441035363,10.186309002332933,10.332382730812473,494548000,NVDA
2020-07-10,10.430930137634277,10.606118244789283,10.330893436767795,10.539925164838058,497676000,NVDA
2020-07-13,10.005899429321289,10.742487094268514,9.978774789284222,10.546147190037164,457076000,NVDA
2020-07-14,10.32915210723877,10.35478353495252,9.740379198636003,10.028544566254594,542676000,NVDA
2020-07-15,10.18009090423584,10.3848916779029,10.00938150824188,10.366228896039699,403984000,NVDA
2020-07-16,10.088020324707031,10.159687893830071,9.849873293685468,9.968822453903256,344964000,NVDA
2020-07-17,10.154459953308105,10.201243163954526,10.041234957876577,10.178349454335393,266284000,NVDA
2020-07-20,10.462282180786133,10.4826878325373,10.109914470168976,10.226872952721909,284852000,NVDA
2020-07-21,10.280877113342285,10.511310335110176,10.23931965994427,10.464526161934888,277036000,NVDA
2020-07-22,10.390615463256836,10.553610081158391,10.24404428269113,10.319694046760755,367292000,NVDA
2020-07-23,10.083039283752441,10.498364914259097,9.984993242796687,10.401812085506696,411660000,NVDA
2020-07-24,10.147493362426758,10.316958282802545,9.731918901066056,9.829466600023125,473292000,NVDA
2020-07-27,10.373443603515625,10.393599594490283,10.170632547152719,10.185066298519443,292132000,NVDA
2020-07-28,10.168395042419434,10.334127383052609,10.162174431448639,10.326413559651314,271636000,NVDA
2020-07-29,10.417243957519531,10.467759731459614,10.299290598378333,10.342838679361162,284508000,NVDA
2020-07-30,10.565057754516602,10.574016079653706,10.247777173412945,10.32715949631909,308880000,NVDA
2020-07-31,10.565804481506348,10.71685531257527,10.384892248538662,10.514541633004042,386080000,NVDA
2020-08-03,10.959480285644531,11.047572222526716,10.665840496037246,10.683011014623924,412720000,NVDA
2020-08-04,11.17597770690918,11.17597770690918,10.855711635123345,10.999047691929793,310336000,NVDA
2020-08-05,11.234707832336426,11.319315944315017,11.114763832371981,11.192155540405041,249924000,NVDA
2020-08-06,11.283228874206543,11.305625158921611,11.12720196194836,11.297412966361527,244316000,NVDA
2020-08-07,11.147859573364258,11.45170224316212,10.986606845979392,11.260338450705653,342516000,NVDA
2020-08-10,11.113515853881836,11.355644071852428,10.806438122163634,11.281985893399753,427796000,NVDA
2020-08-11,10.799969673156738,11.08539727357645,10.74596911283335,11.022687098568131,354512000,NVDA
2020-08-12,11.387499809265137,11.41412607866207,10.907721944778629,10.940072354232733,464412000,NVDA
2020-08-13,11.390235900878906,11.667700995815364,11.303388455676876,11.492760654115996,374460000,NVDA
2020-08-14,11.510679244995117,11.650780187159281,11.387748824908543,11.47683562197929,366436000,NVDA
2020-08-17,12.28011417388916,12.352528815873693,11.762761090180327,11.79660376231853,621300000,NVDA
2020-08-18,12.204216003417969,12.438381746178354,12.03052110177565,12.392593371852119,503448000,NVDA
2020-08-19,12.08253002166748,12.258215556136781,12.042216127810235,12.239801481703257,622624000,NVDA
2020-08-20,12.085015296936035,12.317936482744432,11.823974635542019,11.919781339780561,921388000,NVDA
2020-08-21,12.625015258789062,12.749687580406652,12.139015904821967,12.145486175613579,999868000,NVDA
2020-08-24,12.661595344543457,12.852959104530782,12.449825930553745,12.82434125696798,490564000,NVDA
2020-08-25,12.691208839416504,12.702406509210157,12.515771085101091,12.572508413508759,289076000,NVDA
2020-08-26,12.714103698730469,12.809163342409363,12.619292765610336,12.740232546554608,321244000,NVDA
2020-08-27,12.570018768310547,12.790746493496862,12.50855309966064,12.722561844110212,317604000,NVDA
2020-08-28,13.087126731872559,13.087375442447696,12.584206419909009,12.616556830940121,537160000,NVDA
2020-08-31,13.312829971313477,13.51240499533192,12.977632707337218,13.12196361348135,500840000,NVDA
2020-09-01,13.761388778686523,13.933393212520636,13.378546663293708,13.42185899037855,511316000,NVDA
2020-09-02,14.28462028503418,14.663230147107154,13.840045378460548,14.640328637897767,874012000,NVDA
2020-09-03,12.959359169006348,13.82461031841698,12.823198804494643,13.769100896139566,945128000,NVDA
2020-09-04,12.5680570602417,13.118173789760052,11.654265141820803,12.72861072124861,1463684000,NVDA
2020-09-08,11.861616134643555,12.495868665952957,11.653766757408798,11.683885878412541,795728000,NVDA
2020-09-09,12.66015625,12.75399944583385,12.178990048023763,12.346514414990567,736200000,NVDA
2020-09-10,12.258646965026855,13.008896928842086,12.114520712963447,12.933224521841012,698684000,NVDA
2020-09-11,12.112031936645508,12.597926996342265,11.844440927572224,12.431647488239708,636928000,NVDA
2020-09-14,12.816730499267578,13.257570858186414,12.57677072754428,13.024580864483617,1201744000,NVDA
2020-09-15,12.934966087341309,13.241388418414578,12.7724202640412,13.222719102887627,727556000,NVDA
2020-09-16,12.46052360534668,13.036279497509602,12.459777250368292,12.901363965653177,556384000,NVDA
2020-09-17,12.409743309020996,12.535449042053106,11.982842526145728,12.079921843900053,792512000,NVDA
2020-09-18,12.136672973632812,12.578010766171868,11.937038272202205,12.539428213988266,698460000,NVDA
2020-09-21,12.463258743286133,12.468486075393573,11.853151697144176,11.873563455723925,721044000,NVDA
2020-09-22,12.583239555358887,12.593445435426194,12.10307037011186,12.520760350235273,646452000,NVDA
2020-09-23,12.07145881652832,12.67210744174115,12.027151349496169,12.521260177157716,647012000,NVDA
2020-09-24,12.294739723205566,12.515284736210981,11.962180709019703,12.020179888363417,731240000,NVDA
2020-09-25,12.818220138549805,12.827928447559664,12.192929643192095,12.39380921782391,588016000,NVDA
2020-09-28,12.978777885437012,12.995455974352662,12.695007286262086,12.984005218588951,573808000,NVDA
2020-09-29,13.168704986572266,13.384769035049606,12.877467046243323,12.881698289843444,621460000,NVDA
2020-09-30,13.472139358520508,13.563742542883896,13.093529512118515,13.100748073599721,689184000,NVDA
2020-10-01,13.555776596069336,13.70338677682619,13.402689348438638,13.698657963887262,525004000,NVDA
2020-10-02,13.005910873413086,13.46118833485087,12.994708902423616,13.167959153584208,552496000,NVDA
2020-10-05,13.583656311035156,13.585398755238357,13.165716588093956,13.178909786872856,479820000,NVDA
2020-10-06,13.677251815795898,14.081003232270978,13.60606038275203,13.770348670376706,784420000,NVDA
2020-10-07,13.903767585754395,14.058348479063966,13.803700974994964,13.939363769519542,418084000,NVDA
2020-10-08,13.779060363769531,14.023750816263338,13.698659142162176,14.01429129045017,378900000,NVDA
2020-10-09,13.703388214111328,13.764623499410625,13.601828874328715,13.70762040717948,346892000,NVDA
2020-10-12,14.164636611938477,14.285114972463944,13.8524894272507,13.929156956915625,434744000,NVDA
2020-10-13,14.186793327331543,14.28661116418,13.958283407222073,14.234835409119126,344604000,NVDA
2020-10-14,14.034454345703125,14.280886294295177,13.899787616295503,14.228861750713278,276100000,NVDA
2020-10-15,13.909744262695312,13.945339502121929,13.70836613749125,13.751180888345079,267224000,NVDA
2020-10-16,13.751927375793457,14.060590691280174,13.733009274050568,13.976206063082346,242392000,NVDA
2020-10-19,13.439529418945312,13.923183444817134,13.348921381558638,13.843031020971136,298068000,NVDA
2020-10-20,13.586644172668457,13.740229003199504,13.448741340593111,13.524911318681056,229212000,NVDA
2020-10-21,13.466414451599121,13.732014232770208,13.419368456639658,13.56623229376561,219596000,NVDA
2020-10-22,13.303373336791992,13.553041428113085,13.174680274955547,13.464176755666866,290480000,NVDA
2020-10-23,13.531630516052246,13.534617834284036,13.233920420278526,13.391985258225827,233484000,NVDA
2020-10-26,13.08456802368164,13.633689579571246,12.982261385916676,13.369085896916106,336896000,NVDA
2020-10-27,13.338967323303223,13.384022089343704,13.134601874770123,13.248608056703024,250520000,NVDA
2020-10-28,12.572534561157227,13.20280455155051,12.554612551785185,13.14107170884122,376520000,NVDA
2020-10-29,12.967824935913086,13.135846892018513,12.695006587997323,12.783124891809354,320080000,NVDA
2020-10-30,12.479937553405762,12.880700654470314,12.246946659369481,12.79457453694031,416820000,NVDA
2020-11-02,12.526487350463867,12.781382741885674,12.3415385171396,12.603154900907724,299652000,NVDA
2020-11-03,12.96334171295166,13.048472683366569,12.548389360152617,12.653683303650302,272900000,NVDA
2020-11-04,13.73475170135498,13.767859091534874,13.279474284873544,13.331498827212098,410228000,NVDA
2020-11-05,14.09892463684082,14.277152471503854,13.930653897861085,14.1014143855421,319028000,NVDA
2020-11-06,14.499191284179688,14.525825518344906,13.835068378723031,14.048891455608413,383348000,NVDA
2020-11-09,13.5719575881958,14.628132371643925,13.552044345915604,14.489731966855251,582976000,NVDA
2020-11-10,12.714920043945312,13.54781121416907,12.573781115211155,13.54781121416907,644068000,NVDA
2020-11-11,13.360125541687012,13.377052414591688,12.892401270410012,12.997446446842183,404744000,NVDA
2020-11-12,13.398707389831543,13.706623391136638,13.258564550225856,13.4208615944081,365812000,NVDA
2020-11-13,13.23964786529541,13.609794327141808,13.00292326551335,13.56847323205472,346312000,NVDA
2020-11-16,13.456954956054688,13.590625584856218,13.099254438617393,13.115682790684902,413776000,NVDA
2020-11-17,13.364356994628906,13.537606285755135,13.246368351488899,13.49404517800945,312028000,NVDA
2020-11-18,13.370826721191406,13.547063298311084,13.128128487665085,13.407169259990862,510924000,NVDA
2020-11-19,13.382277488708496,13.429323476395687,13.04349510107986,13.155758820653855,565936000,NVDA
2020-11-20,13.031298637390137,13.436293916600302,13.008645914860107,13.395968917954983,341088000,NVDA
2020-11-23,13.083322525024414,13.324775884606339,12.959359267395191,13.11443773189081,361356000,NVDA
2020-11-24,12.901860237121582,13.105228639441574,12.829423935275962,13.085812968215139,346500000,NVDA
2020-11-25,13.177664756774902,13.21226485548097,12.963841692206845,12.976287586431019,259916000,NVDA
2020-11-27,13.204049110412598,13.349669004408476,13.113690805350098,13.317308922458194,167276000,NVDA
2020-11-30,13.343696594238281,13.354649779706577,12.916298264592438,13.20778593658098,286952000,NVDA
2020-12-01,13.332243919372559,13.470395511124003,13.171190821745373,13.434052973003837,296948000,NVDA
2020-12-02,13.48608112335205,13.614524440565008,13.17716899170747,13.29291762801155,283360000,NVDA
2020-12-03,13.34216022491455,13.605099125266102,13.275430066021904,13.532890281081619,199520000,NVDA
2020-12-04,13.50376033782959,13.505503297047852,13.334941202298934,13.394450674202265,202244000,NVDA
2020-12-07,13.552063941955566,13.676063849403539,13.445743434248142,13.546586206055725,223244000,NVDA
2020-12-08,13.296347618103027,13.544097642446557,13.228122398331958,13.530402826794454,271920000,NVDA
2020-12-09,12.878778457641602,13.360085838709526,12.816529658441905,13.247042376503204,401300000,NVDA
2020-12-10,12.920113563537598,13.01622611811567,12.797856623609862,12.817278981162264,207764000,NVDA
2020-12-11,12.960948944091797,12.967671921625609,12.77146318057453,12.91513334344989,209264000,NVDA
2020-12-14,13.255263328552246,13.334941738833445,13.024942894150612,13.03540064988096,270156000,NVDA
2020-12-15,13.306803703308105,13.409887145651437,13.133752090709104,13.38573457742504,193016000,NVDA
2020-12-16,13.189277648925781,13.383244766098352,13.159397537413051,13.368553568795045,223116000,NVDA
2020-12-17,13.287629127502441,13.325725362310642,13.12553301083175,13.313025984147043,231384000,NVDA
2020-12-18,13.218659400939941,13.351124288994596,13.017969301504321,13.325228761653179,342064000,NVDA
2020-12-21,13.278664588928223,13.316263107075995,12.915380685357526,13.022199838320807,302332000,NVDA
2020-12-22,13.224883079528809,13.283645967615037,13.001534523080034,13.265718661021117,185580000,NVDA
2020-12-23,12.956961631774902,13.221643434857638,12.95272913932163,13.202719748334621,179144000,NVDA
2020-12-24,12.941526412963867,13.079718838543478,12.886748109468082,12.984851528834119,97884000,NVDA
2020-12-28,12.848153114318848,13.010000389047383,12.711953456949022,13.010000389047383,212564000,NVDA
2020-12-29,12.891227722167969,13.019958760176179,12.79063383221602,12.873051559550927,170372000,NVDA
2020-12-30,13.092915534973145,13.160642074392083,12.844916701690002,12.938040099740185,225396000,NVDA
2020-12-31,13.00252914428711,13.098143016230411,12.863091495745453,13.083701629533948,192424000,NVDA
2021-01-04,13.060796737670898,13.597631016115521,12.91040358098089,13.051584224791647,560640000,NVDA
2021-01-05,13.350875854492188,13.389469813350296,13.03440292226786,13.04710135296224,322760000,NVDA
2021-01-06,12.563801765441895,13.191767596146791,12.53541670344203,13.169357986731624,580424000,NVDA
2021-01-07,13.29036808013916,13.323982965116926,12.834707343598083,12.915381167862042,461480000,NVDA
2021-01-08,13.223388671875,13.367058829260577,12.989582367036666,13.3087946092629,292528000,NVDA
2021-01-11,13.566755294799805,13.904891272024647,13.308796388895459,13.364819940572676,518344000,NVDA
2021-01-12,13.430554389953613,13.699220853511294,13.291366518342056,13.697228086074581,291476000,NVDA
2021-01-13,13.477364540100098,13.570240034440598,13.331204841612394,13.4357823822842,210028000,NVDA
2021-01-14,13.147194862365723,13.545089074503974,13.127524599253782,13.520438793549745,283120000,NVDA
2021-01-15,12.807814598083496,13.271692381711922,12.796859128798951,13.174833267369788,277780000,NVDA
2021-01-19,12.972900390625,13.041373506221632,12.79237828621631,12.963935787634238,226188000,NVDA
2021-01-20,13.312031745910645,13.376521226677053,13.004273639082106,13.059051941538538,258572000,NVDA
2021-01-21,13.811767578125,13.942988188446149,13.199737174502609,13.364571727485036,337780000,NVDA
2021-01-22,13.657387733459473,13.78611878930567,13.572480460380298,13.68477736022851,246820000,NVDA
2021-01-25,13.59837532043457,13.772921018082734,13.183300345613404,13.72635884482473,251112000,NVDA
2021-01-26,13.381254196166992,13.589911580254576,13.333695631638935,13.525919807719731,163980000,NVDA
2021-01-27,12.865833282470703,13.179566863996952,12.742331097480742,13.176827521248605,371272000,NVDA
2021-01-28,12.998547554016113,13.286137711006822,12.908411395926858,12.944018103883906,228316000,NVDA
2021-01-29,12.937545776367188,13.281159531751463,12.859610321428859,13.022453068812036,271552000,NVDA
2021-02-01,13.18380069732666,13.217414637475345,12.850893606397493,13.00078904025559,217204000,NVDA
2021-02-02,13.502265930175781,13.517453895988597,13.232105357802928,13.344900937302837,220440000,NVDA
2021-02-03,13.476122856140137,13.875760163642509,13.462179181351763,13.581198134054917,245408000,NVDA
2021-02-04,13.609334945678711,13.61854745918901,13.284147181436406,13.476620230223554,201340000,NVDA
2021-02-05,13.536375045776367,13.68203796383216,13.491306974074035,13.669837251873458,169152000,NVDA
2021-02-08,14.380721092224121,14.41558027564343,13.672080435543572,13.672080435543572,434624000,NVDA
2021-02-09,14.205925941467285,14.524639548402014,14.165339215361854,14.283113858860963,287560000,NVDA
2021-02-10,14.704910278320312,14.845094516583352,14.283859846653357,14.40512039530339,485352000,NVDA
2021-02-11,15.189456939697266,15.21087111646074,14.865016726806148,14.920044844642259,450828000,NVDA
2021-02-12,14.901119232177734,15.229792846310929,14.715617109549683,14.989512421221601,374756000,NVDA
2021-02-16,15.268636703491211,15.310717529206354,14.88991497110362,15.003705976694079,321960000,NVDA
2021-02-17,14.846094131469727,15.162318238696045,14.720600112519854,15.110028510059346,274756000,NVDA
2021-02-18,14.769399642944336,14.81347132948943,14.516419860562522,14.66980118375889,233868000,NVDA
2021-02-19,14.866511344909668,15.11600432241574,14.787081796007755,14.964117061512086,271724000,NVDA
2021-02-22,14.298052787780762,15.072428084036344,14.267426101767738,14.715368455188019,325884000,NVDA
2021-02-23,14.085164070129395,14.181525494139695,13.335687805358342,14.01868181137382,391780000,NVDA
2021-02-24,14.440728187561035,14.44844754946419,13.70071427051266,14.065991018346837,448320000,NVDA
2021-02-25,13.25401782989502,14.316978865969865,13.163135090164083,13.989051767919369,824436000,NVDA
2021-02-26,13.659380912780762,13.798817635314652,13.307301288699822,13.69722734472465,500932000,NVDA
2021-03-01,13.786118507385254,13.869033961341506,13.498778190317397,13.819234727310848,353184000,NVDA
2021-03-02,13.352370262145996,13.864553293096154,13.342161365725818,13.844135500255799,264116000,NVDA
2021-03-03,12.75328540802002,13.397435479736185,12.747309006591404,13.372287481607765,377592000,NVDA
2021-03-04,12.320534706115723,12.922854895038494,12.03518614944551,12.74930459152039,573344000,NVDA
2021-03-05,12.411415100097656,12.499559425069663,11.632308704404133,12.499559425069663,542840000,NVDA
2021-03-08,11.546655654907227,12.421126179417163,11.520012603958925,12.399961813597908,543112000,NVDA
2021-03-09,12.474233627319336,12.570378398131114,12.014927537191268,12.085666683941009,521824000,NVDA
2021-03-10,12.422428131103516,12.932296665789181,12.411717820927414,12.793309677560007,384376000,NVDA
2021-03-11,12.945743560791016,12.99830026920778,12.68769566195109,12.902403493519058,299916000,NVDA
2021-03-12,12.80875015258789,12.841379915385886,12.543727990467413,12.601763379126412,243964000,NVDA
2021-03-15,13.142766952514648,13.158210052490965,12.720325527727177,12.8174670258616,221988000,NVDA
2021-03-16,13.242401123046875,13.462837548611631,13.068541996245397,13.307410755933141,272128000,NVDA
2021-03-17,13.292217254638672,13.403805133986928,12.941759670722005,12.991825039852959,243864000,NVDA
2021-03-18,12.675740242004395,13.13554423645725,12.67026061604295,13.088219157514716,293896000,NVDA
2021-03-19,12.798534393310547,12.87400631849255,12.566142054634804,12.703136473630348,299208000,NVDA
2021-03-22,13.137787818908691,13.345272507132586,12.85931502565977,12.865293491438804,297804000,NVDA
2021-03-23,13.022709846496582,13.295453056393745,12.973391315699493,13.205534747108478,222048000,NVDA
2021-03-24,12.596532821655273,13.110886055698332,12.59030636238717,13.102915085638799,245840000,NVDA
2021-03-25,12.489178657531738,12.668019515314883,12.226896785999031,12.453560612717908,295144000,NVDA
2021-03-26,12.792061805725098,12.80899952364286,12.328023824665465,12.508358356195133,363968000,NVDA
2021-03-29,12.90066146850586,13.014491751038356,12.653323847339317,12.773131644958724,273520000,NVDA
2021-03-30,12.824442863464355,12.927562839023832,12.658305758509186,12.794802331642357,200204000,NVDA
2021-03-31,13.299190521240234,13.42099081099066,12.93478447914414,12.967663184063744,314776000,NVDA
2021-04-01,13.760988235473633,13.819023625386853,13.461591793310602,13.522368421618353,308276000,NVDA
2021-04-05,13.936089515686035,13.962491864814922,13.682524535818397,13.816530686429957,255672000,NVDA
2021-04-06,13.810556411743164,14.002597999831714,13.722880480460747,13.948298669088535,191744000,NVDA
2021-04-07,14.09151840209961,14.191150299741128,13.661105981821104,13.829733469793657,251284000,NVDA
2021-04-08,14.264381408691406,14.418313585584368,14.196630537167836,14.200367553011299,244416000,NVDA
2021-04-09,14.347075462341309,14.355046432497897,14.12290297240524,14.161759195266548,195172000,NVDA
2021-04-12,15.15310287475586,15.29607580434181,14.087284632452857,14.237231804937178,869324000,NVDA
2021-04-13,15.621872901916504,15.642297740883008,15.070158056314497,15.175519477903563,676212000,NVDA
2021-04-14,15.220849990844727,15.66271947850448,15.17153146383329,15.567570495238932,385500000,NVDA
2021-04-15,16.07794761657715,16.154664312429947,15.57405555921693,15.604941773180158,598480000,NVDA
2021-04-16,15.854015350341797,16.106334673297113,15.806938268733886,15.99399807287851,335208000,NVDA
2021-04-19,15.305291175842285,15.749403162911921,15.177014518006649,15.479399250455955,404420000,NVDA
2021-04-20,15.115492820739746,15.440045020755381,14.908008137498932,15.26693366441033,334132000,NVDA
2021-04-21,15.304046630859375,15.306039135930256,15.046745528966595,15.063184408428354,216776000,NVDA
2021-04-22,14.795673370361328,15.381761623929432,14.729168162025104,15.318494592982514,277788000,NVDA
2021-04-23,15.209146499633789,15.278639983279946,14.845488196208844,14.879362682597167,227500000,NVDA
2021-04-26,15.421112060546875,15.4221087880324,15.069409783535395,15.12918967843709,197796000,NVDA
2021-04-27,15.325217247009277,15.612905694192488,15.298067110638453,15.521243816067019,164572000,NVDA
2021-04-28,15.220602035522461,15.475163771233227,15.159577417453752,15.30802995583941,209416000,NVDA
2021-04-29,15.268428802490234,15.379767751976296,15.016109419040074,15.343401918682673,173196000,NVDA
2021-04-30,14.954334259033203,15.308527889547474,14.941880391047532,15.118728737053257,201912000,NVDA
2021-05-03,14.782220840454102,15.190713824195964,14.73315219758806,15.069411410988684,203912000,NVDA
2021-05-04,14.298504829406738,14.583702894438511,13.958758495262643,14.583453950082967,405324000,NVDA
2021-05-05,14.405360221862793,14.759055975565776,14.334621071122196,14.65493927929447,292024000,NVDA
2021-05-06,14.469622611999512,14.517695473850004,14.165744240795117,14.441974587843967,193380000,NVDA
2021-05-07,14.757810592651367,14.91572777547651,14.617826904664591,14.753825582724902,229328000,NVDA
2021-05-10,14.213316917419434,14.751581082114487,14.197624874128627,14.732899806719963,268904000,NVDA
2021-05-11,14.253666877746582,14.301988676399535,13.699461759367091,13.77418590620255,285584000,NVDA
2021-05-12,13.70793342590332,14.20783933441675,13.658864784297744,13.958010377250185,303408000,NVDA
2021-05-13,13.615026473999023,14.029000041847352,13.409534306407398,13.98217189732555,285404000,NVDA
2021-05-14,14.190653800964355,14.275341444847527,13.697971040090284,13.838951467039104,258616000,NVDA
2021-05-17,14.113435745239258,14.11717181044514,13.80258314797826,14.104966887360309,216980000,NVDA
2021-05-18,13.964237213134766,14.35130955439113,13.952530178000735,14.214564048719183,186256000,NVDA
2021-05-19,14.014056205749512,14.027755748279727,13.493476440109527,13.51664062011675,344000000,NVDA
2021-05-20,14.558797836303711,14.629785947641448,14.218054711848684,14.249936698274063,321592000,NVDA
2021-05-21,14.936652183532715,15.166056327513427,14.81485187119772,15.10801998185376,672992000,NVDA
2021-05-24,15.554621696472168,15.687132304008871,15.120223305868196,15.156589134652451,554816000,NVDA
2021-05-25,15.590239524841309,15.760361630715945,15.42559704511767,15.708054812680162,435408000,NVDA
2021-05-26,15.642298698425293,15.735704145609564,15.52896724992977,15.676423080242675,370440000,NVDA
2021-05-27,15.431076049804688,15.692113190945143,15.403179081309112,15.642047824221699,581476000,NVDA
2021-05-28,16.184795379638672,16.21767503645545,15.444029177777255,15.444029177777255,644536000,NVDA
2021-06-01,16.204723358154297,16.328019228538366,15.844801122756069,16.210203934751263,472804000,NVDA
2021-06-02,16.716585159301758,16.856569802587472,16.175830504462102,16.192519278165797,594168000,NVDA
2021-06-03,16.907377243041992,17.195565429117057,16.522049469970472,16.63936684781397,580008000,NVDA
2021-06-04,17.513639450073242,17.596083709250852,17.03266392919334,17.04959974050145,617120000,NVDA
2021-06-07,17.55424690246582,17.747036276594248,17.129564882139565,17.506673820238802,575756000,NVDA
2021-06-08,17.392837524414062,17.5567321901198,17.18759340040824,17.4628288796533,323848000,NVDA
2021-06-09,17.298416137695312,17.5144200997862,17.196270441472134,17.45537445495699,381656000,NVDA
2021-06-10,17.36493682861328,17.43170722377166,17.116796462616325,17.29019648734641,287772000,NVDA
2021-06-11,17.76380157470703,17.877408901424964,17.3836164777368,17.419242674003662,416308000,NVDA
2021-06-14,17.956640243530273,17.97731876578179,17.601868346834245,17.84427977971432,321376000,NVDA
2021-06-15,17.727182388305664,17.954148103362822,17.66689173938309,17.853247418996794,243032000,NVDA
2021-06-16,17.748855590820312,17.8928582145457,17.52388380440414,17.729423980176904,307124000,NVDA
2021-06-17,18.592933654785156,18.77007054502925,17.695040534944663,17.71322713643251,809656000,NVDA
2021-06-18,18.574501037597656,19.30821305776164,18.51993932359038,18.71925067030263,968856000,NVDA
2021-06-21,18.363731384277344,18.472605819565104,17.76131527148521,18.371703230531587,672384000,NVDA
2021-06-22,18.82164192199707,18.898378049987844,18.322618542979605,18.407824517799213,580144000,NVDA
2021-06-23,18.991559982299805,19.086731742850937,18.842575405432253,18.942231092149555,332356000,NVDA
2021-06-24,19.139301300048828,19.3530623779209,19.022455001453505,19.161475733042387,320924000,NVDA
2021-06-25,18.965396881103516,19.278813549364894,18.829368014022474,19.21403708375664,278364000,NVDA
2021-06-28,19.916105270385742,20.00953208109755,19.252400842140585,19.294504872171455,495436000,NVDA
2021-06-29,19.957717895507812,20.029468310884855,19.58924145905206,19.81396426181728,367632000,NVDA
2021-06-30,19.93355369567871,20.093002037862693,19.795281878543864,19.930314776489794,326568000,NVDA
2021-07-01,20.1423282623291,20.385486666849392,19.949992750888118,20.055628261505312,480136000,NVDA
2021-07-02,20.416383743286133,20.43457225231236,20.21782125954532,20.36979576583469,342764000,NVDA
2021-07-06,20.627151489257812,20.770156218101576,20.280102477408526,20.666016614407923,446708000,NVDA
2021-07-07,20.301530838012695,20.803046315753402,20.261918703161886,20.781620788688226,418428000,NVDA
2021-07-08,19.834144592285156,20.063600320047218,19.632841227354213,19.78805462577858,503300000,NVDA
2021-07-09,19.981138229370117,20.011035507147476,19.68615897824223,19.89369121039719,296624000,NVDA
2021-07-12,20.441791534423828,20.46197014862544,20.118160092279034,20.170229888571328,321984000,NVDA
2021-07-13,20.18020248413086,20.390724653675633,20.044671567024327,20.330183088232943,290708000,NVDA
2021-07-14,19.773103713989258,20.3473673991596,19.684660708468368,20.287574757322712,380100000,NVDA
2021-07-15,18.90087127685547,19.77858591455297,18.79349276060635,19.74345771305895,550564000,NVDA
2021-07-16,18.098400115966797,19.090967290639107,18.010704097196164,18.964904144857933,688224000,NVDA
2021-07-19,18.71501922607422,18.976364277481892,17.803919215628007,17.853499010534822,749060000,NVDA
2021-07-20,18.5478458404541,18.77306667414846,18.101390096554123,18.665439136855753,434687000,NVDA
2021-07-21,19.34309196472168,19.459689233832748,18.67739534613808,18.81691214625468,371017000,NVDA
2021-07-22,19.526460647583008,19.818449966161833,19.209555981723096,19.574295529309875,323826000,NVDA
2021-07-23,19.49058723449707,19.63209798066953,19.183648299082556,19.58824901824623,195672000,NVDA
2021-07-26,19.227495193481445,19.374983858977348,18.848803969588506,19.244436793032506,203943000,NVDA
2021-07-27,19.141788482666016,19.554360946532352,18.676397315586588,19.198591207828677,248863000,NVDA
2021-07-28,19.435775756835938,19.57828250324593,18.929527349738116,19.252409967559455,202191000,NVDA
2021-07-29,19.594226837158203,19.78456845561129,19.261376580692936,19.451718199146022,190781000,NVDA
2021-07-30,19.431787490844727,19.562334550057216,19.19660092206327,19.351065420539463,183497000,NVDA
2021-08-02,19.681922912597656,19.892196048997913,19.29426383352367,19.632096019964017,217444000,NVDA
2021-08-03,19.746702194213867,20.152298936128698,19.15375182359824,19.671959943888986,301811000,NVDA
2021-08-04,20.204118728637695,20.247967690687908,19.759654974548358,19.921097238700884,231309000,NVDA
2021-08-05,20.565860748291016,20.661530493054816,20.271877575083252,20.42933387160919,211435000,NVDA
2021-08-06,20.29580307006836,20.499100408027225,20.14034062348505,20.45325942911503,178497000,NVDA
2021-08-09,20.22504425048828,20.4373093965313,20.073567760929837,20.37552283364435,146443000,NVDA
2021-08-10,19.867279052734375,20.3595756588384,19.76662547826804,20.251948145392625,179238000,NVDA
2021-08-11,19.6310977935791,19.979891738651794,19.363025922279018,19.97391190338551,185925000,NVDA
2021-08-12,19.83638572692871,19.95995693048754,19.55236830867384,19.801506528249956,151652000,NVDA
2021-08-13,20.118408203125,20.144319549830023,19.782570006779846,19.83638471099879,183063000,NVDA
2021-08-16,19.88123321533203,20.21707147166275,19.385944729446937,20.0655949890892,210876000,NVDA
2021-08-17,19.390932083129883,19.70185695099313,19.200590439736775,19.617148941747843,204585000,NVDA
2021-08-18,18.974374771118164,19.566327264099343,18.934511728791065,19.432788353232937,285913000,NVDA
2021-08-19,19.729755401611328,20.424353301221036,18.697325356525393,19.426802456904166,766555000,NVDA
2021-08-20,20.744245529174805,20.793076409277884,19.864289880276367,19.922088611384755,675741000,NVDA
2021-08-23,21.882312774658203,21.921177903907907,20.877787845028326,20.898715368530024,575807000,NVDA
2021-08-24,21.717878341674805,21.88330650113912,21.460768250925426,21.678017210916853,297299000,NVDA
2021-08-25,22.136432647705078,22.392546755792843,21.647125866786784,21.66207355456047,347701000,NVDA
2021-08-26,21.99193572998047,22.262997548429166,21.714894075614353,22.123480715517967,237940000,NVDA
2021-08-27,22.557971954345703,22.643675947875877,22.090588763919488,22.10753036152277,304722000,NVDA
2021-08-30,22.60979461669922,22.963570482185514,22.473267719877327,22.751305343048546,262580000,NVDA
2021-08-31,22.3117733001709,22.62075868040585,22.047640789736928,22.62075868040585,259850000,NVDA
2021-09-01,22.367589950561523,22.622753028655936,22.283865100248764,22.41144663929597,201767000,NVDA
2021-09-02,22.322738647460938,22.51909472765023,22.22206920355075,22.44433930541851,187834000,NVDA
2021-09-03,22.76827049255371,22.910802324236958,22.127374389935948,22.251965457669577,280532000,NVDA
2021-09-07,22.58786392211914,22.82408811086323,22.44832062700257,22.758304039244056,198107000,NVDA
2021-09-08,22.26592445373535,22.53603785625392,21.905107228441466,22.439355044930288,254434000,NVDA
2021-09-09,22.104459762573242,22.464279003542124,22.058610698629803,22.23901840986986,196856000,NVDA
2021-09-10,22.404470443725586,22.55198511877038,22.197150672313043,22.2748946360381,248376000,NVDA
2021-09-13,22.07954216003418,22.88888641574409,21.786503198177893,22.60980159963764,297500000,NVDA
2021-09-14,22.16924476623535,22.336694491367744,22.013754920994057,22.202135861768,199755000,NVDA
2021-09-15,22.267919540405273,22.293835464685625,21.894146209939382,22.236024626845165,166538000,NVDA
2021-09-16,22.16924476623535,22.204130125637935,21.855274630502613,22.11043774594107,156033000,NVDA
2021-09-17,21.8283634185791,22.24798583109001,21.758592696915716,22.227054614590994,294503000,NVDA
2021-09-20,21.04393768310547,21.36289062011508,20.594412745883098,21.07682877794372,349440000,NVDA
2021-09-21,21.17650032043457,21.35491372577289,20.88146906785273,21.3469404733302,204688000,NVDA
2021-09-22,21.869224548339844,21.888161496452156,21.126660825026075,21.29610478128571,268726000,NVDA
2021-09-23,22.40845489501953,22.461281014018834,21.818390548782627,22.067572722802016,248555000,NVDA
2021-09-24,22.008766174316406,22.076544517927047,21.78948654099759,21.997802477816837,217655000,NVDA
2021-09-27,21.589147567749023,21.72769282238247,21.255244302712523,21.63898325171852,245215000,NVDA
2021-09-28,20.631288528442383,21.34893447038271,20.58344521216512,21.14460514549343,343069000,NVDA
2021-09-29,20.44988441467285,20.948248800717536,20.40004683540283,20.871501019861885,218394000,NVDA
2021-09-30,20.64823341369629,20.997088873720934,20.620325128983062,20.70006335689361,221009000,NVDA
2021-10-01,20.67415428161621,20.790770255875614,20.13691587014732,20.68212753598187,240978000,NVDA
2021-10-04,19.66745376586914,20.474803591708355,19.491032716054217,20.436927789431792,345635000,NVDA
2021-10-05,20.38410186767578,20.580457952473463,19.789054624206987,19.884741262731815,279282000,NVDA
2021-10-06,20.632282257080078,20.65221538373166,20.014309704267788,20.054179759788724,297202000,NVDA
2021-10-07,21.006057739257812,21.25224946522736,20.903394046211478,21.023000423462637,256919000,NVDA
2021-10-08,20.76285743713379,21.136630744836808,20.707040866525467,21.03197467494621,151258000,NVDA
2021-10-11,20.627302169799805,20.994098397870303,20.443904055764555,20.507695778664687,163388000,NVDA
2021-10-12,20.603382110595703,20.988119137089015,20.460850231226793,20.759868133383815,162134000,NVDA
2021-10-13,20.87050437927246,20.921338143306798,20.64524382851647,20.849573164865863,180652000,NVDA
2021-10-14,21.67485809326172,21.683827524240495,21.052898966239095,21.218356261055735,243589000,NVDA
2021-10-15,21.790485382080078,21.859259915283243,21.5911407550322,21.73865543684794,226994000,NVDA
2021-10-18,22.14930534362793,22.218079867426876,21.573195134718436,21.677853093300257,189494000,NVDA
2021-10-19,22.217082977294922,22.30579062746577,21.964910365115337,22.203126935634774,161473000,NVDA
2021-10-20,22.03069496154785,22.359615354512936,21.910090500609137,22.232033823134188,146276000,NVDA
2021-10-21,22.61777114868164,22.636710001159347,22.010764006896952,22.02471815036075,187590000,NVDA
2021-10-22,22.65165901184082,23.054336786211532,22.487199745002837,22.748341829119337,249384000,NVDA
2021-10-25,23.09021759033203,23.278598494667374,22.695513113631097,22.897848159028317,230235000,NVDA
2021-10-26,24.636144638061523,25.17637336256749,23.84573943509634,23.9105273389636,485898000,NVDA
2021-10-27,24.371015548706055,25.007925176618038,24.202567761764556,24.393941025402942,245990000,NVDA
2021-10-28,24.859413146972656,24.868384481883496,24.442781235893953,24.796619505924756,234204000,NVDA
2021-10-29,25.48336410522461,25.624899789420567,24.918219450808614,24.91921563206718,292503000,NVDA
2021-11-01,25.742517471313477,25.809297746196695,25.14447973934552,25.565100225521736,265740000,NVDA
2021-11-02,26.314632415771484,26.590726680343938,25.71559865861731,25.737527951466095,294112000,NVDA
2021-11-03,26.5109920501709,26.696384427226477,26.14918053197211,26.582757025267508,239910000,NVDA
2021-11-04,29.703516006469727,31.26239905171974,27.02929203332066,27.139928992611882,1153631000,NVDA
2021-11-05,29.654674530029297,31.297282321186877,29.313792339899493,30.088251003295557,851260000,NVDA
2021-11-08,30.703235626220703,30.998266887418577,29.80916860642571,30.050377560399664,503101000,NVDA
2021-11-09,30.556711196899414,32.20430550943804,29.86597932140083,32.17639722764453,646746000,NVDA
2021-11-10,29.362632751464844,30.74908322904024,28.68386069593988,29.259970949508748,636206000,NVDA
2021-11-11,30.29058837890625,30.489934904320453,29.679594643475284,30.368334246239346,332172000,NVDA
2021-11-12,30.29058837890625,30.579640650645906,29.53307424388538,29.911832261950494,413054000,NVDA
2021-11-15,29.92677879333496,30.54375334062734,29.15132398754459,30.45205524331211,384909000,NVDA
2021-11-16,30.104202270507812,30.29059084971871,29.60882826269929,29.66165629394215,264484000,NVDA
2021-11-17,29.165283203125,30.409201930373957,28.705790752092632,30.31849809734663,428508000,NVDA
2021-11-18,31.571378707885742,32.65282836277686,31.218536680348734,32.26111626069691,781711000,NVDA
2021-11-19,32.877098083496094,32.97976178244582,31.800631120790957,32.137524780788404,533867000,NVDA
2021-11-22,31.851463317871094,34.533660369454104,31.795646751201797,33.40735581710539,754335000,NVDA
2021-11-23,31.64215087890625,32.25414264484403,30.77898266433961,31.431840673643133,532163000,NVDA
2021-11-24,32.56711196899414,32.74751961280794,30.82682344260041,31.35808076043458,435162000,NVDA
2021-11-26,31.399948120117188,32.602998628839266,31.247448733080454,32.49335785082512,283069000,NVDA
2021-11-29,33.26681137084961,33.30269289886204,31.931194968442878,32.26011721336179,454964000,NVDA
2021-11-30,32.56910705566406,33.24389436052743,31.759764944757165,33.06049435573746,622066000,NVDA
2021-12-01,31.336000442504883,33.18416358693001,31.281173351154255,33.114384343880765,484368000,NVDA
2021-12-02,32.02482986450195,32.375722550194084,30.9272972457991,31.11570313644076,472890000,NVDA
2021-12-03,30.596342086791992,32.027820642535175,30.03511346450326,31.899225278294047,544325000,NVDA
2021-12-06,29.94240951538086,30.145765658155717,27.94970412663919,29.785902441906565,658938000,NVDA
2021-12-07,32.32487487792969,32.34680875654143,30.554469012712545,30.859506976245633,593053000,NVDA
2021-12-08,31.72577476501465,32.18831425036044,31.322049493917223,31.898230293439173,475551000,NVDA
2021-12-09,30.393983840942383,32.10358519509752,30.332178811088614,31.634065848603957,488507000,NVDA
2021-12-10,30.1028995513916,31.206413705262143,29.766960947879433,31.051901151200305,488825000,NVDA
2021-12-13,28.07232093811035,30.198605491920762,28.02746256605505,30.15374711986546,598344000,NVDA
2021-12-14,28.247758865356445,28.58768456683166,27.16418223461943,27.61176761656936,667035000,NVDA
2021-12-15,30.363079071044922,30.403950320139508,27.750332756169268,28.31056319651723,698297000,NVDA
2021-12-16,28.2976016998291,31.061869576386897,28.004528853648427,31.053895348302806,707366000,NVDA
2021-12-17,27.71344757080078,28.83091752139496,27.672576326059648,27.896868119225253,713758000,NVDA
2021-12-20,27.6317081451416,28.05536898927544,27.059516359346297,27.219012340762006,461847000,NVDA
2021-12-21,28.983436584472656,29.028294944690636,27.314706725168943,28.284643989318436,524385000,NVDA
2021-12-22,29.307415008544922,29.461927576880676,28.359409624344213,28.80001904458484,395184000,NVDA
2021-12-23,29.546659469604492,29.964340611891693,29.338318000778614,29.66129709262339,343022000,NVDA
2021-12-27,30.847549438476562,30.989102457785446,29.54665876702278,29.566596240467327,403686000,NVDA
2021-12-28,30.22650909423828,31.231334077242877,29.91748399123054,31.21339111350028,420591000,NVDA
2021-12-29,29.906518936157227,30.451797181054715,29.273518478931255,30.177663603854032,343139000,NVDA
2021-12-30,29.492830276489258,30.361087673132488,29.446975608009016,29.733070560375477,308864000,NVDA
2021-12-31,29.318378448486328,29.935430483532848,29.23863045980728,29.58055069803875,266530000,NVDA
2022-01-03,30.02614402770996,30.614286167328913,29.691201708964883,29.72110791823675,391547000,NVDA
2022-01-04,29.197763442993164,30.372053287940535,28.25972677192673,30.18165478340745,527154000,NVDA
2022-01-05,27.517070770263672,29.323364772152377,27.446295212189224,28.857834470045624,498064000,NVDA
2022-01-06,28.089258193969727,28.34843960109803,26.979764412182007,27.55295241716997,454186000,NVDA
2022-01-07,27.16119384765625,28.332494693927416,26.971791660779605,28.052379478532124,409939000,NVDA
2022-01-10,27.313709259033203,27.382492201861595,25.563238883232685,26.497288278632688,594681000,NVDA
2022-01-11,27.729400634765625,27.976620750573424,26.754481727173197,27.2369568124406,404089000,NVDA
2022-01-12,27.910823822021484,28.504945618330236,27.52105444566208,27.978608560513216,383413000,NVDA
2022-01-13,26.49131202697754,28.39031167418518,26.41455294503116,28.289629905928102,540171000,NVDA
2022-01-14,26.857152938842773,27.11135095047714,26.127457823826212,26.21717454542164,395832000,NVDA
2022-01-18,25.82142448425293,26.554110383396345,25.688843914417376,26.177300546732358,424270000,NVDA
2022-01-19,24.988061904907227,26.459413722363188,24.973109749263845,25.99687608868957,488315000,NVDA
2022-01-20,24.07394790649414,25.498448638286458,24.00217414256686,25.22431503185262,435181000,NVDA
2022-01-21,23.300392150878906,24.744828429105826,23.18974164646766,23.43297273498428,718958000,NVDA
2022-01-24,23.298398971557617,23.30637320074799,20.822222081779014,22.259680516494218,913982000,NVDA
2022-01-25,22.253700256347656,22.870752385278564,21.930721138257574,22.4750012913378,664616000,NVDA
2022-01-26,22.700281143188477,23.98123400750133,22.22976753998485,23.166807633010286,755959000,NVDA
2022-01-27,21.874897003173828,23.919438849325257,21.60674309968497,23.493783457519353,573353000,NVDA
2022-01-28,22.7680721282959,22.78601509261585,21.22893388945279,21.94267865750041,543774000,NVDA
2022-01-31,24.408891677856445,24.431819963911636,22.979407443957587,23.108997226913345,564680000,NVDA
2022-02-01,24.560409545898438,25.065812851502276,23.81476408120491,25.024941605227585,518925000,NVDA
2022-02-02,25.162508010864258,25.735696069563566,24.475676742278374,25.712769688020778,543419000,NVDA
2022-02-03,23.872583389282227,24.998027675942943,23.70511318165473,24.380977535591192,410178000,NVDA
2022-02-04,24.242414474487305,24.55741930721573,23.557577711661764,23.89650713053911,354829000,NVDA
2022-02-07,24.650127410888672,25.10269624776117,24.125782912567686,24.29524762592509,376868000,NVDA
2022-02-08,25.028926849365234,25.15054237458659,23.9044790159407,24.282285137278183,410359000,NVDA
2022-02-09,26.620893478393555,26.64083094542845,25.273152269103516,25.541304165759307,524282000,NVDA
2022-02-10,25.742673873901367,26.840206412140088,25.519380273324217,25.91313678658992,513200000,NVDA
2022-02-11,23.873579025268555,26.069642339244744,23.698134593993387,25.834385491481136,605472000,NVDA
2022-02-14,24.190580368041992,24.796665501968615,23.68019168599295,23.85862884432096,440424000,NVDA
2022-02-15,26.41156578063965,26.46140756576052,24.705953427119574,24.870432839092235,699869000,NVDA
2022-02-16,26.427509307861328,26.498286759029188,25.471529825588878,26.176304019794223,732676000,NVDA
2022-02-17,24.42982292175293,25.703798143147747,24.088900885684307,25.549285582156386,810595000,NVDA
2022-02-18,23.567546844482422,24.9073141846699,23.027253892651444,24.590314838865833,761255000,NVDA
2022-02-22,23.316341400146484,23.988218678165815,22.92757016662024,22.9624597952012,633422000,NVDA
2022-02-23,22.316499710083008,24.078933611616357,22.230771994916,23.727044613283795,566511000,NVDA
2022-02-24,23.673213958740234,23.72505025027843,20.82421433341637,20.948820693767292,735801000,NVDA
2022-02-25,24.080921173095703,24.140731680792335,23.307365982681755,23.6462953618656,528866000,NVDA
2022-02-28,24.308202743530273,24.5873216032974,23.632338521046485,23.916440797353353,477319000,NVDA
2022-03-01,23.403066635131836,24.300233919081215,23.059153777179308,24.214504305072836,412056000,NVDA
2022-03-02,24.147842407226562,24.336280413234043,23.34524228336605,23.685225970986814,389642000,NVDA
2022-03-03,23.643348693847656,24.253524852561736,23.39907779476586,24.189714450005976,365095000,NVDA
2022-03-04,22.8676700592041,23.609453022629157,22.415022141047935,23.314335335262864,431415000,NVDA
2022-03-07,21.28837776184082,22.964370625582625,21.26644395313783,22.74901272423118,450821000,NVDA
2022-03-08,21.449901580810547,22.306341548855194,20.588475444727642,21.24551242955818,557467000,NVDA
2022-03-09,22.945432662963867,23.150818288505107,22.18071764381372,22.320299923146024,492742000,NVDA
2022-03-10,22.590492248535156,22.720104081485786,21.816803338925023,22.463869834153396,428066000,NVDA
2022-03-11,22.034156799316406,23.076043457185644,21.980316832138143,22.953408821575593,367209000,NVDA
2022-03-14,21.266447067260742,22.195669376851416,21.095957034349265,21.80384067249969,385354000,NVDA
2022-03-15,22.90455436706543,22.96936124008591,21.258474245006287,21.45388943534592,491996000,NVDA
2022-03-16,24.423015594482422,24.523714502325593,23.102960984324504,23.429982841181694,671422000,NVDA
2022-03-17,24.69221305847168,24.767984935801795,23.83477472930563,24.04813783867153,471941000,NVDA
2022-03-18,26.374183654785156,26.489839164055603,24.55063450386545,24.725112338972878,730719000,NVDA
2022-03-21,26.654348373413086,27.07110416186951,25.889633364007818,26.42802540885607,591727000,NVDA
2022-03-22,26.444976806640625,27.156850275284068,25.994323791878227,26.647371123248757,547007000,NVDA
2022-03-23,25.55762481689453,26.53270962394399,25.498800590929083,26.048157589776604,502120000,NVDA
2022-03-24,28.06613540649414,28.235629020172183,25.829817700406597,26.08804686594144,877379000,NVDA
2022-03-25,27.609495162963867,28.273511278243372,27.189749942659294,27.802917411678866,579016000,NVDA
2022-03-28,28.13492202758789,28.165829800749353,27.12493975003017,27.67330217918579,425494000,NVDA
2022-03-29,28.57062339782715,28.85975839254765,27.896636856560235,28.60950676132991,488984000,NVDA
2022-03-30,27.607501983642578,28.41110037401944,27.42105885059828,28.219672974520872,463487000,NVDA
2022-03-31,27.20469856262207,28.16383210307091,27.18874739206645,27.69922098149154,523440000,NVDA
2022-04-01,26.632415771484375,27.414080364707395,26.188741881916698,27.293440575757664,517235000,NVDA
2022-04-04,27.278486251831055,27.475896299662303,26.533712066907064,26.648369216228314,397120000,NVDA
2022-04-05,25.853742599487305,27.237607768198263,25.743073244909805,27.17280089255996,436615000,NVDA
2022-04-06,24.33428192138672,25.224620987328382,23.931486259303167,24.859712215391237,703833000,NVDA
2022-04-07,24.13587760925293,24.648346195017268,23.40805294497013,24.36818323767015,557992000,NVDA
2022-04-08,23.05011749267578,23.851722863847915,22.993288112629596,23.84574022331702,524781000,NVDA
2022-04-11,21.851699829101562,22.253499000395795,21.595465570939584,22.147815823189774,575207000,NVDA
2022-04-12,21.439931869506836,22.65729475827579,21.218593162457935,22.46985514903304,662258000,NVDA
2022-04-13,22.136850357055664,22.432966395854017,21.39107965829104,21.663267032253867,516943000,NVDA
2022-04-14,21.194660186767578,22.70913525716762,21.099943928443917,22.437944431565548,569097000,NVDA
2022-04-18,21.718103408813477,22.02219313271973,21.016200346382977,21.13684014323295,525701000,NVDA
2022-04-19,22.131866455078125,22.306344324811956,21.250499340490578,21.655289899939216,512781000,NVDA
2022-04-20,21.41800308227539,22.602463624283768,21.136843602404674,22.44991955000995,468974000,NVDA
2022-04-21,20.122867584228516,22.325285752038848,19.940412249254727,21.644320110833693,656209000,NVDA
2022-04-22,19.45685386657715,20.424961412485715,19.441899168057798,20.24250610355399,624713000,NVDA
2022-04-25,19.84270668029785,19.885577840769354,19.039108228053102,19.14479141968029,641566000,NVDA
2022-04-26,18.732025146484375,19.72904585331805,18.614376672651343,19.659254708106264,653143000,NVDA
2022-04-27,18.360137939453125,19.109896444638807,18.235510346277362,18.542591397089467,499460000,NVDA
2022-04-28,19.723060607910156,19.977301919519842,18.434910207307524,18.910488306653104,570327000,NVDA
2022-04-29,18.491741180419922,20.068030059623467,18.461829879065967,19.344193301516768,500435000,NVDA
2022-05-02,19.47480583190918,19.515682143130196,18.336208020718836,18.48576074197281,572049000,NVDA
2022-05-03,19.54360008239746,19.76593718597662,19.075997486229383,19.342202225014407,475751000,NVDA
2022-05-04,20.273414611816406,20.33921795002483,18.695130967640978,19.863639883503055,648855000,NVDA
2022-05-05,18.787857055664062,19.86563575823811,18.444882087815973,19.807809899114023,626331000,NVDA
2022-05-06,18.619359970092773,19.453866151773262,17.936401353934347,18.680179051563016,633297000,NVDA
2022-05-09,16.899497985839844,18.200608121706267,16.776863370793325,17.98026782674294,644455000,NVDA
2022-05-10,17.542579650878906,18.143783810287378,16.974278119895548,17.636299465737004,761474000,NVDA
2022-05-11,16.58045196533203,17.70010720962238,16.518638315122686,17.295316703632178,670167000,NVDA
2022-05-12,16.126808166503906,16.73798268883239,15.520620763164581,16.170677698614824,708728000,NVDA
2022-05-13,17.653247833251953,17.874586549641382,16.543564832253985,16.73798356385744,670437000,NVDA
2022-05-16,17.21256446838379,17.735003457169242,17.055036163870508,17.456835364759026,521446000,NVDA
2022-05-17,18.122844696044922,18.316266948710442,17.581463204511554,18.020150928461515,585830000,NVDA
2022-05-18,16.88753890991211,18.064023819021532,16.813759960216448,17.652254100833233,545161000,NVDA
2022-05-19,17.072980880737305,17.634303190844598,16.684141563200637,16.88653775929863,621310000,NVDA
2022-05-20,16.64426612854004,17.35813265366858,15.70806343146981,17.28036591060508,739105000,NVDA
2022-05-23,16.847654342651367,16.864603890150594,16.130796688219526,16.2255129579709,639889000,NVDA
2022-05-24,16.105873107910156,16.54755410720824,15.732987737093548,16.460813405318188,588550000,NVDA
2022-05-25,16.92442512512207,17.060019607721216,15.952329656354774,15.97227052482503,781132000,NVDA
2022-05-26,17.797819137573242,18.038100388049628,15.974267519878618,15.988225751012793,996575000,NVDA
2022-05-27,18.754959106445312,18.824750258238716,18.046076875849245,18.131821105909538,738379000,NVDA
2022-05-31,18.61637306213379,19.142799917232722,18.295331865905656,18.92345412649734,664100000,NVDA
2022-06-01,18.265419006347656,18.9962349851399,18.068008952451528,18.668216603337324,544514000,NVDA
2022-06-02,19.53362464904785,19.560544628460704,18.14377897274522,18.237498762615502,648656000,NVDA
2022-06-03,18.664226531982422,19.274404605825605,18.466816482062402,19.025149434663984,598779000,NVDA
2022-06-06,18.73002815246582,19.27938709229923,18.508689459205605,19.081977060607624,422406000,NVDA
2022-06-07,18.86961555480957,18.94339449795544,18.133813364518677,18.416967656771526,388914000,NVDA
2022-06-08,18.596372604370117,19.12689931949138,18.4836845843309,18.74695362356912,363252000,NVDA
2022-06-09,17.99803352355957,18.880583584037574,17.991052933850728,18.42983530392258,395574000,NVDA
2022-06-10,16.9270076751709,17.648005592341615,16.822296926639886,17.551274019304014,465248000,NVDA
2022-06-13,15.603680610656738,16.266839478389468,15.562793756532253,15.955702996068341,604153000,NVDA
2022-06-14,15.792157173156738,16.021519942748558,15.369330314017972,15.68744737975274,469680000,NVDA
2022-06-15,16.481243133544922,16.82129863210318,15.881906301777965,16.05043807467459,563936000,NVDA
2022-06-16,15.557807922363281,15.897864407425715,15.358361819515217,15.816090696879078,545749000,NVDA
2022-06-17,15.83603572845459,15.950717118320277,15.285563915858456,15.604677679322638,630334000,NVDA
2022-06-21,16.520137786865234,16.960913567479754,16.361577575315028,16.42939011174875,483089000,NVDA
2022-06-22,16.314706802368164,16.61587073985761,16.135204840649315,16.181077014713374,437135000,NVDA
2022-06-23,16.180082321166992,16.53908438669256,15.80911149125112,16.473267119438244,463680000,NVDA
2022-06-24,17.078582763671875,17.092543941061024,16.26484203486428,16.454316515193973,472153000,NVDA
2022-06-27,16.82229995727539,17.2820241829413,16.57997263919412,17.264074363466463,427968000,NVDA
2022-06-28,15.937752723693848,17.15437435755345,15.900854507260869,16.853210426478878,461149000,NVDA
2022-06-29,15.498969078063965,15.776199264816002,15.127999283665375,15.770216310534561,482352000,NVDA
2022-06-30,15.117030143737793,15.52390051921732,14.820852506876262,15.31847053785556,686070000,NVDA
2022-07-01,14.48279094696045,15.021295848581772,14.35215407119524,14.857750345223227,577610000,NVDA
2022-07-05,14.922572135925293,14.929552726095583,14.016089244404482,14.135756912052631,651397000,NVDA
2022-07-06,15.088112831115723,15.276589715480245,14.748056331462374,14.968445164272264,529066000,NVDA
2022-07-07,15.814096450805664,15.900855482165372,15.346395028402622,15.41320992490336,492903000,NVDA
2022-07-08,15.79415225982666,15.992601679207207,15.346394973873567,15.387281829188536,467972000,NVDA
2022-07-11,15.110050201416016,15.484011966579512,14.996365505258906,15.483014331967349,437321000,NVDA
2022-07-12,15.040244102478027,15.388277846313347,14.835811736826283,15.225729017833062,458483000,NVDA
2022-07-13,15.122017860412598,15.332434145906136,14.424953642931776,14.549607579077355,521918000,NVDA
2022-07-14,15.32944107055664,15.430161276206992,14.687223985290593,15.066172037556123,456235000,NVDA
2022-07-15,15.718360900878906,15.738305033694623,15.402238169306203,15.615646381948205,385935000,NVDA
2022-07-18,16.056421279907227,16.850216937133126,15.957696353307478,16.25686498780902,670517000,NVDA
2022-07-19,16.944957733154297,17.062631077163257,16.127228231279975,16.440358091474902,702366000,NVDA
2022-07-20,17.757701873779297,17.8833544065657,16.754488293525725,16.900084012250357,760538000,NVDA
2022-07-21,18.00002670288086,18.093766321144624,17.496425663382336,17.835484504614854,557049000,NVDA
2022-07-22,17.27104949951172,17.91725420891557,17.089552288201755,17.843459684574043,536671000,NVDA
2022-07-25,16.976865768432617,17.076589278551587,16.602904032037294,16.971878546789405,480748000,NVDA
2022-07-26,16.48723030090332,16.87216136295546,16.432382260852247,16.842243731454445,397865000,NVDA
2022-07-27,17.740745544433594,17.886341221329417,16.866172897497414,16.984842903526864,569776000,NVDA
2022-07-28,17.9342098236084,18.089778068252926,17.39171718778261,17.925235866496404,474646000,NVDA
2022-07-29,18.112712860107422,18.19348797443547,17.643016231379985,17.763681512135797,435460000,NVDA
2022-08-01,18.389944076538086,18.79382347486427,17.940192505913,18.13166037008038,476469000,NVDA
2022-08-02,18.474712371826172,18.88557246042544,18.041913826316232,18.071831460159476,489527000,NVDA
2022-08-03,18.840696334838867,18.91548946592828,18.086788725234523,18.13365949315847,418146000,NVDA
2022-08-04,19.16180419921875,19.220640875313578,18.708063924460507,18.796818231509185,409652000,NVDA
2022-08-05,18.93642807006836,19.17576338661587,18.614322361680482,18.75792279078178,386068000,NVDA
2022-08-08,17.74374008178711,18.18850639909418,17.194266811220928,17.45354724017541,981859000,NVDA
2022-08-09,17.038698196411133,17.398698836090517,16.677700873007122,17.20423899397108,668263000,NVDA
2022-08-10,18.046892166137695,18.06783392889894,17.269051187718425,17.648996771606633,597422000,NVDA
2022-08-11,17.892330169677734,18.65521369530522,17.8265128942713,18.080808036836622,509327000,NVDA
2022-08-12,18.657197952270508,18.666173809016254,17.90329065592447,18.1097182424687,478094000,NVDA
2022-08-15,18.979310989379883,19.110945527296405,18.561472236217575,18.64922796080583,457666000,NVDA
2022-08-16,18.826730728149414,19.08900306515244,18.449777011947884,18.867617579479603,451240000,NVDA
2022-08-17,18.28423500061035,18.636258289146177,18.094762422807918,18.47171611346851,446799000,NVDA
2022-08-18,18.721027374267578,18.812771727418596,18.13266064622917,18.25033399183685,415447000,NVDA
2022-08-19,17.79958724975586,18.468729162588712,17.72080548388627,18.35504444387847,441588000,NVDA
2022-08-22,16.986841201782227,17.509390657788362,16.91902867077679,17.441578126782925,409593000,NVDA
2022-08-23,17.133434295654297,17.4166484395593,16.923018006184385,16.94196640912856,369986000,NVDA
2022-08-24,17.174320220947266,17.357810823683003,16.84822587028311,16.96490062655106,522661000,NVDA
2022-08-25,17.8634090423584,17.897315311031562,16.78639903354692,16.79736826116041,770691000,NVDA
2022-08-26,16.214984893798828,17.874377717185446,16.192047853448514,17.807563767738106,769127000,NVDA
2022-08-29,15.757253646850586,16.29276663412164,15.723348333249264,15.97564814658675,496132000,NVDA
2022-08-30,15.425176620483398,15.994594931513266,15.139968172102677,15.915814125564097,530181000,NVDA
2022-08-31,15.052210807800293,15.496976116815032,14.91758433882462,15.341407879469896,573710000,NVDA
2022-09-01,13.898415565490723,14.340188956278503,13.233262343519234,14.169661891977615,1178865000,NVDA
2022-09-02,13.60921859741211,14.13176711995098,13.553372925822355,14.060964535551635,743157000,NVDA
2022-09-06,13.42772102355957,13.740851814141763,13.314036323816168,13.692984371926862,535751000,NVDA
2022-09-07,13.680094718933105,13.803788702525829,13.313004492414725,13.529468012385438,512657000,NVDA
2022-09-08,13.955410957336426,13.973367055447751,13.335946977116002,13.4257236624068,624873000,NVDA
2022-09-09,14.351432800292969,14.438217613905524,14.091078359455306,14.122000907484114,486612000,NVDA
2022-09-12,14.469139099121094,14.511035078989412,14.16289794182431,14.333475654409431,484159000,NVDA
2022-09-13,13.098535537719727,13.887580298232978,13.06661506291521,13.767877090741246,714956000,NVDA
2022-09-14,13.095544815063477,13.25714401689083,12.881076192438005,13.22123276604588,588507000,NVDA
2022-09-15,12.897037506103516,13.200285874328177,12.758381195489553,12.982825342829914,523625000,NVDA
2022-09-16,13.165369987487793,13.179335313818578,12.585806090810705,12.710497048087857,670751000,NVDA
2022-09-19,13.348915100097656,13.42971516771623,12.977835069768854,12.979829980486416,569685000,NVDA
2022-09-20,13.143424987792969,13.44966616014184,13.024719705664902,13.182329079094677,524818000,NVDA
2022-09-21,13.228214263916016,13.996311035255735,13.077587561187178,13.18033355166007,807679000,NVDA
2022-09-22,12.529947280883789,13.116493957539719,12.397276654319372,13.03768878499316,759162000,NVDA
2022-09-23,12.485057830810547,12.579823238873681,12.22669830375946,12.389295442898492,663309000,NVDA
2022-09-26,12.197769165039062,12.627704338358164,12.183803837251507,12.460119453590893,547343000,NVDA
2022-09-27,12.382311820983887,12.70451323216134,12.227695289178223,12.47607929062904,553854000,NVDA
2022-09-28,12.704514503479004,12.791299318139588,12.323458902869692,12.37932021781137,542414000,NVDA
2022-09-29,12.189789772033691,12.469097284845578,11.916466992118151,12.417225794477423,532763000,NVDA
2022-09-30,12.108988761901855,12.601767882452046,12.045146859340639,12.057117275528151,565638000,NVDA
2022-10-03,12.48106575012207,12.646655701474867,12.075071465670463,12.31647372975425,547478000,NVDA
2022-10-04,13.13444709777832,13.187316515119232,12.847159012438114,12.847159012438114,584182000,NVDA
2022-10-05,13.176344871520996,13.288068453828838,12.589799156184034,12.87908219169331,507131000,NVDA
2022-10-06,13.09753704071045,13.622236562656026,13.070603370269595,13.187314673758069,644157000,NVDA
2022-10-07,12.046143531799316,12.638674790247842,11.992277140241855,12.47408277401214,672478000,NVDA
2022-10-10,11.641148567199707,12.094025672565365,11.379796220873162,12.007240867482555,698699000,NVDA
2022-10-11,11.557356834411621,11.81671332375179,11.255105480239216,11.532418070127365,667482000,NVDA
2022-10-12,11.471569061279297,11.705987738753207,11.316952527256786,11.550374224944592,492590000,NVDA
2022-10-13,11.93043327331543,12.048141591530223,10.786268503018803,10.943877897680135,850103000,NVDA
2022-10-14,11.199244499206543,12.081058872016744,11.176301596444594,12.027192471424224,713432000,NVDA
2022-10-17,11.858612060546875,11.918464157414238,11.488529845249435,11.48952682526242,580774000,NVDA
2022-10-18,11.937413215637207,12.46111484348481,11.589276093854338,12.313480989431524,659362000,NVDA
2022-10-19,12.02120590209961,12.3194674213086,11.804742384541735,11.849631206949502,523131000,NVDA
2022-10-20,12.163854598999023,12.737432910817912,12.075073921985922,12.083054517539724,652398000,NVDA
2022-10-21,12.4351806640625,12.467102092739703,11.85761257031653,12.068090417832614,609494000,NVDA
2022-10-24,12.567852973937988,12.678578622776968,12.034175742763328,12.477078338119243,517457000,NVDA
2022-10-25,13.228214263916016,13.267118353397784,12.632690116328606,12.662616631719668,505482000,NVDA
2022-10-26,12.864118576049805,13.354901886783574,12.676583621317251,12.837185850244591,532953000,NVDA
2022-10-27,13.143424987792969,13.803788998303101,13.089558589412318,13.59630304820485,583113000,NVDA
2022-10-28,13.799799919128418,13.815761110569417,13.02871112658398,13.07160504486287,521040000,NVDA
2022-10-31,13.463632583618164,13.803790122164811,13.264127212017728,13.743938035026355,486341000,NVDA
2022-11-01,13.50951862335205,13.89057419579045,13.485577789770767,13.776855711937651,432817000,NVDA
2022-11-02,13.186317443847656,14.174867488215076,13.17833780130498,13.815757888249985,672628000,NVDA
2022-11-03,13.387818336486816,13.746928905168618,12.923968770800348,13.010753571214046,500065000,NVDA
2022-11-04,14.121003150939941,14.1938226319805,13.663137321682004,13.951423355113537,612576000,NVDA
2022-11-07,14.265644073486328,14.376369715229352,13.919502771881342,14.19282459299917,410061000,NVDA
2022-11-08,14.565900802612305,14.854185888099915,14.18085444989022,14.764408236163073,595292000,NVDA
2022-11-09,13.741942405700684,14.175867398651944,13.724984235954823,14.12698780032859,454414000,NVDA
2022-11-10,15.711061477661133,15.734004379130576,14.51103557058689,14.76341034070044,700819000,NVDA
2022-11-11,16.286638259887695,16.34848526583695,15.443727839760449,15.767924228372218,655487000,NVDA
2022-11-14,16.25471305847168,16.499108168761815,15.882635102124247,16.177903764636575,527852000,NVDA
2022-11-15,16.624799728393555,16.955977806854108,16.341501419582265,16.680661045178866,545876000,NVDA
2022-11-16,15.870665550231934,16.321547735639033,15.833757322153295,16.12204333727618,649547000,NVDA
2022-11-17,15.6382417678833,16.225786282199604,15.496592636887353,15.676147926956387,710894000,NVDA
2022-11-18,15.370904922485352,15.962439267152297,15.082618903576678,15.926527067026893,492072000,NVDA
2022-11-21,15.279131889343262,15.43873616621096,15.0427173645285,15.1095521073422,404739000,NVDA
2022-11-22,15.998353958129883,16.018304974497063,15.084617956956317,15.290109049480908,472866000,NVDA
2022-11-23,16.478160858154297,16.486142404800624,16.008326496462395,16.05820212549382,427241000,NVDA
2022-11-25,16.229774475097656,16.446237020144476,16.132017196689414,16.277656134662113,167934000,NVDA
2022-11-28,15.787871360778809,16.316561753105944,15.686124245692138,15.986378789361892,303741000,NVDA
2022-11-29,15.600336074829102,15.89261191979211,15.48163079273218,15.787871013684132,298384000,NVDA
2022-11-30,16.885482788085938,16.89246723894382,15.562422258629718,15.662199992090873,565298000,NVDA
2022-12-01,17.097007751464844,17.226718672364875,16.598116373493134,16.96130961638063,470977000,NVDA
2022-12-02,16.838579177856445,16.895453899397804,16.40853510634038,16.622061290295452,371389000,NVDA
2022-12-05,16.57317352294922,16.957320143368804,16.43547900431618,16.64202078226574,352255000,NVDA
2022-12-06,15.951555252075195,16.53625550550943,15.783927508680161,16.493351572776334,352694000,NVDA
2022-12-07,16.08426284790039,16.150116510882306,15.632266127408133,15.737033837548465,372388000,NVDA
2022-12-08,17.130935668945312,17.140913726572844,15.923617339692608,16.236922259213415,515456000,NVDA
2022-12-09,16.963306427001953,17.54401680190964,16.937365000489294,17.121954302942694,465338000,NVDA
2022-12-12,17.496124267578125,17.499117875319435,16.75976146929497,16.99922915428006,457328000,NVDA
2022-12-13,18.03193473815918,18.7483433376604,17.671735017061216,18.48991676619764,656589000,NVDA
2022-12-14,17.63481903076172,18.211538706655226,17.381382402080057,17.947124880020315,496888000,NVDA
2022-12-15,16.914419174194336,17.281603394082957,16.662978923275983,17.10798934374783,478542000,NVDA
2022-12-16,16.53426170349121,17.003220944622573,16.373619336340138,16.82661330300129,478232000,NVDA
2022-12-19,16.21796417236328,16.57217667143344,16.109206574205285,16.53525994983705,354039000,NVDA
2022-12-20,16.049335479736328,16.27383699113288,15.816853236020515,16.02838213221396,403260000,NVDA
2022-12-21,16.464414596557617,16.59013659325073,16.066299063788986,16.078273493531086,325025000,NVDA
2022-12-22,15.304993629455566,16.10222300797655,14.849007005999164,16.0583199304805,565045000,NVDA
2022-12-23,15.172286987304688,15.304991533429133,14.850003158774006,15.162308930007534,349326000,NVDA
2022-12-27,14.089693069458008,15.066522651056324,14.024836646016347,15.04058027199165,464902000,NVDA
2022-12-28,14.004881858825684,14.230380640006066,13.853218422811985,13.896123310795858,351066000,NVDA
2022-12-29,14.570623397827148,14.650445953818707,14.195457574978805,14.370069773045314,354923000,NVDA
2022-12-30,14.5816011428833,14.59656727894766,14.201445300640174,14.302221216588292,310490000,NVDA
2023-01-03,14.2832612991333,14.96275213841312,14.06474698864116,14.818073166185235,401277000,NVDA
2023-01-04,14.716300010681152,14.820069526606867,14.209426861493185,14.534704309371103,431324000,NVDA
2023-01-05,14.233372688293457,14.531709547094541,14.116631516373118,14.458871444768125,389168000,NVDA
2023-01-06,14.826056480407715,14.976721722809424,14.002885769126838,14.441909831289994,405044000,NVDA
2023-01-09,15.593352317810059,16.020402921173815,15.107431553171974,15.25011511747284,504231000,NVDA
2023-01-10,15.873730659484863,15.926612657782302,15.437699200244237,15.472621454131234,384101000,NVDA
2023-01-11,15.965524673461914,15.992465239813418,15.528496008879637,15.804882316459198,353285000,NVDA
2023-01-12,16.474395751953125,16.600115869170452,15.457654762499619,16.06430761543747,551409000,NVDA
2023-01-13,16.861530303955078,16.88448002202159,16.129158535617503,16.24190694735418,447287000,NVDA
2023-01-17,17.66275405883789,17.68869739083552,16.861534824609727,16.861534824609727,511102000,NVDA
2023-01-18,17.338478088378906,17.8333769022018,17.24368747395342,17.627834203643413,439624000,NVDA
2023-01-19,16.727828979492188,17.158872284903268,16.693905869643526,16.998228042242104,452932000,NVDA
2023-01-20,17.799453735351562,17.816416246275402,16.78770171499723,16.973288293899945,564967000,NVDA
2023-01-23,19.150455474853516,19.20234025160349,17.77850345123352,18.023956526703994,655163000,NVDA
2023-01-24,19.222288131713867,19.45177965907979,18.778275018636265,18.785259468912272,496204000,NVDA
2023-01-25,19.280162811279297,19.32705950006516,18.538809936927446,18.871071892196763,449537000,NVDA
2023-01-26,19.758098602294922,20.121291926493868,19.235260153653364,19.657322688857523,489535000,NVDA
2023-01-27,20.319847106933594,20.582264478452693,19.361976503519905,19.418849333138702,542142000,NVDA
2023-01-30,19.119518280029297,20.095348779096263,19.107543848870183,19.905771381530464,488611000,NVDA
2023-01-31,19.493688583374023,19.643355663941833,18.907990025151328,19.12750161644277,498017000,NVDA
2023-02-01,20.89657211303711,21.14501874822768,19.56752430206783,19.647346873400746,660477000,NVDA
2023-02-02,21.660869598388672,21.900337276933485,20.65410773302951,20.953441855430544,564276000,NVDA
2023-02-03,21.053218841552734,21.696789246514708,20.74290754825101,20.95344017438409,429366000,NVDA
2023-02-06,21.042245864868164,21.522178471104034,20.739916222678673,20.759872338931974,452197000,NVDA
2023-02-07,22.123842239379883,22.209652016752774,21.10310954039303,21.334595540764557,664150000,NVDA
2023-02-08,22.1557674407959,22.827275613569224,21.959203722842762,22.33736312232844,559651000,NVDA
2023-02-09,22.287477493286133,22.96896380674192,22.07095953858251,22.555882109825383,523876000,NVDA
2023-02-10,21.21785545349121,22.029052780138088,20.764863390521825,21.641914381705053,550737000,NVDA
2023-02-13,21.73969078063965,21.999114525410953,20.915522011552234,21.49024509179642,474919000,NVDA
2023-02-14,22.920068740844727,22.9978949140653,21.318625944342383,21.53015578557321,675474000,NVDA
2023-02-15,22.71352767944336,22.80432551871884,22.056987553870204,22.49900422442741,420575000,NVDA
2023-02-16,21.953218460083008,22.50000187845595,21.87838398717314,22.0839266243148,412026000,NVDA
2023-02-17,21.34058380126953,21.691802710091036,20.928499305845392,21.583045106514625,465888000,NVDA
2023-02-21,20.60920524597168,21.446343845986352,20.57228662621733,20.953439640659408,410015000,NVDA
2023-02-22,20.707990646362305,21.05721512005145,20.375728683689406,20.66109585965175,513184000,NVDA
2023-02-23,23.611534118652344,23.83503841711281,22.97395090605858,23.388031723311734,1117995000,NVDA
2023-02-24,23.234375,23.421959839225643,22.89612775467356,23.173511315975173,589716000,NVDA
2023-02-27,23.448898315429688,23.8270577925176,23.40200353334105,23.61752427082776,452994000,NVDA
2023-02-28,23.164527893066406,23.772178848920596,23.154549835484183,23.320182165733303,455963000,NVDA
2023-03-01,22.64767837524414,23.204441849787724,22.458099073317108,23.140582657134395,460026000,NVDA
2023-03-02,23.262311935424805,23.328165597904217,22.382267363825353,22.438144871095187,389415000,NVDA
2023-03-03,23.837032318115234,23.847010375257764,23.078717103361356,23.268296382829778,412393000,NVDA
2023-03-06,23.50177764892578,24.194237273970714,23.434924859466854,23.838030356325884,437429000,NVDA
2023-03-07,23.240318298339844,24.07560444760807,23.19341364689186,23.551679757416153,515154000,NVDA
2023-03-08,24.131484985351562,24.150447084590173,23.37603510396069,23.438905826491442,513573000,NVDA
2023-03-09,23.388010025024414,24.403925077094488,23.335117154225923,24.125495162678536,501257000,NVDA
2023-03-10,22.91797637939453,23.57862150456227,22.679465442665016,23.36106747628327,474866000,NVDA
2023-03-13,22.91897201538086,23.2502929083055,22.251343209013474,22.70541142718648,421890000,NVDA
2023-03-14,24.013729095458984,24.169409811888126,23.411963139447696,23.447890629973315,474910000,NVDA
2023-03-15,24.17839241027832,24.23627231190452,23.312169659954225,23.712347660414334,524486000,NVDA
2023-03-16,25.488698959350586,25.535601695180254,23.845070328323995,23.977799303290052,583253000,NVDA
2023-03-17,25.672327041625977,26.34494677671912,25.615442640620632,25.928800789668877,848547000,NVDA
2023-03-20,25.846965789794922,25.970712430849073,25.07854201438664,25.562549518958868,432747000,NVDA
2023-03-21,26.145357131958008,26.337962757604163,25.329033093000934,26.12639693275394,547408000,NVDA
2023-03-22,26.41380500793457,27.53250995771594,26.183277100976117,26.370891881444173,797295000,NVDA
2023-03-23,27.135326385498047,27.442696318613994,26.635352731683053,27.05948178238723,564889000,NVDA
2023-03-24,26.72416877746582,27.111374826778054,26.301037139360137,26.975653609349873,454920000,NVDA
2023-03-27,26.47667694091797,26.944716509158773,26.3110164665487,26.782050151047695,361026000,NVDA
2023-03-28,26.355924606323242,26.45871435039119,25.7970717555382,26.392849502534016,356104000,NVDA
2023-03-29,26.928749084472656,27.022556480928984,26.542542341100866,26.770076147029812,393694000,NVDA
2023-03-30,27.326932907104492,27.442696524698064,27.046508115727384,27.173248891114078,364516000,NVDA
2023-03-31,27.72012710571289,27.777009606558664,27.04950214041425,27.084430325748205,433933000,NVDA
2023-04-03,27.907743453979492,27.942671641255586,27.280031583933262,27.452677711579923,398716000,NVDA
2023-04-04,27.39678382873535,27.942664624417038,27.25108288313044,27.908733850028394,368592000,NVDA
2023-04-05,26.825960159301758,26.9427192704289,26.3409552107088,26.77406658654195,515015000,NVDA
2023-04-06,26.981637954711914,27.024549174224266,26.372886420842022,26.529564526400943,397654000,NVDA
2023-04-10,27.522531509399414,27.564445330206645,26.61439491835625,26.768078927982756,395279000,NVDA
2023-04-11,27.113370895385742,27.7330996597478,27.070457767266205,27.66723481289394,314378000,NVDA
2023-04-12,26.440750122070312,27.4117573972983,26.393845475280525,27.313958486817846,446259000,NVDA
2023-04-13,26.408811569213867,26.831943139385213,26.275087085274208,26.67925655636213,353615000,NVDA
2023-04-14,26.703210830688477,26.827954885781043,26.166312310977247,26.44973120006375,395660000,NVDA
2023-04-17,26.94671058654785,26.95070210668743,26.37887544680579,26.510605128627287,321471000,NVDA
2023-04-18,27.6103515625,28.05244531067526,27.300986821273888,27.476627054688475,604812000,NVDA
2023-04-19,27.873804092407227,27.942663041399932,27.17623606249788,27.304971613615297,358660000,NVDA
2023-04-20,27.04850196838379,27.972606485594795,26.944714827313312,27.614340416338198,427713000,NVDA
2023-04-21,27.06346893310547,27.12733896388513,26.667282494525807,26.896811075410813,345103000,NVDA
2023-04-24,26.98662567138672,27.309961619807247,26.61638508209011,26.957685724958672,339282000,NVDA
2023-04-25,26.187271118164062,27.191211864022204,26.17130503524893,27.022557264988468,378527000,NVDA
2023-04-26,26.900800704956055,27.27403540128356,26.650315233944067,26.946707940661295,406337000,NVDA
2023-04-27,27.170255661010742,27.438705899036655,26.57048635253724,27.30697619433551,377161000,NVDA
2023-04-28,27.692182540893555,27.701162985929276,27.015569392110717,27.169255299832017,292216000,NVDA
2023-05-01,28.850801467895508,28.998499127200773,27.72311618189631,27.782992788233905,570329000,NVDA
2023-05-02,28.152238845825195,28.776958460184716,28.025499975903916,28.621277734605123,402730000,NVDA
2023-05-03,27.745073318481445,28.30891697061435,27.415749094927655,27.782995617159955,383387000,NVDA
2023-05-04,27.50555992126465,27.801950716388607,27.184218797378904,27.594376467675538,321850000,NVDA
2023-05-05,28.621278762817383,28.696124060234265,27.674222409101244,27.769027213873315,361494000,NVDA
2023-05-08,29.091310501098633,29.16016946274796,28.291951910306917,28.46359870886539,344979000,NVDA
2023-05-09,28.512502670288086,28.91368003888261,28.391752020704196,28.83983214090496,314869000,NVDA
2023-05-10,28.82585906982422,29.05339288631877,28.402727410108433,28.945612307547268,369350000,NVDA
2023-05-11,28.519481658935547,28.890721581405018,28.188162647959096,28.8368313012262,322149000,NVDA
2023-05-12,28.281970977783203,28.72107056378974,27.988572349830026,28.470583157825374,274222000,NVDA
2023-05-15,28.893714904785156,28.90968288930767,28.09435634331566,28.449626392092515,293926000,NVDA
2023-05-16,29.153181076049805,29.808837256233236,28.772962619924,28.78194306415263,449405000,NVDA
2023-05-17,30.116209030151367,30.13716594058163,29.369741392303435,29.52342540212538,432535000,NVDA
2023-05-18,31.613136291503906,31.76282877397273,30.257917101676483,30.347732971846412,748725000,NVDA
2023-05-19,31.19998550415039,31.515338464823536,30.85269847604877,31.471427932457345,473908000,NVDA
2023-05-22,31.112167358398438,31.45546287720747,30.617182635048753,30.83772890145582,372000000,NVDA
2023-05-23,30.625164031982422,31.223935873295638,30.568281535055462,30.936525465603022,356253000,NVDA
2023-05-24,30.475465774536133,30.544324723104715,29.74496438071975,30.148136417821927,721419000,NVDA
2023-05-25,37.90223693847656,39.399165745558044,36.55998955658973,38.44412443571779,1543911000,NVDA
2023-05-26,38.86625289916992,39.08979325980009,37.47311145513567,37.81241541975771,714397000,NVDA
2023-05-30,40.028873443603516,41.852132355940626,39.867206384616175,40.51188361880298,923401000,NVDA
2023-05-31,37.75653839111328,40.212498283604155,37.74456192441203,39.407151325355905,1002580000,NVDA
2023-06-01,39.688568115234375,39.967993574032356,38.2614958531395,38.410189027460895,635873000,NVDA
2023-06-02,39.2464714050293,40.4170698367897,38.97802122010776,40.014895164925456,482731000,NVDA
2023-06-05,39.09079360961914,39.48398404045427,38.627743010740026,38.82932905392205,396094000,NVDA
2023-06-06,38.57485580444336,39.07982029424169,38.06989131464503,38.75049794421731,388729000,NVDA
2023-06-07,37.402137756347656,39.42220466810125,37.283369639735355,38.839340474852015,511998000,NVDA
2023-06-08,38.43512725830078,38.78843910356959,37.43208391857247,37.650656098499375,417772000,NVDA
2023-06-09,38.694618225097656,39.6337866781629,38.492013810296655,38.96109737948555,427717000,NVDA
2023-06-12,39.40523147583008,39.45313848189554,38.542912981212005,39.12378209838564,388701000,NVDA
2023-06-13,40.942237854003906,41.0210866253636,39.66273283742683,40.107864800357326,613208000,NVDA
2023-06-14,42.91340637207031,42.916398894689806,40.47315646710425,40.74463080916541,740465000,NVDA
2023-06-15,42.570072174072266,43.20483722073351,42.06505544214176,42.51917264005908,568622000,NVDA
2023-06-16,42.60899353027344,43.63599213320871,42.5780517641451,43.3655191410193,655709000,NVDA
2023-06-20,43.72282409667969,43.90447325497645,42.591030025374586,42.914401391724816,451153000,NVDA
2023-06-21,42.961307525634766,43.53020280046162,41.998187390967416,43.416422222584046,551603000,NVDA
2023-06-22,42.941349029541016,43.341566542076215,42.15188658669768,42.170846843287116,417737000,NVDA
2023-06-23,42.12693405151367,42.725765968157205,41.9333109957247,42.38143932936339,358140000,NVDA
2023-06-26,40.55299377441406,42.68084821314237,40.02202672023089,42.378435975213705,594322000,NVDA
2023-06-27,41.794578552246094,41.858453292545065,40.369357466339395,40.71967293420545,462175000,NVDA
2023-06-28,41.037052154541016,41.76363726159132,40.43921783251657,40.58094002022697,582639000,NVDA
2023-06-29,40.74263000488281,41.51911724853508,40.52106150883683,41.47719909021722,380514000,NVDA
2023-06-30,42.219757080078125,42.46727602955201,41.420315646901514,41.59896849845373,501148000,NVDA
2023-07-03,42.33052444458008,42.81458195203503,42.11993620443262,42.43432230383558,198209000,NVDA
2023-07-05,42.2347297668457,43.09305457985884,42.003178561095986,42.053080590984536,323618000,NVDA
2023-07-06,42.021141052246094,42.096993500956245,41.2656128948708,41.76264574505463,303582000,NVDA
2023-07-07,42.420352935791016,43.12997276941171,42.09798294597246,42.23970512687058,355881000,NVDA
2023-07-10,42.097991943359375,42.727765640952,41.568022298100566,42.57406572515449,353908000,NVDA
2023-07-11,42.322547912597656,42.67486219078261,41.98520766702778,42.398400353937646,298244000,NVDA
2023-07-12,43.8166389465332,43.84957572671799,42.69382635632928,42.949329116868,481277000,NVDA
2023-07-13,45.88761520385742,46.065266739732245,44.40550165096542,44.43145207784274,478204000,NVDA
2023-07-14,45.38059997558594,47.994507542631396,44.97239476607481,46.49243252940778,772075000,NVDA
2023-07-17,46.37066650390625,46.40559830268811,45.1740001632929,46.1990038397671,510488000,NVDA
2023-07-18,47.40165328979492,47.80287207706954,45.64507706670889,46.6101959109385,569164000,NVDA
2023-07-19,46.985469818115234,47.72503024968798,46.65112205838491,47.37171842574284,427502000,NVDA
2023-07-20,45.43149185180664,46.99544633379389,44.974382199398164,46.416572252146125,537865000,NVDA
2023-07-21,44.222843170166016,45.776818736395064,44.01424991772626,45.69896747652268,963769000,NVDA
2023-07-24,44.52525329589844,45.021288544388135,43.95436692767747,44.64402138745575,382516000,NVDA
2023-07-25,45.590187072753906,46.093204951452925,44.835656447425045,44.85362300335587,348081000,NVDA
2023-07-26,45.363624572753906,45.96345774796509,44.54322423850326,45.93151847506049,364237000,NVDA
2023-07-27,45.81075668334961,47.30284884094631,45.66104681024001,46.42855262404122,455976000,NVDA
2023-07-28,46.65910339355469,46.93556524542494,46.29082136263418,46.57726209617673,331194000,NVDA
2023-07-31,46.63814163208008,47.03836291442901,46.41557565297474,46.66309454574556,251055000,NVDA
2023-08-01,46.41658020019531,46.80881767569898,45.93751388194452,46.36967069517526,237858000,NVDA
2023-08-02,44.18292999267578,45.75087468728102,43.302644871740895,45.74189331269121,530142000,NVDA
2023-08-03,44.42844772338867,45.03027593449394,43.71483776411609,43.71483776411609,324176000,NVDA
2023-08-04,44.59313201904297,45.553259657619556,44.306691262413594,44.89753933286693,362666000,NVDA
2023-08-07,45.32870101928711,45.45146298171195,44.47636125716046,45.02329618186399,322154000,NVDA
2023-08-08,44.57715606689453,45.154031311172126,43.970336566145846,44.76578774990283,353843000,NVDA
2023-08-09,42.47126007080078,44.2258412871121,42.05207472701769,44.18791316298273,586449000,NVDA
2023-08-10,42.30559158325195,43.48928663606157,41.75366530069566,42.07803421130193,492705000,NVDA
2023-08-11,40.77556610107422,41.936306917018776,40.55998646089097,41.66982393739307,533085000,NVDA
2023-08-14,43.66792297363281,43.71483246792128,40.23261822669723,40.407277187048145,690286000,NVDA
2023-08-15,43.85456848144531,45.17998944739272,43.62501611478745,44.473365790467945,676512000,NVDA
2023-08-16,43.40144729614258,44.588134620821634,43.321601018047524,44.43343721611258,527451000,NVDA
2023-08-17,43.259727478027344,43.97632996907339,42.91739206244817,43.88450979004493,452395000,NVDA
2023-08-18,43.214813232421875,43.4932701006516,41.57900001272248,42.55210279035976,583768000,NVDA
2023-08-21,46.87568283081055,46.97349186656967,44.13602090022551,44.407491420923556,692573000,NVDA
2023-08-22,45.579200744628906,48.09330371430153,45.24485304459103,48.04140287567031,755293000,NVDA
2023-08-23,47.02439880371094,47.10823512648874,45.12010736864763,45.77682903768783,779046000,NVDA
2023-08-24,47.07129669189453,50.16826400478164,47.067306662299096,50.118361983877634,1156044000,NVDA
2023-08-25,45.92853546142578,47.712060008928106,44.93646466129562,46.92060245427504,925341000,NVDA
2023-08-28,46.74393844604492,46.88865698143186,44.800725372190506,46.3916241394205,685192000,NVDA
2023-08-29,48.68914794921875,48.985571364963455,46.30079918990067,46.575266020642104,701397000,NVDA
2023-08-30,49.168209075927734,49.829918115562,48.33083976005429,48.94863563426867,735206000,NVDA
2023-08-31,49.25904083251953,49.64728445636799,48.86281334141854,49.28399374905417,528570000,NVDA
2023-09-01,48.4146842956543,49.70317460901009,48.04839726391632,49.665250288293905,463830000,NVDA
2023-09-05,48.453609466552734,48.75602175102256,47.76694740479326,48.129240595849275,382653000,NVDA
2023-09-06,46.973365783691406,48.45859385625443,46.49326248710991,48.350797071158595,468670000,NVDA
2023-09-07,46.15489959716797,46.257708449088824,45.067926633125616,45.44023319735737,433330000,NVDA
2023-09-08,45.48714065551758,46.519215678178135,45.18670244634744,45.856454433608306,473069000,NVDA
2023-09-11,45.0938720703125,46.07703462980452,44.229483586598796,46.062063171640766,473966000,NVDA
2023-09-12,44.786441802978516,45.58794785369134,44.448072389819984,44.654687644477335,349256000,NVDA
2023-09-13,45.400299072265625,45.8444700948222,44.42012548496772,44.51694497475434,398355000,NVDA
2023-09-14,45.49612045288086,45.90136263395265,45.0469576802591,45.86443278415264,370097000,NVDA
2023-09-15,43.81825256347656,45.514086250608685,43.7264210191702,45.256567267439614,506831000,NVDA
2023-09-18,43.884132385253906,44.15961943213608,41.92179358623107,42.668401863830084,500271000,NVDA
2023-09-19,43.438961029052734,43.8841296709857,42.921924053303314,43.7513779115944,373064000,NVDA
2023-09-20,42.16035079956055,43.8212539488895,42.144381748538365,43.518816723640995,367108000,NVDA
2023-09-21,40.94062423706055,42.02160786318076,40.903694380315116,41.505572228064345,450736000,NVDA
2023-09-22,41.53251647949219,42.03657715904044,41.154220620543846,41.494585230845004,479236000,NVDA
2023-09-25,42.14337921142578,42.4567936946112,41.1003231092512,41.51355366859355,419091000,NVDA
2023-09-26,41.83295822143555,42.74026599878411,41.577434392681035,41.92279078773523,402282000,NVDA
2023-09-27,42.388916015625,42.79216683776979,41.55148148041127,42.25117631483952,444935000,NVDA
2023-09-28,43.008766174316406,43.36509986355093,42.03658080053992,42.38093579889095,424663000,NVDA
2023-09-29,43.41799545288086,44.06179477214428,43.22635166055895,43.74538375843628,397830000,NVDA
2023-10-02,44.6986083984375,45.09087429927052,43.779322054087544,43.94800606273331,433298000,NVDA
2023-10-03,43.43596649169922,45.045965740925496,43.16547120468859,44.7245629218231,470850000,NVDA
2023-10-04,43.958988189697266,44.06079943552314,43.21138241263282,43.6605451941074,361821000,NVDA
2023-10-05,44.60478973388672,44.81639678263096,43.80628011216114,43.96797721587723,393483000,NVDA
2023-10-06,45.67678451538086,45.70373466330227,43.944017177662325,44.11070601288464,434436000,NVDA
2023-10-09,45.188690185546875,45.52007265706839,44.285376719881796,44.7584930492937,409675000,NVDA
2023-10-10,45.71271896362305,46.17285906419018,45.004041982640686,45.22562871384522,368582000,NVDA
2023-10-11,46.718841552734375,46.77174426177856,45.96424879463127,46.109976834306515,378137000,NVDA
2023-10-12,46.85758590698242,47.52035097000379,46.243733198035265,46.68989946190785,481325000,NVDA
2023-10-13,45.37635040283203,47.02827139098628,45.19568766753486,46.87255982126832,474115000,NVDA
2023-10-16,46.0091667175293,46.13892190023753,44.82836714020883,44.97908693457242,375099000,NVDA
2023-10-17,43.85618591308594,44.67066838631244,42.40090056802487,43.91807074145932,812333000,NVDA
2023-10-18,42.11742401123047,43.13852165493323,41.74711648202066,42.51168892025405,627294000,NVDA
2023-10-19,42.02260971069336,43.216381906827145,41.8040157217801,42.731286777485096,501233000,NVDA
2023-10-20,41.3099365234375,42.39092011000652,41.00150997673177,41.81199826924351,477266000,NVDA
2023-10-23,42.89497375488281,43.16746801501632,40.86875508234883,41.15222663549808,478530000,NVDA
2023-10-24,43.581687927246094,43.61562500762833,42.61150169448096,42.99678065247912,401463000,NVDA
2023-10-25,41.70119857788086,43.56871659941446,41.47761668487891,43.317183162193714,398379000,NVDA
2023-10-26,40.25091552734375,42.1773222832792,39.80574680651837,41.77507276787604,541001000,NVDA
2023-10-27,40.42458724975586,41.12927392659706,39.94048973150051,41.0534152286562,416784000,NVDA
2023-10-30,41.08435821533203,41.68823125867914,40.405624059194345,41.01049849985918,388028000,NVDA
2023-10-31,40.70405578613281,40.802874255163,39.15694305189198,40.374672312145435,517969000,NVDA
2023-11-01,42.246185302734375,42.30208077870125,40.79289531240805,40.80786677095721,437593000,NVDA
2023-11-02,43.42498779296875,43.802282272530825,42.814127888386025,43.247317846401735,409172000,NVDA
2023-11-03,44.92119598388672,45.22462694220357,43.64158173973637,43.93802957100558,424610000,NVDA
2023-11-06,45.665809631347656,45.849468936509936,44.815394894536624,45.200677734191665,400733000,NVDA
2023-11-07,45.86943054199219,46.13193749816825,45.073913725971586,45.63386992886557,343165000,NVDA
2023-11-08,46.48727798461914,46.77973167159943,45.882403587242706,46.014157765591044,346719000,NVDA
2023-11-09,46.86257553100586,48.14019083451283,46.662947187934414,47.3786111235174,540496000,NVDA
2023-11-10,48.24500274658203,48.38174869797084,47.19496335402622,47.41155837114357,421245000,NVDA
2023-11-13,48.52946472167969,49.02454332437156,48.00943495548385,48.230024106474055,384136000,NVDA
2023-11-14,49.563533782958984,49.74120373030796,48.948683517262864,49.58749116388393,416954000,NVDA
2023-11-15,48.796966552734375,49.86696898933371,48.11024794590893,49.84201782618033,475497000,NVDA
2023-11-16,49.38786315917969,49.432781344923285,48.240006851203624,48.588356005845505,339756000,NVDA
2023-11-17,49.20620346069336,49.62442196935827,48.915744960766254,49.43178055903223,325205000,NVDA
2023-11-20,50.31513595581055,50.453877068941594,49.08942192234672,49.22017851068948,414120000,NVDA
2023-11-21,49.85100173950195,50.422932832163035,49.130346021791986,50.03266205340574,565747000,NVDA
2023-11-22,48.62528610229492,50.2412708632355,47.6011956303171,49.7591723537565,899420000,NVDA
2023-11-24,47.687034606933594,48.829902895158824,47.656090292901155,48.37974251431558,294645000,NVDA
2023-11-27,48.15217208862305,48.43963402417859,47.56327053938668,47.7109937696309,395662000,NVDA
2023-11-28,47.73194885253906,48.233016759843025,47.38459731024166,48.14617697047183,401491000,NVDA
2023-11-29,48.050357818603516,48.67120123627393,47.7708804254883,48.288914999950215,382005000,NVDA
2023-11-30,46.68290710449219,48.0204119586937,46.33555556358415,47.934569759213595,526247000,NVDA
2023-12-01,46.67792510986328,47.112116530587656,46.1010022026633,46.43837411108703,369317000,NVDA
2023-12-04,45.425254821777344,45.99120035967438,44.926185864436995,45.99120035967438,437543000,NVDA
2023-12-05,46.48337936401367,46.51731562556562,45.19067511548695,45.385328820380614,371718000,NVDA
2023-12-06,45.42225646972656,47.302916124514056,45.33141833887503,47.13122044302318,380590000,NVDA
2023-12-07,46.51332092285156,46.54626331215597,45.52308054469381,45.618910872891085,350823000,NVDA
2023-12-08,47.421714782714844,47.656298452065116,46.467409650322935,46.512331790887266,359224000,NVDA
2023-12-11,46.54426956176758,47.446664942684954,45.74868658721169,47.40673880790064,509728000,NVDA
2023-12-12,47.572444915771484,47.581427820158346,45.96430321028968,45.96430321028968,372387000,NVDA
2023-12-13,48.0026741027832,48.50777677637629,47.52352626972847,47.544488916025955,447792000,NVDA
2023-12-14,48.26420211791992,48.58363397802505,47.33785124678629,48.3041320524151,391232000,NVDA
2023-12-15,48.803253173828125,49.31634111544804,48.034618938742405,48.10848894942567,479948000,NVDA
2023-12-18,49.9881477355957,50.34351507731144,49.062794375670336,49.31235079913167,412587000,NVDA
2023-12-19,49.5159797668457,49.61181008886036,48.808238224699814,49.33629886505029,464444000,NVDA
2023-12-20,48.025634765625,49.91028529819524,48.012657344636494,49.5668939044448,397894000,NVDA
2023-12-21,48.903079986572266,49.00789323083867,48.33309014213933,48.72439672866285,300425000,NVDA
2023-12-22,48.74336624145508,49.29538268638489,48.381007514292826,49.10771651554727,252507000,NVDA
2023-12-26,49.19156265258789,49.51199224313979,48.87312841671405,48.88111364335506,244200000,NVDA
2023-12-27,49.329315185546875,49.591849010515,48.99790354922427,49.42315016052461,233648000,NVDA
2023-12-28,49.43413162231445,49.79548883206165,49.324326187941345,49.55491912329638,246587000,NVDA
2023-12-29,49.43413162231445,49.90829110638661,48.664499712290464,49.72461566156116,389293000,NVDA
2024-01-02,48.08253479003906,49.20753405733888,47.510553413556266,49.156625856562634,411254000,NVDA
2024-01-03,47.484596252441406,48.09850289557728,47.23603751691528,47.40074566328975,320896000,NVDA
2024-01-04,47.912841796875,48.41395003873669,47.42370949212884,47.68224884044641,306535000,NVDA
2024-01-05,49.00988006591797,49.459082326064205,48.22028328844258,48.37600851565981,415039000,NVDA
2024-01-08,52.16028594970703,52.18225008334284,49.39120958940494,49.424151981929796,642510000,NVDA
2024-01-09,53.045711517333984,54.22861030764682,51.59828353362604,52.30802433098523,773100000,NVDA
2024-01-10,54.253562927246094,54.50311934146144,53.39409057576156,53.52086794542818,533796000,NVDA
2024-01-11,54.72472381591797,55.24779611496442,53.46496584925973,54.90141170121365,596759000,NVDA
2024-01-12,54.61293029785156,54.8724711273318,54.23360725157901,54.523089827328256,352994000,NVDA
2024-01-16,56.28196334838867,56.734158722808395,54.80259436306696,54.920385030235444,449580000,NVDA
2024-01-17,55.953548431396484,56.370806056804064,54.64287831771136,56.24702551752996,474394000,NVDA
2024-01-18,57.00566864013672,57.497793898777594,56.00744302517233,57.15839703737256,491650000,NVDA
2024-01-19,59.38544845581055,59.394431360297894,57.12346628511491,57.88611068736901,543501000,NVDA
2024-01-22,59.54815673828125,60.223957503871716,58.96519328035112,59.94245635666948,452955000,NVDA
2024-01-23,59.76676559448242,59.803698694627826,58.48104894335419,59.464301820428496,294654000,NVDA
2024-01-24,61.25312805175781,62.73748925623283,59.83165479543139,60.197006547482026,560271000,NVDA
2024-01-25,61.507667541503906,62.60771334377325,60.74202640224238,62.23936480631996,482777000,NVDA
2024-01-26,60.92271041870117,61.67337885004867,60.465526677085045,60.85183724757184,390309000,NVDA
2024-01-29,62.35416793823242,62.37812361839996,60.79893365210522,61.12335395532468,348733000,NVDA
2024-01-30,62.66261291503906,63.38033889790534,62.14952501071203,62.78839260190601,410735000,NVDA
2024-01-31,61.4178352355957,62.15851930991276,60.592302887690344,61.33098779929159,453795000,NVDA
2024-02-01,62.91516876220703,63.07887923181449,61.5406131324354,61.98981163068563,369146000,NVDA
2024-02-02,66.04261779785156,66.48183193924027,63.57699522405565,63.8604917267368,476578000,NVDA
2024-02-05,69.208984375,69.37369252800232,67.08575942583846,68.10394628020288,680078000,NVDA
2024-02-06,68.10195922851562,69.63024118166943,66.18237446253364,69.50646063248888,683111000,NVDA
2024-02-07,69.97461700439453,70.09540449820057,67.48005062301553,68.19777661316522,495575000,NVDA
2024-02-08,69.51742553710938,70.66837949372972,69.33175856710787,69.9496558671256,414422000,NVDA
2024-02-09,72.00501251220703,72.05691457870752,70.08741583954979,70.40784541342238,436637000,NVDA
2024-02-12,72.11981201171875,74.4786183227707,71.1235816589561,72.47118484090161,613710000,NVDA
2024-02-13,72.00003051757812,73.31968365428922,69.4964845401849,70.27509946360114,602580000,NVDA
2024-02-14,73.76889038085938,74.10429279758857,71.81037331243682,73.0721307009838,504917000,NVDA
2024-02-15,72.52908325195312,73.84374789733648,72.27154539670707,73.73794078168315,420122000,NVDA
2024-02-16,72.4841537475586,74.2699807907232,72.37235296886776,73.96851471281462,495327000,NVDA
2024-02-20,69.32877349853516,71.82832841143384,67.61381946264177,71.81934169951924,704833000,NVDA
2024-02-21,67.352294921875,68.7657830962581,66.1304674517911,67.8853441158395,673755000,NVDA
2024-02-22,78.39865112304688,78.43558041658676,74.08831180865685,74.8918837924214,865100000,NVDA
2024-02-23,78.67716217041016,82.24781162101127,77.43237298519631,80.64666119604064,829388000,NVDA
2024-02-26,78.95167541503906,80.50291911362528,78.36571128314377,79.5585907729136,503973000,NVDA
2024-02-27,78.56135559082031,79.33898034064636,77.0250924240117,79.24014935736925,391705000,NVDA
2024-02-28,77.52519989013672,78.7929431019633,76.98815248522881,77.48227691873889,393110000,NVDA
2024-02-29,78.97163391113281,79.84807446200602,78.2109848648127,78.95366810218512,507289000,NVDA
2024-03-01,82.13300323486328,82.15396968894088,79.29404786978826,79.85804776923267,479135000,NVDA
2024-03-04,85.08575439453125,87.5393930852347,83.57045019844777,83.98071640863849,615616000,NVDA
2024-03-05,85.81550598144531,85.94827947163024,83.2729084960246,85.12270452666515,520639000,NVDA
2024-03-06,88.5467758178711,89.56900902315816,86.87966241798968,87.86995321567885,582520000,NVDA
2024-03-07,92.5089111328125,92.60674140930558,89.44720809741612,90.00224735235656,608119000,NVDA
2024-03-08,87.37680053710938,97.23174889760968,86.35656281212522,94.97365533037919,1142269000,NVDA
2024-03-11,85.62582397460938,88.64359662209651,84.02060015441661,86.27969121669621,678364000,NVDA
2024-03-12,91.75422668457031,91.80114256968415,86.0011815049168,87.8969031445505,668075000,NVDA
2024-03-13,90.7309799194336,91.34591302025892,88.2822148639796,90.89769122292586,635713000,NVDA
2024-03-14,87.79207611083984,90.48941185201531,86.45039611721776,89.42225831640668,602318000,NVDA
2024-03-15,87.68526458740234,89.39131202190967,86.10799973550625,86.77983369344113,642086000,NVDA
2024-03-18,88.30219268798828,92.24536587684682,86.9345566695886,90.23185202169164,668976000,NVDA
2024-03-19,89.24356842041016,90.38758481674583,84.86314816147532,86.55022352343148,672171000,NVDA
2024-03-20,90.21588897705078,90.25382534481801,88.07059918494765,89.64187768825083,479063000,NVDA
2024-03-21,91.27703857421875,92.48794810720764,90.24881917443113,92.14054972284487,480372000,NVDA
2024-03-22,94.12610626220703,94.61425987373234,90.67707334814835,90.983542177901,586719000,NVDA
2024-03-25,94.83788299560547,96.59883562555477,93.34846365413705,93.77871885813295,552136000,NVDA
2024-03-26,92.4011001586914,96.20851455285562,92.34220396856466,95.68541767838448,513648000,NVDA
2024-03-27,90.09410095214844,93.07893385392306,88.96904884364167,92.95115660792449,586067000,NVDA
2024-03-28,90.19991302490234,91.1422825108375,89.03892009399118,89.8445252112995,435212000,NVDA
2024-04-01,90.20690155029297,92.06568455405531,89.0499070749777,90.14301673764523,452441000,NVDA
2024-04-02,89.2974624633789,89.93835161134503,87.46862677190417,88.29519159294945,433064000,NVDA
2024-04-03,88.81033325195312,90.21790147617726,88.24731205523676,88.33116660011862,370067000,NVDA
2024-04-04,85.75658416748047,90.4774179638533,85.73162583573242,90.24980742241583,434965000,NVDA
2024-04-05,87.85597229003906,88.32815477151372,85.77756814573236,86.71593914747515,399678000,NVDA
2024-04-08,86.98247528076172,88.67654220104028,86.58216705957724,88.54676191015398,283220000,NVDA
2024-04-09,85.20652770996094,87.48359260957034,82.87856365883405,87.2909252691637,501700000,NVDA
2024-04-10,86.88864135742188,87.24901778988773,83.56439211342133,83.78102010903869,431929000,NVDA
2024-04-11,90.45945739746094,90.58224601063488,86.77583708331596,87.2689793680449,431637000,NVDA
2024-04-12,88.03366088867188,90.01923104025528,87.37879585703206,89.54404775764081,426805000,NVDA
2024-04-15,85.85242462158203,90.45645646962656,85.78055040974887,88.94407438415881,443077000,NVDA
2024-04-16,87.26399230957031,87.965773191981,85.91532822119116,86.28368645109244,370453000,NVDA
2024-04-17,83.88983917236328,88.62164902707342,83.80497930154608,88.18739527959683,495400000,NVDA
2024-04-18,84.52471923828125,86.0410998135889,82.25964198597137,84.82320627802973,447260000,NVDA
2024-04-19,76.06836700439453,84.17833393456459,75.47539894537725,83.00636595540483,875198000,NVDA
2024-04-22,79.38063049316406,79.93467203595871,76.26802061217705,77.96907171420484,596341000,NVDA
2024-04-23,82.28060913085938,82.62601207910251,80.12534225900131,80.62946711947102,438559000,NVDA
2024-04-24,79.53936004638672,83.93674919660243,79.0462101404743,83.80497344877082,512208000,NVDA
2024-04-25,82.48926544189453,83.17906608261447,78.08787733468318,78.73175981196158,424641000,NVDA
2024-04-26,87.58345031738281,88.17842147858853,83.2429613231266,83.67321658546781,551011000,NVDA
2024-04-29,87.60540771484375,87.8399947565515,85.11870586410434,87.44368500312586,388971000,NVDA
2024-04-30,86.25273895263672,88.66556334587189,86.15091777999787,87.08928872900789,363709000,NVDA
2024-05-01,82.89753723144531,85.85142484392729,81.11461964994571,84.93002290842145,559863000,NVDA
2024-05-02,85.66875457763672,86.08802721004574,83.05627099401435,84.30311392551386,377898000,NVDA
2024-05-03,88.63561248779297,89.12675929539812,86.8896334546632,87.6373400551101,398341000,NVDA
2024-05-06,91.98081970214844,92.06068332323404,88.90115021604193,89.23557056109705,376203000,NVDA
2024-05-07,90.39756774902344,91.62244547206083,88.85723403089521,90.94062670307744,437342000,NVDA
2024-05-08,90.25582122802734,91.03646805439529,89.26553046184982,89.32842516703573,325721000,NVDA
2024-05-09,88.59369659423828,90.91467725150264,88.07858911055452,90.37261598217049,378013000,NVDA
2024-05-10,89.72273254394531,91.24310415488777,89.07285618291228,90.14899684375659,335325000,NVDA
2024-05-13,90.24284362792969,90.84080791917694,88.37607119051684,90.32170192056742,289680000,NVDA
2024-05-14,91.19819641113281,91.49268500657907,88.78037543030777,89.44422763754103,296507000,NVDA
2024-05-15,94.4665298461914,94.69813133508781,91.44076747625896,92.31226052004403,417735000,NVDA
2024-05-16,94.19601440429688,95.65349162534687,93.94045226831416,94.7460651574725,323952000,NVDA
2024-05-17,92.31924438476562,94.57634022771545,91.64741042469609,94.20598653059943,359691000,NVDA
2024-05-20,94.61627197265625,95.03554461976276,93.27859039868353,93.58805245494568,318764000,NVDA
2024-05-21,95.22122192382812,95.23519767784772,93.01903151729087,93.43730641374981,328946000,NVDA
2024-05-22,94.78595733642578,95.85410845473368,93.08789965048524,95.29408064750574,548648000,NVDA
2024-05-23,103.61969757080078,106.1363388077003,101.34462744914427,101.85175314144693,835065000,NVDA
2024-05-24,106.28507232666016,106.29105867121642,102.82206339543845,104.2685576920773,429494000,NVDA
2024-05-28,113.70423889160156,114.74044777454472,109.69318217417998,110.0535586136133,652728000,NVDA
2024-05-29,114.62664794921875,115.29249558889101,110.70943029840856,112.85472018181774,557442000,NVDA
2024-05-30,110.30911254882812,115.61892428256706,109.47356046717066,114.45194499585061,484553000,NVDA
2024-05-31,109.443603515625,112.52227529514084,106.75525509489461,112.32560941345422,613263000,NVDA
2024-06-03,114.80133056640625,114.80133056640625,111.80950641949946,113.42471506551881,438392000,NVDA
2024-06-04,116.23584747314453,116.39856789561996,113.84798144289938,115.51609997186799,403324000,NVDA
2024-06-05,122.22848510742188,122.2374646244509,117.26507420610801,118.16651413530396,528402000,NVDA
2024-06-06,120.7889633178711,125.37003219208192,118.11558846545381,123.83368952695288,664696000,NVDA
2024-06-07,120.67916107177734,121.481772978908,117.81811489560457,119.56308862810559,412386000,NVDA
2024-06-10,121.57960510253906,122.88733960177423,116.80786391189227,120.16206002224595,313434100,NVDA
2024-06-11,120.71104431152344,122.66781818606155,118.54460929253459,121.56962216023484,222551200,NVDA
2024-06-12,124.99397277832031,126.67120854134929,122.3683033445049,122.85749488714337,299595000,NVDA
2024-06-13,129.396728515625,129.5864183097163,126.9507630154097,129.1770893049594,260704500,NVDA
2024-06-14,131.6630096435547,132.6214215295718,128.10886970168357,129.74617063783822,309320400,NVDA
2024-06-17,130.76449584960938,133.50997130629256,129.36680534695333,132.7711985693246,288504400,NVDA
2024-06-18,135.35691833496094,136.10568428406987,130.474964956118,130.9242214788469,294335100,NVDA
2024-06-20,130.5648193359375,140.5283944338281,129.30689796657785,139.56998250489207,517768400,NVDA
2024-06-21,126.36172485351562,130.41504917764772,124.09546355999291,126.91082285827493,649445800,NVDA
2024-06-24,117.9156494140625,124.25519890170064,117.84576490444155,123.03720520530106,476060900,NVDA
2024-06-25,125.88251495361328,126.29184395373642,119.1236583558784,121.00056206941291,414192600,NVDA
2024-06-26,126.19200897216797,127.90917229563556,122.39825886605338,125.92244899462368,362975900,NVDA
2024-06-27,123.78597259521484,126.2019962793405,122.71773358253314,123.8957921998042,252571700,NVDA
2024-06-28,123.33671569824219,127.49985213027985,122.54801473015355,124.3750052910358,315516700,NVDA
2024-07-01,124.09546661376953,124.63457133754859,118.63446631453066,123.26683055595603,284885500,NVDA
2024-07-02,122.4681396484375,123.20692743216773,120.8308389451457,120.93067286767031,218374000,NVDA
2024-07-03,128.06893920898438,128.06893920898438,121.16032653936864,121.45983599496338,215749000,NVDA
2024-07-05,125.62294006347656,128.6379747149119,125.47318537524079,127.17038486367325,214176700,NVDA
2024-07-08,127.98902893066406,130.55480700867955,126.83094180644568,127.28019823232947,237677300,NVDA
2024-07-09,131.163818359375,133.59980576329167,128.43829962119838,130.1355144487565,285366600,NVDA
2024-07-10,134.68801879882812,134.87770860466375,132.20211043348235,133.80946190177127,248978600,NVDA
2024-07-11,127.19037628173828,135.9259713268732,126.84095369862746,135.52663558437,374782700,NVDA
2024-07-12,129.02732849121094,131.70291097832524,127.01064833229333,128.04893020829968,252680500,NVDA
2024-07-15,128.22865295410156,131.1737956487568,126.97072416574117,130.3451595951711,208326200,NVDA
2024-07-16,126.1520767211914,128.82765950066548,124.37500690887067,128.22865593379024,214769500,NVDA
2024-07-17,117.79584503173828,121.64949400158038,116.52793817127537,121.15031675281162,390086200,NVDA
2024-07-18,120.89073944091797,122.19858897958201,116.36819489836525,121.64949097287113,320979500,NVDA
2024-07-19,117.73594665527344,121.39990584738524,117.176870571876,120.15196272062997,217223800,NVDA
2024-07-22,123.33671569824219,123.86584236392231,119.66277083791101,120.15196240961751,258068900,NVDA
2024-07-23,122.38826751708984,124.4848179409612,121.89907597271183,122.57795729865761,173911000,NVDA
2024-07-24,114.06201171875,119.75262982559674,113.25334693957731,118.97391446537992,327776900,NVDA
2024-07-25,112.0952377319336,116.43807811661003,106.12508231687993,112.85398925547956,460067000,NVDA
2024-07-26,112.87394714355469,116.00877938122822,111.39638688236367,115.998801321254,293399100,NVDA
2024-07-29,111.40638732910156,116.08867288971433,111.11687119487814,113.50293810461493,248152100,NVDA
2024-07-30,103.55931854248047,111.8057214597651,102.37127421675278,111.33649361290321,486833300,NVDA
2024-07-31,116.82742309570312,118.14525053765568,110.69752797453181,112.71420803404115,473174200,NVDA
2024-08-01,109.03028869628906,119.96227450650746,106.63423649015627,117.3365974252001,523462300,NVDA
2024-08-02,107.0934829711914,108.54110155423277,101.20319756374683,103.58926418951675,482027500,NVDA
2024-08-05,100.28469848632812,103.23983427364557,90.54076482697137,91.90850550819489,552842400,NVDA
2024-08-06,104.0784683227539,107.53277436697496,100.38455930431832,103.66913927566458,409012100,NVDA
2024-08-07,98.74724578857422,108.62097103799087,98.52760658313275,107.6325946135043,411440400,NVDA
2024-08-08,104.79727172851562,105.3263983879788,97.3595262295921,101.83215768316434,391910000,NVDA
2024-08-09,104.57762908935547,106.42458330646772,103.25980151433504,105.46616394434741,290844200,NVDA
2024-08-12,108.84061431884766,110.88724428013212,106.08516112777683,106.14505996593543,325559900,NVDA
2024-08-13,115.94889068603516,116.03874655153282,111.39639661656214,112.25498209343158,312646700,NVDA
2024-08-14,117.8857192993164,118.40486036766445,113.8823150065414,118.33497584660141,339246400,NVDA
2024-08-15,122.65782928466797,123.03720123653866,117.27669936691132,118.56457753138926,318086700,NVDA
2024-08-16,124.37500762939453,124.79431469874058,120.98060074622069,121.73935231230438,302589900,NVDA
2024-08-19,129.78607177734375,129.78607177734375,123.21689800857207,124.07548340044629,318333600,NVDA
2024-08-20,127.04061889648438,129.66629628755138,125.6828560733908,128.18872055728244,300087400,NVDA
2024-08-21,128.28855895996094,129.13716641620366,126.45159025428316,127.11050029285343,257883600,NVDA
2024-08-22,123.53638458251953,130.5348518103843,122.89743830728821,129.80605728559254,376189100,NVDA
2024-08-23,129.15713500976562,129.38676754540884,125.0139693437825,125.6529157045682,323230300,NVDA
2024-08-26,126.25191497802734,131.04401222890846,124.1653576328901,129.35680584239554,331964700,NVDA
2024-08-27,128.0889129638672,128.98742611377176,123.67617933536566,124.84426014055718,303134600,NVDA
2024-08-28,125.40331268310547,128.118838213882,122.43819852070378,127.90917706049713,448101100,NVDA
2024-08-29,117.396484375,124.22523209060465,116.51793528895298,121.1602845403975,453023300,NVDA
2024-08-30,119.17357635498047,121.54965726206557,117.02711271158417,119.33330911013266,333751600,NVDA
2024-09-03,107.82228088378906,116.01877002584149,107.11345013644421,115.81910218205195,477155100,NVDA
2024-09-04,106.03523254394531,113.0836130103624,103.94867525541761,105.23655349888746,372470300,NVDA
2024-09-05,107.03359985351562,109.46958760825204,104.58763403652246,104.81725133789038,306850700,NVDA
2024-09-06,102.6607894897461,107.97203483673319,100.78387825686288,107.86221523834789,413638100,NVDA
2024-09-09,106.29480743408203,106.37467762407766,103.51938307487873,104.70741977949132,273912000,NVDA
2024-09-10,107.922119140625,109.21998302790867,104.77730096516093,107.63259542371279,268283700,NVDA
2024-09-11,116.71762084960938,116.99715887318843,107.24323176128858,109.20999122026392,441422400,NVDA
2024-09-12,118.95413208007812,120.60155948017247,115.19999582839206,116.6577172050991,366052700,NVDA
2024-09-13,118.91417694091797,119.77283576592933,117.41651726252482,118.89421149690212,238358300,NVDA
2024-09-16,116.59780883789062,117.99562620382233,114.1815861384539,116.60779536966285,248772300,NVDA
2024-09-17,115.40966033935547,118.61465900940927,114.65085152654682,117.98563701926243,231925900,NVDA
2024-09-18,113.19313049316406,117.51636932909096,113.04336298957726,115.70919560695407,310318900,NVDA
2024-09-19,117.68611907958984,119.47332749554481,117.06708357128667,117.16692604230532,293506400,NVDA
2024-09-20,115.81903076171875,118.43494609535816,115.2099818009,116.87737463970251,382462400,NVDA
2024-09-23,116.07862091064453,116.80747774675662,114.68080357526898,116.36816938577523,206228500,NVDA
2024-09-24,120.68142700195312,121.60997636399935,115.19998675947464,116.33820757520982,354966800,NVDA
2024-09-25,123.31731414794922,124.74508350925583,121.42027681497308,121.82963321276459,284692900,NVDA
2024-09-26,123.84648895263672,127.47082313052574,121.609985658202,126.6021852727835,302582900,NVDA
2024-09-27,121.21060943603516,123.83650371853182,119.07394858799772,123.7765997601264,271009200,NVDA
2024-09-30,121.25054168701172,121.31044564232414,117.96567356169257,118.12541998168962,226553700,NVDA
2024-10-01,116.81747436523438,122.2489901408394,115.60936293760753,121.5800295838127,302094500,NVDA
2024-10-02,118.66458129882812,119.19375323018366,114.96037016184738,116.25834508658102,221845900,NVDA
2024-10-03,122.65834045410156,124.16598683922703,120.15225416683853,120.73135113827638,277118000,NVDA
2024-10-04,124.72511291503906,124.84492844767553,121.63993722019764,124.7450859792245,243678100,NVDA
2024-10-07,127.52073669433594,130.43617917860723,124.75505409102715,124.7949925984476,346250200,NVDA
2024-10-08,132.68267822265625,133.27175410957346,129.2180905372518,130.0567764001493,285722500,NVDA
2024-10-09,132.4430389404297,134.31013180466115,131.17503131034326,133.9007678130665,246191600,NVDA
2024-10-10,134.59967041015625,134.78937641455914,130.79561711338704,131.70420101079952,242311300,NVDA
2024-10-11,134.58970642089844,135.5681732923908,133.4514855032485,133.80093033986074,170209500,NVDA
2024-10-14,137.85462951660156,139.38224162417205,136.08738630461323,136.2571192904559,232347700,NVDA
2024-10-15,131.3946990966797,138.3538265330219,128.5391603262797,137.654906403531,377831000,NVDA
2024-10-16,135.5082550048828,136.40684475827754,131.37471471629812,133.7709642153392,264879700,NVDA
2024-10-17,136.7163848876953,140.6702140778628,136.65648092397825,139.12262899690117,306435900,NVDA
2024-10-18,137.78469848632812,138.68328825202838,137.06582057977474,138.45365135367973,176090200,NVDA
2024-10-21,143.48580932617188,143.48580932617188,137.78471061125512,137.91451267760561,264554500,NVDA
2024-10-22,143.36598205566406,144.194689003585,141.55880826832362,142.68705023422552,226311600,NVDA
2024-10-23,139.34228515625,142.20780310560568,137.2455702792771,141.80843319617813,285930000,NVDA
2024-10-24,140.19094848632812,141.12948441968888,138.2439937495604,140.6003124972593,172354900,NVDA
2024-10-25,141.31918334960938,143.90515439009727,140.5803475394567,140.71013437273555,205122100,NVDA
2024-10-28,140.30076599121094,142.91667341121004,139.83149806296922,142.77689244758375,173586700,NVDA
2024-10-29,141.02963256835938,142.0380513591214,138.68329276437913,140.0711235834401,157593600,NVDA
2024-10-30,139.1226043701172,140.1110653014331,136.59655278062618,139.32228929215535,179418100,NVDA
2024-10-31,132.55288696289062,137.39532698555524,131.9039070664443,137.38534807029694,270039600,NVDA
2024-11-01,135.1887664794922,137.09579048755296,134.36007470728345,134.4898615442038,207127800,NVDA
2024-11-04,135.83775329589844,138.74321710094807,135.3585064031532,136.9959472521015,187528200,NVDA
2024-11-05,139.6917266845703,140.151000495864,137.11574997671616,137.23555788662173,160537400,NVDA
2024-11-06,145.38284301757812,146.2614750565614,141.73854326176877,142.73698322061895,242043900,NVDA
2024-11-07,148.6477508544922,148.69766066609404,145.9419717733186,146.1616297903136,207323300,NVDA
2024-11-08,147.39967346191406,149.53633403774526,146.03180056765603,148.5378942315628,175665800,NVDA
2024-11-11,145.03335571289062,148.6177660708997,143.3460052965638,148.44801790297308,182325600,NVDA
2024-11-12,148.0586395263672,149.41651833977537,145.78219787373922,146.55100082856893,198634700,NVDA
2024-11-13,146.0417938232422,149.0970171738845,145.67236073742527,148.83742831045777,191903300,NVDA
2024-11-14,146.531005859375,148.76751628680327,145.32290234595064,147.40963767639698,194463300,NVDA
2024-11-15,141.7584991455078,145.0134231170618,139.86146934373124,144.64398997756967,250132900,NVDA
2024-11-18,139.93133544921875,141.32916034590224,136.93601597273187,139.28235565663965,221205300,NVDA
2024-11-19,146.7806396484375,146.90046279249913,140.77004260660007,141.09952959154865,227834900,NVDA
2024-11-20,145.6623992919922,147.32979212988033,142.50732548898966,147.18003223590216,309871700,NVDA
2024-11-21,146.44117736816406,152.65147472524168,140.4804899844899,149.11700420524105,400946600,NVDA
2024-11-22,141.72853088378906,146.93040910376754,140.87986616890575,145.70231714314025,236406200,NVDA
2024-11-25,135.8077850341797,141.82837577269152,135.60810012239304,141.76847182265374,344941900,NVDA
2024-11-26,136.70640563964844,139.08269776121745,135.45835561529256,137.48518763604767,190287700,NVDA
2024-11-27,135.1288604736328,137.00593247284488,131.59438972010054,134.7993734587721,226370900,NVDA
2024-11-29,138.03431701660156,139.1326070072914,135.83775227020575,136.56660913585418,141863200,NVDA
2024-12-02,138.41371154785156,140.23086402488357,137.60497776381663,138.6133964568137,171682800,NVDA
2024-12-03,140.0411834716797,140.32074544201365,137.73478959893222,138.04430354930304,164414000,NVDA
2024-12-04,144.91355895996094,145.56253876730494,140.07111960214385,141.77845844597738,231224300,NVDA
2024-12-05,144.84368896484375,146.3214777724878,143.7353435501018,144.89361745373108,172621200,NVDA
2024-12-06,142.22756958007812,145.48270218050342,141.09924996942553,144.38435184545514,188505600,NVDA
2024-12-09,138.6029815673828,139.74128080496888,136.92549436926976,138.76274660606958,189308600,NVDA
2024-12-10,134.86859130859375,141.60852572754877,133.59048602384692,138.80270319338828,210020900,NVDA
2024-12-11,139.1022491455078,139.96096726526153,135.00837248215075,137.155160163518,184905200,NVDA
2024-12-12,137.1351776123047,138.23354324797214,135.59748095840345,136.8755708420711,159211400,NVDA
2024-12-13,134.0498046875,139.3918327936691,132.34234795745746,138.73281333743972,231514900,NVDA
2024-12-16,131.80313110351562,134.19954557462145,130.2254857362255,133.9798724705664,237951100,NVDA
2024-12-17,130.19554138183594,131.39374870651014,126.67080709010266,128.89747709842524,259410300,NVDA
2024-12-18,128.71774291992188,136.49611794642954,128.08867764771298,133.66035727519176,277444500,NVDA
2024-12-19,130.485107421875,133.8301176053825,129.3568029702355,131.56349862817564,209719200,NVDA
2024-12-20,134.49911499023438,135.07825184796977,128.02878306565836,129.61640819653473,306528600,NVDA
2024-12-23,139.46170043945312,139.58151660116854,134.91848306333998,136.0767567466981,176053500,NVDA
2024-12-24,140.01089477539062,141.6883821217358,138.44322876231024,139.79122163679293,105157000,NVDA
2024-12-26,139.7213134765625,140.63995487774488,137.52459740894255,139.49166074428362,116205600,NVDA
2024-12-27,136.8056640625,138.81267619141968,134.50910636621433,138.34337590905767,170582600,NVDA
2024-12-30,137.2849578857422,140.06081067569033,133.82013169900247,134.628921256616,167734700,NVDA
2024-12-31,134.08973693847656,137.8641141320975,133.63043143330796,137.82416524884428,155659200,NVDA
2025-01-02,138.10372924804688,138.6728864930968,134.42922472124587,135.79717669922962,198247200,NVDA
2025-01-03,144.25454711914062,144.6838985290199,139.52161059265686,139.8011917981673,229322500,NVDA
2025-01-06,149.20716857910156,151.93310868099036,147.5995839740372,148.3684248105369,265377400,NVDA
2025-01-07,139.93099975585938,152.9016324332477,139.80118875754107,152.80177547515166,351782200,NVDA
2025-01-08,139.9010772705078,143.73534764411033,137.35487662508692,142.36739537864082,227349900,NVDA
2025-01-10,135.7073211669922,139.71133557177419,134.0198390250661,137.24501786219508,207602500,NVDA
2025-01-13,133.0312957763672,133.29091776199226,129.31684258602223,129.79613768131526,204808900,NVDA
2025-01-14,131.56350708007812,136.1766278538369,129.85606565410438,135.84711813885167,195590500,NVDA
2025-01-15,136.03683471679688,136.2465130176968,131.09420431967888,133.45068552943664,185217300,NVDA
2025-01-16,133.3708038330078,138.54307117698642,133.2909213149963,138.4332346192246,209235600,NVDA
2025-01-17,137.504638671875,138.29345383465838,135.25799411499426,136.4861555399997,201188800,NVDA
2025-01-21,140.61997985839844,141.6184885428412,136.88555189361048,138.95247218370304,197749000,NVDA
2025-01-22,146.85069274902344,147.56960504936464,143.45575377479585,144.4442829463215,237651400,NVDA
2025-01-23,147.00045776367188,147.0104373660888,143.50567717742842,144.83369562852502,155915500,NVDA
2025-01-24,142.4073028564453,148.74783905952535,141.66841618539428,148.14872775799392,234657600,NVDA
2025-01-27,118.24339294433594,128.20850504229963,116.52595684106743,124.6138830305536,818830900,NVDA
2025-01-28,128.7976531982422,128.80763280108368,116.07664583818587,121.62835222502514,579666400,NVDA
2025-01-29,123.51553344726562,126.70077890376498,119.87098248262683,126.31136108771855,467120600,NVDA
2025-01-30,124.464111328125,124.81358785050304,117.92387627755191,122.91641979157204,392925500,NVDA
2025-01-31,119.89094543457031,127.65934229890306,119.01226047612725,123.59541198682592,388161100,NVDA
2025-02-03,116.48603057861328,118.39317826666118,112.84147223806173,114.57887527254843,371235700,NVDA
2025-02-04,118.47305297851562,121.01924546805154,116.52595653802958,116.78557092036435,256550000,NVDA
2025-02-05,124.64383697509766,124.81358161777388,120.5799070623436,121.57841571528579,262230800,NVDA
2025-02-06,128.4880828857422,128.57796024161053,125.02326434711814,127.22996749994309,251483600,NVDA
2025-02-07,129.6463623046875,130.17557068191934,124.8135839892709,129.02729180363133,228186300,NVDA
2025-02-10,133.3708038330078,134.79866384787866,129.76618710141213,129.89598286165247,216989100,NVDA
2025-02-11,132.60195922851562,134.27944654160947,130.82461495038982,132.38228609427233,178902400,NVDA
2025-02-12,130.94442749023438,132.04279313100764,128.88750205027108,129.8261026458349,160278600,NVDA
2025-02-13,135.08824157714844,136.29644386397356,130.9743904181038,131.36380821970238,197430000,NVDA
2025-02-14,138.6429443359375,139.04234173663804,135.29793396994222,136.2764682668825,195479600,NVDA
2025-02-18,139.19210815429688,143.226091877041,137.72429913092634,141.05932980350207,219176600,NVDA
2025-02-19,139.02236938476562,141.14919790373787,137.01537227663152,139.30195061666387,167536000,NVDA
2025-02-20,139.9010772705078,140.45026019183956,136.58602053522247,139.82119473321993,143903600,NVDA
2025-02-21,134.22952270507812,141.24905316966826,133.83012530319377,139.83115735009994,228217600,NVDA
2025-02-24,130.085693359375,138.38329701575583,129.88599469553085,136.35632586747636,251381100,NVDA
2025-02-25,126.44115447998047,130.00583024952502,124.25442559786755,129.78615711570163,271428700,NVDA
2025-02-26,131.084228515625,133.53057192522448,128.29839578499454,129.79615892181477,322553800,NVDA
2025-02-27,119.9708251953125,134.80865788512716,119.83103458283094,134.7986782828192,443175800,NVDA
2025-02-28,124.73371124267578,124.90345590188022,116.22642004317107,117.8439993429124,389091100,NVDA
2025-03-03,113.88990020751953,123.51552349340123,112.11255593535711,123.32581202011416,411381400,NVDA
2025-03-04,115.81702423095703,119.13207287466713,109.9457957033308,110.48499132597254,398163300,NVDA
2025-03-05,117.12506866455078,118.10360288358513,114.33922859376143,117.40464986998916,284337900,NVDA
2025-03-06,110.40510559082031,115.17797591196373,110.05562907278994,113.3606904001891,321181900,NVDA
2025-03-07,112.52195739746094,113.31078025161912,107.3996024558792,111.0841023095759,341755500,NVDA
2025-03-10,106.82046508789062,111.68319762733589,105.30272758345134,109.73610869113334,366487400,NVDA
2025-03-11,108.5978012084961,112.0726069900584,104.61374627233778,106.83043665954975,354865700,NVDA
2025-03-12,115.57803344726562,116.59661034457649,112.72203506897391,113.96030532134075,323857500,NVDA
2025-03-13,115.41825103759766,117.59520049683546,113.63075517539951,116.86621875800482,299033100,NVDA
2025-03-14,121.49972534179688,121.70943054003341,117.98465480860956,118.44401014075397,277593500,NVDA
2025-03-17,119.36271667480469,122.71801496792263,117.86481592318836,122.56822336901756,255501500,NVDA
2025-03-18,115.26846313476562,118.85343549406599,114.37970924440411,117.83486627342975,299686900,NVDA
2025-03-19,117.35553741455078,120.28143743378797,115.51811599486,117.10588726826337,273426200,NVDA
2025-03-20,118.36412048339844,120.03178155242583,116.30700581426807,116.3868956857552,248829700,NVDA
2025-03-21,117.5352783203125,117.82487338576216,115.25847035053427,116.77634740953133,266498500,NVDA
2025-03-24,121.24009704589844,122.04896105750126,119.17298658297102,119.71223179694545,228452500,NVDA
2025-03-25,120.52110290527344,121.12026171196634,118.75357566400419,120.38129943766901,167447200,NVDA
2025-03-26,113.60079956054688,118.6736845133834,112.55226594608844,118.5638454632065,293463300,NVDA
2025-03-27,111.27405548095703,114.28982567832341,110.50513643809545,111.19416561141583,236902100,NVDA
2025-03-28,109.51652526855469,112.71205173921601,108.91736643615505,111.33397804410711,229872500,NVDA
2025-03-31,108.22832489013672,110.80471613819729,103.50494855407659,104.98287310192077,299212700,NVDA
2025-04-01,109.99585723876953,110.04578269736857,106.32100673854832,108.36813339033893,222614000,NVDA
2025-04-02,110.26546478271484,111.82328673498283,106.64054773013802,107.1398479774266,220601200,NVDA
2025-04-03,101.65754699707031,105.48218161280622,101.45782230020173,103.36515315702636,338769400,NVDA
2025-04-04,94.17802429199219,99.9898797349743,91.9811059228115,98.77159334909085,532273800,NVDA
2025-04-07,97.50334930419922,101.60759784636036,86.4987754744505,87.33759621246332,611041300,NVDA
2025-04-08,96.16523742675781,105.70186824827938,94.3278084260022,103.66472218207363,476243400,NVDA
2025-04-09,114.17000579833984,114.9389248904037,97.39351305704149,98.75161045127601,612918300,NVDA
2025-04-10,107.4194564819336,110.70485307181585,99.01124202201945,109.21694044618194,437812400,NVDA
2025-04-11,110.77476501464844,111.39390013023589,107.32959598741144,108.34816524857224,313417300,NVDA
2025-04-14,110.55506896972656,114.13006086401796,108.91736463288024,113.95031245540225,264705000,NVDA
2025-04-15,112.04297637939453,113.46099492172469,110.3453585264742,110.81470199440513,228966900,NVDA
2025-04-16,104.3437728881836,106.64055727885454,100.30942561460589,104.40369410395131,397016900,NVDA
2025-04-17,101.34796142578125,104.3237942331935,99.90998190333623,104.30381795694564,292517500,NVDA
2025-04-21,96.77438354492188,99.3008417327631,94.90699776234818,98.63177356997639,288501100,NVDA
2025-04-22,98.75160217285156,99.67031279819463,97.14385476914264,98.6417555090913,241004800,NVDA
2025-04-23,102.5662612915039,104.6533403969428,101.87722447592722,104.37372584399631,247526000,NVDA
2025-04-24,106.28105163574219,106.39089830035945,102.96569827687256,103.33518320501399,220815000,NVDA
2025-04-25,110.85464477539062,111.76336727797938,105.58203530029881,106.70046299579266,251064700,NVDA
2025-04-28,108.57784271240234,110.21554702841466,105.8716284785824,109.53649833991803,207708500,NVDA
2025-04-29,108.867431640625,110.04578062718967,107.2896485179105,107.51932238432487,170444300,NVDA
2025-04-30,108.76756286621094,108.76756286621094,103.93434018163836,104.32379376082015,235044600,NVDA
2025-05-01,111.45380401611328,114.7791455573913,111.14424029465428,112.92174799120272,236121500,NVDA
2025-05-02,114.33976745605469,115.23850951002053,113.21135153306962,114.02021557227994,190194800,NVDA
2025-05-05,113.66072082519531,114.50952981770942,112.50234808238875,112.75199823422925,133163200,NVDA
2025-05-06,113.38111114501953,114.57942879752297,110.66491633937942,111.32399638135878,158525600,NVDA
2025-05-07,116.89617919921875,117.51531428959993,112.12286973799952,112.89179643623137,206758800,NVDA
2025-05-08,117.20574951171875,118.51391379663416,115.68787240644632,118.08451525459601,198428100,NVDA
2025-05-09,116.48675537109375,118.06454606438504,115.04876814493281,117.18577270674557,132972200,NVDA
2025-05-12,122.82786560058594,122.82786560058594,120.11167093091153,121.79930827024249,225023300,NVDA
2025-05-13,129.74815368652344,131.0363568449821,124.29580357204036,124.80509195257008,330430100,NVDA
2025-05-14,135.15061950683594,135.25048567508128,131.49573716816334,133.01361454835225,281180800,NVDA
2025-05-15,134.64129638671875,136.10924022234616,132.47433530494334,134.10204362723803,226632600,NVDA
2025-05-16,135.21051025390625,136.15919297953724,133.27323795943153,136.02937003025397,226542500,NVDA
2025-05-19,135.3802947998047,135.6798627990254,132.20473687113784,132.20473687113784,193154600,NVDA
2025-05-20,134.1919403076172,134.39165736048994,132.4343936724944,134.10205468200522,161514200,NVDA
2025-05-21,131.61557006835938,137.20772462329396,130.4072565649854,132.87380141479636,270608700,NVDA
2025-05-22,132.64410400390625,134.0621148614722,131.3658966044825,132.0449376190489,187344000,NVDA
2025-05-23,131.1062469482422,132.49430097030302,128.97923834191374,129.8180590665907,198821300,NVDA
2025-05-27,135.31036376953125,135.47014350181522,133.1234263008756,133.96224703921547,192953600,NVDA
2025-05-28,134.62132263183594,137.0579101389624,134.60134635659116,135.83961638539918,304021100,NVDA
2025-05-29,138.99520874023438,143.28919402135628,137.71700129433316,142.0509238917618,369241900,NVDA
2025-05-30,134.94090270996094,139.42460961066672,132.73398869983464,138.5258751739265,333170900,NVDA
2025-06-02,137.187744140625,137.9266987725352,135.21050414256473,135.30038976970178,197663100,NVDA
2025-06-03,141.02236938476562,141.801276586457,137.75694135463795,138.5857816307834,225578800,NVDA
2025-06-04,141.7213897705078,142.19073325311263,139.34471555965237,141.99101618842522,167120800,NVDA
2025-06-05,139.79409790039062,143.79848066110154,138.63571759363617,141.97103980754113,231397900,NVDA
2025-06-06,141.5216827392578,143.0695167658335,141.3119699021351,142.31057053380505,153986200,NVDA
2025-06-09,142.43040466308594,144.7970831461155,141.74136782943543,142.98961854621228,185114500,NVDA
2025-06-10,143.758544921875,144.088069701399,141.33193761060437,142.49031793007975,155881900,NVDA
2025-06-11,142.64002990722656,144.79716064315863,141.6813000562032,144.4176611881815,167694000,NVDA
2025-06-12,144.80714416503906,144.80714416503906,141.66133988719625,141.78117540604916,162365000,NVDA
2025-06-13,141.7811737060547,143.3890329315276,140.6626682408541,142.29048989356696,180820600,NVDA
2025-06-16,144.49754333496094,145.98555166191812,143.00951976951112,143.159329390418,183133700,NVDA
2025-06-17,143.9282989501953,145.02684191909495,143.58875484653294,144.29781716982143,139108000,NVDA
2025-06-18,145.2864990234375,145.45627108510786,142.9296373487004,143.81845298832403,161494100,NVDA
2025-06-20,143.65866088867188,146.00552584195606,142.46024490398213,145.2565234707711,242956200,NVDA
2025-06-23,143.97824096679688,144.58743022935184,141.84108794116847,142.31046402404658,154308900,NVDA
2025-06-24,147.70326232910156,147.76319531946535,145.3064608232896,145.36637857516104,187566100,NVDA
2025-06-25,154.104736328125,154.24454949233478,149.06145072732096,149.0714471780808,269146500,NVDA
2025-06-26,154.81381225585938,156.51154803915952,153.79516469048193,155.77252682686714,198145700,NVDA
2025-06-27,157.54017639160156,158.4989061985097,155.05348286000648,155.83244416127852,263234500,NVDA
2025-06-30,157.77984619140625,158.4489531245615,155.7525477292889,158.18928922556665,194580300,NVDA
2025-07-01,153.09608459472656,156.99089075003695,151.288494680634,156.0820975676339,213143600,NVDA
2025-07-02,157.0408477783203,157.3903883520798,152.76654166200262,152.77652287552658,171224100,NVDA
2025-07-03,159.12803649902344,160.76585430203724,157.56013289394807,158.15932560910457,143716100,NVDA
2025-07-07,158.02951049804688,159.09807923203843,157.13069855849747,157.98955517353815,140139000,NVDA
2025-07-08,159.78717041015625,160.00687898854957,158.17931139836438,159.11806346268276,138133000,NVDA
2025-07-09,162.66334533691406,164.2012901564699,160.9456320255445,161.0055497766517,183656400,NVDA
2025-07-10,163.88172912597656,164.28119097215313,161.3950357038234,164.10143771292147,167704100,NVDA
2025-07-11,164.7006378173828,167.66668863474402,163.25256951238498,163.50223698698784,193633300,NVDA
2025-07-14,163.85177612304688,165.2698855378492,161.80449980139463,165.15003478890583,136975800,NVDA
2025-07-15,170.4729461669922,172.17068192225182,168.97494134085255,170.96229989605533,230627400,NVDA
2025-07-16,171.14207458496094,171.52157406474134,168.6753584433782,170.83248932029585,158831500,NVDA
2025-07-17,172.76988220214844,173.92834287299638,170.60277047944578,171.7911900263939,160841100,NVDA
2025-07-18,172.18067932128906,174.01822826089457,171.03219980516573,173.40903901870553,146456400,NVDA
2025-07-21,171.1520538330078,173.1493936504508,170.77255439137573,172.52022673163836,123126100,NVDA
2025-07-22,166.80783081054688,171.1620321483939,164.3610926233022,171.1120956061046,193114300,NVDA
2025-07-23,170.5528564453125,171.03221376466186,167.7465962646817,169.30451898143798,154082200,NVDA
2025-07-24,173.5089111328125,173.59878776513457,171.07215417768242,172.21063723590794,128984600,NVDA
2025-07-25,173.26922607421875,174.4876045602178,172.72995103806022,173.37908037175941,122316800,NVDA
2025-07-28,176.51490783691406,176.7645753161742,173.73860668662087,173.78854323017163,140023500,NVDA
2025-07-29,175.2765350341797,179.14139760883538,174.7871965738649,177.72328828972238,154077500,NVDA
2025-07-30,179.03155517578125,179.65072563032518,175.80584046425426,176.27521653092245,174312200,NVDA
2025-07-31,177.6334228515625,183.0562087176856,175.69600066981488,182.6567315862202,221685400,NVDA
2025-08-01,173.4889373779297,176.3051785902702,170.66269971388826,173.85844036702034,204529000,NVDA
2025-08-04,179.7605743408203,179.96030526461158,174.28786778877773,174.9270158880054,148174600,NVDA
2025-08-05,178.0228729248047,180.0202125232638,175.66601158908324,179.38106446129657,156407600,NVDA
2025-08-06,179.1813507080078,179.66070799076476,176.01556896990587,176.09546439011424,137192300,NVDA
2025-08-07,180.52957153320312,183.6354356942093,178.5621905082108,181.32851054269395,151878400,NVDA
2025-08-08,182.4569854736328,183.05619350177665,180.16004168373897,181.30852119793246,123396700,NVDA
2025-08-11,181.81784057617188,183.59547178906817,180.01025048518693,181.80785936297346,138323200,NVDA
2025-08-12,182.9163818359375,184.234618174838,179.22130626788388,182.7166509044063,145485700,NVDA
2025-08-13,181.3484649658203,183.72530422356274,179.11145412417423,182.37709375214726,179871700,NVDA
2025-08-14,181.77789306640625,182.7765629312542,179.22130065055427,179.51090820642335,129554000,NVDA
2025-08-15,180.20997619628906,181.658044469753,177.8031781362909,181.6380820439347,156602200,NVDA
2025-08-18,181.7678985595703,182.69666946783065,180.3497891649352,180.359785616326,132008000,NVDA
2025-08-19,175.40638732910156,182.25726371442747,175.25659293377495,182.1873495042791,185229200,NVDA
2025-08-20,175.1667022705078,175.76591033294957,168.57548977611862,174.93701244991922,215142700,NVDA
2025-08-21,174.7472381591797,176.66468235557974,173.57879631630271,174.61742144674352,140040900,NVDA
2025-08-22,177.7532501220703,178.35244288234992,170.97227338198675,172.38040151215634,172789400,NVDA
2025-08-25,179.57083129882812,181.6680441727565,176.33515059315872,178.11278178635797,163012800,NVDA
2025-08-26,181.52822875976562,182.14739921043056,178.57215920342722,179.82049655621498,168688200,NVDA
2025-08-27,181.35845947265625,182.24727507184866,178.86178472902657,181.7379436715125,235518900,NVDA
2025-08-28,179.9303436279297,184.22462699678687,176.17535050737845,180.5794881684096,281787800,NVDA
2025-08-29,173.94830322265625,177.91302365652732,172.91967451951007,177.87308356836775,243257900,NVDA
2025-09-02,170.5528564453125,172.15073449446965,166.997593786357,169.77389508693435,231164900,NVDA
2025-09-03,170.39305114746094,172.18067877773825,168.6553752976972,170.83246833565184,164424900,NVDA
2025-09-04,171.4316864013672,171.6314173426514,169.18467902530818,170.34313981864827,141670100,NVDA
2025-09-05,166.7978515625,168.80517258283567,163.8517783946414,167.8065026792569,224441400,NVDA
2025-09-08,168.0861358642578,170.73262035939155,167.12742125141602,167.32715219255022,163769100,NVDA
2025-09-09,170.53286743164062,170.75257602974241,166.51822538667548,168.86509051949957,157548400,NVDA
2025-09-10,177.09414672851562,179.05153132643002,175.23661998400823,176.40506201448144,226852000,NVDA
2025-09-11,176.94430541992188,180.05034427267074,176.2551819566126,179.45110250300584,151159300,NVDA
2025-09-12,177.593505859375,178.37251110105626,176.22524055900428,177.5435664999128,124911000,NVDA
2025-09-15,177.52357482910156,178.62217970015598,174.28769658655634,175.44622258887705,147061600,NVDA
2025-09-16,174.65724182128906,177.27389957504343,174.15787872389456,176.77453647764895,140737800,NVDA
2025-09-17,170.0730743408203,172.97937117956877,168.1954794867923,172.42008695754546,211843800,NVDA
2025-09-18,176.01551818847656,176.87442336525442,172.73969733735942,173.7583871307785,191763300,NVDA
2025-09-19,176.4449462890625,177.8531538116004,174.95683884616588,175.54609885389235,237182100,NVDA
2025-09-22,183.37612915039062,184.31493427279133,174.48747153493287,175.07671637070237,269637000,NVDA
2025-09-23,178.2027130126953,182.18763613663097,175.9855548133895,181.73821238324945,192559600,NVDA
2025-09-24,176.74456787109375,179.5509859124944,175.17656050171237,179.54100413716742,143564100,NVDA
2025-09-25,177.46365356445312,180.0303718676576,172.90946471941734,174.25773588995062,191586700,NVDA
2025-09-26,177.96302795410156,179.54101721374016,174.70717071687335,177.94304916264082,148573700,NVDA
2025-09-29,181.6183624267578,183.76561762390497,180.09031258631592,180.2001578366391,193063500,NVDA
2025-09-30,186.3423309326172,187.11135435179565,181.2488213615314,181.848063160254,236981000,NVDA
2025-10-01,187.0015106201172,187.9003581593927,183.665753326035,185.00405809785752,173844900,NVDA
2025-10-02,188.64939880371094,190.80665113886596,187.82045419605362,189.35850113919957,136805800,NVDA
2025-10-03,187.38099670410156,190.11751186051177,185.1438598655547,188.94900408551683,137596900,NVDA
2025-10-06,185.3036651611328,186.99151499327596,183.09648864167906,185.26372281570642,157678100,NVDA
2025-10-07,184.80429077148438,188.8191743935438,183.76562222076905,185.99277739696944,140088000,NVDA
2025-10-08,188.86911010742188,189.35849142592937,186.30237648821537,186.33235229407293,130168900,NVDA
2025-10-09,192.32470703125,195.05122522476873,190.816620752273,191.9851285494953,182997200,NVDA
2025-10-10,182.92669677734375,195.37081685366852,181.81811007166195,193.26350393527704,268774400,NVDA
2025-10-13,188.08013916015625,189.86785248459339,185.72314454487463,187.73057886865314,153482800,NVDA
2025-10-14,179.80067443847656,184.56460262310264,179.47109296765566,184.5346420566055,205641400,NVDA
2025-10-15,179.60093688964844,184.63451030281777,177.06416377208902,184.56460739230218,214450500,NVDA
2025-10-16,181.57839965820312,183.04652832403656,179.5410050089342,181.99786281424815,179723300,NVDA
2025-10-17,182.9866180419922,183.86550198639478,179.52103686227596,179.9504818191574,173135200,NVDA
2025-10-20,182.4073486328125,184.96408521149223,181.4985041529273,182.89672994644732,128544700,NVDA
2025-10-21,180.9292449951172,182.55715836486127,179.5709767314294,182.55715836486127,124240200,NVDA
2025-10-22,180.05035400390625,183.20633238125785,176.53483359319367,180.9092591258601,162249600,NVDA
2025-10-23,181.92796325683594,182.7968501503985,179.5609718650331,180.19017423035882,111363700,NVDA
2025-10-24,186.02273559570312,187.23120099697576,183.26625678365264,183.6058200325102,131296700,NVDA
2025-10-27,191.24609375,191.75543864774096,188.18997864549505,189.74800438556454,153452700,NVDA
2025-10-28,200.77392578125,202.8912204382634,191.66554775855593,192.8040950113927,297986200,NVDA
2025-10-29,206.77627563476562,211.9197249544373,204.51915980095313,207.715080745974,308829600,NVDA
2025-10-30,202.63156127929688,205.89740027142088,201.1534507471854,204.88867704045037,178864400,NVDA
2025-10-31,202.23207092285156,207.70508615602077,201.81260775338424,206.18701808603035,179802200,NVDA
2025-11-03,206.61648559570312,211.07079600988305,205.2981596683369,207.8149540137207,180267300,NVDA
2025-11-04,198.43690490722656,203.71017785907821,197.67786326579136,202.7414122562426,188919300,NVDA
2025-11-05,194.9613494873047,202.66152000582164,194.40205001057666,198.51681234435117,171350300,NVDA
2025-11-06,187.84043884277344,197.3682807609907,186.14260723026618,196.16981228388872,223029800,NVDA
2025-11-07,187.91030883789062,188.08010568481336,178.682089465448,184.66444902638756,264942300,NVDA
2025-11-10,198.7964630126953,199.68532876518447,193.5431531870904,194.8614791513322,198897100,NVDA
2025-11-11,192.91395568847656,195.17107140540628,191.05632435423007,194.91140808059743,176483300,NVDA
2025-11-12,193.55313110351562,195.64046510157328,190.8865341091802,195.47068348463264,154935300,NVDA
2025-11-13,186.62197875976562,191.1961465947379,183.61581837719615,190.8066439854392,207423100,NVDA
2025-11-14,189.92774963378906,190.76667594021126,180.34996953708986,182.62706393415107,186591900,NVDA
2025-11-17,186.36231994628906,188.75925679396335,184.08522536919267,185.73311754704963,173628900,NVDA
2025-11-18,181.1289825439453,184.5646030780414,179.42115405263684,183.14641371605563,213598900,NVDA
2025-11-19,186.28240966796875,187.62069907956393,182.5971076589588,184.5546024199349,247246400,NVDA
2025-11-20,180.40989685058594,195.7503316108911,179.62090987236718,195.70039225393623,343504800,NVDA
2025-11-21,178.6521453857422,184.32490281868388,172.70971237567008,181.00913979899244,346926200,NVDA
2025-11-24,182.31747436523438,183.26626122561635,176.25519889972114,179.2613745727385,256618300,NVDA
2025-11-25,177.593505859375,177.9330691207534,169.3340356551,174.68720886729724,320600300,NVDA
2025-11-26,180.03036499023438,182.67699835309762,178.01294919921247,181.39863013804072,183852000,NVDA
2025-11-28,176.7745361328125,179.0616124091028,176.27517303639212,178.7819702942556,121332800,NVDA
2025-12-01,179.69081115722656,180.07033197943204,173.45875435362808,174.5373804488289,188131000,NVDA
2025-12-02,181.22886657714844,185.4235136530611,179.7707195907086,181.52847225165078,182632200,NVDA
2025-12-03,179.3612518310547,182.21760964702736,178.88186747602086,180.84935949817796,165138000,NVDA
2025-12-04,183.15660095214844,184.29521152983364,179.7407692190929,181.39873533031871,167364900,NVDA
2025-12-05,182.1877899169922,184.43504894381925,180.6896172324408,183.66598269849337,143971100,NVDA
2025-12-08,185.323974609375,187.7709870845105,182.17780264974235,182.41751577930148,204378100,NVDA
2025-12-09,184.7446746826172,185.4937610485011,183.09669077375298,185.33395229946427,144719700,NVDA
2025-12-10,183.55612182617188,185.2540478736652,181.8182359713298,184.74467463147755,162785400,NVDA
2025-12-11,180.70957946777344,181.09911899111663,176.40483245042134,180.060377409269,182136600,NVDA
2025-12-12,174.80679321289062,182.59729422559735,174.40727135263347,180.88937065842447,204274900,NVDA
2025-12-15,176.07522583007812,178.20263580820242,174.81676632707214,177.72322484137152,164775600,NVDA
2025-12-16,177.5034942626953,178.27256047932946,174.686922405521,176.04526619844617,148588100,NVDA
2025-12-17,170.73175048828125,175.91543007880585,170.10251312474713,175.88546784627562,222775500,NVDA
2025-12-18,173.9278564453125,175.93540231223645,171.6106906687844,174.3173807251694,176096000,NVDA
2025-12-19,180.76953125,181.22896236326454,176.12518653595592,176.4547863729682,324925900,NVDA
2025-12-22,183.4662322998047,183.935660967629,182.1278683380167,183.6959478478248,129064400,NVDA
2025-12-23,188.97952270507812,189.09937165158402,182.67719635774475,182.74711840334103,174873600,NVDA
2025-12-24,188.38023376464844,188.67987134928,186.36269028434322,187.71105179508496,65528500,NVDA
2025-12-26,190.2978973388672,192.45526970950266,187.7709805748158,189.68863982420257,139740300,NVDA
2025-12-29,187.99070739746094,188.53004285167208,185.68352392965699,187.4813341773615,120006100,NVDA
2025-12-30,187.31153869628906,188.75978454971104,186.70228116711607,188.01069817319677,97687300,NVDA
