Date,Close,High,Low,Open,Volume,Ticker
2018-01-02,41.10762023925781,42.139055780924956,40.70209538283732,41.93629503417646,25380000,ORCL
2018-01-03,42.05971145629883,42.37707725143685,41.82168710994531,41.90102855872981,24165000,ORCL
2018-01-04,42.47406768798828,42.48288191345274,42.06854605813048,42.30657050076648,19815100,ORCL
2018-01-05,42.729713439941406,42.870764553169636,42.56221293097277,42.68563223468199,14496400,ORCL
2018-01-08,43.1793212890625,43.2586627660118,42.26248719163155,42.57985309942876,15075000,ORCL
2018-01-09,43.418270111083984,43.68377046867071,43.29436679325798,43.58641954981752,14153700,ORCL
2018-01-10,43.18817138671875,43.60412412419909,42.99347290672372,43.241272813637686,13476600,ORCL
2018-01-11,43.3209228515625,43.38287282769833,42.86956916712089,43.25012094968127,11687800,ORCL
2018-01-12,43.8165168762207,44.099721070337985,43.41826804678525,43.524467509566705,15978200,ORCL
2018-01-16,43.88731002807617,44.30326262382336,43.754558194023424,44.11740938094564,17152600,ORCL
2018-01-17,44.489112854003906,44.50681332375678,44.117409741232315,44.170511150490945,23183100,ORCL
2018-01-18,44.4537239074707,44.85197614430461,44.338672511047506,44.41832295841429,17119200,ORCL
2018-01-19,44.76346969604492,44.78116679160683,44.489117450558744,44.69266780971826,14011500,ORCL
2018-01-22,44.878517150878906,44.905069545938,44.48911690888268,44.63071730379219,16840000,ORCL
2018-01-23,45.241371154785156,45.37412301018159,44.754619978364744,44.913920854432504,14141400,ORCL
2018-01-24,45.53341293334961,46.02016399268379,45.32101069101189,45.45376251447535,17205600,ORCL
2018-01-25,45.666175842285156,46.06442806277431,45.61307779690006,45.61307779690006,13904300,ORCL
2018-01-26,46.68392562866211,46.68392562866211,45.807770847054634,45.89627320561183,14909200,ORCL
2018-01-29,45.96708297729492,46.719338017226946,45.913984925172606,46.6131351609411,12234900,ORCL
2018-01-30,45.09977340698242,46.01132922394267,44.913923499299116,45.79007836926632,16863500,ORCL
2018-01-31,45.65731430053711,45.887413642439476,45.011262382712864,45.011262382712864,16806800,ORCL
2018-02-01,45.69272232055664,46.00247213190247,45.36526866168277,45.453771019224256,11674100,ORCL
2018-02-02,44.36521911621094,45.49802232989584,44.285568679247476,45.35642192818523,17562200,ORCL
2018-02-05,42.55979537963867,44.869653802696234,42.53324636935664,44.28555194436134,19725800,ORCL
2018-02-06,43.71916580200195,43.8165133323331,41.4270070449039,41.88720918109569,25921200,ORCL
2018-02-07,43.25010681152344,44.117409569930324,43.20585732532276,43.54215949728279,15138000,ORCL
2018-02-08,41.453556060791016,43.4713625703603,41.4270070412503,43.44481355081958,21255400,ORCL
2018-02-09,42.24120330810547,42.61290641623465,40.639346263680416,42.10845485064598,23191000,ORCL
2018-02-12,42.6129150390625,42.913816329952574,42.232363307171525,42.674865006949865,16261600,ORCL
2018-02-13,42.9138069152832,43.0819563089422,42.27660352706919,42.489002405794324,12633100,ORCL
2018-02-14,43.7634162902832,43.825366254641565,42.60406068753984,42.64831017979298,14271400,ORCL
2018-02-15,44.816566467285156,44.860815956977994,43.745713287028046,43.98466458259296,14132500,ORCL
2018-02-16,44.878517150878906,45.259068845201924,44.68381871789065,44.736916755969396,11098800,ORCL
2018-02-20,44.15280532836914,44.52450839608149,43.9492550149153,44.42715751225161,14144900,ORCL
2018-02-21,43.7457160949707,44.55106901274498,43.7457160949707,44.13511635568996,13050800,ORCL
2018-02-22,43.88731002807617,44.30326262382336,43.72800917762063,43.88731002807617,9513200,ORCL
2018-02-23,44.69266891479492,44.75461887885265,43.91386502604363,44.06431735019801,8866800,ORCL
2018-02-26,45.285621643066406,45.365272082850616,44.69267099491066,44.77232143469486,12956000,ORCL
2018-02-27,44.89622116088867,45.48917518232144,44.728071733686534,45.19712244579038,14339600,ORCL
2018-02-28,44.84312438964844,45.57767889327249,44.84312438964844,45.18827858023126,14947900,ORCL
2018-03-01,43.99351501464844,45.09976918445565,43.736863237008414,45.09976918445565,16539800,ORCL
2018-03-02,44.533363342285156,44.60416522288956,43.50675970565771,43.65721201393232,17291000,ORCL
2018-03-05,45.39182662963867,45.56882799043208,44.11741953274231,44.16167240495578,18771500,ORCL
2018-03-06,45.57766342163086,45.834315152113774,45.329863613451046,45.6307648273919,13907100,ORCL
2018-03-07,45.772377014160156,45.85202745535032,45.1617225063622,45.18827490410563,11727300,ORCL
2018-03-08,46.135223388671875,46.161772407584046,45.55112134046626,45.96707059950894,15864400,ORCL
2018-03-09,46.87862777709961,46.90517679684696,46.197174803419266,46.32992327817582,16218600,ORCL
2018-03-12,46.816688537597656,47.29458788261753,46.6131347528422,46.88748706514777,14108400,ORCL
2018-03-13,46.53348159790039,47.32998265292105,46.32107929094947,47.117583721990265,12864400,ORCL
2018-03-14,46.30337142944336,47.03792577375933,46.179471510165875,46.798974482572916,10885500,ORCL
2018-03-15,46.34762191772461,46.61312223276133,46.1175225449647,46.21487344821608,14155200,ORCL
2018-03-16,46.25912857055664,46.630828381662226,46.24142809726303,46.374179958955075,21011500,ORCL
2018-03-19,45.97592544555664,46.53347851029019,45.58652180465452,46.40072665525176,25777400,ORCL
2018-03-20,41.639404296875,42.25890727772091,41.09070320002046,41.41815347343143,68601000,ORCL
2018-03-21,41.612857818603516,42.533262110558624,41.60400589455441,41.85180912763146,34597700,ORCL
2018-03-22,40.6128044128418,41.61285917370585,40.4712040076237,41.34735883592441,25610100,ORCL
2018-03-23,39.639305114746094,40.957958357322944,39.61275271570037,40.692457999007225,21398900,ORCL
2018-03-26,41.13496398925781,41.276564420118476,40.17030999901315,40.31191042987381,20754800,ORCL
2018-03-27,40.16145706176758,41.43586080029484,39.82515480920419,41.26771136202325,18925300,ORCL
2018-03-28,39.80744552612305,40.143747704264726,39.39149292094833,40.07294582422671,22156900,ORCL
2018-03-29,40.4889030456543,40.96680566233957,39.833999084713014,40.09950278910695,14256400,ORCL
2018-04-02,39.83399963378906,40.57740258909557,39.31184751784735,40.40040461841964,15343300,ORCL
2018-04-03,39.72780227661133,40.11720593513409,39.19680158446946,40.11720593513409,15734600,ORCL
2018-04-04,40.27650833129883,40.37385925774736,38.97555546481698,39.00210448984095,18505900,ORCL
2018-04-05,40.67475128173828,40.8694530900941,40.3119000599968,40.471200925738884,12313000,ORCL
2018-04-06,39.67470932006836,40.48891093588484,39.47115554009374,40.276508606182,13893600,ORCL
2018-04-09,39.73665237426758,40.400404896937836,39.71895190187398,39.92250227037047,15200000,ORCL
2018-04-10,40.550846099853516,40.772096898467304,40.23224440968658,40.31189483222831,14868900,ORCL
2018-04-11,40.3650016784668,40.70130388296204,40.143750850039346,40.17915179283247,14911400,ORCL
2018-04-12,40.60396194458008,40.86061039645482,40.40041154260058,40.43580911719058,13970300,ORCL
2018-04-13,40.78096389770508,41.17921278162709,40.36501116220727,40.98451430256004,12493600,ORCL
2018-04-16,40.92313766479492,41.22528475015704,40.52323661211014,40.905363908009214,11639000,ORCL
2018-04-17,41.46522903442383,41.70516968717097,41.22528838167668,41.24306214002807,10762700,ORCL
2018-04-18,41.83846664428711,42.025086001749514,41.48299829578952,41.48299829578952,11312900,ORCL
2018-04-19,41.60741424560547,41.86512864762596,41.50077508925128,41.75848949127177,8563200,ORCL
2018-04-20,41.08309555053711,41.42967531147653,40.86092868942237,41.29637722880605,15675600,ORCL
2018-04-23,40.700965881347656,41.296374796870204,40.62987425277609,41.216394595979025,14904400,ORCL
2018-04-24,40.46102523803711,41.207505982272664,40.23885839022887,40.81649355052912,13357000,ORCL
2018-04-25,40.65654754638672,40.73652777552052,40.0344794742347,40.363285576230005,12637500,ORCL
2018-04-26,40.84315872192383,41.065325603644474,40.78984083990933,40.958686449617886,12175800,ORCL
2018-04-27,40.46102523803711,40.98533913446443,40.407707364161254,40.98533913446443,14420800,ORCL
2018-04-30,40.585445404052734,40.8964810807257,40.487694821095985,40.57656022014673,13896600,ORCL
2018-05-01,40.83427810668945,40.83427810668945,40.33662301555969,40.33662301555969,8838000,ORCL
2018-05-02,40.443267822265625,40.94981155870653,40.40772368865445,40.78096251656009,10715200,ORCL
2018-05-03,40.04336166381836,40.3366201972097,39.536821423417,40.30996125508259,15370200,ORCL
2018-05-04,40.620994567871094,40.80761394744836,39.81230719970513,39.92783493515678,10571800,ORCL
2018-05-07,40.94091033935547,41.09198557304177,40.68319595777127,40.825382618300935,9006000,ORCL
2018-05-08,40.82539367675781,40.869829774582705,40.478813809712804,40.77207578336523,9830600,ORCL
2018-05-09,41.39413833618164,41.483003739969924,40.86093574345838,41.08310264292694,11822400,ORCL
2018-05-10,41.705162048339844,41.85623388165929,41.42078874679969,41.589634335215045,10974200,ORCL
2018-05-11,41.60741424560547,41.900676163076575,41.44745381607535,41.86512864762596,9498100,ORCL
2018-05-14,41.60741424560547,41.99842674556928,41.491886515389794,41.598529061741644,9689500,ORCL
2018-05-15,41.59852600097656,41.607411184186624,41.1008709912777,41.33192304471089,11304900,ORCL
2018-05-16,41.527435302734375,41.70516949543341,41.278609466954386,41.70516949543341,9874200,ORCL
2018-05-17,41.358577728271484,41.82068513970431,41.25193520948152,41.49187579176377,10162300,ORCL
2018-05-18,41.16307830810547,41.58075311769468,41.0919866709399,41.49188433374087,13517300,ORCL
2018-05-21,41.95399856567383,42.025093604233646,41.31416016862557,41.34970429790746,13416300,ORCL
2018-05-22,41.20751190185547,42.24725466175866,41.15419402032034,41.98065508409036,18505100,ORCL
2018-05-23,41.67851257324219,41.74071903520242,40.8964841214591,40.949805398852696,9204400,ORCL
2018-05-24,41.2874870300293,41.71404697977165,41.003113730201065,41.46522118992123,12497700,ORCL
2018-05-25,41.76737594604492,41.91844780631041,41.30526840111874,41.31415697525068,11354300,ORCL
2018-05-29,41.1097526550293,41.58963386722738,40.91424813116858,41.36746701602424,12427800,ORCL
2018-05-30,41.81180191040039,41.97176231902657,41.26082905290869,41.43856321693746,11906500,ORCL
2018-05-31,41.5185661315918,41.91846398190111,41.509677554029906,41.70518558040269,13062400,ORCL
2018-06-01,42.07840347290039,42.08729204602519,41.67850582221604,41.83846623848873,10863200,ORCL
2018-06-04,42.05175018310547,42.27391708111004,41.97176996422391,42.19393686222848,12178400,ORCL
2018-06-05,41.88289260864258,42.14060356038497,41.5985193315499,42.060626754324716,13430900,ORCL
2018-06-06,42.433876037597656,42.487197311656644,41.85624076695064,42.140614115269805,13299100,ORCL
2018-06-07,42.37166213989258,42.6826943756312,42.1406067162035,42.59382899113363,13714100,ORCL
2018-06-08,42.81601333618164,42.993747567792724,42.131738747978005,42.131738747978005,14515400,ORCL
2018-06-11,42.82488250732422,43.00261667246923,42.62937797666222,42.789338386293004,12521100,ORCL
2018-06-12,43.05595016479492,43.18036309872444,42.798235721656226,42.84266842805989,14713600,ORCL
2018-06-13,42.89598083496094,43.251445802645975,42.736020413003544,42.75379416988742,18053300,ORCL
2018-06-14,40.78984069824219,41.78514737569455,40.57655900093218,41.776258802057946,37001300,ORCL
2018-06-15,41.12753677368164,41.31415955211729,40.158888922745845,40.76318318149467,28120400,ORCL
2018-06-18,41.340816497802734,41.411908141867166,40.39882763646494,40.71874850974939,21474100,ORCL
2018-06-19,41.118648529052734,41.24306144541937,40.674314747744624,40.73652120592794,22764900,ORCL
2018-06-20,38.0527458190918,39.80342205096897,37.8305789222545,38.66592523396351,59129000,ORCL
2018-06-21,38.30158233642578,38.959198025992634,38.194943145414506,38.37267739043247,32635100,ORCL
2018-06-22,39.19023513793945,39.36796931477767,38.35488891379654,38.39043642716368,29735100,ORCL
2018-06-25,39.35020065307617,39.51904966843355,38.64815581816198,38.71924746410359,24640500,ORCL
2018-06-26,39.46572494506836,39.85673743859613,39.43017743020285,39.51015764365144,20717500,ORCL
2018-06-27,38.612606048583984,39.758988011275584,38.60371747461092,39.6079127637127,26360100,ORCL
2018-06-28,38.95918655395508,39.119146988368946,38.532626525517344,38.665924627530394,20918400,ORCL
2018-06-29,39.15468978881836,39.572361192815734,38.87920165384351,39.136916032691204,22144900,ORCL
2018-07-02,39.94561004638672,39.963383805519456,38.896981987540684,39.0658276143048,20655500,ORCL
2018-07-03,39.7412223815918,39.98116307797421,39.563488155753156,39.98116307797421,16783300,ORCL
2018-07-05,40.354393005371094,40.40771427836788,39.981154264386575,40.12334093571368,21916200,ORCL
2018-07-06,40.87870407104492,41.047549671808866,40.22997721758672,40.398822818350666,20764300,ORCL
2018-07-09,41.527435302734375,41.58075657754342,40.93202965569004,40.99423611463504,25125700,ORCL
2018-07-10,41.758480072021484,42.08728604077844,41.48299197441615,41.616293432289,27422000,ORCL
2018-07-11,42.33613204956055,42.44277123283441,41.50967075169141,41.607424748858506,22802600,ORCL
2018-07-12,42.78934860229492,42.83378130669022,42.433880187136445,42.4694277066519,24857900,ORCL
2018-07-13,43.21589279174805,43.3758531808104,42.504959612580244,42.62937249518501,25771400,ORCL
2018-07-16,43.23375701904297,43.37650144035509,42.778760239640405,43.37650144035509,22949600,ORCL
2018-07-17,43.62629699707031,43.70659092885072,42.957182033331776,43.082082948702485,18823100,ORCL
2018-07-18,43.39432907104492,43.715504752529355,43.18021421891811,43.528153406094845,19234700,ORCL
2018-07-19,43.21589279174805,43.46569796157706,43.01069799733788,43.18020925602432,16656500,ORCL
2018-07-20,43.28727722167969,43.4567851183923,43.144532834107316,43.26051371253945,17232900,ORCL
2018-07-23,43.42109298706055,43.42109298706055,42.867958976662656,43.376486009387115,17990200,ORCL
2018-07-24,43.42109298706055,43.804719120981694,43.32295899749669,43.492466873973434,19885500,ORCL
2018-07-25,43.6708984375,43.68874190933018,43.2694288295566,43.287272301386786,16354900,ORCL
2018-07-26,43.599525451660156,43.86717072805827,43.501388056212164,43.58168197946104,15229900,ORCL
2018-07-27,43.38541030883789,43.8225634633344,43.16237201274538,43.706585999738195,14856100,ORCL
2018-07-30,42.58246612548828,43.34079828591845,42.34158438534885,43.34079828591845,20167300,ORCL
2018-07-31,42.537872314453125,42.89473501840693,42.279147024251365,42.734147141957216,18808100,ORCL
2018-08-01,42.24345397949219,43.01962973813253,42.06502605654885,42.74306101229919,22933600,ORCL
2018-08-02,42.7341423034668,42.88580672333352,41.60110726048837,41.96688995914325,14227400,ORCL
2018-08-03,43.24266815185547,43.25158818670687,42.734141082963745,42.75198115266653,14295800,ORCL
2018-08-06,43.42109298706055,43.50138690819042,43.019626784705416,43.08207723410707,13529300,ORCL
2018-08-07,43.251590728759766,43.67090386060414,43.242670693384106,43.6619804219338,11608000,ORCL
2018-08-08,43.171295166015625,43.37649000484956,43.05531429074617,43.19805867442606,10849400,ORCL
2018-08-09,43.30510711669922,43.45677149199725,43.064225400084474,43.064225400084474,14708000,ORCL
2018-08-10,43.10884094238281,43.46570357203368,43.028547020876076,43.153447920265606,10502200,ORCL
2018-08-13,42.832271575927734,43.349722040639115,42.796588036146495,43.126683751358875,12152100,ORCL
2018-08-14,43.02854537963867,43.13560280313274,42.76982015317506,42.93040799006322,11513700,ORCL
2018-08-15,42.68061447143555,43.05531722792151,42.40404572024725,42.9125728345038,14091000,ORCL
2018-08-16,42.91257095336914,43.22482664004739,42.85904393524317,42.94825790098288,11874300,ORCL
2018-08-17,43.14453125,43.26943215912809,42.81443550397654,43.01070690262303,11412000,ORCL
2018-08-20,43.19805145263672,43.358639282841565,43.05530709282063,43.18021138554195,11936700,ORCL
2018-08-21,43.18913650512695,43.39433133382085,43.15344956014687,43.340804319645116,10187600,ORCL
2018-08-22,43.53708267211914,43.63522008485956,43.037478975687826,43.12669294910915,11639400,ORCL
2018-08-23,43.67981719970703,44.01883634801888,43.43001540794786,43.53707283251691,11026700,ORCL
2018-08-24,43.947471618652344,44.06345250468683,43.6887497389837,43.71551324987825,14011700,ORCL
2018-08-27,44.009925842285156,44.340021624761334,43.97423889193776,44.081296339685046,12253300,ORCL
2018-08-28,43.39432907104492,44.09913088282529,43.35864212792572,44.06344393970609,15475700,ORCL
2018-08-29,43.617366790771484,43.804718134758396,43.394328504131586,43.394328504131586,17307700,ORCL
2018-08-30,43.16237258911133,43.617369221766324,43.09992213763504,43.617369221766324,15154900,ORCL
2018-08-31,43.3408088684082,43.38541585266777,43.13561061488367,43.162377528075204,17844100,ORCL
2018-09-04,43.3408088684082,43.56384719300077,42.96610271337943,43.14453405371243,17289000,ORCL
2018-09-05,42.85904312133789,43.260512766131825,42.63600480792955,43.18913887225976,16437700,ORCL
2018-09-06,42.56462478637695,43.01962478607231,42.39511691777532,42.778743033873724,18456100,ORCL
2018-09-07,42.65384292602539,42.81443076378047,42.22560982644321,42.34158728448199,20513900,ORCL
2018-09-10,43.59061050415039,43.76011840488177,42.823358126523026,42.823358126523026,20390600,ORCL
2018-09-11,43.64413833618164,43.76011921952261,43.287279053794144,43.287279053794144,14877200,ORCL
2018-09-12,44.018836975097656,44.13481783862128,43.37648561194429,43.492466475467914,17058700,ORCL
2018-09-13,43.67981719970703,44.384619001649455,43.60844671775906,43.965305934087276,22124400,ORCL
2018-09-14,43.93854904174805,44.116980378414084,43.66198029975096,43.66198029975096,20066100,ORCL
2018-09-17,43.876094818115234,44.5541297552905,43.81364436613703,43.99207568748664,29225000,ORCL
2018-09-18,43.742271423339844,44.19727147279724,42.25237717489593,42.3861981163347,33451100,ORCL
2018-09-19,44.09914016723633,44.197277579828395,43.41218168238678,43.64414005490854,20904800,ORCL
2018-09-20,44.991294860839844,45.571195914455586,44.21512237945626,44.30433635541482,26973500,ORCL
2018-09-21,45.589027404785156,45.606870877276805,44.91991250117308,45.34814903438387,50751900,ORCL
2018-09-24,45.71392822265625,46.035100493106086,45.24108474595801,45.33030210160585,23906100,ORCL
2018-09-25,46.14216232299805,46.32951366899027,45.47304745591649,45.847750147900946,18665800,ORCL
2018-09-26,46.0618782043457,46.49011140200654,45.99942774239276,46.16893565293718,18131000,ORCL
2018-09-27,46.11540603637695,46.409818279289475,45.79423368496554,45.99942854974019,17993500,ORCL
2018-09-28,45.999427795410156,46.40089407891465,45.93697733338524,45.981584320075186,16234200,ORCL
2018-10-01,46.21354675292969,46.38305808185682,45.624725628324654,45.696099535935076,19217800,ORCL
2018-10-02,44.8128547668457,46.21353501668306,44.723640808284415,46.07971407884112,22406800,ORCL
2018-10-03,44.38462829589844,44.696880600983796,44.24188389881729,44.24188389881729,21207600,ORCL
2018-10-04,44.13481903076172,44.41138433924988,43.86717035335546,44.32217038231066,19034000,ORCL
2018-10-05,44.027767181396484,44.40247336423937,43.82257231593526,44.090217644654466,16900200,ORCL
2018-10-08,44.036685943603516,44.28648777010315,43.62629625626994,43.956392013186544,16295800,ORCL
2018-10-09,43.599525451660156,44.07236895670097,43.56384191055625,43.81364371475525,19009800,ORCL
2018-10-10,42.288063049316406,43.697663335869954,42.26129613907117,43.545998925422566,20885400,ORCL
2018-10-11,41.73492431640625,42.7252148823113,41.476202482910246,42.22561128386859,26387600,ORCL
2018-10-12,42.27021408081055,42.600309769030474,41.6278627711554,42.28805755088918,23152800,ORCL
2018-10-15,42.20751190185547,42.655384491611564,41.98357560697742,42.064192809813385,15693400,ORCL
2018-10-16,43.2017936706543,43.371984040687394,42.52102877352491,42.610601933121906,13600200,ORCL
2018-10-17,42.8703727722168,43.21075696018559,42.48520200038305,42.48520200038305,15071100,ORCL
2018-10-18,42.44041061401367,43.12117549591943,42.21647430303196,42.610600980240875,15084800,ORCL
2018-10-19,42.62852478027344,43.21076067151745,42.413544375460965,42.54790755559346,17768400,ORCL
2018-10-22,42.9420280456543,43.434690689591484,42.73600703864289,42.86141083273704,16480200,ORCL
2018-10-23,42.98681640625,43.282410564354564,42.207515572071536,42.24334620244693,18921500,ORCL
2018-10-24,41.88506317138672,43.2645122292613,41.831320621728175,42.888300713658225,20028200,ORCL
2018-10-25,42.9599494934082,43.255547121962614,42.350842334869675,42.476246146863325,19349300,ORCL
2018-10-26,42.38667678833008,43.05848591335686,41.84027148658863,42.315018925166136,23088700,ORCL
2018-10-29,42.117950439453125,43.07639777416376,41.50884327498313,42.825590147734104,19248700,ORCL
2018-10-30,43.50633239746094,43.55111896202432,42.02835184789846,42.17167432169463,24438200,ORCL
2018-10-31,43.74820327758789,44.29460849089129,43.52426693882403,43.936308982070166,21082900,ORCL
2018-11-01,43.524269104003906,44.10650498055308,43.3003327541,43.85569394510238,17764900,ORCL
2018-11-02,43.739234924316406,43.90942526339676,43.21074517801842,43.82880806762262,17289300,ORCL
2018-11-05,43.90943145751953,44.00796397925377,43.44364352922839,43.89151614293177,13125800,ORCL
2018-11-06,44.11545944213867,44.31252451684222,43.73924802715635,43.98109626993218,12362700,ORCL
2018-11-07,45.02016067504883,45.235141066765785,44.312524431516465,44.41105696867851,14329800,ORCL
2018-11-08,45.17243957519531,45.235141478141855,44.849970693186,44.98433386635569,11966600,ORCL
2018-11-09,45.33367156982422,45.52177726851295,45.064948654983574,45.16347777072725,15316100,ORCL
2018-11-12,44.088584899902344,45.127649314532846,43.99005236986888,44.939540204015714,14374400,ORCL
2018-11-13,44.348350524902344,44.78726724740574,44.10650228872399,44.31252330802238,13550600,ORCL
2018-11-14,43.74820327758789,44.7603964855598,43.65863010888129,44.7603964855598,16094000,ORCL
2018-11-15,45.35158920288086,45.4053317383957,43.936309873034716,44.823099296001246,24922800,ORCL
2018-11-16,45.835289001464844,46.08610002894442,45.16347997310413,45.26201251064996,20929600,ORCL
2018-11-19,44.384193420410156,45.7725984052427,44.24983363174793,45.72781180902196,19520500,ORCL
2018-11-20,43.2913703918457,43.954219975870274,42.95994218283639,43.59592050229152,19389600,ORCL
2018-11-21,43.5511360168457,44.05275462058087,43.470518802263214,43.6765398135302,13859500,ORCL
2018-11-23,43.622806549072266,43.999018019048435,43.03161465553978,43.03161465553978,7807300,ORCL
2018-11-26,43.22866439819336,44.03483649254094,43.08534529442012,44.03483649254094,21603800,ORCL
2018-11-27,42.4941520690918,42.97785530868145,41.911919725434785,42.92410936528365,28054600,ORCL
2018-11-28,43.16596221923828,43.21970816417274,42.43145139011883,42.753920225731655,29352900,ORCL
2018-11-29,42.90620422363281,43.33616158752382,42.49415876003122,43.33616158752382,17052100,ORCL
2018-11-30,43.676544189453125,43.74820546159378,42.736012203090965,43.076396411764016,22884500,ORCL
2018-12-03,44.634986877441406,44.89475039970521,44.07962236929844,44.28564336412687,21966600,ORCL
2018-12-04,43.66757583618164,44.98432229329617,43.631745210288166,44.35730000814656,24643500,ORCL
2018-12-06,41.813392639160156,42.78975519397891,40.890776034724944,42.7718398771844,39877000,ORCL
2018-12-07,41.204280853271484,42.13585671872905,41.03409048856164,41.885045729107766,23978000,ORCL
2018-12-10,41.8044319152832,42.17169077215355,40.613092431595966,41.213240148243536,26375500,ORCL
2018-12-11,41.616336822509766,42.21648810904602,41.25804065796396,42.08212491171756,22680200,ORCL
2018-12-12,42.38667678833008,43.09431655343779,42.10899445319976,42.19857105340208,21404000,ORCL
2018-12-13,42.306053161621094,42.59269140494416,41.87609579663649,42.52998950277958,23295400,ORCL
2018-12-14,41.741729736328125,42.12690048982405,41.57153935894508,41.9029641641635,21434300,ORCL
2018-12-17,40.962432861328125,42.306050834366644,40.78328311485688,41.58049589880685,30441100,ORCL
2018-12-18,41.06992721557617,43.300334873256126,40.70267172043986,43.08535446334813,42855600,ORCL
2018-12-19,41.60736846923828,42.49415437289929,40.98034609692419,41.25802836070534,34397300,ORCL
2018-12-20,41.41926956176758,42.055247987392846,40.73850113171996,41.249075745756876,35165200,ORCL
2018-12-21,39.41279220581055,41.39238844879583,39.28738841369341,41.27594402297109,58768400,ORCL
2018-12-24,38.2393684387207,39.25156165890909,38.23041248854089,39.20677507401525,17230400,ORCL
2018-12-26,39.94127655029297,39.95919186341111,37.979595893311206,38.51704161886888,21428900,ORCL
2018-12-27,40.28166580200195,40.3891542774204,38.929088533581904,39.368005218452545,19048700,ORCL
2018-12-28,40.14730453491211,40.99826326310981,40.07564668692553,40.4339427608528,39141200,ORCL
2018-12-31,40.44290542602539,40.756414943406455,40.16522312706112,40.47873264444218,14932600,ORCL
2019-01-02,40.505611419677734,40.61309991977701,39.81588699479493,39.842758265570296,14320400,ORCL
2019-01-03,40.11146926879883,40.756406911161676,39.7800444990276,40.084598006032635,19868700,ORCL
2019-01-04,41.84026336669922,42.055243748465884,40.53247601052729,40.639964492912,20984000,ORCL
2019-01-07,42.503116607666016,43.09430838900543,41.62528659398006,42.03732862585356,17967900,ORCL
2019-01-08,42.88829040527344,43.31824778419127,42.279183264223796,42.933076991557016,16255700,ORCL
2019-01-09,42.7987060546875,43.201792092139975,41.750685774307954,41.77755703780583,19100200,ORCL
2019-01-10,42.834537506103516,42.9778566091709,41.992538202707244,42.44041082691744,16652700,ORCL
2019-01-11,43.255531311035156,43.55112541454527,42.43144404958989,42.700166893779915,16397400,ORCL
2019-01-14,43.157012939453125,43.30033206442899,42.65539429353884,42.86141532212931,14869400,ORCL
2019-01-15,43.50773239135742,43.64262408489457,42.63541836494342,42.68937710067358,12142100,ORCL
2019-01-16,43.219970703125,43.876453389916655,43.2109758628733,43.687602910947774,14114000,ORCL
2019-01-17,43.687599182128906,43.98436370510397,42.9951440544856,43.174999677851766,12711200,ORCL
2019-01-18,44.308101654052734,44.577888472975374,43.9483836084722,44.01133375186996,15930600,ORCL
2019-01-22,44.0113410949707,44.21817780500538,43.75954047936781,43.92141328383427,13318700,ORCL
2019-01-23,44.281124114990234,44.49695219847217,43.912414661060176,44.23615678628309,15551200,ORCL
2019-01-24,44.245147705078125,44.45198436281274,43.948379828420705,44.29910300590658,11442200,ORCL
2019-01-25,44.78472900390625,44.874660238306106,44.46997825982132,44.60486996563237,16656600,ORCL
2019-01-28,44.53292465209961,44.72177508262024,44.254142994765196,44.46997450859273,11799100,ORCL
2019-01-29,44.613853454589844,44.89263163399379,44.2361492272499,44.41600821976773,10838600,ORCL
2019-01-30,45.288330078125,45.41423036589885,44.604866472316175,44.838684232918084,13483800,ORCL
2019-01-31,45.17142105102539,45.414230218311104,45.0275345182478,45.1804158889946,20403600,ORCL
2019-02-01,45.693016052246094,45.95380805825259,45.22538392035127,45.43222061571374,14849600,ORCL
2019-02-04,45.89085388183594,46.08869915157184,45.30631634115573,45.30631634115573,12221200,ORCL
2019-02-05,46.0797004699707,46.19660590133676,45.764946369575505,46.01674690547165,13345500,ORCL
2019-02-06,46.09769821166992,46.30453835374503,45.83690618525449,46.03474805730832,9220900,ORCL
2019-02-07,45.162418365478516,45.85487320358786,45.117451047912894,45.67501422489944,14905000,ORCL
2019-02-08,45.89085388183594,45.89085388183594,44.802711759339594,45.045520927508505,11535600,ORCL
2019-02-11,46.07072067260742,46.29554363319824,45.81892005451407,45.827911463506204,9714500,ORCL
2019-02-12,46.061729431152344,46.35849395633804,46.03474834302554,46.27755755300991,14188500,ORCL
2019-02-13,46.241573333740234,46.35848220458391,45.81890860619434,46.088695405389124,11342600,ORCL
2019-02-14,46.295536041259766,46.538345210543056,45.944812829136865,46.07970795558055,11155300,ORCL
2019-02-15,46.51136779785156,46.51136779785156,45.926826820941905,45.98078555790337,13822200,ORCL
2019-02-19,46.78116226196289,46.9250488201676,46.07971571953068,46.29554384157468,12357500,ORCL
2019-02-20,46.55633544921875,46.952022593918926,46.31352625910983,46.763172145120606,13440900,ORCL
2019-02-21,46.86208724975586,47.07791531922413,46.32251021503455,46.430427680293995,14759500,ORCL
2019-02-22,47.194828033447266,47.30274207696666,46.94302745506014,47.113891643176316,11689700,ORCL
2019-02-25,47.26677703857422,47.689441841046545,47.1768458025502,47.43764124123104,14722200,ORCL
2019-02-26,47.30275344848633,47.554557517932416,46.97901124010094,47.1768531290265,12041300,ORCL
2019-02-27,47.10490417480469,47.33871852707065,46.996986691734975,47.23080447452681,10674200,ORCL
2019-02-28,46.88007354736328,47.221801896164834,46.808128570441696,46.943023686907004,31856900,ORCL
2019-03-01,47.221805572509766,47.41965084392158,47.09590528362064,47.21281416495722,15757700,ORCL
2019-03-04,46.79914855957031,47.52757276038941,46.376480293546095,47.3656999534238,14850100,ORCL
2019-03-05,47.0869140625,47.293750742283294,46.78115474661913,46.79914099232102,16291900,ORCL
2019-03-06,47.07792663574219,47.4376447453582,46.880084762926906,47.04195756920149,12389300,ORCL
2019-03-07,47.284767150878906,47.77937698260031,46.93404044750532,46.94303528710591,16624100,ORCL
2019-03-08,47.45561981201172,47.46461121889673,46.88007371666187,47.07791554286005,15071100,ORCL
2019-03-11,47.35671615600586,47.82434840345482,46.682247162084096,46.70922482407242,20027700,ORCL
2019-03-12,47.48259735107422,47.923251758956454,47.28475552534319,47.365688478693166,18048500,ORCL
2019-03-13,47.716426849365234,48.08513637105663,47.42865373148542,47.716426849365234,19490800,ORCL
2019-03-14,47.70742416381836,48.02217831822181,47.52756513709147,47.64447401904279,24000300,ORCL
2019-03-15,47.60850524902344,48.01318723316045,45.86388044360881,46.22359852518079,43340200,ORCL
2019-03-18,48.076141357421875,48.525787281297184,47.46462262650936,47.54555903002796,21953600,ORCL
2019-03-19,48.59772872924805,48.90348807239087,48.33693328910619,48.381897192107154,19214000,ORCL
2019-03-20,47.33871078491211,48.73261212326343,47.22180191263642,48.46282532076403,24111600,ORCL
2019-03-21,48.59772872924805,48.60672013763788,47.07792342192376,47.32972745367579,16686300,ORCL
2019-03-22,47.45561981201172,48.45383407198895,47.42864216083136,48.220016326674745,16201500,ORCL
2019-03-25,47.42864227294922,47.608497855277214,46.97000161864695,47.266769504433746,11755900,ORCL
2019-03-26,47.91426086425781,48.14807862825993,47.716419022247095,47.92325570238706,11657600,ORCL
2019-03-27,47.49159240722656,48.24699751670055,47.04194659040932,47.91425714227755,12636000,ORCL
2019-03-28,47.83332824707031,47.93225089114201,47.473613595612875,47.66246404491747,9103100,ORCL
2019-03-29,48.30094909667969,48.32793017636654,47.88727580041526,48.08512104233523,11485700,ORCL
2019-04-01,49.083343505859375,49.14629365153723,48.426857534317776,48.45383861855518,15191700,ORCL
2019-04-02,48.6966438293457,49.011394532112426,48.45383467412908,48.93045814704021,10812100,ORCL
2019-04-03,48.61571502685547,48.912479531389614,48.43585598413961,48.705642832950446,12853400,ORCL
2019-04-04,48.399871826171875,48.69663968971731,48.03116242119199,48.43584431215164,9978800,ORCL
2019-04-05,48.49879837036133,48.73261268709258,48.32793419392408,48.32793419392408,10016300,ORCL
2019-04-08,48.30995178222656,48.49880221809133,47.95922856404181,48.31894318989961,10126700,ORCL
2019-04-09,48.40887451171875,48.65168025513685,48.085128946460436,48.11210660005675,9789000,ORCL
2019-04-10,48.752132415771484,48.92376180244227,48.41790187125471,48.435968666570936,8477300,ORCL
2019-04-11,48.589542388916016,48.95086801472242,48.34564578240476,48.82440387339571,8147600,ORCL
2019-04-12,49.23090362548828,49.23090362548828,48.66181148111515,48.86957451410126,9014000,ORCL
2019-04-15,49.34832763671875,49.456724973180854,49.059265775560334,49.23089517878277,7694900,ORCL
2019-04-16,49.31219482421875,49.6012566899589,49.07733335051334,49.38445856770916,7265200,ORCL
2019-04-17,49.212825775146484,49.52898953809158,49.131526915633636,49.393490290273824,7792200,ORCL
2019-04-18,49.24897003173828,49.384465863007335,48.987006600372446,49.176702831682974,8233000,ORCL
2019-04-22,49.339298248291016,49.39349864576455,48.95990580364503,49.1405703493339,6088100,ORCL
2019-04-23,49.62834930419922,49.80901381043093,49.42962144864429,49.45671991851795,10923400,ORCL
2019-04-24,49.845149993896484,50.16131031183263,49.64641868211432,49.68255227441818,8769800,ORCL
2019-04-25,49.69158172607422,49.88128135423672,49.30315768679963,49.81804929347884,8226100,ORCL
2019-04-26,50.052913665771484,50.12518085136815,49.69158462956632,49.88128426881302,7101600,ORCL
2019-04-29,49.754825592041016,50.12518634408535,49.754825592041016,49.944521806185556,6443000,ORCL
2019-04-30,49.98065185546875,50.02581712526565,49.5380239413251,49.73675526349848,10562300,ORCL
2019-05-01,49.57414627075195,50.061935897962535,49.50187909878688,49.97160537889461,7792700,ORCL
2019-05-02,49.321224212646484,49.72771851933256,49.19476008298617,49.51092385302605,9652200,ORCL
2019-05-03,49.492862701416016,49.700625716109904,49.38446191001004,49.5018943777551,11066500,ORCL
2019-05-06,49.54705047607422,49.68254971729511,48.62566804097202,48.688900101304746,9305400,ORCL
2019-05-07,48.77923583984375,49.35735956512185,48.46307550442267,48.95990036546546,11712400,ORCL
2019-05-08,48.77019500732422,49.16765413235534,48.60759730938227,49.095386957319555,10729800,ORCL
2019-05-09,49.005062103271484,49.095392636627,47.948180390278324,48.29143917374045,10711800,ORCL
2019-05-10,49.36639404296875,49.655455901838806,48.33660729411885,48.5714722081315,11200300,ORCL
2019-05-13,48.26435470581055,48.73408119649631,48.228221103629345,48.52631815278934,10664700,ORCL
2019-05-14,48.896663665771484,49.339288093425495,48.201107547854875,48.454035792228595,11520800,ORCL
2019-05-15,49.28508758544922,49.5109173432614,48.63469678026579,48.69792883678211,8573000,ORCL
2019-05-16,49.357357025146484,49.81805171406853,49.276058165094895,49.60125360530127,10013800,ORCL
2019-05-17,49.23090362548828,49.610296091143844,48.95087339186885,48.95087339186885,9057100,ORCL
2019-05-20,48.47209548950195,49.10441945372875,48.354663059286935,48.734058816178376,9820200,ORCL
2019-05-21,48.932804107666016,49.023138103871915,48.806339958867376,48.96893770614838,8482000,ORCL
2019-05-22,48.95989990234375,49.27606023477421,48.815368972391376,48.98699837486945,8389700,ORCL
2019-05-23,47.94818878173828,48.5263125665251,47.43329362465486,48.5263125665251,11213900,ORCL
2019-05-24,47.668148040771484,48.300472082973414,47.50555033146559,48.219173228320464,9090700,ORCL
2019-05-28,46.746768951416016,48.12884623512113,46.746768951416016,47.94818515047445,28230400,ORCL
2019-05-29,46.692562103271484,46.80096287414033,46.11443844219299,46.45770065816666,12448700,ORCL
2019-05-30,46.719669342041016,46.99969608396891,46.48480442428751,46.909365543841695,8569500,ORCL
2019-05-31,45.70796585083008,46.39449060847699,45.62666695705322,46.28609323207134,11847100,ORCL
2019-06-03,45.38276290893555,46.14155125477083,45.06659908806855,45.67182480774045,17434400,ORCL
2019-06-04,46.99067306518555,47.189404425143834,45.735059718299674,45.879590676663014,17073200,ORCL
2019-06-05,47.06292724609375,48.0927139915403,46.83709745422979,47.67718455563485,15855300,ORCL
2019-06-06,47.505550384521484,47.64104962439066,46.846127871995044,47.05389084614265,10266900,ORCL
2019-06-07,48.110774993896484,48.255305915798324,47.67718222819096,47.69524902416481,11591800,ORCL
2019-06-10,48.78826904296875,49.14959810552489,48.390809830868456,48.49017549536586,12984600,ORCL
2019-06-11,48.725032806396484,49.330258417528974,48.63470227142819,49.23089276153043,11288400,ORCL
2019-06-12,48.43596649169922,48.82439395883461,48.26433711273493,48.49016687521417,10235400,ORCL
2019-06-13,48.63470458984375,48.76116872318352,48.273375540967955,48.76116872318352,11289100,ORCL
2019-06-14,48.128841400146484,48.62566967068192,48.128841400146484,48.42693836246775,12973000,ORCL
2019-06-17,47.993350982666016,48.372743399926215,47.830753247871826,48.18304719129611,15207900,ORCL
2019-06-18,47.78558349609375,48.41790413224485,47.34295560489896,47.74944990377397,20999700,ORCL
2019-06-19,47.586856842041016,47.993351180703826,47.19842930130648,47.6500889118453,35449500,ORCL
2019-06-20,51.480167388916016,51.91376023069805,50.16131861853654,50.56781298454769,54173900,ORCL
2019-06-21,50.69427490234375,51.6246960649215,50.64007795318642,51.615660942802315,45169000,ORCL
2019-06-24,51.25432586669922,51.7601823436759,50.49553770534539,50.81169800345582,19544200,ORCL
2019-06-25,50.649105072021484,51.65178989188414,50.64007339660441,51.371759711507,25462100,ORCL
2019-06-26,51.182064056396484,51.35369345825027,50.80267165885997,50.97430106071375,15045200,ORCL
2019-06-27,51.28142547607422,51.84148235055582,51.2723903554195,51.48918845457725,12605800,ORCL
2019-06-28,51.46208953857422,51.56145518958201,50.91106434363199,51.398857478094506,42570500,ORCL
2019-07-01,52.40153121948242,52.47379839012414,51.51627905445153,51.62467981041411,20413000,ORCL
2019-07-02,52.80802536010742,52.89835932327355,52.18473652075872,52.28410215729728,17569600,ORCL
2019-07-03,53.16937255859375,53.25067143038537,52.73577972433493,52.799011797296245,9989100,ORCL
2019-07-05,53.54875183105469,53.76554991782765,52.699633170128685,52.87126254798613,13838900,ORCL
2019-07-08,53.77458572387695,53.9010498484245,53.30485937135109,53.467457087451926,16105600,ORCL
2019-07-09,53.83782196044922,53.864923879159996,53.30486350432682,53.47649635456795,14348600,ORCL
2019-07-10,54.33464813232422,54.65080845577888,53.973319094756825,54.14494849236234,16059100,ORCL
2019-07-11,54.19011688232422,54.38884475049738,53.657158450339324,54.3617462789031,11150200,ORCL
2019-07-12,54.02751922607422,54.28044748362973,53.566824533082034,54.28044748362973,11234300,ORCL
2019-07-15,53.77458572387695,54.06364756452533,53.521657474781854,54.06364756452533,10721600,ORCL
2019-07-16,53.15784454345703,53.94691240717474,53.13970461488635,53.66574870408562,9698900,ORCL
2019-07-17,52.59552001953125,53.46621582233655,52.59552001953125,53.33016808946928,9090900,ORCL
2019-07-18,52.71343231201172,52.73157224311822,52.24180448275685,52.32343244281707,11882300,ORCL
2019-07-19,52.1873779296875,53.08528185468,52.16923800213324,52.885749571258,11663500,ORCL
2019-07-22,52.24178695678711,52.67713823761629,52.19643887415317,52.49574244724362,8761700,ORCL
2019-07-23,52.105751037597656,52.731562981585924,52.105751037597656,52.65900672974144,8141100,ORCL
2019-07-24,52.7043571472168,52.80412502526683,52.04226531814746,52.10575333875427,10778700,ORCL
2019-07-25,52.86760330200195,53.17597511375892,52.67713927528538,52.94015954367812,8175900,ORCL
2019-07-26,53.058074951171875,53.19412268113552,52.78598295108208,52.91295898713482,6057200,ORCL
2019-07-29,52.65901565551758,53.32110756757232,52.423200012417595,53.32110756757232,7439300,ORCL
2019-07-30,52.14203643798828,52.740640283667396,52.087616648440054,52.38691684136069,6367200,ORCL
2019-07-31,51.0627326965332,52.49575600474792,50.44598892588862,52.49575600474792,11966700,ORCL
2019-08-01,50.68180847167969,51.5615726414994,50.355296631400996,51.0627366454461,10215200,ORCL
2019-08-02,50.64552307128906,50.9629631813818,49.88366334722879,50.9629631813818,12644400,ORCL
2019-08-05,48.75901412963867,49.97436175638108,48.69552610479553,49.97436175638108,16204600,ORCL
2019-08-06,48.94040298461914,49.384822554933876,48.622962905706736,49.15807865290005,13149500,ORCL
2019-08-07,48.37809371948242,49.040185698643675,48.04251361165295,48.187629614485026,16344100,ORCL
2019-08-08,49.566219329833984,49.656915508471556,48.722731721122265,48.722731721122265,12460700,ORCL
2019-08-09,48.88599395751953,49.40296985451623,48.54134220624243,49.19436584869632,8471300,ORCL
2019-08-12,48.29646301269531,48.786230791917625,48.069719054889234,48.68646289690883,6580100,ORCL
2019-08-13,48.94948196411133,49.19436582993816,48.06971438612284,48.196690436587595,11014800,ORCL
2019-08-14,47.452980041503906,48.405304069226666,47.38042376673879,48.38716413557574,12489200,ORCL
2019-08-15,47.697853088378906,47.815760900326076,47.12645741799872,47.75227287693247,11257000,ORCL
2019-08-16,48.604827880859375,48.70459576139126,48.078780314359506,48.23296798240998,9913100,ORCL
2019-08-19,48.8587760925293,49.31226390635224,48.75900821991426,49.176219638107824,8273100,ORCL
2019-08-20,48.05157470703125,48.831574403774475,47.97901844631727,48.54134244124275,7577800,ORCL
2019-08-21,48.287376403808594,48.913188243695956,48.22388493672964,48.550396665309805,6113100,ORCL
2019-08-22,48.24203872680664,48.72273822530097,47.969946694733906,48.59576217432289,6744900,ORCL
2019-08-23,46.78180694580078,48.359942681731745,46.48250331252975,48.12413052871869,11374500,ORCL
2019-08-26,47.280643463134766,47.452967597871975,47.00855144939898,47.289711697662966,8582300,ORCL
2019-08-27,47.516456604003906,47.72506060085321,47.36227239496484,47.561804697260236,13853100,ORCL
2019-08-28,47.11738586425781,47.34412977750271,46.81808223805252,47.34412977750271,7499000,ORCL
2019-08-29,47.307857513427734,47.897393166413664,47.24436948431702,47.75227717704087,6858000,ORCL
2019-08-30,47.21715545654297,47.66157160515356,46.93599174835426,47.61622351282317,7920000,ORCL
2019-09-03,47.06297302246094,47.16274091258087,46.75460111656208,47.10832111983235,10128000,ORCL
2019-09-04,48.042503356933594,48.187619328790525,47.36227159013467,47.48017593863002,10558300,ORCL
2019-09-05,48.83156967163086,49.275989267348805,48.64110561339641,48.73180179545922,10414500,ORCL
2019-09-06,48.2148323059082,49.103668154749755,48.19669237513535,49.067388293204054,11636100,ORCL
2019-09-09,49.46645736694336,49.593433416140144,48.47785367840547,48.632037892476454,17803800,ORCL
2019-09-10,50.30995178222656,50.30995178222656,49.10367223439665,49.4664639603192,19976400,ORCL
2019-09-11,51.053672790527344,51.053672790527344,50.02878908389752,50.12855698363649,16749400,ORCL
2019-09-12,48.876930236816406,49.77483789168358,47.979026041787684,49.28507007993785,28184400,ORCL
2019-09-13,48.74995040893555,49.62971806299851,48.36902222460201,48.97669436432595,14736700,ORCL
2019-09-16,48.196685791015625,48.58668559975923,47.87924569545109,48.432501399010036,15204200,ORCL
2019-09-17,47.95180130004883,48.251104923106844,47.48017355027824,48.23296499505749,11111400,ORCL
2019-09-18,47.670654296875,47.92460644038067,47.035770478272354,47.9064665072962,8911800,ORCL
2019-09-19,48.40529251098633,48.67738453110276,47.51645673335917,47.51645673335917,14855000,ORCL
2019-09-20,48.49599838256836,49.203438417646204,48.45064682352947,48.71367064266699,59517000,ORCL
2019-09-23,48.99482345581055,49.130867723042016,48.12412769011442,48.22389210214919,13863100,ORCL
2019-09-24,48.38715744018555,49.42111275618709,48.178553421822585,49.103669150978845,15354800,ORCL
2019-09-25,48.83156967163086,48.93133754780249,47.96994210268386,48.350873678990325,11607200,ORCL
2019-09-26,48.94040298461914,49.275986450712104,48.49598687414178,49.076450709774385,13324300,ORCL
2019-09-27,49.058319091796875,49.52087520796393,48.63203937662322,49.149015284037326,12391100,ORCL
2019-09-30,49.91088104248047,50.13762501008736,49.02204510464206,49.20344097069525,17445100,ORCL
2019-10-01,48.795284271240234,50.4641194343977,48.74993618536082,49.9199354841704,16443200,ORCL
2019-10-02,48.20576095581055,48.57762086303263,47.77948125978604,48.5232010742302,15923700,ORCL
2019-10-03,48.84971618652344,48.86785611734936,48.01529666772119,48.12413625267672,11268500,ORCL
2019-10-04,50.01063537597656,50.04691523131364,48.83156775622088,48.97668371773177,13659500,ORCL
2019-10-07,49.7022590637207,50.21016661333479,49.65691097853878,49.94714287550765,12352100,ORCL
2019-10-08,49.02203369140625,49.62063748812887,48.76808161395955,49.239709371958824,14771500,ORCL
2019-10-09,49.67796325683594,50.097035467262565,49.24978584276946,49.33177785401939,12803100,ORCL
2019-10-10,50.55255126953125,50.65276064930418,49.51398452431741,49.60508869947771,13789000,ORCL
2019-10-11,51.82798385620117,52.22883531822529,50.75297880394078,50.944292378850854,18675200,ORCL
2019-10-14,51.43623733520508,52.11950298570016,51.3906869868925,51.77331755830953,11079600,ORCL
2019-10-15,51.33601379394531,51.76419462451388,51.33601379394531,51.59110194686203,9150100,ORCL
2019-10-16,50.907859802246094,51.026290042496306,50.60722117252706,50.825867764619964,8912300,ORCL
2019-10-17,50.16080093383789,51.23580563658936,50.09702976293468,51.02626781760091,9917700,ORCL
2019-10-18,49.69618606567383,50.34301002721184,49.35910932836466,50.06059579133201,12562900,ORCL
2019-10-21,50.22459030151367,50.37946220831332,49.94217253142854,50.160819107505645,8256600,ORCL
2019-10-22,49.29534149169922,50.49788880257192,49.213349471627495,50.30657524749421,7777100,ORCL
2019-10-23,49.313568115234375,49.7690786190415,49.07670070710384,49.19513441116911,10491000,ORCL
2019-10-24,49.43199157714844,49.7872926407061,49.140465172641285,49.62330860376222,6449200,ORCL
2019-10-25,49.34999465942383,49.577749857538805,49.20423147164099,49.23156445859738,6307000,ORCL
2019-10-28,49.77818298339844,49.81462465460755,49.44110621288677,49.51398608003595,7280200,ORCL
2019-10-29,49.9239387512207,50.388561301706844,49.70529570709542,49.851058894935115,8333900,ORCL
2019-10-30,49.9694938659668,50.2701324244241,49.60508759921508,50.2701324244241,6284900,ORCL
2019-10-31,49.64152908325195,49.96949367952416,49.41377386415609,49.85106346778788,8260600,ORCL
2019-11-01,50.106143951416016,50.24279846139093,49.696183896759806,49.93305125068053,7313600,ORCL
2019-11-04,50.51611328125,50.789418876112464,50.34301707346406,50.34301707346406,8757000,ORCL
2019-11-05,50.71654510498047,50.87142050564385,50.57078186185191,50.798537146444644,10759300,ORCL
2019-11-06,50.74386978149414,50.91696251830427,50.65276559743412,50.7529784622655,10572100,ORCL
2019-11-07,50.998958587646484,51.59112366751925,50.889637033380744,50.980737749390606,9677700,ORCL
2019-11-08,51.46357345581055,51.46357345581055,50.80763727933751,50.998950839052476,5869600,ORCL
2019-11-11,51.408905029296875,51.572889054531366,51.18114982483438,51.199370658223614,5018000,ORCL
2019-11-12,51.55467224121094,51.791536143203636,51.39979688296007,51.500009736780825,6184900,ORCL
2019-11-13,51.20848846435547,51.52734789259559,51.17204679108187,51.20848846435547,6802300,ORCL
2019-11-14,51.099159240722656,51.317805772237236,50.68919916617577,50.844074516679584,9056100,ORCL
2019-11-15,51.39979553222656,51.52734137254505,51.263144487645675,51.38157817316415,7216900,ORCL
2019-11-18,51.19025802612305,51.5273382277749,50.98072365700542,51.5273382277749,6923300,ORCL
2019-11-19,51.263153076171875,51.88264764614677,51.25404091984524,51.44535797474144,7199500,ORCL
2019-11-20,51.23581314086914,51.58199855497131,50.844073904934184,51.21759230718976,9117000,ORCL
2019-11-21,51.22671127319336,51.554679394743864,51.126498405467444,51.2176025921589,8067100,ORCL
2019-11-22,51.372467041015625,51.98285283982115,51.24492467342701,51.399796555422085,6346900,ORCL
2019-11-25,51.527347564697266,51.63666910855314,51.27225932867459,51.43624338209302,7977700,ORCL
2019-11-26,51.48179244995117,51.80065186819837,51.39980042528979,51.70043900747123,12076900,ORCL
2019-11-27,51.57289123535156,51.846196797209885,51.36335685541789,51.8370881177644,5790000,ORCL
2019-11-29,51.144710540771484,51.46356992703509,51.09916019281062,51.31780672839906,6479400,ORCL
2019-12-02,50.497886657714844,51.43623703347087,50.45233630966948,51.226702652247134,14314000,ORCL
2019-12-03,49.732635498046875,50.09704528060034,49.61420179742662,49.75996501539415,11963700,ORCL
2019-12-04,49.56864547729492,50.01504723343011,49.359111093890675,50.01504723343011,11436800,ORCL
2019-12-05,49.814613342285156,49.95126784065214,49.468424494952174,49.650629334352075,10557400,ORCL
2019-12-06,49.95127487182617,50.22458043176256,49.75084917274741,50.1334762616046,9088600,ORCL
2019-12-09,50.38856506347656,50.543436941688256,49.887500809806305,49.96038414680154,11996700,ORCL
2019-12-10,50.85318374633789,50.935175762134605,50.31568130395251,50.47055665613241,10719700,ORCL
2019-12-11,51.29959487915039,51.47268762182592,50.69832114505665,50.83497221287331,12159600,ORCL
2019-12-12,51.445350646972656,51.61844336456062,50.79852317541998,51.29047528890436,15413200,ORCL
2019-12-13,49.65974426269531,50.47055572631129,49.57775224840914,50.10614600164639,21427700,ORCL
2019-12-16,49.18601608276367,50.08792475724869,48.92181920831103,49.74173586918207,19951000,ORCL
2019-12-17,48.13835144042969,49.24979821087569,48.12924275923381,49.09492282839037,19778400,ORCL
2019-12-18,48.639408111572266,48.83983383326459,48.23856014345674,48.33877300430291,14123100,ORCL
2019-12-19,48.50275802612305,48.830722656463436,48.320553136865584,48.55741706021184,11910100,ORCL
2019-12-20,48.83071517944336,49.14957455563708,48.602959971562996,49.11313288831174,27423700,ORCL
2019-12-23,48.93094253540039,49.258910688036494,48.83984181534356,48.876283493474176,10591500,ORCL
2019-12-24,48.68495178222656,49.15868302967288,48.61207192314872,48.994699002661896,3331700,ORCL
2019-12-26,48.80339431762695,48.8853863460088,48.53919739558887,48.694072771540924,6702000,ORCL
2019-12-27,48.703182220458984,49.01292950197889,48.59386067264882,48.88538711698881,7262000,ORCL
2019-12-30,48.010799407958984,48.73050671229284,47.93791607195461,48.64851469692229,5936100,ORCL
2019-12-31,48.2658805847168,48.28410141737822,47.87414137066754,47.89236220332895,7094500,ORCL
2020-01-02,49.14957809448242,49.15868677433526,48.49364193647257,48.53008360642177,13899600,ORCL
2020-01-03,48.976478576660156,49.240675452961916,48.23855392423836,48.274995591714884,11026700,ORCL
2020-01-06,49.2315673828125,49.37733057925326,48.60296077450587,48.61207292912208,10982400,ORCL
2020-01-07,49.340885162353516,49.4957605016429,48.83982442986382,49.09490913543636,12015400,ORCL
2020-01-08,49.533058166503906,49.96314145470667,49.13957526039636,49.35919151591747,11856700,ORCL
2020-01-09,49.76182556152344,50.14615574189686,49.44154692047491,49.642864723948996,10671000,ORCL
2020-01-10,49.82587432861328,50.00889017324538,49.615407329044274,49.917380505560885,9734800,ORCL
2020-01-13,49.944847106933594,50.1370122189658,49.743529280573526,49.835035479425706,10858900,ORCL
2020-01-14,50.219364166259766,50.493886226068845,49.871634362108324,49.88993629819391,12627200,ORCL
2020-01-15,50.109554290771484,50.49388798044754,50.03635003462307,50.219365911100354,9090800,ORCL
2020-01-16,50.72266387939453,50.74096581861509,50.265125871094554,50.31087897377695,9866000,ORCL
2020-01-17,50.4481315612793,50.96057179277916,50.19190795479209,50.90566947696833,11166600,ORCL
2020-01-21,50.530487060546875,50.65859711470715,50.2559615265038,50.310867331459846,8773000,ORCL
2020-01-22,50.07295608520508,50.92397698069942,49.96314446010167,50.704357221230254,6380500,ORCL
2020-01-23,50.31086730957031,50.3291692445477,49.67031354831045,49.78927438029488,6583200,ORCL
2020-01-24,49.4781608581543,50.51219775354277,49.30429766843367,50.384087667355146,6426000,ORCL
2020-01-27,48.21533966064453,48.974854203181884,48.16043735011495,48.663728310812125,8259100,ORCL
2020-01-28,48.91995620727539,49.12127401997004,48.18789619393688,48.37091206995588,8620300,ORCL
2020-01-29,48.682037353515625,49.3591915476683,48.66373541708752,49.212779546980904,6332500,ORCL
2020-01-30,48.78269958496094,48.80100152263704,47.840168993698924,48.33431083874064,7176200,ORCL
2020-01-31,47.9957389831543,48.947418902273796,47.84932695642346,48.81015610001573,8884700,ORCL
2020-02-03,48.58137893676758,48.87420294108522,48.21534718600178,48.25195105922585,8892500,ORCL
2020-02-04,49.450706481933594,49.926546407390624,49.18533361164717,49.18533361164717,9769800,ORCL
2020-02-05,50.09126281738281,50.35663220993935,49.94485079396824,50.02720428457208,9612900,ORCL
2020-02-06,50.06380081176758,50.649448819429594,50.06380081176758,50.329173656094895,8832000,ORCL
2020-02-07,50.07295608520508,50.30172506806404,49.58796346784248,49.66117121791142,7864800,ORCL
2020-02-10,50.32002639770508,50.39323065615204,49.82588456292202,50.07295548031355,7198200,ORCL
2020-02-11,50.4664421081543,50.823321184769966,50.429838230876314,50.48474055605542,8466600,ORCL
2020-02-12,50.99718475341797,51.14359677290507,50.557948694956664,50.832470795152744,7541100,ORCL
2020-02-13,50.61285400390625,50.914827263873335,50.33832841572435,50.61285400390625,8480100,ORCL
2020-02-14,50.7592658996582,51.09784303599904,50.54879884243348,50.67690892154958,7496800,ORCL
2020-02-18,50.740970611572266,51.02464196944135,50.42069188106618,50.71351595477909,7185700,ORCL
2020-02-19,50.73179626464844,51.03377292544802,50.68604317715248,50.86905901787313,6819200,ORCL
2020-02-20,50.79585647583008,51.12528432464224,50.219361231145975,50.69520106934829,6114600,ORCL
2020-02-21,50.036346435546875,50.64029634096402,49.81672670142371,50.40237816217307,9078600,ORCL
2020-02-24,48.178741455078125,48.98400563218862,48.050627913016044,48.59052276555497,10992500,ORCL
2020-02-25,46.63227844238281,48.70035243748598,46.48586640216883,48.563089622587334,12202600,ORCL
2020-02-26,47.62969970703125,48.62713257368563,46.88849046505725,46.95254549854297,16413100,ORCL
2020-02-27,46.467559814453125,48.9199638608723,46.44925787491411,46.55906951214819,16161100,ORCL
2020-02-28,45.25965118408203,45.65313408302156,43.832135076987356,45.058336868644574,24426000,ORCL
2020-03-02,46.57736587524414,46.57736587524414,44.536743495181746,45.506725230190824,17328500,ORCL
2020-03-03,44.70146560668945,47.43754465211121,44.15242134890511,46.32115070511301,21830500,ORCL
2020-03-04,46.2479362487793,46.293689345062944,44.6831573170111,45.61653165155749,14813700,ORCL
2020-03-05,43.92364501953125,45.46097287447385,43.69487603505452,45.04918800426822,15843000,ORCL
2020-03-06,43.347145080566406,44.19816596007694,42.51442613822937,42.615085047314764,24581400,ORCL
2020-03-09,42.10264205932617,43.53016176868877,40.86729094847956,41.132663806309246,25949300,ORCL
2020-03-10,44.45439147949219,44.75636472884746,42.23990585768999,43.420354675028186,27067700,ORCL
2020-03-11,40.92219924926758,43.4478074370674,40.51041435703449,42.83470820142759,24139200,ORCL
2020-03-12,36.420013427734375,39.71428815667838,36.33765647224235,37.62791311445944,24123800,ORCL
2020-03-13,43.859580993652344,43.914486795338796,39.732587404750056,40.67511780131422,28339400,ORCL
2020-03-16,39.09204864501953,43.53016594045466,37.756035004444996,38.899880028086834,27493700,ORCL
2020-03-17,42.88045883178711,43.65827197950141,38.122063276170536,39.91561126928568,25588900,ORCL
2020-03-18,43.25564193725586,43.74063108898926,38.945634914835985,39.961366319095745,29557000,ORCL
2020-03-19,41.24247360229492,43.89619530603416,41.05945771053052,42.523581353907886,20159100,ORCL
2020-03-20,41.77322769165039,42.73405695210341,40.730037947235,41.196728739083184,26340800,ORCL
2020-03-23,40.43720626831055,42.541883813275675,40.16268417267008,41.17841906820384,23063700,ORCL
2020-03-24,43.7772331237793,43.93279435807691,41.45293939762975,41.4803940495405,19323700,ORCL
2020-03-25,42.03860092163086,44.600817168711046,41.617666691884956,43.10008921314681,25625800,ORCL
2020-03-26,46.193031311035156,46.43095300138266,42.267354836939354,42.44122149313274,22417900,ORCL
2020-03-27,45.59823989868164,47.21792138743696,44.43609293065858,44.92108210578091,20025300,ORCL
2020-03-30,46.083221435546875,47.20876433831735,45.37861259578244,46.119825308174555,20611900,ORCL
2020-03-31,44.225616455078125,46.833581169307614,43.92363975620036,46.778675362946956,15802000,ORCL
2020-04-01,44.573341369628906,44.82956496726927,42.130090659763454,42.59677778172818,17918200,ORCL
2020-04-02,45.57077407836914,45.6531310398839,44.015144522388816,44.08835226184067,16434400,ORCL
2020-04-03,45.204750061035156,45.79954729112873,44.792965215131936,45.11324037820251,13362500,ORCL
2020-04-06,47.11725997924805,47.47413902439863,46.07407051322797,46.11982710116015,13845800,ORCL
2020-04-07,46.449241638183594,47.88591371852178,46.40348855069846,47.72119981098585,14063000,ORCL
2020-04-08,47.92951583862305,48.43519772244805,46.78023723569351,46.87217812099989,15710700,ORCL
2020-04-09,48.894920349121094,49.29946524726327,47.83758238961483,48.03066390464067,15521200,ORCL
2020-04-13,48.701839447021484,48.858139679973455,48.17776859592755,48.45359480587375,12694800,ORCL
2020-04-14,49.64884567260742,49.74078657648028,49.14316368666537,49.3822121411272,11674600,ORCL
2020-04-15,48.87653350830078,49.143167058073075,48.55473681534863,48.92250396339096,10398100,ORCL
2020-04-16,49.37301254272461,49.52931275889462,48.79377510890598,48.86733062756493,14098300,ORCL
2020-04-17,50.21889877319336,50.31084320595543,49.621275743186615,50.12695784775278,13608800,ORCL
2020-04-20,49.56610107421875,50.18211639855842,49.46496396818381,49.6948197519647,10358900,ORCL
2020-04-21,47.17559814453125,49.04202582106312,47.000905519655845,48.94088872399222,14111700,ORCL
2020-04-22,48.05823516845703,48.34325752869601,47.598523720709004,47.83757213031718,9668300,ORCL
2020-04-23,47.78240966796875,48.720221455338184,47.304309334761584,48.0214580809123,10330200,ORCL
2020-04-24,48.738616943359375,48.775394709082846,47.77322339070337,48.18696448679045,9403500,ORCL
2020-04-27,49.069602966308594,49.31784758928664,48.784584090064385,49.06041027982213,9123200,ORCL
2020-04-28,48.91331100463867,49.78676367580239,48.848951666404375,49.55690789430251,8350500,ORCL
2020-04-29,49.53851318359375,49.90628028633988,49.363820565517905,49.602872514257335,9064100,ORCL
2020-04-30,48.701839447021484,49.28107343571232,48.54553570674896,49.161550966038654,11808800,ORCL
2020-05-01,47.616920471191406,48.21454334766664,47.17559782927535,48.1593802095025,8702400,ORCL
2020-05-04,47.58015060424805,47.61692837400841,46.98252412126622,47.543372834487684,7567900,ORCL
2020-05-05,47.855979919433594,48.60071402170286,47.80081676859088,48.01228369723789,7271800,ORCL
2020-05-06,47.68128204345703,48.26971226031623,47.53417448924223,48.2053529245548,7050000,ORCL
2020-05-07,48.361656188964844,48.65587131578231,48.058248373887245,48.177774365194644,7154700,ORCL
2020-05-08,49.253482818603516,49.44656077936362,48.517945224765064,48.904101146285285,8130800,ORCL
2020-05-11,49.21670913696289,49.49253882639445,48.78458273767248,48.84894206325446,8138600,ORCL
2020-05-12,48.05823516845703,49.49253614806607,48.03984628966871,49.464951076223585,8598800,ORCL
2020-05-13,47.48819351196289,48.26050887726226,47.148004518534854,48.20534224141231,10274300,ORCL
2020-05-14,48.64668273925781,48.75701254430947,46.761865827736266,47.01930320863055,13794000,ORCL
2020-05-15,48.65586471557617,49.639650577364435,48.28809761060271,48.45359403540294,39055700,ORCL
2020-05-18,48.867340087890625,49.60287788027349,48.79378455499191,49.56610011382413,9901900,ORCL
2020-05-19,48.12260437011719,48.95927923649498,48.10421548755363,48.894919901182895,9805100,ORCL
2020-05-20,48.63748550415039,48.97767108386711,48.407629719172974,48.812174638097694,9115900,ORCL
2020-05-21,48.01227951049805,48.67426181413464,47.92033508824221,48.50876536139522,7464000,ORCL
2020-05-22,48.38003921508789,48.39842809670263,47.883553440772104,48.12260188712263,7211700,ORCL
2020-05-26,48.52714920043945,49.35463137810256,48.40762672491534,49.32704980795403,11200600,ORCL
2020-05-27,48.91331100463867,48.95928145947447,48.33407345320913,48.72942567797459,9228100,ORCL
2020-05-28,49.29945755004883,49.78675409806298,48.93169047479084,49.428176201755136,9465400,ORCL
2020-05-29,49.43738555908203,49.59368581853784,48.720236590150876,49.29947067706244,14734800,ORCL
2020-06-01,48.78458786010742,49.08799564009202,48.53634321794517,48.98685854432363,7363200,ORCL
2020-06-02,48.98686218261719,48.99605837781763,48.39843195333855,48.95008792377789,8756300,ORCL
2020-06-03,49.17993927001953,49.29946173828931,48.720227756402046,49.03283172595476,9188700,ORCL
2020-06-04,48.59151077270508,49.36382633830599,48.38924007010259,48.940892542394295,9696000,ORCL
2020-06-05,49.63045883178711,49.8970923742346,48.490376144658434,48.812172828770365,12210100,ORCL
2020-06-08,50.66020965576172,50.678598538004515,48.986859952194635,49.05121928638409,11519500,ORCL
2020-06-09,49.81433868408203,50.6234319104115,49.53851248408711,50.56826526748434,8852500,ORCL
2020-06-10,49.749977111816406,50.25565904023324,49.55689913125511,50.10855150637888,7436700,ORCL
2020-06-11,47.17559814453125,49.244300015204914,47.10204261672674,48.95927760594335,12805700,ORCL
2020-06-12,47.68128204345703,48.72942380565258,46.872188741615254,48.223741807246746,11537200,ORCL
2020-06-15,48.95927810668945,49.12477453862166,46.8078279988914,46.85379845057909,16038100,ORCL
2020-06-16,50.19130325317383,50.56826655446887,49.44656933764536,50.07177727744989,19380200,ORCL
2020-06-17,47.36867904663086,49.40979947311114,47.35029016355292,48.757006399467265,28692600,ORCL
2020-06-18,49.363826751708984,49.648849185595154,47.184794908391055,47.442232263307,19259500,ORCL
2020-06-19,50.01660919189453,50.07177232344746,48.71102679712605,49.841916589123166,33051200,ORCL
2020-06-22,50.6786003112793,50.92684496926227,49.53851763089911,49.73159564022338,16705900,ORCL
2020-06-23,50.74296569824219,51.460118187034425,50.687802550326694,50.84410281251553,18695000,ORCL
2020-06-24,50.05339050292969,51.19347664918716,49.952256911712915,50.67859846905142,18287400,ORCL
2020-06-25,50.136138916015625,50.19130556288546,49.22591204024771,50.01661644211199,16008700,ORCL
2020-06-26,49.81433868408203,50.19130197578318,49.30865673287127,49.970638911395,17969400,ORCL
2020-06-29,50.347599029541016,50.531484320386944,49.510924288146214,49.860305990021466,14366900,ORCL
2020-06-30,50.81651306152344,50.97281329856154,50.108556882850564,50.38438310000763,18885900,ORCL
2020-07-01,51.01877975463867,51.37735413494254,50.27404592124746,50.283238607295196,17856800,ORCL
2020-07-02,51.43253707885742,51.88305602978948,51.16590699291954,51.294625691094,15478900,ORCL
2020-07-06,52.039337158203125,52.25080752148341,51.63479232601688,51.671570085484774,15309700,ORCL
2020-07-07,51.772708892822266,52.36113903460466,51.6899606849266,51.809483146193436,13232100,ORCL
2020-07-08,52.094512939453125,52.11290182241412,51.47850114320308,52.066931368672016,12582200,ORCL
2020-07-09,52.89441680908203,53.14266149975868,52.24162716359228,52.397930935049985,15692600,ORCL
2020-07-10,52.76569747924805,52.885223478639936,52.12210053055792,52.83925301958804,12615800,ORCL
2020-07-13,52.41631317138672,53.179436082985795,52.37953891029601,52.7748911524197,15965600,ORCL
2020-07-14,52.81333541870117,52.89643346385781,52.14855105744806,52.323978698490606,15510300,ORCL
2020-07-15,52.27781295776367,53.404252322428604,52.056220522774396,53.016460277975,10570800,ORCL
2020-07-16,51.53916549682617,52.15778504729096,51.31757306244195,52.09315010493497,8779300,ORCL
2020-07-17,50.689727783203125,51.81616375201635,50.56046140579301,51.77923402347639,14344800,ORCL
2020-07-20,51.15137481689453,51.26217102941083,50.49582204764853,50.67125319979311,11469300,ORCL
2020-07-21,51.62226867675781,52.01929231019464,51.31757816862524,51.52070399999742,11875100,ORCL
2020-07-22,51.714603424072266,51.871567991628794,51.42837951252926,51.42837951252926,13842400,ORCL
2020-07-23,51.483768463134766,52.03775662390819,51.3360389913582,51.70536443187382,12576000,ORCL
2020-07-24,51.38220977783203,51.7423001624266,51.02211587108885,51.21601367384244,8939700,ORCL
2020-07-27,51.095977783203125,51.65919747146339,51.077511159734954,51.39143671439732,10319600,ORCL
2020-07-28,51.1052131652832,51.46530706668682,50.96671876211124,51.012883563168565,13030100,ORCL
2020-07-29,51.42837142944336,51.613034147248314,51.1052107927476,51.29910858362441,7242700,ORCL
2020-07-30,51.01287841796875,51.225239299132376,50.68048624844371,50.78205091381505,7633200,ORCL
2020-07-31,51.19753646850586,51.21600308981611,50.16343033016686,50.782046294394874,9355800,ORCL
2020-08-03,51.68689727783203,51.78846194904019,51.23447731609366,51.502234559467055,9164900,ORCL
2020-08-04,51.705360412597656,51.71459196292614,51.27140358204738,51.50223108388933,6364300,ORCL
2020-08-05,51.24371337890625,52.000827420930804,51.13291714699133,52.000827420930804,6629000,ORCL
2020-08-06,51.04057693481445,51.33603586034738,50.72665138616719,51.234474716440864,8169600,ORCL
2020-08-07,50.994407653808594,51.00364272562777,50.56045085415311,50.7912783395617,8772300,ORCL
2020-08-10,50.72665023803711,51.35450132112106,50.67125389209614,51.00364605633449,10046900,ORCL
2020-08-11,50.108028411865234,51.20676591866922,49.987997139343676,51.003640136880115,8075100,ORCL
2020-08-12,50.01570129394531,50.50505799179036,49.831042110613154,50.33886190907289,9068200,ORCL
2020-08-13,49.87721252441406,50.043408625851185,49.563286946382675,49.77564784885265,8260300,ORCL
2020-08-14,50.04340744018555,50.37579963518451,49.646383820842175,49.8864428938145,5454400,ORCL
2020-08-17,49.84950637817383,50.218828249537225,49.54481240020474,50.04340062480071,9523700,ORCL
2020-08-18,50.9482536315918,52.564046371029725,50.66202622120357,51.35450882381982,21102600,ORCL
2020-08-19,51.89002227783203,52.44400686441837,51.20677133370399,51.31757106873974,16751500,ORCL
2020-08-20,51.02210998535156,51.52993331237709,50.865148973105995,51.326803981566876,10974800,ORCL
2020-08-21,50.95746994018555,51.19753247635195,50.53274824961126,51.13290106787967,9552000,ORCL
2020-08-24,51.714603424072266,51.80693655856109,51.188316885007254,51.48377587107361,7892100,ORCL
2020-08-25,51.78845977783203,52.397844257384406,51.72382835743619,51.84385964766343,7427000,ORCL
2020-08-26,53.08109664916992,53.08109664916992,51.760762987815916,52.019288676310964,11597600,ORCL
2020-08-27,52.79486846923828,53.96747264492305,52.24088385304548,53.044162603169525,15834700,ORCL
2020-08-28,53.441184997558594,53.69971067633122,52.82256545201925,52.93336519047741,8613800,ORCL
2020-08-31,52.83180236816406,53.33038712003076,52.66560627682572,52.74870432249489,18683500,ORCL
2020-09-01,53.238059997558594,53.56121712231792,52.70254197336479,52.97029922438744,10169500,ORCL
2020-09-02,54.50299072265625,54.77075148049811,53.29345682024698,53.29345682024698,14342800,ORCL
2020-09-03,52.72100067138672,54.46605956574716,52.30551398059196,54.21676543798139,15387400,ORCL
2020-09-04,51.45606994628906,52.87796830404283,50.929783486444215,52.51787793911198,14697200,ORCL
2020-09-08,51.07750701904297,51.5114638299948,50.66201683006227,51.10520519092568,16472800,ORCL
2020-09-09,52.58250427246094,52.997994469526446,51.576096249412515,51.8530885400735,13993200,ORCL
2020-09-10,52.9333610534668,53.718173101059925,52.39783959255069,53.03492218922695,20500900,ORCL
2020-09-11,52.62866973876953,57.115956880039896,52.50863845316385,56.05414897645109,40220600,ORCL
2020-09-14,54.900020599365234,56.78357414813113,54.79845591945893,56.19265621647486,50107400,ORCL
2020-09-15,56.26650619506836,56.94975709700658,54.8353764996339,55.40782767337811,30385600,ORCL
2020-09-16,55.795623779296875,56.68200053711923,55.07544310383473,56.43270641357891,21223300,ORCL
2020-09-17,55.564796447753906,55.961820032140785,54.475290358805935,54.863078870729034,22831200,ORCL
2020-09-18,55.16777801513672,55.66636631029627,54.872319067371464,55.38013891370872,49311700,ORCL
2020-09-21,56.15571212768555,57.79920274819493,55.426296405627646,57.66993991586021,32560400,ORCL
2020-09-22,55.9710578918457,56.091089192368415,54.90001830494321,55.7494654378099,13306000,ORCL
2020-09-23,54.4383544921875,55.85102112853679,54.38295814866462,55.50016235691726,15513500,ORCL
2020-09-24,54.75228500366211,55.30627314435168,53.819743407283035,54.23523363226314,9560500,ORCL
2020-09-25,55.21393966674805,55.38937082845679,54.4383590925546,54.72458647282004,9371900,ORCL
2020-09-28,55.01081466674805,55.89719147260855,54.90924999734038,55.42630137301818,9356300,ORCL
2020-09-29,54.90925598144531,55.5463387196851,54.84462455244194,55.01082066192167,6340600,ORCL
2020-09-30,55.12160110473633,55.758683660485296,54.81690715058615,54.955405042863084,11001500,ORCL
2020-10-01,55.1031379699707,55.64789098009317,54.89077710462099,55.555557872018554,7357700,ORCL
2020-10-02,54.318336486816406,54.95541920676348,54.02287400566492,54.20753673557886,7329800,ORCL
2020-10-05,54.992347717285156,55.0939088639429,54.5583908677132,54.88154797559765,6899200,ORCL
2020-10-06,54.9461784362793,55.88795509126351,54.853848841969345,54.9461784362793,9743600,ORCL
2020-10-07,56.169883728027344,56.457270112734946,55.2891867110037,55.409704038321124,8690900,ORCL
2020-10-08,56.448001861572266,56.82809173481831,56.20697072534258,56.35529839450175,7202800,ORCL
2020-10-09,56.68903350830078,56.90225430031027,56.42018851717172,56.68903350830078,7355700,ORCL
2020-10-12,56.97641372680664,57.31942430089301,56.61486529028176,56.77246541229095,8275000,ORCL
2020-10-13,56.52216339111328,57.27307061493818,56.43872886219825,57.078391226273226,8896300,ORCL
2020-10-14,56.512882232666016,57.04129965573093,56.410906320072826,56.874430623562034,6651100,ORCL
2020-10-15,56.1049919128418,56.30894377363166,55.69709172767248,55.873229720638925,6251600,ORCL
2020-10-16,55.891754150390625,56.651933627095644,55.86394029101212,56.281112817596416,6070800,ORCL
2020-10-19,55.2706413269043,56.318207325792876,55.05742055481371,55.984469235073675,8311000,ORCL
2020-10-20,55.39116668701172,55.928856697099114,55.27992181942523,55.54876328805835,9241200,ORCL
2020-10-21,55.316993713378906,55.73416633175335,54.89982463141456,55.01106948417771,10114900,ORCL
2020-10-22,55.335533142089844,55.50240218350047,54.40848448376856,55.10377097750952,11900600,ORCL
2020-10-23,55.53022384643555,55.771254975428064,55.35408231331555,55.53022384643555,9739300,ORCL
2020-10-26,53.29603576660156,54.21381207580078,52.40606625266145,53.86153255020803,18876900,ORCL
2020-10-27,52.91594314575195,53.75028487995779,52.86031894890746,53.43508817065952,10806500,ORCL
2020-10-28,51.53464126586914,52.47095896755061,51.47901706656127,52.16503471238335,13910600,ORCL
2020-10-29,51.93327331542969,52.61928743535016,51.117469395135984,51.17309359529594,13573700,ORCL
2020-10-30,52.016700744628906,52.50803540151391,51.404848772059104,51.68296266206175,12602300,ORCL
2020-11-02,52.3318977355957,53.27748779626039,52.02596997931742,52.322625268575756,11413200,ORCL
2020-11-03,52.6563720703125,53.30530694914948,52.443151266885174,52.841782540896006,8911200,ORCL
2020-11-04,52.36898422241211,53.852260773261825,52.23919442985379,53.76882624625089,12054900,ORCL
2020-11-05,52.52657699584961,53.444356726348175,52.30408376116784,53.26821521743886,9017100,ORCL
2020-11-06,52.6563720703125,52.8232411401966,52.05379246142934,52.62856173746868,7510400,ORCL
2020-11-09,52.693450927734375,54.770041677302814,52.62855779834883,53.9449653217817,11486600,ORCL
2020-11-10,52.535858154296875,53.06427926760622,52.10014758693106,52.758351440764535,9015900,ORCL
2020-11-11,53.02719497680664,53.425826265591795,52.65637402189603,52.89740870351114,7724400,ORCL
2020-11-12,52.3318977355957,53.296029193890284,52.00742858168753,53.08280488935148,7324000,ORCL
2020-11-13,52.75835037231445,52.9252194496831,52.42461221757716,52.73054003822326,5870300,ORCL
2020-11-16,52.98082733154297,53.407268826143415,52.7305237926054,52.86031002692644,6309200,ORCL
2020-11-17,52.95302200317383,53.203325582448684,52.66563916269583,52.841777146743965,5569700,ORCL
2020-11-18,52.14649200439453,53.110623549747594,52.13722307294762,52.95302342386761,8998800,ORCL
2020-11-19,52.3318977355957,52.35970806383555,51.50682499132034,51.99815965107758,9643100,ORCL
2020-11-20,51.636619567871094,52.32263370878882,51.61807816725027,52.24847164271608,8395800,ORCL
2020-11-23,51.9889030456543,52.443155017842805,51.70151661887423,51.77567869056567,8235900,ORCL
2020-11-24,53.37019348144531,53.67612125052611,52.248465400969344,52.47095510901888,10427200,ORCL
2020-11-25,53.221866607666016,53.546332243479796,53.082807885797145,53.509252982536935,6848900,ORCL
2020-11-27,53.546329498291016,53.64830541757878,52.98083278149438,53.21259494845383,5627000,ORCL
2020-11-30,53.50925064086914,53.954233580401954,53.02718490560608,53.40727472081599,26676900,ORCL
2020-12-01,54.4548454284668,54.95544906852937,53.77809672522913,53.95423825199387,11855300,ORCL
2020-12-02,54.77003860473633,54.9461765837001,53.89861056802789,54.03766928685885,9330400,ORCL
2020-12-03,54.94618225097656,55.60438604365683,54.75150285366164,54.899830518722126,9783900,ORCL
2020-12-04,55.58583450317383,56.132793331381855,54.946172227368436,54.98325502097132,10872700,ORCL
2020-12-07,55.43751525878906,55.80833617814299,55.27991866673039,55.585842919248556,14922900,ORCL
2020-12-08,54.72367858886719,55.35407192971581,53.97277147433413,54.686599331954184,15237800,ORCL
2020-12-09,55.37263107299805,55.539500160021525,54.51047530218041,54.593909845692146,12204100,ORCL
2020-12-10,55.140846252441406,55.44677396544163,54.73294617151728,55.16865657674706,14219900,ORCL
2020-12-11,56.18842697143555,56.54997542884347,55.08523666288166,56.49435122908439,16209900,ORCL
2020-12-14,56.32748794555664,57.16183334549653,56.26259480738474,56.392384620139346,16193600,ORCL
2020-12-15,57.34723663330078,57.65316088396111,56.45727067594848,56.63340866654622,15506700,ORCL
2020-12-16,58.20011520385742,58.58020502254053,57.33795964550622,57.35650104354077,16119900,ORCL
2020-12-17,58.96957015991211,59.37747386357621,58.15376628899415,58.394800938688434,15320500,ORCL
2020-12-18,60.313777923583984,60.564084999186946,58.8026912951198,58.84904301650901,33728700,ORCL
2020-12-21,59.776100158691406,60.43430385249523,59.21986884596469,59.22913777645899,18210200,ORCL
2020-12-22,60.3972282409668,61.18521827386914,59.72975200087327,59.850265793682084,17136000,ORCL
2020-12-23,60.536277770996094,61.37061587151036,60.39721906330382,60.499194977423514,13075200,ORCL
2020-12-24,60.22108459472656,60.80512274785513,60.05421554057261,60.304522658213784,3796500,ORCL
2020-12-28,60.13765335083008,60.897833022592515,60.02640495758906,60.638260511183944,6463500,ORCL
2020-12-29,59.7575569152832,60.508464080911224,59.53506721302677,60.489926219398235,7770200,ORCL
2020-12-30,59.70194625854492,60.17474314375523,59.655590987767354,60.07276720630161,6192000,ORCL
2020-12-31,59.970787048339844,60.04494557441516,59.34039360336448,59.64631432137455,6928600,ORCL
2021-01-04,59.099361419677734,59.980054956803315,58.561671414382424,59.97078956116867,11249900,ORCL
2021-01-05,58.36699676513672,59.13644903471552,57.92201372612196,59.03447309186427,11005700,ORCL
2021-01-06,58.227394104003906,58.95325788128179,57.61320085785904,57.94821600120027,8685400,ORCL
2021-01-07,58.69269561767578,59.316196849314444,58.48796334013139,58.48796334013139,7382800,ORCL
2021-01-08,58.98118591308594,59.13008115744128,58.54380457969221,58.7950659701561,7751700,ORCL
2021-01-11,58.65546798706055,59.15799070683095,58.478656015263795,58.58102214891431,6284700,ORCL
2021-01-12,58.08780288696289,58.6461626387571,57.86446182619893,58.62755029203641,7758200,ORCL
2021-01-13,57.75279998779297,58.24601482532406,57.66904618991574,57.99475343169237,8298000,ORCL
2021-01-14,57.32472229003906,57.85516181959412,57.24096849327023,57.76210362315882,10258600,ORCL
2021-01-15,57.49222183227539,57.69695409569321,56.96178237700391,57.32471426219575,7532600,ORCL
2021-01-19,57.03623580932617,57.966831909135934,56.859420278399185,57.790016378208946,8903400,ORCL
2021-01-20,57.28750228881836,57.72488008075553,56.90595799588358,57.11068674213021,7025000,ORCL
2021-01-21,56.96178436279297,57.5573652771982,56.691910651596146,57.371248903903265,6943600,ORCL
2021-01-22,56.17078399658203,56.90595580464159,55.59381537947042,56.7105279158303,9896700,ORCL
2021-01-25,56.67331314086914,56.719842243459276,55.621738382605834,56.189402664057205,8524700,ORCL
2021-01-26,57.510833740234375,57.73417834861754,56.61746240658596,56.822194668442016,8186500,ORCL
2021-01-27,58.20878982543945,58.79506640755001,57.110686058921175,57.138606358031076,14789000,ORCL
2021-01-28,56.97108459472656,58.85088881991371,56.92455195776337,58.20877534921634,11166400,ORCL
2021-01-29,56.23591995239258,57.23165744839364,56.03118768407535,56.915254647331665,11451800,ORCL
2021-02-01,57.240962982177734,57.70626101944121,56.52440712874122,56.691911156209144,10553500,ORCL
2021-02-02,58.041282653808594,58.55310984194873,57.51084311610701,57.585292514352766,10528000,ORCL
2021-02-03,57.855159759521484,58.39490721946665,57.678347772613165,57.86446770879917,9933500,ORCL
2021-02-04,58.9532585144043,58.990483208495796,57.92960427648348,58.1436409425963,9928700,ORCL
2021-02-05,59.18590545654297,59.62328672195784,58.88811501411559,59.0928472745127,9170200,ORCL
2021-02-08,58.72991180419922,59.43716317424062,58.47865046814794,59.36271734315609,7003400,ORCL
2021-02-09,59.25105285644531,59.41856044090993,58.5438013719944,58.70200455729651,5437400,ORCL
2021-02-10,58.87881851196289,59.46509507721536,58.56241568070915,59.40925803054379,9577500,ORCL
2021-02-11,58.3483772277832,59.53023472199958,57.957525012794406,59.148690456145665,7690800,ORCL
2021-02-12,58.70200729370117,58.7392284420287,57.98544782674276,57.99475222633899,6663400,ORCL
2021-02-16,57.82724380493164,58.869510491953086,57.790019107195235,58.72992320035541,7526000,ORCL
2021-02-17,57.78071594238281,57.83655299018054,57.10138116891899,57.53876250181127,6244500,ORCL
2021-02-18,57.76210021972656,57.89238310703658,57.380555956914755,57.52014679328545,6262400,ORCL
2021-02-19,56.887332916259766,58.03196553892369,56.84080382752226,57.938903811506755,10905100,ORCL
2021-02-22,59.97690963745117,60.46082353562443,57.95751801208327,58.48795745054129,20940300,ORCL
2021-02-23,60.02344512939453,60.693475420308815,59.604679747515306,59.948995741540855,18175400,ORCL
2021-02-24,60.20956802368164,60.62834055082505,59.632602955004536,60.01414368430212,10609300,ORCL
2021-02-25,60.7679328918457,61.754362562531774,60.09790251180031,60.15373601017564,15356100,ORCL
2021-02-26,60.032752990722656,61.67990487025944,60.023445042283356,60.99126578332336,20512600,ORCL
2021-03-01,61.57754135131836,62.098679987778006,60.2747054099963,60.4422129895932,11758900,ORCL
2021-03-02,62.033531188964844,62.74077901904631,61.419334436654054,61.55892525307777,13282000,ORCL
2021-03-03,62.26619338989258,62.85246642336184,61.60546385866985,61.65199650730876,15827600,ORCL
2021-03-04,61.05641174316406,62.63842230052445,60.77723006838992,62.05214930336064,19951100,ORCL
2021-03-05,65.11380004882812,66.74234296861492,62.63841140280803,62.63841140280803,34211500,ORCL
2021-03-08,67.15182495117188,67.87768884850112,65.23479195835161,65.57911510703481,23300500,ORCL
2021-03-09,67.5985107421875,68.13825826884602,67.00292971273187,67.37516963111311,17296400,ORCL
2021-03-10,67.1146011352539,68.5104954484672,66.53762892983359,68.39882134745132,21378600,ORCL
2021-03-11,62.73149108886719,63.37359761682466,60.888907552393896,62.95483218120521,38095400,ORCL
2021-03-12,62.49884033203125,63.159562741154346,61.83811082302304,62.31271684361868,11606300,ORCL
2021-03-15,63.029296875,63.07582243475702,62.256900164185666,62.30342572394269,8919600,ORCL
2021-03-16,62.210357666015625,63.345686222863655,62.052158008064254,63.280544769596276,14512500,ORCL
2021-03-17,61.62407684326172,62.21034984900028,61.568243347444245,62.16382430244739,11892400,ORCL
2021-03-18,62.10798263549805,62.35924756211288,61.50309374166352,61.856724808768114,13750300,ORCL
2021-03-19,61.66130065917969,62.191740161519796,61.38211898431229,62.154515464878486,30963600,ORCL
2021-03-22,61.717140197753906,61.90325659930072,61.28906679428776,61.62408199698051,10263700,ORCL
2021-03-23,62.6011962890625,63.22470106964443,61.72644078625379,61.72644078625379,12390100,ORCL
2021-03-24,62.191734313964844,62.731481714686964,62.107976979425914,62.452300066069526,11391100,ORCL
2021-03-25,63.866817474365234,63.95988277838922,62.12660704733625,62.312723455612485,14844700,ORCL
2021-03-26,65.37437438964844,65.48604847481342,63.54109898252658,63.810972696761816,12617000,ORCL
2021-03-29,66.19329071044922,67.31001016677621,65.29991940531804,65.337144097184,15183700,ORCL
2021-03-30,65.65354919433594,66.1188471840906,65.09518592672325,65.91411493261712,12000200,ORCL
2021-03-31,65.2999496459961,66.16540460799459,65.05799968664529,65.79316461683304,9971700,ORCL
2021-04-01,66.82610321044922,66.84471910825695,65.44882496783615,65.56979990404744,13228700,ORCL
2021-04-05,69.01301574707031,69.70165492861364,67.05875809963015,67.17974014630876,25010200,ORCL
2021-04-06,69.12467193603516,69.46899502291225,68.08240892690968,68.51048224849825,14699800,ORCL
2021-04-07,69.22750091552734,69.33030997972602,68.64803229282616,68.78822711951574,12356800,ORCL
2021-04-08,70.3583755493164,70.59203115734714,69.30225476803469,69.41440489630335,13507700,ORCL
2021-04-09,70.63874816894531,70.74155718223992,70.00320478248854,70.42378192371073,13285700,ORCL
2021-04-12,71.14346313476562,71.20888642074146,70.2836050654502,70.33033903997725,10634900,ORCL
2021-04-13,71.65750885009766,71.97528422347274,70.93785262754899,71.18085648594122,13142400,ORCL
2021-04-14,71.79769134521484,72.3023882888908,71.5079606875983,72.00330941085352,12730700,ORCL
2021-04-15,73.17160034179688,73.41460420152089,71.8070522735999,71.96593639585613,13604200,ORCL
2021-04-16,73.78843688964844,74.15293906143371,72.76970187891604,73.1902791138673,13334100,ORCL
2021-04-19,73.60150909423828,74.96605685161471,73.21831051309016,73.65758415270774,19967200,ORCL
2021-04-20,74.05947875976562,74.22771108103393,73.50805495319926,73.55478179596072,12562300,ORCL
2021-04-21,71.6481704711914,74.15295214250806,71.52666497209317,73.63891400139933,18672800,ORCL
2021-04-22,69.97518157958984,71.4799242124161,69.86302432469365,71.13411135777177,16769300,ORCL
2021-04-23,70.06865692138672,70.0966944582733,69.02187705045888,69.4331132730742,10664700,ORCL
2021-04-26,69.6293716430664,70.13406861534627,69.3489820593765,70.06864532989907,9402200,ORCL
2021-04-27,70.30232238769531,70.49859230391613,69.36769966439302,69.5265838160091,9300200,ORCL
2021-04-28,69.8817138671875,70.34902506823506,69.77891196311184,70.2462231641594,6107800,ORCL
2021-04-29,70.90982818603516,70.93786572668,69.76023910535811,70.45185792015108,7940400,ORCL
2021-04-30,70.83503723144531,70.95653558445511,70.27426518051806,70.62007092777806,7825300,ORCL
2021-05-03,72.27436828613281,72.41456310403207,71.1060900213134,71.29301169144266,15319600,ORCL
2021-05-04,73.39588928222656,73.55477336448864,71.90049500381377,72.03134155751225,15316500,ORCL
2021-05-05,74.01274871826172,74.61090647234109,73.29308549092684,73.8071306533089,12271900,ORCL
2021-05-06,74.52679443359375,74.73241251974535,73.42393962381992,74.00340812746502,14089700,ORCL
2021-05-07,75.14363098144531,75.27447752713826,73.44261875683492,74.59220014122332,14073400,ORCL
2021-05-10,74.90998840332031,75.44272289759716,73.46132079980444,73.62020489988979,17356700,ORCL
2021-05-11,72.61083221435547,74.67634730862451,72.19959598777726,74.53615249223607,12980400,ORCL
2021-05-12,71.7322769165039,73.07813559907582,71.52665882548833,72.49866708172318,12302600,ORCL
2021-05-13,73.0313949584961,73.31178453531737,71.8537687186911,72.46127471473513,11399300,ORCL
2021-05-14,73.73238372802734,73.88192678169462,73.01272739141803,73.01272739141803,9033400,ORCL
2021-05-17,73.90995788574219,74.33053520899955,73.69499154746543,73.7230290849353,6637900,ORCL
2021-05-18,73.54544067382812,74.27444502213974,73.26505109496834,73.82582312208471,6643100,ORCL
2021-05-19,73.59217834472656,73.62021588061727,72.47998234763776,72.72297907909339,8165000,ORCL
2021-05-20,73.573486328125,74.13425841715076,73.53610057144274,73.78844551579294,8802700,ORCL
2021-05-21,73.86321258544922,74.62960272481831,73.81648574036055,74.0127556031815,8629000,ORCL
2021-05-24,74.1903305053711,74.6576417492133,73.96602310489587,74.29313954946467,7044700,ORCL
2021-05-25,73.67628479003906,74.47071239622711,73.5080524744437,74.40528911408464,7160600,ORCL
2021-05-26,74.07818603515625,74.18099508711158,73.41460487382905,73.4519835012635,12851100,ORCL
2021-05-27,73.81649017333984,74.81653599001979,73.68563645966402,74.30249074894898,12867800,ORCL
2021-05-28,73.59217834472656,74.17164689868342,73.52675505078017,73.78844822656576,6929700,ORCL
2021-06-01,74.36791229248047,74.61091613987527,73.3491771867086,74.3772605140813,10485300,ORCL
2021-06-02,75.02214050292969,75.63899473915687,74.31183257895115,74.4894059946441,12249300,ORCL
2021-06-03,75.7885513305664,76.13436429663112,74.44269949119588,74.58289432233592,12038700,ORCL
2021-06-04,77.4708480834961,78.47089373939541,76.05022521114115,76.09695205152354,14502900,ORCL
2021-06-07,78.45221710205078,78.74194780327251,77.4334748409549,77.51759457619592,10445600,ORCL
2021-06-08,79.07842254638672,79.47096234585462,78.50830216261458,78.53633970106159,10726800,ORCL
2021-06-09,78.99427032470703,79.28400807428865,78.53630741360327,79.06904181689596,9720300,ORCL
2021-06-10,76.91942596435547,78.93820662973677,76.36799504336601,78.6578241895854,16680800,ORCL
2021-06-11,77.48021697998047,77.7979852495497,76.48951214941906,76.62036587697638,11066500,ORCL
2021-06-14,77.21851348876953,77.6671282954673,76.76054332990233,77.57366747162224,10173200,ORCL
2021-06-15,76.30256652832031,77.11569052326382,76.03152519667248,76.63903113791056,17298000,ORCL
2021-06-16,72.04071807861328,73.41461456278832,70.9378630280365,72.89122101177557,36560600,ORCL
2021-06-17,72.48931884765625,72.65755118294874,71.55469634727655,71.95658430766397,14836100,ORCL
2021-06-18,71.24626159667969,71.88180505063349,71.00325780030262,71.87245683099529,22521200,ORCL
2021-06-21,72.89122772216797,72.99403679715627,71.54537578427674,71.6014508685955,8924300,ORCL
2021-06-22,73.53609466552734,74.012754111689,72.58278290380741,72.9566261793974,9845800,ORCL
2021-06-23,72.9939956665039,73.71365878590623,72.95660992115556,73.61084976884875,7295900,ORCL
2021-06-24,72.65755462646484,73.797795271865,72.53605626267459,73.50806456480908,9624000,ORCL
2021-06-25,73.33047485351562,73.47066964385216,72.48931324209968,72.92858692420597,12845000,ORCL
2021-06-28,73.36786651611328,73.80714023360318,73.2089824018819,73.35851829451032,5605400,ORCL
2021-06-29,72.9939956665039,73.45195856846786,72.73230257966736,73.4052317347338,5392900,ORCL
2021-06-30,72.75102996826172,73.09684294579684,72.5080331922046,72.51737428547989,7899800,ORCL
2021-07-01,74.3398666381836,74.41463814161533,72.81643469142782,72.88185797427984,13108000,ORCL
2021-07-02,76.47084045410156,76.8820767853371,74.16232089929431,74.25578175713702,15258100,ORCL
2021-07-06,77.64844512939453,78.16248326653418,76.04089316183624,76.26520058294074,14200400,ORCL
2021-07-07,80.46163940429688,81.47103331279743,77.53627384437162,77.73254369370177,20976600,ORCL
2021-07-08,79.99432373046875,81.20933564100058,79.12513178799315,79.46158927475,16383300,ORCL
2021-07-09,82.0224609375,82.62061868202667,80.17190551308123,80.2653663236755,15685300,ORCL
2021-07-12,81.38691711425781,83.04119555997079,81.28410808383806,81.80749432553658,16076800,ORCL
2021-07-13,81.37760162353516,82.18137774976094,80.87290448865345,81.03178864298502,12789300,ORCL
2021-07-14,82.81282806396484,83.17867483386287,81.29315906805212,81.68714679611045,13330500,ORCL
2021-07-15,80.89916229248047,83.2724784672957,80.214375136893,82.64397322671356,18306300,ORCL
2021-07-16,82.07176208496094,83.0004567618574,81.16183282045657,81.37759212151849,14617500,ORCL
2021-07-19,81.59335327148438,82.4282352191545,80.85227691717678,81.5276886404398,15619900,ORCL
2021-07-20,83.16930389404297,83.53515068421206,81.63086224593552,81.70590957645926,12813900,ORCL
2021-07-21,84.13550567626953,84.6608226178154,82.98167635748091,83.38504676814122,13108100,ORCL
2021-07-22,85.0735855102539,85.49571422152358,84.1261326401577,84.42631480652685,13638900,ORCL
2021-07-23,82.2593765258789,85.55199771076838,81.72467680857063,85.35500383143454,12680900,ORCL
2021-07-26,82.4188461303711,82.6439809683887,81.30254033215019,82.0248583746134,10454100,ORCL
2021-07-27,82.362548828125,83.11300053366571,81.72466094211701,82.32502516931204,8465200,ORCL
2021-07-28,81.78094482421875,82.50325559229647,81.72466291309502,82.45635638532879,6396800,ORCL
2021-07-29,82.20307922363281,82.79406795941178,81.92166249141565,82.24998559078907,6201400,ORCL
2021-07-30,81.7434310913086,82.6908839327512,81.49015530358803,81.99671403593634,7962800,ORCL
2021-08-02,82.1749496459961,82.4845145355208,81.69653183099499,82.29690335472826,5579100,ORCL
2021-08-03,84.18241882324219,84.5857893006895,82.3719430277565,82.43760765632197,9889800,ORCL
2021-08-04,84.47322082519531,84.51073733354103,83.75090279366175,84.22932057950409,7509900,ORCL
2021-08-05,83.8916244506836,84.91411760867197,83.26311908805359,84.59517715249848,8231300,ORCL
2021-08-06,83.97603607177734,84.31374189588817,83.31938983428809,83.71337757678164,6513900,ORCL
2021-08-09,84.3324966430664,84.86719627081307,83.58203776062258,83.91974354203167,5798700,ORCL
2021-08-10,84.08860778808594,84.538884609739,83.42257883950681,83.58204904756647,5473300,ORCL
2021-08-11,84.0792236328125,84.82029989837288,83.9666597970207,84.33250657715837,8009800,ORCL
2021-08-12,84.24807739257812,84.40755475640255,83.17867800033414,83.59143115415014,5687200,ORCL
2021-08-13,84.78276824951172,85.68331463557072,84.37939784312947,85.00791021370634,6640400,ORCL
2021-08-16,85.19551086425781,85.21426911384312,83.9947824974415,84.29496458914558,7122800,ORCL
2021-08-17,85.31747436523438,86.09607428079462,84.77339913606988,85.35499802878141,6738500,ORCL
2021-08-18,83.43195343017578,85.4112818294129,83.35690610771499,84.88595772909397,7666300,ORCL
2021-08-19,83.2162094116211,83.85409745557868,82.76593970818509,82.82222163188761,8099400,ORCL
2021-08-20,83.43195343017578,83.86346479896542,82.83158916430264,83.3006241943227,8716400,ORCL
2021-08-23,83.6008071899414,84.02293585855278,83.21619502604096,83.94788853531757,7147300,ORCL
2021-08-24,83.06611633300781,84.0979920875921,82.99106900182525,83.68523892299542,6320100,ORCL
2021-08-25,83.13175964355469,83.39441807844054,82.59706007056405,83.06609503483322,5748500,ORCL
2021-08-26,83.22557067871094,83.65708201539009,82.98167047731627,83.30999354251715,9093200,ORCL
2021-08-27,83.81655883789062,83.97602903120983,83.12238899404316,83.29124189194191,5426800,ORCL
2021-08-30,83.91036987304688,84.4075530514221,83.76966507973106,83.91975257823695,5357000,ORCL
2021-08-31,83.61019897460938,83.95728754429615,83.00983458595141,83.91038116893836,8113300,ORCL
2021-09-01,84.37940216064453,84.5857787265962,83.366291897556,83.73213866195874,8208000,ORCL
2021-09-02,84.23870086669922,84.89534709750825,83.87285408711888,84.58578223573807,7717400,ORCL
2021-09-03,84.42631530761719,84.87659213829708,83.76966905132092,83.80718556004577,8456900,ORCL
2021-09-07,83.22557067871094,85.05480429690581,83.05671779419248,84.46382277954426,11046000,ORCL
2021-09-08,83.92914581298828,84.05109236813016,82.5220404480411,82.68151067174387,8851200,ORCL
2021-09-09,83.99480438232422,85.20491576768103,83.87285783598251,84.05108630265,11034700,ORCL
2021-09-10,84.12613677978516,84.94226043956088,83.96666656162793,84.09799581857008,10547400,ORCL
2021-09-13,83.38504791259766,84.90472400180701,82.76592538826495,84.53887724722253,18883400,ORCL
2021-09-14,81.03988647460938,81.56520351240454,79.48269361675605,80.85227529165621,22714200,ORCL
2021-09-15,82.2968978881836,82.88787950964135,80.83350357895766,81.18997481845591,14951100,ORCL
2021-09-16,81.84661865234375,82.52203028947969,80.85226660706424,82.24060638837068,12410500,ORCL
2021-09-17,81.03988647460938,82.14680963061194,80.62713328382296,80.87103354718838,58069000,ORCL
2021-09-20,80.83351135253906,81.99672361015531,79.6703062518308,79.76411184501714,13897700,ORCL
2021-09-21,81.53706359863281,82.23124072967897,80.78661170026686,81.36821066904159,11124400,ORCL
2021-09-22,82.96292877197266,83.48824578105881,81.83724026504984,82.19371151285044,9908000,ORCL
2021-09-23,83.88223266601562,84.48259700070471,83.16930449163947,83.43196299345252,9720200,ORCL
2021-09-24,84.3700180053711,84.48258182483798,83.43194800631437,83.74150566675443,7617800,ORCL
2021-09-27,85.40190887451172,85.65518467059806,83.62895683118514,84.21993845999152,11533000,ORCL
2021-09-28,84.8859634399414,86.5557271140439,84.47321745245205,85.02667538979537,15041800,ORCL
2021-09-29,85.5988998413086,86.37749977122151,85.3643823074968,85.5050942591653,12007300,ORCL
2021-09-30,81.73403930664062,85.90845524292739,81.72466375929379,85.59889041472893,15649900,ORCL
2021-10-01,84.18241882324219,84.67959489051051,82.17494914206006,82.32504381129986,13320900,ORCL
2021-10-04,83.73213958740234,84.82967989274107,83.45071569310203,83.93851615563497,10853900,ORCL
2021-10-05,85.82404327392578,86.27432013302506,83.6477206282463,83.81657355579505,9788600,ORCL
2021-10-06,85.68330383300781,85.83339845688097,84.09797052055465,84.82028121645389,10268300,ORCL
2021-10-07,86.59324645996094,87.12794611721839,85.97412393114496,86.03040584551731,9124400,ORCL
2021-10-08,88.85245513916016,89.4454925695985,86.70621623075063,86.96037307756603,13202300,ORCL
2021-10-11,89.69964599609375,91.12106121040662,88.67358902201008,88.7583127488036,12959300,ORCL
2021-10-12,89.96322631835938,90.85749011169798,89.6714152834011,90.20797499576494,9964100,ORCL
2021-10-13,90.74455261230469,91.29993594090774,90.32094821993161,90.46214968405597,9453900,ORCL
2021-10-14,89.69024658203125,91.63880646272108,88.83363690939764,91.12107739384257,7911200,ORCL
2021-10-15,89.7373046875,90.40565046477253,89.17250614716576,89.51137952592383,7422800,ORCL
2021-10-18,90.84809875488281,90.97988487129436,89.52081506298896,89.89734990208113,7344100,ORCL
2021-10-19,91.36581420898438,91.57290869860022,90.66922952902497,91.30933650519955,5616500,ORCL
2021-10-20,90.97044372558594,92.22241865823321,90.60332433658452,91.56348108124917,6574100,ORCL
2021-10-21,90.65042114257812,91.14932676070663,90.09503062943924,90.9045780338079,6224400,ORCL
2021-10-22,92.48599243164062,92.50481593677343,90.57508707043665,90.64098011110566,6819600,ORCL
2021-10-25,92.14713287353516,93.14494405431334,91.82708294075891,92.66486915514899,5083100,ORCL
2021-10-26,91.29049682617188,92.77779782286456,91.25284263638439,92.53305636194945,7089700,ORCL
2021-10-27,90.39624786376953,91.59174533810851,90.36800901004256,91.13048678788748,5941200,ORCL
2021-10-28,90.58451080322266,91.96826478542562,90.30210792745682,90.97986908385208,5177200,ORCL
2021-10-29,90.31153106689453,91.28110334527908,89.85968786302973,90.17032961682402,7578600,ORCL
2021-11-01,88.84303283691406,90.39623419324604,88.40061222575795,90.3679953437896,7327600,ORCL
2021-11-02,90.24565124511719,90.29271361417099,88.01468811597888,88.23119799540284,6229600,ORCL
2021-11-03,90.50920104980469,91.18696219599857,89.19133295240583,90.83866627870357,5746400,ORCL
2021-11-04,90.01969909667969,90.94220887225897,89.72788807768148,90.58450481084817,5857500,ORCL
2021-11-05,89.37960815429688,90.88574741888964,88.57947615860964,90.55627496613229,6160200,ORCL
2021-11-08,89.55845642089844,89.6620036663435,88.77714799865069,89.6620036663435,5056400,ORCL
2021-11-09,89.04072570800781,90.00088982854292,88.54182013913163,89.53022311348175,6102600,ORCL
2021-11-10,88.32530212402344,89.28545889591122,87.88287433965645,88.57945894599868,5828800,ORCL
2021-11-11,88.52299499511719,89.20075620137274,88.29707698696667,88.58888804673626,3620600,ORCL
2021-11-12,88.05232238769531,88.92776269013815,87.94877514468998,88.75832239992974,6435300,ORCL
2021-11-15,88.50414276123047,88.72065255344938,87.46867769564085,88.31587899723317,5700900,ORCL
2021-11-16,90.00086975097656,90.7162850091785,88.50414619643583,88.61710876830008,7392900,ORCL
2021-11-17,89.7373046875,90.49978235786106,89.25722269640451,90.14207829140344,6257600,ORCL
2021-11-18,89.10663604736328,89.73732779343287,88.01468569732792,89.56788746952411,5725300,ORCL
2021-11-19,88.45709228515625,91.27167687100396,88.42885343494623,89.2478088182493,8936600,ORCL
2021-11-22,89.05953979492188,90.05735074665091,87.9299427620891,88.23116911629803,6488200,ORCL
2021-11-23,87.48754119873047,88.75834003690947,86.84743410650479,88.63596926258873,8905500,ORCL
2021-11-24,88.08997344970703,88.20292885129192,86.74386652032884,86.81917490925426,10908500,ORCL
2021-11-26,86.91331481933594,88.56064827452363,86.6685661236601,87.44045922681875,4519300,ORCL
2021-11-29,87.48754119873047,88.60772322377169,87.42164813843392,87.70404389035986,9552500,ORCL
2021-11-30,85.41659545898438,88.03350130754053,85.29422469562319,87.56283458134541,23271200,ORCL
2021-12-01,84.48468017578125,86.96979999860805,84.39996360950069,86.31086943263297,12084900,ORCL
2021-12-02,84.71058654785156,85.69898944264982,83.77866853794126,84.15520331604553,7089800,ORCL
2021-12-03,83.0632553100586,85.46365829801645,82.57376511321972,85.04946931328867,10808600,ORCL
2021-12-06,83.72219848632812,83.93870115580712,82.6961413017665,83.15739267665168,8398500,ORCL
2021-12-07,84.76708221435547,85.40718926400756,83.97635836158314,84.70118915844148,6803700,ORCL
2021-12-08,83.72219848632812,84.88003459619559,82.75262619181667,84.76707917970367,7695800,ORCL
2021-12-09,83.5621566772461,84.71058449076442,83.06325116063972,83.89162908871373,8615800,ORCL
2021-12-10,96.60904693603516,100.10139308508009,94.22747451707006,98.17166387064073,45824600,ORCL
2021-12-13,94.97113037109375,98.23755856331222,94.62283441216931,96.43020007864287,16317600,ORCL
2021-12-14,94.02977752685547,95.50767043829391,93.5591109030623,94.13332475863419,9511600,ORCL
2021-12-15,97.56922149658203,97.67276875908227,94.35927072268422,94.67932785635902,14452200,ORCL
2021-12-16,97.16443634033203,97.89867525566085,96.27958063119011,97.85160571214324,9053200,ORCL
2021-12-17,90.95164489746094,94.08627997850489,90.18915988267328,91.95887145011685,28872300,ORCL
2021-12-20,86.26377868652344,90.76335048448763,86.15081611077186,90.76335048448763,17205400,ORCL
2021-12-21,86.14141082763672,86.45204535317883,84.44700804375698,86.423806503748,15823000,ORCL
2021-12-22,84.58821868896484,86.47088546204343,84.25875344003686,85.91549502944727,10539000,ORCL
2021-12-23,84.45642852783203,85.05888129170056,83.83514507532819,84.74823956544863,9655400,ORCL
2021-12-27,84.2869873046875,85.03064149786272,83.79748995084397,84.43759690308318,7666200,ORCL
2021-12-28,83.44921112060547,84.53174601592718,83.32683317671606,84.43760692622634,5610500,ORCL
2021-12-29,83.03499603271484,83.95750567674172,82.57374480160239,83.30798350715338,5628500,ORCL
2021-12-30,82.84675598144531,83.69395749249634,82.62083079062903,83.44920879334737,7382400,ORCL
2021-12-31,82.09368896484375,82.93147515724961,82.06545011055208,82.88441279403159,5908200,ORCL
2022-01-03,82.74320983886719,82.78086403784067,80.72875687551205,82.2066500716521,10644400,ORCL
2022-01-04,83.6280517578125,84.32464361096856,82.58317834168548,82.74320328830099,11959000,ORCL
2022-01-05,81.38768005371094,83.40213283516051,81.16176206207454,83.29858559278478,11236700,ORCL
2022-01-06,81.57665252685547,82.59707107952167,80.83024286117514,81.25541365387748,7918400,ORCL
2022-01-07,82.68209075927734,83.1450555273615,81.51994647051502,81.68056587047533,9836800,ORCL
2022-01-10,84.35443878173828,84.44892035968238,82.15298269407738,82.5592599668711,11025500,ORCL
2022-01-11,83.59861755371094,84.08992631098525,82.58764906505313,83.74978670653162,7249800,ORCL
2022-01-12,83.4379653930664,84.58120924457806,82.83327454943186,83.98596872276129,5840300,ORCL
2022-01-13,82.9466552734375,84.01431094790753,82.71989801332985,83.83479808754383,6044300,ORCL
2022-01-14,82.8521728515625,83.2395495333415,81.87899877785638,82.65375934989765,6054800,ORCL
2022-01-18,80.8302230834961,82.1718801808613,80.63180240640217,82.07739860654357,6824700,ORCL
2022-01-19,78.77995300292969,81.90734640349113,78.63823421539063,81.03809699184444,10501800,ORCL
2022-01-20,78.1563720703125,80.31058423526574,77.96740166466859,79.29016567024034,10836900,ORCL
2022-01-21,77.6839370727539,78.78938663225475,77.5044170352602,78.76104288075196,11609000,ORCL
2022-01-24,77.87290954589844,77.87290954589844,75.19903813725426,76.7391160991397,16770400,ORCL
2022-01-25,76.5973892211914,77.57056323984374,75.77538429638192,76.84304710822921,13469900,ORCL
2022-01-26,75.19904327392578,77.50443160942493,74.90614817534409,77.39105658209444,13971300,ORCL
2022-01-27,75.37855529785156,76.67297532005693,74.83055202931358,75.69035100669035,10331900,ORCL
2022-01-28,76.03995513916016,76.05884857576899,74.23532558244536,75.57698304467742,7854700,ORCL
2022-01-31,76.68243408203125,77.13594860982636,75.69980966049725,76.04939227390527,10594200,ORCL
2022-02-01,76.56905364990234,76.90919315800451,75.2557400191404,76.90919315800451,8016900,ORCL
2022-02-02,77.94850158691406,78.30753451432102,76.38007979188114,76.6824324151501,9287600,ORCL
2022-02-03,77.41940307617188,78.19416369375094,77.12650075875088,77.12650075875088,8207200,ORCL
2022-02-04,77.58000946044922,78.33587651516137,76.97531870007248,77.50442131328151,5570200,ORCL
2022-02-07,76.28559112548828,77.71228679815168,76.21001018516483,77.60835489566398,6292200,ORCL
2022-02-08,76.33283996582031,76.39897779775647,75.39745999744233,75.86042482099545,6585300,ORCL
2022-02-09,78.84607696533203,79.03504732960351,77.14538693778266,77.23986851567724,8755900,ORCL
2022-02-10,77.33436584472656,79.15788878258084,77.11705889215705,78.18471463593805,6336300,ORCL
2022-02-11,75.35021209716797,77.88235744407042,75.14234828974958,77.32490385067722,7670500,ORCL
2022-02-14,74.59435272216797,75.3313264450881,74.11249443717998,75.18960045189256,5389800,ORCL
2022-02-15,75.36912536621094,75.52030170538686,74.84002259606443,75.01009237339504,5712800,ORCL
2022-02-16,74.82111358642578,75.37856000203301,73.9046270442401,75.08566491644163,6227000,ORCL
2022-02-17,71.363037109375,74.62270622999583,71.17407391766525,74.41484239402489,9247100,ORCL
2022-02-18,70.45602416992188,71.55203122891679,70.18202240517314,71.33471699877605,7790100,ORCL
2022-02-22,70.03083038330078,70.7772472487602,69.55841519314801,69.74737838581562,8039000,ORCL
2022-02-23,68.47184753417969,70.27646951486179,68.35846531216725,69.98357445193282,6807100,ORCL
2022-02-24,70.68276977539062,70.80560235795174,66.35545141830853,67.02628023085077,11240500,ORCL
2022-02-25,72.1377944946289,72.59131622627562,70.21979007168316,70.53158581166007,8291800,ORCL
2022-02-28,71.77876281738281,72.46848493588726,70.88116966011127,71.40082923582024,9234400,ORCL
2022-03-01,71.81654357910156,72.2795083462121,71.44806038774063,71.7881998272249,8752100,ORCL
2022-03-02,73.9613265991211,74.50932999109443,72.04332193569867,72.2322851426281,8527200,ORCL
2022-03-03,73.93296813964844,74.6793849130411,73.15820761170006,74.60379676190398,8203000,ORCL
2022-03-04,72.27008056640625,73.61174531103809,71.59925179833253,73.38498080833489,8841300,ORCL
2022-03-07,70.21980285644531,72.17560171382316,69.3883546069437,72.08112010500236,11110100,ORCL
2022-03-08,69.28441619873047,71.07959543247036,69.07655235366278,69.76627452122302,9134100,ORCL
2022-03-09,71.90159606933594,72.70470051311054,70.56938887831865,70.78669584587148,8959500,ORCL
2022-03-10,72.42122650146484,72.61018963257919,70.89059918890567,70.95673700564383,13812600,ORCL
2022-03-11,73.52668762207031,75.49193621478476,69.9174364606825,72.46847517788194,22795800,ORCL
2022-03-14,72.81806182861328,74.26365085352182,71.27799122721387,73.62116604150889,13306200,ORCL
2022-03-15,76.15333557128906,77.04147853299426,72.81808511601332,73.74402216209796,16847200,ORCL
2022-03-16,75.54862976074219,76.74856827591589,73.46055566724428,76.53125413564999,14071300,ORCL
2022-03-17,76.15333557128906,76.80527091198624,74.88726618275864,75.37857486272213,10462400,ORCL
2022-03-18,77.17373657226562,77.46663164860713,74.49041486295405,75.23683163963094,24176000,ORCL
2022-03-21,76.49346160888672,77.4571925690981,75.84152638336039,76.79580702202527,8131300,ORCL
2022-03-22,77.28711700439453,77.69339429850439,76.37063051243862,76.965870972351,9292300,ORCL
2022-03-23,75.95490264892578,76.9186335334198,75.79428323767101,76.76745723448634,7451100,ORCL
2022-03-24,77.7028579711914,78.25086138889733,76.04940460322275,76.20058094265251,7025700,ORCL
2022-03-25,77.22098541259766,78.26974043853633,76.74857025145202,77.5138805057933,5682300,ORCL
2022-03-28,78.9878158569336,79.0917477721631,77.23043082839543,77.23043082839543,6626700,ORCL
2022-03-29,79.63973999023438,79.84760379168206,78.52484004395515,79.82870315056,5762000,ORCL
2022-03-30,78.76103973388672,79.70586985813345,78.5342825224424,79.32793636673841,5533100,ORCL
2022-03-31,78.16581726074219,79.28071735114887,78.03353438123452,78.52485019516746,9433300,ORCL
2022-04-01,77.48552703857422,78.76104637211574,76.97531786346113,78.45870099521345,6147500,ORCL
2022-04-04,79.431884765625,79.64919891109871,77.47608629029469,77.71229387044804,7882400,ORCL
2022-04-05,78.36422729492188,79.85705368868797,78.10911907747666,78.79884836738371,5143400,ORCL
2022-04-06,77.58946990966797,77.92015908609251,76.88084715655106,77.40049951708008,5492400,ORCL
2022-04-07,77.34284973144531,77.7886583330922,76.62196758332091,77.06777618496781,7112200,ORCL
2022-04-08,76.77371978759766,77.61790760191687,76.12872162463319,77.50408184256504,6182500,ORCL
2022-04-11,75.65448760986328,76.95396448853495,75.59757108993348,76.4797011636629,5738400,ORCL
2022-04-12,75.2466049194336,76.82115506135258,74.95255679936413,75.83468668620753,6174700,ORCL
2022-04-13,75.64498138427734,75.8441710624673,74.58262919724866,75.18020546850076,4728600,ORCL
2022-04-14,75.36043548583984,76.22359816556842,75.23712963302876,75.72088022536767,5590400,ORCL
2022-04-18,74.19374084472656,75.86314944027497,73.89969995792184,75.07587074182334,4955900,ORCL
2022-04-19,75.46476745605469,75.67344444788318,74.21271274176677,74.22220003321797,5412400,ORCL
2022-04-20,76.15718078613281,77.64636685201289,75.68291761564004,75.68291761564004,9472600,ORCL
2022-04-21,75.38888549804688,77.39975694238136,75.24660508308222,77.29541845385278,5616100,ORCL
2022-04-22,72.2872085571289,75.59756423844321,72.23978657095003,75.18969752655129,9357100,ORCL
2022-04-25,73.01756286621094,73.09343947564118,70.8549166721069,72.27770622164063,7305900,ORCL
2022-04-26,70.67469787597656,72.70454361456144,70.64624324434767,72.4199828249095,7555200,ORCL
2022-04-27,70.9118423461914,72.10698051195821,70.58933957684597,70.7411072886986,7279200,ORCL
2022-04-28,72.22079467773438,72.68557055631995,70.7600632512124,71.63270574393515,6177900,ORCL
2022-04-29,69.62183380126953,71.9646949852178,69.38470221968257,71.46196995344093,7946900,ORCL
2022-05-02,70.19096374511719,70.76007822003825,68.79662857771649,70.12456717698778,7379900,ORCL
2022-05-03,69.51750946044922,70.39015212130778,69.06221354709348,70.04868199546172,5211500,ORCL
2022-05-04,71.33866119384766,71.47145429512476,69.04322931556482,69.60285635142101,6759900,ORCL
2022-05-05,69.05272674560547,70.8738957477274,68.28441541917721,70.19095556276109,7197200,ORCL
2022-05-06,68.75867462158203,69.18551583062847,67.94294136342064,68.41720454901764,6222500,ORCL
2022-05-09,67.85758972167969,68.85353824933627,67.50663229573411,67.952440928597,7019700,ORCL
2022-05-10,68.796630859375,69.83052858217458,67.6014853567252,68.76817622018773,8129000,ORCL
2022-05-11,67.37382507324219,69.67874437920389,67.22206462123884,68.5879376359957,6932100,ORCL
2022-05-12,67.08927154541016,67.27897391967929,65.41986315245137,67.23154470777115,11698900,ORCL
2022-05-13,67.50662994384766,68.27494133748179,66.89957355670646,67.30744024525598,6700100,ORCL
2022-05-16,66.12178802490234,67.26002428015258,65.81825980417234,67.05134727152253,6942100,ORCL
2022-05-17,68.1800765991211,68.19905118010067,67.06081513184209,67.39280516884395,5952500,ORCL
2022-05-18,64.78435516357422,67.28846424774214,64.31957202326913,67.15567113242128,7977300,ORCL
2022-05-19,63.58921813964844,64.40495151770706,63.28568994572078,64.00657212005507,9451600,ORCL
2022-05-20,65.0973892211914,65.15430574798857,63.4090127388018,64.3859941480485,7531100,ORCL
2022-05-23,66.43477630615234,66.84264286401238,65.1352927993237,65.74234899195064,7370200,ORCL
2022-05-24,65.4767837524414,66.89957351581191,64.7938435081543,66.08384013921152,6644100,ORCL
2022-05-25,66.23560333251953,66.60552806680747,65.23016038076551,65.33449886855774,7103300,ORCL
2022-05-26,67.97139739990234,68.40771862480364,66.31147639277121,66.52014609771255,6758900,ORCL
2022-05-27,69.03376770019531,69.10016427552686,67.86708398555751,68.63538824820601,6566700,ORCL
2022-05-31,68.21803283691406,69.22347597599229,67.83862074122514,68.51208101033198,16890300,ORCL
2022-06-01,67.91448974609375,69.49852711952785,67.48765575477442,69.26139551619883,5804700,ORCL
2022-06-02,69.37522888183594,69.4226581023642,67.3548700056166,67.80067862652338,6200400,ORCL
2022-06-03,68.09471130371094,69.20448545782952,67.56353883405052,68.82507344949401,8169500,ORCL
2022-06-06,69.21397399902344,70.98771377227418,68.89147125327095,68.89147125327095,5274700,ORCL
2022-06-07,68.94837188720703,69.36571849482999,67.9049872764481,67.9049872764481,5675700,ORCL
2022-06-08,67.70579528808594,68.43616449021833,67.28844869497635,68.3033714055907,5253500,ORCL
2022-06-09,65.6570053100586,67.49714903081369,65.63803072756755,67.12721703906726,6824900,ORCL
2022-06-10,63.6840705871582,64.70848097542745,63.51333552244667,64.48083663470644,10256100,ORCL
2022-06-13,60.75312042236328,62.69759525181002,60.47804327234108,62.39406708524513,16547200,ORCL
2022-06-14,67.07980346679688,68.70178311236917,65.46730387697585,68.29391637786733,29661300,ORCL
2022-06-15,66.1122817993164,67.74374823227384,65.13530084477787,66.82367654136077,11765500,ORCL
2022-06-16,65.17325592041016,65.41038754895335,64.1014235646008,64.97406622083584,10686000,ORCL
2022-06-17,64.23421478271484,65.79928493177904,63.92119930556545,65.21119590531801,16445600,ORCL
2022-06-21,64.19628143310547,65.95105421915717,63.921207847037124,65.07841147233026,10047700,ORCL
2022-06-22,63.10546112060547,64.09192945886474,62.963180711270354,63.484873133271684,8219900,ORCL
2022-06-23,64.14884948730469,64.37650107509667,62.89679470118258,63.02958784238618,8775800,ORCL
2022-06-24,67.06080627441406,67.13669011494498,64.47133353725822,64.812803582966,20132600,ORCL
2022-06-27,66.78575134277344,67.20309806310799,65.3914162924504,65.79928295862189,8840600,ORCL
2022-06-28,65.04995727539062,67.41178653070389,65.0025280497616,66.93752322114872,7252100,ORCL
2022-06-29,65.64752197265625,66.48222273546256,65.23965526472836,65.47678690336822,8077900,ORCL
2022-06-30,66.27355194091797,66.63398942083539,64.69899441124474,64.69899441124474,9888600,ORCL
2022-07-01,67.2220687866211,67.32640726988691,66.21662587848519,66.25456780300749,7805600,ORCL
2022-07-05,68.28440856933594,68.29389585892052,66.56757822528729,66.75728059688943,9040400,ORCL
2022-07-06,67.97139739990234,68.99580029299692,67.63940740913108,68.59742098808896,6043700,ORCL
2022-07-07,68.13265991210938,68.27494033377833,67.51611624266576,68.13265991210938,7814500,ORCL
2022-07-08,68.17060089111328,68.5215510581028,67.65839572224677,67.99986583482445,4927300,ORCL
2022-07-11,68.18963623046875,68.57074505620048,67.5512831270697,67.64655851624106,4543300,ORCL
2022-07-12,67.08443450927734,68.5421691715502,66.76048943485733,68.21822409713019,7140800,ORCL
2022-07-13,66.7223892211914,67.19877355921967,65.43615296232471,65.78867998932296,6454800,ORCL
2022-07-14,66.16976928710938,66.29363384405546,65.00739782539709,65.89347281941451,4915500,ORCL
2022-07-15,67.39884948730469,67.52271405888933,66.69380275070203,66.94152462482369,5134100,ORCL
2022-07-18,66.8938980102539,68.3230512409021,66.83673420712373,67.88477845578923,4642300,ORCL
2022-07-19,68.82799530029297,68.88516635398872,66.94151771641133,67.30356713426566,7160300,ORCL
2022-07-20,69.16146850585938,69.64738252242219,68.75178499016711,69.1233641589953,5655700,ORCL
2022-07-21,71.01937103271484,71.1051167160223,68.72319525907203,68.74225470139417,7005100,ORCL
2022-07-22,71.36236572265625,71.7339448749756,70.75259443325797,71.28614249421967,6659800,ORCL
2022-07-25,71.32425689697266,71.8673346999832,70.82881316181192,71.55291932217514,5721600,ORCL
2022-07-26,70.53345489501953,71.7434750293594,70.22856924847787,71.26709075232262,7284400,ORCL
2022-07-27,72.28656005859375,72.52475222098249,70.80976574416437,70.86692953704232,6677200,ORCL
2022-07-28,73.40128326416016,73.62994565995447,71.75299062473682,72.06740596210807,5688100,ORCL
2022-07-29,74.16352081298828,74.46841381101703,73.36319850031032,73.372728223761,5926600,ORCL
2022-08-01,73.78240203857422,74.13492176517538,73.07734804727694,73.53468016949552,5227500,ORCL
2022-08-02,72.74388885498047,73.61091186188396,72.46758505945238,73.35366024199132,6403400,ORCL
2022-08-03,73.71570587158203,74.08728502728641,72.69624380635896,73.09640485572565,6127800,ORCL
2022-08-04,73.74429321289062,74.17303618759176,73.46798943866519,73.79192728283088,3656200,ORCL
2022-08-05,73.69666290283203,73.74430424894972,72.41042651719168,72.66767088670022,4858100,ORCL
2022-08-08,72.85820770263672,73.77286458212313,72.66764964292285,73.28695061616116,4733500,ORCL
2022-08-09,73.14405059814453,73.27744490494106,72.25797540793269,72.6105024471519,4243700,ORCL
2022-08-10,73.877685546875,74.29690609913526,73.55374041038799,73.92531962023749,5258500,ORCL
2022-08-11,73.51563262939453,74.31595480740822,73.43940939271286,74.2683134672202,5554600,ORCL
2022-08-12,75.41162872314453,75.66887302145022,73.99200568417177,74.31594348715278,6692300,ORCL
2022-08-15,75.37352752685547,75.66888347851332,74.79233807620444,75.11627592395206,3733500,ORCL
2022-08-16,75.76416015625,75.89755445531397,75.12580690273798,75.17344824304996,6185100,ORCL
2022-08-17,75.50691223144531,76.00234870953568,75.22107874124667,75.26872007929565,5185100,ORCL
2022-08-18,75.57360076904297,76.10714882864494,75.2782448459129,75.5354891549218,4120500,ORCL
2022-08-19,74.94477081298828,75.39256588474422,74.73516058801297,75.29729049222266,4679000,ORCL
2022-08-22,72.84869384765625,74.24926499812635,72.57239005268168,74.24926499812635,5757700,ORCL
2022-08-23,72.80107116699219,73.37273102199933,72.64862466216391,72.64862466216391,4432300,ORCL
2022-08-24,72.57238006591797,72.94395922584214,72.4580524899704,72.85821354388146,3876400,ORCL
2022-08-25,73.25836944580078,73.2774288864832,72.3913538899675,72.73434386273625,3523400,ORCL
2022-08-26,71.1241683959961,73.61089470717967,71.04794517312115,73.344120696164,4904100,ORCL
2022-08-29,70.6859130859375,71.32426637855545,70.57157822361329,70.60968984438803,4295500,ORCL
2022-08-30,70.63825988769531,71.1432260573789,69.99037698135386,70.90503391929816,5099100,ORCL
2022-08-31,70.6478042602539,71.60057301017223,70.54299911623899,70.943160246633,8612900,ORCL
2022-09-01,71.74347686767578,71.81017037740797,70.0570724130876,70.61920965429945,8139800,ORCL
2022-09-02,71.15276336669922,73.14404636428235,70.96221254353121,72.16269581377598,11027700,ORCL
2022-09-06,70.34290313720703,71.63866893468617,70.07612910873434,71.17180711581186,7090100,ORCL
2022-09-07,70.97174072265625,71.14323938496388,69.95227847145217,70.2000003767962,5792600,ORCL
2022-09-08,71.1241683959961,71.26708512162494,70.13328830576175,70.53344932228525,6897100,ORCL
2022-09-09,72.32466888427734,72.4199442917445,70.9240978604624,71.12417839685773,7762400,ORCL
2022-09-12,73.43941497802734,73.72524123374974,72.66766736876535,73.01066469087101,15628900,ORCL
2022-09-13,72.44852447509766,75.65935724110619,72.20080260629867,72.46757664852181,29476500,ORCL
2022-09-14,68.71367645263672,72.28655882762526,68.38020161573289,72.21033559238735,21601400,ORCL
2022-09-15,66.92247772216797,68.685098528486,66.45562305076513,68.12296843196712,12478100,ORCL
2022-09-16,65.57906341552734,66.50325010553742,65.02645589194748,66.2936398539004,23412000,ORCL
2022-09-19,65.8077392578125,65.86490305844212,64.7025312543627,64.97882780343846,8364000,ORCL
2022-09-20,64.8930435180664,65.226510938546,64.26421300883811,65.04548265212368,8624300,ORCL
2022-09-21,63.59730529785156,65.62669983881348,63.58777557633127,65.46473091820687,6768200,ORCL
2022-09-22,62.91130065917969,63.7783234525508,62.730272324509556,63.69257051068992,7190700,ORCL
2022-09-23,61.50121307373047,62.349176505341305,60.853326531667975,62.26342355556922,9282500,ORCL
2022-09-26,60.45316696166992,61.85373429894251,60.39599953859859,61.29160432743101,6897800,ORCL
2022-09-27,59.47180938720703,61.35829425878411,59.109759965773705,61.12963184888133,9284800,ORCL
2022-09-28,60.09111404418945,60.35788808351679,59.30984409942479,59.662367456325015,8549900,ORCL
2022-09-29,58.49999237060547,59.64331176103464,57.909273233090204,59.34795582680071,8882100,ORCL
2022-09-30,58.185585021972656,59.20504725429286,58.1760589340317,58.36660976904451,9794400,ORCL
2022-10-03,60.100650787353516,60.25309363256934,57.937865422118755,58.10936407730207,9661400,ORCL
2022-10-04,62.587371826171875,62.72075884900202,60.78663611439362,60.78663611439362,9892600,ORCL
2022-10-05,63.49250030517578,64.0165259542067,61.910908174637584,62.253898190583264,9201600,ORCL
2022-10-06,62.21579360961914,63.654468987849995,62.139570375673124,63.197144122269215,6992000,ORCL
2022-10-07,60.30072784423828,61.56791187467951,59.7767058213473,61.44404729980991,7137900,ORCL
2022-10-10,59.61472702026367,60.88191091800204,59.09070505224966,60.6056071702138,6407200,ORCL
2022-10-11,59.76795959472656,60.42874809244148,59.040134741585824,59.23166509811255,7376900,ORCL
2022-10-12,61.07996368408203,61.5587968986721,59.53812014858883,59.96907077236139,9008600,ORCL
2022-10-13,62.439849853515625,62.92826179065853,59.63389050535743,59.83499958384799,10147100,ORCL
2022-10-14,61.587520599365234,63.790156125819365,61.49175542569645,62.93783365926267,8044500,ORCL
2022-10-17,64.18279266357422,64.70951205485244,63.08148225594279,63.09105365839215,11368300,ORCL
2022-10-18,64.19237518310547,65.67676096925183,63.522011651151026,65.12131272482414,6688600,ORCL
2022-10-19,63.493282318115234,64.34560479034475,62.995291721460006,63.675233957372626,5506000,ORCL
2022-10-20,66.31839752197266,66.96003224987315,64.34560709619485,64.67121016178685,17600500,ORCL
2022-10-21,69.62235260009766,69.70854638563793,67.33353021763475,68.02305127629424,15652600,ORCL
2022-10-24,69.83302307128906,70.5704301951781,68.74128410149191,69.84260177984204,11489400,ORCL
2022-10-25,70.04371643066406,70.97265396152687,69.53615443291372,70.34059066185816,9137700,ORCL
2022-10-26,71.65260314941406,72.51450441151911,69.47870353327451,69.53616118194314,10693600,ORCL
2022-10-27,71.96864318847656,72.66773568318901,71.39404471581011,71.58557510456026,7053000,ORCL
2022-10-28,74.08506774902344,74.39152068185274,72.11227745058568,72.11227745058568,8758100,ORCL
2022-10-31,74.7650146484375,75.01400995521198,73.16571353338526,73.26147871094015,12349000,ORCL
2022-11-01,73.84565734863281,75.87591276509096,73.10825012244871,75.27257825159217,7753000,ORCL
2022-11-02,71.93990325927734,74.15211032554988,71.83455936979628,73.40513169571318,7524300,ORCL
2022-11-03,71.85371398925781,72.4857773657823,70.91520494137127,71.55683972196528,6761200,ORCL
2022-11-04,72.78264617919922,73.42428091171314,71.09715127451636,72.72518853342626,7219000,ORCL
2022-11-07,73.49131774902344,73.8264995289209,72.29423474480758,72.88799054520798,5394300,ORCL
2022-11-08,72.43788146972656,73.874380981643,71.84412570782527,73.69242203874767,9104200,ORCL
2022-11-09,72.45703887939453,73.29978262930791,71.82497558714873,72.18888616648113,6013700,ORCL
2022-11-10,73.90312194824219,75.14809131906961,73.46259623562732,74.4106840235068,10437300,ORCL
2022-11-11,74.44898986816406,74.59264130098167,73.32852184373445,73.86481273274376,7712900,ORCL
2022-11-14,75.20553588867188,76.17278092986167,74.0563392127499,74.19999062384372,7153000,ORCL
2022-11-15,75.82801818847656,77.26451764344411,74.70755036714125,75.58860161264865,7618500,ORCL
2022-11-16,76.50797271728516,76.83358311222267,75.5215774349303,75.77057275971602,6011900,ORCL
2022-11-17,75.8471908569336,76.21110883652747,74.87995286354703,75.81846202831643,5717300,ORCL
2022-11-18,76.35474395751953,77.05383632575635,75.511992864086,76.61331066619549,6107000,ORCL
2022-11-21,76.44093322753906,76.70907865567557,75.55988187611483,76.20151662292932,5235400,ORCL
2022-11-22,78.64356994628906,78.72975641800232,76.45051294246625,76.5079705902751,8796200,ORCL
2022-11-23,79.06492614746094,79.40968659455623,78.31794761422577,78.64355795044418,6347900,ORCL
2022-11-25,79.21817779541016,79.95557782046042,79.04579752500133,79.34267181598813,2754900,ORCL
2022-11-28,77.9444580078125,78.6627077183942,77.63800509022087,78.63397889899716,5112200,ORCL
2022-11-29,77.42733001708984,78.0498146628001,77.1112983391487,77.88701312195106,4928200,ORCL
2022-11-30,79.51504516601562,79.65869659658998,76.61331695535789,77.06342136149706,9610300,ORCL
2022-12-01,80.54931640625,80.95153451533248,78.86382160280024,79.53419242435204,6127200,ORCL
2022-12-02,79.82148742675781,80.08006142836507,79.08408756486995,79.67783601546648,4798900,ORCL
2022-12-05,76.06743621826172,78.93085647409931,76.04828610665163,78.92128507150137,9102900,ORCL
2022-12-06,75.5694580078125,76.44093061952321,74.75543573478032,75.99082624918721,7656100,ORCL
2022-12-07,75.44496154785156,76.07702491013697,75.25343118096123,75.33961765413733,5105500,ORCL
2022-12-08,76.68034362792969,76.8144163311501,75.20553658609082,75.78013492938034,5918700,ORCL
2022-12-09,76.479248046875,76.95808130171073,76.17279505603676,76.27813895661387,6850800,ORCL
2022-12-12,77.83911895751953,77.96362025784286,76.55584956881137,76.91018143855784,15807600,ORCL
2022-12-13,77.14958190917969,81.95707002412121,76.32598844417238,81.34416427896406,22812200,ORCL
2022-12-14,78.35628509521484,79.38098811956286,77.15920178142434,77.38903973187544,11183100,ORCL
2022-12-15,76.68034362792969,77.5997024384758,76.09616657543461,77.36986456244286,8196800,ORCL
2022-12-16,76.21109008789062,77.05383384780798,76.1153249139205,76.5750006715429,19200700,ORCL
2022-12-19,77.09214782714844,77.66674622544666,76.30686164464403,76.53669954268031,7738800,ORCL
2022-12-20,77.51351165771484,78.04022373205544,76.94848474868598,77.09213615311121,6390200,ORCL
2022-12-21,78.04981994628906,78.66272592331723,77.51352904299331,77.90616850964467,5932400,ORCL
2022-12-22,77.08255767822266,77.73377104803335,76.06743374832308,77.51351189280538,8181400,ORCL
2022-12-23,77.42733001708984,77.4752162615349,76.60373629625752,77.10172693539175,4129100,ORCL
2022-12-27,77.55181121826172,78.02106560518628,77.19747209793972,77.45603875420868,4290700,ORCL
2022-12-28,76.92935180664062,78.18389258535052,76.79527908096547,77.65717308704416,3794000,ORCL
2022-12-29,77.95404052734375,78.33710851966374,77.28366971418018,77.54224371422224,3867800,ORCL
2022-12-30,78.2796630859375,78.46162207159315,77.34115394252805,77.69548589596351,5375700,ORCL
2023-01-03,80.17583465576172,80.290749951209,78.77764254530464,78.97875161875241,8997500,ORCL
2023-01-04,80.9036636352539,81.5644485069733,80.09922003060129,80.63551089609298,7836200,ORCL
2023-01-05,80.74085235595703,81.78471253788639,79.6969994804425,81.40164451418374,7643800,ORCL
2023-01-06,82.0337142944336,82.68492048755242,80.27160416952285,81.15265557877052,8641600,ORCL
2023-01-09,83.07185363769531,84.19652291224203,82.82193202144792,83.47557994130524,7519700,ORCL
2023-01-10,83.14876556396484,83.25450446525981,82.25479588362407,82.32208360864705,5703300,ORCL
2023-01-11,85.16739654541016,85.22507697123626,83.71589594794321,83.9850541562387,8359700,ORCL
2023-01-12,85.3404312133789,85.74415756322631,84.75406360982397,85.26352886089026,6071100,ORCL
2023-01-13,85.74414825439453,86.00369183241331,84.26381846566638,84.54257662900329,5090800,ORCL
2023-01-17,85.16739654541016,85.97485650267403,85.00398456216065,85.73454217419724,6550400,ORCL
2023-01-18,83.35063171386719,85.19624423792173,83.24489280879834,85.16740768814154,6397700,ORCL
2023-01-19,82.61045837402344,83.61977418351735,81.95680308767007,83.05263587158433,5597000,ORCL
2023-01-20,83.86969757080078,83.99465837686611,82.18749733299103,82.69696251731793,5567300,ORCL
2023-01-23,85.52307891845703,85.67687630122393,83.60056396408933,83.8120417824798,7390200,ORCL
2023-01-24,86.22476196289062,86.60926628314833,84.59062776905779,85.59995069300803,7004600,ORCL
2023-01-25,86.16712188720703,86.37859971104389,84.34073116675826,85.26353748856326,5896800,ORCL
2023-01-26,86.34976196289062,86.98418809179756,85.6384261409664,86.40743506538782,7302800,ORCL
2023-01-27,85.54228973388672,86.24401082799349,85.51345318672549,86.03253303706236,5676800,ORCL
2023-01-30,83.96582794189453,85.18662888167381,83.6197747096588,85.04243881260699,6255300,ORCL
2023-01-31,85.0328140258789,85.05204327748979,83.965817909606,84.29264918269489,6200400,ORCL
2023-02-01,86.56123352050781,87.1379865051856,84.79251605584224,84.94632076312277,6141300,ORCL
2023-02-02,85.91718292236328,87.68590033445815,85.50384195109751,87.14759854260018,8269200,ORCL
2023-02-03,86.14788055419922,86.76308463012519,84.8501773519134,85.04243320927219,5671800,ORCL
2023-02-06,85.1001205444336,86.13828034651479,84.97515971659158,86.04215606865074,4097200,ORCL
2023-02-07,84.34072875976562,84.60987967921754,82.95652298346823,84.46569692509154,9226000,ORCL
2023-02-08,83.33140563964844,84.51374812459495,83.15837901577676,83.5621053602067,7624400,ORCL
2023-02-09,83.29296112060547,84.49453295635045,82.98535902400725,83.76397522675,4960300,ORCL
2023-02-10,83.76396942138672,83.99466914439334,82.99496056628203,83.17760181947709,5318400,ORCL
2023-02-13,85.95562744140625,85.98446398747805,83.82163502635724,83.89853737175626,5560900,ORCL
2023-02-14,85.63842010498047,85.94602952011815,84.31188750435375,85.55191045733208,7484800,ORCL
2023-02-15,84.91748046875,85.75377709885242,84.6194930030662,85.40772382665918,4329900,ORCL
2023-02-16,84.32149505615234,84.85018219297794,83.63900322466449,84.07156609423194,5942500,ORCL
2023-02-17,83.8985366821289,84.04272674511401,83.15837178172853,83.82163433736201,6398400,ORCL
2023-02-21,82.86038208007812,83.57171781181542,82.81232361202778,83.39869119244847,5260300,ORCL
2023-02-22,82.97573852539062,83.80242047660113,82.6489145294205,83.32179177630721,5840100,ORCL
2023-02-23,85.1481704711914,86.01330347825579,83.68705531841356,83.77357228602547,8637100,ORCL
2023-02-24,85.22508239746094,85.44616748680158,83.7639670803595,83.92737907401334,7659200,ORCL
2023-02-27,84.55217742919922,85.52304919722205,83.97542461008634,85.41731032477352,6748800,ORCL
2023-02-28,84.01388549804688,84.60025300991289,83.8024077286774,84.30225827406913,7468000,ORCL
2023-03-01,82.99497985839844,83.8312766326854,82.65854115626472,83.53328911562606,5119800,ORCL
2023-03-02,83.60054779052734,83.89853520398496,82.54316623695118,82.7258001352908,5293600,ORCL
2023-03-03,85.7922134399414,85.83066461173654,83.70628687328103,83.93698657024065,5498500,ORCL
2023-03-06,86.26323699951172,87.15720667462563,85.69609865389282,85.94602763129346,7424800,ORCL
2023-03-07,84.93670654296875,86.59007048510632,84.63871908844818,86.1094417732669,5382400,ORCL
2023-03-08,85.06165313720703,85.63840602816217,84.73482918806313,84.97514350377867,5159200,ORCL
2023-03-09,83.50443267822266,86.167112439781,83.17760134981442,84.90786759712405,10572300,ORCL
2023-03-10,80.81291198730469,81.94719605003003,79.66901329679521,81.13974332765548,16029300,ORCL
2023-03-13,81.63957977294922,82.21633266492668,78.86154686505813,80.09195499029296,10299800,ORCL
2023-03-14,81.28392028808594,82.6008455158861,80.19770210780587,82.6008455158861,8732200,ORCL
2023-03-15,79.76513671875,80.14002649191289,78.93845482566992,79.86126098528715,11463000,ORCL
2023-03-16,81.53385162353516,81.81261714702453,78.9000084252662,79.70746111359799,10148100,ORCL
2023-03-17,81.9568099975586,82.64891651602771,81.33199120539552,81.70688101393094,13065800,ORCL
2023-03-20,83.59093475341797,84.1196292071634,81.947185634243,81.97602218011798,9177300,ORCL
2023-03-21,84.18692016601562,84.4464564226918,83.30256516735638,84.10040319124921,6683700,ORCL
2023-03-22,84.49451446533203,85.70570066417106,84.05233700660274,84.14846126566374,7233700,ORCL
2023-03-23,84.37918090820312,86.16712041803186,84.24460544693108,85.2154775608045,10747100,ORCL
2023-03-24,84.60027313232422,85.05206532274438,84.11964439082406,84.57143658124423,5852100,ORCL
2023-03-27,86.64774322509766,86.99379648289481,85.11934744800368,85.18663517403023,8170100,ORCL
2023-03-28,86.36897277832031,87.35906669085853,86.01331224691047,86.72464064354183,6378900,ORCL
2023-03-29,87.10916900634766,87.14762019157686,86.3305453396302,86.63814748765016,5233600,ORCL
2023-03-30,87.00340270996094,87.64744335886013,86.23439391492721,87.33022668087287,5640700,ORCL
2023-03-31,89.32003021240234,89.3969325596652,86.907279570975,87.0514623048285,10476300,ORCL
2023-04-03,90.28129577636719,90.35819813063584,88.52219292498563,88.80095845885037,8410900,ORCL
2023-04-04,90.35820770263672,90.37742962633405,89.32966244022518,90.21401760656141,6651500,ORCL
2023-04-05,91.21370697021484,91.42518475509607,89.85833795572998,89.99291339450687,7478800,ORCL
2023-04-06,92.20381164550781,92.35761635573873,90.34858449776779,90.67541584010236,9146200,ORCL
2023-04-10,90.50489807128906,91.80802810022399,90.30218961030111,91.39295629024247,8681500,ORCL
2023-04-11,90.7076187133789,90.8620601196003,89.96434689208759,90.21532246228543,8196000,ORCL
2023-04-12,90.6400375366211,92.01073705998228,90.3504498110561,91.10336906009896,8040300,ORCL
2023-04-13,92.23277282714844,92.42582643786736,90.67866695793472,90.91033276370204,6240200,ORCL
2023-04-14,92.38719940185547,92.6574773592541,91.39295947377248,92.18449093380649,6485100,ORCL
2023-04-17,92.27137756347656,92.65749214904339,92.00109956293673,92.31964464836861,4772400,ORCL
2023-04-18,93.1208267211914,93.38144981952401,92.44512438727082,92.66714265694313,7219400,ORCL
2023-04-19,92.48373413085938,93.12082425472236,92.27137075623838,92.27137075623838,4766200,ORCL
2023-04-20,91.53775787353516,92.81193071045259,91.31573961780849,92.66713683624148,5815500,ORCL
2023-04-21,91.8466567993164,92.00109821256237,90.9875557254146,91.71151780103004,7335800,ORCL
2023-04-24,92.1265869140625,92.74436727750698,91.6729028486686,92.03005274859949,4901700,ORCL
2023-04-25,90.79450225830078,92.37756553867445,90.75589006066683,91.83700950084646,5768800,ORCL
2023-04-26,90.4566421508789,91.51845166226724,90.09948489584315,90.49525434314137,6395500,ORCL
2023-04-27,91.740478515625,91.78873823707929,90.05123360973491,91.03581882877772,5615700,ORCL
2023-04-28,91.43157958984375,92.08797212808844,90.96824064804406,90.99719795105855,8498500,ORCL
2023-05-01,91.57637786865234,92.40652162938565,91.41227420281585,91.50880837019838,5459800,ORCL
2023-05-02,91.50879669189453,91.93351604317859,90.59177377045154,91.6342807831454,5995100,ORCL
2023-05-03,91.48949432373047,92.107274670645,91.2578285347682,91.76942719413277,6744800,ORCL
2023-05-04,91.67288970947266,91.81768357239146,91.13233381006567,91.68254459753972,5038200,ORCL
2023-05-05,93.60346221923828,93.93165479392941,91.53775788288128,91.70185417022684,8068600,ORCL
2023-05-08,93.42971801757812,93.90270450180347,93.09187052884573,93.70965089810579,5314800,ORCL
2023-05-09,92.80228424072266,93.52624631293416,92.76367204646195,92.86019884985221,6333500,ORCL
2023-05-10,94.13436126708984,94.28881002684717,92.91811042435074,93.42970905313307,5935300,ORCL
2023-05-11,94.05714416503906,94.2405428614291,92.99532735399158,94.15367095753733,5144500,ORCL
2023-05-12,94.45291137695312,94.52048087184069,93.56485305428149,94.22124558941326,4994700,ORCL
2023-05-15,93.88340759277344,94.55910260986246,93.68069908764673,94.47223069246103,4443700,ORCL
2023-05-16,94.83902740478516,95.41819556488694,93.55519961746903,93.79652029788832,6896500,ORCL
2023-05-17,96.3062515258789,96.91438433883003,95.01277624570689,95.35062371705611,9436000,ORCL
2023-05-18,98.78704071044922,98.90287730060138,96.26765931422058,96.30626414641446,10005700,ORCL
2023-05-19,99.2696762084961,99.49169448526311,98.38161783047414,98.83530190922014,8560300,ORCL
2023-05-22,98.23683166503906,99.52065961336605,98.19822683211035,98.92218896416372,5890500,ORCL
2023-05-23,95.11897277832031,97.90863962142276,95.05140327350385,97.5611372067885,10047300,ORCL
2023-05-24,94.90660858154297,95.44716461556494,93.91236843417099,94.54945127933637,6815900,ORCL
2023-05-25,100.66934967041016,101.02650697741649,95.34098419521345,95.75605611677942,16729600,ORCL
2023-05-26,100.46662902832031,102.54198838564835,100.41836194566412,100.72725212690438,13994100,ORCL
2023-05-30,101.49948120117188,102.30066763983626,100.5728106580089,101.25816051708185,10296700,ORCL
2023-05-31,102.26205444335938,102.79295552443514,100.53419747848379,100.84308765650763,13713500,ORCL
2023-06-01,102.310302734375,102.90878060943338,101.1423116490291,101.23883843803286,7835900,ORCL
2023-06-02,102.2137680053711,103.06321399294961,102.0786290383591,102.82189335692512,8652400,ORCL
2023-06-05,103.21768188476562,103.8644195418142,101.86628459940191,102.21378696891037,7442000,ORCL
2023-06-06,103.38177490234375,103.7582345632879,102.46475929020237,103.10184203775304,7023000,ORCL
2023-06-07,101.59600830078125,104.60769309831292,101.20023884273836,103.42039208870709,9842500,ORCL
2023-06-08,103.74858856201172,104.04782384445737,101.69253168333715,102.00142185491663,9526700,ORCL
2023-06-09,106.03630065917969,106.32588840826243,103.68101593376146,103.96094142947976,12597100,ORCL
2023-06-12,112.38785552978516,113.43036252490951,110.37041102822845,110.37041102822845,39081500,ORCL
2023-06-13,112.62918853759766,119.68540289380994,111.99209840474886,119.03866523617694,39190900,ORCL
2023-06-14,118.02510833740234,118.25678147971011,111.72181370642696,112.45543059469031,26264200,ORCL
2023-06-15,122.1565170288086,123.1121447489801,117.43628566328154,117.71621113891534,27476700,ORCL
2023-06-16,121.10435485839844,122.97700547058307,120.80511960720177,122.72602993097067,19514700,ORCL
2023-06-20,117.8031005859375,120.90165714273925,117.72587620311143,120.12942804352353,16273000,ORCL
2023-06-21,117.86103057861328,119.07728899108864,116.18144053773439,117.71623668304088,17583000,ORCL
2023-06-22,116.393798828125,118.33401190427081,115.90150255059223,117.38803890848814,12203400,ORCL
2023-06-23,114.52115631103516,115.73741475960085,114.03851488782125,115.43817206933213,19734300,ORCL
2023-06-26,112.7257080078125,115.2837085331511,112.64848362742349,113.89369914423787,8987000,ORCL
2023-06-27,113.74890899658203,114.34738691740927,112.22376793883421,112.52300321698658,6970400,ORCL
2023-06-28,112.48440551757812,114.50185043521437,112.34926651232288,112.72572622189439,9240500,ORCL
2023-06-29,113.69100189208984,113.71031167135439,110.65035973594699,111.63495227179511,9234300,ORCL
2023-06-30,114.95551300048828,117.50386609924823,114.89759839524005,115.67947502418124,13703100,ORCL
2023-07-03,113.0828857421875,114.14469538918215,112.77399552916135,113.91302957054344,4284700,ORCL
2023-07-05,111.9341812133789,112.94773099604528,111.40328014611956,112.47473716972227,8466500,ORCL
2023-07-06,111.44187927246094,111.78938161648263,110.66000268067323,110.68895998192134,7982800,ORCL
2023-07-07,110.63106536865234,111.95350549259612,110.51522877820794,110.85307629468305,7001600,ORCL
2023-07-10,110.40904235839844,111.03647764190158,109.71404493901188,110.31251555274946,6931000,ORCL
2023-07-11,111.28084564208984,111.3970887430499,109.87627660973779,110.62214951738578,6117100,ORCL
2023-07-12,112.38512420654297,114.39027141858806,112.0170321555243,112.04609108187212,11011600,ORCL
2023-07-13,113.77031707763672,114.86491918199872,113.10193963545515,113.42159519894744,9359600,ORCL
2023-07-14,115.53330993652344,116.21138361893593,113.99312762015097,114.4774627974306,7723800,ORCL
2023-07-17,115.16519927978516,116.21136486759299,114.54525094412875,115.12645158501074,6735900,ORCL
2023-07-18,116.98628997802734,117.49000259124965,114.11902724012866,115.05863846177665,8903600,ORCL
2023-07-19,114.97147369384766,117.55782147318197,114.70992858920589,117.03473865426591,7609000,ORCL
2023-07-20,112.24951171875,115.32020218684767,111.61988193595859,113.80907149319177,12913000,ORCL
2023-07-21,113.96405792236328,115.53329901862023,112.56917037869701,112.84039686988376,9159600,ORCL
2023-07-24,114.37090301513672,114.82617924253549,113.07288834928045,114.24497853557943,6200400,ORCL
2023-07-25,114.25464630126953,114.79710663476622,113.15036287254591,114.28371261496612,6266300,ORCL
2023-07-26,111.88141632080078,113.93499995622577,111.3970811852129,113.74126146777,8160000,ORCL
2023-07-27,112.75321960449219,113.9156209589268,112.01702813848756,113.86719188020643,7843000,ORCL
2023-07-28,112.35607147216797,113.62503465210865,112.02672710158542,113.02445637647382,6910400,ORCL
2023-07-31,113.5572280883789,113.5669094707887,112.20108812381491,112.78228885423712,6703100,ORCL
2023-08-01,114.21591186523438,114.34183633625432,112.83071312254533,113.25692300388756,5246000,ORCL
2023-08-02,112.08484649658203,113.31506199269371,110.73839528707722,113.2569367456288,6387800,ORCL
2023-08-03,110.961181640625,112.53042273766755,110.68026637736449,111.62955909699336,5193800,ORCL
2023-08-04,110.85462951660156,112.7532223838408,110.68026857010165,111.72642685873339,5579300,ORCL
2023-08-07,112.46261596679688,112.73384245776238,111.46488677915909,111.8523563621245,7347000,ORCL
2023-08-08,111.619873046875,111.98796507107889,110.64151405235246,111.4358233395894,4694800,ORCL
2023-08-09,109.55660247802734,112.0848323913206,108.81072964626826,111.72642174260304,6542400,ORCL
2023-08-10,109.45005798339844,111.48426418840008,108.95604143857376,110.21530842720902,6004100,ORCL
2023-08-11,109.51787567138672,109.92472286577133,107.6483414591784,108.86886826159457,5288900,ORCL
2023-08-14,111.94921875,112.18169753706944,109.60503855526741,109.63409747985517,6494200,ORCL
2023-08-15,113.61534881591797,114.36122175057743,111.24210197035552,111.8329914884904,10412200,ORCL
2023-08-16,111.7264404296875,114.11905750102588,111.65863379727732,113.48942765308938,5722000,ORCL
2023-08-17,111.28084564208984,113.12132076026603,110.77714031866587,112.11390272304993,6183900,ORCL
2023-08-18,112.81134796142578,113.32474206395383,110.37998331605229,110.9127549641672,9412800,ORCL
2023-08-21,112.93727111816406,113.67346264407415,111.58113855776148,113.23756394828307,5811200,ORCL
2023-08-22,112.88883209228516,113.99311558870123,112.10421155282309,113.82844341949493,4960300,ORCL
2023-08-23,114.14810180664062,116.67633181889843,108.59762526229918,113.43128787151409,16517300,ORCL
2023-08-24,109.37255859375,115.97888922910926,108.8882234815085,115.93045276173818,11995900,ORCL
2023-08-25,112.42387390136719,112.51105807232653,109.20788876527361,109.3725683347817,8758100,ORCL
2023-08-28,113.17942810058594,114.02217387592246,112.0751446103477,112.72415929245095,4514800,ORCL
2023-08-29,116.87007904052734,117.41253207084343,114.81649524089488,117.16067571089599,11920500,ORCL
2023-08-30,117.32535552978516,117.92592641734491,116.38574410720754,116.93788591145638,5601800,ORCL
2023-08-31,116.61822509765625,118.15841482689525,116.3566873498669,117.20911461379826,9109800,ORCL
2023-09-01,117.14130401611328,117.87749554070106,116.32761709096506,117.2187994166737,6189900,ORCL
2023-09-05,120.09574127197266,120.38633791378105,117.38346160622257,118.60398819484686,11089600,ORCL
2023-09-06,120.43476867675781,120.67693622864205,118.88489782277212,119.20455337458024,8728500,ORCL
2023-09-07,121.17095947265625,122.01370526075617,118.74928381872643,119.9504402641403,11864400,ORCL
2023-09-08,122.36241912841797,122.72082976224725,120.4541376557016,120.890043679067,10595500,ORCL
2023-09-11,122.74020385742188,123.42795883332288,120.81255217058008,123.04048926356204,22155600,ORCL
2023-09-12,106.17595672607422,109.75035265122904,103.93833060206319,108.56857365210641,68605700,ORCL
2023-09-13,108.33606719970703,109.40161028851865,104.81010840682173,104.92635148661032,27171000,ORCL
2023-09-14,110.09906768798828,111.53269556529037,108.44263500392229,109.94407689564873,19849700,ORCL
2023-09-15,110.34123992919922,111.59081814108707,108.97541122776786,110.61246643690723,23215000,ORCL
2023-09-18,108.6944808959961,110.88367758992428,108.08422133815918,109.86657093649575,11744100,ORCL
2023-09-19,109.23693084716797,110.17654208616618,108.21014284102155,108.95602300389031,9536100,ORCL
2023-09-20,109.33381652832031,111.10647751373223,108.9366581684534,109.27569128640828,8777100,ORCL
2023-09-21,106.00160217285156,108.97542000538374,105.90473661092051,108.01643837863958,12645800,ORCL
2023-09-22,105.6141128540039,107.13492480306725,105.11040759160463,106.54403537791838,11150000,ORCL
2023-09-25,104.90699005126953,105.24602315752931,104.1320509023608,105.0522846751184,8410000,ORCL
2023-09-26,101.5941390991211,104.03519241044194,101.04199731995509,103.78333606141436,13209000,ORCL
2023-09-27,101.34229278564453,101.98161136171804,100.11207732550432,101.71038485124029,8916400,ORCL
2023-09-28,102.82434844970703,103.2602471057808,100.03457340165889,100.7707648604902,7373600,ORCL
2023-09-29,102.60154724121094,104.00612348501969,102.07846443907188,103.75426716020445,7299100,ORCL
2023-10-02,103.3667984008789,103.38617594390549,101.99128846068301,102.49499372386485,5963500,ORCL
2023-10-03,101.24542999267578,103.16340069395959,100.29613711081211,103.08590528594696,8783300,ORCL
2023-10-04,103.72522735595703,103.9383360246702,101.22605597074212,101.67164346424757,8842700,ORCL
2023-10-05,104.95542907714844,105.04261325008882,102.86310500136479,103.61866667846355,7651500,ORCL
2023-10-06,106.51498413085938,107.0671259001782,104.20955150272196,104.54858462592337,8247000,ORCL
2023-10-09,106.86369323730469,107.49333032810829,106.04032506796163,107.28022170749473,6012400,ORCL
2023-10-10,106.27281951904297,107.58052296803113,106.18564273794883,106.75715467721399,6910400,ORCL
2023-10-11,106.5936508178711,107.00197933313856,105.806159050225,106.46726553954879,5641700,ORCL
2023-10-12,106.07837677001953,107.8380835054176,105.8547640615722,106.8950337906203,6598500,ORCL
2023-10-13,105.24227142333984,106.46726437313343,104.7950534233162,106.15615587670777,5879400,ORCL
2023-10-16,105.68948364257812,106.54503010660082,105.30059618896371,105.92281314778226,5488000,ORCL
2023-10-17,106.01031494140625,106.7394761257284,103.92977562219993,104.59088205934846,5261800,ORCL
2023-10-18,105.24227142333984,106.68115285519075,104.8631081751152,105.38810515359816,5123900,ORCL
2023-10-19,105.32975769042969,107.15752643195594,105.18393139076406,105.61170089880152,7989200,ORCL
2023-10-20,99.02008056640625,104.0658779899425,97.86314994368321,104.01726428068572,21831400,ORCL
2023-10-23,100.77980041503906,101.78118057843969,99.17564434145243,99.20480960175946,10722600,ORCL
2023-10-24,100.33258056640625,101.55757348874704,99.65203306366774,101.06174178394528,6174000,ORCL
2023-10-25,98.61177062988281,100.78953021668029,98.20344209812303,99.84648045232176,7081700,ORCL
2023-10-26,97.61038208007812,99.54508774610359,97.0951093453879,98.86454025074129,7565600,ORCL
2023-10-27,98.18397521972656,99.25341006683422,97.79508779784815,98.19369944506144,5207900,ORCL
2023-10-30,98.82565307617188,99.56453852944105,98.0187128717734,98.32982136513755,5433700,ORCL
2023-10-31,100.52701568603516,100.64367671939826,98.29091859270852,99.17563765523506,6258400,ORCL
2023-11-01,102.81171417236328,103.24920786145181,100.91589829643273,100.91589829643273,8602400,ORCL
2023-11-02,103.9006118774414,104.24088561827385,102.6367295058795,103.49227597103123,5918300,ORCL
2023-11-03,105.04782104492188,106.03947696163605,103.65755346593502,104.1922672009848,7280000,ORCL
2023-11-06,106.07837677001953,106.17559678427034,104.45477953805492,105.05754807685693,6062800,ORCL
2023-11-07,105.96171569824219,107.31309401766153,105.56311138676914,106.9339307434309,7412600,ORCL
2023-11-08,109.20892333984375,109.43252865781643,106.15616853666106,106.1950580305286,10994900,ORCL
2023-11-09,109.06307220458984,110.16167241590422,108.50890998579781,109.27696067805543,6853900,ORCL
2023-11-10,109.92835235595703,110.03529660188198,108.05197706483567,108.97557836973805,5233900,ORCL
2023-11-13,110.97834014892578,111.3088896778915,109.64640297167858,109.92834620266134,5740500,ORCL
2023-11-14,112.8741455078125,113.22414345621713,111.26998948052639,111.66860113964701,6733700,ORCL
2023-11-15,110.89083862304688,113.07832233549989,110.76445334548445,112.92277179522398,7386200,ORCL
2023-11-16,111.48388671875,112.65054911110595,110.3172317438055,110.59917496985622,7476100,ORCL
2023-11-17,112.15470123291016,112.4269201933078,110.9880464262316,111.42554012438347,4791300,ORCL
2023-11-20,113.67137908935547,113.894991809055,112.30055975939257,112.43666926967508,5728300,ORCL
2023-11-21,112.8547134399414,114.40053165369679,112.46582597555022,113.95331366574092,5995300,ORCL
2023-11-22,113.01025390625,114.03108248214653,112.30054120807573,113.45747185435958,4343700,ORCL
2023-11-24,113.01998138427734,113.35053088775366,112.13526227071841,113.25331088187303,2168200,ORCL
2023-11-27,113.2338638305664,113.52552383270985,112.24220053801115,112.78664589335132,5165300,ORCL
2023-11-28,113.01025390625,113.55469927485318,112.6505391531025,112.77692441536908,4892600,ORCL
2023-11-29,112.9811019897461,114.31303918325132,112.73804824462985,114.07970224740333,6127200,ORCL
2023-11-30,112.9811019897461,113.9727654235709,111.97972174665303,113.61304321053066,11075600,ORCL
2023-12-01,113.90470123291016,114.08941702005208,112.05749143961359,112.84498313496292,5739800,ORCL
2023-12-04,112.56304168701172,113.4380365941113,111.36722149515157,113.03942491855048,5587500,ORCL
2023-12-05,111.3477783203125,112.06721531473084,110.64778236145723,111.38666780885018,5913600,ORCL
2023-12-06,108.917236328125,111.79499160195725,108.82001631958286,111.74638530639179,7815700,ORCL
2023-12-07,109.73390197753906,109.88945250950941,108.70334910641395,109.2866839991838,6772800,ORCL
2023-12-08,110.45333862304688,110.48250388411681,108.48946031367734,108.89779622089013,7766000,ORCL
2023-12-11,111.93110656738281,112.1449950470748,110.45334308005606,110.60889361784288,19544200,ORCL
2023-12-12,98.00898742675781,102.03395675473543,97.89232637907882,99.84647310181666,57666500,ORCL
2023-12-13,100.12841796875,100.23536220914768,96.50206027406684,98.27149122781253,29392200,ORCL
2023-12-14,97.52289581298828,99.40899550967795,97.09512620622492,99.03955643624307,22865200,ORCL
2023-12-15,100.44924926757812,101.10063150993193,96.59927892001238,96.9201116366624,30212300,ORCL
2023-12-18,102.08256530761719,103.21033816089675,100.05063971089909,100.53674716474488,13473100,ORCL
2023-12-19,103.29784393310547,103.3853397229029,101.88813514757135,102.06313414457803,10108500,ORCL
2023-12-20,101.25618743896484,103.14227937787727,101.15896742849081,103.00616987973137,9242000,ORCL
2023-12-21,102.9186782836914,102.98673303553377,101.61590635460826,101.79090534754744,8168000,ORCL
2023-12-22,103.24921417236328,103.53115736914188,102.52977725975519,102.76310674703689,5680000,ORCL
2023-12-26,103.239501953125,103.68671991421371,102.41311335941073,103.56032723086818,5767400,ORCL
2023-12-27,102.9964599609375,103.3756232193387,102.62701351204576,103.36589899241739,5627400,ORCL
2023-12-28,103.29784393310547,103.64784192711882,102.64646166212967,103.06451440956718,5689100,ORCL
2023-12-29,102.50062561035156,103.9492238532842,101.86868439004029,103.63811535646488,6899700,ORCL
2024-01-02,101.1686782836914,101.77145418101587,99.59369492142861,101.61589623948275,9597500,ORCL
2024-01-03,99.61314392089844,100.50757990400398,98.91314796284662,100.42980834442939,9455600,ORCL
2024-01-04,99.7395248413086,100.488134481649,99.55480905079479,99.91452382318197,6822300,ORCL
2024-01-05,99.87562561035156,100.83811614637683,99.44784874215811,99.68117820780455,6133800,ORCL
2024-01-08,101.75201416015625,101.85895097426139,99.2923042526966,100.07980335907989,7038700,ORCL
2024-01-09,100.75062561035156,101.57701419446389,100.42007611063536,100.96451407130247,6725200,ORCL
2024-01-10,101.42405700683594,101.57045580956803,100.25288147728406,100.61399008505047,7270500,ORCL
2024-01-11,102.2536392211914,102.32195766892922,101.05318543291968,101.8437285347646,6119000,ORCL
2024-01-12,104.0396957397461,104.13729246555208,102.44884751526516,102.57572251419765,9703800,ORCL
2024-01-16,104.01041412353516,104.09825638624415,102.88803319745946,103.8542608564952,7547200,ORCL
2024-01-17,103.87376403808594,104.91806447501443,103.14177754174864,103.90304230655516,7771500,ORCL
2024-01-18,106.08924865722656,106.26492572871041,104.0592115987105,104.42032020120618,10362300,ORCL
2024-01-19,107.03594970703125,107.5727428133462,106.40155988488235,106.69435747853633,11163800,ORCL
2024-01-22,107.45562744140625,108.0314607509085,106.64556051343567,107.41658726396945,7485300,ORCL
2024-01-23,109.14409637451172,109.97367979451215,106.92861250589544,107.64108282189568,9185900,ORCL
2024-01-24,111.56451416015625,112.64785491298824,110.6080558489234,110.69589066588955,11702700,ORCL
2024-01-25,112.23795318603516,113.38961248179017,111.603563265753,112.13059454816495,8877200,ORCL
2024-01-26,111.88658142089844,112.7064102134657,111.52546538241437,111.88658142089844,5541800,ORCL
2024-01-29,111.01795959472656,111.83778095296533,110.29573495349447,111.44739408493861,7014400,ORCL
2024-01-30,111.41812133789062,111.65235495954899,109.92486245366803,110.63733267082597,8231900,ORCL
2024-01-31,109.01720428466797,111.52547813781774,108.98792601125483,111.07652723779263,7386700,ORCL
2024-02-01,112.75521087646484,112.99920640158352,109.84678838689544,110.19814253875856,7882200,ORCL
2024-02-02,113.00897216796875,113.6921566831781,112.39410610428034,113.03825044059876,6499400,ORCL
2024-02-05,113.59456634521484,113.91664225455726,112.01347251893195,112.75522106725452,8084500,ORCL
2024-02-06,112.53074645996094,114.14111107324214,112.21843246540394,113.93615571239096,4637500,ORCL
2024-02-07,114.45343017578125,114.76574418427661,112.53075148213513,113.01874258579375,7672900,ORCL
2024-02-08,113.87759399414062,114.96093474241157,113.18464758287632,114.27774279111176,4472800,ORCL
2024-02-09,113.83855438232422,114.52173889087113,112.95041452121323,114.24846508745237,5787100,ORCL
2024-02-12,113.0577621459961,114.28750166882786,112.60881127648821,113.46768028437498,5439600,ORCL
2024-02-13,110.94966125488281,111.46693065029653,110.28599303435207,111.05701989689172,8171700,ORCL
2024-02-14,111.5157241821289,111.96467508418581,110.80325392585519,111.5742807292202,5946100,ORCL
2024-02-15,110.07125854492188,111.56450994616516,109.86630320025637,111.50595340373285,8455600,ORCL
2024-02-16,108.63656616210938,110.39333693664246,108.57800961834246,110.30549467483952,8936000,ORCL
2024-02-20,105.84526062011719,108.10953889810051,105.0937576449638,107.88506717465266,10975600,ORCL
2024-02-21,105.5622329711914,105.77694278953086,103.95186093365172,104.19585647127431,7865300,ORCL
2024-02-22,108.34378814697266,109.20264981852934,107.02621364139416,108.8122554419478,8957800,ORCL
2024-02-23,109.26119232177734,110.64709255277225,109.02695870440384,109.30999440488335,7504500,ORCL
2024-02-26,108.30474090576172,109.83703259089815,108.26570072603273,109.31000133378619,6342900,ORCL
2024-02-27,108.70488739013672,108.83176983307794,107.1530793714323,107.96314632962337,6593100,ORCL
2024-02-28,108.9976806640625,109.32951100219903,108.43160926190349,108.58776997125182,5278300,ORCL
2024-02-29,108.9976806640625,109.73942914116216,107.98265839175572,108.9976806640625,12193900,ORCL
2024-03-01,111.0472412109375,111.2034019197749,108.8415195986001,108.99768030743749,7605100,ORCL
2024-03-04,111.32051086425781,111.84754206775044,110.66660467416874,110.85204364747693,6588100,ORCL
2024-03-05,108.27545166015625,110.48116574517599,107.7191421861607,110.110295244563,8242000,ORCL
2024-03-06,109.57350158691406,110.33477384144413,108.0119317945808,108.82199868396847,6706400,ORCL
2024-03-07,111.78898620605469,112.04274362694076,109.59302656790939,111.20339845844639,7670100,ORCL
2024-03-08,109.71990966796875,111.58403911722559,108.86104807104914,111.33028167757668,8312900,ORCL
2024-03-11,111.38883209228516,111.99394366240493,108.50968793519843,108.92936052737859,20438300,ORCL
2024-03-12,124.47675323486328,126.26279475145503,121.6073635862682,123.22749738534364,48536100,ORCL
2024-03-13,122.5052719116211,125.70649950654548,121.831849315033,124.92571083536342,15870300,ORCL
2024-03-14,122.51504516601562,124.73052894417263,121.93921923844958,124.17421938442521,10965900,ORCL
2024-03-15,122.52478790283203,122.98350065940967,120.59234016039157,121.06081482242784,17844900,ORCL
2024-03-18,124.73052215576172,125.85289567500446,123.83261291575346,124.14492690692718,12231400,ORCL
2024-03-19,126.08712768554688,126.1066514970522,123.45197159375529,124.68171110325802,10221000,ORCL
2024-03-20,126.13594818115234,127.55111942962448,125.18924423106054,126.85816549692476,8373300,ORCL
2024-03-21,125.91145324707031,129.5811557040217,125.85289670017104,127.38519584146317,17842400,ORCL
2024-03-22,124.72074890136719,126.10664909187035,124.48651529083729,125.91144076514969,6660000,ORCL
2024-03-25,123.05182647705078,124.60363446109122,123.02254820507305,124.60363446109122,7446100,ORCL
2024-03-26,123.43245697021484,123.89116974708236,122.81758348371052,123.70573076592677,7063900,ORCL
2024-03-27,122.26126861572266,124.75002583162804,121.48048744029408,124.27179671013972,8115900,ORCL
2024-03-28,122.5931167602539,123.13966437391966,122.1929605101395,122.37839949884157,6587400,ORCL
2024-04-01,122.46623229980469,123.23725157543878,121.56832314454142,122.52478884070038,4133600,ORCL
2024-04-02,121.35360717773438,121.92944047183114,120.46546736480339,121.51952978893992,4862400,ORCL
2024-04-03,123.20796966552734,123.37389227008428,121.0803285373899,121.27552941152985,7430000,ORCL
2024-04-04,121.20719909667969,124.91592598830017,121.05103841266136,124.53529362869455,7588300,ORCL
2024-04-05,121.9001693725586,122.97374822497466,121.15842086977091,121.43169467444197,4899500,ORCL
2024-04-08,121.36337280273438,122.11488319055174,120.78754693714284,121.99776265778536,6119200,ORCL
2024-04-09,120.65840911865234,122.1466860952168,118.70993155311112,121.7550319002738,5564100,ORCL
2024-04-10,119.20928192138672,120.51152884733463,118.78825500059837,118.81762775574003,4509900,ORCL
2024-04-11,120.66820526123047,121.2361035184096,118.82744010058224,119.17992815881874,7315200,ORCL
2024-04-12,118.58264923095703,119.29741123956578,117.90704591937725,119.19949955662818,6196900,ORCL
2024-04-15,117.37831115722656,119.91426626679994,116.94749826821138,119.63031716370902,5101500,ORCL
2024-04-16,118.10286712646484,118.9057548133855,117.2510198669758,117.58392105585857,7000000,ORCL
2024-04-17,116.19355773925781,118.51410257136554,116.13481222736564,118.45535705947337,5366600,ORCL
2024-04-18,113.57927703857422,116.28168261838437,113.28553454091889,116.28168261838437,6662400,ORCL
2024-04-19,112.48265838623047,114.33321688883075,112.07142482347102,113.6967871955909,8251500,ORCL
2024-04-22,112.13996124267578,113.91218736887332,111.95392381455733,113.60865890841278,7125500,ORCL
2024-04-23,112.6882553100586,113.44219084577767,112.3553541427302,112.76658763302343,5494800,ORCL
2024-04-24,112.93305206298828,113.314920316716,111.50352060942693,112.97221822927273,5791800,ORCL
2024-04-25,112.49243927001953,112.59035094498621,110.42647080644007,111.25873124892982,6796600,ORCL
2024-04-26,114.76403045654297,116.72229393837839,113.72615320162855,114.59757985343072,8355100,ORCL
2024-04-29,114.0590591430664,114.8619469051439,112.8841039932593,114.54862503384982,4994100,ORCL
2024-04-30,111.3762435913086,113.10930361129948,111.31749807305962,112.68827663342172,6234700,ORCL
2024-05-01,112.23787689208984,114.32343243204282,111.2783318998734,111.53290826258063,5583600,ORCL
2024-05-02,112.56098175048828,113.39324221930738,111.87559253385659,112.82535149846207,5001000,ORCL
2024-05-03,113.38345336914062,113.78489347995027,112.6686839442797,113.55969737320345,4485000,ORCL
2024-05-06,115.87044525146484,115.89003206935152,113.75552460082147,113.90239585424251,6052400,ORCL
2024-05-07,115.46900939941406,116.64396452989212,114.84236566713476,115.5375483241889,6437700,ORCL
2024-05-08,114.94026947021484,115.51796105672857,114.66611378990949,115.25359131487554,4636000,ORCL
2024-05-09,114.20591735839844,115.27317476288658,114.06883952225233,114.94026611068762,3236200,ORCL
2024-05-10,114.23529815673828,115.175263729431,113.49116341388718,114.7052846781758,4122500,ORCL
2024-05-13,113.94155883789062,114.74444653463094,113.77510077123144,114.68569355279391,4140000,ORCL
2024-05-14,118.34764099121094,119.99258240317505,113.70655175770209,114.06883314450788,17811200,ORCL
2024-05-15,119.09178924560547,119.54218894352744,117.17269195743187,117.66225782084908,6604600,ORCL
2024-05-16,119.61072540283203,119.894667006274,118.68054585747578,119.39531524558781,5159300,ORCL
2024-05-17,120.92277526855469,121.00110760408262,119.53240992875604,120.60945339662567,6179400,ORCL
2024-05-20,121.92147827148438,122.07814293209422,120.66819086733426,121.21650970928657,5989000,ORCL
2024-05-21,122.02918243408203,122.74395186988332,121.33399981579976,121.8627318360811,5549500,ORCL
2024-05-22,121.99981689453125,122.54813576476582,120.72695007724161,122.0291896523651,5705000,ORCL
2024-05-23,121.50045013427734,124.05598449133352,120.58986481665573,123.90912071118944,6108600,ORCL
2024-05-24,120.34508514404297,120.93256269105291,118.88617348024647,120.84443695040115,7173400,ORCL
2024-05-28,121.89210510253906,122.21522036131645,120.4429943477143,120.66819045885092,6911400,ORCL
2024-05-29,121.15775299072266,121.3339969933834,120.207994058061,120.42340422466657,4735100,ORCL
2024-05-30,114.64653015136719,118.90575913337332,114.5877846382964,117.66225765870514,10839600,ORCL
2024-05-31,114.74443817138672,114.96963426310525,112.15953126442191,114.15695321692803,12755600,ORCL
2024-06-03,116.79081726074219,116.8397768293211,114.89129954663741,115.0773369430196,7256300,ORCL
2024-06-04,117.56434631347656,117.85808882002773,116.24251997436082,116.53625501072973,7368000,ORCL
2024-06-05,120.07091522216797,120.22757987664619,117.99516084160481,119.1113703591255,5973700,ORCL
2024-06-06,120.92277526855469,121.67670345500862,119.69886053911588,120.31571087348728,7347200,ORCL
2024-06-07,123.29226684570312,123.58600935562774,120.69756624197677,121.6179524675704,11545000,ORCL
2024-06-10,121.90190887451172,124.30077879200128,121.46130255339985,123.10624427316442,10164700,ORCL
2024-06-11,121.29483795166016,122.22501759205889,119.73802206189507,121.46129602574527,18373900,ORCL
2024-06-12,137.4505157470703,138.01841393797906,131.1644918923666,131.8792538652499,40871300,ORCL
2024-06-13,136.93157958984375,139.4283535704439,135.87411551953988,137.49946285058846,13733200,ORCL
2024-06-14,135.24746704101562,137.04906579050945,134.5131182630885,136.35387570697822,11330800,ORCL
2024-06-17,138.36109924316406,138.48839114609865,135.36495860765896,135.90348403503893,11232800,ORCL
2024-06-18,141.62159729003906,142.03283077867238,138.2729689337138,138.2729689337138,11629400,ORCL
2024-06-20,139.92770385742188,142.28741465502472,138.98773092538872,142.28741465502472,8940000,ORCL
2024-06-21,138.547119140625,140.72079245240656,137.50924205200832,140.72079245240656,14844100,ORCL
2024-06-24,136.97073364257812,138.5765090414888,136.21679804627345,137.0784387277645,7793300,ORCL
2024-06-25,136.26577758789062,136.6378524713061,134.68937471390188,136.09932696645907,8205500,ORCL
2024-06-26,135.34536743164062,137.81278343921835,135.1985036563411,136.57908290561133,8036300,ORCL
2024-06-27,137.25469970703125,138.46882861623263,135.91329381293494,136.34411423040532,7518200,ORCL
2024-06-28,138.25340270996094,139.83960633421668,136.36368556832483,136.53013617610895,25814800,ORCL
2024-07-01,140.1039581298828,141.05371711995514,138.12612275747833,138.7331796598634,6552400,ORCL
2024-07-02,140.29000854492188,141.21039486304477,139.57524648652765,139.65357882640686,5920500,ORCL
2024-07-03,141.3670654296875,141.63142027987627,140.50542459550152,140.75020756518012,3560800,ORCL
2024-07-05,141.80767822265625,142.74763650227445,141.01458375536356,141.92516927251665,5365500,ORCL
2024-07-08,142.0034637451172,142.19928708944516,140.43684710976643,141.7390940130745,8622600,ORCL
2024-07-09,137.74423217773438,142.6594772021828,135.12016654945268,142.10137993542395,14334200,ORCL
2024-07-10,139.10525512695312,139.40878357950334,136.82387635278678,138.17506801060267,6350300,ORCL
2024-07-11,140.1754913330078,140.88245777147733,139.11504167530353,139.7827388594343,5245100,ORCL
2024-07-12,142.1491241455078,142.50260739440662,138.70265872310756,140.12642027002212,7361800,ORCL
2024-07-15,140.47988891601562,143.93615256536063,139.35069935765412,143.09172127980045,8687800,ORCL
2024-07-16,140.02821350097656,140.90210049358615,139.47835404259928,140.47989233181306,7181500,ORCL
2024-07-17,136.73886108398438,139.22305730164217,136.16935948314128,137.9367756611807,9157000,ORCL
2024-07-18,135.5311279296875,137.52437596770213,134.71615230597243,136.8370516412396,5998700,ORCL
2024-07-19,136.05152893066406,137.89749849771457,135.58022297106154,135.84533912820197,6111900,ORCL
2024-07-22,137.6324005126953,138.13316222448128,136.6014064166199,137.21019230163918,5387200,ORCL
2024-07-23,140.51919555664062,140.62720476082913,138.6535983743484,138.74196545526166,6697400,ORCL
2024-07-24,136.25775146484375,140.07732740859328,135.89443965179345,139.13470038405367,8018800,ORCL
2024-07-25,135.324951171875,138.516114050527,135.20711343129977,137.6127562971586,7654600,ORCL
2024-07-26,136.493408203125,137.42622173521886,135.87482368177007,136.3559433114295,5139400,ORCL
2024-07-29,135.80606079101562,137.24944940113474,135.3249412426739,136.74868773371367,4054600,ORCL
2024-07-30,133.21385192871094,137.0432559910907,132.5167140364435,136.55230790482764,6505700,ORCL
2024-07-31,136.92539978027344,138.98738745727292,136.14970850099994,137.16106022358738,7188000,ORCL
2024-08-01,135.02053833007812,137.8484041231443,133.31204856555624,136.76831233202967,5906800,ORCL
2024-08-02,130.86712646484375,131.86866480023846,129.41392426033286,130.36636478842001,8251600,ORCL
2024-08-05,125.54525756835938,127.61705929549417,124.36698504193086,125.57471325782898,10355000,ORCL
2024-08-06,125.88892364501953,128.66767682227714,125.76127233928028,128.1767287018002,8373900,ORCL
2024-08-07,123.62073516845703,127.94108001976093,123.473449237712,126.58605844643493,8617700,ORCL
2024-08-08,126.62535095214844,127.46978235285741,125.33906173035737,125.6827239303496,6243200,ORCL
2024-08-09,129.6692352294922,129.97362071403703,126.01657944985438,126.07549083621146,5597300,ORCL
2024-08-12,130.17979431152344,130.30744560636646,128.8346013706565,129.85576678176167,5600800,ORCL
2024-08-13,131.82936096191406,132.1042906629051,130.4056146569508,130.56272162395857,4324000,ORCL
2024-08-14,133.1451416015625,133.5084384308577,131.58391512915045,131.61337081895556,4044600,ORCL
2024-08-15,134.45103454589844,134.7652485100031,133.26294857767562,134.45103454589844,4698100,ORCL
2024-08-16,134.9812774658203,135.32494714323252,133.92082772750146,134.31358023093173,4893800,ORCL
2024-08-19,135.42315673828125,135.4526124332103,133.98959630989867,135.04021772165294,3641600,ORCL
2024-08-20,136.65049743652344,137.25926830874144,135.32494650676995,135.32494650676995,3738300,ORCL
2024-08-21,137.66184997558594,137.7600455926935,136.04172717114452,136.2872012313658,3776800,ORCL
2024-08-22,135.5802459716797,138.52593493837523,135.15802276219458,138.15280954151152,5162200,ORCL
2024-08-23,136.67015075683594,137.25927955749114,134.7750830741505,136.21847185870638,4544600,ORCL
2024-08-26,136.38540649414062,136.87635470323767,135.688268427451,136.86654113277385,2729600,ORCL
2024-08-27,135.97299194335938,136.97453033879955,135.2463982888159,135.35440747834915,3872200,ORCL
2024-08-28,135.3838653564453,136.4344865965716,134.43142475586023,136.3166638361028,3022600,ORCL
2024-08-29,136.89596557617188,138.6044703475311,136.3362925364893,136.62103584044237,4588400,ORCL
2024-08-30,138.7321014404297,139.1543245788949,137.56365759885253,137.78948951986618,7980700,ORCL
2024-09-03,136.97451782226562,139.62563452554207,136.31664917615032,137.90731620160682,6831200,ORCL
2024-09-04,138.20187377929688,138.5455434016063,135.45256174845724,135.93369622318136,6243300,ORCL
2024-09-05,140.02821350097656,140.68608213743127,137.76984931188713,138.84011254212479,8733200,ORCL
2024-09-06,139.2427215576172,141.33416561600438,136.87634771477667,141.1868721712654,11154800,ORCL
2024-09-09,137.35745239257812,140.70572187374424,136.98432705961935,139.91038838616058,20233400,ORCL
2024-09-10,153.06781005859375,157.61399461659923,150.34795317554406,151.43785864257495,37374200,ORCL
2024-09-11,154.33445739746094,156.5535526840358,152.03682358941433,153.94170485990642,12630100,ORCL
2024-09-12,158.45838928222656,159.40100109963754,155.04138024211383,156.1607411393798,16161300,ORCL
2024-09-13,159.09666442871094,170.79105355572884,158.08531238658085,170.55539303795655,25727800,ORCL
2024-09-16,167.2463836669922,170.84012740042377,161.53174051882587,162.00306148824282,27384400,ORCL
2024-09-17,164.4381561279297,167.55076525213528,163.75083179148075,167.19728202445484,12580100,ORCL
2024-09-18,161.55136108398438,164.58541637988444,160.76584122230744,164.58541637988444,12274400,ORCL
2024-09-19,164.55596923828125,165.11565722538893,161.53172735248862,164.22212814906578,10075900,ORCL
2024-09-20,164.9585723876953,165.7735480848974,163.58392361081704,164.1043274322458,12187700,ORCL
2024-09-23,162.9456787109375,164.30070032220289,161.28627166121052,164.20250470477438,7916100,ORCL
2024-09-24,162.79840087890625,163.09297274975063,160.95243113865922,162.7394895012469,6155100,ORCL
2024-09-25,163.2696990966797,165.69498391164953,162.66092824650082,164.65417633584164,7142400,ORCL
2024-09-26,165.05674743652344,165.31203503968555,163.46606549860934,164.614882186658,7096800,ORCL
2024-09-27,165.6851806640625,166.04847748663204,163.49554121209752,165.0469391041549,8974400,ORCL
2024-09-30,167.3151092529297,167.43294698700967,163.43662219532237,166.4314086513397,10210300,ORCL
2024-10-01,164.13377380371094,167.42311711255823,162.9653149184237,167.13837380442257,7595100,ORCL
2024-10-02,164.67381286621094,166.11718644869006,164.24177615524454,164.56580368846934,7073000,ORCL
2024-10-03,163.8391876220703,164.82108374470465,163.23041682045167,163.86864330714567,4735700,ORCL
2024-10-04,167.76678466796875,167.8060539234928,165.1254815032047,165.6557138393345,6386900,ORCL
2024-10-07,166.8928985595703,169.2101741943013,166.4805039528657,167.33474885371476,6791000,ORCL
2024-10-08,171.2132568359375,171.47837303793423,167.35441148293006,167.51151849022804,7845400,ORCL
2024-10-09,175.06227111816406,175.37648510134747,170.66338023142768,171.39980239914803,8120900,ORCL
2024-10-10,172.62168884277344,175.46574884494228,171.4112300928601,174.82607222557053,7115900,ORCL
2024-10-11,172.97598266601562,174.18642651009878,171.62774983170425,172.71027035323354,5869400,ORCL
2024-10-14,173.32040405273438,174.4029245365383,172.71026433435568,173.74357661139825,4688700,ORCL
2024-10-15,171.3226776123047,175.38703231366284,170.98808582523415,174.12738027837875,5848600,ORCL
2024-10-16,171.99188232421875,172.1296563012242,168.91163160430878,170.7420658795168,6383000,ORCL
2024-10-17,172.8874053955078,174.92450814114795,172.35599577538795,174.6784821100071,5474000,ORCL
2024-10-18,171.91314697265625,174.156903110757,171.8048949214217,173.98960721634668,5001300,ORCL
2024-10-21,170.9979248046875,172.36582891739346,170.40747134823312,171.6769590434115,4198400,ORCL
2024-10-22,172.52328491210938,173.0547095276359,171.5096589048398,172.66105888349836,5510100,ORCL
2024-10-23,170.3484344482422,173.271224976358,170.25985366236168,171.72617425236785,4830400,ORCL
2024-10-24,171.6080780029297,172.16900953227014,170.16144377260983,170.56493005807033,3488000,ORCL
2024-10-25,170.76173400878906,173.48769133655162,170.34841212172293,172.0016996699875,3674700,ORCL
2024-10-28,169.6792449951172,171.4014273515426,169.4036970193882,171.28333965229828,4330000,ORCL
2024-10-29,170.67318725585938,171.25382015660276,169.5513090484102,169.5513090484102,4122900,ORCL
2024-10-30,171.7852020263672,173.35977452625275,170.0433336385072,171.2144198705646,5822500,ORCL
2024-10-31,165.17202758789062,168.1637124437363,164.739019383789,167.8094343691292,9477500,ORCL
2024-11-01,167.31739807128906,169.53163249194645,166.4120240212355,167.44532140455172,5680600,ORCL
2024-11-04,166.89419555664062,167.77004752544033,166.04786550686057,167.6027516455837,4804400,ORCL
2024-11-05,169.04940795898438,169.15766001502817,167.61262432375315,167.76023393825037,5456800,ORCL
2024-11-06,178.35902404785156,179.20535413444298,174.5997393559903,175.68225982124778,11085000,ORCL
2024-11-07,183.40748596191406,183.7027202106954,177.67015695509215,178.20158160614608,7759400,ORCL
2024-11-08,186.24169921875,187.1372375454424,183.29922258086216,183.29922258086216,8520400,ORCL
2024-11-11,186.1236114501953,188.45593333959403,184.85410876429816,188.0130895020956,5973600,ORCL
2024-11-12,186.5664520263672,187.58007802061184,184.2242795266145,185.54297538099775,6629900,ORCL
2024-11-13,186.61563110351562,188.72161289108755,185.78897239860484,185.99564082889106,5695400,ORCL
2024-11-14,184.07666015625,186.57627776278514,183.74206839296122,185.6610682309242,7804300,ORCL
2024-11-15,180.81930541992188,182.8465576054864,179.4317149377193,181.5869054704514,8986300,ORCL
2024-11-18,182.77764892578125,183.22049276423232,179.97296127143332,181.3703872810666,6289400,ORCL
2024-11-19,185.8972625732422,186.31059951862403,181.39007891037267,181.95101045126998,8117000,ORCL
2024-11-20,187.7178497314453,187.9343538262746,184.8344320390388,187.86545933417605,4860200,ORCL
2024-11-21,189.3711395263672,192.92375582992327,188.59370391597764,188.88893814107314,11394300,ORCL
2024-11-22,189.23336791992188,191.1130103263913,188.02292409977474,189.93208842749877,6879400,ORCL
2024-11-25,185.00172424316406,191.65426216058245,185.00172424316406,191.40823615010675,15138500,ORCL
2024-11-26,187.34388732910156,189.34161739340448,185.32648599505436,185.32648599505436,6427200,ORCL
2024-11-27,179.7958221435547,185.95632362816107,179.32345636413584,185.95632362816107,8368800,ORCL
2024-11-29,181.90179443359375,182.97446427625002,181.0751506107891,181.084986245738,4628000,ORCL
2024-12-02,178.52633666992188,182.34465054408057,178.1228503663001,182.34465054408057,8859700,ORCL
2024-12-03,179.98277282714844,180.13038241480496,176.26286105585672,178.2999484466904,8917100,ORCL
2024-12-04,185.1985626220703,186.77312025429146,182.94495570666663,185.0115804307391,8906300,ORCL
2024-12-05,183.27955627441406,186.01536452014378,182.89575626918543,186.01536452014378,6398100,ORCL
2024-12-06,188.64291381835938,189.5679740577292,183.41732354727736,184.02746327271848,10503400,ORCL
2024-12-09,187.42263793945312,195.15769738919496,185.92679538241026,193.17965339470027,20158000,ORCL
2024-12-10,174.9146728515625,174.97371669655507,168.34084947803873,170.70270839140278,26502000,ORCL
2024-12-11,175.74131774902344,178.49681232272565,172.05092725287867,175.1705355503379,13188700,ORCL
2024-12-12,172.5331573486328,175.33784533809907,172.03125459101318,175.17054942430536,8154200,ORCL
2024-12-13,170.63381958007812,173.34010601814836,168.91163730130614,172.21822787719785,8351100,ORCL
2024-12-16,168.5081329345703,171.49981766733782,168.21289871517092,171.0766451157436,9572000,ORCL
2024-12-17,167.0123291015625,170.24018965137822,166.57932085430264,168.03579085452722,8940200,ORCL
2024-12-18,162.78065490722656,168.5081326836056,162.7314467013606,166.71707111672612,8817900,ORCL
2024-12-19,166.10690307617188,168.28177946470115,164.73899915368716,164.8866237594498,8386400,ORCL
2024-12-20,166.96310424804688,168.53766178923397,162.997165949193,165.06377553754547,13810500,ORCL
2024-12-23,166.45135498046875,166.9237207101721,164.51266884068815,166.89419879058036,6518200,ORCL
2024-12-24,168.685302734375,169.03958084326192,166.34312995805377,167.00247796310254,2451500,ORCL
2024-12-26,168.9510040283203,169.80718490441043,167.78976826513036,167.78976826513036,4100100,ORCL
2024-12-27,166.27423095703125,168.42940626554136,164.54219817632858,167.67165694022043,4344300,ORCL
2024-12-30,164.25680541992188,165.24090943895024,161.9343193343655,163.86315480256914,5254800,ORCL
2024-12-31,163.99110412597656,164.6406164259822,163.20381785471855,164.5422000109862,4307500,ORCL
2025-01-02,163.3907928466797,166.00851320157088,162.27875047433236,165.84121731642554,5360800,ORCL
2025-01-03,163.6761932373047,164.54219459255782,162.64288097882064,164.05014256625458,5876000,ORCL
2025-01-06,163.0561981201172,165.37868421713543,162.56414610817464,164.6504418336156,6845400,ORCL
2025-01-07,159.45440673828125,163.5187620019759,158.75570114603508,162.94797974822845,7712200,ORCL
2025-01-08,160.54673767089844,161.37338148730387,158.86391310099634,159.6019911548376,7596200,ORCL
2025-01-10,152.41778564453125,157.05444019072627,151.84560056518413,157.05444019072627,13593900,ORCL
2025-01-13,151.84561157226562,152.07250763725156,150.36582713835213,151.66804466570593,8828500,ORCL
2025-01-14,154.20339965820312,155.13073363821624,152.26982310907178,154.31191778465455,7410200,ORCL
2025-01-15,156.17645263671875,157.00512833820778,155.14060048328435,156.5316015163778,10701200,ORCL
2025-01-16,157.38986206054688,159.32345363203478,156.27510138272783,157.9916416516234,9210600,ORCL
2025-01-17,158.8597869873047,160.96108565544463,158.37638533011818,159.5898193781923,11618300,ORCL
2025-01-21,170.24427795410156,171.03348429590918,160.5566150610086,161.66151598205613,30232000,ORCL
2025-01-22,181.73724365234375,189.40253053914728,178.13644121124378,188.92898872501166,48028500,ORCL
2025-01-23,183.95693969726562,184.05559801567262,179.053919324728,179.19203193861023,17314600,ORCL
2025-01-24,181.12562561035156,186.55150201416427,179.41893001234166,186.09769481882475,12147200,ORCL
2025-01-27,156.14683532714844,170.19492611529176,150.60258173306997,166.6237031659641,42201600,ORCL
2025-01-28,161.78976440429688,163.59510321591742,154.63747299008253,160.79338164020774,20319300,ORCL
2025-01-29,159.8364715576172,161.819377503494,157.85355055859299,161.819377503494,9866600,ORCL
2025-01-30,168.0837860107422,169.17882709370522,161.88842305313997,162.55925143751233,14981700,ORCL
2025-01-31,167.76808166503906,170.6684613943479,166.85062259519168,168.11337070067862,8704600,ORCL
2025-02-03,166.32777404785156,167.6102418299768,161.00054112899153,161.00054112899153,8250600,ORCL
2025-02-04,165.6273193359375,168.10348625014618,164.1080807826896,168.10348625014618,6777000,ORCL
2025-02-05,169.3465118408203,169.57340787580875,166.24883077082603,166.71249770307,7866700,ORCL
2025-02-06,170.02723693847656,173.28275064024098,169.25775023953454,170.66847083654636,7036900,ORCL
2025-02-07,172.10879516601562,174.99930009475284,170.84603198011322,172.6415109191824,9991300,ORCL
2025-02-10,176.50868225097656,177.56426902008891,172.56259049919132,173.6280370785508,7625900,ORCL
2025-02-11,174.802001953125,176.70598399970234,174.07196955920276,175.22619959134445,6528800,ORCL
2025-02-12,169.89898681640625,172.53300133556849,168.40934255330467,172.53300133556849,7454800,ORCL
2025-02-13,171.51686096191406,172.029857051792,169.78058618874613,170.66845072036912,6421700,ORCL
2025-02-14,171.81283569335938,172.6711058184184,170.4810237275169,171.90161914357682,7260900,ORCL
2025-02-18,177.37681579589844,179.78393401750532,173.7168093091481,174.36791801888984,11430500,ORCL
2025-02-19,179.0736541748047,179.23148641000648,173.33208324960998,176.1732742272854,8688500,ORCL
2025-02-20,173.62802124023438,177.8404780158863,172.0791731434345,177.3866708824432,8737000,ORCL
2025-02-21,165.5484161376953,174.49618664438057,165.29192558625385,173.74641955792038,9713900,ORCL
2025-02-24,167.66944885253906,171.82270208307835,162.44087415554534,171.23079733915094,10639100,ORCL
2025-02-25,166.2685546875,168.3008044052419,162.2238200302051,167.00844682576488,8316100,ORCL
2025-02-26,170.14559936523438,171.52672535200924,166.85061661596848,168.67567488041064,6915100,ORCL
2025-02-27,162.53952026367188,172.50340835215732,162.3619533533304,170.66847501289857,7436800,ORCL
2025-02-28,163.82200622558594,163.91078968242658,158.64276049916796,160.91176639946605,12843300,ORCL
2025-03-03,159.8364715576172,164.86773016829113,158.9584666299626,164.70002305325005,8081800,ORCL
2025-03-04,155.34776306152344,157.60689389069034,151.45100059722878,157.07417814535034,13171900,ORCL
2025-03-05,159.38262939453125,160.30010347357012,154.93341675577946,155.9297994161293,7141000,ORCL
2025-03-06,148.90579223632812,155.04196683881145,147.7120927171459,155.04196683881145,12321200,ORCL
2025-03-07,153.0688934326172,154.3710958045323,146.49864744940436,148.5900711347061,12646500,ORCL
2025-03-10,146.78472900390625,150.46447009211823,144.82155815604267,148.5012841911105,21486100,ORCL
2025-03-11,142.2368621826172,143.81530481819743,135.844198109492,141.4871102099461,27200200,ORCL
2025-03-12,148.8564453125,150.17838243488725,143.05568562785479,144.2592448148478,15373900,ORCL
2025-03-13,145.6699981689453,148.14616562219504,143.51937007764565,147.771282043632,14187700,ORCL
2025-03-14,147.25827026367188,148.84657265677072,145.88700410216248,146.9129812443766,9330000,ORCL
2025-03-17,151.9344024658203,153.65095791235265,148.37305381834233,148.37305381834233,9885000,ORCL
2025-03-18,147.4358367919922,150.36581085816263,146.6268958833397,150.31648170507728,9402500,ORCL
2025-03-19,150.39541625976562,151.9935936275412,147.9784381145241,148.0376270812667,6909500,ORCL
2025-03-20,150.6617889404297,152.40793880940322,148.78740132170154,149.53715335856361,7051600,ORCL
2025-03-21,150.17840576171875,151.76670853859554,148.0869816281224,149.60622056319474,17620200,ORCL
2025-03-24,152.7827911376953,154.48948653075763,151.95411554465187,154.2329809520935,7848300,ORCL
2025-03-25,151.85546875,153.50297530462936,150.98733879996044,152.42765386090417,8521200,ORCL
2025-03-26,145.80809020996094,150.96760085335166,144.58479637318882,150.82948824703425,13210000,ORCL
2025-03-27,143.8153076171875,145.05832105602636,142.96689731835133,143.88437144591765,9148300,ORCL
2025-03-28,138.9714813232422,143.6870597580222,137.23520637319132,141.8422666827716,13144500,ORCL
2025-03-31,137.92578125,138.69526800264427,134.9168830233029,136.77155112103358,15509900,ORCL
2025-04-01,140.0270538330078,141.31939634042772,136.88990338504098,137.87642622162338,9518500,ORCL
2025-04-02,143.89422607421875,145.89686629125026,137.97508886845597,137.97508886845597,11594400,ORCL
2025-04-03,135.3805389404297,139.4943377968639,134.7984940181585,137.37331949556932,14433800,ORCL
2025-04-04,126.54129791259766,132.01650307511196,125.23908044555857,131.11876361403003,14986900,ORCL
2025-04-07,125.4462661743164,132.30259789790276,117.25812240196213,117.25812240196213,19482700,ORCL
2025-04-08,122.82210540771484,131.19769054501182,120.05983817908093,130.75374318174474,11950300,ORCL
2025-04-09,137.80738830566406,138.69525290726696,121.73692912869234,121.73692912869234,17762000,ORCL
2025-04-10,132.02542114257812,135.29262967794077,127.97603622458652,135.29262967794077,12401600,ORCL
2025-04-11,131.0353240966797,131.6788613611969,127.56018056807682,130.79770266765505,10190200,ORCL
2025-04-14,133.30258178710938,135.44112951537778,131.55015947306563,135.44112951537778,8217700,ORCL
2025-04-15,132.60955810546875,135.12432129141297,132.3917421869356,133.42140507772925,8630000,ORCL
2025-04-16,128.47105407714844,131.2234383914884,126.58003054143829,130.96602647902318,8295200,ORCL
2025-04-17,127.34239196777344,129.9957789514213,127.16418718826166,129.59974315158226,8925500,ORCL
2025-04-21,121.5999984741211,125.93648813912411,120.0356911892917,125.6295698624131,12201200,ORCL
2025-04-22,125.9760971069336,126.71864720451657,122.164341450063,123.26331619877463,11233700,ORCL
2025-04-23,130.0947723388672,134.52037217276026,129.68885642966592,133.56991649850784,9528900,ORCL
2025-04-24,136.14407348632812,136.49060289205306,130.68881112712089,131.19373973151292,7305900,ORCL
2025-04-25,137.11436462402344,137.6192932830811,135.4015380822217,136.12429776587177,5476400,ORCL
2025-04-28,138.7479705810547,139.272704813666,136.70843524566405,138.26283237607262,6985100,ORCL
2025-04-29,139.39151000976562,139.75784502991036,138.16383674171158,138.42124869305994,4851500,ORCL
2025-04-30,139.3221893310547,139.89642983857019,134.22335179214335,137.10443445105196,9443500,ORCL
2025-05-01,144.04483032226562,147.16353483256674,143.8963112315906,145.1041939877528,11525800,ORCL
2025-05-02,149.23275756835938,151.53961491755047,146.85660340215742,146.85660340215742,11346000,ORCL
2025-05-05,147.8070526123047,149.32186857851278,147.04471212216504,147.95557168326033,5187400,ORCL
2025-05-06,146.23284912109375,147.46053727233135,144.272521277708,145.51999988582276,5108600,ORCL
2025-05-07,147.88626098632812,148.41099513883339,145.77742914771574,146.0348410560631,6049600,ORCL
2025-05-08,148.80703735351562,150.30203272557137,147.1338221085414,147.56945390098676,6113600,ORCL
2025-05-09,148.8466339111328,150.2921380360522,148.3020941686214,148.5496108600157,4707100,ORCL
2025-05-12,155.65829467773438,155.8662002339013,152.88610477349158,154.75733031509202,7875500,ORCL
2025-05-13,160.65814208984375,161.59870251800118,156.00483120273316,156.64836857273028,11955200,ORCL
2025-05-14,161.33139038085938,161.78682777958664,159.46016463638878,160.74725456438713,7499400,ORCL
2025-05-15,157.81663513183594,160.133402826302,157.3315120891918,159.75717262407198,10169200,ORCL
2025-05-16,158.89581298828125,159.24232727520143,156.94538034551545,158.41067485792993,8515500,ORCL
2025-05-19,158.05426025390625,160.36111766561754,156.26224179813906,156.72757439360814,10268900,ORCL
2025-05-20,158.7176055908203,158.76711195204606,155.96522110753733,157.05430062562215,7576400,ORCL
2025-05-21,155.61868286132812,159.3017323408027,154.9058487075384,156.7770742408828,6011000,ORCL
2025-05-22,155.7473907470703,157.60872098439827,155.26226773086134,155.42066692197218,7603300,ORCL
2025-05-23,154.4207305908203,155.8167285002552,152.72770959957901,153.45046929032623,6527500,ORCL
2025-05-27,160.3017120361328,160.78683507779004,157.3414069980828,157.73744276468233,6976800,ORCL
2025-05-28,162.2224578857422,162.68779050943212,159.67797885376868,160.2621146640276,8090700,ORCL
2025-05-29,161.2818603515625,163.67783507424286,159.88587777770104,163.36100647688318,6994700,ORCL
2025-05-30,163.88575744628906,164.1035733525292,159.945295782235,161.80661110753167,17547900,ORCL
2025-06-02,164.91542053222656,165.34114196966527,160.98485445167555,162.53925134378008,7166000,ORCL
2025-06-03,167.4598846435547,167.64799973776482,164.93521148268786,165.14313214134623,7155300,ORCL
2025-06-04,166.4302215576172,168.78657007664776,165.90548740496448,168.02422957998277,6375800,ORCL
2025-06-05,169.4400177001953,170.54888759126217,167.083654074459,167.3212755256387,7707800,ORCL
2025-06-06,172.29141235351562,173.05375283969622,170.94492102949377,172.27160678938057,6833700,ORCL
2025-06-09,175.3903350830078,176.9447472769953,172.06370988835482,173.12308866115714,9668900,ORCL
2025-06-10,175.717041015625,176.08337598281472,172.54883046491392,175.94476724332173,11056700,ORCL
2025-06-11,174.6279754638672,177.76648519933795,174.44975559590466,175.78635173035556,18002900,ORCL
2025-06-12,197.87474060058594,200.47862097872823,187.00381195179557,188.07308585110243,54610000,ORCL
2025-06-13,213.08218383789062,214.448480894246,199.20144268535708,199.57767291414385,53707400,ORCL
2025-06-16,209.0030975341797,213.0326613618435,207.8942124982658,211.08222865048126,22665300,ORCL
2025-06-17,206.11209106445312,213.7356172103336,205.41904735316032,208.56746750906174,17819200,ORCL
2025-06-18,208.77537536621094,212.58713848109593,207.4883006484555,208.99319126461694,15055400,ORCL
2025-06-20,203.1320037841797,211.67628511262927,202.60726958813464,211.2307580735447,20879100,ORCL
2025-06-23,204.9833984375,205.21112465071687,200.5280983849447,203.4685976282087,13418400,ORCL
2025-06-24,213.13168334960938,214.2207477605944,206.47843327363904,207.90413187666417,19030600,ORCL
2025-06-25,208.6268768310547,214.77518318505633,208.14173866155645,212.80495992614928,11804600,ORCL
2025-06-26,210.7060089111328,212.29010661616243,208.2704381060633,209.89414694036984,10531100,ORCL
2025-06-27,208.15162658691406,212.51780921341899,207.8744091219683,211.56735364995322,14127500,ORCL
2025-06-30,216.45831298828125,225.9530501355281,216.2107962840847,224.25013400207814,31844200,ORCL
2025-07-01,216.78501892089844,220.9531914147849,214.16133300908155,217.1216379850318,16962200,ORCL
2025-07-02,227.695556640625,229.59648306878665,214.56727641462405,215.5177320750947,22326900,ORCL
2025-07-03,234.962646484375,235.62598938870926,228.903427749872,230.90336679891624,18441400,ORCL
2025-07-07,229.95289611816406,232.9132011161135,227.22031734813197,232.7745923764862,16584300,ORCL
2025-07-08,232.170654296875,239.0417200011104,230.8736692635871,234.77453469963217,20401800,ORCL
2025-07-09,233.46763610839844,234.16067980663516,229.69548423700618,233.17061306423426,10871600,ORCL
2025-07-10,233.1600799560547,238.18046053196602,231.67182412654796,238.06140491018826,11486300,ORCL
2025-07-11,228.7548370361328,232.167906112384,228.07023694197161,229.55849275038432,10208200,ORCL
2025-07-14,227.48486328125,228.8342158394993,223.35743014550846,227.65353045861602,11337000,ORCL
2025-07-15,233.1204071044922,233.75539567275163,227.40549485083545,230.5903690871397,10728800,ORCL
2025-07-16,239.41075134277344,239.4405152474564,231.36424775819557,233.6561592547084,12597500,ORCL
2025-07-17,246.8024139404297,249.6301059448221,240.1151792643105,241.43476785707227,17631300,ORCL
2025-07-18,243.52825927734375,247.72513647875357,243.08178555622717,246.5543824927447,9678100,ORCL
2025-07-21,241.63320922851562,244.86769491259287,241.3355701747966,243.3893553420635,7348400,ORCL
2025-07-22,236.2457275390625,240.39299312331602,233.56687011284907,240.08542267865772,11380900,ORCL
2025-07-23,240.0060577392578,241.5141612629656,236.7914347426206,238.07132813214807,7255800,ORCL
2025-07-24,240.92877197265625,242.168985136989,238.67654062721812,240.51206216615893,8237900,ORCL
2025-07-25,243.20083618164062,243.5481019238865,239.53972449292155,240.44260331130414,7149600,ORCL
2025-07-28,245.7705535888672,245.8399976492654,241.5141337979448,244.07393542522038,6756800,ORCL
2025-07-29,248.0227813720703,251.0885997726585,244.65932392811294,246.7528043226264,8415300,ORCL
2025-07-30,248.637939453125,249.08441316120988,243.67708683146904,246.69327856413472,8441400,ORCL
2025-07-31,251.78311157226562,258.82751302603447,251.33663787593076,253.76745256870538,15548700,ORCL
2025-08-01,242.50633239746094,246.46509847896678,240.10528140017777,245.88963772335518,12718200,ORCL
2025-08-04,250.55282592773438,250.92985557852933,243.97473038529088,243.97473038529088,8614800,ORCL
2025-08-05,253.66824340820312,256.4661564945478,249.4019070034579,253.41028451464035,11197300,ORCL
2025-08-06,254.42227172851562,254.8290652632437,249.7491571941406,254.8290652632437,9930200,ORCL
2025-08-07,247.43740844726562,255.7418860974401,244.58988386411806,255.69225940363955,11954200,ORCL
2025-08-08,248.09225463867188,248.92567428599088,245.91939866298046,248.0724069882153,8313300,ORCL
2025-08-11,250.70164489746094,252.69591737295815,243.63739549394302,246.45515619542252,9012100,ORCL
2025-08-12,251.87242126464844,255.8510197963839,249.1141882938347,250.60244414740995,9998400,ORCL
2025-08-13,242.2681884765625,255.652589279729,240.74025254860607,255.15650402347657,14182100,ORCL
2025-08-14,243.04209899902344,246.9710858086319,240.6708120446389,243.03216760458633,10285600,ORCL
2025-08-15,246.33609008789062,248.667696814445,241.0279718666645,244.9867376047333,11554000,ORCL
2025-08-18,247.11993408203125,247.2092258009583,241.7125922996276,244.27239421745475,6759900,ORCL
2025-08-19,232.7830352783203,247.29849437658135,230.41174841524705,247.29849437658135,16819300,ORCL
2025-08-20,233.21958923339844,234.03317628908198,226.46291072667046,230.36213342323964,11256400,ORCL
2025-08-21,231.33448791503906,234.0728731691948,230.61019251684846,231.2253485495118,7403100,ORCL
2025-08-22,234.51934814453125,236.6326762613855,229.64780224813688,232.22743659548593,9343600,ORCL
2025-08-25,233.56687927246094,237.1585319182704,233.4279759971899,235.49169261501788,6308600,ORCL
2025-08-26,232.3762664794922,235.05512388247692,230.88801068457616,233.16007453684682,11805200,ORCL
2025-08-27,233.96372985839844,234.67809384992702,230.8582312602067,233.160074152759,5637600,ORCL
2025-08-28,238.4384307861328,240.05565846716186,233.2791318808173,233.69584168975658,8691500,ORCL
2025-08-29,224.35952758789062,236.3548657046265,221.36316833767134,235.7496410736107,16618600,ORCL
2025-09-02,223.53602600097656,223.6848455264553,217.0769860874216,220.26186018655545,10461900,ORCL
2025-09-03,221.70050048828125,224.13131524343146,220.01381362589055,224.13131524343146,8900800,ORCL
2025-09-04,221.25404357910156,221.81958808741143,217.84097429621764,220.26187298009214,10303100,ORCL
2025-09-05,230.97731018066406,232.78305273355244,224.12140795433243,230.72926753982128,15386100,ORCL
2025-09-08,236.6128387451172,240.52199330325848,233.4676597824846,238.01180291448037,18803000,ORCL
2025-09-09,239.6190948486328,241.58360336225817,232.72351281966044,238.0613950175927,41178700,ORCL
2025-09-10,325.75933837890625,343.01319851338906,309.6464985823941,316.6909154354322,131618100,ORCL
2025-09-11,305.4496154785156,328.4084568766953,302.21516002745483,327.753620670634,69986000,ORCL
2025-09-12,289.8923645019531,305.5587449090222,289.46573846106924,303.3958205226135,51781900,ORCL
2025-09-15,299.7744140625,304.62611213800636,294.9623810069887,304.05066656166537,40004000,ORCL
2025-09-16,304.24908447265625,317.464803090706,299.9033727423266,311.6010716730762,51923300,ORCL
2025-09-17,299.05010986328125,306.24334588785365,292.7200573170751,305.28093930514456,27707900,ORCL
2025-09-18,294.297607421875,301.44124709829146,289.7137845789414,300.66735532323304,24673100,ORCL
2025-09-19,306.2433776855469,308.67417746181854,294.9921668378368,296.659006160762,40776200,ORCL
2025-09-22,325.58074951171875,326.9201857670998,304.5169887873617,307.20576241383026,44437500,ORCL
2025-09-23,311.37286376953125,322.4554219002116,307.6224603813452,321.46325137128787,35280200,ORCL
2025-09-24,306.044921875,310.02353550216606,297.68093133705037,309.41829571682797,33765300,ORCL
2025-09-25,289.04901123046875,296.4109294793868,286.2907785204338,292.9581653252245,39274900,ORCL
2025-09-26,281.2406311035156,291.69811626674385,280.78424116832826,290.7059458032515,25990700,ORCL
2025-09-29,280.5461730957031,283.7409636906693,277.42081143209384,282.37176339587745,25778500,ORCL
2025-09-30,279.03802490234375,281.7764252026331,273.73983800556215,281.46885476642854,23880800,ORCL
2025-10-01,286.7471923828125,287.7195000486679,275.7043303935629,276.61711025451444,23378300,ORCL
2025-10-02,286.51898193359375,292.6605194541117,283.8103456991707,289.5153257984928,16215500,ORCL
2025-10-03,283.8996887207031,292.3331381880587,281.77642926223274,287.33259026115996,13688400,ORCL
2025-10-06,289.3070068359375,294.35715129841975,288.5231836239734,290.0908300479016,14076800,ORCL
2025-10-07,282.0145568847656,290.9242596223763,268.87822805212295,290.9242596223763,31723400,ORCL
2025-10-08,286.37017822265625,289.247466636652,281.3795617845911,283.1853193738434,18982100,ORCL
2025-10-09,295.146240234375,299.13175794613176,285.5055034066416,289.7692794097808,26479800,ORCL
2025-10-10,291.1706848144531,305.8405451253415,290.2265053116295,298.44598385734787,28895300,ORCL
2025-10-13,306.1287841796875,308.802356955633,295.9214906083015,296.8756490770431,21703700,ORCL
2025-10-14,297.1737976074219,302.5607072174655,290.1966845828224,301.7158926964915,17346200,ORCL
2025-10-15,301.76556396484375,309.1104423455758,297.0942885286036,303.0377448479234,13698900,ORCL
2025-10-16,311.0882873535156,320.5700283106327,301.218944174788,303.7334904599572,32500900,ORCL
2025-10-17,289.5307922363281,302.42157786060454,285.7440646238086,301.8948161025456,37653000,ORCL
2025-10-20,275.487060546875,287.47339926326885,273.62848679810674,287.1851923346052,32810700,ORCL
2025-10-21,273.469482421875,278.58802211509135,270.5971492145158,276.41139537535275,18370800,ORCL
2025-10-22,270.99468994140625,275.5069696723458,267.60551341129235,273.14150104249836,16474000,ORCL
2025-10-23,278.35943603515625,281.37092862392143,270.7263501135002,271.2928456978201,16872200,ORCL
2025-10-24,281.5994873046875,285.4359272907555,280.5260969843573,284.17369501008807,13194900,ORCL
2025-10-27,279.6813049316406,285.2471082316668,278.1010197139325,284.819741794986,13855800,ORCL
2025-10-28,279.1147766113281,283.71650306635905,278.826569666934,281.2715363666465,12448500,ORCL
2025-10-29,273.6185607910156,279.8999679283885,269.6927040785489,279.74094150743355,18007100,ORCL
2025-10-30,255.3209991455078,268.1123877746653,254.71470909014405,267.09859824990275,27954200,ORCL
2025-10-31,261.00604248046875,264.18650997460566,255.14208397364064,257.9250006138069,16898700,ORCL
2025-11-03,256.275146484375,263.99767906349524,253.6711382353916,263.61999512049596,15709200,ORCL
2025-11-04,246.6542510986328,253.72082598196428,243.69245628106228,248.45319374117324,19772600,ORCL
2025-11-05,248.7811737060547,250.85840492755264,245.52120824711656,246.39583830483892,11991500,ORCL
2025-11-06,242.31094360351562,247.5487602239833,237.8284796646712,246.42565708204958,18678300,ORCL
2025-11-07,237.7986602783203,238.93169686529873,230.93087618330165,237.54025374641034,20969300,ORCL
2025-11-10,239.3590850830078,245.7299383831608,235.62205548440846,244.44780881992486,16698700,ORCL
2025-11-11,234.70767211914062,235.99973520578885,227.49201912596652,234.78718532692136,20686600,ORCL
2025-11-12,225.60362243652344,235.36363710080596,224.78862345731153,235.2940725247426,24195000,ORCL
2025-11-13,216.24114990234375,223.78478864210007,213.90549698606432,223.61582877494683,30009000,ORCL
2025-11-14,221.48890686035156,225.66325152000962,209.48268596220845,209.5423170741818,36053800,ORCL
2025-11-17,218.5171661376953,221.43921198573736,214.24342612748393,216.87724987551331,16143800,ORCL
2025-11-18,219.143310546875,222.33369621864102,213.1898904313921,214.8894528741254,21098300,ORCL
2025-11-19,224.1525421142578,226.75653523722693,215.98274572452783,217.72205734969137,21679500,ORCL
2025-11-20,209.40318298339844,232.57081138314774,209.01556557105027,229.74816073088968,27459600,ORCL
2025-11-21,197.54603576660156,207.03771063364235,192.3678651750686,205.81522730349292,44834100,ORCL
2025-11-24,199.05674743652344,202.57513465014713,193.11327576454698,195.65763761078736,31144700,ORCL
2025-11-25,195.82659912109375,198.19206765370456,184.49623294040668,192.89461986224512,29595000,ORCL
2025-11-26,203.7081756591797,208.71738625647404,201.00478734775314,208.22044009872053,26544100,ORCL
2025-11-28,200.716552734375,201.10417013591825,196.40306366784893,198.29145302601484,13848500,ORCL
2025-12-01,199.7127227783203,202.25708466007998,195.49861393316016,199.27540773634416,13461200,ORCL
2025-12-02,199.8717498779297,208.4192146561499,198.77846226921176,203.88706814290677,19664500,ORCL
2025-12-03,206.46124267578125,206.6500846387668,198.18211801923997,199.10644574185528,19060500,ORCL
2025-12-04,213.0209503173828,214.09435588090784,205.05987801156445,206.59046556576504,23316900,ORCL
2025-12-05,216.25108337402344,218.15935472532604,212.31526328561696,217.66240858699956,24208700,ORCL
2025-12-08,219.19300842285156,223.37730181718248,215.58518956706192,219.99807395159152,24711200,ORCL
2025-12-09,220.17697143554688,221.2603104590427,216.9468212928638,218.6861329081547,17643600,ORCL
2025-12-10,221.64791870117188,223.94382267748554,216.2510907347346,220.44531749821974,47928000,ORCL
2025-12-11,197.63548278808594,200.75630389082409,185.09255210218797,189.4557385350861,100612700,ORCL
2025-12-12,188.80972290039062,196.64159913778155,184.84408713319328,195.17062760321016,55201600,ORCL
2025-12-15,183.79055786132812,187.81582461231847,180.29205280337976,187.13996997851825,43897500,ORCL
2025-12-16,187.49778747558594,188.64077278789267,183.363206787634,183.5719156903098,32433500,ORCL
2025-12-17,177.37002563476562,185.36091301353378,175.9885159513689,182.19039416605673,50222000,ORCL
2025-12-18,178.93043518066406,183.63154166108345,177.4892943334785,181.6040079782062,36297300,ORCL
2025-12-19,190.79750061035156,193.92825519995077,186.97100929809253,187.2393644578158,77008600,ORCL
2025-12-22,197.16836547851562,197.5857984376681,191.6522600082981,195.61789586863685,27148000,ORCL
2025-12-23,194.1469268798828,195.9955672467528,191.01617206183226,195.23026589533842,18301600,ORCL
2025-12-24,196.28379821777344,197.0689664716376,193.23254153949614,193.80900090050727,9282700,ORCL
2025-12-26,196.78074645996094,199.14619987573178,194.91222404001994,196.85031103645164,11262000,ORCL
2025-12-29,194.1866912841797,197.29756401246874,191.46342079835316,192.97414140962576,14748100,ORCL
2025-12-30,196.00550842285156,197.16836060149714,194.5146699632147,194.86252317110745,14197400,ORCL
