Date,Close_MSFT,Return_MSFT,Close_AAPL,Return_AAPL,Close_NVDA,Return_NVDA,Close_AVGO,Return_AVGO,Close_ORCL,Return_ORCL,Close_CRM,Return_CRM,Close_ADBE,Return_ADBE,Close_AMD,Return_AMD,Close_QCOM,Return_QCOM,Close_^GSPC,Return_^GSPC,Close_^VIX,Return_^VIX,Return_SP500,^VIX,Date,Year,Quarter,Month
2018-01-03,79.06616973876953,0.46541310466186037,40.26007080078125,-0.017374383867785337,5.246500015258789,6.581378635673718,21.28358268737793,1.093584110261836,42.05971145629883,2.316046748175893,103.49939727783205,0.8428102625431588,181.0399932861328,1.8795702843278361,11.550000190734863,5.191262953208109,53.01537322998047,1.1349689099556581,2713.06005859375,0.6398818768781567,9.149999618530272,-6.345965303826784,0.6398818768781567,9.149999618530272,2018-01-03,2018,1,1
2018-01-04,79.7620620727539,0.8801391749259757,40.447078704833984,0.46449968997348545,5.274156093597412,0.5271338655901792,21.29067611694336,0.0333281744413938,42.47405624389648,0.9851346413257467,104.8657684326172,1.320173054841356,183.22000122070312,1.2041582055987154,12.119999885559082,4.935062211353536,53.08773040771485,0.13648338835698937,2723.989990234375,0.40286360805039667,9.220000267028809,0.7650344417148736,0.40286360805039667,9.220000267028809,2018-01-04,2018,1,1
2018-01-05,80.75096893310547,1.2398210811670696,40.90758514404297,1.1385406658650732,5.318851470947266,0.8474413073233045,21.416831970214844,0.5925403804865059,42.729713439941406,0.6019137766755334,106.2616195678711,1.3310836854743657,185.33999633789065,1.157076248806388,11.880000114440918,-1.980196150035629,53.44149017333984,0.6663682227665557,2743.14990234375,0.7033767443369587,9.220000267028809,0.0,0.7033767443369587,9.220000267028809,2018-01-05,2018,1,1
2018-01-08,80.83336639404297,0.10203897492022662,40.75563430786133,-0.371449049477246,5.481823921203613,3.0640534172939216,21.46808433532715,0.2393088071269478,43.17931365966797,1.0521957287602524,107.0086898803711,0.7030481142091372,185.0399932861328,-0.1618663308975754,12.279999732971191,3.3670001235441616,53.28068161010742,-0.3009058368522721,2747.7099609375,0.16623439316436617,9.520000457763672,3.253798069916325,0.16623439316436617,9.520000457763672,2018-01-08,2018,1,1
2018-01-09,80.77843475341797,-0.06795664102027255,40.75096130371094,-0.011465909511043648,5.480342864990234,-0.027017580912258587,21.170825958251957,-1.3846525494873085,43.41826248168945,0.5533872629492009,107.29376983642578,0.2664082294376202,186.6999969482422,0.8971053406505725,11.81999969482422,-3.7459287308605815,52.476688385009766,-1.508976989035249,2751.2900390625,0.13029315960912946,10.079999923706056,5.88234704847832,0.13029315960912946,10.079999923706056,2018-01-09,2018,1,1
2018-01-10,80.41214752197266,-0.4534468049095408,40.741607666015625,-0.022953170664130607,5.523308277130127,0.7839913158420364,20.723756790161133,-2.111722844316166,43.18817138671875,-0.5299408171106301,106.94972229003906,-0.3206593886217579,187.1100006103516,0.21960560729044065,11.960000038146973,1.1844360993008785,52.46865463256836,-0.01530918335101994,2748.22998046875,-0.11122268282528491,9.81999969482422,-2.5793673695410413,-0.11122268282528491,9.81999969482422,2018-01-10,2018,1,1
2018-01-11,80.6502456665039,0.2960972338988732,40.9730224609375,0.5680060463468362,5.5331854820251465,0.1788276952767065,20.77658462524414,0.2549143749268845,43.3209114074707,0.30735272295592253,107.24461364746094,0.27572896040080064,188.9199981689453,0.9673441038370534,12.140000343322754,1.5050192692446673,52.60534286499024,0.26051407908034285,2767.56005859375,0.7033646478779465,9.880000114440918,0.6110022554106864,0.7033646478779465,9.880000114440918,2018-01-11,2018,1,1
2018-01-12,82.04203033447266,1.7257041890782476,41.396114349365234,1.032610881540652,5.506022930145264,-0.4909026087797308,20.838876724243164,0.2998187629132065,43.81651306152344,1.1440240704798876,108.365234375,1.0449202896313459,195.0500030517578,3.244762302681492,12.020000457763672,-0.9884669041635097,52.56513214111328,-0.07643847884455379,2786.239990234375,0.6749602987881076,10.15999984741211,2.83400536161873,0.6749602987881076,10.15999984741211,2018-01-12,2018,1,1
2018-01-16,80.89744567871094,-1.3951198563656009,41.18574905395508,-0.5081764284318169,5.435154438018799,-1.2871085541337424,20.75687026977539,-0.39352627088757863,43.88731384277344,0.16158470015765758,107.0381851196289,-1.2246079317088099,192.4600067138672,-1.327862751790554,11.90999984741211,-0.9151464738964554,54.872589111328125,4.389710205655684,2776.419921875,-0.3524487622672101,11.65999984741211,14.763779749288775,-0.3524487622672101,11.65999984741211,2018-01-16,2018,1,1
2018-01-17,82.53646850585938,2.026050159430137,41.8659782409668,1.6516130036158705,5.548987865447998,2.094391773542559,20.958721160888672,0.9724534021258613,44.48912811279297,1.3712715983838386,108.16864776611328,1.0561302447541943,196.4900054931641,2.0939408909448787,12.18000030517578,2.2670063914596694,54.68768310546875,-0.3369733574703937,2802.56005859375,0.9415051560751175,11.90999984741211,2.1440823608199766,0.9415051560751175,11.90999984741211,2018-01-17,2018,1,1
2018-01-18,82.49986267089844,-0.04435110397089659,41.90336990356445,0.08931276460910631,5.542074203491211,-0.12459320734573565,21.27333068847656,1.5010912410771793,44.45372009277344,-0.07958802862974013,109.86920166015624,1.572131970920032,196.1999969482422,-0.1475945528089384,12.470000267028809,2.3809520081029545,54.711795806884766,0.0440916492467025,2798.030029296875,-0.16163897301626484,12.220000267028809,2.6028583004898964,-0.16163897301626484,12.220000267028809,2018-01-18,2018,1,1
2018-01-19,82.40825653076172,-0.11103793045347254,41.71637725830078,-0.4462472724604538,5.682083606719971,2.5262996865065723,21.004453659057617,-1.2639159958369284,44.76347732543945,0.6968083481417642,110.02649688720705,0.14316589606007124,195.72999572753903,-0.23955210398252103,12.59000015258789,0.9623086045664753,54.70375442504883,-0.01469771137529996,2810.300048828125,0.43852351128388367,11.270000457763672,-7.774139022143589,0.43852351128388367,11.270000457763672,2018-01-19,2018,1,1
2018-01-22,83.88246154785156,1.788904509270317,41.37509536743164,-0.8181004998492059,5.770482540130615,1.5557485515717895,20.666990280151367,-1.6066277389734762,44.87851333618164,0.25698631477142353,110.97015380859376,0.857663333909553,197.83999633789065,1.0780159691459845,12.649999618530272,0.47656445762669364,55.21028518676758,0.925952463487234,2832.969970703125,0.8066726499347698,11.029999732971191,-2.129553815831031,0.8066726499347698,11.029999732971191,2018-01-22,2018,1,1
2018-01-23,84.14801025390625,0.3165723813472132,41.38443374633789,0.022570048052616976,5.899380207061768,2.23374156380749,20.72927474975586,0.30137174673330325,45.24136352539063,0.8085165087597934,111.314208984375,0.3100429836068175,200.08999633789065,1.137282673700235,12.9399995803833,2.2924898861516496,54.9449462890625,-0.4805968612686562,2839.1298828125,0.21743654797181655,11.100000381469728,0.6346387143536303,0.21743654797181655,11.100000381469728,2018-01-23,2018,1,1
2018-01-24,84.07475280761719,-0.0870578473192829,40.72523880004883,-1.5928572330590196,5.8225860595703125,-1.301732466734895,20.253026962280277,-2.2974647845853458,45.533424377441406,0.6455615598032649,110.93084716796876,-0.3443961196903822,197.77999877929688,-1.1544792847578922,12.710000038146973,-1.7774308322621724,54.65552520751953,-0.5267474100717817,2837.5400390625,-0.05599757022828333,11.470000267028809,3.333332187778626,-0.05599757022828333,11.470000267028809,2018-01-24,2018,1,1
2018-01-25,84.54174041748047,0.5554433337816134,39.99825286865234,-1.7850992475840766,5.836166858673096,0.2332434242077186,19.49845123291016,-3.725742975484392,45.66616821289063,0.29153053446819843,110.05596923828124,-0.7886696550354566,197.50999450683597,-0.13651748110394823,12.40999984741211,-2.3603476776904997,54.20527648925781,-0.8237935991872503,2839.25,0.060262090189389106,11.579999923706056,0.959020524118448,0.060262090189389106,11.579999923706056,2018-01-25,2018,1,1
2018-01-26,86.12581634521484,1.8737205076592378,40.09175491333008,0.23376532216241586,6.0085225105285645,2.953233792473431,19.77442169189453,1.4153455353345112,46.683929443359375,2.2286985536514647,111.7663803100586,1.5541283981372889,201.3000030517578,1.9188945624676546,12.949999809265137,4.3513293190381,55.09771347045898,1.646402415045367,2872.8701171875,1.1841196508761032,11.079999923706056,-4.317789320329979,1.1841196508761032,11.079999923706056,2018-01-26,2018,1,1
2018-01-29,85.99761962890625,-0.1488481871623093,39.26192092895508,-2.069837018032572,6.095441818237305,1.4466003506924396,19.35494041442871,-2.1213327196201393,45.96707534790039,-1.5355478941178835,111.3731918334961,-0.35179494537778133,198.22999572753903,-1.525090550261654,13.31999969482422,2.8571420155108163,54.12487411499024,-1.7656619380227667,2853.530029296875,-0.6731974332887192,13.84000015258789,24.90974952966123,-0.6731974332887192,13.84000015258789,2018-01-29,2018,1,1
2018-01-30,84.91714477539062,-1.2564008843245267,39.03049850463867,-0.5894322509975236,5.993462085723877,-1.6730490677198895,19.00091361999512,-1.8291288263004413,45.09977340698242,-1.8867894778030192,110.3213882446289,-0.9443956589119229,196.8999938964844,-0.6709387376886533,12.869999885559082,-3.3783770238372868,53.85955429077149,-0.4901994296653167,2822.429931640625,-1.0898815620283941,14.789999961853027,6.864160395890595,-1.0898815620283941,14.789999961853027,2018-01-30,2018,1,1
2018-01-31,86.99567413330078,2.4477146086434587,39.138031005859375,0.27550891057137594,6.069514274597168,1.2689191620055995,19.55679702758789,2.925561468832738,45.65731430053711,1.2362387910985984,111.97281646728516,1.4969248021012405,199.75999450683597,1.4525143214860314,13.739999771118164,6.759905930809484,54.872589111328125,1.8808822945090897,2823.81005859375,0.048898537308339485,13.539999961853027,-8.451656546477693,0.048898537308339485,13.539999961853027,2018-01-31,2018,1,1
2018-02-01,86.3089370727539,-0.7893921937941473,39.2198371887207,0.2090196689993995,5.938642978668213,-2.156207070419003,18.828237533569336,-3.725351820090006,45.69272232055664,0.07755169256442596,110.82271575927734,-1.0271249257571724,199.3800048828125,-0.1902230849382902,13.25,-3.5662283790437677,53.70679473876953,-2.1245477777499744,2821.97998046875,-0.06480882520516484,13.470000267028809,-0.5169844536294876,-0.06480882520516484,13.470000267028809,2018-02-01,2018,1,2
2018-02-02,84.03813934326172,-2.63101111716626,37.5180892944336,-4.338997854831761,5.766286373138428,-2.9022893975760966,18.567249298095703,-1.3861532977173852,44.36521911621094,-2.905283679603554,108.89604949951172,-1.7385120429196266,195.63999938964844,-1.8758177357665717,12.449999809265137,-6.037737288565004,53.1198844909668,-1.0928044592075747,2762.1298828125,-2.120854792396809,17.309999465942383,28.50778858789582,-2.120854792396809,17.309999465942383,2018-02-02,2018,1,2
2018-02-05,80.57699584960938,-4.118538940414873,36.58071899414063,-2.4984489293596313,5.276870727539063,-8.487536239602145,17.985347747802734,-3.1340213132844075,42.55981063842773,-4.069423106091497,105.8192901611328,-2.8254095098213083,190.2700042724609,-2.744834969301102,11.56999969482422,-7.0682741198600745,49.63055038452149,-6.568790839593552,2648.93994140625,-4.097922480422822,37.31999969482422,115.59792516603906,-4.097922480422822,37.31999969482422,2018-02-05,2018,1,2
2018-02-06,83.6260757446289,3.7840575500114104,38.109500885009766,4.179201319454684,5.5702223777771,5.559197209571298,18.95359992980957,5.383561083077337,43.71917343139648,2.724078833005783,107.70661926269533,1.7835397484604831,194.47000122070312,2.2073878456574603,11.649999618530272,0.6914427468985851,51.7772216796875,4.325302215136229,2695.139892578125,1.7440920592313836,29.979999542236328,-19.667739047719902,1.7440920592313836,29.979999542236328,2018-02-06,2018,1,2
2018-02-07,82.05116271972656,-1.8832798393071726,37.29367065429688,-2.140752861535866,5.649734020233154,1.4274410797901593,18.717060089111328,-1.2479942679713307,43.25010681152344,-1.0729082529638667,108.17847442626952,0.4380930037580555,192.33999633789065,-1.095287123691191,11.600000381469728,-0.42917801457277305,52.291770935058594,0.9937753295344409,2681.659912109375,-0.5001588416939429,27.729999542236328,-7.505003450150694,-0.5001588416939429,27.729999542236328,2018-02-07,2018,1,2
2018-02-08,77.83920288085938,-5.133333519300098,36.26748275756836,-2.7516409050775126,5.371199607849121,-4.930044695671154,18.101253509521484,-3.290081757808161,41.453556060791016,-4.15386430965704,102.2608413696289,-5.470250054851578,185.16000366210935,-3.7329691236803186,11.220000267028809,-3.275862947797359,50.18531799316406,-4.0282685099927935,2581.0,-3.753641975808808,33.459999084472656,20.663539981343337,-3.753641975808808,33.459999084472656,2018-02-08,2018,1,2
2018-02-09,80.74181365966797,3.7289831747780555,36.71108627319336,1.2231439347204942,5.730727672576904,6.693626954440357,18.568819046020508,2.5830561195835378,42.2412223815918,1.9001176151104637,105.1606674194336,2.8357150312533275,187.9900054931641,1.5284088221444891,11.3100004196167,0.8021403783061043,51.44758224487305,2.515206243947521,2619.550048828125,1.4936090208494734,29.059999465942383,-13.15002910616373,1.4936090208494734,29.059999465942383,2018-02-09,2018,1,2
2018-02-12,81.61166381835938,1.077323036559319,38.18976593017578,4.027883146738054,5.630721569061279,-1.745085602203389,19.27057266235352,3.779204345703424,42.612911224365234,0.8799197130607173,106.70396423339844,1.4675608778797589,192.1499938964844,2.2128774305885113,11.68000030517578,3.271440069244669,52.79025650024414,2.6097907749686344,2656.0,1.3914584754042503,25.61000061035156,-11.871985268389762,1.3914584754042503,25.61000061035156,2018-02-12,2018,1,2
2018-02-13,82.25262451171875,0.7853787845643501,38.57234954833984,1.001796185039594,5.744308948516846,2.0172792787284566,19.385698318481445,0.5974168912625588,42.913818359375,0.7061407596055336,105.8585968017578,-0.7922549435853465,193.47999572753903,0.692168552329564,11.779999732971191,0.8561594621799617,52.8223991394043,0.0608874464552045,2662.93994140625,0.26129297463290957,24.96999931335449,-2.4990288236790614,0.26129297463290957,24.96999931335449,2018-02-13,2018,1,2
2018-02-14,83.54055786132812,1.5658264490099993,39.28351974487305,1.843730560519674,5.961359977722168,3.778540310951839,19.52762222290039,0.7321062263908384,43.7634162902832,1.9797770587398622,107.16596221923828,1.2350110968585737,197.1300048828125,1.886504670184852,12.199999809265137,3.565365753943106,53.53797912597656,1.354690431011596,2698.6298828125,1.3402458257245842,19.26000022888184,-22.867437891433262,1.3402458257245842,19.26000022888184,2018-02-14,2018,1,2
2018-02-15,85.24243927001953,2.037191817076933,40.602577209472656,3.357788388530958,6.086798667907715,2.1041958656131454,19.856420516967773,1.6837600108926543,44.81657409667969,2.4064798767328366,111.19625091552734,3.760791778311079,202.97000122070312,2.9625101167944035,12.1899995803833,-0.0819690904768855,52.48472595214844,-1.9673009534965535,2731.199951171875,1.2069112762299383,19.1299991607666,-0.6749795772083678,1.2069112762299383,19.1299991607666,2018-02-15,2018,1,2
2018-02-16,84.63526916503906,-0.7122861689318305,40.47115707397461,-0.32367436879693345,6.021117687225342,-1.0790726663701289,19.624605178833008,-1.1674578403326752,44.87851333618164,0.13820610064556593,110.94068145751952,-0.2298363981731555,201.55999755859372,-0.69468574352336,11.81999969482422,-3.035273981095954,52.13901519775391,-0.6586883100232144,2732.219970703125,0.03734693722488025,19.459999084472656,1.7250388822956486,0.03734693722488025,19.459999084472656,2018-02-16,2018,1,2
2018-02-20,85.29765319824219,0.7826335755032332,40.33502960205078,-0.33635675815991695,6.150505542755127,2.148900955785993,19.682167053222656,0.2933148150757958,44.1528205871582,-1.61701601741423,112.40532684326172,1.3202058672255657,202.97999572753903,0.7045039621676574,12.020000457763672,1.6920538756615144,51.44758224487305,-1.3261335110730132,2716.260009765625,-0.5841389459353419,20.600000381469727,5.85817754691822,-0.5841389459353419,20.600000381469727,2018-02-20,2018,1,2
2018-02-21,84.1661148071289,-1.3265762288716787,40.15195083618164,-0.45389520641341274,5.96358060836792,-3.0391800005349467,19.60331153869629,-0.40064447330994124,43.74571990966797,-0.9220264347248541,112.53314208984376,0.11370924329971999,202.08999633789065,-0.4384665525577369,11.720000267028809,-2.4958417579850734,50.97321701049805,-0.9220360096169,2701.330078125,-0.5496503128179286,20.020000457763672,-2.815533558085659,-0.5496503128179286,20.020000457763672,2018-02-21,2018,1,2
2018-02-22,84.38691711425781,0.2623410949108118,40.487586975097656,0.8359148980964681,5.98310136795044,0.3273328703753853,19.660877227783203,0.29365288090883457,43.88731384277344,0.32367494099503347,111.07829284667967,-1.2928184676498033,202.6100006103516,0.2573132178158355,11.84000015258789,1.0238897851962525,49.99234771728516,-1.9242836743281644,2703.9599609375,0.09735510790762625,18.71999931335449,-6.493512061359863,0.09735510790762625,18.71999931335449,2018-02-22,2018,1,2
2018-02-23,86.53038787841797,2.540051038074953,41.19171142578125,1.7391119187139426,6.076498031616211,1.5610075431124582,20.004657745361328,1.7485512655168955,44.69266891479492,1.8350520947959525,113.00495147705078,1.7345050783508675,209.7400054931641,3.519078456805569,12.06999969482422,1.9425636762855802,50.90890884399414,1.8334028477563713,2747.300048828125,1.602837635051313,16.489999771118164,-11.912391154018287,1.602837635051313,16.489999771118164,2018-02-23,2018,1,2
2018-02-26,87.78150177001953,1.44586650109495,42.00614547729492,1.9771794453870006,6.092559814453125,0.26432630691797243,19.944725036621094,-0.29959377212605,45.285621643066406,1.326733763432042,114.6662139892578,1.470079399613211,212.1499938964844,1.1490361114722347,12.420000076293944,2.899754683670852,53.85151672363281,5.780143292122086,2779.60009765625,1.1757015343810906,15.800000190734863,-4.184351667437969,1.1757015343810906,15.800000190734863,2018-02-26,2018,1,2
2018-02-27,86.65916442871094,-1.278557917873202,41.870025634765625,-0.3240474482546163,6.079710960388184,-0.2108941800532005,19.85483932495117,-0.450674108090654,44.896217346191406,-0.8598850645006428,114.48926544189452,-0.1543162028353473,208.82000732421875,-1.5696378355261609,12.529999732971191,0.8856655072587705,53.794769287109375,-0.10537760118191075,2744.280029296875,-1.2706888443829278,18.59000015258789,17.658227393497672,-1.2706888443829278,18.59000015258789,2018-02-27,2018,1,2
2018-02-28,86.26358795166016,-0.45647391093436296,41.8066520690918,-0.15135783824600235,5.979394912719727,-1.6500134352119278,19.433002471923828,-2.1246047178897443,44.84312057495117,-0.11826557865846077,114.27301025390624,-0.18888686826105117,209.1300048828125,0.1484520389430033,12.109999656677246,-3.351955987586863,52.70816040039063,-2.0199155068764685,2713.830078125,-1.1095788639207016,19.850000381469727,6.777838722644836,-1.1095788639207016,19.850000381469727,2018-02-28,2018,1,2
2018-03-01,85.41725158691406,-0.981104988608128,41.07437133789063,-1.751589029398859,5.737501621246338,-4.045447658237434,19.184633255004883,-1.2780794798836759,43.9935188293457,-1.8946088825050333,117.39892578125,2.735480163162074,206.02999877929688,-1.482334448016076,11.899999618530272,-1.7341044104091652,52.67572784423828,-0.061532324228319446,2677.669921875,-1.3324399541987275,22.46999931335449,13.198986808738656,-1.3324399541987275,22.46999931335449,2018-03-01,2018,1,3
2018-03-02,85.60122680664062,0.21538414817685592,41.35835647583008,0.6913925367312279,5.844486713409424,1.8646633887982489,19.78072166442871,3.107113915082649,44.53336715698242,1.227108769659524,119.84659576416016,2.0849168479368574,209.7899932861328,1.8249742897216148,11.8100004196167,-0.7562958134337161,52.49732971191406,-0.33867236320254124,2691.25,0.5071602744632031,19.59000015258789,-12.817086109366016,0.5071602744632031,19.59000015258789,2018-03-02,2018,1,3
2018-03-05,86.14399719238281,0.6340684660609108,41.50153732299805,0.3461956890178808,5.822497367858887,-0.376240833948438,19.47400665283203,-1.5505754380450099,45.39181900024414,1.927659860606612,120.41674041748048,0.47572870108241183,211.16000366210935,0.6530389531534952,11.90999984741211,0.8467351756339392,51.9053840637207,-1.1275728716903077,2720.93994140625,1.1032026532745043,18.729999542236328,-4.389997976788962,1.1032026532745043,18.729999542236328,2018-03-05,2018,1,3
2018-03-06,85.8496322631836,-0.34171264254411193,41.4663314819336,-0.08483020951837172,5.983348369598389,2.762577491703566,19.787824630737305,1.6114710418856593,45.57768249511719,0.40946474269305533,122.3630599975586,1.6163197686055009,212.00999450683597,0.4025340168523295,11.760000228881836,-1.2594426570279649,50.38900375366211,-2.9214316345237634,2728.1201171875,0.2638858606169414,18.36000061035156,-1.975434815416932,0.2638858606169414,18.36000061035156,2018-03-06,2018,1,3
2018-03-07,86.34639739990234,0.5786456198156431,41.08139419555664,-0.9283128567683208,5.975441932678223,-0.1321406749494769,19.47952079772949,-1.558048136978707,45.77238082885742,0.4271790996856595,123.19860076904295,0.6828374278160743,216.8600006103516,2.2876308802315615,12.239999771118164,4.081628681073313,50.67282104492188,0.5632524362801039,2726.800048828125,-0.0483874720566102,17.760000228881836,-3.2679758252918356,-0.0483874720566102,17.760000228881836,2018-03-07,2018,1,3
2018-03-08,86.8707504272461,0.6072668265651782,41.52968978881836,1.091237534752909,5.959134101867676,-0.2729142211451041,19.471643447875977,-0.040439135722636355,46.13522720336914,0.7927190326157518,124.21107482910156,0.8218226942014351,216.3999938964844,-0.21212151276053248,11.970000267028809,-2.205878342632439,50.129520416259766,-1.0721736375807422,2738.969970703125,0.4463078207817217,16.540000915527344,-6.869365414593254,0.4463078207817217,16.540000915527344,2018-03-08,2018,1,3
2018-03-09,88.81184387207031,2.234461467499216,42.24320602416992,1.7180870817476546,6.061675071716309,1.7207360682904405,20.010181427001957,2.76575513806836,46.87863540649414,1.611367816284881,125.24322509765624,0.8309647670103226,221.1100006103516,2.176528117704213,11.699999809265137,-2.2556428716830057,51.11070251464844,1.9572940060891053,2786.570068359375,1.737883151892694,14.640000343322754,-11.4873063303214,1.737883151892694,14.640000343322754,2018-03-09,2018,1,3
2018-03-12,89.02342987060547,0.23824074505189863,42.65160751342773,0.9667862070509736,6.171130180358887,1.80569079252193,20.72454071044922,3.5699790431849676,46.816680908203125,-0.13215934669129625,124.62395477294922,-0.49445415049329533,220.94000244140625,-0.07688398013481201,11.520000457763672,-1.5384560208191234,50.93229675292969,-0.349057541652098,2783.02001953125,-0.1273985129042532,15.779999732971191,7.786880894223391,-0.1273985129042532,15.779999732971191,2018-03-12,2018,1,3
2018-03-13,86.85235595703125,-2.438766869272335,42.240867614746094,-0.9630115313996601,6.120480060577393,-0.8207592175368483,20.59680938720703,-0.6163288491010332,46.533477783203125,-0.6049192713069473,124.5748062133789,-0.039437489894988964,219.75999450683597,-0.534085236503623,11.640000343322754,1.0416656318638529,48.41041946411133,-4.9514305256090685,2765.31005859375,-0.6363576551088879,16.350000381469727,3.612171471128467,-0.6363576551088879,16.350000381469727,2018-03-13,2018,1,3
2018-03-14,86.33719635009766,-0.5931440791179687,41.88176727294922,-0.8501253929536157,6.145929336547852,0.4158052263641965,20.5471305847168,-0.24119659291058637,46.30337142944336,-0.4944963598719543,125.81334686279295,0.9942143897800682,218.44000244140625,-0.6006516647363069,11.359999656677246,-2.4055041098527963,48.75099182128906,0.7035104445443086,2749.47998046875,-0.5724521948562322,17.229999542236328,5.382257738439855,-0.5724521948562322,17.229999542236328,2018-03-14,2018,1,3
2018-03-15,86.6407699584961,0.35161392914293543,41.93105697631836,0.11768773520923759,6.160752773284912,0.2411911352268703,21.112478256225582,2.751467749610237,46.34762573242188,0.09557468843486294,125.05646514892578,-0.6015909541716602,218.8699951171875,0.19684703853479757,11.460000038146973,0.88028507475304,48.56449508666992,-0.3825496213549884,2747.330078125,-0.0781930531963182,16.59000015258789,-3.7144480943228753,-0.0781930531963182,16.59000015258789,2018-03-15,2018,1,3
2018-03-16,87.02716064453125,0.44596866604516006,41.78317642211914,-0.35267547460761106,6.188920974731445,0.457220123629698,20.09612274169922,-4.814003842616932,46.25912094116211,-0.19095863026670212,123.82771301269533,-0.9825578667741586,225.5500030517578,3.052043717090447,11.470000267028809,0.08726203183724301,49.15644073486328,1.2188856223810163,2752.010009765625,0.1703447167811456,15.800000190734863,-4.76190448816719,0.1703447167811456,15.800000190734863,2018-03-16,2018,1,3
2018-03-19,85.45404815673828,-1.8076109528822437,41.14477157592773,-1.5278992667811075,5.954686641693115,-3.784736208374262,19.313949584960938,-3.892159531426831,45.97592544555664,-0.6121938546252759,122.85454559326172,-0.7859043793644438,222.17999267578125,-1.494130051154663,11.43000030517578,-0.34873549190762576,47.33192443847656,-3.7116525710794934,2712.919921875,-1.4204195388793028,19.020000457763672,20.379748279477994,-1.4204195388793028,19.020000457763672,2018-03-19,2018,1,3
2018-03-20,85.67484283447266,0.2583782541575985,41.13068389892578,-0.034239288401316514,6.166683197021484,3.560163079682921,19.10972595214844,-1.0573892818458885,41.639408111572266,-9.432148003457929,122.99217987060548,0.11203026854165188,229.75,3.407150766840372,11.109999656677246,-2.799655642647969,47.24273681640625,-0.1884301623658713,2716.93994140625,0.14818054520648882,18.200000762939453,-4.311249606145551,0.14818054520648882,18.200000762939453,2018-03-20,2018,1,3
2018-03-21,85.07685089111328,-0.6979784538557299,40.19889068603516,-2.26544546446249,6.141481876373291,-0.40866896908804407,19.680953979492188,2.989200519013857,41.61285400390625,-0.06377157810424361,119.63033294677734,-2.733382664950723,226.8500061035156,-1.2622389103305376,11.260000228881836,1.3501402055799083,46.066925048828125,-2.488873098414135,2711.929931640625,-0.18439898833508828,17.860000610351562,-1.8681326282152133,-0.18439898833508828,17.860000610351562,2018-03-21,2018,1,3
2018-03-22,82.60218811035156,-2.9087381054206496,39.63087844848633,-1.413004756736136,5.975687980651856,-2.699574777860292,19.48654556274414,-0.9877997629110014,40.6128044128418,-2.403222790175785,116.03258514404295,-3.007387603221834,220.5200042724609,-2.790390857722169,10.90999984741211,-3.1083514596383144,45.06953048706055,-2.165099061225384,2643.68994140625,-2.5162888405856454,23.34000015258789,30.683087093850105,-2.5162888405856454,23.34000015258789,2018-03-22,2018,1,3
2018-03-23,80.20111083984375,-2.906796206536466,38.713172912597656,-2.3156325870533956,5.756280422210693,-3.671670260421278,19.39933967590332,-0.44751845092312337,39.63931274414063,-2.397006763692844,112.48397827148438,-3.058284763847441,215.0200042724609,-2.494104794776142,10.630000114440918,-2.5664503839347708,43.51261901855469,-3.4544656926320694,2588.260009765625,-2.096688071186603,24.8700008392334,6.555272821949254,-2.096688071186603,24.8700008392334,2018-03-23,2018,1,3
2018-03-26,86.27281188964844,7.570594704017841,40.55094528198242,4.747149952120644,6.040671825408936,4.940541153987477,19.81936454772949,2.165150354823142,41.134952545166016,3.773122431963616,116.94676971435548,3.9674907586394026,228.91000366210935,6.45986378646326,10.4399995803833,-1.7873991722681226,45.51552581787109,4.603048137512289,2658.550048828125,2.715725576151251,21.030000686645508,-15.440289597940582,2.715725576151251,21.030000686645508,2018-03-26,2018,1,3
2018-03-27,82.30780792236328,-4.5958905018150915,39.51118087768555,-2.564094121768512,5.572203636169434,-7.755233238610659,19.55054473876953,-1.3563492831093482,40.16146087646485,-2.366580264392615,111.87450408935548,-4.337243035775251,213.8000030517578,-6.60084765568183,10.0,-4.2145555370524885,44.469482421875,-2.2982122631776125,2612.6201171875,-1.7276308813847896,22.5,6.990010772029942,-1.7276308813847896,22.5,2018-03-27,2018,1,3
2018-03-28,82.23419952392578,-0.08943063883675162,39.07462692260742,-1.1048871367058344,5.469170570373535,-1.8490542076945338,18.935317993164062,-3.1468521917215386,39.80744934082031,-0.881470763061798,110.96033477783205,-0.8171382022782225,212.5399932861328,-0.5893403871093383,9.8100004196167,-1.89999580383301,44.35594940185547,-0.2553054675619171,2605.0,-0.291665716625622,22.8700008392334,1.6444481743706607,-0.291665716625622,22.8700008392334,2018-03-28,2018,1,3
2018-03-29,83.96371459960938,2.103157914464049,39.3797492980957,0.7808708605014036,5.72218132019043,4.626126513359297,18.85291290283203,-0.435192534721518,40.4889030456543,1.7118748277478613,114.3221664428711,3.0297598432540873,216.0800018310547,1.6655729070980563,10.050000190734863,2.44648074263325,44.93167495727539,1.297966931569805,2640.8701171875,1.3769718690019195,19.96999931335449,-12.680373500048015,1.3769718690019195,19.96999931335449,2018-03-29,2018,1,3
2018-04-02,81.4338607788086,-3.0130322757451644,39.1215705871582,-0.6556128861642696,5.461757183074951,-4.551133956496367,18.215280532836918,-3.382142448127101,39.8339958190918,-1.6174980730498945,113.33917236328124,-0.8598455664160953,212.27999877929688,-1.7586093204168374,9.529999732971191,-5.174133809898452,43.634254455566406,-2.887540922840459,2581.8798828125,-2.2337423560165104,23.6200008392334,18.27742439349036,-2.2337423560165104,23.6200008392334,2018-04-02,2018,2,4
2018-04-03,82.52862548828125,1.3443605632873945,39.52290725708008,1.0258705463466633,5.568003177642822,1.9452712928562432,18.94331169128418,3.996815515055241,39.72780227661133,-0.26659023353508005,114.5089340209961,1.032089465031083,215.92999267578125,1.7194243063281656,9.550000190734863,0.20986839794419065,44.42081451416016,1.8026205979862153,2614.449951171875,1.2614865848792123,21.100000381469727,-10.668926199096019,1.2614865848792123,21.100000381469727,2018-04-03,2018,2,4
2018-04-04,84.9388656616211,2.920489901630674,40.27867889404297,1.9122369517174276,5.589993000030518,0.3949319295648124,18.96012306213379,0.08874568039412001,40.27649688720703,1.3811350720468463,117.44808197021484,2.566741166833175,225.0500030517578,4.2235959270698675,9.770000457763672,2.3036676715697535,44.59110641479492,0.38336059907337905,2644.68994140625,1.156648273982852,20.059999465942383,-4.928914202488288,1.156648273982852,20.059999465942383,2018-04-04,2018,2,4
2018-04-05,84.98486328125,0.054153795521760806,40.55800628662109,0.6934869768517427,5.469911575317383,-2.148149822593326,18.90571403503418,-0.28696557992428096,40.67475128173828,0.9888009765262051,117.01556396484376,-0.3682631492277322,223.5399932861328,-0.6709663386575082,10.020000457763672,2.5588535136796153,44.63164520263672,0.09091227175368477,2662.840087890625,0.6862863657553842,18.940000534057617,-5.583245073292675,0.6862863657553842,18.940000534057617,2018-04-05,2018,2,4
2018-04-06,83.0069808959961,-2.327334902814726,39.52057266235352,-2.5579009405346076,5.293741226196289,-3.2207165818923134,18.31048583984375,-3.1484036735529353,39.67470169067383,-2.458649554209924,114.12557220458984,-2.4697498882475077,218.6100006103516,-2.2054186382079677,9.609999656677246,-4.091824175205005,43.0747299194336,-3.4883663287212596,2604.469970703125,-2.1920248779842444,21.489999771118164,13.46356475795858,-2.1920248779842444,21.489999771118164,2018-04-06,2018,2,4
2018-04-09,83.50376892089844,0.5984894517785166,39.91253662109375,0.9917972649055251,5.322403430938721,0.5414356976989332,18.780107498168945,2.5647689658965467,39.73664474487305,0.156127334446432,115.19703674316406,0.9388470242702729,219.1699981689453,0.2561628274233785,9.529999732971191,-0.8324654169000856,43.32609939575195,0.5835659951635375,2613.159912109375,0.33365488963206236,21.770000457763672,1.3029348051544432,0.33365488963206236,21.770000457763672,2018-04-09,2018,2,4
2018-04-10,85.4448471069336,2.3245396119472295,40.66361999511719,1.8818232004489843,5.631256103515625,5.802879781370329,19.180927276611328,2.1342784032597484,40.55084609985352,2.0489937190419916,117.4579086303711,1.9626128858225123,224.52999877929688,2.445590480052773,9.979999542236328,4.721928875908166,44.41270065307617,2.507960034433099,2656.8701171875,1.67269537832615,20.46999931335449,-5.971525572226499,1.67269537832615,20.46999931335449,2018-04-10,2018,2,4
2018-04-11,84.50650024414062,-1.0981901127620208,40.47348785400391,-0.46757308162949096,5.589993000030518,-0.732751320959224,19.22653007507324,0.23775075002510082,40.36500549316406,-0.45829033069209046,117.133544921875,-0.276153144797453,223.6300048828125,-0.4008345884190856,9.81999969482422,-1.6032049574248197,44.60731887817383,0.43820398722853593,2642.18994140625,-0.5525364482924067,20.239999771118164,-1.1235933070416593,-0.5525364482924067,20.239999771118164,2018-04-11,2018,2,4
2018-04-12,86.08881378173828,1.872416362086149,40.87250900268555,0.9858827836162432,5.796554088592529,3.695194046949335,19.15532875061035,-0.37032852098048963,40.60395812988281,0.5919796957768675,119.33545684814452,1.879830348973166,226.9600067138672,1.4890675483371307,10.079999923706056,2.6476602541940286,44.76139831542969,0.34541290786085366,2663.989990234375,0.8250750063987677,18.489999771118164,-8.646245157063658,0.8250750063987677,18.489999771118164,2018-04-12,2018,2,4
2018-04-13,85.62882995605469,-0.5343131186007488,41.010986328125,0.33880309483902415,5.719959735870361,-1.3213773485337366,19.75615882873535,3.1366210726394117,40.780948638916016,0.4358947186061224,116.986083984375,-1.9687131769723032,224.05999755859372,-1.2777621913492299,9.93000030517578,-1.488091464936514,45.19115829467773,0.9601129442372569,2656.300048828125,-0.2886625488248695,17.40999984741211,-5.840994792185128,-0.2886625488248695,17.40999984741211,2018-04-13,2018,2,4
2018-04-16,86.63155364990234,1.1710117893263927,41.266822814941406,0.623824271792639,5.7197113037109375,-0.004343250143279409,19.950571060180664,0.9840588604832501,40.92314147949219,0.34867467609736025,117.3792724609375,0.3360985026347407,226.5200042724609,1.097923208369167,10.09000015258789,1.6112773665144298,44.41270065307617,-1.7225883800664477,2677.840087890625,0.8109038386684864,16.559999465942383,-4.882253813437421,0.8109038386684864,16.559999465942383,2018-04-16,2018,2,4
2018-04-17,88.3794937133789,2.0176713793456535,41.83481979370117,1.376401040872266,5.86919641494751,2.6135079779216586,20.14017677307129,0.9503773717488118,41.46522903442383,1.324647950605895,121.25227355957033,3.2995613428441706,231.16000366210935,2.0483839405492033,10.520000457763672,4.261648153350062,44.88301849365234,1.058971496126726,2706.389892578125,1.0661504701720004,15.25,-7.910625049454579,1.0661504701720004,15.25,2018-04-17,2018,2,4
2018-04-18,88.71986389160156,0.3851234759575606,41.74094009399414,-0.2244056510102732,5.840286731719971,-0.49256629329890167,19.96816635131836,-0.8540660972892633,41.838470458984375,0.9001311056323624,122.3434066772461,0.8998867284246925,231.1000061035156,-0.025954991193655186,10.359999656677246,-1.520920096237699,44.78571701049805,-0.2167890806364814,2708.639892578125,0.08313658006817715,15.600000381469728,2.295084468653963,0.08313658006817715,15.600000381469728,2018-04-18,2018,2,4
2018-04-19,88.4162826538086,-0.34217955762858576,40.55800628662109,-2.8339893752015843,5.659176826477051,-3.1010447528075913,19.429746627807617,-2.6963904148123996,41.607418060302734,-0.5522486748365973,121.95018768310548,-0.3214059546158943,227.6199951171875,-1.505846341159034,10.109999656677246,-2.4131274930966784,42.62873458862305,-4.816228400160238,2693.1298828125,-0.5726124690152989,15.960000038146973,2.307690050475042,-0.5726124690152989,15.960000038146973,2018-04-19,2018,2,4
2018-04-20,87.39512634277344,-1.1549414659666968,38.896244049072266,-4.0972483356436324,5.651022434234619,-0.14409149055530923,18.970516204833984,-2.363543034145321,41.08308792114258,-1.2601842738721003,120.7313003540039,-0.999496066598049,225.2400054931641,-1.045597783620944,9.989999771118164,-1.186942528527457,41.7124252319336,-2.149511041160468,2670.139892578125,-0.853653230061302,16.8799991607666,5.764405516420323,-0.853653230061302,16.8799991607666,2018-04-20,2018,2,4
2018-04-23,87.71713256835938,0.3684487214115295,38.7835807800293,-0.28965076653887367,5.531682014465332,-2.1118376569575714,18.67690086364746,-1.547745659718558,40.700958251953125,-0.9301386252244193,119.81710052490234,-0.75721857250024,225.3000030517578,0.026637167967713538,10.039999961853027,0.5005024212254572,40.97450637817383,-1.7690624547882838,2670.2900390625,0.005623169212687351,16.34000015258789,-3.199046416031859,0.005623169212687351,16.34000015258789,2018-04-23,2018,2,4
2018-04-24,85.66563415527344,-2.338765932056852,38.243743896484375,-1.3919212014144366,5.465465545654297,-1.1970404053935013,18.27208709716797,-2.1674568464804422,40.46103286743164,-0.5894833803082977,115.87529754638672,-3.2898500808708597,217.88999938964844,-3.2889496501280924,10.09000015258789,0.4980098697693114,40.49609756469727,-1.1675767587316033,2634.56005859375,-1.338056164164636,18.020000457763672,10.28151951950691,-1.338056164164636,18.020000457763672,2018-04-24,2018,2,4
2018-04-25,84.92044830322266,-0.8698772377031538,38.4103889465332,0.4357446030908818,5.353287220001221,-2.052493510681286,18.320884704589844,0.2670609392478207,40.656532287597656,0.4831795095457947,115.3248062133789,-0.4750722066430457,217.32000732421875,-0.2615962490368329,9.710000038146973,-3.766106131757141,40.34199905395508,-0.38052681618520046,2639.39990234375,0.1837059563023713,17.84000015258789,-0.9988917902509331,0.1837059563023713,17.84000015258789,2018-04-25,2018,2,4
2018-04-26,86.71437072753906,2.1124740391276653,38.54418182373047,0.3483247133568623,5.564790725708008,3.950908983858681,18.434490203857425,0.6200874089836939,40.84315872192383,0.4590318549698491,118.77513885498048,2.99183909766787,221.91000366210935,2.112091010121686,11.039999961853027,13.697218521946253,40.92586135864258,1.4472815387919225,2666.93994140625,1.0434204774367295,16.239999771118164,-8.968611927044346,1.0434204774367295,16.239999771118164,2018-04-26,2018,2,4
2018-04-27,88.14949035644531,1.6549963020725533,38.09823226928711,-1.1569828008874739,5.5922160148620605,0.4928359484814848,18.6233024597168,1.0242336716198785,40.46103286743164,-0.9355932950579349,118.1755142211914,-0.5048401875759501,221.8999938964844,-0.004510732035400977,11.109999656677246,0.6340552089319829,41.4448356628418,1.268084010868642,2669.909912109375,0.11136248915897262,15.40999984741211,-5.110837040663996,0.11136248915897262,15.40999984741211,2018-04-27,2018,2,4
2018-04-30,86.0335922241211,-2.4003520879908424,38.78827667236328,1.8112242011618207,5.556883335113525,-0.6318189364401094,18.35448837280273,-1.4434286695151344,40.58545303344727,0.3075061539414614,118.9324188232422,0.6404919048070168,221.6000061035156,-0.1351905368274786,10.880000114440918,-2.0702029643906883,41.36373901367188,-0.1956737139209408,2648.050048828125,-0.8187490964434607,15.93000030517578,3.3744351908672865,-0.8187490964434607,15.93000030517578,2018-04-30,2018,2,4
2018-05-01,87.39512634277344,1.5825610479049734,39.689571380615234,2.323626584044991,5.612230777740479,0.9960159191613416,18.431291580200195,0.41844373886918973,40.83427047729492,0.6130705098760236,121.01634216308594,1.7521911691217529,224.0800018310547,1.1191316151772268,11.130000114440918,2.2977940934777896,41.209659576416016,-0.3724988140093921,2654.800048828125,0.25490454770622506,15.489999771118164,-2.7620874176295884,0.25490454770622506,15.489999771118164,2018-05-01,2018,2,5
2018-05-02,86.0244140625,-1.5684081454351961,41.44286346435547,4.417513273011964,5.591722011566162,-0.36542984396971123,18.300085067749023,-0.7118682479752003,40.44325637817383,-0.9575635723393372,120.7313003540039,-0.23553993120855043,221.1000061035156,-1.3298802673992527,10.970000267028809,-1.4375547687956791,40.75556564331055,-1.1019113910985645,2635.669921875,-0.7205863568357729,15.970000267028809,3.0987766494718016,-0.7205863568357729,15.970000267028809,2018-05-02,2018,2,5
2018-05-03,86.5395736694336,0.598852793765392,41.51797103881836,0.1812316239380829,5.756773471832275,2.951710759667847,18.020872116088867,-1.5257467417581827,40.04335784912109,-0.9887891452493358,122.29425048828124,1.2945691214246047,226.0500030517578,2.2388045280852253,10.93000030517578,-0.36463045468879685,40.79611587524414,0.0994961824072993,2629.72998046875,-0.22536742393085563,15.899999618530272,-0.43832590687589157,-0.22536742393085563,15.899999618530272,2018-05-03,2018,2,5
2018-05-04,87.5423355102539,1.158732124855022,43.14685821533203,3.92333039345949,5.906753540039063,2.60528000520841,18.442495346069336,2.33963832196582,40.62098693847656,1.442509121068003,122.99217987060548,0.5706968067081153,228.50999450683597,1.0882510160882042,11.279999732971191,3.2021904668170453,42.56386947631836,4.333141925765838,2663.419921875,1.281117896379791,14.770000457763672,-7.106913131303916,1.281117896379791,14.770000457763672,2018-05-04,2018,2,5
2018-05-07,88.5174789428711,1.1139106889637151,43.459022521972656,0.723492554388816,6.144446849822998,4.024093915087623,18.878511428833008,2.364192451086078,40.94091033935547,0.787581555720096,124.81072235107422,1.4785838273473573,230.9900054931641,1.0852965060370368,11.59000015258789,2.7482307354190327,42.98553085327149,0.9906556479498008,2672.6298828125,0.34579455015175675,14.75,-0.135412709165883,0.34579455015175675,14.75,2018-05-07,2018,2,5
2018-05-08,88.1402816772461,-0.4261274384784963,43.66791915893555,0.4806749550275269,6.186944007873535,0.6916352128875758,19.108924865722656,1.2205063823927276,40.82538986206055,-0.2821639195058956,126.56043243408205,1.4018908392230411,234.55999755859372,1.5455179793635088,11.609999656677246,0.17255827287361303,42.86389923095703,-0.28295945147134294,2671.919921875,-0.02656413228280252,14.710000038146973,-0.2711861820544281,-0.02656413228280252,14.710000038146973,2018-05-08,2018,2,5
2018-05-09,89.17984008789062,1.1794362246891898,43.97537612915039,0.704079736650165,6.319874286651611,2.148561205805466,19.0449275970459,-0.33490774141644586,41.39413833618164,1.3931244160625633,127.52377319335938,0.7611705655154788,239.7400054931641,2.208393583085866,11.949999809265137,2.9285113061338075,43.11528778076172,0.5864808249248732,2697.7900390625,0.9682220255068819,13.420000076293944,-8.769544245463724,0.9682220255068819,13.420000076293944,2018-05-09,2018,2,5
2018-05-10,90.07218170166016,1.0006091207273915,44.604400634765625,1.4304016497047378,6.4273552894592285,1.7006826074789316,19.481739044189453,2.2935841835981075,41.705169677734375,0.7513898200433689,128.39865112304688,0.6860508497979811,241.1499938964844,0.5881322979115922,12.130000114440918,1.5062787284416679,44.57488632202149,3.3853387426792336,2723.070068359375,0.9370643723504823,13.229999542236328,-1.415801288952645,0.9370643723504823,13.229999542236328,2018-05-10,2018,2,5
2018-05-11,89.87899017333984,-0.214485232477446,44.43476104736328,-0.38032029348719076,6.288990497589111,-2.1527484577837708,19.471345901489254,-0.05334812604061989,41.607418060302734,-0.23438729104087175,128.40847778320312,0.0076532425148601035,241.8800048828125,0.3027207152414224,11.949999809265137,-1.4839266568636655,44.78571701049805,0.47298087751352913,2727.719970703125,0.17075955546570487,12.649999618530272,-4.383975387560868,0.17075955546570487,12.649999618530272,2018-05-11,2018,2,5
2018-05-14,90.18257904052734,0.33777512030563894,44.33108901977539,-0.23331289545449607,6.30949592590332,0.32605277940982447,19.581748962402344,0.567002720159393,41.607418060302734,0.0,125.51846313476562,-2.250641622990668,238.3699951171875,-1.4511368012108061,12.229999542236328,2.343094037157223,46.01016616821289,2.7340170917165896,2730.1298828125,0.08834895573073265,12.93000030517578,2.213444229953576,0.08834895573073265,12.93000030517578,2018-05-14,2018,2,5
2018-05-15,89.52943420410156,-0.724247236411657,43.92819595336914,-0.9088273609216491,6.067356586456299,-3.837697056795464,19.327335357666016,-1.2992384144276947,41.59852600097656,-0.021371331701680596,125.95098876953124,0.3445912449559163,236.6000061035156,-0.742538511527735,12.449999809265137,1.7988575246387972,45.11817932128906,-1.9386733872308382,2711.449951171875,-0.6842140279927467,14.630000114440918,13.147716698696765,-0.6842140279927467,14.630000114440918,2018-05-15,2018,2,5
2018-05-16,89.76041412353516,0.25799327504631986,44.338157653808594,0.9332541242409231,6.078475475311279,0.18325754711367992,19.24172782897949,-0.44293497837285534,41.52742767333984,-0.17091549742666023,126.58008575439452,0.49947760713051625,237.38999938964844,0.33389402610040086,12.81999969482422,2.97188667652617,45.97773742675781,1.9051258681069383,2722.4599609375,0.4060561678767671,13.420000076293944,-8.270676887778095,0.4060561678767671,13.420000076293944,2018-05-16,2018,2,5
2018-05-17,88.86417388916016,-0.9984805029325305,44.05778503417969,-0.6323506308449911,6.120480060577393,0.6910381630512719,19.156930923461918,-0.44069278118495925,41.358585357666016,-0.4065802413815711,123.9063720703125,-2.112270400313887,236.8500061035156,-0.2274709497119609,12.81999969482422,0.0,46.180458068847656,0.44091043499645544,2720.1298828125,-0.08558723207806596,13.43000030517578,0.07451735339034649,-0.08558723207806596,13.43000030517578,2018-05-17,2018,2,5
2018-05-18,89.0304946899414,0.18716294036413839,43.89755630493164,-0.36367858512120765,6.076746940612793,-0.7145374142510263,18.88011741638184,-1.4449783641546587,41.16307830810547,-0.4727121294643366,124.80088806152344,0.721928966416141,238.08999633789065,0.5235339676677553,13.0,1.4040585761359248,46.63454818725586,0.9832949637078592,2712.969970703125,-0.263219493841671,13.420000076293944,-0.07446186637822816,-0.263219493841671,13.420000076293944,2018-05-18,2018,2,5
2018-05-21,90.1761703491211,1.2868351042748083,44.20856475830078,0.7084869399306415,6.034740924835205,-0.6912582700597358,19.12493133544922,1.2966758292242364,41.95400238037109,1.9214405354855968,124.22090911865234,-0.4647234101292419,238.1000061035156,0.004204194119417082,12.989999771118164,-0.07692483755258328,46.79674530029297,0.347804619840697,2733.010009765625,0.7386752997235124,13.079999923706056,-2.5335331643439263,0.7386752997235124,13.079999923706056,2018-05-21,2018,2,5
2018-05-22,90.08377838134766,-0.10245718732092568,44.09783554077149,-0.2504700574078256,5.9966912269592285,-0.6305108761071709,19.08011817932129,-0.23431799749714655,41.20752334594727,-1.7792796683757328,123.30673217773438,-0.7359283935402305,238.7899932861328,0.289788813494285,12.979999542236328,-0.07698405741368708,46.53725051879883,-0.5545145924764072,2724.43994140625,-0.3135761789657687,13.220000267028809,1.0703390224721332,-0.3135761789657687,13.220000267028809,2018-05-22,2018,2,5
2018-05-23,91.15554809570312,1.1897477366217935,44.38056945800781,0.6411514619009129,6.120060920715332,2.057296083571436,19.245729446411133,0.8679782039784811,41.678504943847656,1.1429505091737235,125.91167449951172,2.1125710460176528,243.91000366210935,2.1441477951052335,13.100000381469728,0.9245057277769808,47.69683837890625,2.4917412334856337,2733.2900390625,0.32484098921563564,12.579999923706056,-4.841152272280491,0.32484098921563564,12.579999923706056,2018-05-23,2018,2,5
2018-05-24,90.83214569091795,-0.3547808241420869,44.33108901977539,-0.11149121977634957,6.123770236968994,0.06060913938139567,19.483341217041016,1.2346207572516477,41.28749847412109,-0.9381489817193778,126.55060577392578,0.5074440292798688,245.1499938964844,0.5083802286735439,13.40999984741211,2.366408068055348,47.90767288208008,0.44203035324679174,2727.760009765625,-0.2023213496498033,12.529999732971191,-0.39745779839508444,-0.2023213496498033,12.529999732971191,2018-05-24,2018,2,5
2018-05-25,90.87836456298828,0.05088382721640805,44.43240737915039,0.22854922271322575,6.16308069229126,0.6419322378385495,20.00337028503418,2.669095932777288,41.767372131347656,1.16227350883793,125.78387451171876,-0.6058692943570199,243.55999755859372,-0.6485810228337496,13.539999961853027,0.9694266660711826,48.62125396728516,1.4894922718569292,2721.330078125,-0.23572204364039617,13.220000267028809,5.50678809866183,-0.23572204364039617,13.220000267028809,2018-05-25,2018,2,5
2018-05-29,90.55499267578124,-0.35582934261862986,44.272193908691406,-0.3605779652942287,6.14601993560791,-0.2768218937111988,19.976163864135746,-0.13600918500613624,41.10975646972656,-1.5744721969892184,124.72222900390624,-0.8440235379405636,242.19000244140625,-0.5624877364592273,13.359999656677246,-1.329396644630032,47.71174621582031,-1.870597068674562,2689.860107421875,-1.1564187290653005,17.020000457763672,28.744327639782362,-1.1564187290653005,17.020000457763672,2018-05-29,2018,2,5
2018-05-30,91.42347717285156,0.9590685962283851,44.17793273925781,-0.21291280397804924,6.254803657531738,1.7699864800889031,19.952964782714844,-0.11613381617554541,41.81180953979492,1.7077529286395832,127.10108947753906,1.9073267793813464,247.3999938964844,2.1512000506043183,13.81999969482422,3.4431141464668302,47.84284973144531,0.2747824718717373,2724.010009765625,1.2695791223314323,14.9399995803833,-12.220921395049544,1.2695791223314323,14.9399995803833,2018-05-30,2018,2,5
2018-05-31,91.32184600830078,-0.11116528018140226,44.02949905395508,-0.3359905638382954,6.235025405883789,-0.3162089928135936,20.16657829284668,1.070585311296135,41.51854705810547,-0.7013867252273265,127.13057708740234,0.023200123605926493,249.27999877929688,0.7599049835058214,13.729999542236328,-0.6512312197922698,47.621620178222656,-0.46240881231882636,2705.27001953125,-0.6879559974886984,15.43000030517578,3.279790753380385,-0.6879559974886984,15.43000030517578,2018-05-31,2018,2,5
2018-06-01,93.1235122680664,1.9728754274216609,44.82353591918945,1.803420166696279,6.369274616241455,2.1531461641035143,20.50819206237793,1.6939599994135968,42.07840347290039,1.3484489570682712,128.3003387451172,0.92012612898833,251.30999755859372,0.8143448288019828,14.399999618530272,4.8798259186599635,48.02310943603516,0.8430818949669128,2734.6201171875,1.0849230370481022,13.460000038146973,-12.767337835813253,1.0849230370481022,13.460000038146973,2018-06-01,2018,2,6
2018-06-04,93.93659210205078,0.8731198106487259,45.19815826416016,0.8357715144251543,6.548026084899902,2.8064650910581967,20.67060089111328,0.7919217268951284,42.051753997802734,-0.06333290452623652,130.39410400390625,1.6319249654894286,253.33999633789065,0.8077668214626632,14.850000381469728,3.1250053809750433,48.10505294799805,0.1706334990074554,2746.8701171875,0.4479598435997323,12.739999771118164,-5.349184732453615,0.4479598435997323,12.739999771118164,2018-06-04,2018,2,6
2018-06-05,94.41706848144533,0.511490111193913,45.54685974121094,0.7714948804170119,6.553465366363525,0.08306749840485406,20.741804122924805,0.34446619228245545,41.882904052734375,-0.40152889954883086,131.839111328125,1.1081845573136295,252.6999969482422,-0.25262469365274764,14.850000381469728,0.0,48.32626724243164,0.4598566696781825,2748.800048828125,0.07025929724704394,12.399999618530272,-2.6687610572700304,0.07025929724704394,12.399999618530272,2018-06-05,2018,2,6
2018-06-06,94.69422149658205,0.29354122045335274,45.70472717285156,0.3466044257224299,6.555441856384277,0.03015946389059998,21.082616806030277,1.6431197647305495,42.433876037597656,1.3155056874030402,133.24481201171875,1.0662243316364561,253.9499969482422,0.4946577028475563,15.670000076293944,5.521883324982513,49.03093719482422,1.4581510068997439,2772.35009765625,0.8567392465728796,11.640000343322754,-6.129026601515308,0.8567392465728796,11.640000343322754,2018-06-06,2018,2,6
2018-06-07,93.20668029785156,-1.5708890946256715,45.58220291137695,-0.2680778752080393,6.499814987182617,-0.8485601797762254,21.175426483154297,0.440218963224126,42.37167739868164,-0.14657779284859007,130.6497039794922,-1.9476240710957882,247.50999450683597,-2.5359332619794284,14.890000343322754,-4.9776625984271465,49.68642425537109,1.3368846243796861,2770.3701171875,-0.07141884679080501,12.130000114440918,4.209619902625272,-0.07141884679080501,12.130000114440918,2018-06-07,2018,2,6
2018-06-08,93.8996353149414,0.7434606777920072,45.16753005981445,-0.9097253425173979,6.484485626220703,-0.23584303541166474,20.638599395751957,-2.5351417966925083,42.81599807739258,1.0486265967954322,131.25912475585938,0.4664540047200072,251.2100067138672,1.4948940605018723,15.25,2.4177276586745178,49.37506484985352,-0.6266488486216804,2779.030029296875,0.31259043893263616,12.18000030517578,0.41220272269688607,0.31259043893263616,12.18000030517578,2018-06-08,2018,2,6
2018-06-11,93.36373901367188,-0.570711802524182,45.05677795410156,-0.24520292689510503,6.443445205688477,-0.6329017118377966,20.867416381835938,1.1086846626378932,42.82489013671875,0.020768076713051364,131.7014923095703,0.33701851550034245,251.0,-0.08359806864954855,15.729999542236328,3.1475379818775684,49.10467147827149,-0.547631425709072,2782.0,0.1068707668436586,12.350000381469728,1.395731297491909,0.1068707668436586,12.350000381469728,2018-06-11,2018,2,6
2018-06-12,93.60397338867188,0.2573101479631301,45.30418014526367,0.5490898426295132,6.491903305053711,0.7520526336198818,20.91541290283203,0.23000701245350363,43.05594253540039,0.5395282928782885,133.94273376464844,1.7017585873742247,252.58999633789065,0.6334646764504681,15.850000381469728,0.7628788475879444,48.98996353149414,-0.23359884777582884,2786.85009765625,0.17433852107295866,12.34000015258789,-0.08097351071213454,0.17433852107295866,12.34000015258789,2018-06-12,2018,2,6
2018-06-13,93.17896270751952,-0.4540519657083242,44.93190383911133,-0.82172617396159,6.487452030181885,-0.06856656149454299,21.087425231933597,0.8224189974192386,42.8959846496582,-0.37151175034821904,134.1786346435547,0.1761206989553843,256.1300048828125,1.4014840635993897,16.31999969482422,2.965295281027047,48.52291488647461,-0.9533557719823116,2775.6298828125,-0.4026127868587581,12.9399995803833,4.862231931736094,-0.4026127868587581,12.9399995803833,2018-06-13,2018,2,6
2018-06-14,93.7056121826172,0.5652021226623782,44.95547103881836,0.05245092616465996,6.598956108093262,1.7187653549131543,21.47784805297852,1.8514485137506975,40.78984451293945,-4.909877122346307,136.05618286132812,1.399290000797171,258.1000061035156,0.7691411326855135,16.25,-0.4289197066983941,48.71957015991211,0.4052833056249705,2782.489990234375,0.2471549778432225,12.119999885559082,-6.336937568895418,0.2471549778432225,12.119999885559082,2018-06-14,2018,2,6
2018-06-15,92.51372528076172,-1.2719482580538344,44.4936752319336,-1.0272293810157263,6.558160781860352,-0.6182087827933391,21.619447708129883,0.6592823210318066,41.127540588378906,0.827892529309171,136.05618286132812,0.0,251.82000732421875,-2.4331649092554364,16.34000015258789,0.5538470928485584,49.04732894897461,0.6727456502319207,2779.659912109375,-0.10171027155291279,11.979999542236328,-1.1551183551541389,-0.10171027155291279,11.979999542236328,2018-06-15,2018,2,6
2018-06-18,93.18820190429688,0.7290557390141172,44.47011184692383,-0.052958954024240334,6.553958892822266,-0.06407115009604558,21.16102600097656,-2.120413589385717,41.340816497802734,0.5185719991340543,137.4225311279297,1.0042529768707231,255.69000244140625,1.5368100248702055,17.110000610351562,4.712365058587342,48.50654220581055,-1.1025814346111718,2773.75,-0.21261277624751163,12.3100004196167,2.7545984139392576,-0.21261277624751163,12.3100004196167,2018-06-18,2018,2,6
2018-06-19,93.18820190429688,0.0,43.75148010253906,-1.6159881649465135,6.432318687438965,-1.855980596956719,21.15697288513184,-0.019153683023365176,41.1186637878418,-0.5373689461908526,137.1472930908203,-0.200285961006752,251.7400054931641,-1.5448382457375676,16.690000534057617,-2.4547052093022437,48.09686279296875,-0.8445858933905259,2762.590087890625,-0.4023402292699374,13.350000381469728,8.448415324143532,-0.4023402292699374,13.350000381469728,2018-06-19,2018,2,6
2018-06-20,94.12136840820312,1.0013783771303908,43.94232177734375,0.43619478554193236,6.485228061676025,0.8225552372021383,21.17885971069336,0.10344970275451004,38.05273818969727,-7.456287037836762,136.57716369628906,-0.4157059039828881,251.2400054931641,-0.19861761702137937,16.520000457763672,-1.018574420935714,48.17060852050781,0.1533275212907359,2767.320068359375,0.17121542893689945,12.789999961853027,-4.1947595776401725,0.17121542893689945,12.789999961853027,2018-06-20,2018,2,6
2018-06-21,93.4468994140625,-0.7165949725841836,43.6972885131836,-0.557624755018038,6.35666561126709,-1.9823890414689682,21.051570892333984,-0.6010182800120556,38.30157470703125,0.6539253918955712,135.5352020263672,-0.7629106079834247,248.8300018310547,-0.9592435955327883,15.649999618530272,-5.266348759842421,48.13783264160156,-0.06804123907278026,2749.760009765625,-0.6345510515579966,14.640000343322754,14.464428357994287,-0.6345510515579966,14.640000343322754,2018-06-21,2018,2,6
2018-06-22,92.7724151611328,-0.7217834483101093,43.57005310058594,-0.29117461729754046,6.204367637634277,-2.3958783259397265,21.05643653869629,0.023112984713535845,39.19023895263672,2.320176787515549,132.71397399902344,-2.0815463327342076,243.6300048828125,-2.0897789293803815,15.800000190734863,0.9584701332962631,47.93297958374024,-0.4255552163856313,2754.8798828125,0.18619345065358228,13.770000457763672,-5.942622029758937,0.18619345065358228,13.770000457763672,2018-06-22,2018,2,6
2018-06-25,90.90608215332033,-2.011732695080659,42.9221076965332,-1.4871347587226635,5.911889553070068,-4.714067599574589,20.46538734436035,-2.806976352573909,39.35020065307617,0.4081671985536328,130.9249267578125,-1.348047373838801,239.67999267578125,-1.6213159823771472,15.109999656677246,-4.367091934987666,46.744903564453125,-2.4786191670215563,2717.070068359375,-1.3724668973416176,17.329999923706055,25.853299546807328,-1.3724668973416176,17.329999923706055,2018-06-25,2018,2,6
2018-06-26,91.54358673095705,0.7012782451250255,43.4546012878418,1.2406044807338423,5.982845306396484,1.2002212268929835,20.39403533935547,-0.34864722472279785,39.46572494506836,0.29357993116905234,133.1759796142578,1.7193462789628633,242.25,1.0722661059553884,15.5,2.581074468459099,46.25327682495117,-1.0517226521263079,2723.06005859375,0.22045770199778936,15.920000076293944,-8.13617918995686,0.22045770199778936,15.920000076293944,2018-06-26,2018,2,6
2018-06-27,90.1207275390625,-1.5542969668386197,43.39097595214844,-0.14641794840529743,5.827829360961914,-2.591007079337937,20.034868240356445,-1.7611379652065162,38.612606048583984,-2.1616704055780422,130.9544219970703,-1.6681368694431264,237.67999267578125,-1.886483931566052,14.970000267028809,-3.419353115943169,45.20448684692383,-2.267493354031036,2699.6298828125,-0.8604355128821406,17.90999984741211,12.49999850239587,-0.8604355128821406,17.90999984741211,2018-06-27,2018,2,6
2018-06-28,91.1278076171875,1.1174788593317553,43.70670700073242,0.7276421920819898,5.9549078941345215,2.1805465689138215,19.855690002441406,-0.8943320004177413,38.95918273925781,0.8975739431773988,132.82211303710938,1.4262145650040248,239.80999755859372,0.8961649900915303,15.3100004196167,2.2712100636145927,45.80263519287109,1.32320569852451,2716.31005859375,0.617868985946779,16.850000381469727,-5.918478363893154,0.617868985946779,16.850000381469727,2018-06-28,2018,2,6
2018-06-29,91.1093521118164,-0.020252331152992298,43.61481475830078,-0.21024746254642013,5.857003688812256,-1.6440926889683682,19.672456741333008,-0.9228249488477558,39.15470123291016,0.5018547102512372,134.08030700683594,0.9472774833622966,243.80999755859372,1.667987173479979,14.989999771118164,-2.0901413437488747,45.982887268066406,0.3935408398147766,2718.3701171875,0.07584033300001014,16.09000015258789,-4.510387012914396,0.07584033300001014,16.09000015258789,2018-06-29,2018,2,6
2018-07-02,92.4028778076172,1.419750734494607,44.10254287719727,1.1182625023156145,5.989026069641113,2.254094206582802,19.624622344970703,-0.24315415705961074,39.94560623168945,2.0199490070799575,138.04177856445312,2.9545513774928978,243.25999450683597,-0.2255867508573206,15.15999984741211,1.1340899192106235,46.03205108642578,0.10691764106234292,2726.7099609375,0.3067957412152822,15.600000381469728,-3.045368343513355,0.3067957412152822,15.600000381469728,2018-07-02,2018,3,7
2018-07-03,91.51587677001952,-0.9599279358424528,43.33443069458008,-1.741650554608587,5.855518817901611,-2.229198039665614,19.400848388671875,-1.1402714017382132,39.7412109375,-0.5116840460598682,135.49586486816406,-1.8443066459770008,242.00999450683597,-0.5138535016964596,15.0,-1.0554079750826784,45.33558654785156,-1.5129991432851764,2713.219970703125,-0.49473506268106204,16.139999389648438,3.461532019064184,-0.49473506268106204,16.139999389648438,2018-07-03,2018,3,7
2018-07-05,92.17188262939452,0.7168219138888432,43.68314743041992,0.8047105505956553,6.001142501831055,2.4869475866807766,19.896224975585938,2.5533758987741573,40.354400634765625,1.5429567514436693,137.39305114746094,1.400180205604662,244.17999267578125,0.896656426676623,15.5,3.3333333333333437,47.01529312133789,3.705050935457521,2736.610107421875,0.8620803683929923,14.970000267028809,-7.2490654700397394,0.8620803683929923,14.970000267028809,2018-07-05,2018,3,7
2018-07-06,93.46540069580078,1.4033759857192685,44.28867721557617,1.3861862543690595,6.114869117736816,1.895082742512133,20.08108139038086,0.9291029580825283,40.87870407104492,1.299247239538004,138.99530029296875,1.1661791714547176,248.19000244140625,1.6422351895756915,16.360000610351562,5.548391034526201,47.39220428466797,0.8016777910058837,2759.820068359375,0.8481281595267509,13.369999885559082,-10.688045109749943,0.8481281595267509,13.369999885559082,2018-07-06,2018,3,7
2018-07-09,94.10289001464844,0.6820591514099084,44.90363693237305,1.3885258162115388,6.162337779998779,0.7762825556523412,20.060810089111328,-0.1009472591413374,41.52742767333984,1.5869475734051397,139.3491973876953,0.2546108350286902,249.7700042724609,0.6366097810195592,16.610000610351562,1.528117302402876,47.55606842041016,0.3457617939818247,2784.169921875,0.8822985887663393,12.6899995803833,-5.086015789052089,0.8822985887663393,12.6899995803833,2018-07-09,2018,3,7
2018-07-10,94.3523941040039,0.26513966714161175,44.84945297241211,-0.12066719682982674,6.261231899261475,1.604814971092261,20.314584732055664,1.2650268948115828,41.758487701416016,0.5564034206349877,140.02745056152344,0.486729157069421,248.6300048828125,-0.45641965414103813,16.549999237060547,-0.3612364303805182,47.82646560668945,0.5685860821985855,2793.840087890625,0.3473267180873929,12.640000343322754,-0.394005033206124,0.3473267180873929,12.640000343322754,2018-07-10,2018,3,7
2018-07-11,94.22300720214844,-0.1371315514398619,44.26747131347656,-1.2976337956530637,6.11981201171875,-2.2586591555474156,19.737319946289062,-2.8416273006836246,42.336124420166016,1.383279784651803,142.77984619140625,1.9656114703548777,248.1199951171875,-0.20512800370389161,16.270000457763672,-1.691835602444447,46.94973373413086,-1.8331521291340525,2774.02001953125,-0.7094202866256172,13.630000114440918,7.832276457501397,-0.7094202866256172,13.630000114440918,2018-07-11,2018,3,7
2018-07-12,96.2649154663086,2.167101565522511,45.00967025756836,1.6766237647413362,6.211289882659912,1.4947823685758976,17.024490356445312,-13.744670488324362,42.78934097290039,1.0705197014172052,145.64036560058594,2.0034476051647765,254.8699951171875,2.7204578965157378,16.559999465942383,1.7824154887489785,47.78549957275391,1.7801290276870718,2798.2900390625,0.8749042674663476,12.579999923706056,-7.703596345699159,0.8749042674663476,12.579999923706056,2018-07-12,2018,3,7
2018-07-13,97.41059112548828,1.1901279439451296,45.080345153808594,0.15702158188628523,6.164068698883057,-0.7602476243893097,16.414794921875,-3.5812845013565298,43.21590042114258,0.9968824911613883,145.09970092773438,-0.3712327077881161,258.5899963378906,1.4595681296233787,16.270000457763672,-1.7512017966856086,47.84284973144531,0.12001581903331449,2801.31005859375,0.10792374947172778,12.18000030517578,-3.1796472254066344,0.10792374947172778,12.18000030517578,2018-07-13,2018,3,7
2018-07-16,96.93016052246094,-0.49320160926693557,44.98138427734375,-0.21952111530468832,6.136378765106201,-0.44921520394269887,16.478839874267578,0.390166022161087,43.233734130859375,0.04126654667149232,144.46078491210938,-0.4403289679716149,254.67999267578125,-1.5120475337337957,16.579999923706055,1.9053439288285734,47.81007385253906,-0.06850737171850696,2798.429931640625,-0.1028135726814483,12.829999923706056,5.336614139936158,-0.1028135726814483,12.829999923706056,2018-07-16,2018,3,7
2018-07-17,97.8910140991211,0.9912844170288038,45.108619689941406,0.2828623766070848,6.272110462188721,2.211918499137333,16.88909339904785,2.4895777124511076,43.62628936767578,0.9079836491296955,144.51974487304688,0.04081381737843781,258.3099975585937,1.4253200044000325,16.8700008392334,1.7491008254632234,48.26892852783203,0.9597447531836334,2809.550048828125,0.39736986307106203,12.0600004196167,-6.001555016899296,0.39736986307106203,12.0600004196167,2018-07-17,2018,3,7
2018-07-18,97.1241683959961,-0.7833667984566195,44.8612174987793,-0.5484587931589457,6.222909450531006,-0.7844410897148935,16.927196502685547,0.22560775014628387,43.39434051513672,-0.5316722001823981,145.32577514648438,0.5577302078311641,259.7799987792969,0.5690841371208455,16.850000381469727,-0.11855635310437096,48.14601516723633,-0.2546428196035677,2815.6201171875,0.21605126279586884,12.100000381469728,0.33167463069043723,0.21605126279586884,12.100000381469728,2018-07-18,2018,3,7
2018-07-19,96.45893096923828,-0.6849350040717961,45.20993423461914,0.7773233881789521,6.23106861114502,0.13111488571182495,17.056110382080078,0.7615784419710447,43.21590042114258,-0.4112059127431511,144.65733337402344,-0.45996092006883593,257.67999267578125,-0.8083786717158814,16.709999084472656,-0.8308682126264677,48.59667205810547,0.9360211625069503,2804.489990234375,-0.39529931204791424,12.869999885559082,6.363632064578706,-0.39529931204791424,12.869999885559082,2018-07-19,2018,3,7
2018-07-20,98.18669128417967,1.7911875008156608,45.106258392333984,-0.22932093142875587,6.202884674072266,-0.4523130594701552,17.052867889404297,-0.019010739278446653,43.28726959228516,0.1651456303052523,144.3722686767578,-0.1970620435319148,257.5400085449219,-0.05432479619614794,16.5,-1.2567270854478507,48.02310943603516,-1.1802508233166975,2801.830078125,-0.09484477101494582,12.859999656677246,-0.07770185680464614,-0.09484477101494582,12.859999656677246,2018-07-20,2018,3,7
2018-07-23,99.75739288330078,1.599709266681626,45.14632415771485,0.08882529123204197,6.166294097900391,-0.58989612244158,17.570947647094727,3.0380799350022247,43.42110443115234,0.30917828758372234,145.050537109375,0.46980520485953026,259.4700012207031,0.7493952829642048,16.65999984741211,0.969696044921875,48.4082260131836,0.8019401110654911,2806.97998046875,0.18380494891383492,12.619999885559082,-1.866250214039078,0.18380494891383492,12.619999885559082,2018-07-23,2018,3,7
2018-07-24,99.47097778320312,-0.28711165340168376,45.47382354736328,0.7254176187286854,6.148987293243408,-0.28066784331410854,17.621212005615234,0.2860651544244863,43.42110443115234,0.0,143.51705932617188,-1.0572024163183924,257.489990234375,-0.7630982298581612,16.190000534057617,-2.821124355697402,48.2197494506836,-0.38934821211723536,2820.39990234375,0.4780911145920941,12.40999984741211,-1.6640256739405612,0.4780911145920941,12.40999984741211,2018-07-24,2018,3,7
2018-07-25,102.39986419677734,2.9444632784828118,45.90265655517578,0.9430326600222028,6.227114677429199,1.2705731929490094,18.32090950012207,3.9707682665861332,43.670894622802734,0.5752736944921732,146.33828735351562,1.9657788701842982,263.1700134277344,2.2059200003034185,16.049999237060547,-0.8647392982017554,48.686798095703125,0.9685837241796502,2846.070068359375,0.9101605057599604,12.289999961853027,-0.966961217039064,0.9101605057599604,12.289999961853027,2018-07-25,2018,3,7
2018-07-26,101.28186798095705,-1.0917946274537016,45.7589225769043,-0.31312779925648515,6.30054235458374,1.179160509452104,18.094701766967773,-1.2346970719591677,43.59952545166016,-0.16342502657434865,145.06036376953125,-0.8732667349709011,261.92999267578125,-0.4711861871351197,18.350000381469727,14.330225880000791,52.09536361694336,7.0010057234407785,2837.43994140625,-0.30322960242857855,12.140000343322754,-1.220501375068006,-0.30322960242857855,12.140000343322754,2018-07-26,2018,3,7
2018-07-27,99.48944091796876,-1.7697413157163444,44.99788284301758,-1.6631504655899243,6.230822563171387,-1.1065680934853384,17.922006607055664,-0.9543962765242608,43.38541030883789,-0.4910951222615201,141.46263122558594,-2.480162361691929,254.80999755859372,-2.7182817227047074,18.940000534057617,3.2152596202869033,51.36613082885742,-1.3998036244606715,2818.820068359375,-0.656220869212365,13.029999732971191,7.331131503121879,-0.656220869212365,13.029999732971191,2018-07-27,2018,3,7
2018-07-30,97.35514831542967,-2.1452453474925637,44.74577331542969,-0.5602697541735813,6.0357537269592285,-3.1307076109846954,18.257667541503903,1.87289817377978,42.58247756958008,-1.8506975813808335,135.68263244628906,-4.085883833222148,242.32000732421875,-4.901687670831246,19.420000076293945,2.534316413419324,50.83353042602539,-1.0368707828248946,2802.60009765625,-0.5754170294581917,14.260000228881836,9.439758412260325,-0.5754170294581917,14.260000228881836,2018-07-30,2018,3,7
2018-07-31,98.0111312866211,0.6738040900169384,44.8353157043457,0.20011362477703187,6.053803443908691,0.29904661067998717,17.980382919311523,-1.518729714855671,42.53787612915039,-0.10474129965032386,134.81756591796875,-0.6375661444089076,244.67999267578125,0.9739127105608203,18.32999992370605,-5.612771103530845,52.51322937011719,3.3043129800637283,2816.2900390625,0.4884728797982518,12.829999923706056,-10.02805247000974,0.4884728797982518,12.829999923706056,2018-07-31,2018,3,7
2018-08-01,98.1959457397461,0.18856475861352973,47.4765625,5.890996314314556,6.093606948852539,0.6574958257671515,17.577438354492188,-2.2410232675665664,42.24345397949219,-0.6921411608898809,135.33856201171875,0.3864452604544155,248.00999450683597,1.3609620446029647,18.479999542236328,0.8183285278483998,52.72627258300781,0.405694365869369,2813.360107421875,-0.10403515262938923,13.149999618530272,2.4941519620194974,-0.10403515262938923,13.149999618530272,2018-08-01,2018,3,8
2018-08-02,99.38782501220705,1.2137764583681099,48.86433029174805,2.923058702381942,6.19620943069458,1.6837725620186594,17.54094123840332,-0.20763614898151594,42.734130859375,1.1615453606635073,138.73974609375,2.5130931136513324,252.22000122070312,1.6975149417823632,18.790000915527344,1.6774966502704824,53.070411682128906,0.6526899821702958,2827.219970703125,0.4926444803381669,12.1899995803833,-7.300380730005429,0.4926444803381669,12.1899995803833,2018-08-02,2018,3,8
2018-08-03,99.82205200195312,0.43690159201366097,49.00571060180664,0.28933233959100857,6.232800483703613,0.5905393195357433,17.659317016601562,0.6748541973282229,43.24267578125,1.190020509714973,138.6414337158203,-0.07086100464913647,253.27999877929688,0.42026704998157083,18.489999771118164,-1.5965999456725388,53.586612701416016,0.972671970926009,2840.35009765625,0.4644183009877123,11.640000343322754,-4.511888892478966,0.4644183009877123,11.640000343322754,2018-08-03,2018,3,8
2018-08-06,99.90521240234376,0.08330864645922365,49.26017761230469,0.5192599135347864,6.280515193939209,0.7655420763162724,17.589590072631836,-0.3948450775541068,43.42110443115234,0.4126216675511607,140.2830352783203,1.18406274264653,254.1100006103516,0.32770129305708107,19.43000030517578,5.083832048099435,53.85700225830078,0.5045841549854435,2850.39990234375,0.3538227451535869,11.270000457763672,-3.1786930811503855,0.3538227451535869,11.270000457763672,2018-08-06,2018,3,8
2018-08-07,100.59815216064452,0.6935972024263437,48.798370361328125,-0.9374859640400635,6.352709293365479,1.1494932692136306,17.862018585205078,1.548805352758742,43.251590728759766,-0.3903947276637121,141.98362731933594,1.2122578026927178,253.38999938964844,-0.2833423395276702,19.559999465942383,0.6690641210745252,53.61940002441406,-0.4411724082732382,2858.449951171875,0.28241822564987196,10.93000030517578,-3.0168601488713587,0.28241822564987196,10.93000030517578,2018-08-07,2018,3,8
2018-08-08,101.16177368164062,0.5602702523760827,48.83135223388672,0.06758806147495466,6.389054298400879,0.5721181838645784,17.793100357055664,-0.38583672847870565,43.17129135131836,-0.18565647202430924,142.70118713378906,0.5053820838365031,253.8300018310547,0.17364633271483854,19.57999992370605,0.10225183184944253,53.38996505737305,-0.4278954388459155,2857.699951171875,-0.02623799656497061,10.850000381469728,-0.7319297481461873,-0.02623799656497061,10.850000381469728,2018-08-08,2018,3,8
2018-08-09,101.3280792236328,0.16439563675063606,49.21540069580078,0.7864792686358424,6.34059476852417,-0.7584773522559929,17.559595108032227,-1.3123359298698234,43.30511474609375,0.309982376219331,143.34014892578125,0.4477620717991071,253.8000030517578,-0.011818452933254342,19.100000381469727,-2.451478774804161,53.32441711425781,-0.12277202849785285,2853.580078125,-0.14416744645237012,11.270000457763672,3.8709683090080382,-0.14416744645237012,11.270000457763672,2018-08-09,2018,3,8
2018-08-10,100.7090835571289,-0.6108826608049678,49.06881713867188,-0.29784082839217074,6.299305438995361,-0.6511901649002394,17.206911087036133,-2.008497455814151,43.108848571777344,-0.45321707485860285,143.035400390625,-0.21260514757386328,253.6999969482422,-0.03940350760958111,19.059999465942383,-0.2094288729237448,53.11138534545898,-0.39950135477782034,2833.280029296875,-0.7113887913551609,13.15999984741211,16.770180238515042,-0.7113887913551609,13.15999984741211,2018-08-10,2018,3,8
2018-08-13,99.97913360595705,-0.7248104395248367,49.3856315612793,0.6456532704101514,6.332187652587891,0.5219974473530842,17.11367416381836,-0.5418574126765829,42.832275390625,-0.6415694000544758,141.99343872070312,-0.7284641893379629,253.5399932861328,-0.06306805835004647,19.729999542236328,3.5152156089570896,53.12776565551758,0.03084142872955553,2821.929931640625,-0.40059921853423663,14.779999732971191,12.310029668257583,-0.40059921853423663,14.779999732971191,2018-08-13,2018,3,8
2018-08-14,101.22645568847656,1.247582407980774,49.593711853027344,0.421337715383574,6.46347188949585,2.0732840545921727,16.807201385498047,-1.7908064357579967,43.02854919433594,0.45823809713807506,144.077392578125,1.467640953129501,256.04998779296875,0.9899797165346058,20.020000457763672,1.469847553247705,53.61119842529297,0.9099437249252773,2839.9599609375,0.6389254777276809,13.3100004196167,-9.94586833499882,0.6389254777276809,13.3100004196167,2018-08-14,2018,3,8
2018-08-15,99.85377502441406,-1.3560493200383439,49.709564208984375,0.2336029138136686,6.405371189117432,-0.8989085335520786,16.748828887939453,-0.3473064683389815,42.68061065673828,-0.8086225171715977,142.57337951660156,-1.0438924765437396,250.5200042724609,-2.159728093788915,19.700000762939453,-1.5984000374991258,53.81603240966797,0.38207313097176065,2818.3701171875,-0.7602164835758152,14.640000343322754,9.992485963755925,-0.7602164835758152,14.640000343322754,2018-08-15,2018,3,8
2018-08-16,99.83521270751952,-0.018589499385479602,50.43781661987305,1.4650146757010818,6.364823818206787,-0.6330214083382635,16.919898986816406,1.0213854354923724,42.91257095336914,0.5434793295166607,143.25164794921875,0.47573287167412825,248.88999938964844,-0.6506485929322015,19.32999992370605,-1.8781767761626877,53.88159942626953,0.121835471077536,2840.68994140625,0.7919408484583057,13.449999809265137,-8.128418757861377,0.7919408484583057,13.449999809265137,2018-08-16,2018,3,8
2018-08-17,99.77957916259766,-0.05572537325567728,51.44505310058594,1.9969866822427518,6.052812099456787,-4.902126557807939,16.96692657470703,0.27794248610626404,43.144527435302734,0.5405327082025568,142.55374145507812,-0.4871891556794017,245.6999969482422,-1.2816916907987808,19.770000457763672,2.2762572984700746,54.12739562988281,0.4561783730076874,2850.1298828125,0.33231157222237684,12.640000343322754,-6.022300947427583,0.33231157222237684,12.640000343322754,2018-08-17,2018,3,8
2018-08-20,99.12101745605467,-0.6600165204844299,50.94379806518555,-0.9743503120121844,6.12747859954834,1.2335836445055648,16.760181427001953,-1.2185185501614515,43.19805908203125,0.12407517224237719,143.23204040527344,0.47581981593169953,249.75999450683597,1.652420679292499,19.979999542236328,1.062210822510079,54.20933151245117,0.1513759929050229,2857.050048828125,0.24280177746833775,12.489999771118164,-1.1867133554614995,0.24280177746833775,12.489999771118164,2018-08-20,2018,3,8
2018-08-21,98.29560089111328,-0.8327361705173564,50.844482421875,-0.1949513916953527,6.262962341308594,2.211084699181831,17.067462921142578,1.833401956171965,43.18914031982422,-0.020646210493147077,143.05506896972656,-0.12355575962342824,251.5,0.696671016749395,20.399999618530277,2.1021025321151576,54.52889633178711,0.589501494336897,2862.9599609375,0.20685364303643095,12.859999656677246,2.9623690339424025,0.20685364303643095,12.859999656677246,2018-08-21,2018,3,8
2018-08-22,99.29724884033205,1.019016049689081,50.84685134887695,0.004659162389142324,6.497836112976074,3.750202521869306,16.826662063598633,-1.410876699463337,43.53708267211914,0.8056246309103177,143.9692840576172,0.6390651477607534,255.5399932861328,1.6063591594961402,20.899999618530277,2.45098043798897,54.76649475097656,0.4357293750157032,2861.820068359375,-0.03981517707819515,12.25,-4.743387814637446,-0.03981517707819515,12.25,2018-08-22,2018,3,8
2018-08-23,99.7610092163086,0.46704252272111724,50.95089721679688,0.204625980094697,6.597224235534668,1.529557237679735,16.668563842773438,-0.9395697151796445,43.679832458496094,0.32788091809461406,145.31594848632812,0.9353831530981349,257.0,0.5713417673265608,22.290000915527344,6.650724030466826,54.78289413452149,0.029944190548425453,2856.97998046875,-0.16912621251551352,12.40999984741211,1.3061212033641523,-0.16912621251551352,12.40999984741211,2018-08-23,2018,3,8
2018-08-24,100.54011535644533,0.7809725926563482,51.10930252075195,0.31089796766690103,6.73023796081543,2.0162074310633438,16.945035934448242,1.658643745691779,43.94746780395508,0.6127206319147094,149.7099609375,3.0237647670071643,261.510009765625,1.754867613083655,23.979999542236328,7.581868807962766,55.0205078125,0.4337369935130564,2874.68994140625,0.6198839704363079,11.989999771118164,-3.384368101999047,0.6198839704363079,11.989999771118164,2018-08-24,2018,3,8
2018-08-27,101.65308380126952,1.1069894249458256,51.53017425537109,0.823473837171318,6.8212199211120605,1.3518386842537033,17.266910552978516,1.8995216048844243,44.00992202758789,0.142111085697616,149.10047912597656,-0.4071083899206185,262.3999938964844,0.3403250727025853,25.26000022888184,5.337784449874694,55.17618179321289,0.28293810235884287,2896.739990234375,0.7670409427647185,12.15999984741211,1.4178488702180525,0.7670409427647185,12.15999984741211,2018-08-27,2018,3,8
2018-08-28,102.26522827148438,0.6021897686956379,51.94630813598633,0.8075538005227534,6.783640384674072,-0.5509210503780615,17.385284423828125,0.6855532753610616,43.39434051513672,-1.398733476658498,150.38819885253906,0.8636590131105404,263.0400085449219,0.2439080271815719,25.049999237060547,-0.8313578381570319,57.17544555664063,3.6234181098657725,2897.52001953125,0.026927832649970007,12.5,2.7960539214994196,0.026927832649970007,12.5,2018-08-28,2018,3,8
2018-08-29,103.89762878417967,1.5962419879040013,52.72183990478516,1.4929487708127853,6.889018535614014,1.5534159384099633,17.430686950683594,0.26115492705567345,43.61737060546875,0.5139612393792126,152.1674346923828,1.1830953847571157,268.3599853515625,2.022497199596951,25.200000762939453,0.598808504780246,56.7002067565918,-0.8311938725130585,2914.0400390625,0.5701434129840033,12.25,-2.0000000000000018,0.5701434129840033,12.25,2018-08-29,2018,3,8
2018-08-30,103.83270263671876,-0.06249049975507459,53.206539154052734,0.9193519234968583,6.87219762802124,-0.24416986985612565,17.565271377563477,0.7721120071782606,43.162376403808594,-1.0431490833679669,149.55264282226562,-1.7183649546324897,266.42999267578125,-0.719180496769245,24.88999938964844,-1.2301641424825593,55.831687927246094,-1.531773654854851,2901.1298828125,-0.4430329054144866,13.529999732971191,10.448977412009718,-0.4430329054144866,13.529999732971191,2018-08-30,2018,3,8
2018-08-31,104.18512725830078,0.33941582240717416,53.8212890625,1.1554029226883866,6.94319486618042,1.0331082137348568,17.758237838745117,1.0985680609985948,43.3408088684082,0.41339814779954853,150.08346557617188,0.3549404035187109,263.510009765625,-1.0959662914939106,25.170000076293945,1.1249525653341585,56.29871368408203,0.8364886933823534,2901.52001953125,0.013447750859452157,12.859999656677246,-4.951959272114581,0.013447750859452157,12.859999656677246,2018-08-31,2018,3,8
2018-09-04,103.61011505126952,-0.5519139076402557,53.99390411376953,0.32071890933174085,7.017900943756104,1.075961124749214,17.790668487548828,0.18262312453634078,43.3408088684082,0.0,150.6044921875,0.3471579026562921,266.67999267578125,1.202983868800933,28.059999465942383,11.481920464395824,57.86143493652344,2.775767242588434,2896.719970703125,-0.16543221469484948,13.15999984741211,2.3328164754584213,-0.16543221469484948,13.15999984741211,2018-09-04,2018,3,9
2018-09-05,100.6235809326172,-2.8824735086670716,53.64159393310547,-0.6524999191051539,6.88728666305542,-1.8611587958774711,17.952014923095703,0.906916092893284,42.85903549194336,-1.111592951408935,146.12200927734375,-2.976327495315101,256.1400146484375,-3.952294254094202,28.51000022888184,1.6037090930298925,58.61383438110352,1.3003470194016042,2888.60009765625,-0.2803126684318036,13.90999984741211,5.699088211976577,-0.2803126684318036,13.90999984741211,2018-09-05,2018,3,9
2018-09-06,100.85543060302734,0.23041285975045067,52.75021362304688,-1.6617334510421022,6.746287822723389,-2.047233507621704,17.51014518737793,-2.4613935405618292,42.56462478637695,-0.686927977233065,146.29893493652344,0.1210807735636088,259.75,1.4093796927892477,27.84000015258789,-2.350052861855856,58.17561340332031,-0.7476408639877197,2878.050048828125,-0.36523050860121087,14.649999618530272,5.31991214403813,-0.36523050860121087,14.649999618530272,2018-09-06,2018,3,9
2018-09-07,100.3638916015625,-0.4873698902735035,52.32463073730469,-0.8067889331850098,6.725015163421631,-0.315323921254973,18.85682487487793,7.690853919765006,42.653846740722656,0.20961527276111003,147.8717498779297,1.0750693038802162,260.8699951171875,0.4311819507940351,27.3799991607666,-1.6523024040950962,58.19215393066406,0.028432063498984306,2871.679931640625,-0.2213344827027508,14.880000114440918,1.5699692962430234,-0.2213344827027508,14.880000114440918,2018-09-07,2018,3,9
2018-09-10,101.44905853271484,1.0812324171928012,51.622371673583984,-1.342119483358395,6.796008586883545,1.0556619091070196,19.507869720458984,3.4525687643650604,43.590614318847656,2.196208899561336,148.7466278076172,0.5916464303761471,265.3699951171875,1.724997157292285,29.88999938964844,9.16727650042617,59.79620361328125,2.7564707168743263,2877.1298828125,0.18978268127400888,14.15999984741211,-4.838711434753651,0.18978268127400888,14.15999984741211,2018-09-10,2018,3,9
2018-09-11,103.17418670654295,1.7004871201163452,52.92754364013672,2.528306864329166,6.748266696929932,-0.7024989645504021,18.854387283325195,-3.349840072227084,43.644134521484375,0.12277918876122396,150.2407684326172,1.0044870576376708,267.0,0.6142385773842518,30.100000381469727,0.7025794449966316,59.95330429077149,0.26272684216921416,2887.889892578125,0.3739841510076891,13.220000267028809,-6.6384151872367125,0.3739841510076891,13.220000267028809,2018-09-11,2018,3,9
2018-09-12,103.61011505126952,0.42251687039362995,52.27024459838867,-1.2418846531347394,6.634476661682129,-1.6862112948139774,18.63872528076172,-1.1438292813376494,44.01883316040039,0.8585314911710995,152.7277069091797,1.655302021220617,267.7900085449219,0.2958833501579994,32.209999084472656,7.0099623796081145,59.32490921020508,-1.0481408622929567,2888.919921875,0.03566719422101183,13.140000343322754,-0.6051431323006673,0.03566719422101183,13.140000343322754,2018-09-12,2018,3,9
2018-09-13,104.72307586669922,1.074181622980519,53.532840728759766,2.4155160169463175,6.712150573730469,1.1707617044905971,19.08708381652832,2.405521456069648,43.679832458496094,-0.7701265062365681,155.4899444580078,1.8086027772751923,268.5199890136719,0.27259436329101217,30.479999542236328,-5.371001525642082,61.68963623046875,3.986060917320189,2904.179931640625,0.5282254329749936,12.369999885559082,-5.859972889231746,0.5282254329749936,12.369999885559082,2018-09-13,2018,3,9
2018-09-14,105.1497573852539,0.407437916641995,52.92517852783203,-1.135120409556889,6.838062763214111,1.8758844590946566,19.16167640686035,0.39080139768359334,43.93854522705078,0.5922934086354692,154.81170654296875,-0.4361940686281707,274.69000244140625,2.297785520697393,32.720001220703125,7.3490869819824445,62.08650207519531,0.6433266087741085,2904.97998046875,0.027548183892078804,12.06999969482422,-2.425223876397009,0.027548183892078804,12.06999969482422,2018-09-14,2018,3,9
2018-09-17,104.0089340209961,-1.084951019028979,51.5159912109375,-2.662602859532115,6.776218414306641,-0.9044132972889196,19.039247512817383,-0.6389257987841623,43.876102447509766,-0.142113898442342,152.28538513183594,-1.6318671678950958,268.25,-2.3444618967448427,32.43000030517578,-0.8863108334600245,60.55686950683594,-2.4637119458055134,2888.800048828125,-0.5569722252617426,13.68000030517578,13.338862063451007,-0.5569722252617426,13.68000030517578,2018-09-17,2018,3,9
2018-09-18,105.00135803222656,0.954171889724531,51.60110855102539,0.16522508465257602,6.704235076904297,-1.0622936422823304,19.58245277404785,2.853081566720417,43.74226379394531,-0.3050376995645143,153.34706115722656,0.697162123910644,270.7900085449219,0.9468810978273456,31.93000030517578,-1.541782285830573,61.780574798583984,2.020753882612625,2904.31005859375,0.5369014643958003,12.789999961853027,-6.505850317751993,0.5369014643958003,12.789999961853027,2018-09-18,2018,3,9
2018-09-19,103.60083770751952,-1.3338116296335967,51.63183975219727,0.0595553119590253,6.727980613708496,0.3541871150372078,19.750730514526367,0.8593292291838361,44.09914016723633,0.8158616915030725,150.2997283935547,-1.9872130190662363,264.8800048828125,-2.1825043301510694,31.209999084472656,-2.254936466713453,61.234859466552734,-0.8833121637511154,2907.949951171875,0.12532727238796504,11.75,-8.131352345229804,0.12532727238796504,11.75,2018-09-19,2018,3,9
2018-09-20,105.3352508544922,1.674130427274334,52.02434158325195,0.7601933863648158,6.586979389190674,-2.095743620760848,20.007219314575195,1.2986294347957728,44.99128341674805,2.023040009688315,152.85552978515625,1.7004697339899844,266.3399963378906,0.551189756933157,31.18000030517578,-0.09611912905117537,61.68136596679688,0.7291704498612273,2930.75,0.7840591898404803,11.800000190734863,0.4255335381690539,0.7840591898404803,11.800000190734863,2018-09-20,2018,3,9
2018-09-21,105.97520446777344,0.6075398388382336,51.46397399902344,-1.0771257591636885,6.516974925994873,-1.0627703391736576,20.26616668701172,1.2942696751861105,45.58902359008789,1.3285688425534792,152.8751983642578,0.012867430526863899,260.8800048828125,-2.0500080837094203,31.020000457763672,-0.5131489603787731,60.93722915649414,-1.2064207700966167,2929.669921875,-0.03685330120276609,11.68000030517578,-1.016948166266174,-0.03685330120276609,11.68000030517578,2018-09-21,2018,3,9
2018-09-24,106.35546112060548,0.3588166257774805,52.20401763916016,1.4379838606143558,6.572633743286133,0.8540590983286966,20.376436233520508,0.5441065802516132,45.71393585205078,0.27399635290730195,156.0797119140625,2.0961631344341702,264.0899963378906,1.2304474835164392,32.61000061035156,5.125725754752364,60.83802032470703,-0.16280496038362235,2919.3701171875,-0.35156877607932513,12.199999809265137,4.452050432386789,-0.35156877607932513,12.199999809265137,2018-09-24,2018,3,9
2018-09-25,106.15142059326172,-0.1918477200831159,52.53505325317383,0.6341190371626615,6.639670372009277,1.0199355591907322,20.229406356811523,-0.7215681634608506,46.14216232299805,0.936752574386035,156.168212890625,0.05670242177999718,267.8399963378906,1.4199704843049332,32.56999969482422,-0.12266456540527271,60.14348602294922,-1.141612264914138,2915.56005859375,-0.13050961134796202,12.420000076293944,1.803280905477811,-0.13050961134796202,12.420000076293944,2018-09-25,2018,3,9
2018-09-26,105.71551513671876,-0.41064495802953793,52.11655044555664,-0.79661631939415,6.602813720703125,-0.5550976063740776,20.048065185546875,-0.8964235927941044,46.06187438964844,-0.174001237279664,155.63739013671875,-0.339904481251907,268.4700012207031,0.23521688001284513,32.189998626708984,-1.1667211288786783,59.33316421508789,-1.3473143335125726,2905.969970703125,-0.3289278113945082,12.890000343322754,3.784221128354903,-0.3289278113945082,12.890000343322754,2018-09-26,2018,3,9
2018-09-27,106.1143569946289,0.3772784509391336,53.1876335144043,2.0551687701713117,6.614686965942383,0.17982099361715242,20.131378173828125,0.4155662280134198,46.11539840698242,0.11620025898471109,157.70167541503906,1.3263427743853473,269.9100036621094,0.5363736860203083,32.59000015258789,1.2426267255165824,59.29184341430664,-0.06964199757063527,2914.0,0.27632870875580196,12.40999984741211,-3.723820660402799,0.27632870875580196,12.40999984741211,2018-09-27,2018,3,9
2018-09-28,106.07721710205078,-0.03499987525722448,53.37442398071289,0.3511915345096206,6.951604843139648,5.093481806954503,20.15425109863281,0.11361827594307261,45.99942398071289,-0.2514874212861007,156.32546997070312,-0.8726638069722736,269.95001220703125,0.014822920373114279,30.88999938964844,-5.216326342374867,59.55642318725586,0.4462330022368288,2913.97998046875,-0.0006870120538793323,12.119999885559082,-2.3368248623588994,-0.0006870120538793323,12.119999885559082,2018-09-28,2018,3,9
2018-10-01,107.2273406982422,1.0842324370981204,53.73381805419922,0.6733451092909126,7.157912254333496,2.967766664663718,20.381336212158203,1.1267355577444294,46.21354675292969,0.4654901163688052,157.14137268066406,0.5219256402132277,275.489990234375,2.052223662466446,31.420000076293945,1.7157678767164786,60.02770233154297,0.7913153931446315,2924.590087890625,0.3641105118425747,12.0,-0.9900980750178201,0.3641105118425747,12.0,2018-10-01,2018,4,10
2018-10-02,106.80068969726562,-0.39789385636006536,54.21142959594727,0.8888472084122245,7.086668491363525,-0.9953148409557411,20.26616668701172,-0.5650734767712717,44.81285858154297,-3.030903857856182,154.5855712890625,-1.6264344316218704,272.0,-1.266830141961195,29.020000457763672,-7.638445616494593,60.6478385925293,1.0330834546376844,2923.429931640625,-0.03966902079042267,12.050000190734863,0.4166682561238533,-0.03966902079042267,12.050000190734863,2018-10-02,2018,4,10
2018-10-03,106.81920623779295,0.017337472800793563,54.87109756469727,1.2168429677407167,7.09285306930542,0.0872705975936583,20.37398910522461,0.5320316361652866,44.3846321105957,-0.955588383561945,156.39430236816406,1.1700516833614394,270.510009765625,-0.54779052734375,28.43000030517578,-2.0330811277780247,60.06079864501953,-0.9679486707743545,2925.510009765625,0.07115197468861023,11.609999656677246,-3.651456656373575,0.07115197468861023,11.609999656677246,2018-10-03,2018,4,10
2018-10-04,104.61180877685548,-2.066479932479115,53.90642166137695,-1.7580765578506852,6.908810138702393,-2.5947658693154074,20.271879196166992,-0.501177793559493,44.13481903076172,-0.5628368828460961,152.2657012939453,-2.639866677815228,263.7099914550781,-2.513776963905523,27.780000686645508,-2.2863159041610626,59.845802307128906,-0.35796450054107476,2901.610107421875,-0.8169482334351885,14.220000267028809,22.480626076939416,-0.8169482334351885,14.220000267028809,2018-10-04,2018,4,10
2018-10-05,103.99964141845705,-0.5851799768649801,53.03157043457031,-1.6229072526872224,6.675538063049316,-3.3764435694405903,19.950040817260746,-1.587609988160843,44.02776718139648,-0.24255644798413245,152.43284606933594,0.10977178312006064,263.2200012207031,-0.18580647311516874,27.350000381469727,-1.5478772301920518,58.87842178344727,-1.6164551002541994,2885.570068359375,-0.5527978766503461,14.81999969482422,4.219405179524505,-0.5527978766503461,14.81999969482422,2018-10-05,2018,4,10
2018-10-08,102.81243896484376,-1.1415447567135417,52.908634185791016,-0.23181710021387136,6.574366569519043,-1.5155556387324243,19.71641731262207,-1.1710427401057988,44.03667449951172,0.020231137496806717,146.12200927734375,-4.140076731967357,254.69000244140625,-3.240634731303982,26.459999084472656,-3.2541180423531824,58.64692687988281,-0.3931744373446233,2884.429931640625,-0.03951166292067709,15.6899995803833,5.870444692808752,-0.03951166292067709,15.6899995803833,2018-10-08,2018,4,10
2018-10-09,104.12022399902344,1.2720105148238625,53.64159393310547,1.385331068537199,6.568675518035889,-0.08656425562790782,19.988428115844727,1.3796157735438186,43.59952545166016,-0.9926931422952978,145.97457885742188,-0.10089542338693747,254.16000366210935,-0.20809563556341004,27.239999771118164,2.947848502017636,57.98543930053711,-1.127915160329751,2880.340087890625,-0.14179036575431292,15.949999809265137,1.6571079403144617,-0.14179036575431292,15.949999809265137,2018-10-09,2018,4,10
2018-10-10,98.4625244140625,-5.433814265530201,51.15659332275391,-4.632600241988538,6.077645778656006,-7.47532341994428,18.937145233154297,-5.259457505100585,42.28806686401367,-3.007965279577496,135.46640014648438,-7.1986360866306605,237.91000366210935,-6.393610232081759,25.0,-8.223200403596099,55.17422866821289,-4.848131990091142,2785.679931640625,-3.28642290012785,22.959999084472656,43.949839241599896,-3.28642290012785,22.959999084472656,2018-10-10,2018,4,10
2018-10-11,98.23063659667967,-0.23550870624409193,50.70497894287109,-0.8828077683623925,5.816421508789063,-4.2981160696191285,18.697803497314453,-1.263874427180367,41.73492813110352,-1.308025582462502,136.87205505371094,1.037640998584588,238.58999633789065,0.2858192868371523,25.299999237060547,1.1999969482421768,53.15678024291992,-3.656504991532883,2728.3701171875,-2.057300761734404,24.979999542236328,8.79791175222544,-2.057300761734404,24.979999542236328,2018-10-11,2018,4,10
2018-10-12,101.6252670288086,3.4557756619930657,52.5161361694336,3.5719514420923693,6.098670482635498,4.852622414313235,19.028627395629883,1.7693195800402295,42.27021789550781,1.2825941923818807,144.2445068359375,5.386382033449766,248.8699951171875,4.308646186799181,26.34000015258789,4.110675679404396,53.15678024291992,0.0,2767.1298828125,1.4206197825152422,21.309999465942383,-14.691753977371725,1.4206197825152422,21.309999465942383,2018-10-12,2018,4,10
2018-10-15,99.79811096191406,-1.7979348249845928,51.39303588867188,-2.138581325058342,5.822607040405273,-4.52661679322156,18.989416122436523,-0.20606464343490005,42.20751190185547,-0.14834556520941788,139.53594970703125,-3.264288694377615,238.00999450683597,-4.363724363492594,26.26000022888184,-0.3037202856591148,53.057559967041016,-0.18665591750569588,2750.7900390625,-0.5904978964482943,21.299999237060547,-0.04692740090311842,-0.5904978964482943,21.299999237060547,2018-10-15,2018,4,10
2018-10-16,102.95156860351562,3.159837006138333,52.52559661865234,2.2037241240891348,6.081108093261719,4.439610144778938,19.46727752685547,2.5164618087142765,43.2017936706543,2.355698604340417,144.93260192871094,3.8675712123008132,260.6700134277344,9.520616547154104,28.18000030517578,7.311500607613275,54.66987228393555,3.0387984632088028,2809.919921875,2.149560016316343,17.6200008392334,-17.27698840206624,2.149560016316343,17.6200008392334,2018-10-16,2018,4,10
2018-10-17,102.6826171875,-0.2612407170321074,52.29861068725586,-0.43214346149068605,6.012586116790772,-1.126800830047292,19.373336791992188,-0.48255712558517017,42.8703727722168,-0.7671461536158941,144.50990295410156,-0.2916520982748194,258.9100036621094,-0.675186893375801,27.299999237060547,-3.1227858714877543,54.6533317565918,-0.030255288064040542,2809.2099609375,-0.025266233815879335,17.399999618530273,-1.248588026246067,-0.025266233815879335,17.399999618530273,2018-10-17,2018,4,10
2018-10-18,100.63286590576172,-1.99620085451796,51.07620620727539,-2.3373555509732635,5.925264358520508,-1.4523161344235813,18.625919342041016,-3.8579696310245937,42.44041442871094,-1.0029265334135506,140.4108123779297,-2.836546487387659,250.3500061035156,-3.30616717682527,26.6200008392334,-2.4908366916876368,53.86785507202149,-1.4371981713183768,2768.780029296875,-1.4391922356395415,20.059999465942383,15.287355780050248,-1.4391922356395415,20.059999465942383,2018-10-18,2018,4,10
2018-10-19,100.78126525878906,0.14746609041853542,51.854103088378906,1.5230122573056448,5.668989181518555,-4.325126466862706,18.64716148376465,0.11404613825254373,42.62852478027344,0.4432340119545186,138.1007843017578,-1.6451924442643429,245.02999877929688,-2.1250278388325605,23.65999984741211,-11.11946242863654,54.041465759277344,0.32228995757068724,2767.780029296875,-0.03611698977235012,19.88999938964844,-0.8474580300092516,-0.03611698977235012,19.88999938964844,2018-10-19,2018,4,10
2018-10-22,101.68091583251952,0.8926764031194745,52.170936584472656,0.6110095001619298,5.719699859619141,0.8945276922719847,18.674928665161133,0.14890835487566534,42.94203186035156,0.7354396655621542,140.51893615722656,1.751005157353025,251.05999755859372,2.460922666341836,25.030000686645508,5.790367067070146,54.66987228393555,1.1628228728239653,2755.8798828125,-0.42995275485813167,19.63999938964844,-1.25691306018898,-0.42995275485813167,19.63999938964844,2018-10-22,2018,4,10
2018-10-23,100.2618637084961,-1.3955933740415705,52.66272735595703,0.9426527558846765,5.468371391296387,-4.394084908145668,18.710050582885746,0.18806988960624604,42.98681640625,0.10429070064517099,138.2678985595703,-1.6019460858553325,251.75999450683597,0.2788165996372438,25.09000015258789,0.23971020493975814,54.88484573364258,0.3932210570943617,2740.68994140625,-0.5511829997012829,20.709999084472656,5.448063788577184,-0.5511829997012829,20.709999084472656,2018-10-23,2018,4,10
2018-10-24,94.90095520019533,-5.346906899603631,50.8563117980957,-3.4301595237395066,4.932814121246338,-9.79372525616049,17.86542510986328,-4.514287490997226,41.88505172729492,-2.5630292519054465,130.9937744140625,-5.2608915166045485,238.44000244140625,-5.2907500619873264,22.790000915527344,-9.166995707743409,51.77597427368164,-5.664353098573627,2656.10009765625,-3.0864433977743855,25.229999542236328,21.82520839005033,-3.0864433977743855,25.229999542236328,2018-10-24,2018,4,10
2018-10-25,100.44738006591795,5.8444352367395425,51.96995162963867,2.189777025050943,5.141347885131836,4.22748067857075,18.15378189086914,1.6140493676059409,42.95994567871094,2.5662949121190826,138.40550231933594,5.658076453194982,252.9199981689453,6.072804722058889,19.270000457763672,-15.445372164796256,52.25552749633789,0.926208013240637,2705.570068359375,1.8625040052811848,24.21999931335449,-4.003171808192252,1.8625040052811848,24.21999931335449,2018-10-25,2018,4,10
2018-10-26,99.20449829101562,-1.2373461349481696,51.14241027832031,-1.592345817859886,4.905109882354736,-4.59486516094878,17.41126251220703,-4.090163598558916,42.38666915893555,-1.3344442380416766,133.21533203125,-3.7499739541502652,245.8000030517578,-2.8151174951501767,17.6299991607666,-8.510644826354074,51.66021347045898,-1.139236468181537,2658.68994140625,-1.7327264039978307,24.15999984741211,-0.24772695145905965,-1.7327264039978307,24.15999984741211,2018-10-26,2018,4,10
2018-10-29,96.32001495361328,-2.907613452104496,50.18245697021485,-1.8770200756697442,4.591690540313721,-6.389649764391336,17.27647590637207,-0.7741345909893838,42.1179313659668,-0.6340148879381724,128.76235961914062,-3.3426876202694022,239.75,-2.461351902621367,16.850000381469727,-4.424270087503279,51.40389633178711,-0.4961596583770156,2641.25,-0.6559599573700448,24.700000762939453,2.2351031412989997,-0.6559599573700448,24.700000762939453,2018-10-29,2018,4,10
2018-10-30,96.2087173461914,-0.11554982365344912,50.43307495117188,0.49941353231426344,5.021621227264404,9.363233065817834,18.05330467224121,4.496453849031923,43.50635528564453,3.29651498696264,129.9222869873047,0.9008279838882638,238.41000366210935,-0.5589140095477174,17.200000762939453,2.0771535522018603,52.23899459838867,1.624581648852863,2682.6298828125,1.5666780052058682,23.350000381469727,-5.4655884201238685,1.5666780052058682,23.350000381469727,2018-10-30,2018,4,10
2018-10-31,99.06539154052734,2.969246730581232,51.747684478759766,2.606641631232387,5.215312004089356,3.8571363322531527,18.25589179992676,1.1221609082853856,43.74819564819336,0.5558736441170664,134.9060516357422,3.835958220874369,245.75999450683597,3.0829204864840865,18.209999084472656,5.872083004260253,51.99921798706055,-0.4589992842923496,2711.739990234375,1.0851331974038647,21.229999542236328,-9.079232567875263,1.0851331974038647,21.229999542236328,2018-10-31,2018,4,10
2018-11-01,98.23992919921876,-0.833249965979177,52.54214096069336,1.5352503014114172,5.395398616790772,3.4530362241071977,18.77785301208496,2.8591383969546413,43.52426910400391,-0.511853211021962,137.21609497070312,1.712334848549446,245.27999877929688,-0.195310765896739,20.21999931335449,11.037893080377614,52.67721557617188,1.3038611259116317,2740.3701171875,1.0557843693063784,19.34000015258789,-8.902493784271403,1.0557843693063784,19.34000015258789,2018-11-01,2018,4,11
2018-11-02,98.4625244140625,0.22658324029565247,49.05699157714844,-6.633055524235587,5.316484928131104,-1.4626109072661375,18.033700942993164,-3.9629241352186484,43.73924255371094,0.49391627736086186,134.46371459960938,-2.005872832688771,239.63999938964844,-2.299412678456225,20.229999542236328,0.049457117811257945,52.36302185058594,-0.596450898456502,2723.06005859375,-0.6316686379398861,19.51000022888184,0.8790076264358238,-0.6316686379398861,19.51000022888184,2018-11-02,2018,4,11
2018-11-05,99.71466064453124,1.271688124918624,47.664337158203125,-2.838850027636086,5.238564014434815,-1.4656472227352002,17.9781551361084,-0.3080111345993397,43.9094352722168,0.38910760353672025,133.13668823242188,-0.9869029508361882,239.88999938964844,0.10432315165946893,19.899999618530277,-1.6312403913656848,52.47877502441406,0.22105900258853062,2738.31005859375,0.5600317169601965,19.959999084472656,2.306503589501019,0.5600317169601965,19.959999084472656,2018-11-05,2018,4,11
2018-11-06,99.909423828125,0.19532050987773886,48.17979431152344,1.0814314937590552,5.22100305557251,-0.3352246687053251,18.644704818725582,3.707553292153132,44.115455627441406,0.4691938166532683,131.67198181152344,-1.1001523624663445,240.55999755859372,0.27929391414813765,20.68000030517578,3.919601515565807,52.61106872558594,0.25208991846765727,2755.449951171875,0.6259295774170726,19.90999984741211,-0.2504971911518883,0.6259295774170726,19.90999984741211,2018-11-06,2018,4,11
2018-11-07,103.8419952392578,3.93613661299661,49.6410026550293,3.0328239553243153,5.2885332107543945,1.2934325926089674,19.14707374572754,2.6944321826828155,45.02016067504883,2.0507666411693215,139.378662109375,5.852938637228822,253.42999267578125,5.350014652395707,21.84000015258789,5.6092835120596485,52.26380157470703,-0.6600648101071971,2813.889892578125,2.1208856064105275,16.360000610351562,-17.830232366988053,2.1208856064105275,16.360000610351562,2018-11-07,2018,4,11
2018-11-08,103.64720916748048,-0.18757928459339768,49.4677963256836,-0.34891787047365286,5.095585823059082,-3.648410249234102,19.62493133544922,2.495721257815231,45.17244338989258,0.33825448990045803,139.45730590820312,0.056424561434242904,249.9600067138672,-1.369208879058481,21.200000762939453,-2.930400115279308,47.99737548828125,-8.163252495758954,2806.830078125,-0.25089163835961825,16.719999313354492,2.200480987605502,-0.25089163835961825,16.719999313354492,2018-11-08,2018,4,11
2018-11-09,101.6252670288086,-1.9507926502919104,48.51398086547852,-1.9281543368647291,5.087668895721436,-0.1553683445349674,19.52200508117676,-0.5244668249439366,45.33366775512695,0.3569086662920107,134.59149169921875,-3.489106703514888,244.83999633789065,-2.048331828474259,21.030000686645508,-0.801887123471845,46.89767837524414,-2.2911609267169286,2781.010009765625,-0.9199013706103321,17.360000610351562,3.827759110527551,-0.9199013706103321,17.360000610351562,2018-11-09,2018,4,11
2018-11-12,99.12101745605467,-2.4641997467460763,46.07014083862305,-5.037393310666161,4.688661098480225,-7.842644743976246,18.26732444763184,-6.427007002240215,44.08858489990234,-2.7464860375957634,128.28067016601562,-4.688871082063917,236.6699981689453,-3.3368723620099905,19.030000686645508,-9.510223179735998,45.05387115478516,-3.931553297171886,2726.219970703125,-1.970148934024063,20.450000762939453,17.7995394236643,-1.970148934024063,20.450000762939453,2018-11-12,2018,4,11
2018-11-13,99.18596649169922,0.06552498885854519,45.60983657836914,-0.9991379489511121,4.93034029006958,5.1545459676685335,18.36534309387207,0.5365791061588077,44.34834671020508,0.5891815554808444,129.91246032714844,1.2720468009880248,238.7400054931641,0.8746386699767239,19.61000061035156,3.04781872190405,44.78100204467773,-0.6056507534501931,2722.179931640625,-0.14819196931705747,20.020000457763672,-2.1026909004084215,-0.14819196931705747,20.020000457763672,2018-11-13,2018,4,11
2018-11-14,97.77940368652344,-1.4181066686419719,44.32148361206055,-2.8247261182242522,4.877898216247559,-1.0636603304572612,18.47724723815918,0.6093223726620689,43.74819564819336,-1.3532659197724173,127.15025329589844,-2.1262063887437344,235.22000122070312,-1.4744090606807592,20.809999465942383,6.119320847738163,44.59910202026367,-0.406199093607984,2701.580078125,-0.7567410690302756,21.25,6.1438537168431395,-0.7567410690302756,21.25,2018-11-14,2018,4,11
2018-11-15,99.93118286132812,2.200646653259608,45.415287017822266,2.467885360823252,5.006531238555908,2.637058351892052,19.3055477142334,4.482813188555568,45.3515853881836,3.6650419891236297,130.23683166503906,2.4275046955334556,239.9499969482422,2.0108816014761333,21.489999771118164,3.2676613292982992,45.79800415039063,2.688175491924105,2730.199951171875,1.0593753366266334,19.979999542236328,-5.9764727424172825,1.0593753366266334,19.979999542236328,2018-11-15,2018,4,11
2018-11-16,100.87198638916016,0.9414514077528358,45.91828155517578,1.1075445524678207,4.0675129890441895,-18.755865184266195,19.40928268432617,0.5373324374334576,45.83528518676758,1.0665554344876371,130.29583740234375,0.04530649014593546,238.88999938964844,-0.4417576878829488,20.65999984741211,-3.8622612030994374,46.203163146972656,0.8846651815908269,2736.27001953125,0.22233054237545957,18.13999938964844,-9.209210183905437,0.22233054237545957,18.13999938964844,2018-11-16,2018,4,11
2018-11-19,97.45337677001952,-3.389057499028303,44.098445892333984,-3.9632050704141997,3.5794503688812256,-11.99904269457912,18.716588973999023,-3.568878467036418,44.38417816162109,-3.1659168678313754,118.95206451416016,-8.706166761993227,219.69000244140625,-8.037170663191084,19.11000061035156,-7.502416498104214,45.392860412597656,-1.7537819473472438,2690.72998046875,-1.664310858849427,20.100000381469727,10.80485698880318,-1.664310858849427,20.100000381469727,2018-11-19,2018,4,11
2018-11-20,94.74273681640624,-2.7814736066151147,41.99150848388672,-4.777804219203863,3.687799215316773,3.02696881558977,18.60059356689453,-0.619746510785868,43.29136657714844,-2.4621647391853685,118.61785125732422,-0.2809646542924482,219.72999572753903,0.018204417901745984,19.209999084472656,0.523278236144753,45.40939712524414,0.036430206195814385,2641.889892578125,-1.815124083246611,22.479999542236328,11.84079161988838,-1.815124083246611,22.479999542236328,2018-11-20,2018,4,11
2018-11-21,96.04681396484376,1.3764402341095439,41.944068908691406,-0.11297421052047785,3.579697847366333,-2.9313246638118406,18.787654876708984,1.005673873479962,43.55114364624024,0.6000666868043014,121.48819732666016,2.419826391146751,225.97999572753903,2.844400000694436,18.729999542236328,-2.498696330622474,45.69878387451172,0.637283839002345,2649.929931640625,0.3043290746176375,20.799999237060547,-7.473311118264614,0.3043290746176375,20.799999237060547,2018-11-21,2018,4,11
2018-11-23,96.00955963134766,-0.03878768275410449,40.87873458862305,-2.539892642241026,3.586872100830078,0.20041505651162694,18.779483795166016,-0.04349175879900802,43.6227912902832,0.16451380616993028,119.95471954345705,-1.2622442483691376,225.55999755859372,-0.1858563487414644,19.3799991607666,3.4703664410910218,45.682254791259766,-0.036169634836102915,2632.56005859375,-0.6554842390161242,21.520000457763672,3.461544457272181,-0.6554842390161242,21.520000457763672,2018-11-23,2018,4,11
2018-11-26,99.17664337158205,3.2987170781692887,41.43155288696289,1.352337110977242,3.7860052585601807,5.551721726682679,19.22140121459961,2.35319258108333,43.228660583496094,-0.9034972204424285,124.26023864746094,3.5892869579375652,231.9600067138672,2.837386604249681,20.07999992370605,3.611975197380546,46.07912826538086,0.8687694509269761,2673.449951171875,1.55323683669224,18.899999618530277,-12.174724830399287,1.55323683669224,18.899999618530277,2018-11-26,2018,4,11
2018-11-27,99.80077362060548,0.6293117288563854,41.341400146484375,-0.21759440377356887,3.802826166152954,0.4442917123461898,19.26388168334961,0.22100609771225077,42.49415969848633,-1.6991062760112086,125.37102508544922,0.8939194468632117,232.25,0.12501865741474383,21.049999237060547,4.830673889641468,45.94683456420898,-0.28710113700496365,2682.169921875,0.3261692144003847,19.020000457763672,0.6349250881240387,0.3261692144003847,19.020000457763672,2018-11-27,2018,4,11
2018-11-28,103.50811004638672,3.7147371621333747,42.93109130859375,3.8452765423441004,3.959659337997437,4.124121508376488,19.21405029296875,-0.2586778262032685,43.16596984863281,1.5809470169859896,138.2482147216797,10.271264534571479,249.2100067138672,7.302478671202239,21.34000015258789,1.3776766082574055,46.83981704711914,1.9435125213299598,2743.7900390625,2.2973979644221654,18.489999771118164,-2.7865440267598407,2.2973979644221654,18.489999771118164,2018-11-28,2018,4,11
2018-11-29,102.64183807373048,-0.8369121726481299,42.60129928588867,-0.7681892368737953,3.896516799926758,-1.5946457177453244,19.25979423522949,0.238075478950317,42.90619659423828,-0.6018010374965743,137.3438720703125,-0.6541441805869241,249.08999633789065,-0.048156323078285546,21.43000030517578,0.42174391726503835,48.04698181152344,2.5772192132815785,2737.800048828125,-0.21831080910337253,18.790000915527344,1.622504857343432,-0.21831080910337253,18.790000915527344,2018-11-29,2018,4,11
2018-11-30,103.29389190673828,0.6352710018106,42.37113952636719,-0.5402646477444928,4.046820640563965,3.857389775402287,19.3929443359375,0.6913370884537029,43.676544189453125,1.7954227043240012,140.3321533203125,2.1757659842807975,250.88999938964844,0.7226316103502217,21.299999237060547,-0.6066312004850305,48.170989990234375,0.2580977494015979,2760.169921875,0.8170747552017188,18.06999969482422,-3.8318317489178133,0.8170747552017188,18.06999969482422,2018-11-30,2018,4,11
2018-12-03,104.41168975830078,1.0821529046187273,43.851688385009766,3.494238944697825,4.21049690246582,4.044564275006901,19.773605346679688,1.9628840476625165,44.63499069213867,2.194419271195436,141.6985321044922,0.9736747793364753,255.25999450683597,1.7417972529071069,23.709999084472656,11.314553679508466,48.89861297607422,1.510500377898305,2790.3701171875,1.0941426132194287,16.440000534057617,-9.020471434946852,1.0941426132194287,16.440000534057617,2018-12-03,2018,4,12
2018-12-04,101.08621215820312,-3.18496674825941,41.92270278930664,-4.398885577145828,3.8903262615203857,-7.604105842185305,18.954294204711918,-4.143458552971202,43.66758346557617,-2.167374097230146,136.87205505371094,-3.406158821195182,245.82000732421875,-3.698185138981658,21.1200008392334,-10.923653923442833,47.7327766418457,-2.384191009260228,2700.06005859375,-3.236490314939877,20.739999771118164,26.155712271131225,-3.236490314939877,20.739999771118164,2018-12-04,2018,4,12
2018-12-06,101.7103271484375,0.617408622708715,41.45528793334961,-1.1149444688863364,3.91954517364502,0.751065853104449,18.562206268310547,-2.068596868692163,41.81338882446289,-4.246158119958643,139.6440887451172,2.0252736691346307,250.6300048828125,1.9567152450084002,21.299999237060547,0.8522651073610499,47.73277282714844,-7.991777417615253e-06,2695.949951171875,-0.15222281477752508,21.190000534057617,2.1697240496892922,-0.15222281477752508,21.190000534057617,2018-12-06,2018,4,12
2018-12-07,97.6396713256836,-4.00220502369748,39.97712326049805,-3.5656842505306097,3.655089855194092,-6.747091989885023,18.670032501220703,0.5808912547978551,41.20428085327149,-1.4567295029553784,133.6379852294922,-4.301008062423273,238.0,-5.039302811615842,19.459999084472656,-8.638498678377493,46.796688079833984,-1.9610944260544771,2633.080078125,-2.3320118765389863,23.229999542236328,9.627177710070956,-2.3320118765389863,23.229999542236328,2018-12-07,2018,4,12
2018-12-10,100.21994018554688,2.6426439426005643,40.240478515625,0.6587648976412952,3.760326385498047,2.8791776528942936,19.543243408203125,4.67707223822631,41.80442428588867,1.4565074797793232,134.93556213378906,0.9709641327415808,244.08999633789065,2.558821990710358,19.989999771118164,2.72353911397869,47.8414306640625,2.2325139386920156,2637.719970703125,0.1762153994735005,22.63999938964844,-2.539819906217222,0.1762153994735005,22.63999938964844,2018-12-10,2018,4,12
2018-12-11,101.15142059326172,0.9294362040032089,40.01033401489258,-0.5719228727438241,3.669450521469116,-2.416701496428597,20.163236618041992,3.172417171955355,41.61632537841797,-0.44994976173896584,134.46371459960938,-0.349683602097306,245.33999633789065,0.5121061980228214,19.979999542236328,-0.05002615806071198,47.93336486816406,0.19216441236282744,2636.780029296875,-0.035634616892232795,21.76000022888184,-3.886922192979203,-0.035634616892232795,21.76000022888184,2018-12-11,2018,4,12
2018-12-12,101.60787200927734,0.45125556649476817,40.12184524536133,0.27870607235431777,3.687031745910645,0.47912417237037097,20.828161239624023,3.2977077746886074,42.38666915893555,1.8510615089458948,137.7075653076172,2.4124357397584673,245.5500030517578,0.08559823795624144,20.479999542236328,2.5025025598375716,48.24262237548828,0.6451821360232035,2651.070068359375,0.5419503676349802,21.459999084472656,-1.378681715319996,0.5419503676349802,21.459999084472656,2018-12-12,2018,4,12
2018-12-13,101.9525146484375,0.3391889155287986,40.560791015625,1.094031861145317,3.6867847442626953,-0.006699200467252808,21.09935188293457,1.3020383325755391,42.30604553222656,-0.19020986623571323,138.73974609375,0.7495454471416085,248.0800018310547,1.0303395430068862,19.86000061035156,-3.027338602259888,48.55186462402344,0.6410145910564768,2650.5400390625,-0.019993032368359476,20.649999618530277,-3.774461791699013,-0.019993032368359476,20.649999618530277,2018-12-13,2018,4,12
2018-12-14,98.76681518554688,-3.124689443782591,39.262943267822266,-3.1997594605656765,3.626365184783936,-1.6388144052289166,20.815906524658203,-1.3433841942112945,41.74172592163086,-1.333898272685008,134.70945739746094,-2.9049272539144577,230.0,-7.287972306355983,19.899999618530277,0.20140486882900266,48.1590461730957,-0.8090697524588353,2599.949951171875,-1.9086709555430348,21.6299991607666,4.745760582760128,-1.9086709555430348,21.6299991607666,2018-12-14,2018,4,12
2018-12-17,95.84187316894533,-2.961462320220254,38.89754104614258,-0.9306541773681842,3.5552988052368164,-1.9597138160632799,20.758731842041016,-0.2746682329182182,40.96243667602539,-1.8669310585493482,128.60508728027344,-4.531508206715229,221.3800048828125,-3.7478239639945676,18.82999992370605,-5.376882991635212,47.64083480834961,-1.076041587043719,2545.93994140625,-2.0773480559224233,24.520000457763672,13.361079099064765,-2.0773480559224233,24.520000457763672,2018-12-17,2018,4,12
2018-12-18,96.847900390625,1.0496739978216985,39.40293884277344,1.2993052595055454,3.638498783111572,2.3401683636887327,20.609315872192383,-0.7197740737997949,41.06992721557617,0.26241246437785914,130.0697479248047,1.138882353338988,226.17999267578125,2.1682119826086588,19.5,3.5581523048784147,48.29277420043945,1.3684466166734355,2546.159912109375,0.008640058610476231,25.57999992370605,4.322999372566305,0.008640058610476231,25.57999992370605,2018-12-18,2018,4,12
2018-12-19,96.58708953857422,-0.2692994386030323,38.17388916015625,-3.1191827785266746,3.4297566413879395,-5.737040306088003,20.13219451904297,-2.3150761340563597,41.60737228393555,1.3086097414741538,128.929443359375,-0.8766869957254841,224.6499938964844,-0.6764518652584983,18.15999984741211,-6.871795654296875,47.38174819946289,-1.8864644163852362,2506.9599609375,-1.539571453679811,25.57999992370605,0.0,-1.539571453679811,25.57999992370605,2018-12-19,2018,4,12
2018-12-20,94.5564422607422,-2.1024003182340767,37.21058654785156,-2.523459447014187,3.345318555831909,-2.461926439243234,19.967103958129883,-0.8200326137169367,41.41926193237305,-0.45210822322256927,125.55777740478516,-2.615124882833586,218.6499938964844,-2.6708213501063893,17.940000534057617,-1.2114499735848994,47.114288330078125,-0.5644786854609896,2467.419921875,-1.5772106327423652,28.3799991607666,10.94604865289963,-1.5772106327423652,28.3799991607666,2018-12-20,2018,4,12
2018-12-21,91.5011215209961,-3.231213724519133,35.76325988769531,-3.8895561570765236,3.208385944366455,-4.093260751707451,20.216398239135746,1.2485249815327393,39.41278839111328,-4.844300568503169,120.81975555419922,-3.7735789439080736,208.8000030517578,-4.5049124718429585,16.93000030517578,-5.629878477229888,45.8438606262207,-2.6964807256705803,2416.6201171875,-2.0588228309714296,30.11000061035156,6.095847430385293,-2.0588228309714296,30.11000061035156,2018-12-21,2018,4,12
2018-12-24,87.68194580078125,-4.173911375871486,34.83791732788086,-2.5874111105090414,3.1467299461364746,-1.9217138866426287,19.2993106842041,-4.536354814955656,38.2393684387207,-2.977256875986878,119.2666244506836,-1.2854943269760999,205.16000366210935,-1.7432947013636624,16.649999618530273,-1.6538728978044204,44.840911865234375,-2.1877493459019126,2351.10009765625,-2.7112254452099527,36.06999969482422,19.794084900893893,-2.7112254452099527,36.06999969482422,2018-12-24,2018,4,12
2018-12-26,93.67150115966795,6.831001871805342,37.29125213623047,7.042139704448402,3.295795202255249,4.737148044807449,20.483022689819336,6.1334418880777175,39.94128036499024,4.450680007952745,128.61488342285156,7.838118178680786,222.9499969482422,8.671277524167076,17.899999618530273,7.507507679512737,46.771602630615234,4.305645637143574,2467.699951171875,4.959374278953943,30.40999984741211,-15.691710272524006,4.959374278953943,30.40999984741211,2018-12-26,2018,4,12
2018-12-27,94.2490234375,0.6165400048917968,37.04924774169922,-0.6489575454510677,3.2480053901672363,-1.45002371674402,20.706716537475582,1.0920939308797895,40.28166580200195,0.8522146358384441,132.90077209472656,3.3323426945730095,225.13999938964844,0.982284131591471,17.489999771118164,-2.2905019896630185,46.88026428222656,0.23232398613641791,2488.830078125,0.8562680784222065,29.959999084472656,-1.4797789056146593,0.8562680784222065,29.959999084472656,2018-12-27,2018,4,12
2018-12-28,93.51314544677734,-0.7807804939333307,37.06821441650391,0.05119314415484855,3.309415102005005,1.8906899607887162,20.932899475097656,1.0923167717717286,40.14729690551758,-0.33357333617940466,132.3896026611328,-0.38462487880011054,223.1300048828125,-0.8927753896619928,17.81999969482422,1.8867920413069061,47.48204040527344,1.283644903160286,2485.739990234375,-0.12415825080966947,28.34000015258789,-5.4072062129146055,-0.12415825080966947,28.34000015258789,2018-12-28,2018,4,12
2018-12-31,94.61231994628906,1.1754224438288219,37.42649841308594,0.9665531567188301,3.305699825286865,-0.11226384734538408,20.989856719970703,0.27209438874344904,40.442901611328125,0.7363003952824521,134.64065551757812,1.700324505246198,226.2400054931641,1.3938065442991254,18.459999084472656,3.591466894549522,47.56562423706055,0.17603251897706507,2506.85009765625,0.849248413140935,25.420000076293945,-10.30345822361367,0.849248413140935,25.420000076293945,2018-12-31,2018,4,12
2019-01-02,94.19314575195312,-0.4430439868443159,37.46920776367188,0.11411527232536578,3.373051881790161,2.037452281301788,20.926292419433597,-0.3028334179938863,40.5056037902832,0.15503877431364277,133.24481201171875,-1.036717699043832,224.57000732421875,-0.7381533452958666,18.82999992370605,2.004338340106493,47.97517013549805,0.8610123487424071,2510.030029296875,0.12684969251244294,23.21999931335449,-8.654605650419022,0.12684969251244294,23.21999931335449,2019-01-02,2019,1,1
2019-01-03,90.72796630859376,-3.6788021205752197,33.73699188232422,-9.960754721284015,3.1692628860473637,-6.04167984616476,19.064876556396484,-8.895105858830842,40.11147689819336,-0.9730181881263289,128.182373046875,-3.7993516508533998,215.6999969482422,-3.949775164397018,17.049999237060547,-9.453004215919147,46.55429458618164,-2.961689443316984,2447.889892578125,-2.475673039503723,25.450000762939453,9.603796363173988,-2.475673039503723,25.450000762939453,2019-01-03,2019,1,1
2019-01-04,94.94763946533205,4.650906802414023,35.17720413208008,4.268940914410413,3.37230920791626,6.406736492665388,19.252260208129883,0.9828736691742668,41.84025955200195,4.3099451515993925,135.61383056640625,5.7975658765606175,226.19000244140625,4.8632385913668585,19.0,11.436955133117287,47.30652618408203,1.6158156934541257,2531.93994140625,3.4335714642623527,21.3799991607666,-15.992147269793522,3.4335714642623527,21.3799991607666,2019-01-04,2019,1,1
2019-01-07,95.06873321533205,0.12753739922539697,35.098907470703125,-0.22257784070323083,3.55084228515625,5.2940897833714695,19.64435195922852,2.036601141163996,42.50312042236328,1.58426567487584,139.8013916015625,3.087856907858466,229.25999450683597,1.3572624927244537,20.56999969482422,8.263156288548522,47.17279052734375,-0.2827002266407863,2549.68994140625,0.7010434848680358,21.399999618530277,0.09354751425985075,0.7010434848680358,21.399999618530277,2019-01-07,2019,1,1
2019-01-08,95.758056640625,0.7250790054513789,35.76800537109375,1.906321160990898,3.462441682815552,-2.4895671291919386,19.4866886138916,-0.8025886812868421,42.88828659057617,0.9062068017251512,143.24183654785156,2.460951859545446,232.67999267578125,1.4917553218572133,20.75,0.8750622646876982,46.76324844360352,-0.8681743843473422,2574.409912109375,0.9695285023358924,20.46999931335449,-4.3457958960452565,0.9695285023358924,20.46999931335449,2019-01-08,2019,1,1
2019-01-09,97.12734985351562,1.4299509210274675,36.37540817260742,1.6981735358509775,3.530537843704224,1.9667092510652129,20.32948303222656,4.3249750382635455,42.79870223999024,-0.20887836215311983,143.5072479248047,0.18528900728276287,235.42999267578125,1.1818807317188984,20.190000534057617,-2.698792606951239,47.314884185791016,1.17963520616573,2584.9599609375,0.4098045450532162,19.979999542236328,-2.393745908914069,0.4098045450532162,19.979999542236328,2019-01-09,2019,1,1
2019-01-10,96.50322723388672,-0.6425817450699367,36.49165725708008,0.31958152585129795,3.596156358718872,1.858598262348643,20.596933364868164,1.3155786215401477,42.83454132080078,0.08373870920097559,144.53939819335938,0.7192321527171419,237.7700042724609,0.9939309643959282,19.739999771118164,-2.22882987140276,47.47367858886719,0.33561194496987135,2596.639892578125,0.4518418782931244,19.5,-2.4024001663345507,0.4518418782931244,19.5,2019-01-10,2019,1,1
2019-01-11,95.758056640625,-0.7721716823580582,36.13339614868164,-0.9817616828814435,3.6852986812591553,2.478822210390219,20.683609008789062,0.4208181984447279,43.25554656982422,0.9828639131919337,145.04067993164062,0.34681321808927024,237.5500030517578,-0.09252690278417353,20.270000457763672,2.6849072583119193,48.05874252319336,1.2323964599266768,2596.260009765625,-0.014629784190933748,18.190000534057617,-6.717945979191708,-0.014629784190933748,18.190000534057617,2019-01-11,2019,1,1
2019-01-14,95.05941772460938,-0.7295876091529152,35.590049743652344,-1.503723599059259,3.725164413452149,1.0817503719772414,20.708375930786133,0.1197417819421398,43.157005310058594,-0.2278118474507207,143.56622314453125,-1.0165815465042694,234.55999755859372,-1.258684678910582,20.229999542236328,-0.19734047668471533,47.89157485961914,-0.34784027795471406,2582.610107421875,-0.5257525167898014,19.06999969482422,4.837818223913493,-0.5257525167898014,19.06999969482422,2019-01-14,2019,1,1
2019-01-15,97.81668090820312,2.900568138952453,36.31846618652344,2.046685655450675,3.711050033569336,-0.3788928035456274,21.17228507995605,2.2402005387599955,43.50773239135742,0.812677058519351,146.65283203125,2.149954786796471,242.3600006103516,3.3253765062004614,20.3799991607666,0.7414711909266458,46.579368591308594,-2.739952219481012,2610.300048828125,1.0721688622945758,18.600000381469727,-2.4646005289767015,1.0721688622945758,18.600000381469727,2019-01-15,2019,1,1
2019-01-16,98.16133880615234,0.3523508411338083,36.762149810791016,1.2216474726353344,3.685546398162842,-0.6872350190860743,20.77688980102539,-1.8675134849047703,43.2199592590332,-0.6614298574231903,146.01388549804688,-0.4356864605703392,241.9499969482422,-0.16917134059946104,19.729999542236328,-3.1893996334483865,46.19490814208984,-0.8253878505568579,2616.10009765625,0.22219854881162515,19.040000915527344,2.3655942206107117,0.22219854881162515,19.040000915527344,2019-01-16,2019,1,1
2019-01-17,98.85063934326172,0.7022118335922478,36.98043441772461,0.5937754131819517,3.756859302520752,1.9349343802443464,21.076526641845703,1.4421640759991083,43.68759536743164,1.081991090263923,147.27210998535156,0.8617156395865688,244.3999938964844,1.0126046617666695,20.25,2.63558271580544,45.7769889831543,-0.9046866326697156,2635.9599609375,0.7591400382211066,18.059999465942383,-5.147066189402116,0.7591400382211066,18.059999465942383,2019-01-17,2019,1,1
2019-01-18,100.33172607421876,1.4983076900635162,37.20821762084961,0.6159559959518113,3.885869026184082,3.433978045884434,21.52970695495605,2.1501660155454516,44.3080940246582,1.420308561292738,149.91636657714844,1.7954903966948654,247.50999450683597,1.2725043731665497,20.770000457763672,2.5679034951292534,46.19490814208984,0.9129459324844102,2670.7099609375,1.318305304897005,17.799999237060547,-1.439646935605643,1.318305304897005,17.799999237060547,2019-01-18,2019,1,1
2019-01-22,98.44076538085938,-1.8847086234324184,36.3730354309082,-2.244617569301177,3.6838128566741934,-5.199767880707695,21.32086753845215,-0.9700058479236717,44.01133346557617,-0.6697660226975266,146.41693115234375,-2.3342584300186098,243.8500061035156,-1.478723479677213,19.76000022888184,-4.862783854702812,45.37581253051758,-1.7731296467844881,2632.89990234375,-1.4157306164566674,20.799999237060547,16.85393330665903,-1.4157306164566674,20.799999237060547,2019-01-22,2019,1,1
2019-01-23,99.40019989013672,0.9746312978829108,36.52012634277344,0.40439548177011453,3.696689367294312,0.3495430175501246,21.257307052612305,-0.29811397554632135,44.28110885620117,0.6129680002447735,147.2032928466797,0.5370701927345678,245.13999938964844,0.5290109714351399,19.799999237060547,0.2024241281143535,43.26958847045898,-4.641732990769166,2638.699951171875,0.22029127742235755,19.520000457763672,-6.153840510802655,0.22029127742235755,19.520000457763672,2019-01-23,2019,1,1
2019-01-24,98.92515563964844,-0.4779107597503107,36.23066711425781,-0.7926019362550885,3.9084019660949703,5.7270865297404105,21.75505828857422,2.341553587808498,44.24515914916992,-0.08118520055130363,144.3722686767578,-1.9232070935196743,242.55999755859372,-1.052460568441882,20.850000381469727,5.303036287212803,42.46721267700195,-1.8543642817514305,2642.330078125,0.1375725554363605,18.88999938964844,-3.22746441260795,0.1375725554363605,18.88999938964844,2019-01-24,2019,1,1
2019-01-25,99.82870483398438,0.9133664622447135,37.43124008178711,3.313692689519465,3.965602159500122,1.4635186938640965,22.117433547973636,1.665705761816949,44.78472900390625,1.2195003139602312,147.1934356689453,1.9540920275374685,244.9499969482422,0.9853229772857075,21.93000030517578,5.179855654419541,42.87675476074219,0.9643724132665232,2664.760009765625,0.8488694060713842,17.420000076293945,-7.781891799107433,0.8488694060713842,17.420000076293945,2019-01-25,2019,1,1
2019-01-28,97.88186645507812,-1.9501789411611181,37.08483123779297,-0.9254538274372948,3.4173762798309326,-13.8245304904286,22.09103012084961,-0.11937834951218917,44.53291702270508,-0.5622719770822071,144.824462890625,-1.6094282788862935,241.8500061035156,-1.26556067905631,20.18000030517578,-7.9799360494626885,42.32513046264648,-1.28653462971684,2643.85009765625,-0.7846827493937836,18.8700008392334,8.323770129672337,-0.7846827493937836,18.8700008392334,2019-01-28,2019,1,1
2019-01-29,95.88848114013672,-2.0365215612804577,36.70045471191406,-1.0364791022351771,3.258652925491333,-4.644596946387535,21.98370933532715,-0.48581159382500294,44.61385726928711,0.18175374979538805,142.7110137939453,-1.4593177523301581,238.2700042724609,-1.4802570769927526,19.25,-4.6085247329617385,41.28873825073242,-2.448645049845055,2640.0,-0.14562465775435074,19.1299991607666,1.3778394804977,-0.14562465775435074,19.1299991607666,2019-01-29,2019,1,1
2019-01-30,99.0928192138672,3.34173410156271,39.2083625793457,6.833451757254383,3.4020233154296875,4.399682728308285,22.355173110961918,1.6897229214991372,45.288330078125,1.511801153544745,146.62335205078125,2.741441009230594,242.6699981689453,1.84664196818205,23.09000015258789,19.948052740716314,41.93229675292969,1.5586780547498291,2681.050048828125,1.554926091974429,17.65999984741211,-7.684262299233602,1.554926091974429,17.65999984741211,2019-01-30,2019,1,1
2019-01-31,97.27638244628906,-1.8330659900368862,39.49072265625,0.7201526876642328,3.5595083236694336,4.629157229037251,22.143030166625977,-0.9489657865002887,45.171424865722656,-0.2581354008873271,149.3855438232422,1.8838689293532829,247.82000732421875,2.1222273845685757,24.40999984741211,5.716759142923933,41.38903045654297,-1.295579633015842,2704.10009765625,0.8597395948725328,16.56999969482422,-6.17214134771139,0.8597395948725328,16.56999969482422,2019-01-31,2019,1,1
2019-02-01,95.73942565917967,-1.579989662915371,39.50968933105469,0.04802817859217434,3.58377456665039,0.6817301934538333,22.02416229248047,-0.5368184627443928,45.6930046081543,1.1546674562117554,153.21923828125,2.566308867572875,247.3800048828125,-0.1775492003882495,24.51000022888184,0.40966973410421215,41.4642448425293,0.18172541167713607,2706.530029296875,0.08986100931438479,16.139999389648438,-2.595053187056462,0.08986100931438479,16.139999389648438,2019-02-01,2019,1,2
2019-02-04,98.49667358398438,2.879950350464977,40.63198852539063,2.8405669934079114,3.693964719772339,3.074695438361208,22.462478637695312,1.990161257413603,45.89086532592773,0.4330219023025661,155.03778076171875,1.186889127545876,254.7400054931641,2.9751800731987688,24.1299991607666,-1.5503919402965027,41.53111267089844,0.16126623943855112,2724.8701171875,0.6776236617404008,15.729999542236328,-2.540271765283131,0.6776236617404008,15.729999542236328,2019-02-04,2019,1,2
2019-02-05,99.87527465820312,1.3996422661352703,41.32716751098633,1.7109154900486478,3.71303129196167,0.5161546911175208,22.287485122680664,-0.7790481087914469,46.07971954345703,0.4115289964310209,156.28616333007812,0.8052118407693376,254.82000732421875,0.03140528748115656,23.309999465942383,-3.3982582815728857,42.40034484863281,2.0929662651284042,2737.699951171875,0.470842037697472,15.56999969482422,-1.0171637130852784,0.470842037697472,15.56999969482422,2019-02-05,2019,1,2
2019-02-06,98.76681518554688,-1.1098437290407048,41.341400146484375,0.034438932922919996,3.788555383682251,2.034027881318501,22.800092697143555,2.2999794352806635,46.097694396972656,0.039008166051601734,155.44081115722656,-0.5409002018087583,254.3500061035156,-0.18444439494311737,23.26000022888184,-0.21449694640103267,42.70960235595703,0.7293749813315209,2731.610107421875,-0.22244379802809355,15.380000114440918,-1.2202927688332754,-0.22244379802809355,15.380000114440918,2019-02-06,2019,1,2
2019-02-07,98.05885314941406,-0.7168015236725056,40.55842590332031,-1.8939228966357247,3.6503846645355225,-3.6470555437000063,22.21236801147461,-2.577729369243209,45.16242599487305,-2.028883253998559,152.2952117919922,-2.023663761026462,253.7400054931641,-0.2398272442357463,22.670000076293945,-2.5365440532339023,42.24990081787109,-1.076342350965076,2706.050048828125,-0.9357140143940179,16.3700008392334,6.436935743992156,-0.9357140143940179,16.3700008392334,2019-02-07,2019,1,2
2019-02-08,98.43145751953124,0.3799803466489893,40.606075286865234,0.11748331569501058,3.668955802917481,0.5087446964804121,22.622621536254883,1.8469598764451423,45.89086532592773,1.6129322440237681,154.005615234375,1.1230841877805764,257.0,1.2847775030586428,23.049999237060547,1.6762203770963602,42.03258895874024,-0.5143488030128762,2707.8798828125,0.06762010869560964,15.720000267028809,-3.970681361522943,0.06762010869560964,15.720000267028809,2019-02-08,2019,1,2
2019-02-11,98.04022979736328,-0.39746208379605186,40.37255859375,-0.5750782154284373,3.626365184783936,-1.1608375903486734,22.75964736938477,0.6057027162404305,46.07071685791016,0.39191139828174126,157.19052124023438,2.0680453767951246,258.3900146484375,0.5408617309095254,22.959999084472656,-0.3904562063637096,42.48393630981445,1.0738033565271365,2709.800048828125,0.07091030986317026,15.970000267028809,1.5903307617898044,0.07091030986317026,15.970000267028809,2019-02-11,2019,1,2
2019-02-12,99.56787109375,1.5581780046254101,40.7204475402832,0.8616965549145483,3.74324107170105,3.222948626561939,23.06258583068848,1.3310331939114795,46.06172561645508,-0.019516174412514964,160.0215606689453,1.8010242642966023,261.3699951171875,1.1532877819619092,22.81999969482422,-0.6097534635492008,43.177642822265625,1.6328677912336387,2744.72998046875,1.28902247439735,15.43000030517578,-3.3813397171188364,1.28902247439735,15.43000030517578,2019-02-12,2019,1,2
2019-02-13,99.49337005615234,-0.07482437535247799,40.55127334594727,-0.41545268913995015,3.785583972930908,1.1311828551457959,23.221900939941406,0.6907946507929363,46.241580963134766,0.3904659329902138,157.67218017578125,-1.4681649668599972,260.2300109863281,-0.4361572300402128,22.850000381469727,0.13146663911793866,43.1191291809082,-0.13551837833826186,2753.030029296875,0.3023994668760688,15.649999618530272,1.4257894297040163,0.3023994668760688,15.649999618530272,2019-02-13,2019,1,2
2019-02-14,99.57720947265624,0.08426633498952452,40.699012756347656,0.36432742602188206,3.8264408111572266,1.0792743872139132,23.23676109313965,0.06399197566415715,46.2955322265625,0.11667261867787104,156.75799560546875,-0.5798008052487869,260.1400146484375,-0.03458338165898134,23.1299991607666,1.2253775694635927,43.10242462158203,-0.038740483964982975,2745.72998046875,-0.2651641555101225,16.219999313354492,3.6421706627348227,-0.2651641555101225,16.219999313354492,2019-02-14,2019,1,2
2019-02-15,100.80679321289062,1.2348043761680527,40.60846328735352,-0.22248566454480256,3.896021842956543,1.8184269725649571,23.27225685119629,0.15275690925411478,46.511356353759766,0.4661878086659854,156.34515380859375,-0.26336251320414616,259.45001220703125,-0.265242716442049,23.68000030517578,2.37786927957222,43.445106506347656,0.7950408539060261,2775.60009765625,1.087875260858695,14.90999984741211,-8.076445877921923,1.087875260858695,14.90999984741211,2019-02-15,2019,1,2
2019-02-19,100.76020050048828,-0.04621981407934017,40.72998809814453,0.29925981175666916,3.878687858581543,-0.44491496900453953,23.249969482421875,-0.09576797350132615,46.78115463256836,0.5800696861139487,157.87864685058594,0.9808382317174846,257.8099975585937,-0.6321119950955634,23.950000762939453,1.140204621131935,43.470176696777344,0.05770544129297672,2779.760009765625,0.14987433214488366,14.880000114440918,-0.2012054545821984,0.14987433214488366,14.880000114440918,2019-02-19,2019,1,2
2019-02-20,100.23632049560548,-0.5199275133243253,40.99210357666016,0.6435442060135799,3.925982713699341,1.2193519262747143,23.39525032043457,0.6248646395967672,46.55632781982422,-0.4805926970165464,155.8438262939453,-1.288851024018689,258.1000061035156,0.11248925474893756,23.950000762939453,0.0,43.83793640136719,0.8460046232503737,2784.699951171875,0.17771107537685182,14.020000457763672,-5.779567540746344,0.17771107537685182,14.020000457763672,2019-02-20,2019,1,2
2019-02-21,102.35053253173828,2.109227499253108,40.76095962524414,-0.5638743349283271,3.8571457862854,-1.7533680719922895,23.19053840637207,-0.8750148481364795,46.86209487915039,0.6567679919032843,156.91529846191406,0.6875294283058775,257.760009765625,-0.13173046487812146,23.920000076293945,-0.12526382333953867,43.75436019897461,-0.19064812181709412,2774.8798828125,-0.3526436790880272,14.460000038146973,3.138370656326539,-0.3526436790880272,14.460000038146973,2019-02-21,2019,1,2
2019-02-22,103.8098373413086,1.4257911253346744,41.21608352661133,1.1165681709939923,3.9418303966522217,2.1955252681381543,22.82402801513672,-1.5804307119262284,47.19482803344727,0.7100262059452245,158.5666961669922,1.0524134493355097,258.8999938964844,0.4422657075067393,24.36000061035156,1.8394671097584192,44.39791488647461,1.4708355568985754,2792.669921875,0.6411102394986878,13.510000228881836,-6.56984651977136,0.6411102394986878,13.510000228881836,2019-02-22,2019,1,2
2019-02-25,104.3898468017578,0.5587230221180572,41.51633071899414,0.7284709431184977,3.929449796676636,-0.3140825131923597,22.99738121032715,0.7595206029166413,47.26676177978516,0.15241870631865773,158.61585998535156,0.03100513509317615,258.6199951171875,-0.10814939586627492,24.709999084472656,1.4367753093255997,44.28927230834961,-0.24470198297104062,2796.110107421875,0.12318625699112573,14.850000381469728,9.918579791902783,0.12318625699112573,14.850000381469728,2019-02-25,2019,1,2
2019-02-26,105.11019897460938,0.6900596130000602,41.5401496887207,0.05737253103552664,3.890078067779541,-1.001965438784691,22.700210571289062,-1.2921933863697443,47.30274200439453,0.0761216196214054,160.22799682617188,1.0163780853750692,261.2200012207031,1.0053383932427495,24.209999084472656,-2.0234723534012233,44.32269287109375,0.07545972422273728,2793.89990234375,-0.07904570968998437,15.170000076293944,2.1548800444713745,-0.07904570968998437,15.170000076293944,2019-02-26,2019,1,2
2019-02-27,104.93243408203124,-0.16912240135810164,41.6688232421875,0.3097570770230984,3.848231315612793,-1.07573039506208,22.410476684570312,-1.2763488946891166,47.10489654541016,-0.41825367959850146,160.34591674804688,0.07359507964324052,262.8999938964844,0.6431332470448359,23.479999542236328,-3.0152811641555255,44.33105850219727,0.018874374641120184,2792.3798828125,-0.05440493877303387,14.699999809265137,-3.0982219160517577,-0.05440493877303387,14.699999809265137,2019-02-27,2019,1,2
2019-02-28,104.8014678955078,-0.12481001481491338,41.258975982666016,-0.9835825147721855,3.8236913681030273,-0.637694189801008,22.72993278503418,1.4254765972194328,46.88007736206055,-0.47727348924944124,160.8668975830078,0.32491057179806493,262.5,-0.1521467880451377,23.530000686645508,0.21295206722315996,44.62358856201172,0.6598760997325259,2784.489990234375,-0.28255083152146643,14.779999732971191,0.5442171751297131,-0.28255083152146643,14.779999732971191,2019-02-28,2019,1,2
2019-03-01,105.26920318603516,0.44630604887492265,41.692649841308594,1.0511018470860112,3.8779759407043457,1.4196902253711396,22.514484405517575,-0.9478619297038193,47.2218017578125,0.7289330883837319,161.73196411132812,0.5377529754833077,264.010009765625,0.5752418154761907,23.68000030517578,0.6374824230897858,45.30057907104492,1.5171135510368305,2803.68994140625,0.689532059343434,13.56999969482422,-8.186739242272822,0.689532059343434,13.56999969482422,2019-03-01,2019,1,3
2019-03-04,105.0166244506836,-0.23993601899426897,41.90235137939453,0.5029700412041649,3.886155605316162,0.2109261309736432,22.69112968444824,0.784585050890052,46.79913711547852,-0.8950625063010254,155.80450439453125,-3.6649896323009523,258.1600036621094,-2.2158273880255375,23.3700008392334,-1.3091193494394693,44.94955062866211,-0.7748873183989424,2792.81005859375,-0.3880558492514008,14.630000114440918,7.811351830914148,-0.3880558492514008,14.630000114440918,2019-03-04,2019,1,3
2019-03-05,104.49276733398438,-0.4988325605011501,41.82610702514648,-0.1819572213447307,3.879711151123047,-0.16583108983848627,22.86612892150879,0.7712231144687776,47.086910247802734,0.6149111929438345,154.300537109375,-0.9652912738311259,257.3800048828125,-0.3021377317292573,23.5,0.5562651095346149,45.083274841308594,0.2974984416445281,2789.64990234375,-0.1131532823106185,14.739999771118164,0.7518773466629547,-0.1131532823106185,14.739999771118164,2019-03-05,2019,1,3
2019-03-06,104.53953552246094,0.0447573450965022,41.58542251586914,-0.5754408583438897,3.768911600112915,-2.855871138191801,22.3989200592041,-2.043235494335083,47.07790756225586,-0.019119295573855055,154.12356567382812,-0.1146926892557909,256.3999938964844,-0.380764227110153,22.40999984741211,-4.638298521650597,46.33465194702149,2.7757014327767893,2771.449951171875,-0.6524098653592381,15.739999771118164,6.784260620949389,-0.6524098653592381,15.739999771118164,2019-03-06,2019,1,3
2019-03-07,103.2672882080078,-1.2170011164625794,41.104095458984375,-1.1574417855225394,3.69975471496582,-1.8349298812161963,21.91685104370117,-2.1521975801902182,47.28475570678711,0.4393741252363803,152.95382690429688,-0.7589616580807479,255.4600067138672,-0.36660967433435054,22.07999992370605,-1.47255656382419,45.68360137939453,-1.4051051216945831,2748.929931640625,-0.8125717558683521,16.59000015258789,5.400256631702249,-0.8125717558683521,16.59000015258789,2019-03-07,2019,1,3
2019-03-08,103.37952423095705,0.10868497168547986,41.20179748535156,0.23769414039211956,3.733962059020996,0.9245841059896343,21.807886123657227,-0.4971741598584156,47.45562362670898,0.36135942201207527,152.42300415039062,-0.3470477101814473,254.7400054931641,-0.28184498621326437,22.01000022888184,-0.3170276044659581,45.260841369628906,-0.9254086740112188,2743.070068359375,-0.21316888487414865,16.049999237060547,-3.254978363837502,-0.21316888487414865,16.049999237060547,2019-03-08,2019,1,3
2019-03-11,105.54984283447266,2.0993698894057333,42.62911605834961,3.464214330710935,3.994228601455689,6.970251393045279,22.209888458251957,1.8433805657057212,47.356693267822266,-0.2084691999096,154.9689483642578,1.6703149423266783,260.9599914550781,2.441699704713618,22.959999084472656,4.31621465566463,45.95417785644531,1.5318683122882648,2783.300048828125,1.4666041867757107,14.329999923706056,-10.716507134672593,1.4666041867757107,14.329999923706056,2019-03-11,2019,1,3
2019-03-12,106.2888641357422,0.7001633365087079,43.10806274414063,1.1235200963009673,4.028435230255127,0.8564013784031266,22.25694274902344,0.21186189592952154,47.48259735107422,0.26586333327776046,155.58822631835938,0.3996142199054864,263.510009765625,0.977168299373532,23.489999771118164,2.308365452000105,46.36847686767578,0.9015480867151648,2791.52001953125,0.29533182046204143,13.770000457763672,-3.90788184873595,0.29533182046204143,13.770000457763672,2019-03-12,2019,1,3
2019-03-13,107.1120834350586,0.7745113338167409,43.29869079589844,0.44220973902084904,4.179637908935547,3.7533848762126842,22.38736343383789,0.5859775364708275,47.71641540527344,0.49242894711598595,157.0922393798828,0.9666625149681751,264.3800048828125,0.33015638303883765,23.3799991607666,-0.46828697923961826,46.83351135253906,1.0029108486577565,2810.919921875,0.6949583813841809,13.40999984741211,-2.6143834305291547,0.6949583813841809,13.40999984741211,2019-03-13,2019,1,3
2019-03-14,107.1962661743164,0.07859313025952996,43.78003692626953,1.1116874933703391,4.10378885269165,-1.8147279237213487,22.13890647888184,-1.1098089138112388,47.70742416381836,-0.018843078170716066,157.93760681152344,0.5381344329787874,267.69000244140625,1.251984831478059,22.81999969482422,-2.3952073825652787,46.84196853637695,0.018057975141405613,2808.47998046875,-0.08680223820187738,13.5,0.6711420851004624,-0.08680223820187738,13.5,2019-03-14,2019,1,3
2019-03-15,108.43111419677734,1.151950591686557,44.34953308105469,1.300812413073693,4.209134101867676,2.567024107659188,23.962345123291016,8.236353706758482,47.60850524902344,-0.20734490811168405,158.7633056640625,0.522800661101841,257.0899963378906,-3.95980649514015,23.290000915527344,2.059602221685064,47.85660171508789,2.1660771534889323,2822.47998046875,0.498490290027398,12.880000114440918,-4.592591744882091,0.498490290027398,12.880000114440918,2019-03-15,2019,1,3
2019-03-18,109.98399353027344,1.4321344431432959,44.8022575378418,1.0208099732632814,4.1878180503845215,-0.5064236721204929,24.255386352539062,1.2229238321219915,48.076133728027344,0.9822372631904885,159.19581604003906,0.2724246476019765,257.760009765625,0.2606143518916859,23.25,-0.17175145536673098,48.051063537597656,0.4063427312860357,2832.93994140625,0.37059469012648005,13.100000381469728,1.7080765921899888,0.37059469012648005,13.100000381469728,2019-03-18,2019,1,3
2019-03-19,110.0588607788086,0.0680710402778173,44.447227478027344,-0.7924378799764265,4.355379581451416,4.00116550076739,24.7069091796875,1.8615363226369475,48.59772872924805,1.084935415504562,161.1421661376953,1.2226138513381057,260.4200134277344,1.0319691035580059,26.0,11.827956989247301,48.16943740844727,0.24635015780034575,2832.570068359375,-0.01305615560248663,13.5600004196167,3.511450570624808,-0.01305615560248663,13.5600004196167,2019-03-19,2019,1,3
2019-03-20,109.9372329711914,-0.1105115996626882,44.83562850952149,0.8738476020493158,4.322908401489258,-0.7455419063919444,24.23802757263184,-1.8977752483954835,47.33870697021485,-2.5907008248216012,160.7292938232422,-0.25621618745048647,259.739990234375,-0.26112555037867136,25.700000762939453,-1.153843219463646,48.33008575439453,0.3335067930834601,2824.22998046875,-0.29443536044478913,13.90999984741211,2.5811166442818223,-0.29443536044478913,13.90999984741211,2019-03-20,2019,1,3
2019-03-21,112.4630355834961,2.297495165233565,46.486934661865234,3.683022201847952,4.559378623962402,5.470165002609817,24.71857070922852,1.982600008010893,48.59772872924805,2.65960318651155,164.11080932617188,2.1038576245151708,264.17999267578125,1.7094027136136614,27.88999938964844,8.521395181696123,48.84585189819336,1.0671740712811184,2854.8798828125,1.0852481049954399,13.630000114440918,-2.0129384330890843,1.0852481049954399,13.630000114440918,2019-03-21,2019,1,3
2019-03-22,109.49757385253906,-2.6368323739184296,45.52427291870117,-2.0708221571635765,4.399748802185059,-3.5011310738351176,24.372936248779297,-1.398278502891681,47.45562362670898,-2.3501203294953643,158.7534942626953,-3.26444984670623,259.69000244140625,-1.6995951089624706,26.3700008392334,-5.449976994188099,48.0426139831543,-1.6444342432868297,2800.7099609375,-1.8974501239482744,16.479999542236328,20.909753513324247,-1.8974501239482744,16.479999542236328,2019-03-22,2019,1,3
2019-03-25,110.06819915771484,0.5211305466404692,44.97383880615234,-1.2091002826817632,4.307539939880371,-2.09577561016423,24.332128524780277,-0.16743047937469724,47.42864608764648,-0.056847928655845426,158.14404296875,-0.3838978768787471,262.2699890136719,0.9934870607303248,25.96999931335449,-1.5168809751563872,47.890419006347656,-0.3167916234949386,2798.360107421875,-0.0839020658475631,16.329999923706055,-0.9101918852961188,-0.0839020658475631,16.329999923706055,2019-03-25,2019,1,3
2019-03-26,110.30206298828124,0.21247175147409703,44.50917434692383,-1.033188341407365,4.3841328620910645,1.7781128736979346,24.73772430419922,1.6669145036196653,47.91426467895508,1.0238930084809805,156.6891632080078,-0.9199712701348339,265.5899963378906,1.265873894571179,25.690000534057617,-1.078162443973918,49.04032897949219,2.4011274008525874,2818.4599609375,0.7182725862306283,14.68000030517578,-10.104100589339204,0.7182725862306283,14.68000030517578,2019-03-26,2019,1,3
2019-03-27,109.23563385009766,-0.9668261039658677,44.90949249267578,0.8994059126590459,4.3749613761901855,-0.20919726179339238,24.649444580078125,-0.35686275356423547,47.49159622192383,-0.8821349129811362,152.48199462890625,-2.6850411942761276,262.3399963378906,-1.223690667876387,24.88999938964844,-3.114056550324329,48.11870956420898,-1.8793092021642366,2805.3701171875,-0.46443248906916645,15.149999618530272,3.2016301334052644,-0.46443248906916645,15.149999618530272,2019-03-27,2019,1,3
2019-03-28,109.3852767944336,0.13699096078967354,44.96907424926758,0.13267074127261136,4.393552780151367,0.42495012784253827,24.907625198364254,1.0474094758905483,47.83333206176758,0.7195711810713767,152.54095458984375,0.03866683478332966,263.5299987792969,0.45361075627734504,25.059999465942383,0.6830055462542228,47.81431579589844,-0.6325892175149894,2815.43994140625,0.3589481529391092,14.43000030517578,-4.7524708348761,0.3589481529391092,14.43000030517578,2019-03-28,2019,1,3
2019-03-29,110.33014678955078,0.8637999763833504,45.26215744018555,0.651743883570699,4.450809955596924,1.3032090044354572,25.044208526611328,0.5483594969786454,48.30095672607422,0.9776125646082878,155.67672729492188,2.055692330961012,266.489990234375,1.1232085412625326,25.520000457763672,1.8355985699299415,48.22016525268555,0.8488032298099357,2834.39990234375,0.6734280017363758,13.710000038146973,-4.989606734592766,0.6734280017363758,13.710000038146973,2019-03-29,2019,1,3
2019-04-01,111.3404312133789,0.9156920870913021,45.56954574584961,0.6791287093866005,4.518231391906738,1.51481274155576,25.46729278564453,1.6893496897042892,49.08333969116211,1.6198084222740494,158.4389190673828,1.7743125902358603,272.1700134277344,2.131420841872478,26.36000061035156,3.2915365890298975,48.87968826293945,1.3677327873055756,2867.18994140625,1.1568600124275408,13.399999618530272,-2.2611263220579825,1.1568600124275408,13.399999618530272,2019-04-01,2019,2,4
2019-04-02,111.49948120117188,0.14285016328718925,46.23197937011719,1.4536761633791695,4.536078929901123,0.3950115973775592,25.239089965820312,-0.8960623406067403,48.69664764404297,-0.7878274981943933,157.7803192138672,-0.4156806025895188,271.3500061035156,-0.3012849629874692,26.75,1.4795120660782146,49.116432189941406,0.4843400917952545,2867.239990234375,0.001745570720723677,13.359999656677246,-0.29850718650552555,0.001745570720723677,13.359999656677246,2019-04-02,2019,2,4
2019-04-03,112.22914123535156,0.6544066629899481,46.54889297485352,0.6854856942187793,4.675383567810059,3.0710364625857967,25.334871292114254,0.3794959581492563,48.61571502685547,-0.1661975127714932,159.8544464111328,1.3145664856047068,271.5,0.0552769091986427,29.020000457763672,8.485983019677267,48.76977157592773,-0.7057935573843932,2873.39990234375,0.2148376881724312,13.739999771118164,2.8443123069318066,0.2148376881724312,13.739999771118164,2019-04-03,2019,2,4
2019-04-04,111.6584930419922,-0.5084670408042058,46.62991714477539,0.17406250663283274,4.666460037231445,-0.19086199985925978,25.151649475097656,-0.7232001098566032,48.3998908996582,-0.44393901658762447,155.8241729736328,-2.5212144722796537,267.8900146484375,-1.3296446967080988,29.09000015258789,0.24121190117174507,48.92196273803711,0.3120604366014801,2879.389892578125,0.20846350796801527,13.579999923706056,-1.1644821694133611,0.20846350796801527,13.579999923706056,2019-04-04,2019,2,4
2019-04-05,112.15431213378906,0.44404960006974026,46.94206237792969,0.6694097958294787,4.733138561248779,1.428888782617621,25.341529846191406,0.7549420219208569,48.498802185058594,0.20436262057996757,155.8634796142578,0.025224995502881598,267.45001220703125,-0.16424742145901838,28.979999542236328,-0.37813891294110613,49.03187561035156,0.22466979279429644,2892.739990234375,0.4636432770241061,12.81999969482422,-5.596467107154646,0.4636432770241061,12.81999969482422,2019-04-05,2019,2,4
2019-04-08,112.19174194335938,0.033373491271260214,47.68074417114258,1.5736031946482765,4.7539591789245605,0.4398903054781522,25.35818862915039,0.06573708477781715,48.30995559692383,-0.3893840252263914,155.77500915527344,-0.05676150641787947,268.8099975585937,0.5085007625685645,28.530000686645508,-1.552791106621576,48.83740234375,-0.396626203221373,2895.77001953125,0.10474599539205265,13.18000030517578,2.8081171522718495,0.10474599539205265,13.18000030517578,2019-04-08,2019,2,4
2019-04-09,111.58365631103516,-0.5420056964898667,47.53777694702149,-0.2998426861961834,4.691247940063477,-1.3191370918601453,25.27240753173828,-0.33827770061423124,48.408878326416016,0.2047667572240286,154.300537109375,-0.946539534097357,268.989990234375,0.06695907050187078,27.239999771118164,-4.521559356748195,48.56683349609375,-0.5540197362501109,2878.199951171875,-0.6067494393846573,14.279999732971191,8.345974220982711,-0.6067494393846573,14.279999732971191,2019-04-09,2019,2,4
2019-04-10,112.43494415283205,0.7629144535503896,47.804664611816406,0.5614222665320412,4.76164436340332,1.5005905515812712,25.610538482666016,1.33794515027148,48.75212860107422,0.7090647140049366,157.51490783691406,2.083188294581606,271.5799865722656,0.962859746429201,27.82999992370605,2.165933030636258,47.6283073425293,-1.9324425456725303,2888.2099609375,0.34778715639784963,13.300000190734863,-6.862742020741086,0.34778715639784963,13.300000190734863,2019-04-10,2019,2,4
2019-04-11,112.56591796875,0.11648853201715603,47.40671920776367,-0.8324405312413186,4.747762203216553,-0.29154130647517373,25.768775939941406,0.6178607192601326,48.58953857421875,-0.33350344184127634,157.99659729003906,0.3058056280131449,271.8999938964844,0.11783170338053317,27.790000915527344,-0.14372622453597828,47.26473617553711,-0.7633510138781219,2888.320068359375,0.0038123067008344336,13.020000457763672,-2.1052611199678495,0.0038123067008344336,13.020000457763672,2019-04-11,2019,2,4
2019-04-12,113.14590454101562,0.5152417203461601,47.38764572143555,-0.040233719284676894,4.709839344024658,-0.7987522872607733,26.403396606445312,2.4627505318180365,49.23090362548828,1.3199653054738691,157.9769287109375,-0.012448735883507922,271.8599853515625,-0.01471443391687366,27.850000381469727,0.21590307292453925,48.15252304077149,1.878328193639378,2907.409912109375,0.6609324208602496,12.010000228881836,-7.757297952163933,0.6609324208602496,12.010000228881836,2019-04-12,2019,2,4
2019-04-15,113.23949432373048,0.08271601441918186,47.47344207763672,0.18105216010417813,4.578217506408691,-2.794614168378262,26.350927352905277,-0.19872160511056336,49.34831619262695,0.2384936259384185,157.3674774169922,-0.38578499969478264,272.2200012207031,0.13242694347792572,27.32999992370605,-1.8671470400038581,48.34699630737305,0.40386931840912244,2905.580078125,-0.06293691084816588,12.31999969482422,2.581177852077743,-0.06293691084816588,12.31999969482422,2019-04-15,2019,2,4
2019-04-16,112.97753143310548,-0.23133527060452685,47.47820281982422,0.01002822205247167,4.66522216796875,1.9004047194845386,26.525819778442383,0.6637050119521648,49.31219100952149,-0.07320448982383043,155.99127197265625,-0.8745170647231459,271.42999267578125,-0.2902095883400513,27.93000030517578,2.195391083588283,59.56709671020508,23.207440502608723,2907.06005859375,0.050935800389462216,12.18000030517578,-1.1363587103598416,0.050935800389462216,12.18000030517578,2019-04-16,2019,2,4
2019-04-17,113.91301727294922,0.8280282176263087,48.40275573730469,1.9473207968487616,4.6424174308776855,-0.48882424609144604,26.69488906860352,0.6373763057024862,49.21282958984375,-0.20149463579616222,152.69822692871094,-2.1110444208202517,269.45001220703125,-0.7294626688934325,27.489999771118164,-1.5753688838165858,66.86394500732422,12.249796783983658,2900.449951171875,-0.22738117853239315,12.600000381469728,3.448276402057826,-0.22738117853239315,12.600000381469728,2019-04-17,2019,2,4
2019-04-18,115.4097671508789,1.3139410348014025,48.576698303222656,0.3593650057075237,4.61787748336792,-0.5286027780816327,26.53582000732422,-0.5958783378739896,49.24895858764648,0.07341377869112264,153.33721923828125,0.41846740621855893,270.57000732421875,0.41565970178059075,27.68000030517578,0.6911623704603853,67.54882049560547,1.0242822020241737,2905.030029296875,0.15790922795098083,12.09000015258789,-4.047620741598335,0.15790922795098083,12.09000015258789,2019-04-18,2019,2,4
2019-04-22,115.77459716796876,0.3161171069801183,48.73635482788086,0.32866895082412917,4.671666145324707,1.164791880046967,26.23433303833008,-1.136150942050873,49.33929443359375,0.18342691609714024,156.06007385253906,1.7757297463615762,272.2099914550781,0.6061219227799342,28.18000030517578,1.8063583615875345,69.3075180053711,2.603594699155476,2907.969970703125,0.10120175614714011,12.420000076293944,2.7295278704807524,0.10120175614714011,12.420000076293944,2019-04-22,2019,2,4
2019-04-23,117.34619903564452,1.3574669280823626,49.43928909301758,1.4423201481096104,4.726196765899658,1.1672627897334698,26.28763198852539,0.20316487603262434,49.62835311889648,0.5858589763414024,158.4880828857422,1.5558169192572358,278.489990234375,2.3070419809822607,27.96999931335449,-0.745212879868995,73.32377624511719,5.794837782872042,2933.679931640625,0.8841205788409079,12.279999732971191,-1.1272169280414968,0.8841205788409079,12.279999732971191,2019-04-23,2019,2,4
2019-04-24,116.9439468383789,-0.34279098988406753,49.36303329467773,-0.15424129217630478,4.738591194152832,0.26224951831463894,26.17853546142578,-0.41501085813751004,49.845157623291016,0.4368561331767884,156.84645080566406,-1.035807898100205,275.45001220703125,-1.091593283042358,28.459999084472656,1.7518762357788598,73.41674041748047,0.12678584918008884,2927.25,-0.21917631747336852,13.140000343322754,7.003262451565884,-0.21917631747336852,13.140000343322754,2019-04-24,2019,2,4
2019-04-25,120.81681823730467,3.3117331025933616,48.91506576538086,-0.9074959527358817,4.632997989654541,-2.2283670435336855,25.969491958618164,-0.7985301665008881,49.69158172607422,-0.30810595159004306,160.3164520263672,2.2123555890993796,277.6600036621094,0.8023203329601047,27.65999984741211,-2.8109601644260573,71.9286117553711,-2.026960954200918,2926.169921875,-0.03689736527457965,13.25,0.8371358736922963,-0.03689736527457965,13.25,2019-04-25,2019,2,4
2019-04-26,121.50907135009766,0.5729774404696464,48.681549072265625,-0.4773921683664639,4.414371490478516,-4.718899072786497,25.8520565032959,-0.4522054397883335,50.05291366577149,0.7271492014263581,163.13763427734375,1.7597584123883792,281.9599914550781,1.5486522135905068,27.8799991607666,0.7953699008247606,73.25611877441406,1.8455896570864105,2939.8798828125,0.46852921407636305,12.729999542236328,-3.9245317567069615,0.46852921407636305,12.729999542236328,2019-04-26,2019,2,4
2019-04-29,121.39682006835938,-0.09238098891798385,48.75541305541992,0.15172890871786304,4.445110321044922,0.696335381666624,26.04444122314453,0.7441756899460028,49.754825592041016,-0.595545897129901,162.54786682128906,-0.3615152681765932,286.1400146484375,1.4824880550563302,27.690000534057617,-0.68148720383161,73.7718734741211,0.7040431684556703,2943.030029296875,0.10715221743553549,13.109999656677246,2.9850756331933237,0.10715221743553549,13.109999656677246,2019-04-29,2019,2,4
2019-04-30,122.17328643798828,0.6396101390396147,47.81656646728516,-1.925625339421444,4.486504554748535,0.9312307392605357,26.517492294311523,1.8163225968795604,49.980655670166016,0.45388577979685873,162.5380096435547,-0.00606416923650821,289.25,1.0868753730174818,27.6299991607666,-0.21668967906741665,72.82488250732422,-1.2836748237511908,2945.830078125,0.09514170090862972,13.119999885559082,0.07627939850283205,0.09514170090862972,13.119999885559082,2019-04-30,2019,2,4
2019-05-01,119.62873077392578,-2.0827430760439136,50.16366958618164,4.908556369270678,4.473367691040039,-0.2928084335630965,26.559141159057617,0.15706185292274633,49.57415390014648,-0.8133182019502416,159.39244079589844,-1.935282002378691,283.3500061035156,-2.039755884696415,26.809999465942383,-2.9677876211758325,73.0278091430664,0.27865013818837436,2923.72998046875,-0.7502163081421376,14.800000190734863,12.804880486507653,-0.7502163081421376,14.800000190734863,2019-05-01,2019,2,5
2019-05-02,118.06649780273438,-1.3059011502376539,49.83723068237305,-0.6507476556270819,4.540789604187012,1.5071846940285294,26.30262756347656,-0.9658203706394253,49.321231842041016,-0.5101893591868523,159.077880859375,-0.1973493441425056,279.6400146484375,-1.3093317011338867,28.290000915527344,5.520333752580098,73.67886352539062,0.8915156978744454,2917.52001953125,-0.21239857917741967,14.420000076293944,-2.567568307727508,-0.21239857917741967,14.420000076293944,2019-05-02,2019,2,5
2019-05-03,120.5829620361328,2.131395679749004,50.456764221191406,1.2431138936407349,4.536326885223389,-0.09828068139312585,26.29346466064453,-0.03483645430447657,49.49285507202149,0.34797028292019583,160.5621795654297,0.9330641683408025,285.5799865722656,2.1241494824322027,28.21999931335449,-0.24744291236283855,75.49674987792969,2.467310522389643,2945.639892578125,0.9638279380647763,12.869999885559082,-10.748961043925487,0.9638279380647763,12.869999885559082,2019-05-03,2019,2,5
2019-05-06,119.8813247680664,-0.5818709842740022,49.67757415771485,-1.5442727560981862,4.458000183105469,-1.7266547164636825,25.94866752624512,-1.3113415780290683,49.54705429077149,0.10950917798362436,159.73646545410156,-0.5142643887638854,283.6600036621094,-0.6723100358681511,27.420000076293945,-2.8348662527499124,74.61739349365234,-1.164760583335267,2932.469970703125,-0.4470988428756373,15.4399995803833,19.968917775266746,-0.4470988428756373,15.4399995803833,2019-05-06,2019,2,5
2019-05-07,117.42105865478516,-2.052251356114987,48.338417053222656,-2.6956974594626537,4.290931701660156,-3.7476104662008236,25.59221649169922,-1.3736776047763466,48.77922439575195,-1.5496983746267845,154.23170471191406,-3.44615158883006,277.07000732421875,-2.32320251456406,26.65999984741211,-2.7717003164376197,72.03855895996094,-3.456076945264497,2884.050048828125,-1.6511651392423388,19.31999969482422,25.12953510290572,-1.6511651392423388,19.31999969482422,2019-05-07,2019,2,5
2019-05-08,117.41169738769533,-0.00797239200283073,48.34794235229492,0.01970544269536134,4.311011791229248,0.4679657231860146,25.267410278320312,-1.2691601506429007,48.770206451416016,-0.018487264706745776,154.19239807128906,-0.025485447819184603,276.7699890136719,-0.10828249273325818,27.09000015258789,1.6129043797332265,71.48052978515625,-0.7746256766669068,2879.419921875,-0.16054253132695706,19.399999618530277,0.41407828659278945,-0.16054253132695706,19.399999618530277,2019-05-08,2019,2,5
2019-05-09,117.4023208618164,-0.007986023613948401,47.82848739624024,-1.0744096455431174,4.218554496765137,-2.14467737370182,25.323211669921875,0.22084333529597266,49.00506591796875,0.4815634044664119,153.65174865722656,-0.3506329889314874,275.7900085449219,-0.3540775762004955,27.209999084472656,0.4429639394937457,70.83792114257812,-0.8989981530768798,2870.719970703125,-0.30214249424966866,19.100000381469727,-1.546387850306974,-0.30214249424966866,19.100000381469727,2019-05-09,2019,2,5
2019-05-10,118.92716217041016,1.2988170058311654,47.16588592529297,-1.385369906135392,4.184594631195068,-0.805011896755381,25.314884185791016,-0.03288478665109951,49.36637878417969,0.737296970104584,157.22003173828125,2.322318562748671,278.4800109863281,0.9753806729978276,27.959999084472656,2.7563396737781742,72.57968139648438,2.4587963986133055,2881.39990234375,0.37202972597878414,16.040000915527344,-16.020939292289793,0.37202972597878414,16.040000915527344,2019-05-10,2019,2,5
2019-05-13,115.39105224609376,-2.9733408750219015,44.42464065551758,-5.811923630815086,3.9275505542755127,-6.1426278904857075,24.43374252319336,-3.480725632125281,48.26433563232422,-2.2323759185849723,150.5454864501953,-4.24535297079498,267.70001220703125,-3.871013485354291,26.239999771118164,-6.151642953056024,70.93091583251953,-2.2716627191542216,2811.8701171875,-2.413055719884427,20.549999237060547,28.117194913420175,-2.413055719884427,20.549999237060547,2019-05-13,2019,2,5
2019-05-14,116.68201446533205,1.1187715114037156,45.12788009643555,1.5829941008889792,4.016537189483643,2.265703113897777,25.151649475097656,2.938178427733029,48.89665603637695,1.3101193578416215,155.3818359375,3.21255030711578,271.8599853515625,1.5539682311684233,27.31999969482422,4.1158534036833005,72.82488250732422,2.670156803384116,2834.409912109375,0.8015944543135589,18.059999465942383,-12.116787657235605,0.8015944543135589,18.059999465942383,2019-05-14,2019,2,5
2019-05-15,118.32515716552734,1.4082227734279584,45.668487548828125,1.19794559646349,3.95556116104126,-1.5181243336183647,25.34902572631836,0.78474475964736,49.28511047363281,0.7944396789974162,152.42300415039062,-1.9042327368943734,276.82000732421875,1.824476657071128,27.57999992370605,0.9516845965817922,72.934814453125,0.15095382514311861,2850.9599609375,0.583897507464215,16.440000534057617,-8.970094018772068,0.583897507464215,16.440000534057617,2019-05-15,2019,2,5
2019-05-16,121.05747985839844,2.309164642856798,45.46756362915039,-0.4399618434109742,3.970680713653565,0.38223533897590034,24.75937843322754,-2.3261142241006283,49.35735702514648,0.14658900186967916,155.7848358154297,2.205593364189351,283.54998779296875,2.4311755981090144,28.01000022888184,1.5591019085035906,70.01775360107422,-3.999545174582664,2876.320068359375,0.8895287120600504,15.289999961853027,-6.995137073275714,0.8895287120600504,15.289999961853027,2019-05-16,2019,2,5
2019-05-17,120.25000762939452,-0.667015561490647,45.20922088623047,-0.5681913045243792,3.879959344863892,-2.28478125873276,24.14307975769043,-2.4891524526723385,49.23090362548828,-0.25619969803847287,151.94134521484375,-2.4671789012504552,279.8500061035156,-1.3048780986563258,27.5,-1.8207790957315506,68.91012573242188,-1.5819243144575168,2859.530029296875,-0.5837333350761975,15.960000038146973,4.381949496177406,-0.5837333350761975,15.960000038146973,2019-05-17,2019,2,5
2019-05-20,118.51295471191406,-1.4445345590613057,43.795536041259766,-3.126983427845964,3.7614760398864746,-3.0537254245784795,22.70227432250977,-5.967778136182944,48.47210311889648,-1.541309321405493,153.32737731933594,0.9122152384081872,275.45001220703125,-1.572268644102448,26.68000030517578,-2.9818170720880666,64.78396606445312,-5.987740733474545,2840.22998046875,-0.6749377915387988,16.309999465942383,2.1929788656569915,-0.6749377915387988,16.309999465942383,2019-05-20,2019,2,5
2019-05-21,119.15143585205078,0.5387437531101602,44.63512802124024,1.91707204859759,3.8435215950012207,2.181206373368849,22.93047142028809,1.0051728498058798,48.93279647827149,0.9504298962332847,153.13076782226562,-0.12822856590107845,278.07000732421875,0.9511689965794101,27.350000381469727,2.5112446350458617,65.73941040039062,1.4748160601759652,2864.360107421875,0.8495835590448308,14.949999809265137,-8.338440841258887,0.8495835590448308,14.949999809265137,2019-05-21,2019,2,5
2019-05-22,119.87440490722656,0.6067648702727135,43.72138595581055,-2.0471366520890877,3.77263069152832,-1.8444257881912174,22.42160987854004,-2.2191499355649014,48.95989227294922,0.0553734849177534,154.95913696289062,1.1939920152082895,281.82000732421875,1.3485812569593802,27.40999984741211,0.21937647204945954,58.60319900512695,-10.85530179203017,2856.27001953125,-0.2824396230649451,14.75,-1.3377913833897748,-0.2824396230649451,14.75,2019-05-22,2019,2,5
2019-05-23,118.47537994384766,-1.167075627580083,42.97508239746094,-1.706953112382814,3.651667594909668,-3.2063328353417186,21.66123390197754,-3.391263966688962,47.94818115234375,-2.066407979342,151.09597778320312,-2.4930180016507486,274.25,-2.6861142315952935,26.36000061035156,-3.830715953687558,57.71538925170898,-1.5149510069242256,2822.239990234375,-1.191414994527018,16.920000076293945,14.711864924026742,-1.191414994527018,16.920000076293945,2019-05-23,2019,2,5
2019-05-24,118.53172302246094,0.04755678237957639,42.810020446777344,-0.38408757232154533,3.597879409790039,-1.4729759410360477,21.31560516357422,-1.5956096497889982,47.66815185546875,-0.5840248579717211,151.88233947753906,0.5204385357393315,274.7699890136719,0.18960401592411635,26.440000534057617,0.30348984011268065,55.9820671081543,-3.0032235180729616,2826.06005859375,0.13535590072402126,15.850000381469728,-6.323875236403564,0.13535590072402126,15.850000381469728,2019-05-24,2019,2,5
2019-05-28,118.45663452148438,-0.06334886481177415,42.63300704956055,-0.4134858973890543,3.5527665615081787,-1.2538732721031676,21.194005966186523,-0.5704703031162106,46.746768951416016,-1.9329109021184565,152.5508270263672,0.4401351408779064,278.25,1.266517860564087,29.049999237060547,9.871401854326622,55.27183151245117,-1.2686841204541222,2802.389892578125,-0.8375676922946718,17.5,10.410091979930103,-0.8375676922946718,17.5,2019-05-28,2019,2,5
2019-05-29,117.31111145019533,-0.9670400276999946,42.4296875,-0.476906424461665,3.4786524772644043,-2.086094961789786,21.16402816772461,-0.14144470143936383,46.69255828857422,-0.11596665193724931,150.28990173339844,-1.4820799972313226,273.3800048828125,-1.7502228633198613,28.09000015258789,-3.304644095301512,55.601600646972656,0.5966314585526211,2783.02001953125,-0.6911912256811314,17.899999618530273,2.285712105887283,-0.6911912256811314,17.899999618530273,2019-05-29,2019,2,5
2019-05-30,118.05287170410156,0.6323017868781866,42.64975738525391,0.5186695877831049,3.452100276947021,-0.7632898224505524,21.37223052978516,0.983755835186706,46.71965789794922,0.05803839063072136,153.0128173828125,1.8117755205165231,274.510009765625,0.41334584191585755,28.030000686645508,-0.213597243205621,56.30337905883789,1.262155052551428,2788.860107421875,0.20984713906617714,17.299999237060547,-3.351957509812453,0.20984713906617714,17.299999237060547,2019-05-30,2019,2,5
2019-05-31,116.1280288696289,-1.630492174131315,41.87712860107422,-1.8115666572275257,3.3615219593048096,-2.6238611388866517,20.95748519897461,-1.9405804660049153,45.70795440673828,-2.1654770962168057,148.8350830078125,-2.730316614292516,270.8999938964844,-1.3150762233489544,27.40999984741211,-2.2119187443644606,56.49784469604492,0.34538892772992824,2752.06005859375,-1.319537280847849,18.709999084472656,8.150288494762293,-1.319537280847849,18.709999084472656,2019-05-31,2019,2,5
2019-06-03,112.52252197265624,-3.1047688762722347,41.45375061035156,-1.0110005266975142,3.3198320865631104,-1.240208252285846,21.085742950439453,0.6119901803443462,45.38275909423828,-0.7114632818747579,142.63238525390625,-4.167497090441142,259.0299987792969,-4.381688957041185,27.57999992370605,0.6202118834013559,56.3625602722168,-0.23945059241807787,2744.449951171875,-0.27652403144732274,18.86000061035156,0.801718509988536,-0.27652403144732274,18.86000061035156,2019-06-03,2019,2,6
2019-06-04,115.63980102539062,2.7703601004356315,42.97027969360352,3.6583639861847983,3.5486326217651367,6.89193095422167,22.12845039367676,4.94508277791359,46.99066162109375,3.5429809886979857,148.24526977539062,3.935210444312931,268.7099914550781,3.7370160681770903,29.56999969482422,7.215372649104634,57.87604141235352,2.6852597412661883,2803.27001953125,2.1432370568193138,16.969999313354492,-10.021215460405209,2.1432370568193138,16.969999313354492,2019-06-04,2019,2,6
2019-06-05,118.14675903320312,2.1679023879175086,43.66396713256836,1.6143423871362472,3.5059494972229004,-1.2028048291176763,22.13011741638184,0.007533391066338879,47.06291580200195,0.1537628507783495,155.7455596923828,5.059378911958556,272.8599853515625,1.5444136907645012,29.5,-0.23672538230181672,57.18491744995117,-1.1941451860507324,2826.14990234375,0.8161854781411959,16.09000015258789,-5.185616949754901,0.8161854781411959,16.09000015258789,2019-06-05,2019,2,6
2019-06-06,120.01524353027344,1.5814945008734593,44.30503463745117,1.4681842878281337,3.567988634109497,1.7695388064128847,22.71893310546875,2.660698440989928,47.505558013916016,0.9405329108300498,156.60072326660156,0.5490773386463088,274.79998779296875,0.710988252420619,31.81999969482422,7.864405745166847,57.67124938964844,0.8504549125613492,2843.489990234375,0.6135586748687638,15.93000030517578,-0.994405505871776,0.6135586748687638,15.93000030517578,2019-06-06,2019,2,6
2019-06-07,123.37664031982422,2.8008082062533024,45.48431015014648,2.6617189724493784,3.610671758651733,1.1962797228161293,22.892162322998047,0.7624883471645028,48.11077117919922,1.2739839096425731,158.52740478515625,1.2303145722224018,278.1600036621094,1.2227132526920093,32.40999984741211,1.8541802584739253,58.6098518371582,1.6275049655474216,2873.340087890625,1.049769746289475,16.299999237060547,2.3226548951449377,1.049769746289475,16.299999237060547,2019-06-07,2019,2,6
2019-06-10,124.50338745117188,0.9132580757806652,46.06555938720703,1.2779115152935505,3.6833810806274414,2.0137339208828875,23.336894989013672,1.9427289556165572,48.78825759887695,1.408180336902709,150.19158935546875,-5.258280384381864,280.3399963378906,0.783718955666024,33.22999954223633,2.5300823779229153,60.18834686279297,2.6932247329688908,2886.72998046875,0.46600444669098184,15.9399995803833,-2.208586954156,0.46600444669098184,15.9399995803833,2019-06-10,2019,2,6
2019-06-11,124.03390502929688,-0.37708405488896535,46.59898376464844,1.1579678713063535,3.740953683853149,1.5630368394002891,23.60923385620117,1.166988441760175,48.72503662109375,-0.12958236447586646,147.59649658203125,-1.7278549248823216,275.989990234375,-1.5516894343797438,32.40999984741211,-2.467648829732827,60.78564453125,0.9923809168885356,2885.719970703125,-0.034988023558091275,15.989999771118164,0.3136774909103357,-0.034988023558091275,15.989999771118164,2019-06-11,2019,2,6
2019-06-12,123.46119689941406,-0.46173514390887016,46.45068740844727,-0.3182394640839137,3.628041982650757,-3.0182598006958994,23.296918869018555,-1.322851004335246,48.43597030639648,-0.5932603333788644,148.707275390625,0.7525780315364106,276.8399963378906,0.3079843956636852,32.18000030517578,-0.7096561040394245,59.37774658203125,-2.3161684968149743,2879.840087890625,-0.20375791387226005,15.90999984741211,-0.500312225460775,-0.20375791387226005,15.90999984741211,2019-06-12,2019,2,6
2019-06-13,124.240478515625,0.6311955786771017,46.44110870361328,-0.020621233760798052,3.6791625022888175,1.4090388116377417,23.45349502563477,0.6720895475342825,48.63469696044922,0.4102873397510809,148.76626586914062,0.03966885840700485,276.29998779296875,-0.1950616067277977,31.38999938964844,-2.4549437788547124,59.667877197265625,0.4886184335634036,2891.639892578125,0.40973819126681743,15.81999969482422,-0.5656829255251572,0.40973819126681743,15.81999969482422,2019-06-13,2019,2,6
2019-06-14,124.3625259399414,0.09823483117143983,46.10383987426758,-0.7262290646378622,3.589329242706299,-2.441676863325093,22.14760398864746,-5.568001850299764,48.12884521484375,-1.0401046520693624,147.45889282226562,-0.8788101517752778,274.2799987792969,-0.7310854516524468,30.36000061035156,-3.2812959519729956,58.635440826416016,-1.7303051815239057,2886.97998046875,-0.1611511904139773,15.279999732971191,-3.413400583248427,-0.1611511904139773,15.279999732971191,2019-06-14,2019,2,6
2019-06-17,124.73811340332033,0.30201015984534507,46.3789176940918,0.5966483932236422,3.599008083343506,0.2696559714290503,22.150938034057617,0.015053752143412424,47.99334716796875,-0.2815318885590279,147.73411560058594,0.18664373036629822,275.6000061035156,0.48126269873616234,29.200000762939453,-3.8208162848870075,58.968204498291016,0.5675128679600405,2889.669921875,0.09317492412306283,15.350000381469728,0.45811943535241095,0.09317492412306283,15.350000381469728,2019-06-17,2019,2,6
2019-06-18,126.90705108642578,1.7387930792993167,47.46968460083008,2.3518593381864017,3.793810367584229,5.412665927100391,23.157001495361328,4.541854885589336,47.785587310791016,-0.4328930350504856,148.0290069580078,0.1996095189138014,276.7799987792969,0.4281540818754648,30.450000762939453,4.2808218059586345,61.39998245239258,4.123879936300323,2917.75,0.9717399870633026,15.149999618530272,-1.3029365340009647,0.9717399870633026,15.149999618530272,2019-06-18,2019,2,6
2019-06-19,127.40467071533205,0.3921134599269571,47.33094024658203,-0.2922799159394862,3.799766778945923,0.1570034025049738,23.11036491394043,-0.20139300604286037,47.58684539794922,-0.41590346383985066,151.5186309814453,2.3573920376480206,291.2099914550781,5.213524365713895,30.5,0.16420110281705202,61.263450622558594,-0.22236460725351126,2926.4599609375,0.2985163546397107,14.329999923706056,-5.412539376048942,0.2985163546397107,14.329999923706056,2019-06-19,2019,2,6
2019-06-20,128.58775329589844,0.9286022042392927,47.71127700805664,0.8035689962911263,3.824085474014282,0.6400049393322282,23.24028587341309,0.5621761489118304,51.480167388916016,8.181508898958413,154.52659606933594,1.9852113686659179,302.1099853515625,3.7430013448442434,30.01000022888184,-1.6065566266169173,62.06550598144531,1.3091906360745975,2954.179931640625,0.9472185190685156,14.75,2.9309147140966774,0.9472185190685156,14.75,2019-06-20,2019,2,6
2019-06-21,128.60653686523438,0.01460758809022078,47.548622131347656,-0.3409149511582332,3.766016721725464,-1.5185003756691962,23.037643432617188,-0.8719446993882496,50.69426727294922,-1.526607538063296,154.17271423339844,-0.22901030951248957,299.3299865722656,-0.9201942716530298,29.100000381469727,-3.0323220275630725,62.04844284057617,-0.027492148173646758,2950.4599609375,-0.12592227925193322,15.399999618530272,4.406777074781498,-0.12592227925193322,15.399999618530272,2019-06-21,2019,2,6
2019-06-24,129.36709594726562,0.5913844665829338,47.50078582763672,-0.10060502611157762,3.78835129737854,0.5930556687184119,23.4757137298584,1.9015412688477618,51.25432968139648,1.1047845024206637,149.96551513671875,-2.728886961353294,299.8699951171875,0.1804057625852007,29.26000022888184,0.5498276471294972,62.42388153076172,0.6050735086941206,2945.35009765625,-0.17318870104667816,15.260000228881836,-0.9090869682878422,-0.17318870104667816,15.260000228881836,2019-06-24,2019,2,6
2019-06-25,125.28266143798828,-3.1572437174768875,46.7807731628418,-1.515791059557603,3.759068965911865,-0.7729571301092864,23.24953269958496,-0.9634681734330464,50.64910507202149,-1.1808263089911453,146.80029296875,-2.11063334466135,287.9700012207031,-3.9683843299606947,28.86000061035156,-1.3670526842151198,61.90339660644531,-0.8337913496454408,2917.3798828125,-0.9496397343734198,16.280000686645508,6.684144446034601,-0.9496397343734198,16.280000686645508,2019-06-25,2019,2,6
2019-06-26,125.7521743774414,0.3747629033930888,47.7926025390625,2.1629171726139873,3.952133893966675,5.135977280692883,23.66405868530273,1.7829433007278128,51.18205642700195,1.0522423924818058,146.50538635253906,-0.20088966462329383,288.7200012207031,0.260443795124754,29.920000076293945,3.6729017447150847,63.951210021972656,3.3080792457099717,2913.780029296875,-0.12339337557076835,16.209999084472656,-0.4299852531964188,-0.12339337557076835,16.209999084472656,2019-06-26,2019,2,6
2019-06-27,125.95877838134766,0.16429457775111178,47.77825927734375,-0.030011468212109982,4.050652503967285,2.4927953516708623,24.023088455200195,1.517194386102716,51.28142929077149,0.1941556684250667,148.12733459472656,1.10709120160577,293.2300109863281,1.5620704303674016,30.739999771118164,2.74064068426898,64.36074829101562,0.6403917438032147,2924.919921875,0.3823175554131808,15.81999969482422,-2.4059186408098676,0.3823175554131808,15.81999969482422,2019-06-27,2019,2,6
2019-06-28,125.78034210205078,-0.14166244035540565,47.3429069519043,-0.9111933587038323,4.075468063354492,0.6126311591256428,24.2038688659668,0.7525277655441087,51.46208953857422,0.3522917561021188,149.14964294433594,0.6901550969011794,294.6499938964844,0.48425565493106504,30.3700008392334,-1.2036399955747568,64.90682220458984,0.8484579935352343,2941.760009765625,0.5757452627909831,15.079999923706056,-4.677621905139906,0.5757452627909831,15.079999923706056,2019-06-28,2019,2,6
2019-07-01,127.3953857421875,1.2840191186841876,48.211219787597656,1.8340927746060887,4.123610496520996,1.1812737191928324,25.25405502319336,4.338918554889504,52.40154647827149,1.8255320530525365,151.4400177001953,1.5356220173548651,300.9700012207031,2.144920229130931,31.200000762939453,2.7329598313142744,66.14404296875,1.9061490335489983,2964.330078125,0.7672301032188189,14.0600004196167,-6.763922475131434,0.7672301032188189,14.0600004196167,2019-07-01,2019,3,7
2019-07-02,128.24038696289062,0.6632902877763414,48.49346923828125,0.5854434961967137,4.025835990905762,-2.371089745205679,24.831958770751957,-1.6713999080692155,52.80803298950195,0.7757147232267503,151.4989776611328,0.03893288037923881,301.3900146484375,0.13955325315839762,31.239999771118164,0.1282019461557926,65.70889282226562,-0.6578825952474054,2973.010009765625,0.2928125887423194,12.93000030517578,-8.036984926859091,0.2928125887423194,12.93000030517578,2019-07-02,2019,3,7
2019-07-03,129.06663513183594,0.6442963784758504,48.89533615112305,0.8287031617951524,4.038740158081055,0.3205338519612688,23.954147338867188,-3.5350068030826853,53.16936874389648,0.6842439188491589,152.94400024414062,0.9538167222751692,305.70001220703125,1.4300399313564638,31.190000534057617,-0.16004877537409978,65.38463592529297,-0.49347490582397624,2995.820068359375,0.7672378673070135,12.56999969482422,-2.784227392534966,0.7672378673070135,12.56999969482422,2019-07-03,2019,3,7
2019-07-05,128.69105529785156,-0.2909968432978305,48.852272033691406,-0.08807407990516491,3.976205825805664,-1.5483623562725812,23.76664161682129,-0.7827693442532091,53.54875946044922,0.7135512899921315,151.95115661621094,-0.6491550020562009,303.9800109863281,-0.5626434910111389,31.5,0.9939065746532583,65.41026306152344,0.03919443133360012,2990.409912109375,-0.180590159841032,13.279999732971191,5.648369573464018,-0.180590159841032,13.279999732971191,2019-07-05,2019,3,7
2019-07-08,128.59716796875,-0.07295559810607255,47.84523391723633,-2.061394638432712,3.901261806488037,-1.8848123714129361,23.119213104248047,-2.7241060096392045,53.77458190917969,0.42171368861916303,150.21127319335938,-1.1450280877071894,302.9200134277344,-0.34870633603649726,32.040000915527344,1.7142886207217156,65.38463592529297,-0.03917907531784115,2975.949951171875,-0.48354444248415174,13.960000038146973,5.12048432868184,-0.48354444248415174,13.960000038146973,2019-07-08,2019,3,7
2019-07-09,128.12770080566406,-0.3650680419338803,48.13705825805664,0.6099339828186778,3.903743505477905,0.0636127261631314,23.16713523864746,0.20728272274375126,53.83782577514648,0.11760921930290547,151.33187866210938,0.746019552944932,304.20001220703125,0.4225533878771781,33.150001525878906,3.4644212816287157,65.31639099121094,-0.10437457227719937,2979.6298828125,0.12365569653400854,14.09000015258789,0.9312329089232074,0.12365569653400854,14.09000015258789,2019-07-09,2019,3,7
2019-07-10,129.43280029296875,1.0185927626096936,48.613075256347656,0.9888784556362884,3.971986770629883,1.7481493099179346,23.080530166625977,-0.37382728217949523,54.33464431762695,0.9228057324518257,153.6124267578125,1.506984592978644,306.9800109863281,0.9138720143787804,33.790000915527344,1.9306164711600848,63.4477653503418,-2.86088317574158,2993.070068359375,0.45106896075925995,13.029999732971191,-7.5230689009042395,0.45106896075925995,13.029999732971191,2019-07-10,2019,3,7
2019-07-11,129.94923400878906,0.39899756062711234,48.2590446472168,-0.728262113153666,4.126339435577393,3.886031698011738,23.21170234680176,0.56832394762516,54.19011306762695,-0.26600201734110485,156.19769287109375,1.6829798004279972,307.6000061035156,0.20196595706523102,33.060001373291016,-2.1604010726761325,62.89316177368164,-0.8741104964024804,2999.909912109375,0.22852267383599578,12.93000030517578,-0.7674553326534106,0.22852267383599578,12.93000030517578,2019-07-11,2019,3,7
2019-07-12,130.41867065429688,0.36124618131727626,48.62980651855469,0.768274370220623,4.1593451499938965,0.7998788013396929,23.996187210083008,3.3796955154792307,54.02751541137695,-0.30005040965145335,155.3916473388672,-0.5160418937120714,309.4200134277344,0.5916798725960515,33.209999084472656,0.45371356609447133,63.90854263305664,1.6144535124960058,3013.77001953125,0.4620174547884881,12.390000343322754,-4.1763337131312195,0.4620174547884881,12.390000343322754,2019-07-12,2019,3,7
2019-07-15,130.41867065429688,0.0,49.08668899536133,0.9395111959417779,4.150907039642334,-0.20287112627752624,24.24422836303711,1.0336690190926534,53.77458190917969,-0.46815682763009514,156.93495178222656,0.9931707847808946,308.760009765625,-0.21330348182649894,34.38999938964844,3.553147659457445,64.36074829101562,0.7075824910535156,3014.300048828125,0.017586919155743175,12.68000030517578,2.3405968831091473,0.017586919155743175,12.68000030517578,2019-07-15,2019,3,7
2019-07-16,128.70985412597656,-1.310254520880605,48.9168586730957,-0.3459803986405996,4.14619255065918,-0.1135773202851742,23.89023971557617,-1.460094510579002,53.15785217285156,-1.1468796491430178,154.45779418945312,-1.5784613718242357,305.70001220703125,-0.9910601962075827,33.849998474121094,-1.5702265923560499,64.56553649902344,0.31818804697831826,3004.0400390625,-0.3403778522185874,12.859999656677246,1.4195532111146214,-0.3403778522185874,12.859999656677246,2019-07-16,2019,3,7
2019-07-17,127.94927215576172,-0.5909275364964772,48.64177322387695,-0.5623530551238098,4.211456775665283,1.5740760760309502,23.970117568969727,0.3343535031232081,52.59553146362305,-1.0578318841777845,155.54891967773438,0.7064230678724526,309.3900146484375,1.207066501164289,33.599998474121094,-0.7385524705152635,64.64234161376953,0.11895682884515146,2984.419921875,-0.6531243569450895,13.970000267028809,8.631420217614249,-0.6531243569450895,13.970000267028809,2019-07-17,2019,3,7
2019-07-18,128.0901336669922,0.11009168622622134,49.1943244934082,1.1359603750218827,4.223120212554932,0.27694542556016,24.365306854248047,1.6486747891045317,52.71343231201172,0.22416514313619018,155.29336547851562,-0.16429185091623166,310.0799865722656,0.22301040471914835,33.0,-1.7857098255025683,63.45632553100586,-1.8347356440922002,2995.110107421875,0.3581997784064761,13.529999732971191,-3.149610061898722,0.3581997784064761,13.529999732971191,2019-07-18,2019,3,7
2019-07-19,128.27789306640625,0.1465838109765638,48.4599838256836,-1.4927345283966664,4.179942607879639,-1.022410031022325,24.383804321289062,0.07591723408888473,52.18737411499024,-0.9979585353268816,154.08425903320312,-0.778595042735275,306.8699951171875,-1.0352140073800031,32.5099983215332,-1.4848535711115107,63.99385452270508,0.8470849630846766,2976.610107421875,-0.617673452276668,14.449999809265137,6.79970505876657,-0.617673452276668,14.449999809265137,2019-07-19,2019,3,7
2019-07-22,129.97738647460938,1.324852917036412,49.56748962402344,2.285402740379916,4.251411437988281,1.7098041005136233,24.90090560913086,2.1206751868096507,52.24178314208984,0.10425706987997607,155.0181121826172,0.6060665477924276,308.54998779296875,0.5474607170830481,32.849998474121094,1.045832575028749,64.804443359375,1.2666666865367882,2985.030029296875,0.2828694915066654,13.529999732971191,-6.366782618945466,0.2828694915066654,13.529999732971191,2019-07-22,2019,3,7
2019-07-23,130.78488159179688,0.6212581581221732,49.954986572265625,0.7817562502789865,4.359110355377197,2.5332508734999815,25.290203094482425,1.56338685613433,52.10575485229492,-0.26038217230246463,153.5927734375,-0.9194659417849693,307.8800048828125,-0.2171391789539734,33.4900016784668,1.9482594644559592,63.243011474609375,-2.409451889134606,3005.469970703125,0.6847482673755456,12.609999656677246,-6.79970505876657,0.6847482673755456,12.609999656677246,2019-07-23,2019,3,7
2019-07-24,132.1275634765625,1.0266338650336992,49.914337158203125,-0.08137208485422542,4.433557033538818,1.7078410981219427,25.54161262512207,0.9940985040744588,52.70436477661133,1.148836488432603,157.03326416015625,2.240008201985,310.2699890136719,0.7762713047146708,34.11000061035156,1.8512956130527947,64.7361831665039,2.3610066267859553,3019.56005859375,0.4688147952890187,12.06999969482422,-4.282315436599438,0.4688147952890187,12.06999969482422,2019-07-24,2019,3,7
2019-07-25,131.6299591064453,-0.3766090564482849,49.519649505615234,-0.7907300288030106,4.3025312423706055,-2.9553198521420465,25.25741958618164,-1.1126667807220048,52.86761474609375,0.30974658393922994,156.64004516601562,-0.250404903855006,308.7300109863281,-0.49633483155726577,33.66999816894531,-1.2899514322281203,64.29249572753906,-0.6853778169523261,3003.669921875,-0.5262401280453521,12.739999771118164,5.550953547921367,-0.5262401280453521,12.739999771118164,2019-07-25,2019,3,7
2019-07-26,132.70973205566406,0.8203094162975155,49.691871643066406,0.3477854531899416,4.34446907043457,0.974724544727712,25.301982879638672,0.17643644595195518,53.05807113647461,0.36025152883396583,157.24951171875,0.38908731933040563,311.2699890136719,0.8227182123399901,34.02000045776367,1.0395078938292723,64.18158721923828,-0.1725061487281354,3025.860107421875,0.7387691099234761,12.15999984741211,-4.552589749812441,0.7387691099234761,12.15999984741211,2019-07-26,2019,3,7
2019-07-29,132.4186248779297,-0.21935631488749774,50.15592193603516,0.9338555333596732,4.338265419006348,-0.14279423624949938,25.370929718017575,0.2724957909697512,52.65901184082031,-0.7521179852690962,153.55345153808594,-2.350443025396909,307.2200012207031,-1.3011173373321472,33.47999954223633,-1.5873042570877183,63.9682502746582,-0.3323958690073181,3020.969970703125,-0.16161146071345112,12.829999923706056,5.509869117609711,-0.16161146071345112,12.829999923706056,2019-07-29,2019,3,7
2019-07-30,131.78016662597656,-0.48215139867348045,49.94064712524414,-0.4292111529034748,4.353899002075195,0.360364836147542,25.187620162963867,-0.7225180830623179,52.14202880859375,-0.9817560454596475,154.29067993164062,0.48011189990857517,303.6400146484375,-1.1652843428295534,33.869998931884766,1.1648727448650087,63.83173370361328,-0.21341301420433334,3013.179931640625,-0.25786549148275606,13.9399995803833,8.651595193124617,-0.25786549148275606,13.9399995803833,2019-07-30,2019,3,7
2019-07-31,127.94927215576172,-2.9070341678105738,50.95964431762695,2.0404164764371346,4.1868896484375,-3.8358573214053338,24.38296127319336,-3.1946602519982714,51.062744140625,-2.06989388911325,151.87254333496094,-1.5672603152381281,298.8599853515625,-1.5742422165304637,30.450000762939453,-10.097426267485865,62.42388153076172,-2.205567812694187,2980.3798828125,-1.0885526112695776,16.1200008392334,15.638460003383692,-1.0885526112695776,16.1200008392334,2019-07-31,2019,3,7
2019-08-01,129.62998962402344,1.313581109094275,49.8569221496582,-2.1639126071908543,4.09259033203125,-2.2522522522522515,23.99198341369629,-1.603488005892506,50.68180084228516,-0.7460298202750959,148.24526977539062,-2.3883669028773813,298.44000244140625,-0.1405283178550043,29.86000061035156,-1.937603079819883,60.75148010253906,-2.6791051552898293,2953.56005859375,-0.8998793869673061,17.8700008392334,10.856078839281391,-0.8998793869673061,17.8700008392334,2019-08-01,2019,3,8
2019-08-02,128.54078674316406,-0.8402398889473695,48.80203628540039,-2.1158262860497157,4.000027179718018,-2.2617253329455855,23.41938781738281,-2.3866121714080646,50.64552688598633,-0.07157195619728052,143.22216796875,-3.388372400853823,293.7099914550781,-1.5849118575371857,29.440000534057617,-1.4065641919255079,60.70883560180664,-0.07019499880569491,2932.050048828125,-0.7282739927037873,17.610000610351562,-1.4549536467340696,-0.7282739927037873,17.610000610351562,2019-08-02,2019,3,8
2019-08-05,124.13721466064452,-3.4258169675888794,46.24735641479492,-5.234781302291125,3.741945505142212,-6.451998023523409,22.50541114807129,-3.902649703905281,48.7590217590332,-3.724919539686189,140.3911590576172,-1.976655535440941,280.3599853515625,-4.545301995814965,27.989999771118164,-4.9252742412895785,58.70369720458984,-3.302877377468816,2844.739990234375,-2.97778200029859,24.59000015258789,39.63656615737607,-2.97778200029859,24.59000015258789,2019-08-05,2019,3,8
2019-08-06,126.4657745361328,1.8757951689619468,47.12282943725586,1.8930228456925713,3.780658006668091,1.0345554597916973,22.40283203125,-0.45579756862198506,48.940406799316406,0.3720030339813052,140.37149047851562,-0.014009841669226919,286.2099914550781,2.086605225128646,28.86000061035156,3.108255971231255,58.1661491394043,-0.9156971209362097,2881.77001953125,1.3017017169932643,20.170000076293945,-17.974786697302147,1.3017017169932643,20.170000076293945,2019-08-06,2019,3,8
2019-08-07,127.01971435546876,0.4380155985821199,47.61080932617188,1.0355487875908898,3.8188745975494394,1.0108449591035296,22.706361770629883,1.354872182929756,48.37808227539063,-1.1489984671186448,139.2312469482422,-0.8123042124767887,289.0199890136719,0.9817957592283433,29.190000534057617,1.1434508549098776,59.21565246582031,1.8043197666407496,2883.97998046875,0.07668762331907164,19.489999771118164,-3.371345079839605,0.07668762331907164,19.489999771118164,2019-08-07,2019,3,8
2019-08-08,130.40927124023438,2.668528190261732,48.66090774536133,2.2055882562202145,3.927319049835205,2.8396966047367522,22.78455924987793,0.34438577187294594,49.566219329833984,2.455940786738764,141.37413024902344,1.5390821728242132,297.7799987792969,3.030935609512664,33.91999816894531,16.204171114587474,60.80270004272461,2.680114987874793,2938.090087890625,1.8762303409984193,16.90999984741211,-13.237557485912877,1.8762303409984193,16.90999984741211,2019-08-08,2019,3,8
2019-08-09,129.3013916015625,-0.8495405488701646,48.25992965698242,-0.8240250890451772,3.826070547103882,-2.5780564666772254,23.18395233154297,1.7529111591973345,48.8859977722168,-1.3723490853532971,140.93179321289062,-0.3128840017290746,294.8299865722656,-0.9906683521809234,34.189998626708984,0.7959919585457609,61.00748443603516,0.3368014794847163,2918.64990234375,-0.661660635492356,17.969999313354492,6.2684770875654605,-0.661660635492356,17.969999313354492,2019-08-09,2019,3,8
2019-08-12,127.49859619140624,-1.3942583199038627,48.13746643066406,-0.25375757318503167,3.758324384689331,-1.7706459298255983,23.176382064819336,-0.03265304644942679,48.29645156860352,-1.205961278238099,138.32687377929688,-1.848354707059452,288.6499938964844,-2.096120800882806,32.43000030517578,-5.1476993045513115,59.55694961547852,-2.377634209909918,2882.699951171875,-1.2317322177972212,21.09000015258789,17.362275784366645,-1.2317322177972212,21.09000015258789,2019-08-12,2019,3,8
2019-08-13,130.1370391845703,2.0693898379893882,50.17599868774414,4.234814185778402,3.8724756240844727,3.037290763409639,23.85409164428711,2.9241387960051934,48.94948959350586,1.3521449375524464,141.43313598632812,2.245595611440865,293.1700134277344,1.5659170714796389,32.11000061035156,-0.986739721902341,61.587684631347656,3.4097364438244515,2926.320068359375,1.5131688322181258,17.520000457763672,-16.927452200071013,1.5131688322181258,17.520000457763672,2019-08-13,2019,3,8
2019-08-14,126.21803283691406,-3.0114457591877586,48.68251037597656,-2.976499423682366,3.72407865524292,-3.8320956216899793,22.833330154418945,-4.279188262918532,47.45296859741211,-3.057275997199149,137.3438720703125,-2.891305412623335,283.6600036621094,-3.2438548726161587,30.239999771118164,-5.823733427867173,60.47846603393555,-1.8010396137664308,2840.60009765625,-2.9292752911742603,22.100000381469727,26.141551392919695,-2.9292752911742603,22.100000381469727,2019-08-14,2019,3,8
2019-08-15,125.9354019165039,-0.22392277399485572,48.44000244140625,-0.49814180225591365,3.6918184757232666,-0.8662593491207793,22.587810516357425,-1.0752686375622877,47.69784927368164,0.5160492241214287,139.71290588378906,1.7248922560329172,282.7099914550781,-0.3349122875154764,29.670000076293945,-1.8849196400081314,60.71736907958984,0.39502166857248167,2847.60009765625,0.24642680276520945,21.18000030517578,-4.162896200967225,0.24642680276520945,21.18000030517578,2019-08-15,2019,3,8
2019-08-16,128.2434539794922,1.8327269599048401,49.58293151855469,2.3594736159044283,3.9595789909362793,7.25280825624981,23.019990921020508,1.9133346472430812,48.60483551025391,1.9015243881713717,141.44296264648438,1.2382941659909052,287.45001220703125,1.6766371529908675,31.18000030517578,5.08931656555105,62.52627944946289,2.9792304859288077,2888.679931640625,1.4426124657807904,18.46999931335449,-12.795094205730706,1.4426124657807904,18.46999931335449,2019-08-16,2019,3,8
2019-08-19,130.391357421875,1.6748639994726755,50.50736999511719,1.864428843253374,4.238009452819824,7.031819860669275,23.44040298461914,1.8262911790062342,48.85877227783203,0.5224516550921043,141.2266845703125,-0.15290833288923444,287.9700012207031,0.18089719658713754,31.479999542236328,0.9621527714056777,63.8829345703125,2.1697358819280588,2923.64990234375,1.2105865492430645,16.8799991607666,-8.608555558733876,1.2105865492430645,16.8799991607666,2019-08-19,2019,3,8
2019-08-20,129.3079833984375,-0.8308633676788024,50.50978088378906,0.004773340350339161,4.165796756744385,-1.703929565975637,23.574098587036133,0.5703639246506187,48.05157470703125,-1.6521036718047388,143.06488037109375,1.3015924054112116,285.7099914550781,-0.7848073605045136,30.71999931335449,-2.414232020118545,64.90682220458984,1.6027561056238149,2900.510009765625,-0.7914727601131322,17.5,3.6729909363647284,-0.7914727601131322,17.5,2019-08-20,2019,3,8
2019-08-21,130.74937438964844,1.1146960561356556,51.05721664428711,1.0838212934591196,4.249176502227783,2.001531768164333,24.1735954284668,2.5430318755023107,48.28738784790039,0.49075007907000145,144.87362670898438,1.2642839620729651,291.5299987792969,2.037033179896275,31.700000762939453,3.190108956672222,65.44440460205078,0.8282371239288988,2924.429931640625,0.8246798595579641,15.800000190734863,-9.714284624372205,0.8246798595579641,15.800000190734863,2019-08-21,2019,3,8
2019-08-22,129.7978515625,-0.7277456061187682,51.01399993896485,-0.08464367657043947,4.255382061004639,0.1460414452918668,24.18368911743164,0.04175501734819953,48.24204254150391,-0.09390714308115111,145.718994140625,0.5835205833141455,287.69000244140625,-1.3171873748737961,31.899999618530277,0.6309112011903872,65.82832336425781,0.5866334403094253,2922.949951171875,-0.05060748601761755,16.68000030517578,5.569620910238671,-0.05060748601761755,16.68000030517578,2019-08-22,2019,3,8
2019-08-23,125.66217803955078,-3.1862418931932868,48.65610504150391,-4.622054534602293,4.031048774719238,-5.27175428831973,22.881261825561523,-5.385560844525273,46.78180694580078,-3.026894216692533,148.9923553466797,2.246351771338584,282.44000244140625,-1.824880932756523,29.540000915527344,-7.398115144904393,62.73103713989258,-4.705096630255268,2847.110107421875,-2.5946336754618105,19.8700008392334,19.124703091688588,-2.5946336754618105,19.8700008392334,2019-08-23,2019,3,8
2019-08-26,127.60284423828124,1.5443518718254667,49.580543518066406,1.8999434413706995,4.105742931365967,1.852970797951481,23.30923080444336,1.8703906373018997,47.280643463134766,1.0663045100244073,152.50164794921875,2.3553507791547634,288.739990234375,2.2305579020364563,30.280000686645508,2.5050770080687235,62.21055221557617,-0.8297087822025095,2878.3798828125,1.0982987735216332,19.31999969482422,-2.767997590232607,1.0982987735216332,19.31999969482422,2019-08-26,2019,3,8
2019-08-27,127.87605285644533,0.21410856458177197,49.02107238769531,-1.1284086269994775,4.01516580581665,-2.2061080555567547,23.17049789428711,-0.5951844199414968,47.51645278930664,0.4987439021546747,150.95835876464844,-1.011981972210696,289.45001220703125,0.24590357992320122,30.200000762939453,-0.2642005346497167,63.11500549316406,1.4538583011668438,2869.159912109375,-0.3203180635808267,20.309999465942383,5.124222498737319,-0.3203180635808267,20.309999465942383,2019-08-27,2019,3,8
2019-08-28,127.70645141601562,-0.1326295554493706,49.35001754760742,0.671028078110103,4.004733562469482,-0.25982098502769224,23.21170234680176,0.1778315369080241,47.11739349365234,-0.8398339358869578,149.24794006347656,-1.1330400748715719,282.1300048828125,-2.528936609262622,30.780000686645508,1.9205295001774036,63.43923568725586,0.5137133262658411,2887.93994140625,0.6545480165679685,19.350000381469727,-4.7267312147519664,0.6545480165679685,19.350000381469727,2019-08-28,2019,3,8
2019-08-29,130.11814880371094,1.8884695024834697,50.18561553955078,1.693207081714343,4.148309230804443,3.585149076594907,23.82633781433105,2.647955149286929,47.30785751342773,0.404232928973558,153.27821350097656,2.7003879824310406,286.6300048828125,1.5950093652283392,31.450000762939453,2.1767383409599494,65.2310562133789,2.824467392634422,2924.580078125,1.2687291793508804,17.8799991607666,-7.596905383582586,1.2687291793508804,17.8799991607666,2019-08-29,2019,3,8
2019-08-30,129.87318420410156,-0.18826320683282827,50.12077713012695,-0.12919719869277646,4.160976409912109,0.3053576385676049,23.76495933532715,-0.2576076923033632,47.2171516418457,-0.19173531914075115,153.4158477783203,0.08979376403213113,284.510009765625,-0.7396277713682675,31.450000762939453,0.0,66.35736083984375,1.726638647058798,2926.4599609375,0.06427872591217021,18.979999542236328,6.152127701904009,0.06427872591217021,18.979999542236328,2019-08-30,2019,3,8
2019-09-03,128.15867614746094,-1.3201401560665516,49.39083862304688,-1.456359116669237,4.078011989593506,-1.9938690380692625,23.04269218444824,-3.039210548133542,47.06296157836914,-0.3265551989373172,150.13262939453125,-2.140077724260392,282.45001220703125,-0.7240509957068819,30.899999618530277,-1.748811227557412,64.09623718261719,-3.4074948560475105,2906.27001953125,-0.689910050906084,19.65999984741211,3.5827203455014445,-0.689910050906084,19.65999984741211,2019-09-03,2019,3,9
2019-09-04,129.65660095214844,1.168804836095516,50.22883224487305,1.6966580142964816,4.192026615142822,2.795838409506035,23.796913146972656,3.273146021685136,48.04250717163086,2.081351365086914,149.8672332763672,-0.1767744421944606,284.6000061035156,0.7611944781607871,30.950000762939453,0.16181600332185742,65.77713012695312,2.6224518290315357,2937.780029296875,1.0842079212828093,17.329999923706055,-11.851474780213477,1.0842079212828093,17.329999923706055,2019-09-04,2019,3,9
2019-09-05,131.9363555908203,1.7583020239079428,51.21088790893555,1.9551632402577734,4.464773654937744,6.506328915223958,24.46956443786621,2.8266325415367,48.831573486328125,1.6424336720778143,151.15496826171875,0.8592505227456027,287.75,1.1068144163491889,31.5,1.7770572649520977,67.3983383178711,2.4646988821022786,2976.0,1.300981364226672,16.270000457763672,-6.116557822325142,1.300981364226672,16.270000457763672,2019-09-05,2019,3,9
2019-09-06,131.04139709472656,-0.6783259186492363,51.206085205078125,-0.009378286636940736,4.437696933746338,-0.6064522702390773,24.54440116882324,0.30583597491919967,48.21481704711914,-1.2630279861484794,148.5008544921875,-1.755889204340122,284.94000244140625,-0.9765412888249392,30.559999465942383,-2.9841286795479927,67.27035522460938,-0.18989057661645825,2978.7099609375,0.09106051537297599,15.0,-7.805780098535009,0.09106051537297599,15.0,2019-09-06,2019,3,9
2019-09-09,129.552978515625,-1.1358384541837685,51.424583435058594,0.42670364099381963,4.4836506843566895,1.035531522238431,24.603260040283203,0.23980569358819093,49.466453552246094,2.595958217374883,146.99688720703125,-1.0127667549787556,279.29998779296875,-1.9793692005731223,30.5,-0.19633333439436074,66.73281860351562,-0.7990690985634985,2978.429931640625,-0.009401025965849463,15.270000457763672,1.8000030517578036,-0.009401025965849463,15.270000457763672,2019-09-09,2019,3,9
2019-09-10,128.19639587402344,-1.0471257837101344,52.03207015991211,1.181315791542925,4.550223350524902,1.4847870821088405,24.75713157653809,0.6254111691009756,50.30994415283203,1.705177024051352,147.1050262451172,0.07356552927113569,276.1400146484375,-1.1313903625637,30.229999542236328,-0.8852474025038415,67.159423828125,0.6392734992118232,2979.389892578125,0.03223043548219451,15.199999809265137,-0.45841942632650623,0.03223043548219451,15.199999809265137,2019-09-10,2019,3,9
2019-09-11,128.2340545654297,0.02937578014536868,53.68642425537109,3.1794892849248413,4.578789710998535,0.6278012807950928,25.057308197021484,1.2124854592115542,51.05366516113281,1.4782783420341339,151.46949768066406,2.9669084374278842,277.7799987792969,0.5938958658154858,29.76000022888184,-1.5547446922644537,68.71607208251953,2.317840394787063,3000.929931640625,0.7229681189480308,14.609999656677246,-3.8815799999435296,0.7229681189480308,14.609999656677246,2019-09-11,2019,3,9
2019-09-12,129.552978515625,1.0285286187549758,53.56637191772461,-0.22361768233142287,4.577299118041992,-0.03255430038558993,25.27338981628418,0.8623496888160664,48.87691879272461,-4.2636436806996585,152.1182861328125,0.42832944063513345,278.0199890136719,0.08639579358831195,30.209999084472656,1.5120929171031916,68.0108413696289,-1.0262966021162168,3009.570068359375,0.2879153101061016,14.220000267028809,-2.669400402553701,0.2879153101061016,14.220000267028809,2019-09-12,2019,3,9
2019-09-13,129.36447143554688,-0.14550578631072897,52.52428817749024,-1.945406610391609,4.519421577453613,-1.2644474196638722,24.41071319580078,-3.4133791578981554,48.749942779541016,-0.2597872703925308,150.3783721923828,-1.1437901284994667,278.3500061035156,0.11870264832918309,30.690000534057617,1.588882701528016,67.43462371826172,-0.8472438213718458,3007.389892578125,-0.07244143620946941,13.739999771118164,-3.3755308501899117,-0.07244143620946941,13.739999771118164,2019-09-13,2019,3,9
2019-09-16,128.43191528320312,-0.7208750145965559,52.8004264831543,0.5257345034947125,4.476449012756348,-0.9508421367824149,24.271135330200195,-0.5717893798555473,48.19669342041016,-1.1348718123276202,150.40785217285156,0.01960386991757268,282.92999267578125,1.645405594337368,30.82999992370605,0.4561726530212029,67.11642456054688,-0.47186317676252143,2997.9599609375,-0.31355866640028207,14.670000076293944,6.768561285791752,-0.31355866640028207,14.670000076293944,2019-09-16,2019,3,9
2019-09-17,129.43048095703125,0.7775058649761579,52.99250793457031,0.36378768924774096,4.497810363769531,0.47719410971309717,24.28542900085449,0.05889164416841286,47.9517936706543,-0.5081256251744382,150.22113037109375,-0.12414365278166084,284.69000244140625,0.6220654618408927,30.989999771118164,0.5189745306781068,67.6754379272461,0.8329009931018039,3005.699951171875,0.25817523700197853,14.4399995803833,-1.5678288664927376,0.25817523700197853,14.4399995803833,2019-09-17,2019,3,9
2019-09-18,130.49502563476562,0.8224837533345797,53.48954772949219,0.9379435212531817,4.470735549926758,-0.6019554328227095,24.193777084350582,-0.3773946776920445,47.67065048217773,-0.5863038000362142,150.1719512939453,-0.0327377893023062,279.7200012207031,-1.7457589581938437,30.420000076293945,-1.8393020297968632,67.85604858398438,0.2668777066983319,3006.72998046875,0.03426919897555614,13.949999809265137,-3.3933503141082344,0.03426919897555614,13.949999809265137,2019-09-18,2019,3,9
2019-09-19,132.89727783203125,1.8408764514818765,53.0549430847168,-0.8125038689302033,4.395220756530762,-1.689091035528445,24.43761444091797,1.0078515467727867,48.40528869628906,1.5410702532494103,150.98785400390625,0.5433123182663424,281.260009765625,0.5505536029605462,30.290000915527344,-0.4273476674574672,67.27981567382812,-0.8491990355775858,3006.7900390625,0.001997472142156731,14.050000190734863,0.7168486224875092,0.001997472142156731,14.050000190734863,2019-09-19,2019,3,9
2019-09-20,131.36172485351562,-1.155443515145893,52.27938461303711,-1.461802476050711,4.289649963378906,-2.4019451809102033,24.12110137939453,-1.2951880482796718,48.49599838256836,0.18739623029302432,152.56063842773438,1.0416628769274627,277.9100036621094,-1.1910708907061474,30.049999237060547,-0.7923462238780155,65.7403793334961,-2.288110222827011,2992.070068359375,-0.48955765157830955,15.31999969482422,9.039142255149901,-0.48955765157830955,15.31999969482422,2019-09-20,2019,3,9
2019-09-23,131.07907104492188,-0.21517212027243326,52.51708221435547,0.454667940485054,4.343056201934815,1.2450022498768476,24.22293281555176,0.42216743985090677,48.99482727050781,1.0285980381399051,152.0199737548828,-0.35439329464241887,277.44000244140625,-0.1691199361339213,30.63999938964844,1.9633949003907025,66.42842102050781,1.046604376164817,2991.780029296875,-0.009693591923765066,14.90999984741211,-2.676239266183711,-0.009693591923765066,14.90999984741211,2019-09-23,2019,3,9
2019-09-24,129.4210662841797,-1.264889007470904,52.26737976074219,-0.47546901519411877,4.285675048828125,-1.3212159925797717,23.95563125610352,-1.1035061752581288,48.38715362548828,-1.2402812273721753,149.4641876220703,-1.6812173227535587,272.4700012207031,-1.7913787402567327,29.520000457763672,-3.655349067216873,64.69973754882812,-2.6023250968828626,2966.60009765625,-0.8416371322106486,17.049999237060547,14.35277942018136,-0.8416371322106486,17.049999237060547,2019-09-24,2019,3,9
2019-09-25,131.2863311767578,1.4412374632136071,53.07174301147461,1.5389393048101052,4.427263259887695,3.3037551715052738,23.400678634643555,-2.3165852551623844,48.831573486328125,0.9184666332713309,150.38819885253906,0.6182158048489761,277.42999267578125,1.820380751222772,29.540000915527344,0.06775222714610063,66.44561004638672,2.6984228432781476,2984.8701171875,0.6158571742003405,15.960000038146973,-6.39295746444557,0.6158571742003405,15.960000038146973,2019-09-25,2019,3,9
2019-09-26,131.45591735839844,0.12917276316626314,52.79802322387695,-0.5157542829118622,4.405155658721924,-0.49935140216469387,23.49740982055664,0.41336914806342495,48.940406799316406,0.22287488446128823,149.749267578125,-0.4248546623266347,283.8099975585937,2.2996810190844874,29.46999931335449,-0.2369722410403119,66.52299499511719,0.11646359883887847,2977.6201171875,-0.2428916406865711,16.06999969482422,0.689220904851684,-0.2428916406865711,16.06999969482422,2019-09-26,2019,3,9
2019-09-27,129.75076293945312,-1.297130211564701,52.54109954833984,-0.48661608872683226,4.266549110412598,-3.146461987895799,23.26236343383789,-1.0003076446031045,49.05831146240234,0.24091475898311288,145.73863220214844,-2.6782337174932724,277.5400085449219,-2.2092206291560834,28.71999931335449,-2.5449610365621322,65.90377807617188,-0.9308313899438314,2961.7900390625,-0.5316352490240539,17.219999313354492,7.15618942357954,-0.5316352490240539,17.219999313354492,2019-09-27,2019,3,9
2019-09-30,130.97547912597656,0.9438990251602108,53.777679443359375,2.353547804765377,4.323929309844971,1.3448854788131959,23.42613410949707,0.7040156350620608,49.91088485717773,1.7378775774392397,145.91558837890625,0.12142022611572045,276.25,-0.4648009314711432,28.989999771118164,0.9401130369739441,65.60277557373047,-0.45673026832164787,2976.739990234375,0.5047606675254723,16.239999771118164,-5.69105447917363,0.5047606675254723,16.239999771118164,2019-09-30,2019,3,9
2019-10-01,129.1290283203125,-1.4097683154020602,53.926544189453125,0.2768151166703703,4.322190284729004,-0.04021862966184786,23.32261276245117,-0.4419053803842665,48.7952880859375,-2.23517730537649,145.1783447265625,-0.5052535239958855,272.7099914550781,-1.2814510569852944,28.76000022888184,-0.793375453784817,64.9061508178711,-1.0618830526102463,2940.25,-1.2258373372913245,18.559999465942383,14.285712607891753,-1.2258373372913245,18.559999465942383,2019-10-01,2019,4,10
2019-10-02,126.84920501708984,-1.7655389596577864,52.5747184753418,-2.506790921669544,4.298344612121582,-0.5517034428510148,22.91699981689453,-1.7391402485130825,48.20576477050781,-1.2081562350680808,141.76736450195312,-2.3495103426298347,266.6600036621094,-2.218469429993486,28.309999465942383,-1.5646757974902559,63.6333122253418,-1.9610446413636962,2887.610107421875,-1.7903202985502964,20.559999465942383,10.77586237903725,-1.7903202985502964,20.559999465942383,2019-10-02,2019,4,10
2019-10-03,128.38479614257812,1.2105642485354062,53.02132034301758,0.8494612631834597,4.503773212432861,4.7792491958871475,23.28697395324707,1.614409125577554,48.849708557128906,1.3358231939410325,144.50009155273438,1.9276136368773455,272.3999938964844,2.152550122082908,28.68000030517578,1.3069616609442836,65.12977600097656,2.351698698844107,2910.6298828125,0.797191259701524,19.1200008392334,-7.003884553082507,0.797191259701524,19.1200008392334,2019-10-03,2019,4,10
2019-10-04,130.11814880371094,1.3501229999289155,54.507606506347656,2.8031858763883255,4.520167350769043,0.3640089667686919,23.88096237182617,2.5507325244217727,50.01063919067383,2.376535434571192,145.51255798339844,0.700668366216628,276.9599914550781,1.674007951823464,29.01000022888184,1.1506273368013353,66.6434326171875,2.324062370778379,2952.010009765625,1.4216897585460186,17.040000915527344,-10.878660211342595,1.4216897585460186,17.040000915527344,2019-10-04,2019,4,10
2019-10-07,129.17608642578125,-0.7240053648095102,54.51961517333984,0.02203117649419717,4.578789710998535,1.2969068549977036,23.426979064941406,-1.901026013174223,49.70226287841797,-0.6166214174550433,146.26947021484375,0.520169696646855,276.8999938964844,-0.02166289732987714,28.93000030517578,-0.27576671173691336,65.65435028076172,-1.4841407436307463,2938.7900390625,-0.4478294673592398,17.860000610351562,4.812204523281527,-0.4478294673592398,17.860000610351562,2019-10-07,2019,4,10
2019-10-08,127.81011199951172,-1.057451471139248,53.88091659545898,-1.1715023590136875,4.40242338180542,-3.851811075085465,22.939062118530277,-2.082713887516552,49.02204132080078,-1.3685927324499247,143.4286346435547,-1.9421931091405331,270.8299865722656,-2.1921298151013846,28.229999542236328,-2.4196362100079805,62.65290069580078,-4.571592852759421,2893.06005859375,-1.5560819201407838,20.280000686645508,13.549831990998506,-1.5560819201407838,20.280000686645508,2019-10-08,2019,4,10
2019-10-09,130.23121643066406,1.8942980279694765,54.51241302490234,1.1720224327003814,4.48886775970459,1.9635634831586701,23.178356170654297,1.0431727805066515,49.67796325683594,1.3380143265409927,144.5492401123047,0.7812982892397402,274.2699890136719,1.270170443437335,28.459999084472656,0.8147344880123475,63.94292068481445,2.058994834536265,2919.39990234375,0.9104492549941501,18.63999938964844,-8.08679113150631,0.9104492549941501,18.63999938964844,2019-10-09,2019,4,10
2019-10-10,131.04139709472656,0.6221094191298127,55.24714660644531,1.3478280280994737,4.54649829864502,1.2838546828615627,23.288671493530277,0.47594109808204443,50.552547454833984,1.7605073571080876,143.92010498046875,-0.4352393214569261,274.9800109863281,0.2588770193959755,28.3799991607666,-0.28109601644260573,64.47613525390625,0.8338914822488386,2938.1298828125,0.6415695380997066,17.56999969482422,-5.740341898393176,0.6415695380997066,17.56999969482422,2019-10-10,2019,4,10
2019-10-11,131.58782958984375,0.4169922690324901,56.71664810180664,2.6598685825882873,4.62002420425415,1.6171985730434102,23.83683586120605,2.3537811842468503,51.82798767089844,2.5229988997171438,146.8297576904297,2.021713860169716,278.2900085449219,1.2037229712520192,29.75,4.8273462993167815,65.96399688720703,2.307616031019233,2970.27001953125,1.0938977513132997,15.579999923706056,-11.326122969167596,1.0938977513132997,15.579999923706056,2019-10-11,2019,4,10
2019-10-14,131.46531677246094,-0.09310345627303596,56.63500595092773,-0.1439474186351153,4.633439064025879,0.2903634089054252,23.90047645568848,0.2669842375598197,51.43624496459961,-0.7558516622068079,146.8297576904297,0.0,277.7799987792969,-0.18326556827953366,30.530000686645508,2.6218510475479295,65.61997985839844,-0.5215224138052643,2966.14990234375,-0.13871187334510982,14.56999969482422,-6.482671590678568,-0.13871187334510982,14.56999969482422,2019-10-14,2019,4,10
2019-10-15,133.3683319091797,1.447541590009238,56.5029411315918,-0.2331858487846894,4.877864360809326,5.2752457387682306,24.63532447814941,3.074616624582105,51.336029052734375,-0.1948352021696076,150.14248657226562,2.2561699576051586,279.3900146484375,0.5796010786290662,30.71999931335449,0.6223341710964725,66.92723846435547,1.9921655093128265,2995.679931640625,0.9955676641137279,13.539999961853027,-7.069318836959793,0.9955676641137279,13.539999961853027,2019-10-15,2019,4,10
2019-10-16,132.27549743652344,-0.8194107679178608,56.27481842041016,-0.40373599429160967,4.824211120605469,-1.099933008283882,24.47919273376465,-0.6337718203113019,50.9078483581543,-0.8340744355981089,144.47061157226562,-3.7776615596878726,272.70001220703125,-2.3945030568914283,30.809999465942383,0.2929692532537498,67.27981567382812,0.5268067494827777,2989.68994140625,-0.19995427986508885,13.68000030517578,1.033975950643895,-0.19995427986508885,13.68000030517578,2019-10-16,2019,4,10
2019-10-17,131.59722900390625,-0.5127695194967474,56.49332809448242,0.3882903227511836,4.826198101043701,0.04118767584082583,24.559814453125,0.3293479496533802,50.16082000732422,-1.4674129332170494,143.68417358398438,-0.5443584544444602,269.239990234375,-1.2688015466715274,31.13999938964844,1.0710805888550556,67.91624450683594,0.9459431876169377,2997.949951171875,0.27628315736780706,13.789999961853027,0.8040910396444279,0.27628315736780706,13.789999961853027,2019-10-17,2019,4,10
2019-10-18,129.44931030273438,-1.6321914355112432,56.76466369628906,0.48029671991149936,4.731803894042969,-1.9558709573135658,24.33069610595703,-0.9328993409346231,49.69618988037109,-0.9262809636790048,141.6395721435547,-1.4229830533385779,265.5199890136719,-1.3816674177802635,30.96999931335449,-0.5459218998908,66.80680084228516,-1.6335468378837037,2986.199951171875,-0.39193449495069643,14.25,3.3357508297277683,-0.39193449495069643,14.25,2019-10-18,2019,4,10
2019-10-21,130.4102020263672,0.7422918835068737,57.74911117553711,1.7342610968598127,4.868923187255859,2.897822823670171,24.571691513061523,0.9904994335344419,50.22459030151367,1.0632614339540991,142.09173583984375,0.31923542936911353,266.8399963378906,0.4971404710892635,32.029998779296875,3.422665448640516,67.92483520507812,1.6735337550923601,3006.719970703125,0.6871616056117524,14.0,-1.7543859649122862,0.6871616056117524,14.0,2019-10-21,2019,4,10
2019-10-22,128.46954345703125,-1.4881186741383612,57.61706161499024,-0.22866076699515903,4.858987331390381,-0.20406680252186282,24.392641067504883,-0.7286858760271464,49.29534149169922,-1.8501869387801628,139.90948486328125,-1.5358042912658854,261.0899963378906,-2.1548493774969812,31.51000022888184,-1.623473525547381,67.48623657226562,-0.6457117363454556,2995.989990234375,-0.3568666378412577,14.460000038146973,3.285714558192665,-0.3568666378412577,14.460000038146973,2019-10-22,2019,4,10
2019-10-23,129.28919982910156,0.6380161009480467,58.39020919799805,1.3418726351825283,4.846069812774658,-0.26584795832399477,23.786767959594727,-2.4838356217083857,49.31356048583984,0.036958855724100736,142.661865234375,1.9672578837548915,261.32000732421875,0.0880964378391802,31.36000061035156,-0.4760381384979917,66.42842102050781,-1.5674537587009763,3004.52001953125,0.28471487971184484,14.010000228881836,-3.1120318677592684,0.28471487971184484,14.010000228881836,2019-10-23,2019,4,10
2019-10-24,131.83273315429688,1.9673208037155776,58.48624420166016,0.16447107311512443,4.890036582946777,0.9072665452779738,23.95563125610352,0.709904333348832,49.43199920654297,0.24017475018285328,145.60104370117188,2.0602411597298254,269.70001220703125,3.206798043754633,31.71999931335449,1.147955025498626,67.93343353271484,2.2656153632530263,3010.2900390625,0.192044635873323,13.710000038146973,-2.141328949562815,0.192044635873323,13.710000038146973,2019-10-24,2019,4,10
2019-10-25,132.5769805908203,0.5645391844014691,59.206581115722656,1.2316347611222467,5.080809116363525,3.901249616046565,24.59289932250977,2.6602015183544214,49.34999847412109,-0.16588593165989263,147.9307403564453,1.6000549144790766,270.9800109863281,0.47460093487659005,32.709999084472656,3.12105861459262,68.94828033447266,1.4938841583343354,3022.550048828125,0.4072700506109195,12.649999618530272,-7.731585825436438,0.4072700506109195,12.649999618530272,2019-10-25,2019,4,10
2019-10-28,135.8365478515625,2.458622338671579,59.799652099609375,1.0016977381746228,5.13670015335083,1.100042054469208,24.73970031738281,0.59692431115137,49.7781867980957,0.8676562050942138,152.1575927734375,2.8573185037858995,271.3500061035156,0.13653963472832764,33.689998626708984,2.996024364615568,71.42513275146484,3.5923338551401285,3039.419921875,0.5581337868471481,13.109999656677246,3.636364047577878,0.5581337868471481,13.109999656677246,2019-10-28,2019,4,10
2019-10-29,134.5552978515625,-0.943229212067509,58.41661834716797,-2.3127789274386745,5.0405683517456055,-1.871469985307883,24.45203971862793,-1.1627489220342735,49.9239387512207,0.2928028570349017,152.45248413085938,0.19380653442708784,271.45001220703125,0.03685502165695631,33.029998779296875,-1.9590379172318206,70.22970581054688,-1.6736782906342618,3036.889892578125,-0.08324053147991117,13.199999809265137,0.6865000377177743,-0.08324053147991117,13.199999809265137,2019-10-29,2019,4,10
2019-10-30,136.23219299316406,1.246249808351263,58.40941619873047,-0.012328937623018454,5.042555809020996,0.03942922973561025,24.6285400390625,0.7218224837910237,49.96949005126953,0.09124139879230775,155.58822631835938,2.056865262233698,278.4100036621094,2.5640048414401484,33.130001068115234,0.3027620118503993,70.0405044555664,-0.2694035989426746,3046.77001953125,0.325337015914573,12.329999923706056,-6.590908319168487,0.325337015914573,12.329999923706056,2019-10-30,2019,4,10
2019-10-31,135.06405639648438,-0.8574600254275477,59.73002624511719,2.2609540247646276,4.993372440338135,-0.9753658768609674,24.85001564025879,0.8992640280139019,49.64152145385742,-0.6563376914105135,153.8286895751953,-1.130893246101894,277.92999267578125,-0.1724115441306795,33.93000030517578,2.414727471380851,69.18048858642578,-1.2278836022464934,3037.56005859375,-0.3022860563304697,13.220000267028809,7.218169901295846,-0.3022860563304697,13.220000267028809,2019-10-31,2019,4,10
2019-11-01,135.39376831054688,0.24411521677878412,61.42521286010742,2.838081148723437,5.032371520996094,0.7810168603269219,25.16737365722656,1.2770938318993563,50.106143951416016,0.9359553936928888,157.0234375,2.0768219072964333,277.82000732421875,-0.039573041579143986,34.88999938964844,2.8293518297617393,71.8809585571289,3.9035138749121234,3066.909912109375,0.9662312168146059,12.300000190734863,-6.959153235332838,0.9662312168146059,12.300000190734863,2019-11-01,2019,4,11
2019-11-04,136.1756591796875,0.5774939857994266,61.828590393066406,0.6566970046610221,5.228857517242432,3.904441383680779,25.88101577758789,2.8355843962145633,50.51611709594727,0.818209329635855,154.91981506347656,-1.3396869091745867,277.5,-0.11518512554256066,36.290000915527344,4.01261550693599,73.17959594726562,1.8066500728487034,3078.27001953125,0.3704089049704651,12.829999923706056,4.308940851646681,0.3704089049704651,12.829999923706056,2019-11-04,2019,4,11
2019-11-05,136.0908966064453,-0.06224502510419061,61.7397689819336,-0.1436575062897849,5.206748962402344,-0.4228180777002155,26.64811134338379,2.963931448394619,50.71652603149414,0.3967227630861325,155.46046447753906,0.3489866121005658,289.2900085449219,4.248651727899766,36.150001525878906,-0.3857795153389909,73.49781799316406,0.43485078289822177,3074.6201171875,-0.1185699214361291,13.100000381469728,2.1044462928233587,-0.1185699214361291,13.100000381469728,2019-11-05,2019,4,11
2019-11-06,135.7140655517578,-0.2768965919720867,61.76617431640625,0.04276876138031849,5.157566070556641,-0.9445988696756835,26.57343101501465,-0.28024623361415646,50.74386596679688,0.05390735021117976,156.2271728515625,0.49318543888321464,287.3999938964844,-0.6533286987490339,35.93000030517578,-0.6085787314438429,72.78398132324219,-0.9712351868572,3076.780029296875,0.07024972279667807,12.619999885559082,-3.6641258162833257,0.07024972279667807,12.619999885559082,2019-11-06,2019,4,11
2019-11-07,135.90245056152344,0.13881023238064838,62.47903060913086,1.1541208446437023,5.175203323364258,0.3419685286884411,26.45293617248535,-0.45344104214926073,50.99895477294922,0.5026988017019507,156.78749084472656,0.3586559130122957,290.7699890136719,1.1725800935129094,36.27999877929688,0.974112082238654,77.38512420654297,6.32164220704905,3085.179931640625,0.27300951851503275,12.729999542236328,0.8716296170740545,0.27300951851503275,12.729999542236328,2019-11-07,2019,4,11
2019-11-08,137.5039825439453,1.1784423134422184,62.65003967285156,0.27370633323449134,5.161291599273682,-0.2688150246729304,26.594646453857425,0.5357071912473366,51.46357345581055,0.9110356965742472,158.3701171875,1.0094085530973684,292.4599914550781,0.5812162552053524,36.290000915527344,0.027569284914563674,80.86823272705078,4.501005272294067,3093.080078125,0.25606760900243053,12.06999969482422,-5.184602287080386,0.25606760900243053,12.06999969482422,2019-11-08,2019,4,11
2019-11-11,137.64527893066406,0.10275803224359947,63.146141052246094,0.7918612374151701,5.17122745513916,0.1925071597752126,26.53863906860352,-0.21059646478505112,51.40890884399414,-0.10622000795056374,159.02870178222656,0.41585155484025194,290.2699890136719,-0.7488212081626311,36.310001373291016,0.055112861006056946,78.98475646972656,-2.329068156690639,3087.010009765625,-0.19624672514313435,12.6899995803833,5.136701750083272,-0.19624672514313435,12.6899995803833,2019-11-11,2019,4,11
2019-11-12,138.5496826171875,0.6570539095489103,63.08833312988281,-0.09154624716568582,5.206748962402344,0.6869066884281461,26.77453994750977,0.8888959162390853,51.55467224121094,0.2835372321539298,160.0903778076172,0.667600259256651,291.7200012207031,0.4995391400806959,36.709999084472656,1.1016185515098087,78.2365493774414,-0.9472803686771281,3091.840087890625,0.15646460846321375,12.68000030517578,-0.07879649754266582,0.15646460846321375,12.68000030517578,2019-11-12,2019,4,11
2019-11-13,138.7757568359375,0.16317194993122897,63.692813873291016,0.9581498090363683,5.180915832519531,-0.496147021286264,26.61671257019043,-0.5894681201946028,51.20848846435547,-0.6714886581680957,159.8347930908203,-0.15965026774065194,293.5400085449219,0.6238884260945099,37.52000045776367,2.206487043018268,77.80653381347656,-0.5496351352234252,3094.0400390625,0.07115345908383919,13.0,2.5236568385065494,0.07115345908383919,13.0,2019-11-13,2019,4,11
2019-11-14,139.4823455810547,0.5091586320458807,63.25210189819336,-0.6919335923427639,5.211220264434815,0.5849242275867361,26.217885971069336,-1.498406679898412,51.09916305541992,-0.21349079462019693,160.2771453857422,0.2767559467922176,294.5299987792969,0.3372590466568459,38.34999847412109,2.212148204240405,77.81514739990234,0.011070518121814032,3096.6298828125,0.08370427393644686,13.050000190734863,0.3846168518066406,0.08370427393644686,13.050000190734863,2019-11-14,2019,4,11
2019-11-15,141.28167724609375,1.2900067442538354,64.00350952148438,1.1879567646628342,5.072116374969482,-2.6693151010077187,26.552217483520508,1.2752039307063034,51.3997917175293,0.588324043161581,160.4344024658203,0.09811572304938565,297.5,1.0083866611253711,38.560001373291016,0.5475955867681126,78.09896850585938,0.36473760628947804,3120.4599609375,0.7695488006902673,12.050000190734863,-7.662835137044455,0.7695488006902673,12.050000190734863,2019-11-15,2019,4,11
2019-11-18,141.6302032470703,0.24668874815909625,64.32622528076172,0.5042157245596313,5.273072242736816,3.961972733098884,26.39608764648437,-0.5880105386039336,51.19026565551758,-0.4076399047746815,160.0018768310547,-0.26959656290537204,297.1600036621094,-0.11428448332457819,39.880001068115234,3.4232356011753895,77.81514739990234,-0.36341210567427673,3122.030029296875,0.05031528617669423,12.460000038146973,3.4024883064097677,0.05031528617669423,12.460000038146973,2019-11-18,2019,4,11
2019-11-19,141.6773223876953,0.033269132956625924,64.1311264038086,-0.30329601356458014,5.166507244110107,-2.020928098861019,26.95867919921875,2.131344463880458,51.26314163208008,0.14236295832672496,161.17166137695312,0.7311067651622594,300.6000061035156,1.1576263289179822,41.290000915527344,3.535606343148845,75.64786529541016,-2.785167383098608,3120.179931640625,-0.05925944462060739,12.859999656677246,3.2102698018110276,-0.05925944462060739,12.859999656677246,2019-11-19,2019,4,11
2019-11-20,141.4315185546875,-0.17349553821689456,63.38455581665039,-1.1641314117225132,5.245747089385986,1.5337217491800281,26.44700050354004,-1.898010996375299,51.23582458496094,-0.05328789116203492,161.40756225585938,0.1463662264760801,300.1000061035156,-0.16633399529201176,40.97999954223633,-0.7507904248421515,73.63542175292969,-2.6602780324623043,3108.4599609375,-0.3756184245747196,12.779999732971191,-0.6220834046796964,-0.3756184245747196,12.779999732971191,2019-11-20,2019,4,11
2019-11-21,141.29916381835938,-0.09358220690881547,63.10036849975586,-0.44835419801092513,5.220907211303711,-0.47352412647828634,26.75078392028809,1.1486497937918783,51.226707458496094,-0.017794436878293407,160.11001586914062,-0.8038944201771092,298.79998779296875,-0.433195029692357,39.52000045776367,-3.5627113245033093,73.19681549072266,-0.595645752771945,3103.5400390625,-0.15827522106851566,13.130000114440918,2.738657189223237,-0.15827522106851566,13.130000114440918,2019-11-21,2019,4,11
2019-11-22,141.40322875976562,0.07364866046908336,63.04500198364258,-0.08774357017184986,5.238544464111328,0.3378196948114809,26.722780227661133,-0.10468363361014754,51.37247085571289,0.28454570759772757,160.04119873046875,-0.04298115786093293,299.29998779296875,0.16733601754577165,39.150001525878906,-0.9362321042485688,73.007568359375,-0.2585455802672776,3110.2900390625,0.21749356911917594,12.34000015258789,-6.016755178731126,0.21749356911917594,12.34000015258789,2019-11-22,2019,4,11
2019-11-25,142.95346069335938,1.0963200396417294,64.15042114257812,1.7533811153219725,5.494893550872803,4.893517436335482,27.12160301208496,1.4924449515586025,51.52734756469727,0.30147802199231855,158.95994567871094,-0.6756091933420194,305.2799987792969,1.9979990745821796,39.790000915527344,1.6347365637403355,73.3515853881836,0.4712073508806647,3133.639892578125,0.7507291353015866,11.869999885559082,-3.80875414276427,0.7507291353015866,11.869999885559082,2019-11-25,2019,4,11
2019-11-26,143.70968627929688,0.5290012443697645,63.64947891235352,-0.7808868925602619,5.390317916870117,-1.9031421270403803,26.837345123291016,-1.0480866070758599,51.48180389404297,-0.08838737642592465,159.77581787109375,0.5132564614936719,307.8999938964844,0.8582269155083644,38.9900016784668,-2.0105534522578017,72.78398132324219,-0.7738129475151623,3140.52001953125,0.21955703874654287,11.539999961853027,-2.7801173284553227,0.21955703874654287,11.539999961853027,2019-11-26,2019,4,11
2019-11-27,143.98382568359375,0.1907591696805211,64.50442504882812,1.343209954086011,5.425119400024414,0.6456295100030873,27.02147102355957,0.6860809048834016,51.572898864746094,0.17694595723687367,158.7633056640625,-0.6337080420067975,309.0599975585937,0.37674689350573054,39.40999984741211,1.0771945392791915,72.93019104003906,0.2008817244381511,3153.6298828125,0.4174424362754614,11.75,1.8197577022630362,0.4174424362754614,11.75,2019-11-27,2019,4,11
2019-11-29,143.09523010253906,-0.6171495838757535,64.36233520507812,-0.22027921904961278,5.387832164764404,-0.6873071818445542,26.832244873046875,-0.7002807150939816,51.144718170166016,-0.830243604694425,160.11985778808594,0.8544494071532238,309.5299987792969,0.1520744271066965,39.150001525878906,-0.6597267763000958,71.85515594482422,-1.4740604403800983,3140.97998046875,-0.4011219709926239,12.619999885559082,7.404254345183681,-0.4011219709926239,12.619999885559082,2019-11-29,2019,4,11
2019-12-02,141.36534118652344,-1.208907463076181,63.61817932128906,-1.1561977691113223,5.201642036437988,-3.455752195550388,26.36638832092285,-1.7361818003978402,50.49789047241211,-1.264700874099678,158.261962890625,-1.1603151059001116,302.75,-2.190417344372231,38.72999954223633,-1.072801959828662,70.90913391113281,-1.3165680614733222,3113.8701171875,-0.8631020716408422,14.90999984741211,18.14580017923335,-0.8631020716408422,14.90999984741211,2019-12-02,2019,4,12
2019-12-03,141.13851928710938,-0.16045085557059302,62.483848571777344,-1.7830292561235361,5.162116527557373,-0.7598659923873097,26.00999641418457,-1.351690274755868,49.73262405395508,-1.515442350755447,158.8223114013672,0.35406392067147685,303.9100036621094,0.38315562745148135,38.900001525878906,0.4389413520575536,69.30087280273438,-2.2680591620453217,3093.199951171875,-0.663809511563529,15.960000038146973,7.042254872437903,-0.663809511563529,15.960000038146973,2019-12-03,2019,4,12
2019-12-04,141.64895629882812,0.3616567711613783,63.03535461425781,0.882637761736027,5.205868244171143,0.8475538353349021,26.28152656555176,1.0439453625572748,49.56864929199219,-0.32971266865989834,153.76968383789062,-3.181308418757256,302.510009765625,-0.4606606823120307,39.68999862670898,2.0308407965087483,71.13825988769531,2.6513188227673234,3112.760009765625,0.632356747139462,14.800000190734863,-7.268169452628593,0.632356747139462,14.800000190734863,2019-12-04,2019,4,12
2019-12-05,141.724609375,0.053408848288483135,63.96014022827149,1.4670903648799305,5.188964366912842,-0.32470812678033756,26.40626716613769,0.47463224890988975,49.81462097167969,0.49622429338060936,155.52928161621094,1.1443073396543824,303.0299987792969,0.1718915066892368,39.619998931884766,-0.17636608023742228,71.58029174804688,0.621370077155925,3117.429931640625,0.15002511791302187,14.520000457763672,-1.89189006326147,0.15002511791302187,14.520000457763672,2019-12-05,2019,4,12
2019-12-06,143.4449920654297,1.2138912910160782,65.19559478759766,1.931600767160413,5.274229049682617,1.6431926824061582,26.81866836547852,1.5617550059088714,49.95128631591797,0.274347855253132,155.3228302001953,-0.13274118794238676,306.2300109863281,1.056005088579326,39.630001068115234,0.025245170368792813,72.64630889892578,1.489260695710981,3145.909912109375,0.9135724328457329,13.619999885559082,-6.198350852829138,0.9135724328457329,13.619999885559082,2019-12-06,2019,4,12
2019-12-09,143.07635498046875,-0.25698846620786364,64.28287506103516,-1.399971469753547,5.274229049682617,0.0,26.67696189880371,-0.5283874081429607,50.38856887817383,0.8754180212502627,154.80186462402344,-0.33540824327009666,307.04998779296875,0.2677650057875125,38.93000030517578,-1.7663405098988116,73.59968566894531,1.3123540403766176,3135.9599609375,-0.316282139344648,15.859999656677246,16.446400807192198,-0.316282139344648,15.859999656677246,2019-12-09,2019,4,12
2019-12-10,142.85894775390625,-0.15195189071749438,64.65856170654297,0.5844272602168354,5.319222927093506,0.8530891811305841,26.73465919494629,0.21628136052915803,50.85318756103516,0.9220715991848483,153.74020385742188,-0.6858191076574482,304.1700134277344,-0.937949675860672,39.43999862670898,1.3100393463531201,72.90634155273438,-0.9420476594555471,3132.52001953125,-0.10969340964486207,15.68000030517578,-1.134926578801565,-0.10969340964486207,15.68000030517578,2019-12-10,2019,4,12
2019-12-11,143.3977508544922,0.3771574052988891,65.21004486083984,0.8529159012225174,5.40274715423584,1.5702336278651252,27.13008689880371,1.4790826431487547,51.299591064453125,0.8778279687623902,153.73037719726562,-0.00639173092639167,303.739990234375,-0.14137593266126958,39.470001220703125,0.07607148843515876,75.39373779296875,3.4117693841971164,3141.6298828125,0.2908158040315856,14.989999771118164,-4.400513524415272,0.2908158040315856,14.989999771118164,2019-12-11,2019,4,12
2019-12-12,144.8534698486328,1.0151616642981809,65.37625885009766,0.2548901624167321,5.570045471191406,3.0965416699984205,27.815723419189453,2.527218298058509,51.44534683227539,0.28412656864873487,155.8929901123047,1.4067570472841684,305.9599914550781,0.7308886850855956,42.59000015258789,7.904734824908588,77.17915344238281,2.3681219444469104,3168.570068359375,0.8575225775086182,13.9399995803833,-7.004671159221365,0.8575225775086182,13.9399995803833,2019-12-12,2019,4,12
2019-12-13,146.0728302001953,0.8417888455393596,66.26490020751953,1.359272269555012,5.568056106567383,-0.03571541084023133,26.76520538330078,-3.776705786353707,49.65975189208984,-3.470858007833122,158.3897705078125,1.601598887614597,317.94000244140625,3.9155482157499977,41.150001525878906,-3.381072133246954,76.12176513671875,-1.3700439283173105,3168.800048828125,0.007258178414493166,12.630000114440918,-9.397413955347922,0.007258178414493166,12.630000114440918,2019-12-13,2019,4,12
2019-12-16,147.01812744140625,0.647141045953159,67.39922332763672,1.7118008426253883,5.596892833709717,0.5178957717096644,27.41944694519043,2.4443734039038656,49.18601989746094,-0.9539556211603961,159.2056427001953,0.5151040940125418,323.79998779296875,1.8431104317055746,42.34999847412109,2.9161528645084367,76.64179229736328,0.6831517368397044,3191.449951171875,0.7147785279833618,12.140000343322754,-3.879649775758176,0.7147785279833618,12.140000343322754,2019-12-16,2019,4,12
2019-12-17,146.22409057617188,-0.5400945305542915,67.53168487548828,0.1965327511381787,5.674948215484619,1.3946199095465905,27.476301193237305,0.20735009046872754,48.13833618164063,-2.1300436953517132,158.8813018798828,-0.20372445022145413,322.8500061035156,-0.29338533825409296,42.77000045776367,0.9917402568484945,76.54644012451172,-0.12441276488107667,3192.52001953125,0.033529222633799094,12.289999961853027,1.2355816662952268,0.033529222633799094,12.289999961853027,2019-12-17,2019,4,12
2019-12-18,145.92160034179688,-0.2068675778273521,67.37032318115234,-0.23894220118074738,5.705275535583496,0.5344069927567974,27.78517341613769,1.1241404755615747,48.63941192626953,1.0409079008011135,158.73382568359375,-0.0928216187456421,324.3800048828125,0.4739039028564651,42.29999923706055,-1.0989039412502732,76.25178527832031,-0.38493605412885934,3191.139892578125,-0.043230017186479675,12.579999923706056,2.3596416822877275,-0.043230017186479675,12.579999923706056,2019-12-18,2019,4,12
2019-12-19,147.18826293945312,0.8680432469828414,67.43775177001953,0.10008648568580192,5.853183269500732,2.5924731065965823,27.50175666809082,-1.0200287174823353,48.50275421142578,-0.2809608698618793,160.5523681640625,1.1456552959881794,327.6300048828125,1.0019113234720267,42.83000183105469,1.2529612377150778,76.69378662109375,0.5796603202929962,3205.3701171875,0.4459292004863613,12.5,-0.6359294450813402,0.4459292004863613,12.5,2019-12-19,2019,4,12
2019-12-20,148.7952117919922,1.0917642619371781,67.29805755615234,-0.20714541959165889,5.950380802154541,1.6605926754468259,27.34318733215332,-0.5765789358520568,48.83072280883789,0.676185513058658,161.7516326904297,0.7469615927070627,327.6099853515625,-0.006110408372750342,44.150001525878906,3.0819510585851306,77.00579833984375,0.4068278963607508,3221.219970703125,0.4944781081796634,12.510000228881836,0.08000183105467684,0.4944781081796634,12.510000228881836,2019-12-20,2019,4,12
2019-12-23,148.7952117919922,0.0,68.39625549316406,1.631841953380908,5.936707973480225,-0.2297807338543012,27.38861656188965,0.16614460188737468,48.930938720703125,0.2052312685551616,160.9553985595703,-0.49225724502161006,328.95001220703125,0.4090311392770163,45.459999084472656,2.9671517855461182,76.65911102294922,-0.45020936652656607,3224.010009765625,0.08661436002121992,12.609999656677246,0.7993559229882541,0.08661436002121992,12.609999656677246,2019-12-23,2019,4,12
2019-12-24,148.76686096191406,-0.01905359032504661,68.4613037109375,0.09510494003570624,5.931735992431641,-0.08374979990247722,27.471759796142575,0.30356857954123573,48.68496322631836,-0.5026993162522198,160.47372436523438,-0.2992594213344524,329.6400146484375,0.20975905633102698,46.540000915527344,2.375718989892306,76.93645477294922,0.3617883723135984,3223.3798828125,-0.019544819997963092,12.670000076293944,0.4758161875518141,-0.019544819997963092,12.670000076293944,2019-12-24,2019,4,12
2019-12-26,149.98629760742188,0.8196964281043773,69.819580078125,1.984005991066895,5.945905685424805,0.23887936029591827,27.25575065612793,-0.7862952414318003,48.80338668823242,0.2432444312703952,161.71231079101562,0.7718312955473428,331.20001220703125,0.47324277674769544,46.630001068115234,0.19338236101724693,76.61576843261719,-0.41681975245470015,3239.909912109375,0.5128166675301138,12.649999618530272,-0.1578568085496168,0.5128166675301138,12.649999618530272,2019-12-26,2019,4,12
2019-12-27,150.2604217529297,0.18276612589325225,69.79309844970703,-0.037928656099528446,5.888234615325928,-0.9699291100470409,27.131467819213867,-0.45598757664786493,48.70317459106445,-0.20533840777925416,162.17430114746094,0.2856865715328061,330.7900085449219,-0.12379337167810478,46.18000030517578,-0.9650455771641697,76.96245574951172,0.45250125918849804,3240.02001953125,0.003398471712534601,13.43000030517578,6.166013519106595,0.003398471712534601,13.43000030517578,2019-12-27,2019,4,12
2019-12-30,148.96539306640625,-0.8618561504191935,70.20732879638672,0.5935119028684266,5.77512788772583,-1.920893697165238,26.86832046508789,-0.9698972273797235,48.01080322265625,-1.4216144516690954,159.67750549316406,-1.5395754053699306,328.3399963378906,-0.7406548395486157,45.52000045776367,-1.4291897857309888,76.64179229736328,-0.41664919476074314,3221.2900390625,-0.5780822450430323,14.81999969482422,10.349957990043745,-0.5780822450430323,14.81999969482422,2019-12-30,2019,4,12
2019-12-31,149.06935119628906,0.06978676573321518,70.72029876708984,0.7306501749850369,5.84920597076416,1.2827089629611876,27.08775520324707,0.8167043356666293,48.26588821411133,0.5313074856758471,159.87411499023438,0.12312911356116008,329.8099975585937,0.4477070223239954,45.86000061035156,0.7469247565218273,76.46842956542969,-0.22619869230218193,3230.780029296875,0.2946021661910603,13.779999732971191,-7.01754374675353,0.2946021661910603,13.779999732971191,2019-12-31,2019,4,12
2020-01-02,151.8295440673828,1.8516166126323563,72.3338623046875,2.281613010306649,5.963803291320801,1.9591944809163486,27.633758544921875,2.015683239818089,49.14958190917969,1.830886631875961,164.15011596679688,2.674604939532399,334.42999267578125,1.4008050548457884,49.09999847412109,7.06497562287034,76.86713409423828,0.5213975637716528,3257.85009765625,0.8378802677341701,12.470000267028809,-9.506527513262341,0.8378802677341701,12.470000267028809,2020-01-02,2020,1,1
2020-01-03,149.93896484375,-1.2451985120852105,71.63063049316406,-0.9722027679944123,5.868345737457275,-1.6006153992779382,26.93089485168457,-2.54349654280549,48.97649383544922,-0.35216591272395625,163.34408569335938,-0.49103241182024693,331.8099975585937,-0.7834210969611122,48.59999847412109,-1.0183299705468052,75.41975402832031,-1.8829634836437292,3234.85009765625,-0.7059870562045378,14.020000457763672,12.429832859211132,-0.7059870562045378,14.020000457763672,2020-01-03,2020,1,1
2020-01-06,150.32656860351562,0.2585076935601949,72.201416015625,0.7968455931927076,5.89295768737793,0.41940183864010994,26.890605926513672,-0.14960113799701302,49.2315788269043,0.5208314672587866,170.500244140625,4.381033091519249,333.7099914550781,0.5726150237980399,48.38999938964844,-0.4320968951973758,74.97775268554688,-0.5860551369704314,3246.280029296875,0.35333728907271933,13.850000381469728,-1.212553999595667,0.35333728907271933,13.850000381469728,2020-01-06,2020,1,1
2020-01-07,148.9559326171875,-0.9117722828777874,71.8618392944336,-0.4703186446065266,5.964300632476807,1.2106475030642994,26.79803466796875,-0.34425129280425404,49.34088516235352,0.22202484270013034,173.00689697265625,1.4701755089358226,333.3900146484375,-0.09588469474510752,48.25,-0.28931471670650133,77.10980987548828,2.843586415403987,3237.179931640625,-0.2803238652896223,13.789999961853027,-0.4332160141813257,-0.2803238652896223,13.789999961853027,2020-01-07,2020,1,1
2020-01-08,151.3285675048828,1.5928434980786665,73.01783752441406,1.6086399142166252,5.975485801696777,0.18753530227946236,26.463747024536133,-1.247433431497813,49.53306198120117,0.38948798388052097,174.31427001953125,0.7556768370232225,337.8699951171875,1.3437656414137633,47.83000183105469,-0.8704625263115329,76.88444519042969,-0.2922646099406734,3253.050048828125,0.49024513689781557,13.449999809265137,-2.4655558631502927,0.49024513689781557,13.449999809265137,2020-01-08,2020,1,1
2020-01-09,153.21913146972656,1.2493106860228087,74.56878662109375,2.1240687882068787,6.041114807128906,1.0983040979445136,26.251169204711918,-0.8032793679108363,49.76182174682617,0.46183247405908734,176.545654296875,1.2800927182230915,340.45001220703125,0.7636123737323475,48.970001220703125,2.3834399874688383,77.92447662353516,1.3527202160716456,3274.699951171875,0.6655262605488987,12.539999961853027,-6.76579821796911,0.6655262605488987,12.539999961853027,2020-01-09,2020,1,1
2020-01-10,152.51010131835938,-0.46275562624976674,74.73735809326172,0.226061707326064,6.073429584503174,0.5349141409485281,25.64773368835449,-2.2986995803947474,49.82588577270508,0.12874131940918687,177.1354522705078,0.334076744047751,339.8099975585937,-0.18799078439990513,48.16999816894531,-1.6336594482656341,78.22782135009766,0.38928041573895733,3265.35009765625,-0.2855178689662563,12.5600004196167,0.15949328408704222,-0.2855178689662563,12.5600004196167,2020-01-10,2020,1,1
2020-01-13,154.34397888183594,1.202463015645372,76.3340835571289,2.136448898654808,6.263845443725586,3.1352279066225286,25.81573867797852,0.6550480898837252,49.94485092163086,0.2387617341485404,180.72337341308597,2.025524025026315,345.6300048828125,1.7127239828237384,48.75,1.2040727695701081,78.84319305419922,0.7866404732755461,3288.1298828125,0.6976215252569862,12.31999969482422,-1.910833732279471,0.6976215252569862,12.31999969482422,2020-01-13,2020,1,1
2020-01-14,153.25694274902344,-0.7042944860484179,75.3033447265625,-1.3502996073765594,6.147011280059815,-1.8652146627085475,26.415748596191406,2.3242020137301367,50.219364166259766,0.5496327240212429,179.0228271484375,-0.9409664242828519,344.6300048828125,-0.28932673259634,48.209999084472656,-1.1076941856971168,78.48783874511719,-0.450710194902626,3283.14990234375,-0.1514532772802224,12.390000343322754,0.5681870960430491,-0.1514532772802224,12.390000343322754,2020-01-14,2020,1,1
2020-01-15,154.24948120117188,0.6476303352689561,74.98060607910156,-0.4285847443202595,6.104501724243164,-0.691548361958394,25.98373794555664,-1.635428384933424,50.10954666137695,-0.21867561787369816,177.98085021972656,-0.5820357913613905,342.94000244140625,-0.490381689772168,48.54999923706055,0.7052482037847474,77.71648406982422,-0.9827696718696544,3289.2900390625,0.18701968845122874,12.420000076293944,0.24212858869980813,0.18701968845122874,12.420000076293944,2020-01-15,2020,1,1
2020-01-16,157.0758056640625,1.8323072731794454,75.91986083984375,1.2526636017736514,6.188028335571289,1.3682789374341642,26.318883895874023,1.2898296273600396,50.72265625,1.223538486121667,179.58314514160156,0.9002625394231467,345.3800048828125,0.7114954289484388,49.77000045776367,2.512875880277754,79.55387115478516,2.3642179737700664,3316.81005859375,0.8366553026468271,12.31999969482422,-0.8051560455349271,0.8366553026468271,12.31999969482422,2020-01-16,2020,1,1
2020-01-17,157.95489501953125,0.5596593006492956,76.76036071777344,1.1070882752311162,6.196727275848389,0.14057693024924767,26.4680290222168,0.5666848447405393,50.44813537597656,-0.5412194358875633,179.13092041015625,-0.25181913986901394,349.739990234375,1.2623734118718977,50.93000030517578,2.330720990040014,83.12466430664062,4.488522180030574,3329.6201171875,0.3862162248501333,12.100000381469728,-1.7857087565263163,0.3862162248501333,12.100000381469728,2020-01-17,2020,1,1
2020-01-21,157.38775634765625,-0.35905102643692954,76.24015808105469,-0.6776969673597422,6.163417816162109,-0.5375330913158338,26.406309127807617,-0.23318659034783362,50.53048706054688,0.16324029412895236,182.1192626953125,1.668244811288777,350.0,0.07434373331192123,51.04999923706055,0.23561541560126464,81.93730926513672,-1.42840281089599,3320.7900390625,-0.26519776473655776,12.850000381469728,6.198346912026298,-0.26519776473655776,12.850000381469728,2020-01-21,2020,1,1
2020-01-22,156.63150024414062,-0.4805050412213241,76.51231384277344,0.3569716650238419,6.217360496520996,0.8752072627209229,26.826322555541992,1.5905798334083343,50.07295227050781,-0.9054628535261067,179.64210510253906,-1.3601842858971702,350.0599975585937,0.017142159598204643,51.43000030517578,0.744370369822378,80.57658386230469,-1.6606908562605271,3321.75,0.02890760711180551,12.90999984741211,0.4669219000872804,0.02890760711180551,12.90999984741211,2020-01-22,2020,1,1
2020-01-23,157.59573364257812,0.6156063096724118,76.88078308105469,0.48158161709555003,6.285721778869629,1.099522576934131,27.398900985717773,2.1343903138057785,50.31085968017578,0.4751215953529675,180.8511657714844,0.6730385775958414,351.760009765625,0.4856345251921468,51.709999084472656,0.5444269446537309,79.73588562011719,-1.0433530461208762,3325.5400390625,0.11409766124783616,12.979999542236328,0.5422129794854458,0.11409766124783616,12.979999542236328,2020-01-23,2020,1,1
2020-01-24,156.0076141357422,-1.007717322118462,76.65922546386719,-0.2881833512984877,6.226559638977051,-0.9412147399119775,27.77176094055176,1.3608573388704581,49.478153228759766,-1.6551226846639011,179.0129852294922,-1.0164051385296857,351.3699951171875,-0.11087520969121911,50.34999847412109,-2.6300534411727527,77.69916534423828,-2.5543332967823074,3295.469970703125,-0.9042160974207403,14.5600004196167,12.172580378289855,-0.9042160974207403,14.5600004196167,2020-01-24,2020,1,1
2020-01-27,153.3987274169922,-1.6722816595861834,74.40502166748047,-2.9405512288266267,5.97101354598999,-4.104129853465011,26.488603591918945,-4.620367254995261,48.21535110473633,-2.552241831227886,177.63681030273438,-0.7687570401630817,346.8999938964844,-1.2721636118110502,49.2599983215332,-2.1648464461188066,75.44573211669922,-2.9002026180789175,3243.6298828125,-1.5730711659182384,18.229999542236328,25.206037203646204,-1.5730711659182384,18.229999542236328,2020-01-27,2020,1,1
2020-01-28,156.40467834472656,1.9595670566178391,76.50989532470703,2.8289403188851203,6.164163589477539,3.2347949305401302,27.28403854370117,3.0029327481230217,48.91995620727539,1.4613708837429629,179.7404022216797,1.1842094638832457,354.6300048828125,2.228311075910483,50.52999877929688,2.578157736575726,77.26580810546875,2.41243068057746,3276.239990234375,1.0053584595046017,16.280000686645508,-10.696647858234709,1.0053584595046017,16.280000686645508,2020-01-28,2020,1,1
2020-01-29,158.84349060058594,1.5592962318454973,78.11143493652344,2.093245069829841,6.103756427764893,-0.979973370852194,27.21546745300293,-0.25132309715956147,48.682037353515625,-0.486343145426571,178.6787567138672,-0.5906549082399071,351.6600036621094,-0.8374929306065204,47.5099983215332,-5.976648586425515,76.46842956542969,-1.0319940470312927,3273.39990234375,-0.08668741908683941,16.389999389648438,0.6756676803653994,-0.08668741908683941,16.389999389648438,2020-01-29,2020,1,1
2020-01-30,163.3240509033203,2.820739009066986,77.99824523925781,-0.14490797327895155,6.110468864440918,0.10997222375210836,27.017465591430664,-0.7275343034771842,48.78269958496094,0.20677489463789556,182.512451171875,2.145579322642721,356.739990234375,1.4445733149530238,48.77999877929688,2.673122506064307,76.07843017578125,-0.5100135988993171,3283.659912109375,0.3134358792605374,15.489999771118164,-5.491151019192186,0.3134358792605374,15.489999771118164,2020-01-30,2020,1,1
2020-01-31,160.9136199951172,-1.4758579002121297,74.53987884521484,-4.43390281849868,5.877296447753906,-3.815949673582797,26.156883239746094,-3.1852815682220315,47.995731353759766,-1.6132117285362013,179.20956420898438,-1.809677609217053,351.1400146484375,-1.5697639006656772,47.0,-3.6490340792143416,73.93769836425781,-2.8138485594106255,3225.52001953125,-1.770582037552626,18.84000015258789,21.626858818396897,-1.770582037552626,18.84000015258789,2020-01-31,2020,1,1
2020-02-03,164.8365020751953,2.437880696610484,74.33519744873047,-0.2745931435029658,5.974245548248291,1.6495526702832164,26.162887573242188,0.022955080087561086,48.58137893676758,1.220207644490734,182.2666931152344,1.705896066286372,358.0,1.9536324729127585,48.02000045776367,2.1702137399226995,74.95172119140625,1.3714557655728044,3248.919921875,0.7254613892351713,17.969999313354492,-4.617838812033625,0.7254613892351713,17.969999313354492,2020-02-03,2020,1,2
2020-02-04,170.26234436035156,3.2916509491818013,76.78926849365234,3.30135807685783,6.143282890319824,2.82943412195531,26.70888900756836,2.0869310881593606,49.45070266723633,1.7894175700534198,185.13702392578125,1.5747972169178226,366.739990234375,2.441338054294695,49.45000076293945,2.9779264713534204,77.07514953613281,2.8330614840770707,3297.590087890625,1.4980414164082134,16.049999237060547,-10.6844749563629,1.4980414164082134,16.049999237060547,2020-02-04,2020,1,2
2020-02-05,170.05438232421875,-0.12214211951214748,77.4154281616211,0.8154260097171129,6.233518600463867,1.468851618183331,27.204328536987305,1.8549612051574016,50.09126281738281,1.2953509568042865,182.3354949951172,-1.5132191666790251,365.5499877929688,-0.3244812327790281,49.84000015258789,0.7886741832787258,78.79121398925781,2.2264821585853856,3334.68994140625,1.125059589785371,15.149999618530272,-5.607474525307854,1.125059589785371,15.149999618530272,2020-02-05,2020,1,2
2020-02-06,173.5802764892578,2.0733921213019535,78.3209457397461,1.1696861977363637,6.32027530670166,1.391777450240328,27.40233039855957,0.7278321951709188,50.06380462646485,-0.054816327985307556,183.55442810058597,0.6685111450743131,367.4599914550781,0.5225013612067286,49.31999969482422,-1.0433395990603223,78.53117370605469,-0.33003715774525544,3345.780029296875,0.3325672876785646,14.960000038146973,-1.25412267437226,0.3325672876785646,14.960000038146973,2020-02-06,2020,1,2
2020-02-07,173.82603454589844,0.1415817866011082,77.25634765625,-1.3592763384569717,6.254151344299316,-1.0462196533152501,27.020034790039062,-1.3951207906777285,50.07295227050781,0.01827197135977343,182.5615997314453,-0.5408904483615085,366.0899963378906,-0.37282837561786186,49.72999954223633,0.8313054540735054,75.76641845703125,-3.5205831245716857,3327.7099609375,-0.5400853672730133,15.470000267028809,3.409092430356764,-0.5400853672730133,15.470000267028809,2020-02-07,2020,1,2
2020-02-10,178.372802734375,2.6157003468177287,77.62329864501953,0.4749784320665418,6.537042140960693,4.523248336790453,26.931753158569336,-0.32672656477211737,50.32002258300781,0.4934207017897707,185.9037628173828,1.8307043161617464,370.0,1.068044388325906,52.2599983215332,5.087469942862377,76.78911590576172,1.3498030784053316,3352.090087890625,0.7326397804890528,15.039999961853027,-2.779575292524339,0.7326397804890528,15.039999961853027,2020-02-10,2020,1,2
2020-02-11,174.34591674804688,-2.2575672549838166,77.15498352050781,-0.603317731514319,6.659344673156738,1.87091546235727,27.44261741638184,1.8968845243925392,50.46643829345703,0.29096908732044735,185.89393615722656,-0.005285885561068238,369.2799987792969,-0.19459492451435745,53.79999923706055,2.946806285856307,78.00248718261719,1.5801344533573847,3357.75,0.16884725532351208,15.18000030517578,0.9308533489218451,0.16884725532351208,15.18000030517578,2020-02-11,2020,1,2
2020-02-12,174.60116577148438,0.14640378633379303,78.98723602294922,2.374768833894425,6.774936676025391,1.7357864556041713,27.83176040649414,1.418024324020939,50.99718475341797,1.0516820245461078,186.23800659179688,0.18508964933601213,374.2900085449219,1.3566967564412558,53.88999938964844,0.16728653134607807,79.49319458007812,1.91110239083907,3379.449951171875,0.6462646466197652,13.739999771118164,-9.486169335363137,0.6462646466197652,13.739999771118164,2020-02-12,2020,1,2
2020-02-13,173.65585327148438,-0.5414124790193098,78.42474365234375,-0.7121307174769886,6.731186866760254,-0.6457596780196528,27.769187927246094,-0.22482400801872027,50.61285781860352,-0.7536238258498917,185.43191528320312,-0.4328285742236093,374.8399963378906,0.146941617572649,54.52999877929688,1.1876032601540132,78.02848815917969,-1.8425557415772897,3373.93994140625,-0.16304457368023773,14.149999618530272,2.983987294337065,-0.16304457368023773,14.149999618530272,2020-02-13,2020,1,2
2020-02-14,175.2061309814453,0.8927298911930892,78.44407653808594,0.024651512828510747,7.203746318817139,7.02044767751826,27.237754821777344,-1.9137509777422346,50.75926208496094,0.289262991001471,186.7196502685547,0.6944516446291571,379.6700134277344,1.2885543530658516,55.310001373291016,1.4304100705211598,77.65581512451172,-0.47761150249087114,3380.159912109375,0.18435333204338544,13.68000030517578,-3.321550007245233,0.18435333204338544,13.68000030517578,2020-02-14,2020,1,2
2020-02-18,176.9832305908203,1.0142907667787027,77.00772857666016,-1.831047065393665,7.372287273406982,2.339629230829421,26.636032104492188,-2.2091494736712347,50.7409553527832,-0.0360657965182587,187.8402557373047,0.6001540101099545,378.8500061035156,-0.2159789541490431,56.88999938964844,2.8566226308582188,76.29511260986328,-1.7522223061682052,3370.2900390625,-0.2919942636890105,14.829999923706056,8.40642977248458,-0.2919942636890105,14.829999923706056,2020-02-18,2020,1,2
2020-02-19,177.51405334472656,0.2999282768961775,78.12301635742188,1.4482803237748643,7.822971820831299,6.113225525679233,27.05946922302246,1.5897154533721203,50.7318115234375,-0.018020609352209505,189.5899810791016,0.931496464870607,383.2799987792969,1.1693262780549718,58.900001525878906,3.5331379113992423,78.48783874511719,2.874006027707776,3386.14990234375,0.4705785881164548,14.380000114440918,-3.034388479974326,0.4705785881164548,14.380000114440918,2020-02-19,2020,1,2
2020-02-20,174.80319213867188,-1.5271248416542482,77.321533203125,-1.025924486363916,7.673821926116943,-1.9065631083726164,26.50659942626953,-2.043165711035244,50.79585266113281,0.12623467558561252,190.07167053222656,0.25406904435736344,378.9599914550781,-1.1271152520291872,57.27000045776367,-2.7674041186553477,77.54315185546875,-1.2036092530413933,3373.22998046875,-0.381551976362815,15.5600004196167,8.205843503372323,-0.381551976362815,15.5600004196167,2020-02-20,2020,1,2
2020-02-21,169.27716064453125,-3.161287517997269,75.57135772705078,-2.2635033263974202,7.3101396560668945,-4.7392586582221785,26.100311279296875,-1.532781102694003,50.036354064941406,-1.4951980455139569,186.2772979736328,-1.9962851633644196,372.9500122070313,-1.5859139179760229,53.27999877929688,-6.9670013036046585,75.42841339111328,-2.7271763060354948,3337.75,-1.051810302712286,17.079999923706055,9.768634081610127,-1.051810302712286,17.079999923706055,2020-02-21,2020,1,2
2020-02-24,161.9787139892578,-4.311536551938988,71.9817123413086,-4.75000779886382,6.793331623077393,-7.069742266286094,24.99458694458008,-4.236441178361994,48.17874526977539,-3.7125182877134733,182.77789306640625,-1.8785997785526698,357.4100036621094,-4.166780543311899,49.119998931884766,-7.807807700304559,72.21295928955078,-4.262921566293121,3225.889892578125,-3.351362667122315,25.030000686645508,46.545672122078365,-3.351362667122315,25.030000686645508,2020-02-24,2020,1,2
2020-02-25,159.30580139160156,-1.6501628712977112,69.54351043701172,-3.3872518796661755,6.5141706466674805,-4.109338273161645,24.230005264282227,-3.058989060283912,46.63226318359375,-3.2098845196614434,178.187255859375,-2.5115932403069086,347.79998779296875,-2.6887931984762803,47.56999969482422,-3.1555359746850753,69.5262222290039,-3.7205746544383023,3128.2099609375,-3.0279995565056117,27.850000381469727,11.266478695419302,-3.0279995565056117,27.850000381469727,2020-02-25,2020,1,2
2020-02-26,161.29623413085938,1.249441465326795,70.64672088623047,1.5863600245172638,6.653378009796143,2.136992883351585,24.504289627075195,1.1320029021920863,47.629695892333984,2.1389326630219196,175.82810974121094,-1.3239701721574848,351.3399963378906,1.017828829548173,47.4900016784668,-0.1681690495493604,69.04086303710938,-0.6980951594002471,3116.389892578125,-0.37785406053220116,27.559999465942383,-1.0412959122266252,-0.37785406053220116,27.559999465942383,2020-02-26,2020,1,2
2020-02-27,149.93148803710938,-7.045884335110886,66.02867126464844,-6.536820907822372,6.283013820648193,-5.566558650397457,23.481712341308597,-4.17305419307783,46.46756362915039,-2.4399321503344673,169.2223663330078,-3.7569325052323244,337.5199890136719,-3.9335138237229783,44.0099983215332,-7.327865306249337,65.8167724609375,-4.669829481185561,2978.760009765625,-4.416324258407911,39.15999984741211,42.08998768597427,-4.416324258407911,39.15999984741211,2020-02-27,2020,1,2
2020-02-28,153.56179809570312,2.4213126316035893,65.99005126953125,-0.058489735409628096,6.717551708221436,6.916074036717834,23.367706298828125,-0.48550991862682524,45.25965118408203,-2.5994744521328883,167.50213623046875,-1.0165500813018258,345.1199951171875,2.2517202983221685,45.47999954223633,3.340152866999513,67.8621597290039,3.107699134411912,2954.219970703125,-0.8238340444361891,40.11000061035156,2.4259467993900774,-0.8238340444361891,40.11000061035156,2020-02-28,2020,1,2
2020-03-02,163.77964782714844,6.65390081267303,72.13379669189453,9.310108575714882,6.875747203826904,2.3549576166545405,24.426292419433597,4.530124211029474,46.57736206054688,2.9114472648174017,173.75399780273438,3.7324070683275368,360.2799987792969,4.3926761348503485,47.459999084472656,4.353561042579912,69.82090759277344,2.8863624022451795,3090.22998046875,4.603922900611002,33.41999816894531,-16.679138218910172,4.603922900611002,33.41999816894531,2020-03-02,2020,1,3
2020-03-03,155.931396484375,-4.791957637530409,69.84285736083984,-3.175958338696616,6.61358118057251,-3.8129095716095907,23.507423400878903,-3.7618030717737616,44.70145797729492,-4.0275017739592744,166.4896697998047,-4.180812007086587,348.3399963378906,-3.3140897307264994,46.75,-1.4959947285480335,68.08750915527344,-2.4826352123778594,3003.3701171875,-2.8107896121075893,36.81999969482422,10.173553896356191,-2.8107896121075893,36.81999969482422,2020-03-03,2020,1,3
2020-03-04,161.65640258789062,3.67149030444891,73.08251190185547,4.638490839912368,7.076722621917725,7.002884348130478,24.467435836791992,4.083869250754191,46.24794006347656,3.459578627093407,172.70216369628906,3.73145907728365,363.8500061035156,4.452549213033885,50.11000061035156,7.187167080965917,71.45955657958984,4.952519876481976,3130.1201171875,4.220259077449118,31.989999771118164,-13.117870623950623,4.220259077449118,31.989999771118164,2020-03-04,2020,1,3
2020-03-05,157.59962463378906,-2.5095065145322337,70.71190643310547,-3.2437383541681686,6.797643184661865,-3.943625491149061,23.48941993713379,-3.9972145270226855,43.923641204833984,-5.025734887764544,166.7157440185547,-3.466325811795845,351.0299987792969,-3.523431938756505,48.11000061035156,-3.9912192688875137,69.16202545166016,-3.2151488728743405,3023.93994140625,-3.3922077046888544,39.619998931884766,23.851201048320302,-3.3922077046888544,39.619998931884766,2020-03-05,2020,1,3
2020-03-06,153.1447296142578,-2.8267167703495466,69.77285766601562,-1.3279924336055071,6.617312431335449,-2.652842292948132,23.095993041992188,-1.674911071429408,43.34714126586914,-1.312504890649635,161.2896270751953,-3.2547117702065864,336.7699890136719,-4.062333651030981,48.59000015258789,0.9977126089103505,67.67692565917969,-2.1472763164208652,2972.3701171875,-1.7053852000370129,41.93999862670898,5.855627858074364,-1.7053852000370129,41.93999862670898,2020-03-06,2020,1,3
2020-03-09,142.7657012939453,-6.777267716920643,64.25439453125,-7.909183197255675,6.10491943359375,-7.743219064515172,21.233400344848636,-8.0645707407214,42.10264587402344,-2.8709976148429406,148.63848876953125,-7.843739572766162,305.7900085449219,-9.199151194999233,43.27000045776367,-10.948754225391532,63.45748901367188,-6.2346754147149746,2746.56005859375,-7.5969697477450975,54.459999084472656,29.852171835290587,-7.5969697477450975,54.459999084472656,2020-03-09,2020,1,3
2020-03-10,152.52859497070312,6.838402773406083,68.88207244873047,7.202118938697355,6.4939398765563965,6.372245321076142,22.53455352783203,6.127860643380489,44.45439910888672,5.585761146461032,158.59619140625,6.699276021406875,332.3800048828125,8.695508549941522,45.380001068115234,4.876359112616968,68.91742706298828,8.60408776675683,2882.22998046875,4.939630628156144,47.29999923706055,-13.147263987842283,4.939630628156144,47.29999923706055,2020-03-10,2020,1,3
2020-03-11,145.61875915527344,-4.530190432001879,66.4897689819336,-3.4730422325453203,6.130539894104004,-5.595986248106389,21.083396911621094,-6.439695441130611,40.92220306396485,-7.9456614322242824,151.94134521484375,-4.196094579824816,315.2300109863281,-5.159754992641918,45.70000076293945,0.7051557675018527,65.18717956542969,-5.412633141613465,2741.3798828125,-4.886844513127397,53.900001525878906,13.953493436099507,-4.886844513127397,53.900001525878906,2020-03-11,2020,1,3
2020-03-12,131.8085174560547,-9.483834211561215,59.92359161376953,-9.87547026964134,5.380358695983887,-12.236788457107961,18.752798080444336,-11.054190370490725,36.420021057128906,-11.00180750239339,138.19908142089844,-9.044453156916488,285.0,-9.58982645457549,39.0099983215332,-14.638954769627766,58.54792785644531,-10.184904076606694,2480.639892578125,-9.511268097833659,75.47000122070312,40.01855117660406,-9.511268097833659,75.47000122070312,2020-03-12,2020,1,3
2020-03-13,150.54763793945312,14.21692683073088,67.10294342041016,11.980843626520743,5.990503311157227,11.340221900610015,20.07624053955078,7.057306613281078,43.85958862304688,20.42713691529221,145.26681518554688,5.114168409790643,335.5,17.719298245614045,43.900001525878906,12.535256125982608,66.22676849365234,13.115478067874431,2711.02001953125,9.287124972971839,57.83000183105469,-23.37352471753954,9.287124972971839,57.83000183105469,2020-03-13,2020,1,3
2020-03-16,128.3583526611328,-14.739045781139614,58.47035217285156,-12.864698338900126,4.885129451751709,-18.452103304020795,16.078481674194336,-19.912885868650278,39.092041015625,-10.870023538972918,122.18611907958984,-15.88848497606039,286.0299987792969,-14.745156846707342,38.709999084472656,-11.822328612783217,56.329010009765625,-14.945253571953144,2386.1298828125,-11.984055240393443,82.69000244140625,42.98806817087415,-11.984055240393443,82.69000244140625,2020-03-16,2020,1,3
2020-03-17,138.92689514160156,8.233622714347067,61.041297912597656,4.3970074477160725,5.404237747192383,10.626295588841185,17.101062774658203,6.359935727669419,42.88045883178711,9.691020774913973,133.11700439453125,8.946094202256493,311.8099975585937,9.013040201838706,41.880001068115234,8.189103742226965,60.15533447265625,6.7928132630544535,2529.18994140625,5.995484974402432,75.91000366210938,-8.199296866753814,5.995484974402432,75.91000366210938,2020-03-17,2020,1,3
2020-03-18,133.07867431640625,-4.209567067078335,59.54700469970703,-2.4480036696307383,5.044816970825195,-6.650721030064122,14.389028549194336,-15.858863634386445,43.255645751953125,0.8749601342602498,129.99110412597656,-2.348235135527965,294.6099853515625,-5.5161836829170525,39.119998931884766,-6.5902628124137275,53.45489883422852,-11.138556035248094,2398.10009765625,-5.1830762729157875,76.44999694824219,0.711359847295534,-5.1830762729157875,76.44999694824219,2020-03-18,2020,1,3
2020-03-19,135.26817321777344,1.6452665407242106,59.09075546264648,-0.7662001461893775,5.2972822189331055,5.004448121070548,16.667343139648438,15.833692890835692,41.24246597290039,-4.654143393436295,137.08831787109375,5.459768799439657,307.510009765625,4.378678610865383,39.81999969482422,1.7893680522800715,56.78327560424805,6.226514019493901,2409.389892578125,0.47078080405855705,72.0,-5.820794147650399,0.47078080405855705,72.0,2020-03-19,2020,1,3
2020-03-20,130.1876983642578,-3.7558538218272375,55.33933639526367,-6.348571850218132,5.117696285247803,-3.3901522755091618,16.756261825561523,0.5334904619655134,41.77322006225586,1.2869116257602453,136.9801788330078,-0.07888275220331309,295.3399963378906,-3.9575991158824375,39.61000061035156,-0.5273708841839864,53.21029281616211,-6.2923153869951065,2304.919921875,-4.335951230846192,66.04000091552734,-8.277776506212021,-4.335951230846192,66.04000091552734,2020-03-20,2020,1,3
2020-03-23,128.88912963867188,-0.997458855100597,54.163700103759766,-2.124413424669336,5.290318489074707,3.3730451008689766,16.8652286529541,0.6503051129599147,40.43721008300781,-3.1982451370925036,138.13027954101562,0.8396110428574577,307.2699890136719,4.039409773044245,41.63999938964844,5.124965281536409,54.62550735473633,2.659663128454648,2237.39990234375,-2.929386782180443,61.59000015258789,-6.738341461611286,-2.929386782180443,61.59000015258789,2020-03-23,2020,1,3
2020-03-24,140.60458374023438,9.089559479845688,59.59769821166992,10.03254596251808,6.197946548461914,17.156397318263416,18.546775817871094,9.970497284793423,43.77724075317383,8.259795033608253,151.0271453857422,9.336740566645307,310.0,0.888473031515824,46.220001220703125,10.999043943774067,57.18513107299805,4.685766489342802,2447.330078125,9.382773976227554,61.66999816894531,0.12988799506288284,9.382773976227554,61.66999816894531,2020-03-24,2020,1,3
2020-03-25,139.25869750976562,-0.9572136232452122,59.26938247680664,-0.5508866025282,6.10939884185791,-1.4286619917039722,18.964330673217773,2.2513608804412,42.03858947753906,-3.9715871665774505,144.55908203125,-4.282715758132049,305.9100036621094,-1.3193536573840703,44.630001068115234,-3.4400694733770165,55.105987548828125,-3.635811416635293,2475.56005859375,1.1535011448222,63.95000076293945,3.6971017702125852,1.1535011448222,63.95000076293945,2020-03-25,2020,1,3
2020-03-26,147.9694366455078,6.255077270941256,62.38832092285156,5.2623096710437745,6.398426055908203,4.730861767774153,21.197683334350582,11.776596282867203,46.19302368164063,9.882430061839397,152.09861755371094,5.215539152933379,322.6700134277344,5.47873870255553,47.5,6.430649480613981,60.26014709472656,9.353175172355744,2630.070068359375,6.2414163303876835,61.0,-4.61298002774857,6.2414163303876835,61.0,2020-03-26,2020,1,3
2020-03-27,141.89369201660156,-4.10608080063316,59.80530548095703,-4.140222727084852,6.286248207092285,-1.7532100525305738,20.109777450561523,-5.132192356256782,45.598236083984375,-1.287613475479532,143.51705932617188,-5.642101398133114,305.8299865722656,-5.218962455350773,46.58000183105469,-1.936838250411188,58.17228698730469,-3.4647444589536835,2541.469970703125,-3.3687352562252526,65.54000091552734,7.442624451684177,-3.3687352562252526,65.54000091552734,2020-03-27,2020,1,3
2020-03-30,151.87457275390625,7.034055281426421,61.512020111083984,2.8537846540561462,6.606119632720947,5.0884313678192905,20.93093490600586,4.083374156989517,46.083229064941406,1.06362224201777,147.30160522460938,2.637000727444083,318.3900146484375,4.106866111117591,47.86000061035156,2.7479577693865664,60.30384063720703,3.664208096834032,2626.64990234375,3.351600948370015,57.08000183105469,-12.90814611885116,3.351600948370015,57.08000183105469,2020-03-30,2020,1,3
2020-03-31,149.48605346679688,-1.572692020658173,61.38649368286133,-0.2040681284665502,6.556621074676514,-0.7492834038194118,20.66854858398437,-1.2535814725896488,44.225624084472656,-4.030978336719803,141.53143310546875,-3.9172499921790505,318.239990234375,-0.04711969821923345,45.47999954223633,-4.972839610872192,59.098289489746094,-1.9991283054650477,2584.590087890625,-1.6012721914555605,53.540000915527344,-6.201823409195106,-1.6012721914555605,53.540000915527344,2020-03-31,2020,1,3
2020-04-01,144.17800903320312,-3.550862646041253,58.156517028808594,-5.261705727549182,6.045970916748047,-7.788312792708718,19.49434471130371,-5.681114316805614,44.573341369628906,0.7862348861196411,131.78013610839844,-6.889845445007037,301.2099914550781,-5.3513069701751625,43.65999984741211,-4.001758384219034,57.56950378417969,-2.586852713954879,2470.5,-4.414243033166542,57.060001373291016,6.574524463152964,-4.414243033166542,57.060001373291016,2020-04-01,2020,2,4
2020-04-02,147.1637420654297,2.0708657667335206,59.126953125,1.668662680935129,6.354400157928467,5.101401336980227,20.66506767272949,6.005449163658927,45.57077407836914,2.2377337621358073,132.03573608398438,0.19395941082933632,303.9599914550781,0.9129843225702317,44.4900016784668,1.9010577965081765,59.4214973449707,3.216969817446902,2526.89990234375,2.282934723487151,50.90999984741211,-10.778130700777789,2.282934723487151,50.90999984741211,2020-04-02,2020,2,4
2020-04-03,145.808349609375,-0.9210097793327932,58.277225494384766,-1.437123994566114,6.066865921020508,-4.524962699259638,20.420982360839844,-1.18114934707787,45.20474624633789,-0.8032074052588656,132.02587890625,-0.0074655377602539374,293.6099853515625,-3.4050554002088895,42.59000015258789,-4.270625880417778,56.98419952392578,-4.101710542390446,2488.64990234375,-1.5137125124949469,46.79999923706055,-8.07307134682792,-1.5137125124949469,46.79999923706055,2020-04-03,2020,2,4
2020-04-06,156.65179443359375,7.436779068735544,63.36117935180664,8.723740387935486,6.676012992858887,10.040556026263946,22.00577545166016,7.760611428074027,47.11726760864258,4.230797695185884,145.04067993164062,9.857765108787708,319.1300048828125,8.691809136086714,47.52000045776367,11.57548787864049,61.98111724853516,8.768953089375842,2663.679931640625,7.033131865275055,45.2400016784668,-3.3333281709936435,7.033131865275055,45.2400016784668,2020-04-06,2020,2,4
2020-04-07,154.964599609375,-1.077035108547042,62.62730407714844,-1.1582411851639218,6.442948341369629,-3.4910754628332707,22.078125,0.32877527310395394,46.449256896972656,-1.4177619916724393,142.6029052734375,-1.6807523650275713,308.92999267578125,-3.1961934167790917,47.560001373291016,0.0841770099789807,63.5361328125,2.5088537170594227,2659.409912109375,-0.16030527844311804,46.70000076293945,3.2272303941305536,-0.16030527844311804,46.70000076293945,2020-04-07,2020,2,4
2020-04-08,156.5190887451172,1.00312532001543,64.23023223876953,2.5594717595483596,6.639947414398193,3.0575919996696177,22.76068687438965,3.091575368785393,47.92952346801758,3.186846614851646,148.55001831054688,4.1704010347516585,317.17999267578125,2.670507945357792,48.790000915527344,2.5862058593780324,64.0602798461914,0.824958980802637,2749.97998046875,3.405645287963033,43.34999847412109,-7.173452321390295,3.405645287963033,43.34999847412109,2020-04-08,2020,2,4
2020-04-09,156.52859497070312,0.006073524745220382,64.6937255859375,0.7216124417003256,6.540453910827637,-1.4984080047804715,22.167919158935547,-2.6043489756061966,48.8949089050293,2.014176998141659,151.92164611816406,2.2696919502013913,318.70001220703125,0.479229322892305,48.380001068115234,-0.8403358059409838,62.5315055847168,-2.3864620403551084,2789.820068359375,1.4487410153376512,41.66999816894531,-3.875433366344161,1.4487410153376512,41.66999816894531,2020-04-09,2020,2,4
2020-04-13,156.87925720214844,0.22402439088586856,65.9635009765625,1.962748905128775,6.712080001831055,2.624070031581338,22.65782356262207,2.2099701833721674,48.70183944702149,-0.3948661779548668,149.9065399169922,-1.32641151057864,320.6499938964844,0.6118549152067221,50.93999862670898,5.291437581800529,64.03407287597656,2.402896391522358,2761.6298828125,-1.0104660822607414,41.16999816894531,-1.1999040604053213,-1.0104660822607414,41.16999816894531,2020-04-13,2020,2,4
2020-04-14,164.64218139648438,4.948343288197066,69.29488372802734,5.050342541170627,7.062794208526611,5.225119584389359,23.32992553710937,2.9663130380980007,49.64884185791016,1.9444900267449494,155.02792358398438,3.4163844151349654,340.7699890136719,6.2747530017676745,54.93000030517578,7.832747911333393,67.74681091308594,5.798066358047116,2846.06005859375,3.0572589146256046,37.7599983215332,-8.282730141057637,3.0572589146256046,37.7599983215332,2020-04-14,2020,2,4
2020-04-15,162.91708374023438,-1.047785957169567,68.66238403320312,-0.9127653598593133,6.985438823699951,-1.0952518584397164,22.441635131835938,-3.8075149612479042,48.87652969360352,-1.5555492039812657,152.9833221435547,-1.3188601080127649,332.54998779296875,-2.412184607129042,54.9900016784668,0.10923242846834214,66.38401794433594,-2.011597225585071,2783.360107421875,-2.2030438529415775,40.84000015258789,8.156784872784995,-2.2030438529415775,40.84000015258789,2020-04-15,2020,2,4
2020-04-16,167.80799865722656,3.0020884272582427,69.2079849243164,0.7946139633739469,7.33018159866333,4.935162753036337,22.515729904174805,0.3301665493783634,49.37301254272461,1.0157898939090693,154.3889923095703,0.9188388291741845,342.70001220703125,3.0521800591318815,56.95000076293945,3.5642826416573126,67.13529205322266,1.1317093061716577,2799.550048828125,0.5816689462164515,40.11000061035156,-1.787462143753371,0.5816689462164515,40.11000061035156,2020-04-16,2020,2,4
2020-04-17,169.28668212890625,0.8811757982407853,68.26891326904297,-1.3568833947417702,7.270983695983887,-0.8075912156151555,23.177366256713867,2.938551649690835,50.21890258789063,1.7132639909992031,159.8544464111328,3.540054261513381,344.1099853515625,0.4114307249220239,56.59999847412109,-0.6145781986470755,66.541259765625,-0.8848286339869116,2874.56005859375,2.679359484822341,38.150001525878906,-4.886559597724915,2.679359484822341,38.150001525878906,2020-04-17,2020,2,4
2020-04-20,165.93124389648438,-1.982104079437752,66.85186767578125,-2.0756820716879454,7.139902114868164,-1.8028039478086733,22.51486015319824,-2.858418407758989,49.56609344482422,-1.299927137841972,159.99205017089844,0.0860806582831719,344.8800048828125,0.2237713417305498,56.970001220703125,0.6537151175917577,64.91639709472656,-2.4418874494135046,2823.159912109375,-1.788104803401469,43.83000183105469,14.888597845331075,-1.788104803401469,43.83000183105469,2020-04-20,2020,2,4
2020-04-21,159.0687713623047,-4.135732592025176,64.78546905517578,-3.09101105540851,6.703621864318848,-6.110451425388652,21.588218688964844,-4.11568829621074,47.175594329833984,-4.822851568181951,147.9995574951172,-7.495680355974721,328.989990234375,-4.607403857418991,52.91999816894531,-7.1090099437913,62.758602142333984,-3.3239598144116145,2736.56005859375,-3.0674795694063395,45.40999984741211,3.604832193362939,-3.0674795694063395,45.40999984741211,2020-04-21,2020,2,4
2020-04-22,164.47158813476562,3.396528888850936,66.65151977539062,2.8803538006733964,7.117516040802002,6.1741873998916175,22.66217994689941,4.974756247413503,48.05824661254883,1.870993455946035,151.5186309814453,2.377759464885032,336.7699890136719,2.364813219318429,55.91999816894531,5.6689344365103755,65.2396240234375,3.953277792065313,2799.31005859375,2.2930247703843776,41.97999954223633,-7.553403031714067,2.2930247703843776,41.97999954223633,2020-04-22,2020,2,4
2020-04-23,162.48104858398438,-1.2102634706428583,66.39321899414062,-0.38753922209193714,7.064286231994629,-0.7478705843755984,22.57151985168457,-0.4000501956443303,47.78240966796875,-0.5739638127123303,149.1398162841797,-1.569981646387053,335.3699951171875,-0.41571218996818704,55.900001525878906,-0.03575937718379718,64.4795913696289,-1.1649862567196134,2797.800048828125,-0.053942211974311594,41.380001068115234,-1.4292484055828392,-0.053942211974311594,41.380001068115234,2020-04-23,2020,2,4
2020-04-24,165.44789123535156,1.8259622751226168,68.30997467041016,2.8869750635809543,7.203080177307129,1.9647270899626479,23.084095001220703,2.2708933776024676,48.73860168457031,2.001138124355739,151.3613739013672,1.4895804973732885,344.1000061035156,2.603098402788717,56.18000030517578,0.5008922569836649,66.42768859863281,3.021261747513959,2836.739990234375,1.3918057304545428,35.93000030517578,-13.170615326877966,1.3918057304545428,35.93000030517578,2020-04-24,2020,2,4
2020-04-27,164.9739532470703,-0.2864575575684203,68.35823059082031,0.07064256815052516,7.389382839202881,2.586430489593705,23.40140151977539,1.3745677209260565,49.069618225097656,0.6791670854031429,154.94931030273438,2.3704438648298964,348.5,1.2786962564484083,56.4900016784668,0.5518002342596251,66.37527465820312,-0.07890375464721933,2878.47998046875,1.4714069804799612,33.290000915527344,-7.347618611815432,1.4714069804799612,33.290000915527344,2020-04-27,2020,2,4
2020-04-28,160.95504760742188,-2.4360849458639033,67.25019836425781,-1.6209199930802387,7.247105598449707,-1.9254279261097462,23.077117919921875,-1.3857443520187473,48.913307189941406,-0.3185495237382985,151.83322143554688,-2.011037584549036,333.45001220703125,-4.31850438822633,55.5099983215332,-1.734826213161822,65.77249908447266,-0.9081326997657402,2863.389892578125,-0.5242380698498916,33.56999969482422,0.841089731440281,-0.5242380698498916,33.56999969482422,2020-04-28,2020,2,4
2020-04-29,168.17767333984375,4.487355842382934,69.45902252197266,3.284487200693209,7.423706531524658,2.436847796349606,24.06129264831543,4.2647211484929,49.53851318359375,1.2781920290618087,157.70167541503906,3.865065842644544,349.1700134277344,4.714350171006432,53.65999984741211,-3.332730192865907,68.98731231689453,4.887777227824408,2939.510009765625,2.6583916282167053,31.229999542236328,-6.970509901281496,2.6583916282167053,31.229999542236328,2020-04-29,2020,2,4
2020-04-30,169.8648681640625,1.003221646912289,70.92436218261719,2.109646245282226,7.269989013671875,-2.0706303138469218,23.677738189697266,-1.5940725389291033,48.70183944702149,-1.688935906234157,159.19581604003906,0.9474475277879701,353.6400146484375,1.2801790098817545,52.38999938964844,-2.36675449380368,68.72522735595703,-0.37990313310599655,2912.429931640625,-0.9212446303987654,34.150001525878906,9.34999047852525,-0.9212446303987654,34.150001525878906,2020-04-30,2020,2,4
2020-05-01,165.46682739257812,-2.5891408971256857,69.78250885009766,-1.6099592543102004,7.033692359924316,-3.250302762537627,22.638641357421875,-4.388497009091541,47.616920471191406,-2.227675562460585,153.71072387695312,-3.445500201906304,343.8399963378906,-2.771184793748327,49.880001068115234,-4.790987499093468,66.07825469970703,-3.8515298647761598,2830.7099609375,-2.8059034078492195,37.18999862670898,8.901894480228222,-2.8059034078492195,37.18999862670898,2020-05-01,2020,2,5
2020-05-04,169.51414489746094,2.4459993393602497,70.76985168457031,1.414885837070723,7.245365142822266,3.009412013866175,22.86180877685547,0.9857809747068957,47.58013916015625,-0.07724420368051543,158.7239990234375,3.2614999266398215,349.1099853515625,1.5326864442184007,52.560001373291016,5.372895444641279,66.11322021484375,0.052915312753976096,2842.739990234375,0.42498275919764517,35.970001220703125,-3.280444880494504,0.42498275919764517,35.970001220703125,2020-05-04,2020,2,5
2020-05-05,171.33401489257812,1.0735800226099323,71.83202362060547,1.5008819585625055,7.306304931640625,0.8410865100253906,23.089326858520508,0.9951884554968871,47.85596084594727,0.5796991994130085,160.47372436523438,1.102369744060261,356.1300048828125,2.0108332118259797,52.18999862670898,-0.7039625892590995,67.81670379638672,2.5766156541872753,2868.43994140625,0.9040556385797371,33.61000061035156,-6.561024548960049,0.9040556385797371,33.61000061035156,2020-05-05,2020,2,5
2020-05-06,173.02120971679688,0.984740143559093,72.57311248779297,1.0316970479652632,7.407041549682617,1.3787628491351844,23.0291748046875,-0.26051887177823696,47.681278228759766,-0.3650174692967245,160.88658142089844,0.2572739289856685,362.5199890136719,1.7942841218790528,52.15999984741211,-0.057479938850801826,68.89995574951172,1.5973232146129668,2848.419921875,-0.6979410390386298,34.119998931884766,1.5174005125609291,-0.6979410390386298,34.119998931884766,2020-05-06,2020,2,5
2020-05-07,174.02593994140625,0.5806977226976651,73.32390594482422,1.034533908350066,7.583144664764404,2.3775094806823827,23.34037971496582,1.3513506798123576,48.36165237426758,1.426920944198673,167.01065063476562,3.8064512029414743,366.7799987792969,1.1751103097005666,51.95000076293945,-0.4026056079121654,68.86502075195312,-0.05070394774360221,2881.18994140625,1.1504630788313985,31.440000534057617,-7.854626265309516,1.1504630788313985,31.440000534057617,2020-05-07,2020,2,5
2020-05-08,175.04962158203125,0.5882350878091414,75.06914520263672,2.3801776996519752,7.7729291915893555,2.5027153669743063,23.974994659423828,2.718957241518627,49.25349807739258,1.8441175173731894,172.90859985351562,3.5314808943821108,367.510009765625,0.19903238692342562,53.18999862670898,2.3869063437129467,70.3763198852539,2.1945816857361855,2929.800048828125,1.6871538638701944,27.979999542236328,-11.00509202623332,1.6871538638701944,27.979999542236328,2020-05-08,2020,2,5
2020-05-11,177.00221252441406,1.1154499648362792,76.2503662109375,1.5735106682143174,8.024649620056152,3.238424309064447,24.00724983215332,0.13453672539949224,49.21671676635742,-0.0746775609264616,179.5634765625,3.848782949270446,371.4200134277344,1.0639175963133463,55.7400016784668,4.794140097001898,70.30641174316406,-0.09933475095575961,2930.18994140625,0.013307822091168653,27.56999969482422,-1.465331858898733,0.013307822091168653,27.56999969482422,2020-05-11,2020,2,5
2020-05-12,172.9927520751953,-2.2652035768568224,75.37895965576172,-1.1428227803721436,7.762979507446289,-3.260829132724574,23.40140151977539,-2.5236056466847234,48.05824661254883,-2.353814374307217,174.52066040039062,-2.808375210063463,365.1000061035156,-1.7015796391511406,53.7599983215332,-3.552212589362913,68.5068359375,-2.5596183350077406,2870.1201171875,-2.0500317528877154,33.040000915527344,19.84041088593127,-2.0500317528877154,33.040000915527344,2020-05-12,2020,2,5
2020-05-13,170.37669372558594,-1.5122358123259683,74.46881866455078,-1.207420472990528,7.740593910217285,-0.2883634718799821,22.939388275146484,-1.974297326758323,47.48820114135742,-1.1861553663977342,166.7550506591797,-4.449679323579703,358.5599975585937,-1.7912923680060588,52.18000030517578,-2.9389844971862034,68.13992309570312,-0.5355857364827354,2820.0,-1.7462724604228042,35.279998779296875,6.779654363498611,-1.7462724604228042,35.279998779296875,2020-05-13,2020,2,5
2020-05-14,171.11602783203125,0.43394086965680145,74.92631530761719,0.6143465832689321,7.989825248718262,3.2197960698080452,23.24013328552246,1.3110419805824503,48.64667892456055,2.4395065623873613,164.1599578857422,-1.5562303889322338,355.3900146484375,-0.8840871630244163,54.5099983215332,4.46530855256877,69.7735366821289,2.3974397272673142,2852.5,1.152482269503552,32.61000061035156,-7.568022282676868,1.152482269503552,32.61000061035156,2020-05-14,2020,2,5
2020-05-15,173.60888671875,1.4568237226531222,74.48335266113281,-0.5911976915797146,8.44774055480957,5.731230556823097,22.700538635253903,-2.321822528465023,48.65586853027344,0.018890509930069577,168.4163360595703,2.592823626813212,365.2999877929688,2.788478217187551,54.20000076293945,-0.5686985289656277,66.19183349609375,-5.133326123846227,2863.699951171875,0.39263632504382695,31.88999938964844,-2.2079153855476097,0.39263632504382695,31.88999938964844,2020-05-15,2020,2,5
2020-05-18,175.2676544189453,0.9554624371749698,76.23826599121094,2.3561148463096426,8.705928802490234,3.056299444869537,23.844236373901367,5.038196480815227,48.86734390258789,0.43463487283732505,169.56642150878906,0.6828823593525657,367.9700012207031,0.7309098048061013,54.59000015258789,0.719556059333315,69.83470916748047,5.503512259713572,2953.909912109375,3.1501191631680747,29.299999237060547,-8.121668868481112,3.1501191631680747,29.299999237060547,2020-05-18,2020,2,5
2020-05-19,174.05438232421875,-0.6922395913546375,75.79771423339844,-0.5778617234857952,8.760899543762207,0.6314173078953766,23.70650100708008,-0.57764637399772,48.12259292602539,-1.5240258976364385,173.0462188720703,2.05217361569483,372.2000122070313,1.1495532169186529,55.470001220703125,1.6120188050109618,68.21855163574219,-2.3142611331885776,2922.93994140625,-1.0484399194493177,30.530000686645508,4.197957275129127,-1.0484399194493177,30.530000686645508,2020-05-19,2020,2,5
2020-05-20,176.46861267089844,1.3870551918552687,77.27184295654297,1.9448194949591047,8.924567222595215,1.8681606610766233,24.293176651000977,2.4747458249772203,48.637481689453125,1.0699522451319776,173.9210662841797,0.5055570805370335,383.6300048828125,3.070927539202617,56.38999938964844,1.6585508359461487,70.43746185302734,3.25264926340445,2971.610107421875,1.665110025908012,27.989999771118164,-8.319688366854173,1.665110025908012,27.989999771118164,2020-05-20,2020,2,5
2020-05-21,174.34901428222656,-1.2011191999479087,76.69574737548828,-0.7455439899093363,8.730805397033691,-2.1711061245743957,23.95494270324707,-1.3923002026989706,48.01226806640625,-1.2854564038467742,172.2794952392578,-0.9438598095066975,382.1700134277344,-0.3805728010049969,54.650001525878906,-3.0856497297443553,68.13992309570312,-3.261813666878277,2948.510009765625,-0.7773596407737116,29.530000686645508,5.50196830339531,-0.7773596407737116,29.530000686645508,2020-05-21,2020,2,5
2020-05-22,174.42506408691406,0.04361929145431098,77.1895523071289,0.6438491683548486,8.980530738830566,2.860278410073369,24.116214752197266,0.6732307855962238,48.38003921508789,0.7659941166973772,174.82545471191406,1.4778075992853745,385.260009765625,0.8085397151325502,55.16999816894531,0.9515034374155906,68.7514419555664,0.8974457734629349,2955.449951171875,0.2353711326488428,28.15999984741211,-4.639352547841158,0.2353711326488428,28.15999984741211,2020-05-22,2020,2,5
2020-05-26,172.58111572265625,-1.0571579112844676,76.66669464111328,-0.6773684396240931,8.673592567443848,-3.4178177249542863,24.584325790405277,1.9410634837101037,48.527137756347656,0.30404799922918446,173.51806640625,-0.7478249136079418,376.6300048828125,-2.24004689406061,53.18999862670898,-3.5889063040623004,68.15738677978516,-0.8640621329297882,2991.77001953125,1.2289184036080147,28.01000022888184,-0.5326691027807473,1.2289184036080147,28.01000022888184,2020-05-26,2020,2,5
2020-05-27,172.8092041015625,0.13216299938214604,77.000732421875,0.43570129418699644,8.482069969177246,-2.2081115382970307,25.06988525390625,1.975077403548231,48.913307189941406,0.795780364242149,173.5966796875,0.04530553093298195,375.1700134277344,-0.3876460813397986,52.7400016784668,-0.8460179730409245,69.26686096191406,1.6278120898525428,3036.1298828125,1.4827297215913804,27.6200008392334,-1.3923576810481508,1.4827297215913804,27.6200008392334,2020-05-27,2020,2,5
2020-05-28,172.4195556640625,-0.2254789839035376,77.03462982177734,0.04402217853802792,8.444013595581055,-0.44866847048519176,24.68195915222168,-1.5473788481904838,49.299461364746094,0.7894665010181434,178.0201873779297,2.5481522448428606,379.8299865722656,1.2420963770412907,51.7400016784668,-1.8960939859209214,68.23602294921875,-1.4882123982233209,3029.72998046875,-0.21079145460738413,28.59000015258789,3.5119452711117827,-0.21079145460738413,28.59000015258789,2020-05-28,2020,2,5
2020-05-29,174.1779327392578,1.0198246181664539,76.95958709716797,-0.09741427301330763,8.830541610717773,4.577538995661934,25.390670776367188,2.871375079160665,49.4373779296875,0.2797526811115114,171.8174591064453,-3.48428364380734,386.6000061035156,1.7823815313649405,53.79999923706055,3.9814408422237824,70.65586853027344,3.5462875420736895,3044.31005859375,0.48123358249714254,27.51000022888184,-3.7775443089960725,0.48123358249714254,27.51000022888184,2020-05-29,2020,2,5
2020-06-01,173.7787322998047,-0.22919116857973432,77.90603637695312,1.2298003607921881,8.761643409729004,-0.7802262197048826,25.27909278869629,-0.4394448207124646,48.78459930419922,-1.320415145027909,173.36077880859375,0.8982321762727841,389.6799926757813,0.7966855984583132,53.630001068115234,-0.31598173114509853,69.65122985839844,-1.421875765980496,3055.72998046875,0.3751234813537785,28.229999542236328,2.6172275803857836,0.3751234813537785,28.229999542236328,2020-06-01,2020,2,6
2020-06-02,175.75576782226562,1.1376740388749917,78.26670837402344,0.46295770372037914,8.780549049377441,0.21577732354918222,25.982576370239254,2.7828671994808873,48.98686599731445,0.4146117750275735,171.26698303222656,-1.2077678646557843,390.4400024414063,0.1950343307097535,53.540000915527344,-0.16781680178149516,73.93181610107422,6.145743946486304,3080.820068359375,0.8210832780053412,26.84000015258789,-4.923837804420749,0.8210832780053412,26.84000015258789,2020-06-02,2020,2,6
2020-06-03,176.18350219726562,0.24336861333196236,78.69756317138672,0.5504956146926476,8.72508430480957,-0.631677407141229,26.982437133789062,3.8481971506684864,49.179935455322266,0.3941249436499872,172.0140838623047,0.4362199980702419,389.9200134277344,-0.1331802608391719,52.72999954223633,-1.512890099813402,74.04627227783203,0.154813154598199,3122.8701171875,1.3648979133831007,25.65999984741211,-4.396424360906748,1.3648979133831007,25.65999984741211,2020-06-03,2020,2,6
2020-06-04,173.8642578125,-1.3163799991720349,78.01981353759766,-0.8612079033668008,8.726076126098633,0.011367469406753372,26.926645278930664,-0.2067709991568245,48.59150695800781,-1.1964808246830994,168.5244598388672,-2.028685061759772,385.7999877929688,-1.0566335383882852,52.630001068115234,-0.18964247105861531,75.74535369873047,2.2946211451715604,3112.35009765625,-0.33687022311144066,25.809999465942383,0.5845659369534406,-0.33687022311144066,25.809999465942383,2020-06-04,2020,2,6
2020-06-05,177.93235778808594,2.3398138448749384,80.24188232421875,2.8480826675524984,8.878870964050293,1.7510142673941242,27.64059066772461,2.65144573859184,49.630462646484375,2.138142555188538,170.92294311523438,1.423225612863832,392.8999938964844,1.840333418394402,53.09999847412109,0.8930218439432869,77.95501708984375,2.9172263158239398,3193.929931640625,2.6211650818398713,24.520000457763672,-4.998059027009782,2.6211650818398713,24.520000457763672,2020-06-05,2020,2,6
2020-06-08,179.03494262695312,0.6196651652198959,80.71630096435547,0.5912356819096409,8.764400482177734,-1.2892459225507191,27.67894554138184,0.1387628582844247,50.66020202636719,2.0748131791911817,173.54754638671875,1.5355476705750881,397.7799987792969,1.2420475842761736,52.970001220703125,-0.24481592684285625,80.43761444091797,3.184653719225028,3232.389892578125,1.2041579421169235,25.809999465942383,5.26100727608374,1.2041579421169235,25.809999465942383,2020-06-08,2020,2,6
2020-06-09,180.40367126464844,0.7645036313091547,83.26519012451172,3.1578369297198705,9.004288673400879,2.7370747344436452,27.487165451049805,-0.6928735418959886,49.81434631347656,-1.6696651001320117,171.59140014648438,-1.127152922044461,397.1600036621094,-0.15586382399570553,56.38999938964844,6.456481197150921,79.01142120361328,-1.773042683099757,3207.179931640625,-0.7799170822611612,27.56999969482422,6.819063406817372,-0.7799170822611612,27.56999969482422,2020-06-09,2020,2,6
2020-06-10,187.0951232910156,3.7091551294158087,85.40738677978516,2.5727397632432814,9.32356071472168,3.545777494494895,27.4627628326416,-0.08877822797574986,49.749977111816406,-0.12921820002431694,179.00315856933594,4.319423011015866,406.8200073242188,2.4322700103326156,57.43999862670898,1.8620309424108417,80.12067413330078,1.4039146654873491,3190.139892578125,-0.5313091072437381,27.56999969482422,0.0,-0.5313091072437381,27.56999969482422,2020-06-10,2020,2,6
2020-06-11,177.04844665527344,-5.369822825427217,81.30695343017578,-4.801028932288909,8.755690574645996,-6.090700296283047,25.60685920715332,-6.757891173579944,47.175594329833984,-5.174641138419666,169.12408447265625,-5.518938423007258,387.6700134277344,-4.707239946835429,52.83000183105469,-8.025760629998846,73.967041015625,-7.6804559924666505,3002.10009765625,-5.894405927443824,40.790000915527344,47.95067597764591,-5.894405927443824,40.790000915527344,2020-06-11,2020,2,6
2020-06-12,178.44566345214844,0.7891720166263161,82.00892639160156,0.8633615352819923,8.891310691833496,1.5489368432024975,26.17348289489746,2.212780892651822,47.681278228759766,1.071918448743281,172.13201904296875,1.7785370899073838,406.5400085449219,4.867540553457084,53.5,1.2682153051743361,75.04106140136719,1.4520256197828818,3041.31005859375,1.3060843963234703,36.09000015258789,-11.522433580407998,1.3060843963234703,36.09000015258789,2020-06-12,2020,2,6
2020-06-15,179.58624267578125,0.6391745260532211,83.02311706542969,1.2366832715078546,9.13144874572754,2.7008172609985115,26.508224487304688,1.2789340790120285,48.95927810668945,2.680297016783495,175.57249450683594,1.9987422926866172,401.3399963378906,-1.2790899044950121,54.68000030517578,2.205608047057539,76.0534439086914,1.349104728022632,3066.590087890625,0.8312217041285264,34.400001525878906,-4.6827337754605125,0.8312217041285264,34.400001525878906,2020-06-15,2020,2,6
2020-06-16,183.9870147705078,2.4505062465567384,85.2234115600586,2.6502190864441832,9.026684761047363,-1.1472876604514126,27.08617210388184,2.1802577417206592,50.19130325317383,2.5164283341752025,177.41070556640625,1.0469812283146362,411.6700134277344,2.573881792022248,54.459999084472656,-0.40234312266874683,78.80895233154297,3.6231211648479533,3124.739990234375,1.896239819380252,33.66999816894531,-2.1221026876537152,1.896239819380252,33.66999816894531,2020-06-16,2020,2,6
2020-06-17,184.62384033203125,0.34612527537216664,85.10478973388672,-0.13918924858843384,9.193411827087402,1.8470465121315893,27.32328224182129,0.875391831042327,47.3686637878418,-5.623762051154834,178.31504821777344,0.5097452538052716,413.489990234375,0.44209603499820727,54.54999923706055,0.16525918858039113,79.17872619628906,0.46920286821030555,3113.489990234375,-0.3600299556174025,33.470001220703125,-0.5939915625735037,-0.3600299556174025,33.470001220703125,2020-06-17,2020,2,6
2020-06-18,186.6009063720703,1.0708617242949137,85.13870239257812,0.0398481199441747,9.175497055053713,-0.1948653271564016,27.782684326171875,1.6813576066180724,49.36382293701172,4.211981064329762,184.46861267089844,3.450950727170121,420.4599914550781,1.6856517413522898,54.040000915527344,-0.934919025968961,79.16110229492188,-0.022258379509032533,3115.340087890625,0.05942198825281686,32.939998626708984,-1.583515311216377,0.05942198825281686,32.939998626708984,2020-06-18,2020,2,6
2020-06-19,185.48880004882807,-0.5959812011978038,84.65218353271484,-0.5714426532130168,9.218547821044922,0.46919273945489337,26.665063858032227,-4.022723128617301,50.0166130065918,1.3224058242268688,183.77066040039065,-0.3783582802527885,428.010009765625,1.795656772103027,54.22999954223633,0.3515888665619693,78.18392181396484,-1.2344200025366736,3097.739990234375,-0.5649494809462974,35.119998931884766,6.618094705711841,-0.5649494809462974,35.119998931884766,2020-06-19,2020,2,6
2020-06-22,190.64047241210935,2.777349555296693,86.86698913574219,2.6163596857148974,9.48281955718994,2.8667393311310407,27.61358070373535,3.5571519751579572,50.6786003112793,1.3235348515107548,188.39073181152344,2.5140419047669393,438.6400146484375,2.4835879162343533,54.7599983215332,0.9773165844932263,78.46562194824219,0.36030443055496963,3117.860107421875,0.6495095537691675,31.770000457763672,-9.5387203189226,0.6495095537691675,31.770000457763672,2020-06-22,2020,2,6
2020-06-23,191.91416931152344,0.6681146365713708,88.72113037109375,2.134460114018921,9.406424522399902,-0.8056151899686226,27.41630744934082,-0.7144066411055694,50.742958068847656,0.12699197920436056,185.8447723388672,-1.3514250134148642,440.5499877929688,0.43543066768820804,53.9900016784668,-1.4061297784291993,78.6592788696289,0.2468048000874301,3131.2900390625,0.4307419569164139,31.3700008392334,-1.25904819882533,0.4307419569164139,31.3700008392334,2020-06-23,2020,2,6
2020-06-24,188.04563903808597,-2.015760632638808,87.15503692626953,-1.7651865325359561,9.192914009094238,-2.269837096946059,27.03496551513672,-1.3909310541134534,50.05338668823242,-1.3589499052846454,182.39450073242188,-1.8565341187828155,431.6799926757813,-2.013391297914613,52.38999938964844,-2.963515908643688,78.47443389892578,-0.2349944893462519,3050.330078125,-2.585514593906457,33.84000015258789,7.873762343880286,-2.585514593906457,33.84000015258789,2020-06-24,2020,2,6
2020-06-25,190.4218597412109,1.2636404201023188,88.31207275390625,1.3275604812324593,9.44624137878418,2.755680836776375,27.20053482055664,0.6124265456422417,50.13614273071289,0.16533555061104543,185.13702392578125,1.5036216455795115,436.9500122070313,1.2208162575670034,51.93000030517578,-0.878028421133259,78.3159408569336,-0.20196774174418008,3083.760009765625,1.095944726780984,32.220001220703125,-4.787230864598202,1.095944726780984,32.220001220703125,2020-06-25,2020,2,6
2020-06-26,186.61038208007807,-2.0015967002489865,85.59859466552734,-3.0726015184134425,9.112783432006836,-3.5300595592049455,27.073715209960938,-0.466239400924795,49.81434631347656,-0.6418451833535177,180.05494689941406,-2.745035497818371,426.9200134277344,-2.2954568026295474,50.09999847412109,-3.523978086463253,77.48843383789062,-1.0566265437002786,3009.050048828125,-2.4226905044785974,34.72999954223633,7.790186922526843,-2.4226905044785974,34.72999954223633,2020-06-26,2020,2,6
2020-06-29,188.6158905029297,1.0747035617723721,87.57135009765625,2.3046586685650183,9.157577514648438,0.49155214733043184,27.28243827819824,0.7709435761535488,50.34760284423828,1.0704878618821745,180.2122344970703,0.0873553325608567,424.2000122070313,-0.6371219748786738,50.27999877929688,0.3592820572016153,78.35999298095703,1.1247603027953135,3053.239990234375,1.4685678433118632,31.780000686645508,-8.49409413899711,1.4685678433118632,31.780000686645508,2020-06-29,2020,2,6
2020-06-30,193.4349365234375,2.5549522936048508,88.3023910522461,0.8347946603251222,9.453957557678224,3.2364459111123844,27.7958927154541,1.8819961471925106,50.81652069091797,0.9313608199587708,184.14419555664065,2.1818502337222156,435.30999755859375,2.619044090489142,52.61000061035156,4.634053078008571,80.29674530029297,2.4716085921633546,3100.2900390625,1.5409875731554612,30.43000030517578,-4.247955797046343,1.5409875731554612,30.43000030517578,2020-06-30,2020,2,6
2020-07-01,194.56602478027344,0.5847383503542414,88.1353530883789,-0.1891658446353417,9.48605728149414,0.3395374225034997,27.5422477722168,-0.9125267025378858,51.01877975463867,0.3980183235111845,188.6266632080078,2.434216097779962,439.80999755859375,1.0337460718196079,52.58000183105469,-0.05702105863685247,79.03785705566406,-1.5677948588338486,3115.860107421875,0.5022132820864389,28.6200008392334,-5.948075740355884,0.5022132820864389,28.6200008392334,2020-07-01,2020,3,7
2020-07-02,196.0487518310547,0.7620688413898069,88.1353530883789,0.0,9.567927360534668,0.8630569752118511,27.78356170654297,0.8761591875939612,51.43252182006836,0.8109603315082703,189.2557830810547,0.3335264815415462,442.9500122070313,0.7139479925122094,52.34000015258789,-0.45645049469178467,80.8777847290039,2.3279068308292183,3130.010009765625,0.45412508443640753,27.68000030517578,-3.284418261683031,0.45412508443640753,27.68000030517578,2020-07-02,2020,3,7
2020-07-06,200.26898193359372,2.15264318855537,90.49301147460938,2.6750427650369613,9.793877601623535,2.361538006871333,28.075952529907227,1.052387834405688,52.039344787597656,1.179842920501173,194.3574981689453,2.6956719656517247,452.5899963378906,2.176314226254883,53.400001525878906,2.0252223351180154,81.8021240234375,1.142884041063641,3179.719970703125,1.588172586745884,27.940000534057617,0.9393071749107529,1.588172586745884,27.940000534057617,2020-07-06,2020,3,7
2020-07-07,197.9402618408203,-1.1627961905481543,90.2122039794922,-0.3103084874084061,9.826231002807615,0.3303431235317511,27.57659721374512,-1.7785872647782086,51.77271270751953,-0.5123663281434543,193.04031372070312,-0.6777121853550616,449.3599853515625,-0.7136726424498141,52.93000030517578,-0.8801520735450707,81.11549377441406,-0.8393794870493965,3145.320068359375,-1.0818532028197159,29.43000030517578,5.33285519913258,-1.0818532028197159,29.43000030517578,2020-07-07,2020,3,7
2020-07-08,202.29356384277344,2.1993009211304093,92.31328582763672,2.329043915856599,10.168893814086914,3.4872252767250256,28.144651412963867,2.059914045289135,52.09450912475586,0.6215560290500077,196.8739776611328,1.9859395514536748,457.6799926757813,1.8515238551357838,53.43000030517578,0.9446438638148091,82.33915710449219,1.5085445124468855,3169.93994140625,0.7827461915415501,28.07999992370605,-4.5871572119294495,0.7827461915415501,28.07999992370605,2020-07-08,2020,3,7
2020-07-09,203.70974731445312,0.7000635337960581,92.71026611328124,0.43003591745800485,10.460540771484377,2.8680303160747433,28.314626693725582,0.6039345745224578,52.8944091796875,1.5354786298418466,197.326171875,0.22968714262761036,460.8399963378906,0.6904395456822643,57.2599983215332,7.168253779677425,82.09265899658203,-0.2993692388632785,3152.050048828125,-0.5643606159361103,29.26000022888184,4.202280300505246,-0.5643606159361103,29.26000022888184,2020-07-09,2020,3,7
2020-07-10,203.09194946289065,-0.3032735839629819,92.8724365234375,0.1749217394739322,10.430930137634276,-0.28306981920878105,28.133203506469727,-0.6407401701540305,52.76568603515625,-0.24335869617895245,195.49778747558597,-0.9265797750195315,466.2000122070313,1.1630969342363073,55.880001068115234,-2.410054652235305,81.44119262695312,-0.7935744530531363,3185.0400390625,1.046620127324438,27.290000915527344,-6.732738543897742,1.046620127324438,27.290000915527344,2020-07-10,2020,3,7
2020-07-13,196.81866455078125,-3.088889012439988,92.44397735595705,-0.4613415815491462,10.005900382995604,-4.074706177018539,27.417186737060547,-2.5450950484345647,52.41631317138672,-0.6621213330510911,185.13702392578125,-5.299683277028688,442.4700012207031,-5.090092313380312,53.59000015258789,-4.098068847092429,80.40239715576172,-1.2755160351711425,3155.219970703125,-0.9362541127788226,32.189998626708984,17.95528599045837,-0.9362541127788226,32.189998626708984,2020-07-13,2020,3,7
2020-07-14,198.0353240966797,0.6181626873017043,93.9737777709961,1.6548405410430567,10.329151153564451,3.2306015270568977,27.749210357666016,1.2110054317012064,52.81333923339844,0.7574475158402594,186.33627319335935,0.6477630687521829,433.7799987792969,-1.96397550510361,54.720001220703125,2.108604338305198,81.3267593383789,1.1496699294007984,3197.52001953125,1.3406370782667931,29.520000457763672,-8.294496063538004,1.3406370782667931,29.520000457763672,2020-07-14,2020,3,7
2020-07-15,197.74066162109372,-0.14879288678928404,94.62007904052734,0.6877463957086105,10.180092811584473,-1.4430841388988758,27.63472366333008,-0.41257640437435406,52.277809143066406,-1.0140053594516307,184.89129638671875,-0.775467267793406,433.010009765625,-0.1775068043336936,55.34000015258789,1.1330389584315093,81.47643280029297,0.18403962377415706,3226.56005859375,0.9082050740923053,27.76000022888184,-5.962060303488093,0.9082050740923053,27.76000022888184,2020-07-15,2020,3,7
2020-07-16,193.8246154785156,-1.9803949832442491,93.4557876586914,-1.2304908151019922,10.088016510009766,-0.9044740876029023,27.41982650756836,-0.7776345382707106,51.53916549682617,-1.412920048387678,182.35516357421875,-1.3716885878691798,426.2900085449219,-1.551927454134483,54.91999816894531,-0.7589482878288978,80.28794860839844,-1.4586846171918522,3215.570068359375,-0.34061012455366413,28.0,0.8645524824904882,-0.34061012455366413,28.0,2020-07-16,2020,3,7
2020-07-17,192.8361053466797,-0.5100023696141265,93.26695251464844,-0.20205826602479604,10.154460906982422,0.6586467905432825,27.54047966003418,0.44002157501805694,50.68972396850586,-1.6481476177037102,184.58653259277344,1.2236390650087081,432.4200134277344,1.4379893405750632,55.040000915527344,0.21850464417876303,81.19470977783203,1.1293863962775985,3224.72998046875,0.2848612194617406,25.68000030517578,-8.285713195800781,0.2848612194617406,25.68000030517578,2020-07-17,2020,3,7
2020-07-20,201.1244354248047,4.298121486753881,95.2324676513672,2.107407912154158,10.462284088134766,3.031408402396596,27.92975425720215,1.4134633890667825,51.15137100219727,0.9107310072910213,191.77224731445312,3.8928705256804808,455.2699890136719,5.2842086111623,57.459999084472656,4.396798925674816,82.0222396850586,1.019191902392258,3251.840087890625,0.84069387471426,24.459999084472656,-4.750783513258893,0.84069387471426,24.459999084472656,2020-07-20,2020,3,7
2020-07-21,198.4155120849609,-1.3468892201597082,93.91810607910156,-1.38016120413611,10.280874252319336,-1.7339410236543507,27.68404197692871,-0.8797509566704331,51.62225341796875,0.9205665587169731,187.55520629882807,-2.1989839899567376,444.2799987792969,-2.413950073490345,57.0,-0.8005553285798106,81.26513671875,-0.9230459558476456,3257.300048828125,0.16790373419135474,24.84000015258789,1.5535612524060216,0.16790373419135474,24.84000015258789,2020-07-21,2020,3,7
2020-07-22,201.26698303222656,1.4371209777412242,94.18194580078124,0.28092530045000785,10.39061450958252,1.0674214523966885,27.636484146118164,-0.17178788722463922,51.71459197998047,0.1788735591685242,188.0565185546875,0.26728783793967814,445.0499877929688,0.17331165386413883,61.790000915527344,8.40351037811815,81.52044677734375,0.3141692352987224,3276.02001953125,0.5747082068739751,24.31999969482422,-2.0933995755611834,0.5747082068739751,24.31999969482422,2020-07-22,2020,3,7
2020-07-23,192.51290893554688,-4.349483439754254,89.89511108398438,-4.551652315470955,10.083040237426758,-2.9601162844806517,27.272748947143555,-1.3161413624522167,51.4837646484375,-0.4463485501970621,185.3336334228516,-1.4479078698056869,431.739990234375,-2.990674738493748,59.56999969482422,-3.59281629359105,78.9410171508789,-3.1641505026463124,3235.659912109375,-1.2319859824193036,26.07999992370605,7.236843137199522,-1.2319859824193036,26.07999992370605,2020-07-23,2020,3,7
2020-07-24,191.33433532714844,-0.6122049762351423,89.67242431640625,-0.24771844085056394,10.14749240875244,0.6392136677829008,26.93104553222656,-1.252911525637701,51.382205963134766,-0.1972635179191662,185.2844696044922,-0.02652719716945695,430.30999755859375,-0.3312161736523378,69.4000015258789,16.50159792078827,78.25431823730469,-0.8698886058963962,3215.6298828125,-0.6190400054688405,25.84000015258789,-0.9202445238506551,-0.6190400054688405,25.84000015258789,2020-07-24,2020,3,7
2020-07-27,193.75811767578125,1.2667785656393482,91.79767608642578,2.3700170774023643,10.373445510864258,2.226689047995034,27.537845611572266,2.2531619822171,51.09598159790039,-0.5570495852975532,187.71246337890625,1.3104140781992513,437.1000061035156,1.5779341831344107,68.97000122070312,-0.6195969678983837,81.60848236083984,4.2862351868732995,3239.409912109375,0.7395138795039502,24.739999771118164,-4.256967395410638,0.7395138795039502,24.739999771118164,2020-07-27,2020,3,7
2020-07-28,192.0186767578125,-0.8977383445061049,90.2896728515625,-1.6427466349404396,10.16839599609375,-1.9766770313273119,27.068431854248047,-1.7046132219107113,51.10520553588867,0.018052178859906398,186.2772979736328,-0.7645552029097225,432.260009765625,-1.1072972478395227,67.61000061035156,-1.9718726783831353,80.50801849365234,-1.348467506504647,3218.43994140625,-0.6473392152297919,25.440000534057617,2.829429140725548,-0.6473392152297919,25.440000534057617,2020-07-28,2020,3,7
2020-07-29,193.95770263671875,1.009811082779133,92.0203857421875,1.9168447907329522,10.417245864868164,2.4472873486635516,27.20053482055664,0.48803331873790157,51.42837142944336,0.6323541607277994,190.3174285888672,2.1688797610786903,436.2999877929688,0.9346175764753939,76.08999633789062,12.542516862868824,81.89899444580078,1.7277483388292714,3258.43994140625,1.242838167815008,24.100000381469727,-5.267296086703988,1.242838167815008,24.100000381469727,2020-07-29,2020,3,7
2020-07-30,193.8056488037109,-0.07839535679211584,93.13385009765624,1.210019221814962,10.565057754516602,1.4189152446418607,27.48676109313965,1.0522817822195663,51.01287841796875,-0.8079062197111186,188.43991088867188,-0.9865190561455184,438.8800048828125,0.5913401700730736,78.19999694824219,2.7730328714720143,94.36474609375,15.220884862266315,3246.219970703125,-0.3750251937389204,24.76000022888184,2.73858853512543,-0.3750251937389204,24.76000022888184,2020-07-30,2020,3,7
2020-07-31,194.86070251464844,0.5443874920313174,102.88391876220705,10.468877485819927,10.565803527832031,0.007058866432707589,27.89629554748535,1.489933473638394,51.19753646850586,0.3619832016224178,191.5363311767578,1.6431870899765277,444.3200073242188,1.2395193175544383,77.43000030517578,-0.984650477129867,92.97378540039062,-1.4740257892258524,3271.1201171875,0.7670504990141325,24.459999084472656,-1.21163627478178,0.7670504990141325,24.459999084472656,2020-07-31,2020,3,7
2020-08-03,205.81985473632807,5.624095613047375,105.47633361816406,2.519747388266569,10.959481239318848,3.7259609309391983,28.29084587097168,1.4143466569413121,51.686893463134766,0.9558213702917762,199.73448181152344,4.280206571984513,447.9700012207031,0.8214786271870222,77.66999816894531,0.30995462072016533,96.47759246826172,3.7685967638963813,3294.610107421875,0.718102343932614,24.280000686645508,-0.7358888166983268,0.718102343932614,24.280000686645508,2020-08-03,2020,3,8
2020-08-04,202.7307586669922,-1.5008737001069528,106.18071746826172,0.6678122247286256,11.175975799560549,1.9754088310767193,28.921430587768555,2.2289355350944007,51.705360412597656,0.0357284956118642,197.9847717285156,-0.8760180351127023,446.9200134277344,-0.2343879702005891,85.04000091552734,9.488866898839166,97.67487335205078,1.240993740782792,3306.510009765625,0.36119303819721615,23.76000022888184,-2.1416822201725805,0.36119303819721615,23.76000022888184,2020-08-04,2020,3,8
2020-08-05,202.39810180664065,-0.16408800644699406,106.56559753417967,0.3624764223626453,11.234704971313477,0.5254948006887972,29.022708892822266,0.35018428547770597,51.24370574951172,-0.8928564841285902,199.1938323974609,0.6106836694507178,449.510009765625,0.5795212252917903,85.30999755859375,0.3174936972714759,98.06222534179688,0.39657280982587917,3327.77001953125,0.6429743053199433,22.989999771118164,-3.240742636137217,0.6429743053199433,22.989999771118164,2020-08-05,2020,3,8
2020-08-06,205.6392974853516,1.6013962827612804,110.28360748291016,3.488940178407929,11.28322982788086,0.4319192777316738,28.98924446105957,-0.11530430149120363,51.04057312011719,-0.39640503438115315,204.2562713623047,2.5414637109558935,464.1099853515625,3.2479756331899923,86.70999908447266,1.6410755666911525,97.77169799804688,-0.2962683568900948,3349.159912109375,0.642769555966427,22.649999618530277,-1.4789045496860886,0.642769555966427,22.649999618530277,2020-08-06,2020,3,8
2020-08-07,201.9608612060547,-1.7887808041937792,107.77619171142578,-2.273606956385543,11.147859573364258,-1.1997473824569393,28.704776763916016,-0.9812870339745206,50.99440383911133,-0.09045603954564996,197.6309051513672,-3.243653752586906,449.5700073242188,-3.132873346030185,84.8499984741211,-2.1450820320497943,95.29792785644533,-2.53014951387156,3351.280029296875,0.06330295486443038,22.209999084472656,-1.9426072470996925,0.06330295486443038,22.209999084472656,2020-08-07,2020,3,8
2020-08-10,197.9402618408203,-1.9907814520221723,109.34271240234376,1.4534941957425884,11.113517761230469,-0.30805745181651245,28.830711364746094,0.43872349841225233,50.72665786743164,-0.5250497143263644,193.8070526123047,-1.9348454312516417,443.2900085449219,-1.3968900676169738,82.23999786376953,-3.0760172743522274,93.63406372070312,-1.7459604559803332,3360.469970703125,0.2742218294476073,22.1299991607666,-0.36019778029610094,0.2742218294476073,22.1299991607666,2020-08-10,2020,3,8
2020-08-11,193.31138610839844,-2.338521576850461,106.0908432006836,-2.974015487830961,10.799969673156738,-2.821321698585333,28.53744506835937,-1.0172010418907806,50.108036041259766,-1.2195201737685402,188.7249755859375,-2.6222353406991195,435.2300109863281,-1.818222248015533,76.87999725341797,-6.517510639081481,95.80854034423828,2.3223136293873736,3333.68994140625,-0.7969132154236114,24.030000686645508,8.585637586680717,-0.7969132154236114,24.030000686645508,2020-08-11,2020,3,8
2020-08-12,198.8337554931641,2.8567222531160175,109.61671447753906,3.3234454270345104,11.387500762939451,5.44011795924777,29.38380241394043,2.965778273260522,50.01569747924805,-0.18427894866142047,189.34425354003903,0.32813778472025046,445.3599853515625,2.3274990486702896,82.61000061035156,7.4531784100432485,101.93575286865234,6.395267585122477,3380.35009765625,1.3996549490237653,22.280000686645508,-7.282563254243057,1.3996549490237653,22.280000686645508,2020-08-12,2020,3,8
2020-08-13,198.36801147460935,-0.23423790261345445,111.5566635131836,1.7697565967843554,11.390238761901855,0.02404389707102439,29.01215171813965,-1.2648148478716315,49.87720489501953,-0.2768982363706485,191.8213806152344,1.3082663079983847,450.0199890136719,1.0463453869639538,81.83999633789062,-0.9320957108968408,99.84054565429688,-2.055419374844092,3373.429931640625,-0.2047174350497949,22.1299991607666,-0.6732563790665225,-0.2047174350497949,22.1299991607666,2020-08-13,2020,3,8
2020-08-14,198.5580596923828,0.09580587936568463,111.4572525024414,-0.0891125707882412,11.510679244995115,1.057400864116298,28.871232986450195,-0.4857231309780552,50.04340362548828,0.33321580633589587,190.1699676513672,-0.860911832961786,447.6000061035156,-0.5377500931592505,81.30000305175781,-0.6598158727956882,100.1310577392578,0.29097605893184664,3372.85009765625,-0.017188262276812694,22.049999237060547,-0.36149989489328016,-0.017188262276812694,22.049999237060547,2020-08-14,2020,3,8
2020-08-17,199.8697662353516,0.660616116515711,111.16626739501952,-0.26107328225726256,12.280113220214844,6.684522770924062,29.09140396118164,0.7625963700087723,49.84951019287109,-0.3874505300803355,193.3941802978516,1.6954373428696545,451.5799865722656,0.8891823982302594,82.41999816894531,1.377607718507079,98.7576904296875,-1.3715697612488587,3381.989990234375,0.2709842511078753,21.350000381469727,-3.17459809438132,0.2709842511078753,21.350000381469727,2020-08-17,2020,3,8
2020-08-18,201.01988220214844,0.5754326872242199,112.09256744384766,0.8332564100012485,12.204212188720703,-0.6180808770492208,28.943443298339844,-0.5086061265356268,50.94826126098633,2.2041361366723633,200.54054260253903,3.6952313113461477,463.510009765625,2.641840548318952,81.66000366210938,-0.9220996405242543,98.62564849853516,-0.13370293551604462,3389.780029296875,0.2303389154016955,21.51000022888184,0.7494137918188537,0.2303389154016955,21.51000022888184,2020-08-18,2020,3,8
2020-08-19,199.80029296875,-0.6067007999596807,112.23321533203124,0.1254747673203438,12.082529067993164,-0.9970583831703683,28.99365234375,0.17347295168932408,51.89002227783203,1.848465469746774,201.621826171875,0.5391845236397019,462.010009765625,-0.3236176066097163,81.08999633789062,-0.6980251024446549,97.75411987304688,-0.8836734041867689,3374.85009765625,-0.44043954214108005,22.540000915527344,4.7884736201095235,-0.44043954214108005,22.540000915527344,2020-08-19,2020,3,8
2020-08-20,204.44993591308597,2.3271452084723476,114.72364044189452,2.2189733248714205,12.085017204284668,0.020592843414668494,28.96018409729004,-0.11543301293386321,51.02210998535156,-1.6725995757593815,205.94699096679688,2.1451867970062155,478.4800109863281,3.564858092372991,82.7699966430664,2.071772574973929,97.41957092285156,-0.3422351412194047,3385.510009765625,0.31586327691348615,22.71999931335449,0.7985731611179547,0.31586327691348615,22.71999931335449,2020-08-20,2020,3,8
2020-08-21,202.96356201171875,-0.727011184781734,120.63562774658205,5.153242419710202,12.625014305114746,4.468318842265484,29.06498146057129,0.36186704797589453,50.95748519897461,-0.12666035645234608,204.0006866455078,-0.9450511086140811,473.2200012207031,-1.099316511630677,83.80999755859375,1.2564950558258348,99.4795913696289,2.1145858345123614,3397.159912109375,0.34411070444764214,22.540000915527344,-0.792246493252946,0.34411070444764214,22.540000915527344,2020-08-21,2020,3,8
2020-08-24,203.6019592285156,0.31453784633519444,122.07846069335938,1.1960255636985329,12.66159725189209,0.2897655867409421,29.415504455566406,1.2059976555313767,51.71459197998047,1.4857616659251782,204.91488647460935,0.4481356627441757,476.2999877929688,0.6508572258823841,83.08000183105469,-0.8710127058871531,102.04141998291016,2.5752303341923133,3431.280029296875,1.0043718303008653,22.3700008392334,-0.7542150372178313,1.0043718303008653,22.3700008392334,2020-08-24,2020,3,8
2020-08-25,206.2506866455078,1.3009341496657,121.0769500732422,-0.8203827394521301,12.691208839416504,0.23386928943731622,29.603973388671875,0.6407129049585514,51.78845977783203,0.14283743721725806,212.37579345703125,3.6409785110201653,484.4299926757813,1.7069084801963674,86.3499984741211,3.9359612072662475,102.07662200927734,0.034497781756748225,3443.6201171875,0.35963511532906,22.030000686645508,-1.5198933385446534,0.35963511532906,22.030000686645508,2020-08-25,2020,3,8
2020-08-26,210.7097320556641,2.1619542134277747,122.7235107421875,1.3599290929853014,12.714102745056152,0.18039184390807872,29.91486549377441,1.05017019513165,53.08110046386719,2.4960014095427363,267.6888122558594,26.04487917311502,528.489990234375,9.095224949889126,86.0199966430664,-0.3821677323521788,102.15585327148438,0.07761940064967554,3478.72998046875,1.0195626139483993,23.270000457763672,5.62868693812546,1.0195626139483993,23.270000457763672,2020-08-26,2020,3,8
2020-08-27,215.8834381103516,2.4553711896519115,121.2563934326172,-1.195465563768261,12.570022583007812,-1.1332310658285771,29.86819267272949,-0.15601882299833836,52.79486846923828,-0.5392352308591364,271.6208190917969,1.468872308409841,510.3200073242188,-3.438094050201057,83.80000305175781,-2.580787814396568,102.13825225830078,-0.01722956895755523,3484.550048828125,0.16730440109038458,24.46999931335449,5.1568492994612525,0.16730440109038458,24.46999931335449,2020-08-27,2020,3,8
2020-08-28,218.10340881347656,1.0283191348797294,121.05998992919922,-0.16197373009211313,13.08712673187256,4.113788542940022,30.368427276611328,1.6748070744118548,53.44119644165039,1.2242249884355738,266.4896240234375,-1.889102273351606,516.4400024414062,1.1992465569352628,85.55000305175781,2.08830541320999,104.05738830566406,1.8789591606775513,3508.010009765625,0.673256535528588,22.959999084472656,-6.1708225224908375,0.673256535528588,22.959999084472656,2020-08-28,2020,3,8
2020-08-31,214.88296508789065,-1.4765673508294608,125.1654052734375,3.391223926781506,13.31283187866211,1.724634837071326,30.57362937927246,0.6757086917674293,52.831809997558594,-1.1402934153189381,268.0132751464844,0.5717487608121186,513.3900146484375,-0.5905793080610122,90.81999969482422,6.160136125159532,104.84971618652344,0.7614335644595904,3500.31005859375,-0.21949627140287475,26.40999984741211,15.026136326253647,-0.21949627140287475,26.40999984741211,2020-08-31,2020,3,8
2020-09-01,216.54083251953125,0.7715211072978789,130.1510467529297,3.9832423892212976,13.761384963989258,3.3693288506564167,31.66481590270996,3.5690447800655223,53.23805236816406,0.768935174896046,276.46697998046875,3.154211234262161,527.9500122070312,2.836050009380142,92.18000030517578,1.4974681952449664,107.41155242919922,2.443341132291077,3526.64990234375,0.7525003016613407,26.1200008392334,-1.0980651641583683,0.7525003016613407,26.1200008392334,2020-09-01,2020,3,9
2020-09-02,220.7140350341797,1.9272127413992646,127.4545440673828,-2.0718255848266476,14.284619331359863,3.802192648049618,33.02726364135742,4.3027180162157785,54.50298690795898,2.3759970237967165,271.9845275878906,-1.6213337277727669,533.7999877929688,1.1080548253957545,90.22000122070312,-2.12627367973941,109.02235412597656,1.4996540505632483,3580.840087890625,1.5365910154807594,26.56999969482422,1.7228133274594049,1.5365910154807594,26.56999969482422,2020-09-02,2020,3,9
2020-09-03,207.04151916503903,-6.194674419786372,117.25041961669922,-8.00608917112351,12.95936107635498,-9.277518877212676,31.00870132446289,-6.111806109080275,52.721004486083984,-3.2695133293965783,260.503173828125,-4.221326066445263,507.7999877929688,-4.870738215543735,82.54000091552734,-8.51252516211829,103.04814910888672,-5.479798216599308,3455.06005859375,-3.512584371534122,33.599998474121094,26.45840745216983,-3.512584371534122,33.599998474121094,2020-09-03,2020,3,9
2020-09-04,204.13552856445312,-1.4035786697785269,117.32801055908205,0.06617540699340729,12.5680570602417,-3.0194699708401163,31.965137481689453,3.0844121694062254,51.4560661315918,-2.399306247713995,250.36849975585935,-3.8904224940277787,491.9400024414063,-3.123274071055837,82.01000213623047,-0.642111428904979,102.64102172851562,-0.39508461228245917,3426.9599609375,-0.8133027264274895,30.75,-8.48213870103649,-0.8133027264274895,30.75,2020-09-04,2020,3,9
2020-09-08,193.0926818847656,-5.409566260877952,109.43244171142578,-6.729483275164161,11.861617088317873,-5.620916332076553,30.872194290161133,-3.4191725036514797,51.07752227783203,-0.7356641932006469,237.1669006347656,-5.272867446969953,462.1300048828125,-6.059681548695439,78.69000244140625,-4.048286316721727,97.15361785888672,-5.346209319840001,3331.840087890625,-2.7756342102361,31.459999084472656,2.308940112106206,-2.7756342102361,31.459999084472656,2020-09-08,2020,3,9
2020-09-09,201.31524658203125,4.258351283438455,113.7973175048828,3.9886488185717717,12.660158157348633,6.732143375435862,31.707977294921875,2.7072355042385254,52.58250427246094,2.946466327091346,246.1710968017578,3.796565263910323,479.4599914550781,3.75002410342522,81.91000366210938,4.092008032533467,100.91514587402344,3.8717323122235525,3398.9599609375,2.014498633677464,28.809999465942383,-8.423393819608227,2.014498633677464,28.809999465942383,2020-09-09,2020,3,9
2020-09-10,195.67474365234372,-2.8018260044646692,110.08230590820312,-3.264586264540259,12.25864601135254,-3.1714623230281958,31.44816780090332,-0.8193821119588218,52.9333610534668,0.6672500404086179,243.5858459472656,-1.0501845619082295,476.260009765625,-0.6674137042679495,78.9800033569336,-3.5770970262221646,99.51675415039062,-1.3857104516090013,3339.18994140625,-1.758479659017942,29.709999084472656,3.123914041005804,-1.758479659017942,29.709999084472656,2020-09-10,2020,3,9
2020-09-11,194.39794921875,-0.6525085505476369,108.63704681396484,-1.3128895532434348,12.112030982971191,-1.1960132321756523,31.67891502380371,0.7337382080928823,52.62866973876953,-0.5756130134821902,238.9657745361328,-1.8966912437650363,471.3500061035156,-1.0309502291669714,76.33999633789062,-3.3426271294418775,100.38411712646484,0.8715748252434485,3340.969970703125,0.053307219059406385,26.8700008392334,-9.559065408128964,0.053307219059406385,26.8700008392334,2020-09-11,2020,3,9
2020-09-14,195.7128448486328,0.6763937763577976,111.89614868164062,2.999991221463172,12.816728591918944,5.818162205318966,31.899089813232425,0.6950199817868485,54.9000129699707,4.315790694454824,242.445556640625,1.4561843055755475,485.9100036621094,3.0889991238052916,77.9000015258789,2.043496545485146,100.41954040527344,0.03528773258418827,3383.5400390625,1.2741829089357504,25.850000381469727,-3.7960566650759087,1.2741829089357504,25.850000381469727,2020-09-14,2020,3,9
2020-09-15,198.9237823486328,1.6406370785133628,112.0707550048828,0.15604319299580283,12.934967041015623,0.9225322066289898,32.313899993896484,1.3003824970955424,56.26650619506836,2.4890581097769537,247.39987182617188,2.043475349350543,497.6700134277344,2.4202032633603876,78.93000030517578,1.3222063660097705,103.1809310913086,2.749853937680591,3401.199951171875,0.5219359577689042,25.59000015258789,-1.0058035785106334,0.5219359577689042,25.59000015258789,2020-09-15,2020,3,9
2020-09-16,195.36984252929688,-1.786583674096509,108.76313018798828,-2.9513719406551786,12.460519790649414,-3.667943249192518,32.32535552978516,0.03545079947280261,55.79561996459961,-0.8368854978061946,246.33822631835935,-0.42912128449220655,476.0,-4.354293576677593,76.66000366210938,-2.8759617816922156,101.39308166503906,-1.7327324025477098,3385.489990234375,-0.4618946596211537,26.040000915527344,1.7585023847447978,-0.4618946596211537,26.040000915527344,2020-09-16,2020,3,9
2020-09-17,193.33084106445312,-1.0436623372606646,107.02687072753906,-1.5963676821807438,12.409740447998049,-0.4075218650948287,32.22670364379883,-0.3051842257247084,55.5648078918457,-0.4136741789057097,240.3714599609375,-2.4221845089160476,474.2999877929688,-0.3571454216452108,76.55000305175781,-0.14349152765033013,101.67633056640624,0.27935722705707544,3357.010009765625,-0.8412365876402483,26.459999084472656,1.612896137399411,-0.8412365876402483,26.459999084472656,2020-09-17,2020,3,9
2020-09-18,190.9298095703125,-1.241928851558749,103.63197326660156,-3.1720047852094813,12.136674880981444,-2.200413200911522,31.68155670166016,-1.691600072300814,55.16777420043945,-0.7145416432988605,238.65122985839844,-0.7156548879882041,467.5499877929688,-1.4231499417508675,74.93000030517578,-2.1162673834078105,97.96790313720705,-3.6472868449724083,3319.469970703125,-1.1182581807410497,25.82999992370605,-2.380949291628298,-1.1182581807410497,25.82999992370605,2020-09-18,2020,3,9
2020-09-21,192.97830200195312,1.0729034068858834,106.77471160888672,3.0325952919956656,12.463258743286133,2.690884163144691,31.264741897583008,-1.3156386474383996,56.155723571777344,1.7908088293509872,240.88262939453125,0.9350044152115933,475.6400146484375,1.7303020140492453,77.94000244140625,4.017085445043778,99.0565414428711,1.11121935940528,3281.06005859375,-1.1571097930805796,27.780000686645508,7.549364183891472,-1.1571097930805796,27.780000686645508,2020-09-21,2020,3,9
2020-09-22,197.62794494628903,2.409412299777025,108.45274353027344,1.5715630565534155,12.583239555358888,0.96267609093319,32.13569641113281,2.785740296218897,55.9710578918457,-0.32884569583651047,243.5661773681641,1.1140479412641957,486.7799987792969,2.3421040677356286,77.69999694824219,-0.3079362145831266,100.73814392089844,1.6976188079382615,3315.570068359375,1.0517945160813724,26.86000061035156,-3.311735253974324,1.0517945160813724,26.86000061035156,2020-09-22,2020,3,9
2020-09-23,191.120361328125,-3.2928458674873373,103.90357971191406,-4.194604645561151,12.071459770202637,-4.067154431136122,31.246959686279297,-2.765574809655069,54.43836212158203,-2.738371987224786,231.9766845703125,-4.758252119847251,470.3900146484375,-3.367020866091608,74.7300033569336,-3.8223857245283765,97.86170196533205,-2.8553652505500127,3236.919921875,-2.3721455093028143,28.57999992370605,6.40357138596499,-2.3721455093028143,28.57999992370605,2020-09-23,2020,3,9
2020-09-24,193.5976409912109,1.2961882480081677,104.9705581665039,1.0268928727462212,12.2947416305542,1.8496674354390397,31.32961845397949,0.2645337931436842,54.75228118896485,0.5766504632922498,233.5101623535156,0.6610482368275772,467.6700134277344,-0.5782438266118461,75.81999969482422,1.4585792706103051,99.2955093383789,1.4651363549295304,3246.590087890625,0.29874591429570607,28.51000022888184,-0.24492545490228945,0.29874591429570607,28.51000022888184,2020-09-24,2020,3,9
2020-09-25,198.00906372070312,2.27865520824837,108.90863800048828,3.7516041667014832,12.818222045898438,4.2577585692676445,31.709985733032227,1.2140820661811214,55.21394348144531,0.8431836673382431,238.6118927001953,2.1848001368591774,479.7799987792969,2.589429513088448,78.05999755859375,2.9543627971320596,101.34000396728516,2.0590000922791285,3298.4599609375,1.59767237756141,26.3799991607666,-7.471066471467291,1.59767237756141,26.3799991607666,2020-09-25,2020,3,9
2020-09-28,199.55255126953125,0.7795034832371428,111.5081787109375,2.386900394840641,12.978775024414062,1.2525370362654886,32.643165588378906,2.9428580107325297,55.01081848144531,-0.3678871444280363,242.47506713867188,1.6190200726208026,488.510009765625,1.8195862704864396,79.4800033569336,1.8191209873840375,104.85369110107422,3.4672261656150782,3351.60009765625,1.6110590199083896,26.190000534057617,-0.7202374251457866,1.6110590199083896,26.190000534057617,2020-09-28,2020,3,9
2020-09-29,197.4754638671875,-1.0408723863110536,110.66429901123048,-0.7567872683981403,13.168703079223633,1.4633742741691824,32.37300109863281,-0.8276295661787003,54.90924835205078,-0.18463664456981332,243.2417907714844,0.3162072050789666,489.3299865722656,0.167852611051722,81.7699966430664,2.8812194129494095,103.88898468017578,-0.9200500342601226,3335.469970703125,-0.48126645432444715,26.270000457763672,0.3054598017362409,-0.48126645432444715,26.270000457763672,2020-09-29,2020,3,9
2020-09-30,200.4005584716797,1.4812445795592488,112.33265686035156,1.5075845272844335,13.472140312194824,2.3042301975046087,32.378318786621094,0.016426305278516296,55.121612548828125,0.3867548785511765,247.0459899902344,1.5639579065276132,490.4299926757813,0.2247984251325219,81.98999786376953,0.26904883176581684,104.15451049804688,0.25558611308842405,3363.0,0.8253718228220741,26.3700008392334,0.38066379797176975,0.8253718228220741,26.3700008392334,2020-09-30,2020,3,9
2020-10-01,202.43003845214844,1.0127117389024498,113.28324127197266,0.8462226730761246,13.555777549743652,0.6208162594114386,32.75870132446289,1.1748063274952258,55.1031494140625,-0.03349527329098434,249.13975524902344,0.8475204389562396,499.510009765625,1.851440006819982,84.86000061035156,3.5004303224287048,105.78301239013672,1.5635442808022981,3380.800048828125,0.5292907769290922,26.700000762939453,1.2514217413868156,0.5292907769290922,26.700000762939453,2020-10-01,2020,4,10
2020-10-02,196.4560546875,-2.951135024390461,109.62641143798828,-3.2280413174310407,13.00590991973877,-4.056334120172112,31.712661743164062,-3.1931655987769147,54.31832885742188,-1.4242753181732515,243.635009765625,-2.2095010400472903,478.989990234375,-4.108029695116255,81.80000305175781,-3.605936291049805,102.1985092163086,-3.388543295220381,3348.419921875,-0.9577652178616392,27.6299991607666,3.4831399672393237,-0.9577652178616392,27.6299991607666,2020-10-02,2020,4,10
2020-10-05,200.44818115234372,2.032070974444622,113.001953125,3.079131791996259,13.583654403686523,4.442168887168174,32.53651428222656,2.5978662583883816,54.99235153198242,1.2408752049971161,247.2524261474609,1.4847687059901027,486.4700012207031,1.5616215659680188,86.1500015258789,5.317846346984467,106.6680908203125,4.373431313507514,3408.60009765625,1.797270867614209,27.959999084472656,1.1943537232336876,1.797270867614209,27.959999084472656,2020-10-05,2020,4,10
2020-10-06,196.1892242431641,-2.124717163655754,109.76222229003906,-2.8669688844910723,13.677251815795898,0.6890444156469,32.348106384277344,-0.5790660189193608,54.94618225097656,-0.08395582243652111,245.88604736328125,-0.5526250259581866,478.9800109863281,-1.5396612772792362,84.4800033569336,-1.9384772366413228,105.80071258544922,-0.8131562383772439,3360.969970703125,-1.3973515692226712,29.479999542236328,5.436339440396454,-1.3973515692226712,29.479999542236328,2020-10-06,2020,4,10
2020-10-07,199.9241485595703,1.9037357076130856,111.62457275390624,1.6967135185601778,13.903769493103027,1.6561636822795212,32.59340286254883,0.7583024346386802,56.16988754272461,2.22709793768483,255.5587158203125,3.933801271261439,493.1499938964844,2.9583662334837335,86.69000244140625,2.616002600207379,108.8896026611328,2.919536173434434,3419.43994140625,1.739675486921799,28.059999465942383,-4.816825299673077,1.739675486921799,28.059999465942383,2020-10-07,2020,4,10
2020-10-08,200.63877868652344,0.35745062920209403,111.5178680419922,-0.09559249301610562,13.779060363769531,-0.8969447414628018,33.1790771484375,1.7969105231465,56.44799041748047,0.49511025733195435,255.7946014404297,0.0923019273124881,490.8399963378906,-0.468416827980056,86.51000213623047,-0.20763675176667107,108.27890014648438,-0.5608455717750593,3446.830078125,0.8010123642494982,26.36000061035156,-6.058442223615101,0.8010123642494982,26.36000061035156,2020-10-08,2020,4,10
2020-10-09,205.6218414306641,2.4835990214664205,113.45782470703124,1.7395926761337943,13.703386306762695,-0.5491960627867831,33.47857666015625,0.9026758350717312,56.68903350830078,0.4270180196630502,261.45672607421875,2.213543445367705,502.1600036621094,2.306252018718169,83.0999984741211,-3.9417449750371314,110.5181121826172,2.068004046128591,3477.139892578125,0.879353312061526,25.0,-5.159334517683911,0.879353312061526,25.0,2020-10-09,2020,4,10
2020-10-12,210.94796752929688,2.5902530886675157,120.66472625732422,6.352053345727815,14.164640426635742,3.3659864032689057,33.98781967163086,1.52110114072046,56.976409912109375,0.5069347385619372,262.52813720703125,0.4097852630910559,510.8900146484375,1.738491899526573,84.29000091552734,1.4320125911637005,112.12893676757812,1.457520901460252,3534.219970703125,1.641581296364758,25.06999969482422,0.279998779296875,1.641581296364758,25.06999969482422,2020-10-12,2020,4,10
2020-10-13,212.3390350341797,0.6594363155879357,117.46380615234376,-2.652738877602323,14.18679428100586,0.15640251854511789,33.904273986816406,-0.24581066282456376,56.52216720581055,-0.7972469781784008,262.29217529296875,-0.08988061873018705,514.3099975585938,0.6694166674033886,85.27999877929688,1.174514002866922,112.81043243408205,0.6077785861080098,3511.929931640625,-0.6306918994084421,26.06999969482422,3.9888313209930137,-0.6306918994084421,26.06999969482422,2020-10-13,2020,4,10
2020-10-14,210.4334716796875,-0.8974154724709305,117.55111694335938,0.07432995224279093,14.034453392028809,-1.0738217948293882,33.798519134521484,-0.31192189024913386,56.51288986206055,-0.016413637708223572,257.37725830078125,-1.873832868516856,506.30999755859375,-1.5554821096178673,84.20999908447266,-1.2546900916278858,114.95230102539062,1.8986440749264366,3488.669921875,-0.6623141753502759,26.399999618530277,1.265822506977532,-0.6623141753502759,26.399999618530277,2020-10-14,2020,4,10
2020-10-15,209.2900848388672,-0.5433483711948295,117.08554077148438,-0.3960627376253134,13.909744262695312,-0.8885927071753841,33.76563262939453,-0.09730161548221483,56.1049919128418,-0.7217786069945609,253.337158203125,-1.5697191447019088,501.1499938964844,-1.0191392006854927,83.12999725341797,-1.2825102040095238,113.80170440673828,-1.0009339599023725,3483.340087890625,-0.15277553060997207,26.96999931335449,2.159089784320023,-0.15277553060997207,26.96999931335449,2020-10-15,2020,4,10
2020-10-16,209.2900848388672,0.0,115.44625091552734,-1.400078818576267,13.751927375793455,-1.1345779183382088,33.65188217163086,-0.3368823531671228,55.89176559448242,-0.38004874626952345,254.1529998779297,0.3220379041871668,502.8200073242188,0.33323624624834736,83.16999816894531,0.04811850938164497,114.20001983642578,0.35000831645182195,3483.81005859375,0.013491955745537076,27.40999984741211,1.631444365071788,0.013491955745537076,27.40999984741211,2020-10-16,2020,4,10
2020-10-19,204.1069183349609,-2.4765466113202628,112.4975357055664,-2.554188799182855,13.439531326293944,-2.2716528451815488,33.39591979980469,-0.7606182932672678,55.2706413269043,-1.111298347747025,250.6732177734375,-1.369168219994854,495.2000122070313,-1.515451852788774,82.0,-1.4067550735887502,113.66009521484376,-0.4727885532378906,3426.919921875,-1.6329861778318078,29.18000030517578,6.457498969781228,-1.6329861778318078,29.18000030517578,2020-10-19,2020,4,10
2020-10-20,204.51661682128903,0.20072738820924307,113.98158264160156,1.3191817284951668,13.586645126342772,1.0946348981754062,33.50435256958008,0.32468867581849636,55.39116287231445,0.21805707789297468,251.6168975830078,0.3764581705027803,494.5799865722656,-0.1252071121731868,81.55999755859375,-0.5365883431783569,113.55390167236328,-0.09343080549049088,3443.1201171875,0.4727334073110212,29.350000381469727,0.5825910709938986,0.4727334073110212,29.350000381469727,2020-10-20,2020,4,10
2020-10-21,204.65953063964844,0.06987882969151649,113.36080932617188,-0.544625983464031,13.466412544250488,-0.8849320856932352,33.065311431884766,-1.3104003033144296,55.31699752807617,-0.13389382058874855,249.906494140625,-0.6797649358261215,495.9599914550781,0.2790256217961362,79.19999694824219,-2.893576116963603,113.77513122558594,0.1948233834016211,3435.56005859375,-0.21956999281005363,28.649999618530277,-2.385011086341926,-0.21956999281005363,28.649999618530277,2020-10-21,2020,4,10
2020-10-22,204.7452850341797,0.04190100224661375,112.27445220947266,-0.9583180670256652,13.303369522094728,-1.2107383582672937,33.18262481689453,0.35479292324656075,55.33553695678711,0.03351488609180109,245.42404174804688,-1.7936518248524602,483.6000061035156,-2.492133552002851,79.41999816894531,0.27777932977308684,113.62470245361328,-0.1322158633017878,3453.489990234375,0.5218925396392127,28.11000061035156,-1.8848133171682768,0.5218925396392127,28.11000061035156,2020-10-22,2020,4,10
2020-10-23,206.0220489501953,0.6235864800512969,111.58574676513672,-0.6134124289032483,13.53163242340088,1.7158277151291923,33.12486267089844,-0.17407346861446626,55.530216217041016,0.35181597750815197,246.25958251953125,0.3404478084270801,488.5,1.013232802862185,81.95999908447266,3.198188081198583,114.0672378540039,0.38947111925005107,3465.389892578125,0.3445761353703114,27.549999237060547,-1.992178445861681,0.3445761353703114,27.549999237060547,2020-10-23,2020,4,10
2020-10-26,200.1623687744141,-2.844200514284645,111.59546661376952,0.00871065428567075,13.08456802368164,-3.303846762391438,32.26456451416016,-2.597137278078687,53.29603576660156,-4.023359897802504,237.8648376464844,-3.408900797751102,475.2000122070313,-2.722617767240265,82.2300033569336,0.32943420629210074,111.69525146484376,-2.0794633356477688,3400.969970703125,-1.8589516294535646,32.459999084472656,17.822141500487334,-1.8589516294535646,32.459999084472656,2020-10-26,2020,4,10
2020-10-27,203.18272399902344,1.5089525784006463,113.09891510009766,1.3472307898774627,13.33896541595459,1.9442551852878687,31.958839416503903,-0.9475568700829218,52.91594696044922,-0.7131652489443363,246.04331970214844,3.438289633972258,478.55999755859375,0.7070676063237524,78.87999725341797,-4.073946207899737,111.4385986328125,-0.22977953732621348,3390.679931640625,-0.30256189119989285,33.349998474121094,2.741834302990398,-0.30256189119989285,33.349998474121094,2020-10-27,2020,4,10
2020-10-28,193.11167907714844,-4.956644306985181,107.8610610961914,-4.631215073345762,12.572535514831545,-5.745797198081992,30.857711791992188,-3.445455606698533,51.53463363647461,-2.6103913910999976,234.3751678466797,-4.742316056210671,456.9700012207031,-4.511450277506157,76.4000015258789,-3.1440109202483524,107.60625457763672,-3.4389736610052513,3271.030029296875,-3.5287878760604796,40.27999877929688,20.77961206071217,-3.5287878760604796,40.27999877929688,2020-10-28,2020,4,10
2020-10-29,195.05540466308597,1.0065292763370426,111.85736846923828,3.705051046626484,12.96782398223877,3.144063239598016,31.550905227661133,2.2464187893829424,51.93326568603516,0.7735226224222513,233.1071319580078,-0.5410282583781956,461.1099853515625,0.9059640938793079,78.0199966430664,2.120412414702333,111.90767669677734,3.9973718405347913,3310.110107421875,1.1947330894238384,37.59000015258789,-6.6782490273847745,1.1947330894238384,37.59000015258789,2020-10-29,2020,4,10
2020-10-30,192.91163635253903,-1.099056093446782,105.59133911132812,-5.601802942139988,12.479937553405762,-3.762284478114719,31.07277488708496,-1.5154251110265693,52.01670837402344,0.16067290759786967,228.3199615478516,-2.0536353263608365,447.1000061035156,-3.038316170352562,75.29000091552734,-3.4990974685996434,109.18169403076172,-2.435921061431634,3269.9599609375,-1.2129550130175693,38.02000045776367,1.1439220628632452,-1.2129550130175693,38.02000045776367,2020-10-30,2020,4,10
2020-11-02,192.7782440185547,-0.06914685734176196,105.50403594970705,-0.08268022960579158,12.526487350463867,0.37299703511257665,31.216753005981445,0.46335777676658196,52.3318977355957,0.6059386905182818,228.49685668945312,0.07747686203269932,444.9400024414063,-0.48311420993566445,74.69999694824219,-0.7836418649365129,109.7215576171875,0.4944634640617229,3310.239990234375,1.231820260127181,37.130001068115234,-2.340871591090943,1.231820260127181,37.130001068115234,2020-11-02,2020,4,11
2020-11-03,196.6846466064453,2.0263710813314795,107.12389373779295,1.5353514901155885,12.963343620300291,3.487460272094922,31.439809799194336,0.7145419421749288,52.656368255615234,0.6200243714816089,233.0973052978516,2.013353126625672,454.0199890136719,2.0407215630069864,76.58000183105469,2.516740240451565,111.03146362304688,1.1938456164007016,3369.159912109375,1.779929009643455,35.54999923706055,-4.255323957993329,1.779929009643455,35.54999923706055,2020-11-03,2020,4,11
2020-11-04,206.17446899414065,4.824892309303608,111.49848175048828,4.083671588154747,13.73475170135498,5.950687597655602,32.4058837890625,3.072773009882912,52.36898040771485,-0.5457798504167388,246.4758453369141,5.73946576601021,487.2300109863281,7.314660758616109,81.3499984741211,6.228775827910837,114.14689636230467,2.805900811894846,3443.43994140625,2.204704770168342,29.56999969482422,-16.82137741370816,2.204704770168342,29.56999969482422,2020-11-04,2020,4,11
2020-11-05,212.7487335205078,3.188689927730093,115.45596313476562,3.5493589887021226,14.09892463684082,2.651470834015246,33.84918212890625,4.453815699761554,52.52657318115234,0.3009277098972696,255.7946014404297,3.7807989220110194,496.4700012207031,1.8964329015098924,83.0,2.028274808639119,128.69735717773438,12.747136610045207,3510.449951171875,1.9460194138962938,27.57999992370605,-6.729793005261642,1.9460194138962938,27.57999992370605,2020-11-05,2020,4,11
2020-11-06,213.15843200683597,0.19257387790214686,115.32481384277344,-0.11359248013816936,14.499191284179688,2.8389870692191677,33.826961517333984,-0.06564593344573488,52.656368255615234,0.24710364031412801,255.72586059570312,-0.02687345406802155,494.6300048828125,-0.37061581432241697,85.87999725341797,3.469876208937306,128.3433380126953,-0.2750788149830874,3509.43994140625,-0.028771518741854685,24.86000061035156,-9.862216536906331,-0.028771518741854685,24.86000061035156,2020-11-06,2020,4,11
2020-11-09,208.080078125,-2.3824316185967698,113.02200317382812,-1.9968041501327027,13.571956634521484,-6.395078397716736,33.37548828125,-1.3346550084098907,52.69344711303711,0.0704166630745906,254.8705902099609,-0.3344481405790911,471.1400146484375,-4.749002285039349,83.12000274658203,-3.2137803855438407,126.21916198730467,-1.655073070626012,3550.5,1.169988923568721,25.75,3.5800457272629815,1.169988923568721,25.75,2020-11-09,2020,4,11
2020-11-10,201.0484313964844,-3.3792983892919737,112.6819076538086,-0.3009108938694549,12.714921951293944,-6.3147466964902925,32.272552490234375,-3.3046281801822897,52.53585815429688,-0.2990674692474937,243.4482269287109,-4.481632530391333,452.0,-4.062489717142725,77.98999786376953,-6.171805477982195,124.00651550292967,-1.7530194698944013,3545.530029296875,-0.13997945931910616,24.799999237060547,-3.6893233512211743,-0.13997945931910616,24.799999237060547,2020-11-10,2020,4,11
2020-11-11,206.326904296875,2.6254733069670078,116.10211181640624,3.035273571251107,13.360124588012695,5.074373552510036,33.40924835205078,3.522175266924954,53.02719497680664,0.9352408807460799,249.8573455810547,2.632641335367203,467.75,3.484513274336276,81.27999877929688,4.218490839394828,130.71530151367188,5.410027032477749,3572.659912109375,0.7651855318760337,23.450000762939453,-5.443542401822688,0.7651855318760337,23.450000762939453,2020-11-11,2020,4,11
2020-11-12,205.26934814453125,-0.5125633789484274,115.83004760742188,-0.2343318349063095,13.398707389831545,0.288790733684241,32.900901794433594,-1.521574362465361,52.3318977355957,-1.3112087892166446,245.17828369140625,-1.8726933477849372,462.5799865722656,-1.10529415878875,81.83999633789062,0.6889733846014545,127.36980438232422,-2.5593768232235137,3537.010009765625,-0.9978532303877019,25.350000381469727,8.102343525434108,-0.9978532303877019,25.350000381469727,2020-11-12,2020,4,11
2020-11-13,206.28880310058597,0.49664256513199945,115.87865447998048,0.04196395802524844,13.23964500427246,-1.1871472443662712,33.194175720214844,0.8913856757290173,52.758338928222656,0.814878135666941,245.26675415039065,0.036084133411984354,469.3399963378906,1.4613709978498868,81.43000030517578,-0.5009726919122826,127.67951965332033,0.24316224123768215,3585.14990234375,1.3610335409063534,23.100000381469727,-8.875739511407266,1.3610335409063534,23.100000381469727,2020-11-13,2020,4,11
2020-11-16,206.97483825683597,0.33256053936940866,116.88915252685548,0.8720312221519366,13.45695686340332,1.641372250243367,33.843849182128906,1.9571911271121456,52.98083114624024,0.4217195282063102,245.64028930664065,0.15229750870391356,460.9500122070313,-1.7876132859597882,83.7300033569336,2.8245155877908434,131.9366912841797,3.334263507897406,3626.909912109375,1.1648051240012336,22.450000762939453,-2.8138511160012314,1.1648051240012336,22.450000762939453,2020-11-16,2020,4,11
2020-11-17,204.3355865478516,-1.2751558262890428,116.0049285888672,-0.7564636400158031,13.364356994628906,-0.6881189388831532,33.82518005371094,-0.055162544654718815,52.953033447265625,-0.05246746487967968,251.81353759765625,2.5131253136204013,467.9500122070313,1.5186028451293465,83.36000061035156,-0.4418998348832526,131.64463806152344,-0.2213586075363927,3609.530029296875,-0.4791925698091615,22.709999084472656,1.1581216601222133,-0.4791925698091615,22.709999084472656,2020-11-17,2020,4,11
2020-11-18,201.64166259765625,-1.3183821749837343,114.68351745605467,-1.1390991304306874,13.370830535888672,0.04843885315519714,33.826961517333984,0.005266678906723499,52.14649963378906,-1.523111634916563,252.78665161132807,0.3864422949439117,459.4700012207031,-1.81216171922578,82.54000091552734,-0.9836848474331639,130.14889526367188,-1.1361972807069742,3567.7900390625,-1.1563829610944043,23.84000015258789,4.975786497886037,-1.1563829610944043,23.84000015258789,2020-11-18,2020,4,11
2020-11-19,202.9217529296875,0.634834247813898,115.27619171142578,0.5167911383588519,13.382280349731444,0.08563277959465765,34.156673431396484,0.9747015376877499,52.3318977355957,0.35553316734324714,260.1492614746094,2.9125785781607183,466.4100036621094,1.5104364643977464,85.54000091552734,3.6346013650644826,130.57373046875,0.3264224442454555,3581.8701171875,0.3946442467421596,23.11000061035156,-3.0620785971643083,0.3946442467421596,23.11000061035156,2020-11-19,2020,4,11
2020-11-20,200.98252868652344,-0.955651237566435,114.0130615234375,-1.0957424679246097,13.031298637390137,-2.6227347146284385,34.067806243896484,-0.2601751826871834,51.63661956787109,-1.3285934541060862,253.65167236328125,-2.4976388841151054,462.9200134277344,-0.7482665909763209,84.63999938964844,-1.0521411225698718,129.24610900878906,-1.016759998504202,3557.5400390625,-0.6792562915180156,23.700000762939453,2.553007948963959,-0.6792562915180156,23.700000762939453,2020-11-20,2020,4,11
2020-11-23,200.7150421142578,-0.13308946504639874,110.62200927734376,-2.9742664575292066,13.08332347869873,0.39922990606109376,34.39397048950195,0.9573972661180763,51.98889923095703,0.6822283604814849,253.25851440429688,-0.15499915901255878,460.6099853515625,-0.499012358326667,85.30999755859375,0.7915857440651708,127.29011535644533,-1.5133868766685432,3577.590087890625,0.5635930617216234,22.65999984741211,-4.388189375730445,0.5635930617216234,22.65999984741211,2020-11-23,2020,4,11
2020-11-24,204.2974090576172,1.7848024271743812,111.9045867919922,1.159423448396102,12.901860237121582,-1.386981235101259,34.8587760925293,1.3514159499823153,53.37019348144531,2.6569022828353717,256.40411376953125,1.2420507846037543,462.7000122070313,0.4537519641206966,85.06999969482422,-0.28132442930230983,129.1575927734375,1.4671032481687662,3635.409912109375,1.6161668273416252,21.63999938964844,-4.501325969250425,1.6161668273416252,21.63999938964844,2020-11-24,2020,4,11
2020-11-25,204.30694580078125,0.004668068581015206,112.740234375,0.746750072506952,13.17766571044922,2.137718656524301,34.73435592651367,-0.3569263753993024,53.22186279296875,-0.2779279571623272,242.62252807617188,-5.374947184251089,470.0799865722656,1.5949803696854392,86.70999908447266,1.9278234342678724,127.52019500732422,-1.2677518455965098,3629.64990234375,-0.1584418237524976,21.25,-1.802215344955127,-0.1584418237524976,21.25,2020-11-25,2020,4,11
2020-11-27,205.6060943603516,0.6358807599410321,113.28433990478516,0.48261876764894573,13.204052925109863,0.20024194907084514,35.10050964355469,1.0541543301268552,53.546329498291016,0.6096492837622591,243.4187469482422,0.32817186366977946,477.0299987792969,1.4784743885204454,87.19000244140625,0.5535732464556631,127.29895782470705,-0.17349187915253195,3638.35009765625,0.2396979198154181,20.84000015258789,-1.9294110466452241,0.2396979198154181,20.84000015258789,2020-11-27,2020,4,11
2020-11-30,204.49801635742188,-0.5389324700597942,115.6745834350586,2.1099505300401056,13.343697547912598,1.0575890871898475,35.68974304199219,1.6787032565086957,53.50925064086914,-0.0692463101939711,241.61984252929688,-0.7390163828785989,478.4700012207031,0.3018683196216454,92.66000366210938,6.2736564600730516,130.2550811767578,2.322189751247916,3621.6298828125,-0.45955486401709766,20.56999969482422,-1.295587599744541,-0.45955486401709766,20.56999969482422,2020-11-30,2020,4,11
2020-12-01,206.54226684570312,0.999643187104704,119.24053192138672,3.0827415845678052,13.332246780395508,-0.08581405173471168,35.955474853515625,0.7445607305459623,54.45484161376953,1.767154205254684,237.2455291748047,-1.8104114747785172,479.1499938964844,0.14211814200397743,92.62999725341795,-0.03238334503076201,133.875,2.779099894252801,3662.449951171875,1.1271187194776155,20.770000457763672,0.9722934657591553,1.1271187194776155,20.770000457763672,2020-12-01,2020,4,12
2020-12-02,205.7398681640625,-0.3884912729461121,119.59033203125,0.29335671707158006,13.486078262329102,1.1538301418167363,35.880821228027344,-0.20762797819364742,54.7700424194336,0.5788297171070322,217.0253448486328,-8.52289372807251,481.260009765625,0.4403664606111857,93.73999786376952,1.198316574829228,133.3149871826172,-0.41831022773692883,3669.010009765625,0.17911667548251575,21.170000076293945,1.9258527188946495,0.17911667548251575,21.170000076293945,2020-12-02,2020,4,12
2020-12-03,204.66036987304688,-0.524690863588384,119.45431518554688,-0.11373565353726134,13.342159271240234,-1.0671671058804288,35.53154754638672,-0.9734272229192986,54.9461784362793,0.3215918941541718,217.2121124267578,0.0860579570811204,484.2799987792969,0.6275171326083351,92.30999755859376,-1.525496413232208,133.25277709960938,-0.046663983039352264,3666.719970703125,-0.062415721309150296,21.280000686645508,0.5196060933166491,-0.062415721309150296,21.280000686645508,2020-12-03,2020,4,12
2020-12-04,204.77500915527344,0.05601440195659446,118.78386688232422,-0.561259174422668,13.50375747680664,1.2111848036077566,36.58736038208008,2.971480018749495,55.58583450317383,1.16415023773917,222.0189666748047,2.212977073121425,486.0,0.35516668560309217,94.04000091552734,1.8741234998250977,140.10609436035156,5.143095258434416,3699.1201171875,0.8836275129611826,20.790000915527344,-2.3026304290754473,0.8836275129611826,20.790000915527344,2020-12-04,2020,4,12
2020-12-07,204.7081451416016,-0.03265242860819306,120.2413330078125,1.2269899639924642,13.5520658493042,0.3577402258632789,37.40589141845703,2.2371962006252133,55.43751525878906,-0.26682921235319235,223.82763671875,0.8146466362914495,492.25,1.2860082304526843,94.06999969482422,0.03190002020929672,140.46165466308594,0.253779326557968,3691.9599609375,-0.19356376714373402,21.299999237060547,2.4530942716423976,-0.19356376714373402,21.299999237060547,2020-12-07,2020,4,12
2020-12-08,206.3512420654297,0.8026534179631728,120.85347747802734,0.5090965435114336,13.296345710754396,-1.886945808803997,37.629844665527344,0.5987111617391072,54.72368621826172,-1.2876281290658542,223.9849548339844,0.07028538456672617,495.2799987792969,0.615540635712919,92.91999816894533,-1.2224955135639926,141.15499877929688,0.4936180752490804,3702.25,0.2787148065356293,20.68000030517578,-2.9107932117012014,0.2787148065356293,20.68000030517578,2020-12-08,2020,4,12
2020-12-09,202.3294677734375,-1.948994467751719,118.32717895507812,-2.090381324284629,12.878780364990234,-3.1404519320404334,36.990848541259766,-1.6981099176658576,55.37261962890625,1.1858364366323926,216.8189239501953,-3.199335816595583,483.739990234375,-2.3299968852697917,89.83000183105469,-3.32543736416403,138.68389892578125,-1.7506286528182535,3672.820068359375,-0.7949201604598555,22.270000457763672,7.688588632128535,-0.7949201604598555,22.270000457763672,2020-12-09,2020,4,12
2020-12-10,201.1067352294922,-0.6043274651987396,119.74578857421876,1.1988873829901658,12.920113563537598,0.32094031714156035,36.44161224365234,-1.4847896689766604,55.1408576965332,-0.4185496982556658,219.12896728515625,1.0654251450355812,476.8699951171875,-1.4201834158591997,91.66000366210938,2.0371833393662886,138.44386291503906,-0.17308138334836132,3668.10009765625,-0.12851080682624305,22.520000457763672,1.1225864160808507,-0.12851080682624305,22.520000457763672,2020-12-10,2020,4,12
2020-12-11,203.72418212890625,1.3015212525961273,118.9393310546875,-0.6734746408483705,12.960949897766112,0.3160679202059091,36.06656265258789,-1.0291794681223987,56.18843078613281,1.8998128309227758,218.63748168945312,-0.22429056358557187,475.9100036621094,-0.20131093692363766,91.6500015258789,-0.01091221452198532,128.24835205078125,-7.364364623742581,3663.4599609375,-0.12649972997506032,23.309999465942383,3.5079884197176447,-0.12649972997506032,23.309999465942383,2020-12-11,2020,4,12
2020-12-14,204.6221923828125,0.4407970838425257,118.32717895507812,-0.5146759227424247,13.255260467529297,2.2707484565919867,36.59803009033203,1.4735738552728694,56.32748031616211,0.24747003624030484,217.5070037841797,-0.5170558572748063,486.4200134277344,2.208402783036889,94.77999877929688,3.415163340214633,130.03501892089844,1.3931304703312941,3647.489990234375,-0.4359258971957769,24.71999931335449,6.04890553289037,-0.4359258971957769,24.71999931335449,2020-12-14,2020,4,12
2020-12-15,204.5553131103516,-0.032684271281679944,124.25422668457033,5.009033243108374,13.306803703308104,0.3888511727481392,37.15437698364258,1.5201552978052701,57.34722900390625,1.8103928704432892,216.40606689453125,-0.5061615812338771,482.6400146484375,-0.777105932105826,97.12000274658205,2.4688795077261627,131.87501525878906,1.4150006307223295,3694.6201171875,1.2921249154708825,22.88999938964844,-7.402912518356852,1.2921249154708825,22.88999938964844,2020-12-15,2020,4,12
2020-12-16,209.4750213623047,2.4050747825352436,124.18621063232422,-0.054739427431127474,13.189274787902832,-0.8832242364562259,37.76227188110352,1.6361326627238881,58.20012664794922,1.4872517100780414,219.81704711914065,1.5761943616265706,489.8999938964844,1.5042224075297872,96.8499984741211,-0.2780109810802678,133.1016845703125,0.9301756736226574,3701.169921875,0.17727951669590514,22.5,-1.7037981653455603,0.17727951669590514,22.5,2020-12-16,2020,4,12
2020-12-17,209.60877990722656,0.06385417414065397,125.05098724365234,0.6963547779780921,13.28763198852539,0.7457362304163384,37.86891555786133,0.28240799995715715,58.96957015991211,1.3220650130492562,222.0779571533203,1.0285417185839307,495.3599853515625,1.1145114356200247,96.83999633789062,-0.010327451097624785,132.9149932861328,-0.14026214978598572,3722.47998046875,0.5757654753379748,21.93000030517578,-2.5333319769965224,0.5757654753379748,21.93000030517578,2020-12-17,2020,4,12
2020-12-18,208.81588745117188,-0.37827254011287836,123.06881713867188,-1.5850895292160772,13.21865940093994,-0.5190735839539551,38.94986343383789,2.8544463448522572,60.31378555297852,2.2795068531468177,223.562255859375,0.6683683176308852,502.9500122070313,1.532224458962328,95.91999816894533,-0.9500187977447561,131.0394744873047,-1.4110663909756238,3709.409912109375,-0.3511118509152866,21.56999969482422,-1.6415896276417152,-0.3511118509152866,21.56999969482422,2020-12-18,2020,4,12
2020-12-21,212.6370086669922,1.829899660634693,124.59430694580078,1.239542105462843,13.278668403625488,0.4539719260886699,38.44076156616211,-1.3070697116578267,59.77610778808594,-0.8914674480518192,222.6186065673828,-0.42209687335851287,498.3900146484375,-0.906650253090513,93.2300033569336,-2.804414995164828,130.48837280273438,-0.4205615801852969,3694.919921875,-0.39062790518439305,25.15999984741211,16.643487266480218,-0.39062790518439305,25.15999984741211,2020-12-21,2020,4,12
2020-12-22,213.9266662597656,0.6065066475766434,128.14080810546875,2.846439172546389,13.224882125854492,-0.4050577673610056,38.81900787353516,0.983971940103312,60.39723587036133,1.0390908763704854,227.23866271972656,2.075323452779476,504.1700134277344,1.1597340655739474,93.16000366210938,-0.07508279770861437,130.07948303222656,-0.313353413584172,3687.260009765625,-0.2073092860288006,24.229999542236328,-3.696344637583293,-0.2073092860288006,24.229999542236328,2020-12-22,2020,4,12
2020-12-23,211.13722229003903,-1.3039253209973456,127.2469253540039,-0.6975785190375228,12.956961631774902,-2.025881906015692,38.13422775268555,-1.7640330301085916,60.53628540039063,0.23022498964648808,223.562255859375,-1.617861510162999,496.9100036621094,-1.439992378020638,91.5500030517578,-1.7282101192170773,130.6305694580078,0.42365361003526836,3690.010009765625,0.0745811250824957,23.309999465942383,-3.7969463213990307,0.0745811250824957,23.309999465942383,2020-12-23,2020,4,12
2020-12-24,212.78985595703125,0.7827296622866298,128.228271484375,0.7712140215891061,12.941526412963867,-0.11912683891247555,38.67201232910156,1.41024116157209,60.22109603881836,-0.5206618798751728,221.9403076171875,-0.7255018231734689,499.8599853515625,0.5936651843819751,91.80999755859376,0.28399180575557903,132.2572784423828,1.245274357391457,3703.06005859375,0.35365890047962534,21.530000686645508,-7.636202574339757,0.35365890047962534,21.530000686645508,2020-12-24,2020,4,12
2020-12-28,214.9010467529297,0.9921482330082165,132.814453125,3.576576044841895,12.848153114318848,-0.7215014339536086,38.709659576416016,0.09735011199849541,60.13764572143555,-0.13857322910399983,220.8197326660156,-0.5048992511557326,498.9500122070313,-0.18204560700957328,91.5999984741211,-0.2287322623428345,131.3239288330078,-0.7057075575478522,3735.360107421875,0.8722529021144565,21.700000762939453,0.7895962418588809,0.8722529021144565,21.700000762939453,2020-12-28,2020,4,12
2020-12-29,214.12725830078125,-0.3600673257948661,131.04603576660156,-1.331494665519628,12.891230583190918,0.33528140962191255,38.45509719848633,-0.6576197794433192,59.7575569152832,-0.6320314032793317,218.67678833007807,-0.9704496559547415,502.1099853515625,0.6333245950939093,90.62000274658205,-1.069864349196381,131.9905548095703,0.5076195804423422,3727.0400390625,-0.222738052560012,23.07999992370605,6.35944291358479,-0.222738052560012,23.07999992370605,2020-12-29,2020,4,12
2020-12-30,211.76768493652344,-1.1019490853160563,129.92861938476562,-0.8526899538007449,13.09291648864746,1.56452019188551,38.97406768798828,1.3495492855557734,59.70193862915039,-0.09307322622251757,218.6178131103516,-0.026969126525422382,497.4500122070313,-0.9280781662345139,92.29000091552734,1.8428582193000365,133.288330078125,0.9832334369887619,3732.0400390625,0.13415471654707467,22.770000457763672,-1.3431519365993183,0.13415471654707467,22.770000457763672,2020-12-30,2020,4,12
2020-12-31,212.47462463378903,0.333827938609943,128.92787170410156,-0.7702288267225299,13.002530097961426,-0.6903457359130449,39.2447509765625,0.6945215232374791,59.97079086303711,0.4503241269211422,218.74557495117188,0.05844072768022013,500.1199951171875,0.5367339118779624,91.70999908447266,-0.6284557647643352,135.4127197265625,1.5938301929301124,3756.070068359375,0.6438845522919845,22.75,-0.08783687905835613,0.6438845522919845,22.75,2020-12-31,2020,4,12
2021-01-04,207.9561004638672,-2.1266182621617835,125.7408676147461,-2.4719279448511045,13.060792922973633,0.448088368750188,38.11270904541016,-2.8845690263862522,59.09934997558594,-1.4531088800236014,216.56333923339844,-0.997613651503837,485.3399963378906,-2.955290514996034,92.3000030517578,0.6433365752644971,131.9994659423828,-2.5206301085097693,3700.64990234375,-1.4754827521051062,26.96999931335449,18.549447531228513,-1.4754827521051062,26.96999931335449,2021-01-04,2021,1,1
2021-01-05,208.15673828125,0.09648085193714184,127.29546356201172,1.236348990392444,13.350873947143556,2.2210062274218956,38.370853424072266,0.6773183673575378,58.36697769165039,-1.2392222321194635,217.75277709960935,0.5492332499218655,485.6900024414063,0.07211565215243798,92.7699966430664,0.5092021405948,135.49278259277344,2.6464627151714604,3726.860107421875,0.7082595157549276,25.34000015258789,-6.043749359531825,0.7082595157549276,25.34000015258789,2021-01-05,2021,1,1
2021-01-06,202.7593231201172,-2.59295721373195,123.0105209350586,-3.366139300687432,12.563799858093262,-5.8953001291626395,38.13422775268555,-0.6166807622742909,58.22740173339844,-0.2391351475989123,212.4740753173828,-2.4241719681085128,466.30999755859375,-3.99020049525326,90.33000183105467,-2.6301551151280522,134.39056396484375,-0.8134888123468742,3748.139892578125,0.5709842747752214,25.06999969482422,-1.065510876629172,0.5709842747752214,25.06999969482422,2021-01-06,2021,1,1
2021-01-07,208.5292816162109,2.845717971092032,127.2080078125,3.412299082659276,13.290369987487791,5.783044441976615,39.741302490234375,4.214257983592318,58.69269943237305,0.7991043479924409,214.27294921875,0.8466321826227974,477.739990234375,2.451157542326765,95.16000366210938,5.347062695834226,138.39942932128906,2.982996155514317,3803.7900390625,1.4847403800101189,22.3700008392334,-10.769840001825937,1.4847403800101189,22.3700008392334,2021-01-07,2021,1,1
2021-01-08,209.7998046875,0.6092780167091583,128.30601501464844,0.8631588695004577,13.223388671875,-0.5039838294633725,39.942962646484375,0.5074321766367795,58.98118591308594,0.49152021205856045,218.26394653320312,1.8625763676677343,485.1000061035156,1.5405902833317109,94.58000183105467,-0.6095016905570461,139.2349853515625,0.6037279448123378,3824.679931640625,0.5491862685268911,21.559999465942383,-3.6209268793159888,0.5491862685268911,21.559999465942383,2021-01-08,2021,1,1
2021-01-11,207.7650604248047,-0.9698504084529991,125.32302856445312,-2.324899927610369,13.566753387451172,2.596646926868895,39.95372009277344,0.02693201899988118,58.65547561645508,-0.5522274460720844,214.53839111328125,-1.706903718684083,474.239990234375,-2.2387169104308824,97.25,2.823004987581479,138.76385498046875,-0.3383706831326716,3799.610107421875,-0.6554750898592476,24.07999992370605,11.688314101048247,-0.6554750898592476,24.07999992370605,2021-01-11,2021,1,1
2021-01-12,205.3195343017578,-1.177063226149122,125.1481475830078,-0.13954417113003492,13.430553436279297,-1.0039244267376124,40.27907943725586,0.8143405513352242,58.08781433105469,-0.9677890758439944,211.85482788085935,-1.250854552649705,471.6499938964844,-0.5461362160982253,95.36000061035156,-1.943444102466263,137.288330078125,-1.0633351909626887,3801.18994140625,0.04157884466327033,23.32999992370605,-3.114617950067544,0.04157884466327033,23.32999992370605,2021-01-12,2021,1,1
2021-01-13,206.6664886474609,0.6560283463937111,127.17889404296876,1.6226740061126455,13.477364540100098,0.34854188282631426,40.44220352172852,0.40498463905256354,57.75280380249024,-0.5767311654302443,214.4695587158203,1.234208755644417,472.0499877929688,0.08480735750253654,91.77999877929688,-3.754196526993381,139.92831420898438,1.9229486798747253,3809.840087890625,0.22756417379066196,22.209999084472656,-4.800689425186588,0.22756417379066196,22.209999084472656,2021-01-13,2021,1,1
2021-01-14,203.4949493408203,-1.5346171154292598,125.25503540039062,-1.5127184876510547,13.147197723388672,-2.4497876845955946,40.5192985534668,0.19063014629470132,57.32472229003906,-0.7412307009633357,211.9334716796875,-1.1824927748805725,463.2699890136719,-1.85997225004646,90.79000091552734,-1.0786640629078414,142.9771728515625,2.178871845782848,3795.5400390625,-0.37534511943366766,23.25,4.682579731641789,-0.37534511943366766,23.25,2021-01-14,2021,1,1
2021-01-15,203.14149475097656,-0.1736920699942135,123.53520965576172,-1.3730591661495373,12.807817459106444,-2.5813886078436044,39.96178436279297,-1.3759226111433431,57.49222946166992,0.29220755886674166,209.51528930664065,-1.1410101263766625,458.0799865722656,-1.120297572578799,88.20999908447266,-2.8417246448264377,139.6349639892578,-2.337582143811545,3768.25,-0.7190027975370938,24.34000015258789,4.688172699302751,-0.7190027975370938,24.34000015258789,2021-01-15,2021,1,1
2021-01-19,206.76199340820312,1.7822546110851434,124.20565032958984,0.5427122159717523,12.972900390625,1.288923206827719,41.16463470458984,3.0100015827041027,57.036231994628906,-0.7931462587392413,213.07373046875,1.6984159838097979,456.5,-0.3449149970703558,89.44999694824219,1.4057339039104555,145.57275390625,4.252366131915908,3798.909912109375,0.8136379515524483,23.239999771118164,-4.519311317065755,0.8136379515524483,23.239999771118164,2021-01-19,2021,1,1
2021-01-20,214.30877685546875,3.6499858232486027,128.28656005859375,3.285607150862213,13.312034606933594,2.6141742100607823,41.39856719970703,0.5682851233734132,57.28749465942383,0.4405316690951455,219.64010620117188,3.0817387568031984,469.7300109863281,2.8981404132153665,88.75,-0.7825567044426163,146.31051635742188,0.5067998175311006,3851.85009765625,1.3935625421946263,21.57999992370605,-7.142856556630006,1.3935625421946263,21.57999992370605,2021-01-20,2021,1,1
2021-01-21,214.91058349609372,0.2808128763810869,132.98931884765625,3.665823440050575,13.811765670776367,3.7539796026558436,41.841339111328125,1.0695343862630713,56.96178817749024,-0.5685472612651732,218.3917236328125,-0.5683764181100726,472.0199890136719,0.48750941472428533,91.52999877929688,3.132392990757049,146.44384765625,0.09112899205578895,3853.070068359375,0.03167233075522802,21.31999969482422,-1.204820341988122,0.03167233075522802,21.31999969482422,2021-01-21,2021,1,1
2021-01-22,215.84678649902344,0.4356244293323597,135.12693786621094,1.6073614310359696,13.657388687133787,-1.1177208426669027,41.68000793457031,-0.3855784259881201,56.1707878112793,-1.3886508684492593,221.9304962158203,1.6203785217417943,472.4400024414063,0.08898212734849142,92.79000091552734,1.3766001890469504,144.3727569580078,-1.4142558607881495,3841.469970703125,-0.30106116552376383,21.90999984741211,2.767355351938039,-0.30106116552376383,21.90999984741211,2021-01-22,2021,1,1
2021-01-25,219.26670837402344,1.5844210286704685,138.86778259277344,2.7683930277960567,13.59837532043457,-0.43209846370420024,41.65939712524414,-0.049450108931181624,56.67330551147461,0.8946246256749335,222.0779571533203,0.06644464821841112,473.4400024414063,0.21166708890703045,94.12999725341795,1.4441171728303948,146.13272094726562,1.2190416158428752,3855.360107421875,0.36158389430824833,23.190000534057617,5.842084416064908,0.36158389430824833,23.190000534057617,2021-01-25,2021,1,1
2021-01-26,221.9414978027344,1.2198794101238253,139.10101318359375,0.1679515482034155,13.38125228881836,-1.5966836221231184,41.576934814453125,-0.19794408100314298,57.51083755493164,1.4778245876049256,222.41212463378903,0.15047305223454543,476.2799987792969,0.599864042591558,94.70999908447266,0.6161710910213003,144.48826599121094,-1.1253160451642596,3849.6201171875,-0.14888337468982327,23.020000457763672,-0.7330749132337333,-0.14888337468982327,23.020000457763672,2021-01-26,2021,1,1
2021-01-27,222.48602294921875,0.24534625199670312,138.0321807861328,-0.7683857744804734,12.86583137512207,-3.8518137359011217,39.85872650146485,-4.1325997711379685,58.20878982543945,1.2136012970445087,220.95733642578125,-0.6540957290000038,460.0,-3.4181571388726018,88.83999633789062,-6.197870133381089,136.59500122070312,-5.46291058056434,3750.77001953125,-2.5677883699462,37.209999084472656,61.642043199539984,-2.5677883699462,37.209999084472656,2021-01-27,2021,1,1
2021-01-28,228.24636840820312,2.589081948891292,133.2030792236328,-3.498533121042413,12.998544692993164,1.0315176221547206,40.489723205566406,1.5830829519311473,56.97109222412109,-2.126307049210363,222.6480865478516,0.7651930229699566,465.6700134277344,1.2326116147248545,87.5199966430664,-1.4858169171954705,138.26612854003906,1.2234176246580297,3787.3798828125,0.9760625975629766,30.209999084472656,-18.81214773509905,0.9760625975629766,30.209999084472656,2021-01-28,2021,1,1
2021-01-29,221.58804321289065,-2.9171658860326355,128.2185821533203,-3.742028412079046,12.937541961669922,-0.469304316475716,40.37858200073242,-0.2744923798804977,56.23591613769531,-1.2904370580322233,221.7240753173828,-0.4150097334297942,458.7699890136719,-1.4817411933554347,85.63999938964844,-2.1480773829153366,138.91497802734375,0.469275804678948,3714.239990234375,-1.9311475173124593,33.09000015258789,9.533270954634009,-1.9311475173124593,33.09000015258789,2021-01-29,2021,1,1
2021-02-01,228.9342041015625,3.3152334314419774,130.33677673339844,1.6520184083343326,13.183798789978027,1.9034282480991482,41.83417510986328,3.6048643538409975,57.240970611572266,1.7872109905990419,224.57473754882807,1.285680063098571,470.0,2.447852138382456,87.66000366210938,2.3587158884369464,143.62606811523438,3.391347826411706,3773.860107421875,1.6051767614439383,30.239999771118164,-8.612875093162653,1.6051767614439383,30.239999771118164,2021-02-01,2021,1,2
2021-02-02,228.8004302978516,-0.05843329712826861,131.1626739501953,0.6336639876296957,13.502263069152832,2.4155729638174694,42.74302673339844,2.172509966190006,58.041282653808594,1.3981454781176073,230.2171173095703,2.5124730512110505,484.9299926757813,3.1765941863364455,88.86000061035156,1.3689218550202664,146.4705352783203,1.9804671954145148,3826.31005859375,1.3898223484416938,25.559999465942383,-15.476191602506528,1.3898223484416938,25.559999465942383,2021-02-02,2021,1,2
2021-02-03,232.1343994140625,1.457151593583439,130.1424102783203,-0.7778612932688556,13.476118087768556,-0.19363406897326962,41.69525146484375,-2.451336156164108,57.85515975952149,-0.32067329627645247,230.8265838623047,0.26473555044772556,481.9200134277344,-0.6207038734474368,87.88999938964844,-1.0916061377903352,144.26608276367188,-1.5050484457229452,3830.169921875,0.10087690809532646,22.90999984741211,-10.36776085250426,0.10087690809532646,22.90999984741211,2021-02-03,2021,1,2
2021-02-04,231.18865966796875,-0.40741042623623214,133.49461364746094,2.5757962849863203,13.609331130981444,0.9885119909552875,42.18283081054688,1.1693881882790524,58.95326614379883,1.8980267081478708,233.932861328125,1.345719116855837,489.3800048828125,1.5479729513654616,87.83999633789062,-0.05689276607697691,131.5283660888672,-8.82932178568323,3871.739990234375,1.0853322230420792,21.770000457763672,-4.9759903851645415,1.0853322230420792,21.770000457763672,2021-02-04,2021,1,2
2021-02-05,231.3701934814453,0.07852193690525144,133.08103942871094,-0.30980592208925684,13.536375045776367,-0.5360739958703231,41.768741607666016,-0.9816534237368724,59.1859130859375,0.3946294367664027,234.82736206054688,0.38237498030138095,492.1199951171875,0.5598901072860762,87.9000015258789,0.06831191995666508,129.63497924804688,-1.439527378862937,3886.830078125,0.3897495164625342,20.8700008392334,-4.13412769685686,0.3897495164625342,20.8700008392334,2021-02-05,2021,1,2
2021-02-08,231.6281280517578,0.11148133060328025,133.22695922851562,0.10964732499165741,14.380718231201172,6.237587113015586,42.36837005615234,1.4355913666699305,58.72991561889648,-0.7704493236066479,234.86666870117188,0.016738526669168863,493.760009765625,0.3332550322502126,91.47000122070312,4.061433029410311,131.00390625,1.0559858225716923,3915.590087890625,0.7399348360373592,21.239999771118164,1.7728745424351322,0.7399348360373592,21.239999771118164,2021-02-08,2021,1,2
2021-02-09,232.86997985839844,0.5361403285023769,132.3511962890625,-0.6573466395423666,14.205924034118652,-1.215476127633719,42.541351318359375,0.40827924694242235,59.25105667114258,0.8873519513084682,232.67462158203125,-0.9333155407971638,496.0499877929688,0.4637836159373965,90.91000366210938,-0.6122199093914538,129.87503051757812,-0.8617115052032109,3911.22998046875,-0.11135249921484514,21.6299991607666,1.836155338281853,-0.11135249921484514,21.6299991607666,2021-02-09,2021,1,2
2021-02-10,231.9624786376953,-0.3897029669753693,131.74786376953125,-0.4558572468159161,14.704909324645996,3.512515548646622,42.13084411621094,-0.9649604195137051,58.87881851196289,-0.6282388536050898,232.69427490234372,0.008446697013564375,492.6700134277344,-0.681377774097458,92.3499984741211,1.5839783896212767,129.33279418945312,-0.41750621806522226,3909.8798828125,-0.03451849323593548,21.989999771118164,1.6643579487721327,-0.03451849323593548,21.989999771118164,2021-02-10,2021,1,2
2021-02-11,233.5578155517578,0.6877564524365498,131.494873046875,-0.1920264324731802,15.189454078674316,3.2951223522079465,42.87836837768555,1.774292153778556,58.34836959838867,-0.9009163685348764,237.1374053955078,1.9094283669113699,496.6199951171875,0.801749970933141,92.66000366210938,0.33568510353050307,129.38612365722656,0.04123429645794818,3916.3798828125,0.16624551635393559,21.25,-3.3651649787194926,0.16624551635393559,21.25,2021-02-11,2021,1,2
2021-02-12,234.035400390625,0.2044824908723042,131.7284393310547,0.17762387138577918,14.90112018585205,-1.8982505317757359,43.589141845703125,1.6576504538532655,58.70200729370117,0.6060798232180087,236.28219604492188,-0.3606387398730204,498.8399963378906,0.4470221180239209,93.7699966430664,1.197920286086629,131.5372314453125,1.6625490642139695,3934.830078125,0.47110331133788375,19.96999931335449,-6.023532643037699,0.47110331133788375,19.96999931335449,2021-02-12,2021,1,2
2021-02-16,232.8031005859375,-0.5265441905928259,129.6071014404297,-1.6103871733375241,15.268635749816896,2.4663619874282006,43.84099960327149,0.5777993025416484,57.827239990234375,-1.490182949094243,244.3623809814453,3.4197180624591983,501.6400146484375,0.5613058958989781,91.45999908447266,-2.4634719433623387,130.80838012695312,-0.5541026752280409,3932.590087890625,-0.056927241835114106,21.459999084472656,7.461190898097647,-0.056927241835114106,21.459999084472656,2021-02-16,2021,1,2
2021-02-17,233.8180389404297,0.43596427708123553,127.32029724121094,-1.7644127318670266,14.846091270446776,-2.767401661115587,43.24495697021485,-1.3595552985798287,57.78070831298828,-0.08046670955409452,243.4482269287109,-0.3740977023807157,491.2300109863281,-2.0751940351897535,89.94000244140625,-1.66192505825693,128.66615295410156,-1.6376834349393188,3931.330078125,-0.03204020092266724,21.5,0.18639756399749796,-0.03204020092266724,21.5,2021-02-17,2021,1,2
2021-02-18,233.4254608154297,-0.1678989896498173,126.22066497802734,-0.8636739679458327,14.769401550292969,-0.5165650591578141,43.31488037109375,0.16169145671034446,57.76210784912109,-0.03219147776181153,242.8092803955078,-0.26245684401315916,488.3699951171875,-0.582215215922588,88.63999938964844,-1.4454114036796195,127.91948699951172,-0.5803126443488238,3913.969970703125,-0.4415835627354592,22.489999771118164,4.604650098224017,-0.4415835627354592,22.489999771118164,2021-02-18,2021,1,2
2021-02-19,230.72537231445312,-1.1567240743765916,126.37637329101562,0.12336198119016206,14.86650848388672,0.6574872601512016,43.91539001464844,1.38638185863591,56.88734436035156,-1.5144244580797994,242.36692810058597,-0.18218096697181219,479.1199951171875,-1.8940557553664639,89.58000183105469,1.0604720756756114,128.8350067138672,0.7156999577077494,3906.7099609375,-0.18548966445751658,22.049999237060547,-1.9564274723678277,-0.18548966445751658,22.049999237060547,2021-02-19,2021,1,2
2021-02-22,224.5399475097656,-2.6808602550470573,122.61048889160156,-2.9798959262283153,14.298053741455078,-3.8237272931150645,42.69641876220703,-2.775726805647871,59.97690963745117,5.431023915493105,236.85232543945312,-2.2753115304758875,467.3299865722656,-2.460763204432359,85.37000274658203,-4.699708638555955,123.96395874023438,-3.7808419449622432,3876.5,-0.773283945815384,23.450000762939453,6.34921348897759,-0.773283945815384,23.450000762939453,2021-02-22,2021,1,2
2021-02-23,223.3527069091797,-0.5287435994142053,122.47422790527344,-0.11113322160275496,14.085163116455078,-1.4889482782034502,42.29665756225586,-0.9362874253637021,60.023433685302734,0.07756993171670334,231.63262939453125,-2.20377656636358,467.7999877929688,0.10057159484897493,84.73999786376953,-0.7379698518724997,121.8839340209961,-1.6779269881151193,3881.3701171875,0.12563181187927874,23.11000061035156,-1.449893993714635,0.12563181187927874,23.11000061035156,2021-02-23,2021,1,2
2021-02-24,224.57830810546875,0.548729054260999,121.9779815673828,-0.40518429581319904,14.44072437286377,2.5243673322696836,43.1015510559082,1.902971865962777,60.20956039428711,0.31009007242108755,236.3804931640625,2.0497387531030364,476.6199951171875,1.8854227350091568,86.94000244140625,2.596182007431147,125.42174530029295,2.9026067362474706,3925.429931640625,1.135161376597904,21.34000015258789,-7.65902384689181,1.135161376597904,21.34000015258789,2021-02-24,2021,1,2
2021-02-25,219.2547149658203,-2.370484124026939,117.73526000976562,-3.4782683752423105,13.254016876220703,-8.217783720552575,40.97551727294922,-4.932615488016312,60.76792907714844,0.9273754520126243,227.1501922607422,-3.904848822239282,459.1600036621094,-3.663293951984792,82.41999816894531,-5.198992575951699,120.47061920166016,-3.9475818860425615,3829.340087890625,-2.447880752512621,28.88999938964844,35.37956505658677,-2.447880752512621,28.88999938964844,2021-02-25,2021,1,2
2021-02-26,222.5005340576172,1.4803873623893793,117.99798583984376,0.22314965801777387,13.659379959106444,3.0584168306968973,42.114707946777344,2.7801739908239975,60.03276824951172,-1.2097842378393175,212.81809997558597,-6.309522410046931,459.6700134277344,0.11107451902545584,84.51000213623047,2.535797153260111,121.05729675292967,0.4869880765595358,3811.14990234375,-0.47502141699028444,27.950000762939453,-3.253716325953948,-0.47502141699028444,27.950000762939453,2021-02-26,2021,1,2
2021-03-01,226.8666534423828,1.962296137066799,124.35233306884766,5.385131944225319,13.786120414733888,0.9278639001688349,43.88132858276367,4.194783063007113,61.57752990722656,2.5731974432603444,213.8404541015625,0.4803887104028348,469.5700073242188,2.153717581588732,86.38999938964844,2.224585499817411,123.99059295654295,2.4230643524115303,3901.820068359375,2.3790763506800205,23.350000381469727,-16.45796155959014,2.3790763506800205,23.350000381469727,2021-03-01,2021,1,3
2021-03-02,223.9272003173828,-1.2956743886322286,121.75414276123048,-2.089378014466914,13.352367401123049,-3.1463022268923946,43.06837463378906,-1.852619269358069,62.03354644775391,0.7405567277777969,209.83969116210935,-1.8709102336422312,466.5899963378906,-0.6346254956336228,84.12999725341797,-2.616046014813689,121.8128433227539,-1.7563829495938599,3870.2900390625,-0.8080851690870694,24.100000381469727,3.211991382215107,-0.8080851690870694,24.100000381469727,2021-03-02,2021,1,3
2021-03-03,217.88546752929688,-2.698079009393539,118.77645874023438,-2.4456531444975838,12.753287315368652,-4.48669563798858,41.50432968139648,-3.631539303936304,62.26617813110352,0.3750094854653163,202.4967041015625,-3.4993318089064918,448.4500122070313,-3.887778193539082,80.86000061035156,-3.886837929182929,117.58839416503906,-3.4679833771893764,3819.719970703125,-1.306622187199813,26.670000076293945,10.663898979853403,-1.306622187199813,26.670000076293945,2021-03-03,2021,1,3
2021-03-04,217.0907287597656,-0.3647507006975692,116.8983917236328,-1.5811778163120183,12.320534706115724,-3.3932632312880573,39.75922775268555,-4.204626221184671,61.056419372558594,-1.9428826288289902,201.83811950683597,-0.3252322538524921,439.05999755859375,-2.0938821257301177,77.75,-3.8461545719471912,114.14092254638672,-2.931812823137725,3768.469970703125,-1.3417213930100202,28.56999969482422,7.124108035601839,-1.3417213930100202,28.56999969482422,2021-03-04,2021,1,3
2021-03-05,221.7537078857422,2.1479402425963023,118.15367126464844,1.0738210530589098,12.411416053771973,0.7376412617151828,40.34630584716797,1.4765832428492498,65.11382293701172,6.645334931443259,207.1757659912109,2.6445185366454904,440.8299865722656,0.4031314680257747,78.5199966430664,0.9903493801497243,115.88250732421876,1.5258197839817411,3841.93994140625,1.949596819778221,24.65999984741211,-13.68568389631607,1.949596819778221,24.65999984741211,2021-03-05,2021,1,3
2021-03-08,217.72268676757807,-1.817791980389838,113.22978973388672,-4.16735381817539,11.546653747558594,-6.967474963910892,37.756874084472656,-6.418014507955439,67.15181732177734,3.1298951479735493,204.1874542236328,-1.4424041119292297,421.2000122070313,-4.452958048037948,73.95999908447266,-5.807434734520478,110.03256225585938,-5.04816922194502,3821.35009765625,-0.5359231030161227,25.46999931335449,3.284669387487371,-0.5359231030161227,25.46999931335449,2021-03-08,2021,1,3
2021-03-09,223.84103393554688,2.8101560102922196,117.8325424194336,4.064966204003628,12.474236488342283,8.033346812532738,39.7601203918457,5.3056466032946,67.59850311279297,0.6651879410429107,207.93267822265625,1.8342086751919284,439.1799926757813,4.268751174658636,78.52999877929688,6.179015348018924,115.3109130859375,4.7970807203456145,3875.43994140625,1.415464230382213,24.030000686645508,-5.653705007969734,1.415464230382213,24.030000686645508,2021-03-09,2021,1,3
2021-03-10,222.538818359375,-0.5817590962999386,116.75244903564452,-0.9166342010549222,12.4224271774292,-0.41533051711423186,39.22145080566406,-1.3547986798654543,67.11459350585938,-0.715858465277186,208.3553466796875,0.2032717803878148,437.010009765625,-0.49409876277271003,77.5199966430664,-1.2861354284099846,114.20345306396484,-0.9604121520981335,3898.81005859375,0.6030313342701321,22.559999465942383,-6.117358213477154,0.6030313342701321,22.559999465942383,2021-03-10,2021,1,3
2021-03-11,227.0486297607422,2.026527971441072,118.6791763305664,1.6502671342968123,12.945744514465332,4.212681866124912,40.66449737548828,3.6792279229401315,62.73150253295898,-6.530756939647908,212.2774810791016,1.8824256069817746,451.05999755859375,3.215026539209931,81.2300033569336,4.785870581173479,117.65984344482422,3.026520029060298,3939.340087890625,1.0395487004435822,21.90999984741211,-2.8812040510530323,1.0395487004435822,21.90999984741211,2021-03-11,2021,1,3
2021-03-12,225.727294921875,-0.5819611597126073,117.774169921875,-0.7625654615015409,12.80875301361084,-1.0581971604755602,40.43862915039063,-0.5554432974100854,62.49883270263672,-0.3708979076342267,208.6011199951172,-1.7318657943818705,444.2999877929688,-1.498694143176993,81.05000305175781,-0.22159337404534796,116.08792114257812,-1.3359887759694655,3943.340087890625,0.10153984958789497,20.690000534057617,-5.568230588091916,0.10153984958789497,20.690000534057617,2021-03-12,2021,1,3
2021-03-15,224.8272399902344,-0.39873553260455497,120.654541015625,2.445673016129657,13.142765998840332,2.6076932303602307,42.19538116455078,4.344242253185238,63.02927780151367,0.8487280096906025,209.1810607910156,0.2780142292198473,447.5899963378906,0.7404926030416314,82.5,1.7890152913581314,117.5705108642578,1.2771266011894378,3968.93994140625,0.6491921301497117,20.030000686645508,-3.18994601438356,0.6491921301497117,20.030000686645508,2021-03-15,2021,1,3
2021-03-16,227.6039886474609,1.235058819984225,122.19206237792967,1.2743170289011951,13.242401123046877,0.7580985936699758,42.85954284667969,1.5740151262974678,62.210357666015625,-1.299269425356453,210.83248901367188,0.7894731083260664,450.5400085449219,0.6590880562943324,82.75,0.3030303030302939,119.36566925048828,1.5268781032202083,3962.7099609375,-0.15696837343783798,19.790000915527344,-1.1982015121855594,-0.15696837343783798,19.790000915527344,2021-03-16,2021,1,3
2021-03-17,226.96240234375,-0.2818871090632169,121.40384674072266,-0.6450628804096414,13.292216300964355,0.3761793458346485,43.34444427490234,1.1313733092237488,61.62407684326172,-0.9424167369386116,209.49563598632807,-0.6340830265761932,451.010009765625,0.10431953029454988,82.62999725341797,-0.14501842487254502,119.6068344116211,0.20203896367114726,3974.1201171875,0.287938213053085,19.229999542236328,-2.8297187841544558,0.287938213053085,19.229999542236328,2021-03-17,2021,1,3
2021-03-18,220.91114807128903,-2.6661923781084784,117.2876434326172,-3.3905048469314747,12.675739288330078,-4.637879783746457,41.602027893066406,-4.019930145568484,62.10797882080078,0.7852482379084424,205.91751098632807,-1.7079711389470287,439.1799926757813,-2.623005439722137,78.12000274658203,-5.458059611213873,115.88250732421876,-3.11380792387268,3915.4599609375,-1.4760539319459198,21.57999992370605,12.220491094179376,-1.4760539319459198,21.57999992370605,2021-03-18,2021,1,3
2021-03-19,220.55685424804688,-0.16037842650106215,116.76215362548828,-0.44803509709087086,12.798539161682127,0.9687787872467934,42.85853576660156,3.0203043869997837,61.66130828857422,-0.7191838161652808,208.5912628173828,1.298457726226232,441.5,0.5282588831252655,79.05999755859375,1.203270326373418,117.01678466796876,0.9788167083548682,3913.10009765625,-0.060270397470363335,20.950000762939453,-2.919365908220095,-0.060270397470363335,20.950000762939453,2021-03-19,2021,1,3
2021-03-22,225.95709228515625,2.4484562293566547,120.07068634033205,2.833566024703349,13.137786865234377,2.6506752002442013,42.93260955810547,0.1728332295515056,61.717132568359375,0.09053372582348285,211.51077270507807,1.3996319156719617,452.4100036621094,2.471122007272797,80.30000305175781,1.5684360377636652,119.75865173339844,2.3431399804819675,3940.590087890625,0.7025118077311765,18.8799991607666,-9.880675545533556,0.7025118077311765,18.8799991607666,2021-03-22,2021,1,3
2021-03-23,227.47952270507807,0.6737696987180852,119.24356079101562,-0.6888655129129395,13.022708892822266,-0.8759311868320352,41.91909408569336,-2.360712481360827,62.601192474365234,1.4324383995427015,211.3436737060547,-0.07900259494412198,460.2000122070313,1.7218913113910883,78.37999725341797,-2.391040753886764,118.35646057128906,-1.1708474851828465,3910.52001953125,-0.7630854183940605,20.299999237060547,7.521187179100952,-0.7630854183940605,20.299999237060547,2021-03-23,2021,1,3
2021-03-24,225.4496307373047,-0.8923405252634908,116.85946655273438,-1.9993484113239202,12.59653377532959,-3.2725535140201933,41.30574035644531,-1.463184600302181,62.191741943359375,-0.6540618713829272,205.96665954589844,-2.5442039810639527,451.510009765625,-1.8883099111038026,76.4800033569336,-2.4240800753556058,113.58719635009766,-4.0295765843037845,3889.139892578125,-0.546733601831495,21.200000762939453,4.433505220216083,-0.546733601831495,21.200000762939453,2021-03-24,2021,1,3
2021-03-25,222.4622802734375,-1.3250633651948895,117.34600830078124,0.41634774006718,12.489178657531738,-0.8522591985432371,41.70590591430664,0.9687892152715927,63.8668098449707,2.6933928030780763,201.94622802734372,-1.9519817078252788,450.989990234375,-0.11517342251613494,76.22000122070312,-0.3399609372622958,113.6764907836914,0.07861311526566883,3909.52001953125,0.5240265846959469,19.809999465942383,-6.556609655538248,0.5240265846959469,19.809999465942383,2021-03-25,2021,1,3
2021-03-26,226.42626953125,1.7818702806337239,117.94933319091795,0.5141418092299066,12.792059898376465,2.425149396530335,43.543243408203125,4.405461177780601,65.3743667602539,2.3604700453061955,205.53414916992188,1.7766715316377857,469.0899963378906,4.013394198418729,77.41000366210938,1.5612731859718343,118.7762222290039,4.486179517114475,3974.5400390625,1.6631202604519668,18.86000061035156,-4.795552151447935,1.6631202604519668,18.86000061035156,2021-03-26,2021,1,3
2021-03-29,225.2389373779297,-0.5243791525507802,118.1244888305664,0.1485007459643084,12.900663375854492,0.8489913144622774,42.69233322143555,-1.9541727261577324,66.19332122802734,1.2527149529061976,207.18557739257807,0.8034811875913039,469.3200073242188,0.049033445207502524,77.13999938964844,-0.3487976484789934,117.24006652832033,-1.293319211417443,3971.090087890625,-0.08680126852336212,20.739999771118164,9.968181865989667,-0.08680126852336212,20.739999771118164,2021-03-29,2021,1,3
2021-03-30,221.99310302734372,-1.4410627169403445,116.67457580566406,-1.2274449093972795,12.82444190979004,-0.590833694700621,41.20547866821289,-3.48272029432235,65.65357971191406,-0.8154017748315479,206.42868041992188,-0.36532319584292594,465.4599914550781,-0.8224699158146276,76.0,-1.4778317327824864,116.20404815673828,-0.8836726234130787,3958.550048828125,-0.31578329337678124,19.61000061035156,-5.448404885424374,-0.31578329337678124,19.61000061035156,2021-03-30,2021,1,3
2021-03-31,225.74642944335935,1.6907401017559165,118.8640365600586,1.8765534301503184,13.299192428588867,3.701919523191166,41.88296508789063,1.644165876904058,65.2999267578125,-0.538665150709805,208.2668609619141,0.890467612471757,475.3699951171875,2.129077438241178,78.5,3.289473684210531,118.4189453125,1.9060413048383795,3972.889892578125,0.36224990395776757,19.399999618530277,-1.0708872273590297,0.36224990395776757,19.399999618530277,2021-03-31,2021,1,3
2021-04-01,232.0466766357422,2.7908513139799584,119.69117736816406,0.6958713771154201,13.760988235473633,3.4723597644324533,42.99312210083008,2.650617048267234,66.82611846923828,2.337202792104498,215.00038146972656,3.233121427342134,483.3399963378906,1.6765890364490499,81.08999633789062,3.2993583922173553,123.06317138671876,3.9218606971738845,4019.8701171875,1.1825201774944727,17.329999923706055,-10.67010172952283,1.1825201774944727,17.329999923706055,2021-04-01,2021,2,4
2021-04-05,238.48097229003903,2.7728454238528766,122.51316833496094,2.3577268006284013,13.936091423034668,1.272460847758361,44.12498092651367,2.6326509226966444,69.01300811767578,3.2725073646828307,216.54367065429688,0.7178076494657848,491.6199951171875,1.7130795800123666,81.43000030517578,0.41929212312257214,125.33173370361328,1.843412851571724,4077.909912109375,1.4438226417743616,17.90999984741211,3.3467970355421706,1.4438226417743616,17.90999984741211,2021-04-05,2021,2,4
2021-04-06,237.3224639892578,-0.4857864716235061,122.81482696533205,0.24622547475579015,13.810553550720217,-0.9008111995229329,43.70854949951172,-0.9437543501616075,69.12467956542969,0.16181217251607372,217.330078125,0.36316345258531335,491.3399963378906,-0.056954310662271634,81.44000244140625,0.012283109656130442,123.30435943603516,-1.6176064973077775,4073.93994140625,-0.09735307519511682,18.1200008392334,1.1725348610297948,-0.09735307519511682,18.1200008392334,2021-04-06,2021,2,4
2021-04-07,239.2756805419922,0.8230221951609273,124.45935821533205,1.3390331531096145,14.09151840209961,2.034421360067351,43.5811882019043,-0.2913876096685475,69.22750091552734,0.1487476697817236,217.03515625,-0.13570228177545163,493.4100036621094,0.4212983554457539,82.19999694824219,0.9331955845442552,124.52794647216795,0.9923307186616936,4079.949951171875,0.1475232784985625,17.15999984741211,-5.298018473281174,0.1475232784985625,17.15999984741211,2021-04-07,2021,2,4
2021-04-08,242.48329162597656,1.3405503963957788,126.85317993164062,1.9233762335227,14.264379501342772,1.2267031437677156,43.85398483276367,0.6259504206162392,70.35836791992188,1.6335516802411076,220.6329345703125,1.6576937960079974,499.8399963378906,1.3031743637254234,83.3499984741211,1.3990286722309841,125.3406753540039,0.6526477829758459,4097.169921875,0.42206328286402695,16.950000762939453,-1.2237708994171426,0.42206328286402695,16.950000762939453,2021-04-08,2021,2,4
2021-04-09,244.9727325439453,1.0266443107381784,129.4221954345703,2.025188098803743,14.347075462341309,0.5797375272492689,43.81875991821289,-0.080323178577979,70.63876342773438,0.398524747094231,227.3468017578125,3.0430031674896663,504.0400085449219,0.8402713343875767,82.76000213623047,-0.7078540476204154,125.54608917236328,0.16388440366961188,4128.7998046875,0.7719934348738189,16.690000534057617,-1.5339245851263672,0.7719934348738189,16.690000534057617,2021-04-09,2021,2,4
2021-04-12,245.0301818847656,0.023451320570955225,127.7095184326172,-1.3233255673050004,15.153103828430176,5.618067376898916,43.69049453735352,-0.29271796166475683,71.1434555053711,0.7144690155187039,224.86962890625,-1.0896009235271231,506.0299987792969,0.3948079915560232,78.58000183105469,-5.050749392556952,122.7506103515625,-2.2266554372417313,4127.990234375,-0.019607884876882142,16.90999984741211,1.318150427290643,-0.019607884876882142,16.90999984741211,2021-04-12,2021,2,4
2021-04-13,247.5004730224609,1.008157900669171,130.81370544433594,2.430662216737267,15.621872901916504,3.0935515178535544,43.807010650634766,0.26668526990836217,71.65751647949219,0.7225695891061701,228.05455017089844,1.4163412285330246,514.8599853515625,1.7449531833223952,80.19000244140625,2.0488681252680996,122.62557220458984,-0.10186356435584187,4141.58984375,0.32944868090414303,16.649999618530273,-1.5375531119335095,0.32944868090414303,16.649999618530273,2021-04-13,2021,2,4
2021-04-14,244.7237701416016,-1.1218980097089881,128.47825622558594,-1.785324565814539,15.220852851867676,-2.567042073422776,43.11507797241211,-1.5795021571795576,71.79768371582031,0.19560716476720863,224.1422271728516,-1.7155206923584965,510.6300048828125,-0.8215787960024978,78.55000305175781,-2.0451419624868628,120.3480987548828,-1.8572581630096563,4124.66015625,-0.40877267278285334,16.989999771118164,2.0420430052712657,-0.40877267278285334,16.989999771118164,2021-04-14,2021,2,4
2021-04-15,248.4676055908203,1.5298209271017882,130.8818359375,1.8708066115824096,16.077943801879883,5.631031049006152,43.35897445678711,0.5656872162705051,73.17160034179688,1.9135946382540903,229.0375518798828,2.184026084141699,523.25,2.4714558479742577,83.01000213623047,5.677910771733385,123.10785675048828,2.293146318186867,4170.419921875,1.109419052516647,16.56999969482422,-2.4720428602236777,1.109419052516647,16.56999969482422,2021-04-15,2021,2,4
2021-04-16,249.65481567382807,0.4778128240036539,130.5509796142578,-0.25279009946054254,15.854018211364746,-1.3927501754854688,43.24966812133789,-0.25209621956846506,73.78844451904297,0.8430103679087475,227.966064453125,-0.46782172528623267,525.0800170898438,0.3497404853977537,82.1500015258789,-1.036020465268972,123.43830108642578,0.2684185596758759,4185.47021484375,0.36088195555097347,16.25,-1.9311991594313294,0.36088195555097347,16.25,2021-04-16,2021,2,4
2021-04-19,247.7398681640625,-0.7670380820001599,131.21266174316406,0.506838118611852,15.305292129516602,-3.4611167625302586,41.73301315307617,-3.5067435986022133,73.60153198242188,-0.25330868246294935,226.5800628662109,-0.6079859255538778,516.1699829101562,-1.6968907384953713,81.11000061035156,-1.2659779625198486,120.79466247558594,-2.1416680135518784,4163.259765625,-0.5306560094486046,17.290000915527344,6.400005634014416,-0.5306560094486046,17.290000915527344,2021-04-19,2021,2,4
2021-04-20,247.28028869628903,-0.18550888525907805,129.52923583984375,-1.2829751953477242,15.115492820739746,-1.2400894224738335,41.30484390258789,-1.0259725290329813,74.05949401855469,0.6222180758984619,224.0832672119141,-1.101948522174745,514.2100219726562,-0.3797123045493178,79.2699966430664,-2.268529100529104,119.14240264892578,-1.3678251942581432,4134.93994140625,-0.6802319771775922,18.68000030517578,8.039325136184017,-0.6802319771775922,18.68000030517578,2021-04-20,2021,2,4
2021-04-21,249.50161743164065,0.8983040043599511,129.9087371826172,0.29298508580926086,15.304043769836426,1.2474019294823835,41.53337478637695,0.5532786525668021,71.64817810058594,-3.255917353910931,226.6390380859375,1.1405451669028066,512.3400268554688,-0.36366368551388195,81.61000061035156,2.951941549615089,121.63421630859376,2.091458292150228,4173.419921875,0.9306055472153574,17.5,-6.316918018726325,0.9306055472153574,17.5,2021-04-21,2021,2,4
2021-04-22,246.23663330078125,-1.3086023908257638,128.39068603515625,-1.1685520007226002,14.795671463012695,-3.321816864021976,41.11063003540039,-1.017843488883119,69.97518920898438,-2.335005489257347,227.4155731201172,0.3426307492027103,507.2900085449219,-0.9856770983797225,79.05999755859375,-3.124620797312394,118.75835418701172,-2.3643529007378983,4134.97998046875,-0.9210657476561801,18.709999084472656,6.914280482700885,-0.9210657476561801,18.709999084472656,2021-04-22,2021,2,4
2021-04-23,250.04742431640625,1.5476133524657376,130.70668029785156,1.8038646993919327,15.209145545959473,2.7945611253967773,42.106075286865234,2.4213816489984774,70.06864166259766,0.13355084090473923,229.5388641357422,0.9336612205108397,515.8400268554688,1.685430062987292,82.76000213623047,4.679995815702531,120.95543670654295,1.8500446007119864,4180.169921875,1.0928696540176919,17.329999923706055,-7.375730776554967,1.0928696540176919,17.329999923706055,2021-04-23,2021,2,4
2021-04-26,250.43038940429688,0.15315698169560132,131.0959014892578,0.29778217189764256,15.421113014221191,1.3936842646497638,42.62277603149414,1.2271405993284024,69.62937927246094,-0.6269029621723043,231.45571899414065,0.8350894588660562,515.7000122070312,-0.02714303682306296,85.41000366210938,3.2020317272548615,124.1081771850586,2.6065306069413596,4187.6201171875,0.1782270924804541,17.639999389648438,1.7888024657076285,0.1782270924804541,17.639999389648438,2021-04-26,2021,2,4
2021-04-27,250.83255004882807,0.16058779666789924,130.7747802734375,-0.2449513769479883,15.32521915435791,-0.6218348816641739,42.125953674316406,-1.1656264641482506,70.30233001708984,0.9664752891098471,230.2269744873047,-0.5308767103167078,517.3200073242188,0.3141351713866536,85.20999908447266,-0.23416996728855555,123.2597198486328,-0.6836433792437813,4186.72021484375,-0.021489588801437698,17.559999465942383,-0.4535143224154603,-0.021489588801437698,17.559999465942383,2021-04-27,2021,2,4
2021-04-28,243.7375946044922,-2.828562498349896,129.98660278320312,-0.6026983861768809,15.220602989196776,-0.6826405815631431,41.48007583618164,-1.5332064482816654,69.88172149658203,-0.5982853205655725,232.85157775878903,1.140006846430186,515.47998046875,-0.3556844563167183,84.0199966430664,-1.3965525809084278,121.9736099243164,-1.0434146093271868,4183.18017578125,-0.08455399168898481,17.280000686645508,-1.5945261264952326,-0.08455399168898481,17.280000686645508,2021-04-28,2021,2,4
2021-04-29,241.7747344970703,-0.8053169272499661,129.8892364501953,-0.0749048985995926,15.268426895141602,0.3142050678200503,42.12052536010742,1.5439931365003323,70.9098129272461,1.4711878995630423,230.3743896484375,-1.0638485399990127,516.0900268554688,0.118345311133905,83.91000366210938,-0.13091286045190387,127.43057250976562,4.47388790807719,4211.47021484375,0.6762806734045723,17.610000610351562,1.9097217048208215,0.6762806734045723,17.610000610351562,2021-04-29,2021,2,4
2021-04-30,241.4587860107422,-0.13067886807335283,127.92363739013672,-1.5132886402117518,14.954333305358888,-2.057144406164446,41.20908737182617,-2.16388086446917,70.83503723144531,-0.10545183059148533,226.4031219482422,-1.7238321092269193,508.3399963378906,-1.5016818993381809,81.62000274658203,-2.729115499444823,123.9652862548828,-2.7193523395786845,4181.169921875,-0.7194706699326425,18.61000061035156,5.678591512439657,-0.7194706699326425,18.61000061035156,2021-04-30,2021,2,4
2021-05-03,241.15240478515625,-0.12688758634457065,128.9745330810547,0.8215023527770704,14.782219886779783,-1.150926725148138,40.66168212890625,-1.3283605093719508,72.27435302734375,2.0319263632143425,219.9546813964844,-2.8482118516157007,503.4599914550781,-0.9599883774576656,78.55000305175781,-3.7613325061457203,122.74169921875,-0.9870400602447704,4192.66015625,0.2748090747253684,18.309999465942383,-1.6120426360561435,0.2748090747253684,18.309999465942383,2021-05-03,2021,2,5
2021-05-04,237.2554168701172,-1.6159855086292474,124.41070556640624,-3.5385493598029116,14.298504829406738,-3.272276160670884,40.15582275390625,-1.2440689821840545,73.3958969116211,1.5517868196662121,213.486572265625,-2.940655361274247,490.7000122070313,-2.5344574473869286,78.61000061035156,0.07638135743193164,119.78545379638672,-2.4085094480358005,4164.66015625,-0.6678337608227225,19.479999542236328,6.389951449590203,-0.6678337608227225,19.479999542236328,2021-05-04,2021,2,5
2021-05-05,235.99154663085935,-0.5327044819169457,124.65398406982422,0.1955446698179264,14.405360221862791,0.7473186443682556,40.09169387817383,-0.1597000667261428,74.01274871826172,0.8404445379057046,211.73681640625,-0.8196093275589789,486.6900024414063,-0.817201888296093,77.83000183105469,-0.9922386124420979,120.25879669189452,0.39515891162578143,4167.58984375,0.07034637617677753,19.149999618530277,-1.6940448226939075,0.07034637617677753,19.149999618530277,2021-05-05,2021,2,5
2021-05-06,239.1129302978516,1.3226675749851147,126.24986267089844,1.2802467670670614,14.469623565673828,0.44610716303716824,40.5207633972168,1.070220480947448,74.52679443359375,0.6945367173009753,214.3417816162109,1.2302844891003195,483.6099853515625,-0.6328498786482895,77.88999938964844,0.07708795732008777,121.46451568603516,1.0026035743811113,4201.6201171875,0.8165456466051824,18.38999938964844,-3.9686696815723677,0.8165456466051824,18.38999938964844,2021-05-06,2021,2,5
2021-05-07,241.72689819335935,1.0931938696295829,126.92243194580078,0.5327287180149742,14.757811546325684,1.9916757291151832,40.88209533691406,0.8917204647780341,75.14366149902344,0.8277117916017929,212.81809997558597,-0.7108654360973632,488.7300109863281,1.0587096606459845,78.80999755859375,1.181150566381417,123.11680603027344,1.3603070286874352,4232.60009765625,0.7373341616968343,16.690000534057617,-9.24414851556622,0.7373341616968343,16.690000534057617,2021-05-07,2021,2,5
2021-05-10,236.6713104248047,-2.091446093231486,123.64728546142578,-2.58043155505685,14.213319778442385,-3.6895156587011924,39.39342498779297,-3.64137487781091,74.91000366210938,-0.3109481654911095,210.25250244140625,-1.205535400642166,479.3800048828125,-1.9131229704200003,75.98999786376953,-3.57822583705526,115.15907287597656,-6.463563676546425,4188.43017578125,-1.0435647322188157,19.65999984741211,17.79508219483823,-1.0435647322188157,19.65999984741211,2021-05-10,2021,2,5
2021-05-11,235.76168823242188,-0.3843398639024387,122.73102569580078,-0.7410269964324034,14.253669738769531,0.28388835934265444,39.75204849243164,0.910363860846819,72.61082458496094,-3.069255059069498,211.89410400390625,0.7807762302175059,485.1900024414063,1.2119816219731794,76.83000183105469,1.1054138582699657,114.64997863769533,-0.44207913937404086,4152.10009765625,-0.867391280271812,21.84000015258789,11.088506216152073,-0.867391280271812,21.84000015258789,2021-05-11,2021,2,5
2021-05-12,228.8391265869141,-2.9362538491339962,119.67027282714844,-2.493870519943897,13.707935333251951,-3.8287291309493376,38.15409469604492,-4.0198023925507975,71.73226928710938,-1.2099508618354515,206.95948791503903,-2.3288123622242196,472.0899963378906,-2.6999744507509083,74.63999938964844,-2.850452153082017,111.30079650878906,-2.9212235088939664,4063.0400390625,-2.144940066450274,27.59000015258789,26.327838643896094,-2.144940066450274,27.59000015258789,2021-05-12,2021,2,5
2021-05-13,232.6977386474609,1.6861679722769418,121.8147430419922,1.7919823897629472,13.61502456665039,-0.6777881886864678,38.896610260009766,1.946096663752872,73.03141784667969,1.8111075705279145,208.2570343017578,0.6269567052907599,474.1600036621094,0.438477269223303,73.08999633789062,-2.0766386179429386,113.524658203125,1.9980644919826096,4112.5,1.2173141406923493,23.1299991607666,-16.16528077982975,1.2173141406923493,23.1299991607666,2021-05-13,2021,2,5
2021-05-14,237.60011291503903,2.106756299426382,124.2321319580078,1.9844797564300354,14.19065284729004,4.227890135796275,39.89206314086914,2.5592278458331785,73.73238372802734,0.9598141485069434,213.95843505859372,2.7376749966461,486.55999755859375,2.6151496964557763,74.58999633789062,2.0522644344727947,116.23975372314452,2.391635053559482,4173.85009765625,1.4917956876899785,18.809999465942383,-18.677042159827906,1.4917956876899785,18.809999465942383,2021-05-14,2021,2,5
2021-05-17,234.75636291503903,-1.196863909326873,123.08192443847656,-0.9258534820283271,14.113438606262209,-0.544120428135042,39.74028778076172,-0.3804650553456357,73.90997314453125,0.24085674099316723,211.4026336669922,-1.1945317280441015,482.739990234375,-0.7851050935930526,74.6500015258789,0.08044669652007563,115.92715454101562,-0.2689262254232161,4163.2900390625,-0.25300521932207776,19.71999931335449,4.837851532424353,-0.25300521932207776,19.71999931335449,2021-05-17,2021,2,5
2021-05-18,232.74563598632807,-0.8565164768030931,121.69779205322266,-1.1245618652524159,13.964237213134766,-1.057158338870312,39.18024444580078,-1.4092583779226064,73.54544067382812,-0.4932114776855401,210.68502807617188,-0.33944969292610816,480.6199951171875,-0.4391587935688168,74.44000244140625,-0.2813115608575778,115.13228607177734,-0.6856620197272734,4127.830078125,-0.8517292959364653,21.34000015258789,8.215014683780076,-0.8517292959364653,21.34000015258789,2021-05-18,2021,2,5
2021-05-19,233.32147216796875,0.24741008749762372,121.54180908203124,-0.12817239208678943,14.014053344726562,0.35674080031338207,39.901100158691406,1.8398448582621851,73.5921630859375,0.06352863166132483,217.5758209228516,3.2706609053341884,480.4700012207031,-0.031208417878625383,76.2300033569336,2.404622322435168,116.69525146484376,1.3575387464225486,4115.68017578125,-0.2943411456817757,22.18000030517578,3.93627060253805,-0.2943411456817757,22.18000030517578,2021-05-19,2021,2,5
2021-05-20,236.5460357666016,1.3820260812993146,124.09564971923828,2.1012034101643096,14.558794975280762,3.887109725889437,41.10069274902344,3.0064148245564803,73.573486328125,-0.025378731959124767,219.97434997558597,1.1023876837789048,491.6700134277344,2.331053380768,78.05999755859375,2.4006219612657365,118.463623046875,1.5153757842185867,4159.1201171875,1.0554741756143349,20.670000076293945,-6.807936014903804,1.0554741756143349,20.670000076293945,2021-05-20,2021,2,5
2021-05-21,235.2888641357422,-0.5314701752600293,122.26311492919922,-1.4767115480559534,14.936650276184082,2.5953748338710447,40.76104736328125,-0.8263738711563606,73.86322021484375,0.3938020354596006,218.79473876953125,-0.5362494337115331,488.0700073242188,-0.732199647161258,77.16999816894531,-1.140147857396978,117.40974426269533,-0.8896222798813636,4155.85986328125,-0.07838806801412357,20.149999618530277,-2.5157254757828817,-0.07838806801412357,20.149999618530277,2021-05-21,2021,2,5
2021-05-24,240.6727294921875,2.2881938659618184,123.89096069335938,1.3314283421478557,15.554621696472168,4.137282515567886,41.47917175292969,1.76179081770933,74.1903305053711,0.4428595037907712,223.12977600097656,1.9813260848158043,497.8299865722656,1.9997088740516311,77.44000244140625,0.3498824398956435,118.70475769042967,1.1029863286618369,4197.0498046875,0.9911292190138532,18.399999618530277,-8.684863687990696,0.9911292190138532,18.399999618530277,2021-05-24,2021,2,5
2021-05-25,241.5748748779297,0.37484321038185886,123.69603729248048,-0.15733464313134604,15.590239524841309,0.22898550067096402,41.51079559326172,0.07624028878976397,73.67627716064453,-0.6928845595172928,223.8374938964844,0.31717770178048,505.0799865722656,1.4563204699497456,77.86000061035156,0.5423529903205937,119.45500183105467,0.6320253334592962,4188.1298828125,-0.21252837802967495,18.84000015258789,2.391307299889811,-0.21252837802967495,18.84000015258789,2021-05-25,2021,2,5
2021-05-26,241.3541259765625,-0.09137908132157424,123.64728546142578,-0.039412605384780974,15.642298698425291,0.33392157638778563,41.59661102294922,0.20673039015766115,74.07820129394531,0.5455272019573076,225.77398681640625,0.8651333993300536,506.9800109863281,0.376182874906017,78.33999633789062,0.6164856457440804,118.86550903320312,-0.49348523612704476,4195.990234375,0.18768165702687245,17.360000610351562,-7.855623833596592,0.18768165702687245,17.360000610351562,2021-05-26,2021,2,5
2021-05-27,239.26199340820312,-0.8668310764915366,122.11692810058594,-1.2376797073456736,15.431075096130373,-1.350336075069214,42.246089935302734,1.5613745840861615,73.81648254394531,-0.35330062748349933,221.9894561767578,-1.676247424698185,498.2799987792969,-1.7160463960118277,78.41999816894531,0.1021213106899177,119.35677337646484,0.4132942745607382,4200.8798828125,0.11653145418315525,16.739999771118164,-3.5714332801561,0.11653145418315525,16.739999771118164,2021-05-27,2021,2,5
2021-05-28,239.6170654296875,0.14840301897784958,121.4638442993164,-0.5348020224776651,16.184797286987305,4.88444380032822,42.6661262512207,0.9942608098435279,73.5921630859375,-0.30388803459209246,234.05079650878903,5.433294238275654,504.5799865722656,1.2643469150683595,80.08000183105469,2.1168116562986006,120.16056823730467,0.6734388322517493,4204.10986328125,0.07688818911402162,16.760000228881836,0.11947704920629576,0.07688818911402162,16.760000228881836,2021-05-28,2021,2,5
2021-06-01,237.42898559570312,-0.9131569281430996,121.14218139648438,-0.2648219350273262,16.204723358154297,0.12311597614518277,42.30300521850586,-0.8510757001391811,74.367919921875,1.0541296836615643,232.1830902099609,-0.7979918576171086,495.9100036621094,-1.718257390479072,80.80999755859375,0.9115830555038507,119.62468719482422,-0.445970795862205,4202.0400390625,-0.04923335226864056,17.899999618530273,6.8019055732703615,-0.04923335226864056,17.899999618530273,2021-06-01,2021,2,6
2021-06-02,237.3329925537109,-0.04043021190162088,121.90248107910156,0.6276093709496777,16.716585159301758,3.158719774687735,42.792598724365234,1.157349231645588,75.02216339111328,0.879738830836696,230.6299743652344,-0.6689185863285929,495.7699890136719,-0.0282338826407047,81.97000122070312,1.43547048280539,120.1273956298828,0.4202380351806978,4208.1201171875,0.14469348384307246,17.479999542236328,-2.3463691913108042,0.14469348384307246,17.479999542236328,2021-06-02,2021,2,6
2021-06-03,235.8071136474609,-0.6429274286021025,120.42086029052734,-1.2154147934140935,16.90738296508789,1.141368311577473,41.98594284057617,-1.8850359824718166,75.7885513305664,1.0215487061572937,226.91427612304688,-1.6111081191481191,493.1400146484375,-0.53048276892812,80.27999877929688,-2.061732848894249,118.29611206054688,-1.5244512375663044,4192.85009765625,-0.36287033416374515,18.040000915527344,3.203669267484277,-0.36287033416374515,18.040000915527344,2021-06-03,2021,2,6
2021-06-04,240.6823272705078,2.0674582490906035,122.71151733398438,1.9022094991935745,17.513647079467773,3.5857951264945065,42.90730667114258,2.1944578785925817,77.47086334228516,2.219744251847522,233.4413299560547,2.876440365289512,504.5,2.3036024281382073,81.58000183105469,1.6193361628364489,120.59416961669922,1.9426315168973085,4229.89013671875,0.8834095710505974,16.420000076293945,-8.9800485422317,0.8834095710505974,16.420000076293945,2021-06-04,2021,2,6
2021-06-07,243.5806427001953,1.204207829696613,122.72127532958984,0.007951980235820777,17.554243087768555,0.23179642776045561,41.893798828125,-2.362086837063615,78.45221710205078,1.266739155119212,234.0901336669922,0.27793009535186375,509.4700012207031,0.9851340378004281,81.3499984741211,-0.28193595461043497,119.67855072021484,-0.7592563549254527,4226.52001953125,-0.07967387044511831,16.420000076293945,0.0,-0.07967387044511831,16.420000076293945,2021-06-07,2021,2,6
2021-06-08,242.3906097412109,-0.48855809960610674,123.5400390625,0.6671734226288084,17.392841339111328,-0.9194457878374029,41.871212005615234,-0.053914476943073275,79.07841491699219,0.7981900806281139,232.39938354492188,-0.7222645805634476,509.2000122070313,-0.05299409445598258,80.88999938964844,-0.5654567831602231,120.46852111816406,0.6600768418361103,4227.259765625,0.01750248645058239,17.06999969482422,3.9585847473210256,0.01750248645058239,17.06999969482422,2021-06-08,2021,2,6
2021-06-09,243.36952209472656,0.4038573749044039,123.9202117919922,0.3077324018813554,17.29841423034668,-0.5429078948263055,41.907344818115234,0.08629511965203562,78.99429321289062,-0.10637758001328379,232.0749969482422,-0.1395815220039065,514.6799926757812,1.0761940961073524,79.95999908447266,-1.149709867960258,119.29254913330078,-0.9761653699639994,4219.5498046875,-0.18238673194856947,17.889999389648438,4.8037475658119,-0.18238673194856947,17.889999389648438,2021-06-09,2021,2,6
2021-06-10,246.87237548828125,1.4393147356353442,122.92595672607422,-0.8023348665566421,17.36493682861328,0.38455893922288986,42.33551788330078,1.0217136567441498,76.91944122314453,-2.626584662456999,236.1052703857422,1.7366254402661152,535.52001953125,4.04912317401791,81.55999755859375,2.000998614858407,120.48648071289062,1.0008433789571392,4239.18017578125,0.46522430122621916,16.100000381469727,-10.005584512285925,0.46522430122621916,16.100000381469727,2021-06-10,2021,2,6
2021-06-11,247.4962615966797,0.2527160469714351,124.13465118408205,0.9832703280896693,17.763809204101562,2.2969987131253644,42.518890380859375,0.4331410284481807,77.4802017211914,0.7290231040811834,236.2232208251953,0.04995671602774365,541.260009765625,1.0718535302189691,81.30999755859375,-0.30652281447213214,120.84553527832033,0.2980040277591911,4247.43994140625,0.19484346695590737,15.649999618530272,-2.795035728430062,0.19484346695590737,15.649999618530272,2021-06-11,2021,2,6
2021-06-14,249.4156036376953,0.7755034474594913,127.18563842773438,2.457804661752294,17.956636428833008,1.0855060562512842,42.982303619384766,1.0898996525412707,77.21852111816406,-0.33773867028507043,242.07200622558597,2.4759570121680508,556.9500122070312,2.8987921069949962,81.55000305175781,0.29517341086022775,123.26024627685548,1.9981797366148468,4255.14990234375,0.18152018730952513,16.389999389648438,4.728433157544454,0.18152018730952513,16.389999389648438,2021-06-14,2021,2,6
2021-06-15,247.9472503662109,-0.588717486022794,126.36685180664062,-0.6437728592752823,17.727182388305664,-1.2778230568777804,42.52251052856445,-1.0697264969598996,76.30258178710938,-1.1861653367500558,238.45458984375,-1.4943555176986978,548.4600219726562,-1.524372034885435,80.47000122070312,-1.32434309091225,121.70730590820312,-1.2598874459201492,4246.58984375,-0.20116937805257917,17.020000457763672,3.84381385952417,-0.20116937805257917,17.020000457763672,2021-06-15,2021,2,6
2021-06-16,247.0067443847656,-0.37931696361068745,126.86394500732422,0.39337309870171033,17.74885368347168,0.12224895469181707,42.07175064086914,-1.0600500348927344,72.04071807861328,-5.585477723921651,238.26788330078125,-0.07829857378341964,543.3300170898438,-0.9353470950100085,80.11000061035156,-0.44737244301040757,121.14177703857422,-0.4646630417203146,4223.7001953125,-0.5390124612855707,18.149999618530277,6.639242834163128,-0.5390124612855707,18.149999618530277,2021-06-16,2021,2,6
2021-06-17,250.3848571777344,1.3676196580716393,128.4625701904297,1.2601099414125683,18.592937469482425,4.755708740766651,42.56134414672852,1.1637107997682916,72.48931884765625,0.6227044663178471,240.27313232421875,0.8415943414858518,551.3599853515625,1.4779172895192705,84.55999755859375,5.554858212879821,121.5008544921875,0.29641091817478316,4221.85986328125,-0.043571559205179966,17.75,-2.2038546938695114,-0.043571559205179966,17.75,2021-06-17,2021,2,6
2021-06-18,248.9741058349609,-0.5634331719078678,127.16614532470705,-1.0091849040548162,18.574501037597656,-0.09915825250866872,41.868499755859375,-1.627872438616118,71.24628448486328,-1.7147827880757638,238.65122985839844,-0.6750244815686535,565.5900268554688,2.58089848410612,84.6500015258789,0.1064379965512563,119.39130401611328,-1.7362433251116416,4166.4501953125,-1.3124468779900589,20.700000762939453,16.619722608109598,-1.3124468779900589,20.700000762939453,2021-06-18,2021,2,6
2021-06-21,252.04515075683597,1.233479647040392,128.95968627929688,1.4103918539090543,18.363733291625977,-1.1347155196527403,42.29729843139648,1.0241558165147602,72.89120483398438,2.3087805364370606,240.32228088378903,0.7002063330585395,567.3499755859375,0.311170396736582,82.58999633789062,-2.4335559962848974,120.25308227539062,0.7218099059886685,4224.7900390625,1.4002289962720793,17.889999389648438,-13.574885360979994,1.4002289962720793,17.889999389648438,2021-06-21,2021,2,6
2021-06-22,254.80908203125,1.0966016470122852,130.5972900390625,1.2698571212548915,18.82164764404297,2.4935798464564174,42.2827262878418,-0.034451712272631774,73.53610229492188,0.8847397465939988,238.9755859375,-0.560370408160471,575.739990234375,1.4788076160173746,83.58000183105469,1.1986990399100783,121.25845336914062,0.836046007908231,4246.43994140625,0.5124491902218642,16.65999984741211,-6.875347032979972,0.5124491902218642,16.65999984741211,2021-06-22,2021,2,6
2021-06-23,254.5787811279297,-0.09038174836015767,130.32427978515625,-0.20904741118639159,18.99156188964844,0.9027596776802316,42.48392105102539,0.4758320497452173,72.99402618408203,-0.737156435985431,237.72720336914065,-0.5223891651785051,574.22998046875,-0.2622728647023953,83.81999969482422,0.28714747369191773,121.65343475341795,0.3257351329353675,4241.83984375,-0.10832833431588806,16.31999969482422,-2.0408172611160347,-0.10832833431588806,16.31999969482422,2021-06-23,2021,2,6
2021-06-24,255.9415283203125,0.5352948844931538,130.04165649414062,-0.21686157904078351,19.139301300048828,0.7779213276866592,42.793453216552734,0.7285866225849924,72.65755462646484,-0.4609576635335122,239.62437438964844,0.798045403984271,578.260009765625,0.7018145053285574,86.0999984741211,2.7201130847029464,123.80785369873048,1.770947897755093,4266.490234375,0.5811249724885448,15.970000267028809,-2.1446043770847023,0.5811249724885448,15.970000267028809,2021-06-24,2021,2,6
2021-06-25,254.33876037597656,-0.6262242610078017,129.74925231933594,-0.22485423724040166,18.96539688110352,-0.9086246996115044,42.07789611816406,-1.6721181503340121,73.33049011230469,0.9261741456885408,237.75668334960935,-0.7794244825036323,579.6599731445312,0.24209929015732712,85.62000274658203,-0.5574863368706495,123.56549072265624,-0.19575735208527956,4280.7001953125,0.33305973193167304,15.619999885559082,-2.1916116193956947,0.33305973193167304,15.619999885559082,2021-06-25,2021,2,6
2021-06-28,257.88970947265625,1.3961494077546321,131.3770294189453,1.2545560537051248,19.916114807128903,5.012908150488782,43.04290008544922,2.2933750408414166,73.36788177490234,0.050990607781820074,240.4108123779297,1.1163215228812584,588.7999877929688,1.5767889921491252,87.08000183105469,1.7052079393105934,125.42369079589844,1.5038179854057754,4290.60986328125,0.23149642620619026,15.760000228881836,0.8962890163154658,0.23149642620619026,15.760000228881836,2021-06-28,2021,2,6
2021-06-29,260.4617614746094,0.9973457286110987,132.887939453125,1.1500564755209775,19.95771789550781,0.20889158744965552,43.43891906738281,0.9200564579696424,72.99402618408203,-0.5095630155540376,241.6296539306641,0.5069828352055827,590.75,0.33118414528854334,89.5199966430664,2.8020151133501203,128.0269317626953,2.0755576161708644,4291.7998046875,0.027733619326086867,16.020000457763672,1.649747621230091,0.027733619326086867,16.020000457763672,2021-06-29,2021,2,6
2021-06-30,259.9818420410156,-0.18425715578236357,133.5019989013672,0.46208817050608086,19.93355178833008,-0.12108652554492227,43.41068649291992,-0.06499373158687094,72.75102233886719,-0.33290922273833123,240.11587524414065,-0.6264871309867526,585.6400146484375,-0.8649996363203516,93.93000030517578,4.926277734004958,128.3052215576172,0.2173681670647909,4297.5,0.1328159646746485,15.829999923706056,-1.1860207779553211,0.1328159646746485,15.829999923706056,2021-06-30,2021,2,6
2021-07-01,260.653564453125,0.2583728182075973,133.80419921875,0.22636388958197085,20.1423282623291,1.0473621370439723,42.75522232055664,-1.5099143213738064,74.33987426757812,2.1839582147866077,240.81381225585935,0.29066675038003087,584.72998046875,-0.15539139350541076,93.30999755859376,-0.6600689285293782,126.39319610595705,-1.490216398403954,4319.93994140625,0.522162685427574,15.479999542236328,-2.210994208190664,0.522162685427574,15.479999542236328,2021-07-01,2021,3,7
2021-07-02,266.4598388671875,2.2275829706164263,136.42628479003906,1.9596437081935925,20.416378021240234,1.3605664416842522,42.621395111083984,-0.3130078671309211,76.47081756591797,2.8664876277161078,243.97903442382807,1.3143856402247245,593.0700073242188,1.4263039580735937,94.6999969482422,1.4896575136823742,127.99104309082033,1.2641874990832358,4352.33984375,0.7500081663913916,15.06999969482422,-2.648577903981497,0.7500081663913916,15.06999969482422,2021-07-02,2021,3,7
2021-07-06,266.4693298339844,0.0035618751543342597,138.4342803955078,1.4718539089143112,20.62715148925781,1.0323744387878087,43.08660125732422,1.0914850277138344,77.6484375,1.539959910938471,245.99417114257807,0.8259466734545029,596.9000244140625,0.6457951072460721,94.47000122070312,-0.24286772434087833,126.7432861328125,-0.9748783413870865,4343.5400390625,-0.20218560598241897,16.440000534057617,9.090914843906205,-0.20218560598241897,16.440000534057617,2021-07-06,2021,3,7
2021-07-07,268.6478576660156,0.8175529369134127,140.91990661621094,1.7955279672070112,20.30152702331543,-1.5786206161910288,42.74610900878906,-0.7902508868166458,80.46166229248047,3.6230282064342534,244.21495056152344,-0.7232775365329291,605.77001953125,1.4860101783199964,90.54000091552734,-4.160051079066274,125.64810180664062,-0.8640965210766627,4358.1298828125,0.3358975310182588,16.200000762939453,-1.4598525749495717,0.3358975310182588,16.200000762939453,2021-07-07,2021,3,7
2021-07-08,266.23907470703125,-0.8966321116094633,139.6234588623047,-0.9199890810579814,19.834148406982425,-2.3021845391050677,42.83350372314453,0.20445068892118723,79.99431610107422,-0.580830892739248,241.61984252929688,-1.0626327447437744,605.9500122070312,0.02971303794805369,89.73999786376953,-0.8835907263842424,124.13998413085938,-1.200270958412153,4320.81982421875,-0.8561024934316985,19.0,17.283945093793275,-0.8561024934316985,19.0,2021-07-08,2021,3,7
2021-07-09,266.7381286621094,0.18744579683778184,141.44622802734375,1.305489192068121,19.981136322021484,0.7410850822680892,43.71477127075195,2.0574257789031547,82.02246856689453,2.535370717161589,240.89242553710935,-0.30105846629683297,604.5,-0.2392956808021096,90.9000015258789,1.2926272450667131,126.95870208740234,2.27059635642588,4369.5498046875,1.1277947808795874,16.18000030517578,-14.842103656969574,1.1277947808795874,16.18000030517578,2021-07-09,2021,3,7
2021-07-12,266.1431579589844,-0.22305423904307453,140.85162353515625,-0.4203749371616716,20.441797256469727,2.3054791630671145,44.22184753417969,1.1599654960724903,81.38694763183594,-0.7748132263786789,238.77902221679688,-0.8773224461500972,600.2000122070312,-0.711329659713611,90.80999755859376,-0.09901426377810774,127.8922882080078,0.7353463017940598,4384.6298828125,0.34511743312370946,16.170000076293945,-0.0618061105884915,0.34511743312370946,16.170000076293945,2021-07-12,2021,3,7
2021-07-13,269.6555480957031,1.3197371533631763,141.962890625,0.7889629256324415,20.180198669433597,-1.2797240074051475,44.06343078613281,-0.35823186248479244,81.3775863647461,-0.011502172476340888,239.8701171875,0.45694758298846505,605.010009765625,0.8013991104243168,90.26000213623048,-0.6056551449727832,126.73429870605467,-0.9054412257209266,4369.2099609375,-0.3516812658565627,17.1200008392334,5.875081994168974,-0.3516812658565627,17.1200008392334,2021-07-13,2021,3,7
2021-07-14,271.12384033203125,0.5445065924647663,145.38424682617188,2.4100355988168065,19.773101806640625,-2.017308498600612,43.8431282043457,-0.49996692916712826,82.81282806396484,1.763681823623764,238.30715942382807,-0.6515850252619027,608.8300170898438,0.631395722807726,89.05000305175781,-1.3405706357577984,129.0413360595703,1.8203733141464173,4374.2998046875,0.11649345752446916,16.329999923706055,-4.614491102809537,0.11649345752446916,16.329999923706055,2021-07-14,2021,3,7
2021-07-15,269.7035827636719,-0.5238409011247613,144.73114013671875,-0.44922796225234096,18.90087127685547,-4.411197283636225,43.45621109008789,-0.8825034392036413,80.89915466308594,-2.3108417447122775,233.53965759277344,-2.000570122434153,606.1699829101562,-0.4369091708720685,86.93000030517578,-2.380688011150134,126.98568725585938,-1.5930157471106599,4360.02978515625,-0.32622408541723713,17.010000228881836,4.164117013795154,-0.32622408541723713,17.010000228881836,2021-07-15,2021,3,7
2021-07-16,269.4349060058594,-0.09961927648841629,142.6939239501953,-1.4075866358815414,18.0984001159668,-4.245683435087521,42.61228942871094,-1.9420046990001993,82.07177734375,1.4494869390756726,234.3751678466797,0.3577594754220037,606.0999755859375,-0.011549124204834893,85.88999938964844,-1.1963659402695503,125.41474151611328,-1.2371045695731442,4327.16015625,-0.7538854211077806,18.450000762939453,8.465611491366086,-0.7538854211077806,18.450000762939453,2021-07-16,2021,3,7
2021-07-19,265.8455505371094,-1.3321790862064309,138.85340881347656,-2.6914356479952217,18.715017318725582,3.407026028863114,42.393798828125,-0.512740816124102,81.59334564208984,-0.5829430251720891,233.5101623535156,-0.36906874610963536,602.0499877929688,-0.668204579459597,86.58000183105469,0.8033559742805174,124.58879852294922,-0.658569306270862,4258.490234375,-1.5869512427409305,22.5,21.951214469301195,-1.5869512427409305,22.5,2021-07-19,2021,3,7
2021-07-20,268.0624694824219,0.8339123753749123,142.45999145507812,2.5974030255507374,18.54784202575684,-0.8932681713389234,42.659629821777344,0.6270515995277615,83.16929626464844,1.9314695459008657,236.0266265869141,1.0776679730061467,608.719970703125,1.1078785890533016,87.11000061035156,0.6121491892909336,125.2710952758789,0.5476389218120659,4323.06005859375,1.5162609437855634,19.729999542236328,-12.311113145616314,1.5162609437855634,19.729999542236328,2021-07-20,2021,3,7
2021-07-21,270.0586242675781,0.7446602984037431,141.7289276123047,-0.5131713369531998,19.343093872070312,4.287570733075752,43.60916519165039,2.225840622246378,84.13551330566406,1.1617472846482624,237.9925994873047,0.8329453879080351,612.260009765625,0.5815546117882375,89.41000366210938,2.6403432850906183,127.62298583984376,1.8774407286735961,4358.68994140625,0.8241819990835397,17.90999984741211,-9.224529838067742,0.8241819990835397,17.90999984741211,2021-07-21,2021,3,7
2021-07-22,274.6076965332031,1.6844758348164124,143.09356689453125,0.962851624729355,19.526460647583008,0.9479702509093357,43.36426162719727,-0.561587371317096,85.0735855102539,1.1149539210414394,244.05767822265625,2.5484316522518924,623.6799926757812,1.865217836867683,91.20999908447266,2.0131924266166834,127.86540985107422,0.18995325147357356,4367.47998046875,0.20166699583279435,17.690000534057617,-1.2283602190330645,0.20166699583279435,17.690000534057617,2021-07-22,2021,3,7
2021-07-23,277.995361328125,1.2336379634255046,144.80914306640625,1.198919147175559,19.49058532714844,-0.1837266931373316,43.98514175415039,1.4317783899811865,82.2593765258789,-3.3079703500163427,244.0281982421875,-0.012079103875539676,625.8699951171875,0.35114200665800066,92.1500015258789,1.0305914382650938,130.05569458007812,1.712961098357213,4411.7900390625,1.0145452020822843,17.200000762939453,-2.769925134681561,1.0145452020822843,17.200000762939453,2021-07-23,2021,3,7
2021-07-26,277.4003295898437,-0.21404376513282086,145.22828674316406,0.2894455887813674,19.22749710083008,-1.3498220905244107,43.902305603027344,-0.18832757567555092,82.41885375976562,0.19387119210239057,243.3892517089844,-0.26183307413062407,620.7999877929688,-0.810073555814006,91.81999969482422,-0.3581137553882896,128.81689453125,-0.9525150381365033,4422.2998046875,0.23821998626283314,17.579999923706055,2.209297348319761,0.23821998626283314,17.579999923706055,2021-07-26,2021,3,7
2021-07-27,274.99151611328125,-0.8683527810237401,143.06431579589844,-1.4900478383337301,19.14179229736328,-0.4457408211654412,43.27595520019531,-1.4266913644481627,82.36257934570312,-0.06827856915667674,239.36880493164065,-1.6518588019453384,618.280029296875,-0.4059211574814259,91.02999877929688,-0.8603800023448183,126.50988006591795,-1.7909253857787855,4401.4599609375,-0.47124448070912095,19.36000061035156,10.125146156828091,-0.47124448070912095,19.36000061035156,2021-07-27,2021,3,7
2021-07-28,274.68438720703125,-0.11168668422609773,141.31954956054688,-1.2195677347247913,19.435775756835938,1.5358199216964241,43.48443603515625,0.48174750619947027,81.78096008300781,-0.7061693153805448,239.8111267089844,0.18478672585180433,620.9199829101562,0.42698348453587,97.93000030517578,7.579920486001579,127.86540985107422,1.0714813613371232,4400.64013671875,-0.01862618826539153,18.309999465942383,-5.423559459227256,-0.01862618826539153,18.309999465942383,2021-07-28,2021,3,7
2021-07-29,274.953125,0.0978351174965697,141.962890625,0.4552385472878173,19.59422874450684,0.8152645392359492,44.07252883911133,1.3524213663013152,82.20309448242188,0.5161768692683477,239.8897705078125,0.032794057518237274,621.7000122070312,0.12562476942989953,102.9499969482422,5.126107043217387,135.54049682617188,6.002473213073722,4419.14990234375,0.42061529800074826,17.700000762939453,-3.33150584814359,0.42061529800074826,17.700000762939453,2021-07-29,2021,3,7
2021-07-30,273.42724609375,-0.5549596522134492,142.17730712890625,0.15103700901148986,19.43178939819336,-0.8290162804137857,44.18998336791992,0.2665028123014279,81.7434310913086,-0.559180154965544,237.815673828125,-0.8646040534771138,621.6300048828125,-0.01126062776969361,106.19000244140624,3.1471642440095815,134.4722900390625,-0.788108950551758,4395.259765625,-0.540604805147693,18.239999771118164,3.050841722613762,-0.540604805147693,18.239999771118164,2021-07-30,2021,3,7
2021-08-02,273.3407592773437,-0.03163065043512159,141.84588623046875,-0.23310393559291542,19.681922912597656,1.2872387060120838,44.12442779541016,-0.1483493939428593,82.17493438720703,0.5278751945418714,236.7638702392578,-0.44227681545807584,618.75,-0.4632988852195763,108.62999725341795,2.2977632130275705,133.62844848632812,-0.6275207721153975,4387.16015625,-0.1842805614891363,19.459999084472656,6.68859281065497,-0.1842805614891363,19.459999084472656,2021-08-02,2021,3,8
2021-08-03,275.5481262207031,0.8075513323352324,143.63943481445312,1.264434684464688,19.7466983795166,0.3291114755737956,44.31652069091797,0.43534365227007044,84.18241119384766,2.442930829955303,237.0292816162109,0.11209961075770991,621.280029296875,0.4088936237373719,112.55999755859376,3.6177855146287907,132.8115997314453,-0.6112835733226296,4423.14990234375,0.82034265474622,18.040000915527344,-7.297010461209863,0.82034265474622,18.040000915527344,2021-08-03,2021,3,8
2021-08-04,274.96270751953125,-0.21245606319346688,143.2397918701172,-0.2782264806681978,20.204120635986328,2.316449300426915,44.408477783203125,0.20750070369131013,84.47322845458984,0.34546083512922987,240.0175628662109,1.2607224008882145,625.6799926757812,0.7082093695955249,118.7699966430664,5.517056875592052,133.05393981933594,0.18246906774759264,4402.66015625,-0.4632387901412294,17.969999313354492,-0.3880354690702914,-0.4632387901412294,17.969999313354492,2021-08-04,2021,3,8
2021-08-05,277.85137939453125,1.0505686029422145,143.34701538085938,0.07485595262481937,20.565866470336918,1.7904557237015783,44.39663696289063,-0.026663423074979598,83.89161682128906,-0.6885159285861087,246.2988739013672,2.617021421327226,632.0800170898438,1.0228910128150526,112.3499984741211,-5.405404016503446,131.80618286132812,-0.9377827967379626,4429.10009765625,0.6005446813494242,17.280000686645508,-3.839725392733928,0.6005446813494242,17.280000686645508,2021-08-05,2021,3,8
2021-08-06,277.7937927246094,-0.020725709567237516,142.66366577148438,-0.4767100365217991,20.295799255371094,-1.3131817973988769,44.19271087646485,-0.45932777880504094,83.97602844238281,0.10061985248606131,246.32839965820312,0.01198777581410404,631.3800048828125,-0.11074740350979217,110.11000061035156,-1.9937675960765566,131.31248474121094,-0.37456370361366176,4436.52001953125,0.1675266241764728,16.149999618530273,-6.539357773223542,0.1675266241764728,16.149999618530273,2021-08-06,2021,3,8
2021-08-09,276.70947265625,-0.390332720441422,142.61483764648438,-0.0342260411829165,20.22504425048828,-0.3486189629318903,44.12442779541016,-0.15451208966466012,84.33251190185547,0.42450621455294435,245.0800323486328,-0.5067898428693152,629.219970703125,-0.34211317478899383,107.58000183105467,-2.2977011763444133,131.88697814941406,0.4375009804553853,4432.35009765625,-0.09399082741974318,16.719999313354492,3.5294099584386895,-0.09399082741974318,16.719999313354492,2021-08-09,2021,3,8
2021-08-10,274.8954467773437,-0.6555705742534612,142.13650512695312,-0.335401650645184,19.86728286743164,-1.7689028445413868,43.90412521362305,-0.4992757816794424,84.08861541748047,-0.2892081344130215,239.25082397460935,-2.3784917596759825,621.739990234375,-1.1887703532981408,106.4800033569336,-1.0224934517555906,130.94439697265625,-0.7146885841071926,4436.75,0.09926793341701323,16.790000915527344,0.4186698866484928,0.09926793341701323,16.790000915527344,2021-08-10,2021,3,8
2021-08-11,275.385009765625,0.17809061372988655,142.3903350830078,0.1785818188142274,19.63109397888184,-1.1888333705510568,44.02155685424805,0.2674729084194638,84.07923889160156,-0.011150767356982172,238.15972900390625,-0.45604648401080805,626.030029296875,0.6900053285751717,107.68000030517578,1.1269692997845304,131.67152404785156,0.5552945311185331,4442.41015625,0.12757437876824707,16.170000076293945,-3.6926790078970373,0.12757437876824707,16.170000076293945,2021-08-11,2021,3,8
2021-08-12,278.12969970703125,0.9966736910415719,145.34825134277344,2.0773293763521883,19.836387634277344,1.0457575905670202,44.08619689941406,0.14683725380280066,84.24807739257812,0.20080878847421602,244.16580200195312,2.5218675815458225,634.3499755859375,1.3290011500577847,106.5,-1.0958398048212747,132.09339904785156,0.3203995723833897,4460.830078125,0.4146380281677686,15.59000015258789,-3.5868888124271803,0.4146380281677686,15.59000015258789,2021-08-12,2021,3,8
2021-08-13,281.04718017578125,1.0489640163647174,145.55323791503906,0.14103133018243952,20.118412017822266,1.4217527341398695,44.25917053222656,0.3923532646899819,84.78276824951172,0.6346623845693733,247.28192138671875,1.2762308886896,637.3099975585938,0.4666228559277785,110.5500030517578,3.802819766908727,133.4309844970703,1.0126058219867673,4468.0,0.1607306655808216,15.449999809265137,-0.8980137392719301,0.1607306655808216,15.449999809265137,2021-08-13,2021,3,8
2021-08-16,282.7266845703125,0.5975880610084028,147.52517700195312,1.3547888835458988,19.88122940063477,-1.1789330936128772,44.43942260742188,0.4072649194003075,85.19552612304688,0.4868417038712769,244.96202087402344,-0.9381601775356962,636.9400024414062,-0.05805575286829123,107.4800033569336,-2.777023618341179,132.9732208251953,-0.34307149392655,4479.7099609375,0.2620850702215849,16.1200008392334,4.336576299285588,0.2620850702215849,16.1200008392334,2021-08-16,2021,3,8
2021-08-17,281.2679138183594,-0.515965004919916,146.61732482910156,-0.61538795702617,19.390928268432617,-2.466150972467007,43.57912063598633,-1.9358981754454052,85.3174819946289,0.1431482110995974,242.78961181640625,-0.8868350489051546,635.010009765625,-0.3030101215787284,107.55999755859376,0.07442705541653716,129.6337890625,-2.5113566039626,4448.080078125,-0.706069881494753,17.90999984741211,11.104211631442041,-0.706069881494753,17.90999984741211,2021-08-17,2021,3,8
2021-08-18,279.5467834472656,-0.6119184900006958,142.87844848632812,-2.5500917760786446,18.9743709564209,-2.148207173195782,42.69422149658203,-2.030557584664927,83.4319839477539,-2.2099785446008546,246.94769287109372,1.7126272510504803,626.77001953125,-1.2976158025314155,103.44000244140624,-3.8304157778947023,127.6319351196289,-1.5442377773174143,4400.27001953125,-1.0748470745585936,21.56999969482422,20.435510209906326,-1.0748470745585936,21.56999969482422,2021-08-18,2021,3,8
2021-08-19,285.3544006347656,2.0775117194634207,143.21034240722656,0.23229110087250593,19.729759216308597,3.9810977745856624,43.10935592651367,0.972343364932593,83.21620178222656,-0.2586324276580454,248.7662353515625,0.7364079653167988,637.6599731445312,1.7374720031161806,103.6999969482422,0.2513481251928962,126.22262573242188,-1.1041980879519575,4405.7998046875,0.12566922329095842,21.670000076293945,0.4636086364605774,0.12566922329095842,21.670000076293945,2021-08-19,2021,3,8
2021-08-20,292.6524963378906,2.557554986672894,144.6649169921875,1.015691018198095,20.744253158569336,5.141947912989009,43.25865173339844,0.34631880638453794,83.4319839477539,0.2593030694816312,251.7741851806641,1.2091471436429746,647.3400268554688,1.5180588587365262,104.6500015258789,0.9161085878439001,127.55115509033205,1.0525286969758518,4441.669921875,0.8141567655737925,18.559999465942383,-14.35164097555205,0.8141567655737925,18.559999465942383,2021-08-20,2021,3,8
2021-08-23,292.9312744140625,0.09525908019250018,146.1487579345703,1.025708909412315,21.882312774658203,5.4861440775405335,43.9214096069336,1.532081669164631,83.6008071899414,0.20234834915733302,256.0895080566406,1.713965581054322,656.8599853515625,1.4706271976318464,108.7699966430664,3.9369279093308673,129.3914337158203,1.442776918942812,4479.52978515625,0.8523790364248329,17.149999618530273,-7.596982155088206,0.8523790364248329,17.149999618530273,2021-08-23,2021,3,8
2021-08-24,290.9793701171875,-0.6663352353821872,146.06089782714844,-0.06011690325907759,21.717878341674805,-0.7514490569471621,43.82857131958008,-0.21137365167548383,83.06610107421875,-0.6395944413644217,255.244140625,-0.33010623436148245,657.239990234375,0.05785173268075816,107.6500015258789,-1.0296912308113915,129.67872619628906,0.22203361707833214,4486.22998046875,0.14957363013194946,17.219999313354492,0.40816149493430043,0.14957363013194946,17.219999313354492,2021-08-24,2021,3,8
2021-08-25,290.3928527832031,-0.2015666381256387,144.8308563232422,-0.8421429158691818,22.13643264770508,1.9272338644015008,44.0088119506836,0.41124003287553723,83.13175964355469,0.07904375971283795,256.4138488769531,0.45827036385202025,656.7999877929688,-0.06694699773964752,108.3000030517578,0.6038100479939468,129.14906311035156,-0.40844254217593523,4496.18994140625,0.2220118224179668,16.790000915527344,-2.4970871949668183,0.2220118224179668,16.790000915527344,2021-08-25,2021,3,8
2021-08-26,287.58514404296875,-0.9668656488355465,144.0303497314453,-0.5527182619222137,21.991928100585938,-0.6527905802117817,44.2209358215332,0.48200317492621547,83.22557830810547,0.11285538156902142,263.23590087890625,2.6605630046241613,652.3900146484375,-0.6714331952639041,107.2699966430664,-0.9510677559253056,127.81150817871094,-1.0356675452594999,4470.0,-0.5824918819612557,18.84000015258789,12.209643390577263,-0.5824918819612557,18.84000015258789,2021-08-26,2021,3,8
2021-08-27,288.1910095214844,0.2106734270060473,145.06512451171875,0.7184421770847882,22.557973861694336,2.573879645838417,45.1495246887207,2.099885156060699,83.81656646728516,0.7101039983066437,261.9972839355469,-0.47053496093193425,658.52001953125,0.9396227325943807,111.4000015258789,3.850102556220647,130.02882385253906,1.7348325713579582,4509.3701171875,0.8807632480425154,16.389999389648438,-13.004250228750225,0.8807632480425154,16.389999389648438,2021-08-27,2021,3,8
2021-08-30,291.9120483398437,1.2911710273466825,149.4776153564453,3.0417309877744714,22.60979461669922,0.22972255984781143,45.4180793762207,0.5948117712235579,83.91036987304688,0.1119151138198049,260.4638366699219,-0.5852912834021007,665.989990234375,1.134357419906884,111.31999969482422,-0.07181492814980484,131.00726318359375,0.7524787982119197,4528.7900390625,0.4306570844779589,16.190000534057617,-1.2202493168921968,0.4306570844779589,16.190000534057617,2021-08-30,2021,3,8
2021-08-31,290.2678527832031,-0.563250323510589,148.2183074951172,-0.8424725389986842,22.311769485473636,-1.3181240089879753,45.2651481628418,-0.3367188033472357,83.61018371582031,-0.35774619713956346,260.7587280273437,0.11321777379618148,663.7000122070312,-0.34384571253659457,110.72000122070312,-0.5389853357581242,131.68052673339844,0.5139131475948577,4522.68017578125,-0.13491160395050494,16.479999542236328,1.791222968576589,-0.13491160395050494,16.479999542236328,2021-08-31,2021,3,8
2021-09-01,290.21978759765625,-0.01655890760413614,148.8821563720703,0.4478858841206135,22.367589950561523,0.25018394495439633,44.89643478393555,-0.8145635082863367,84.37939453125,0.9199965617156636,263.7568664550781,1.149774908941903,665.8900146484375,0.3299687209773694,109.98999786376952,-0.6593238338920004,132.07730102539062,0.30131584512529397,4524.08984375,0.03116886257619189,16.110000610351562,-2.245139212149261,0.03116886257619189,16.110000610351562,2021-09-01,2021,3,9
2021-09-02,289.56597900390625,-0.22528050177488268,149.99501037597656,0.7474730558879816,22.322738647460938,-0.2005191582987731,44.781734466552734,-0.25547756282833234,84.23868560791016,-0.16675744608208865,259.6578369140625,-1.5540939639248186,664.6400146484375,-0.18771868814700943,109.1999969482422,-0.7182479596970159,130.87783813476562,-0.9081521815731297,4536.9501953125,0.2842638410522902,16.40999984741211,1.8621925865588196,0.2842638410522902,16.40999984741211,2021-09-02,2021,3,9
2021-09-03,289.55633544921875,-0.003330347964447533,150.62954711914062,0.4230385674653725,22.768274307250977,1.9958826147020048,45.30793380737305,1.175031175296093,84.42631530761719,0.22273578742710853,262.5379638671875,1.1092008573106327,666.5900268554688,0.29339374158245946,109.91999816894533,0.6593417956269665,130.4359588623047,-0.3376272704061156,4535.43017578125,-0.03350311257153127,16.40999984741211,0.0,-0.03350311257153127,16.40999984741211,2021-09-03,2021,3,9
2021-09-07,288.6332397460937,-0.3187965829492101,152.96270751953125,1.5489393980220978,22.587867736816406,-0.792359438401169,45.20870208740234,-0.21901621113996628,83.22557830810547,-1.4222307288156433,260.69976806640625,-0.7001638062947513,661.3900146484375,-0.7800915101537687,109.1500015258789,-0.7005064191166976,129.64230346679688,-0.6084636494646634,4520.02978515625,-0.3395574405981705,18.13999938964844,10.542349532740293,-0.3395574405981705,18.13999938964844,2021-09-07,2021,3,9
2021-09-08,288.662109375,0.010002184409430015,151.42030334472656,-1.0083530814906316,22.26592254638672,-1.425301379399091,45.007511138916016,-0.44502703947871813,83.92913818359375,0.8453649584550416,258.1537780761719,-0.9765984868792987,663.219970703125,0.2766833508456079,106.16999816894533,-2.730190852289671,128.53305053710938,-0.8556257487137287,4514.06982421875,-0.1318566739775151,17.959999084472656,-0.9922839648963899,-0.1318566739775151,17.959999084472656,2021-09-08,2021,3,9
2021-09-09,285.8160095214844,-0.9859623972394149,150.405029296875,-0.6705006035684469,22.104455947875977,-0.7251736287789412,44.92647552490234,-0.1800490895032203,83.99480438232422,0.0782400488693602,256.3057861328125,-0.715849272914415,661.6799926757812,-0.23219717369353798,106.1500015258789,-0.01883455157887237,127.6852798461914,-0.6595740841560449,4493.27978515625,-0.4605608657393345,18.799999237060547,4.677061221646239,-0.4605608657393345,18.799999237060547,2021-09-09,2021,3,9
2021-09-10,284.3351745605469,-0.5181077726949979,145.42636108398438,-3.3101740255397583,22.40447235107422,1.3572666249090481,45.3507194519043,0.9443071641949796,84.12612915039062,0.15634868017389003,252.82598876953125,-1.3576741343943266,658.9400024414062,-0.414095977618234,105.1999969482422,-0.8949642618752973,128.6773223876953,0.7769435464282992,4458.580078125,-0.7722578759925436,20.950000762939453,11.43617879324481,-0.7722578759925436,20.950000762939453,2021-09-10,2021,3,9
2021-09-13,285.56597900390625,0.4328709753415705,145.99252319335938,0.3893118862047462,22.07953453063965,-1.4503256998997793,45.424461364746094,0.16260362290394514,83.38505554199219,-0.880907770133621,249.78854370117188,-1.2013974841519226,645.1500244140625,-2.092751688507477,104.8000030517578,-0.38022234609113026,129.335693359375,0.5116449110559307,4468.72998046875,0.22764876184568905,19.3700008392334,-7.541765470963968,0.22764876184568905,19.3700008392334,2021-09-13,2021,3,9
2021-09-14,288.2583312988281,0.9428126922937929,144.59658813476562,-0.9561688695145731,22.16924095153809,0.40628764512202764,45.68938827514648,0.5832252104721602,81.03988647460938,-2.8124572828302496,250.0441131591797,0.10231432323555278,645.010009765625,-0.021702649482913117,105.7300033569336,0.8874048455098649,127.2884750366211,-1.5828718813649223,4443.0498046875,-0.574663850657553,19.459999084472656,0.46462695580771207,-0.574663850657553,19.459999084472656,2021-09-14,2021,3,9
2021-09-15,293.0947570800781,1.6778095396091874,145.4849395751953,0.614365423063612,22.267915725708008,0.4450976665625106,46.40584182739258,1.5680961800835336,82.29688262939453,1.5510833115233824,251.8036956787109,0.7037088365327904,661.0800170898438,2.491435339128767,105.5999984741211,-0.12295931020981365,124.673095703125,-2.0546866735135616,4480.7001953125,0.8473996979569742,18.18000030517578,-6.577589103373594,0.8473996979569742,18.18000030517578,2021-09-15,2021,3,9
2021-09-16,293.4794006347656,0.13123522185094494,145.25064086914062,-0.16104670816018407,22.16924095153809,-0.44312532607621025,46.188270568847656,-0.46884454624093186,81.84662628173828,-0.5471122760310143,255.93223571777344,1.6395867534566788,665.1099853515625,0.6096037026590562,106.22000122070312,0.587123821534874,124.81737518310548,0.11572623521280967,4473.75,-0.15511404489350067,18.690000534057617,2.80528173993837,-0.15511404489350067,18.690000534057617,2021-09-16,2021,3,9
2021-09-17,288.3351745605469,-1.7528405956575899,142.5855255126953,-1.834838965596286,21.82835960388184,-1.537632020877111,46.065372467041016,-0.2660807609660365,81.03988647460938,-0.9856726462394327,256.09930419921875,0.06527840503434135,654.47998046875,-1.5982326407554592,103.87999725341795,-2.2029786672880247,120.48844146728516,-3.468214028271177,4432.990234375,-0.9110872450405094,20.809999465942383,11.342958112931157,-0.9110872450405094,20.809999465942383,2021-09-17,2021,3,9
2021-09-20,282.9794616699219,-1.8574608175321194,139.539794921875,-2.136072774476072,21.043933868408203,-3.593608267907311,45.04755783081055,-2.2095005027012338,80.83350372314453,-0.2546681152243546,253.82862854003903,-0.8866387459660396,641.2899780273438,-2.015340856103698,101.5500030517578,-2.242967138299079,119.73087310791016,-0.6287477455509283,4357.72998046875,-1.697731100841482,25.709999084472656,23.54637070774368,-1.697731100841482,25.709999084472656,2021-09-20,2021,3,9
2021-09-21,283.460205078125,0.16988632509447044,140.01815795898438,0.3428147772305268,21.176502227783203,0.6299599694808755,45.02647018432617,-0.04681196384402897,81.53707122802734,0.8703909548354316,253.58290100097656,-0.09680844137867073,645.8900146484375,0.7173099188675591,102.81999969482422,1.2506121170859252,118.81999206542967,-0.7607737410045723,4354.18994140625,-0.08123585165593639,24.36000061035156,-5.250869397877256,-0.08123585165593639,24.36000061035156,2021-09-21,2021,3,9
2021-09-22,287.0948791503906,1.2822519729934756,142.38059997558594,1.6872397487857294,21.869224548339844,3.27118384851961,45.906837463378906,1.955221618414127,82.9629135131836,1.7487043177804695,254.7624664306641,0.4651596874361008,626.0800170898438,-3.0670852791208514,104.37999725341795,1.5172121797548233,119.9563217163086,0.9563455030809909,4395.64013671875,0.9519611195260236,20.8700008392334,-14.326763890289552,0.9519611195260236,20.8700008392334,2021-09-22,2021,3,9
2021-09-23,288.0371398925781,0.328205346252064,143.3372802734375,0.6719175913120212,22.40845489501953,2.465704010161729,46.247066497802734,0.741129324570089,83.88223266601562,1.1081085679156333,273.1346740722656,7.211504857447948,630.8400268554688,0.7602877644539152,106.1500015258789,1.695731288595126,120.76802825927734,0.6766684167662351,4448.97998046875,1.2134715784494876,18.6299991607666,-10.733117337761822,1.2134715784494876,18.6299991607666,2021-09-23,2021,3,9
2021-09-24,287.83514404296875,-0.07012840416507071,143.4250946044922,0.061264125346283116,22.00876808166504,-1.783642893840598,46.303932189941406,0.12296064690151542,84.37003326416016,0.5815302986590165,280.77252197265625,2.796367003322997,622.7100219726562,-1.2887585658345024,105.8000030517578,-0.329720649166243,120.74097442626952,-0.02240148605369141,4455.47998046875,0.1461009046688222,17.75,-4.723559851896364,0.1461009046688222,17.75,2021-09-24,2021,3,9
2021-09-27,282.8544311523437,-1.7304047103718245,141.91195678710938,-1.0550021400058562,21.58914566040039,-1.9066147623874707,46.29750442504883,-0.013881682588445798,85.40191650390625,1.2230447231368347,274.9237060546875,-2.083115497512378,603.6500244140625,-3.0608143254567177,108.16000366210938,2.2306243310759255,120.3802261352539,-0.29877868116420236,4443.10986328125,-0.27763826213396126,18.76000022888184,5.690142134545573,-0.27763826213396126,18.76000022888184,2021-09-27,2021,3,9
2021-09-28,272.6141662597656,-3.620330376603764,138.53428649902344,-2.380116774200347,20.631288528442383,-4.436753297352314,45.02921676635742,-2.7394298557595897,84.8859634399414,-0.6041469384838072,267.6495361328125,-2.6458867539156605,578.77001953125,-4.121594280885265,101.5199966430664,-6.139059536079783,117.15157318115234,-2.682045928767396,4352.6298828125,-2.0364110556098214,23.25,23.933900406917964,-2.0364110556098214,23.25,2021-09-28,2021,3,9
2021-09-29,273.0756225585937,0.16927084353655086,139.4324188232422,0.6483104990944399,20.44988441467285,-0.8792670100049582,44.88798904418945,-0.31363575098530827,85.59889221191406,0.8398665021656537,265.8998107910156,-0.6537374833814891,577.7000122070312,-0.18487607998171063,100.3499984741211,-1.1524805039729302,116.5924072265625,-0.4773012768041984,4359.4599609375,0.15691842194003325,22.559999465942383,-2.9677442325058756,0.15691842194003325,22.559999465942383,2021-09-29,2021,3,9
2021-09-30,271.0756530761719,-0.7323866787093736,138.13404846191406,-0.9311825558832698,20.64823341369629,0.9699272377359902,44.47072982788086,-0.9295564920447363,81.73405456542969,-4.515055681931413,266.6075744628906,0.2661768241840834,575.719970703125,-0.34274562265314,102.9000015258789,2.541109208302994,116.32183074951172,-0.23207040963224568,4307.5400390625,-1.1909714125195148,23.13999938964844,2.570921708494067,-1.1909714125195148,23.13999938964844,2021-09-30,2021,3,9
2021-10-01,277.9794921875,2.546831127393112,139.25669860839844,0.8127251455993578,20.67414665222168,0.1254985741695469,44.692665100097656,0.49905920832820083,84.18241119384766,2.9955159344970506,270.578857421875,1.4895611900693106,577.469970703125,0.3039672217489242,102.4499969482422,-0.4373222263981513,116.0783462524414,-0.20931969132658157,4357.0400390625,1.149147763018199,21.100000381469727,-8.815899144281303,1.149147763018199,21.100000381469727,2021-10-01,2021,4,10
2021-10-04,272.2198791503906,-2.0719560971154127,135.83018493652344,-2.4605736787647436,19.667455673217773,-4.869323004902482,43.647220611572266,-2.3391858287795553,83.73213195800781,-0.5348851731069804,266.2536926269531,-1.5984858669789825,558.489990234375,-3.286747611419527,100.33999633789062,-2.0595418967338297,114.24758911132812,-1.5771736936463943,4300.4599609375,-1.2985898136748442,22.959999084472656,8.815159570501251,-1.2985898136748442,22.959999084472656,2021-10-04,2021,4,10
2021-10-05,277.65252685546875,1.9956836811601208,137.7533416748047,1.4158537288158524,20.38409996032715,3.643807816408451,44.51566696166992,1.9896945050090986,85.82404327392578,2.498337576030041,267.1482238769531,0.3359695188352996,566.7000122070312,1.4700392336863377,101.80999755859376,1.4650202056545547,115.0141372680664,0.6709534640519488,4345.72021484375,1.0524514660609219,21.299999237060547,-7.229964780507025,1.0524514660609219,21.299999237060547,2021-10-05,2021,4,10
2021-10-06,281.8351745605469,1.50643242921229,138.6221466064453,0.6306960840860132,20.632287979125977,1.217556915840623,44.82379913330078,0.69218815006451,85.68331909179688,-0.16396825034187268,270.5887145996094,1.2878583554577272,570.3099975585938,0.6370187530971183,103.63999938964844,1.7974677093980596,115.49212646484376,0.4155916899705181,4363.5498046875,0.41027928541854664,21.0,-1.4084471727988102,0.41027928541854664,21.0,2021-10-06,2021,4,10
2021-10-07,283.50830078125,0.5936541538194895,139.88148498535156,0.9084683867156995,21.00605773925781,1.8115768862376314,45.29515838623047,1.0515825566858261,86.59324645996094,1.0619655935470984,269.9104309082031,-0.25066961584481184,578.9600219726562,1.5167232647318007,106.4499969482422,2.7113060354518215,115.2937240600586,-0.1717886845260974,4399.759765625,0.8298280656405366,19.540000915527344,-6.952376592726939,0.8298280656405366,19.540000915527344,2021-10-07,2021,4,10
2021-10-08,283.50830078125,0.0,139.500732421875,-0.2721965408906235,20.762853622436523,-1.1577808641683673,45.19704055786133,-0.2166187995911062,88.85244750976562,2.60898065630244,267.8461303710937,-0.7648094703725961,576.8599853515625,-0.36272567040784853,105.05999755859376,-1.3057768243283974,114.13034057617188,-1.0090605480665094,4391.33984375,-0.19137230947889883,18.770000457763672,-3.9406367537669684,-0.19137230947889883,18.770000457763672,2021-10-08,2021,4,10
2021-10-11,282.9122314453125,-0.21024757804090077,139.4129180908203,-0.0629490107543873,20.62729835510254,-0.6528739729085298,45.1502799987793,-0.10345933827717868,89.69965362548828,0.9534977813971279,269.0945739746094,0.4661047750758929,573.0700073242188,-0.6570013735714308,104.68000030517578,-0.3616954713958065,112.67833709716795,-1.2722326698349162,4361.18994140625,-0.6865763848056816,20.0,6.553007523916032,-0.6865763848056816,20.0,2021-10-11,2021,4,10
2021-10-12,281.6141052246094,-0.4588441489685291,138.14381408691406,-0.9103202352306328,20.60337829589844,-0.11596312222914573,44.50283050537109,-1.43398777023247,89.9632339477539,0.2938476478026475,274.2552490234375,1.9177923109349182,580.6900024414062,1.3296796237455943,105.04000091552734,0.34390581706347234,110.88361358642578,-1.5927848750505569,4350.64990234375,-0.24167805585421087,19.850000381469727,-0.7499980926513716,-0.24167805585421087,19.850000381469727,2021-10-12,2021,4,10
2021-10-13,284.912109375,1.171107586305098,137.55810546875,-0.42398468728795935,20.87050437927246,1.2965159380061264,44.478065490722656,-0.05564817870503669,90.7445297241211,0.8684611947375354,279.5732421875,1.9390670490350592,591.1199951171875,1.7961378070795453,109.16000366210938,3.9223178890633426,112.76852416992188,1.6999000325931268,4363.7998046875,0.302251448379387,18.63999938964844,-6.095722763566491,0.302251448379387,18.63999938964844,2021-10-13,2021,4,10
2021-10-14,291.1044311523437,2.1734147386460734,140.34030151367188,2.022560601166412,21.67486572265625,3.8540579986300783,45.63264465332031,2.59583943199706,89.69024658203125,-1.1618145416534165,285.0878295898437,1.9725018600475597,607.510009765625,2.7727051671104785,111.98999786376952,2.5925193355801124,116.03324127197266,2.895060590782794,4438.259765625,1.7063101945583359,16.860000610351562,-9.549349987025135,1.7063101945583359,16.860000610351562,2021-10-14,2021,4,10
2021-10-15,292.5082397460937,0.4822353916747346,141.39459228515625,0.7512387818132682,21.79048156738281,0.533409739215629,46.15077972412109,1.1354482623944895,89.73731231689453,0.05247586739571819,286.699951171875,0.5654824284679894,610.0900268554688,0.4246871736054425,112.12000274658205,0.11608615527494148,117.42211151123048,1.1969589266255465,4471.3701171875,0.7460210377712606,16.299999237060547,-3.3214789621489715,0.7460210377712606,16.299999237060547,2021-10-15,2021,4,10
2021-10-18,295.4697570800781,1.0124560376675529,143.0639190673828,1.18061571892365,22.14930534362793,1.6466996157727287,46.16086959838867,0.02186284679890349,90.84810638427734,1.2378285450094673,286.7392883300781,0.013720671399597428,622.8300170898438,2.088214800041821,116.43000030517578,3.844093340182453,117.34996032714844,-0.06144599441575416,4486.4599609375,0.337476955709759,16.309999465942383,0.06135110030618396,0.337476955709759,16.309999465942383,2021-10-18,2021,4,10
2021-10-19,296.3735656738281,0.30588869828225285,145.22134399414062,1.5080146977811237,22.217084884643555,0.30601203949325306,46.80555725097656,1.3966107185519716,91.36580657958984,0.5698524888594569,287.36834716796875,0.2193835527576793,636.0700073242188,2.125779084354096,116.33000183105467,-0.08588720592545007,119.49637603759766,1.8290723784357699,4519.6298828125,0.7393339551406308,15.699999809265137,-3.7400348047283094,0.7393339551406308,15.699999809265137,2021-10-19,2021,4,10
2021-10-20,295.585205078125,-0.26600233185801736,145.70945739746094,0.33611684749317305,22.03069877624512,-0.8389314321217034,46.71385955810547,-0.195911977672647,90.97044372558594,-0.4327251833096901,285.1566467285156,-0.7696395449427684,632.3699951171875,-0.5816988954716273,116.38999938964844,0.05157530959287726,119.1897430419922,-0.2566044308397908,4536.18994140625,0.36640298040166996,15.489999771118164,-1.3375798770586256,0.36640298040166996,15.489999771118164,2021-10-20,2021,4,10
2021-10-21,298.8063049316406,1.0897364949860266,145.92417907714844,0.14736289841625894,22.61776733398437,2.664775020083643,47.150367736816406,0.9344297021058212,90.650390625,-0.35182097336073914,284.8814392089844,-0.09651099586440726,638.6599731445312,0.9946673744661405,119.33000183105467,2.5259923161986997,119.9923858642578,0.6734160186777194,4549.77978515625,0.2995871849622578,15.010000228881836,-3.098770492762115,0.2995871849622578,15.010000228881836,2021-10-21,2021,4,10
2021-10-22,297.2678527832031,-0.5148660262672355,145.15301513671875,-0.5284689249627217,22.651660919189453,0.1498538061011745,47.26591491699219,0.2450610371073747,92.48600006103516,2.0249327370564174,287.58465576171875,0.9488917776602879,643.5800170898438,0.7703698606768672,119.81999969482422,0.4106241986514547,118.7027359008789,-1.0747764986003494,4544.89990234375,-0.10725536274130976,15.43000030517578,2.798135042568428,-0.10725536274130976,15.43000030517578,2021-10-22,2021,4,10
2021-10-25,296.2774658203125,-0.33316315693675547,145.10418701171875,-0.033639070434743346,23.090219497680664,1.9360989909560367,47.87667465209961,1.292177959910501,92.14713287353516,-0.36639836005056825,288.92156982421875,0.4648767017694233,646.969970703125,0.5267338207003425,122.36000061035156,2.1198472058058693,118.98231506347656,0.2355288279379808,4566.47998046875,0.4748196569493546,15.239999771118164,-1.2313709027852893,0.4748196569493546,15.239999771118164,2021-10-25,2021,4,10
2021-10-26,298.18133544921875,0.6425968386204906,145.76805114746094,0.4575086008294038,24.63614654541016,6.695159601600054,48.95880508422852,2.2602455997462467,91.29049682617188,-0.9296393937063163,290.0913391113281,0.40487433590405963,642.5,-0.6909085282995497,122.93000030517578,0.46583825758497177,118.99132537841795,0.007572818646695012,4574.7900390625,0.18197952535197182,15.979999542236328,4.855641615694517,0.18197952535197182,15.979999542236328,2021-10-26,2021,4,10
2021-10-27,310.7388916015625,4.211382356788174,145.3092498779297,-0.3147474813031015,24.37101936340332,-1.0761714764041863,47.972049713134766,-2.0154809117505,90.39624786376952,-0.9795641315274217,290.13055419921875,0.013518186379068986,640.0800170898438,-0.37665103660019517,122.27999877929688,-0.5287574426627084,118.32396697998048,-0.5608462602758046,4551.68017578125,-0.5051568068462853,16.979999542236328,6.25782245710913,-0.5051568068462853,16.979999542236328,2021-10-27,2021,4,10
2021-10-28,311.8735656738281,0.36515354303334746,148.94070434570312,2.4991213366142295,24.859413146972656,2.0039940729879024,48.5644645690918,1.2349167056641797,90.58450317382812,0.20825566824667074,293.3056640625,1.09437279780642,639.280029296875,-0.12498246650566314,121.16000366210938,-0.9159266669678146,120.569580078125,1.8978514289708093,4596.419921875,0.9829281576461124,16.530000686645508,-2.6501700101433157,0.9829281576461124,16.530000686645508,2021-10-28,2021,4,10
2021-10-29,318.86383056640625,2.2413778088165692,146.23660278320312,-1.8155557773001818,25.483362197875977,2.509910621036937,48.75704193115234,0.39653965871808694,90.3115234375,-0.30135368276436036,294.59344482421875,0.4390575837786459,650.3599853515625,1.7331928962138976,120.2300033569336,-0.7675802881034643,119.9833984375,-0.48617706078529777,4605.3798828125,0.1949334719149265,16.260000228881836,-1.6333965308410692,0.1949334719149265,16.260000228881836,2021-10-29,2021,4,10
2021-11-01,316.700439453125,-0.6784686458286449,145.41661071777344,-0.5607297009253775,25.742515563964844,1.0169512330302721,48.42507553100586,-0.6808583683465264,88.84303283691406,-1.626027936071972,297.6112060546875,1.0243816634377012,640.2000122070312,-1.562207603999366,125.2300033569336,4.158695716872107,121.57966613769533,1.330407140473544,4613.669921875,0.18000771431341267,16.40999984741211,0.9225068660444258,0.18000771431341267,16.40999984741211,2021-11-01,2021,4,11
2021-11-02,320.3158874511719,1.1415986679052192,146.45140075683594,0.7116037390465957,26.31463623046875,2.2224738102315733,49.25226211547852,1.7081782018967262,90.24563598632812,1.578742985945536,297.7979736328125,0.06275555971191338,640.4000244140625,0.031242143582876913,127.62999725341795,1.9164687631955335,121.9584503173828,0.31155224530594605,4630.64990234375,0.36803630854131963,16.030000686645508,-2.3156560895795986,0.36803630854131963,16.030000686645508,2021-11-02,2021,4,11
2021-11-03,321.1524353027344,0.26116339661423904,147.8864288330078,0.9798664053439543,26.5109920501709,0.7461848151060435,49.73829650878906,0.9868265383851105,90.50920867919922,0.29206142766950993,297.73895263671875,-0.01981913959110404,655.1799926757812,2.307927498166751,130.52999877929688,2.272194302504582,124.88951110839844,2.4033273490995377,4660.56982421875,0.6461279195357994,15.100000381469728,-5.80162361409352,0.6461279195357994,15.100000381469728,2021-11-03,2021,4,11
2021-11-04,323.49853515625,0.7305253193250927,147.36900329589844,-0.3498803380353799,29.703516006469727,12.042265148950726,50.31145477294922,1.152347998204717,90.01972198486328,-0.5408142458419585,302.8014221191406,1.7003047258645987,674.0800170898438,2.8847071988376882,137.5,5.339769620689383,140.789306640625,12.731089577591725,4680.06005859375,0.4181942361150437,15.4399995803833,2.2516502670477445,0.4181942361150437,15.4399995803833,2021-11-04,2021,4,11
2021-11-05,323.133056640625,-0.11297686879739866,147.8969268798828,0.3582324452072072,29.65467834472656,-0.16441710716176283,51.25602722167969,1.8774500816826523,89.37960052490234,-0.7110902431675781,302.0248107910156,-0.256475455990246,662.719970703125,-1.6852667485623862,136.33999633789062,-0.8436390269886407,147.03013610839844,4.432743946742779,4697.52978515625,0.3732799652949259,16.479999542236328,6.735751231330078,0.3732799652949259,16.479999542236328,2021-11-05,2021,4,11
2021-11-08,324.0272521972656,0.2767267347812963,147.07571411132812,-0.5552601976791971,30.70323371887207,3.5358851711570605,51.25878143310547,0.005373439135003544,89.55845642089844,0.20010818458096047,304.6886901855469,0.8820068084984367,666.02001953125,0.49795524112903333,150.16000366210938,10.136429291056093,149.57339477539062,1.7297533242553564,4701.7001953125,0.08877879113036169,17.219999313354492,4.490289998016261,0.08877879113036169,17.219999313354492,2021-11-08,2021,4,11
2021-11-09,323.0273742675781,-0.30857834423099195,147.43746948242188,0.2459654017521462,30.556713104248047,-0.47721557919797597,51.15331268310547,-0.2057574274129781,89.04072570800781,-0.5780924924134956,304.4429931640625,-0.08063870744094981,667.9199829101562,0.2852712115535949,148.9199981689453,-0.8257894665175458,150.37608337402344,0.5366519893716282,4685.25,-0.3498775895770745,17.780000686645508,3.2520406249768152,-0.3498775895770745,17.780000686645508,2021-11-09,2021,4,11
2021-11-10,318.0754089355469,-1.5329862811965023,144.61207580566406,-1.9163335390090075,29.36263084411621,-3.9077575394253827,50.32521057128906,-1.6188631163469247,88.32530212402344,-0.8034790578082984,294.57379150390625,-3.241724027735393,647.5,-3.057249885111313,139.8699951171875,-6.077090493575521,144.11712646484375,-4.1622023720434775,4646.7099609375,-0.8225823395229703,18.729999542236328,5.343075471894454,-0.8225823395229703,18.729999542236328,2021-11-10,2021,4,11
2021-11-11,319.6427001953125,0.49274204032643265,144.56320190429688,-0.03379655612776311,30.290586471557617,3.1603286243928386,50.93321990966797,1.20816054513595,88.52298736572266,0.22381496235543974,297.82745361328125,1.1045321081566195,643.1699829101562,-0.6687285080839822,146.00999450683594,4.389790236643787,148.2837677001953,2.8911492600207866,4649.27001953125,0.05509400447352153,17.65999984741211,-5.712758787907923,0.05509400447352153,17.65999984741211,2021-11-11,2021,4,11
2021-11-12,323.7677917480469,1.2905320691552813,146.63577270507812,1.433677985462256,30.290586471557617,0.0,51.65036010742188,1.4080009059427079,88.05233001708984,-0.5316781128141823,301.4349975585937,1.2112865693022057,657.5999755859375,2.2435737144463452,147.88999938964844,1.2875864348618205,148.75271606445312,0.3162506399257081,4682.85009765625,0.7222656026415475,16.290000915527344,-7.757638412921752,0.7222656026415475,16.290000915527344,2021-11-12,2021,4,11
2021-11-15,323.1427917480469,-0.19303958451999392,146.6455841064453,0.0066910012380905215,29.926780700683597,-1.2010522517140076,51.88419723510742,0.4527308758335957,88.5041732788086,0.5131531006971057,300.29473876953125,-0.3782768418722826,659.72998046875,0.3239058640345238,146.49000549316406,-0.9466454136603186,151.97230529785156,2.164390216581613,4682.7998046875,-0.0010739820344718431,16.489999771118164,1.2277399898743102,-0.0010739820344718431,16.489999771118164,2021-11-15,2021,4,11
2021-11-16,326.45037841796875,1.0235681421298048,147.62322998046875,0.6666725629554504,30.10420036315918,0.5928458000546977,52.15932083129883,0.5302647257790616,90.0008773803711,1.6911113296856017,301.8675537109375,0.5237570754156096,671.030029296875,1.712829363931001,152.4499969482422,4.068531115835228,163.96707153320312,7.892731647284634,4700.89990234375,0.3865229864862485,16.3700008392334,-0.7277072986680122,0.3865229864862485,16.3700008392334,2021-11-16,2021,4,11
2021-11-17,326.6719970703125,0.06788739330545468,150.05752563476562,1.6489922721640404,29.165281295776367,-3.118897217186478,52.23910903930664,0.15297018200424173,89.73731231689453,-0.29284721565842053,302.7817077636719,0.3028328289994775,670.6699829101562,-0.05365577857908699,151.33999633789062,-0.7281079911916399,165.52728271484375,0.9515393347283574,4688.669921875,-0.2601625374463401,17.110000610351562,4.520462633970257,-0.2601625374463401,17.110000610351562,2021-11-17,2021,4,11
2021-11-18,328.7430725097656,0.6339923403374303,154.33956909179688,2.8536012698580526,31.57138442993164,8.249888316707988,52.713226318359375,0.9075906686999424,89.10662841796875,-0.702811219371724,297.8373107910156,-1.6329906483371404,670.9600219726562,0.043246167249266776,155.02000427246094,2.431616243966417,168.0344696044922,1.5146668564405719,4704.5400390625,0.33847802152713324,17.59000015258789,2.805374197040811,0.33847802152713324,17.59000015258789,2021-11-18,2021,4,11
2021-11-19,330.5155029296875,0.5391536942179087,156.95962524414062,1.6975919835472641,32.87710189819336,4.135762469205551,52.15473556518555,-1.0594888459318441,88.45710754394531,-0.7289254296288239,296.0482482910156,-0.6006844794725352,688.3699951171875,2.5947854677459192,155.41000366210938,0.25158004057526107,166.84397888183594,-0.7084800668924363,4697.9599609375,-0.1398665559303236,17.90999984741211,1.819213712611245,-0.1398665559303236,17.90999984741211,2021-11-19,2021,4,11
2021-11-22,327.3558349609375,-0.9559817741505938,157.41912841796875,0.29275246619211437,31.851463317871094,-3.1196137162522453,50.738807678222656,-2.7148596797949343,89.0595474243164,0.6810531082217519,291.7918395996094,-1.4377415559717166,673.5700073242188,-2.1500047791085386,152.52000427246094,-1.8595967579615014,163.59732055664062,-1.945924777719843,4682.93994140625,-0.31971365563219223,19.170000076293945,7.035177217290145,-0.31971365563219223,19.170000076293945,2021-11-22,2021,4,11
2021-11-23,325.28485107421875,-0.6326399793563753,157.80043029785156,0.24222080487601438,31.642152786254883,-0.6571457315079465,50.90754699707031,0.3325646119194836,87.48751068115234,-1.765152404911996,286.4640808105469,-1.8258765551405154,665.1599731445312,-1.2485761076412305,149.9199981689453,-1.7046984203271998,163.18246459960938,-0.25358358903415645,4690.7001953125,0.1657132912945114,19.3799991607666,1.0954568786483598,0.1657132912945114,19.3799991607666,2021-11-23,2021,4,11
2021-11-24,325.5062866210937,0.06807434964883896,158.31857299804688,0.3283531605188239,32.567115783691406,2.923198695375495,51.23860168457031,0.6503057150230696,88.0899887084961,0.6886446107027488,284.2523498535156,-0.7720796795092744,668.3200073242188,0.47507882423358794,157.8000030517578,5.256139927331449,162.9750213623047,-0.12712348585596223,4701.4599609375,0.22938506357221833,18.57999992370605,-4.127963218285846,0.22938506357221833,18.57999992370605,2021-11-24,2021,4,11
2021-11-26,317.5784606933594,-2.435536963058016,153.30323791503906,-3.1678753718110464,31.39994430541992,-3.5838957493926182,50.125301361083984,-2.1727765529978904,86.91329956054688,-1.335780790985308,279.3765869140625,-1.7152938021324227,662.0999755859375,-0.9306966228924796,154.80999755859375,-1.8948069932440692,158.49281311035156,-2.7502424693590766,4594.6201171875,-2.2724822637582465,28.6200008392334,54.03660364237894,-2.2724822637582465,28.6200008392334,2021-11-26,2021,4,11
2021-11-29,324.2733764648437,2.1081139309219843,156.65660095214844,2.1874052255620446,33.266822814941406,5.945483505839366,51.7530632019043,3.247385644815415,87.48751068115234,0.6606711786444786,291.69354248046875,4.408728627712466,687.489990234375,3.834770515731889,161.91000366210938,4.586271051925017,165.7076873779297,4.552177556817494,4655.27001953125,1.3200199537034996,22.959999084472656,-19.776385705068865,1.3200199537034996,22.959999084472656,2021-11-29,2021,4,11
2021-11-30,318.455078125,-1.7942571799367202,161.60342407226562,3.1577495554293344,32.56910705566406,-2.0973321172227277,50.775489807128906,-1.8889189050734667,85.41658020019531,-2.367115562933919,280.1138610839844,-3.9698106780199693,669.8499755859375,-2.565857670512961,158.3699951171875,-2.1864050798921175,162.83973693847656,-1.730728661315628,4567.0,-1.896131033450521,27.190000534057617,18.42335199588756,-1.896131033450521,27.190000534057617,2021-11-30,2021,4,11
2021-12-01,317.9638061523437,-0.15426727548162322,161.0852508544922,-0.32064494966500545,31.33600234985352,-3.7861176350430403,50.87453079223633,0.19505668085848527,84.48467254638672,-1.0910149430291338,247.2229156494141,-11.741991384249584,657.4099731445312,-1.857132625932334,149.11000061035156,-5.847063706722921,158.9923858642578,-2.362661071893246,4513.0400390625,-1.1815187417889228,31.1200008392334,14.453844163236207,-1.1815187417889228,31.1200008392334,2021-12-01,2021,4,12
2021-12-02,317.3954467773437,-0.17874970798648082,160.09783935546875,-0.6129744925656544,32.024837493896484,2.1982227865328996,50.66268539428711,-0.4164075710385684,84.7105941772461,0.2674113825029467,256.75799560546875,3.856875456309372,671.8800048828125,2.201066659982054,150.67999267578125,1.0529086305433921,160.259765625,0.797132361938524,4577.10009765625,1.419443613158311,27.950000762939453,-10.186375291794603,1.419443613158311,27.950000762939453,2021-12-02,2021,4,12
2021-12-03,311.1533203125,-1.9666717113376309,158.22076416015625,-1.172455045532994,30.596342086791992,-4.460585966678976,51.18265914916992,1.0263446377468233,83.0632553100586,-1.944666878077439,253.92697143554688,-1.1026040934951076,616.530029296875,-8.238074534691876,144.00999450683594,-4.42659841595372,159.78900146484375,-0.29375068553252337,4538.43017578125,-0.8448563730297565,30.670000076293945,9.731660962818655,-0.8448563730297565,30.670000076293945,2021-12-03,2021,4,12
2021-12-06,314.216552734375,0.9844768549467808,161.62295532226562,2.1502810836291797,29.942407608032227,-2.137296271903233,51.81176376342773,1.229136244024187,83.72222137451172,0.7933304106531036,254.34962463378903,0.1664467527229263,622.0399780273438,0.8937032210341256,139.05999755859375,-3.43725931328136,158.82940673828125,-0.6005386589599704,4591.669921875,1.1730872577451423,27.18000030517578,-11.379197138690989,1.1730872577451423,27.18000030517578,2021-12-06,2021,4,12
2021-12-07,322.6260986328125,2.6763535610253353,167.35189819335938,3.5446343990373164,32.32488250732422,7.956858147415247,54.142913818359375,4.499267899034809,84.76708221435547,1.2480089786077286,262.4494934082031,3.184541273090624,649.9600219726562,4.48846455719043,144.85000610351562,4.163676575991748,166.3159942626953,4.713602901476821,4686.75,2.0707080374404274,21.88999938964844,-19.462843473625668,2.0707080374404274,21.88999938964844,2021-12-07,2021,4,12
2021-12-08,322.6742858886719,0.014935944755722907,171.16470336914062,2.278316061510055,31.725772857666016,-1.8534008577523964,53.97417831420898,-0.311648362178063,83.72222137451172,-1.232625699208978,261.78106689453125,-0.25468767532815795,653.0999755859375,0.48309949952789477,145.24000549316406,0.26924361285129983,165.32923889160156,-0.5933015495401928,4701.2099609375,0.30852853123166657,19.899999618530277,-9.09090829878787,0.30852853123166657,19.899999618530277,2021-12-08,2021,4,12
2021-12-09,320.87286376953125,-0.5582787962726488,170.6563262939453,-0.2970104613793656,30.39398193359375,-4.197820270753338,53.5028190612793,-0.8733051019057303,83.56217193603516,-0.191167214449095,259.8249206542969,-0.7472451172423678,632.5700073242188,-3.1434648643647534,138.10000610351562,-4.9160004954588725,164.9943389892578,-0.20256544129095833,4667.4501953125,-0.7181080169894716,21.57999992370605,8.442212750654576,-0.7181080169894716,21.57999992370605,2021-12-09,2021,4,12
2021-12-10,329.9663391113281,2.8339807969328,175.43698120117188,2.8013347123107435,30.1028995513916,-0.9576974245695036,57.92852020263672,8.271902712805579,96.60904693603516,15.613374685841187,261.5058288574219,0.6469387920496894,654.4500122070312,3.4589064656045387,138.5500030517578,0.32584860851119224,166.4608612060547,0.8888318385834815,4712.02001953125,0.9549073338481762,18.690000534057617,-13.39202687611557,0.9549073338481762,18.690000534057617,2021-12-10,2021,4,12
2021-12-13,326.9416198730469,-0.916675090685759,171.8099822998047,-2.0674084087254907,28.07231712341309,-6.745471227819455,57.00962066650391,-1.5862644737315024,94.97111511230467,-1.6954228156447426,261.2404479980469,-0.10148181420448488,658.2999877929688,0.5882764938691221,133.8000030517578,-3.428365135600575,165.95388793945312,-0.3045600406776705,4668.97021484375,-0.9136167611567658,20.309999465942383,8.667730795045948,-0.9136167611567658,20.309999465942383,2021-12-13,2021,4,12
2021-12-14,316.2876281738281,-3.258683217926106,170.43145751953125,-0.8023542996867028,28.247758865356445,0.6249635225053618,56.390621185302734,-1.0857807401003727,94.02979278564452,-0.9911669727653782,251.24334716796875,-3.8267813834681808,614.8599853515625,-6.598815623108878,135.60000610351562,1.345293729972119,164.74082946777344,-0.7309611644183089,4634.08984375,-0.7470677577436025,21.88999938964844,7.779418834331064,-0.7470677577436025,21.88999938964844,2021-12-14,2021,4,12
2021-12-15,322.3660583496094,1.9218045963026453,175.29031372070312,2.850915125580644,30.36307716369629,7.488446458434295,58.67866134643555,4.057483519491978,97.5692138671875,3.7641485498236094,255.61770629882807,1.741084562105777,630.3300170898438,2.5160251287837276,146.5,8.038343219662858,171.3492889404297,4.01142782515187,4709.85009765625,1.6348464630746795,19.290000915527344,-11.877563027025984,1.6348464630746795,19.290000915527344,2021-12-15,2021,4,12
2021-12-16,312.9739074707031,-2.913504891610008,168.40774536132812,-3.9263825897084437,28.29759979248047,-6.802595666046041,56.91975784301758,-2.9975181148620633,97.16442108154295,-0.41487757213618526,248.81539916992188,-2.661125172977652,566.0900268554688,-10.191485173268944,138.63999938964844,-5.3651881299328075,161.27365112304688,-5.880174863687737,4668.669921875,-0.8743415379980468,20.56999969482422,6.63555582450257,-0.8743415379980468,20.56999969482422,2021-12-16,2021,4,12
2021-12-17,311.91424560546875,-0.33857834149754185,167.3128204345703,-0.6501630458911389,27.71345329284668,-2.0642969860257043,58.22930908203125,2.3006971368805917,90.9516372680664,-6.394093377310006,248.62857055664065,-0.07508723893476787,556.6400146484375,-1.66934794091399,137.75,-0.6419499376562277,160.051513671875,-0.7578035486028756,4620.64013671875,-1.0287680637092622,21.56999969482422,4.861448783840361,-1.0287680637092622,21.56999969482422,2021-12-17,2021,4,12
2021-12-20,308.1671142578125,-1.201333828271467,165.9539337158203,-0.8121832596094558,27.631704330444336,-0.29497934284301586,59.15278625488281,1.5859318741883177,86.26378631591797,-5.154223819337844,243.0059051513672,-2.26147195902916,549.77001953125,-1.2341899497696818,135.8000030517578,-1.4156057700487779,159.93385314941406,-0.07351415788678928,4568.02001953125,-1.138805785140995,22.8700008392334,6.026894588789067,-1.138805785140995,22.8700008392334,2021-12-20,2021,4,12
2021-12-21,315.2762451171875,2.30690769081463,169.12142944335938,1.9086596241599807,28.98344039916992,4.891975002918136,59.64284896850586,0.8284693666185339,86.14141845703125,-0.14185310442852428,248.25506591796875,2.1600959710554646,557.52001953125,1.4096803617279496,144.25,6.222383474484627,162.56813049316406,1.6471042820990434,4649.22998046875,1.7777934551572505,21.01000022888184,-8.132927599900807,1.7777934551572505,21.01000022888184,2021-12-21,2021,4,12
2021-12-22,320.9692687988281,1.8057255406364492,171.71218872070312,1.531892963458792,29.307416915893555,1.117798688705407,60.46977996826172,1.3864713273380236,84.58822631835938,-1.8030723971031781,248.5008087158203,0.098988029486069,563.97998046875,1.1586957797374398,143.8800048828125,-0.25649574848353174,164.19769287109375,1.002387351682188,4696.56005859375,1.0180197220578835,18.6299991607666,-11.327944037066306,1.0180197220578835,18.6299991607666,2021-12-22,2021,4,12
2021-12-23,322.4045104980469,0.4471586032487984,172.337890625,0.36438991836194035,29.54665756225586,0.8163143379332105,61.35580062866211,1.4652288479723774,84.45642852783203,-0.15581103454197498,248.83502197265625,0.13449181858322667,569.6199951171875,1.0000380942156495,146.13999938964844,1.5707495344309041,165.4288330078125,0.7497913735519335,4725.7900390625,0.6223699921661829,17.959999084472656,-3.5963505446898525,0.6223699921661829,17.959999084472656,2021-12-23,2021,4,12
2021-12-27,329.8797912597656,2.3186030338629537,176.2973175048828,2.2974790195722905,30.84754943847656,4.402839385401469,62.23072052001953,1.4259774665033254,84.28699493408203,-0.20061657437262514,253.9072723388672,2.0383989062312535,577.6799926757812,1.4149779901837078,154.36000061035156,5.624744255531566,168.67872619628906,1.9645264549034813,4791.18994140625,1.383893524747526,17.68000030517578,-1.5590133272275541,1.383893524747526,17.68000030517578,2021-12-27,2021,4,12
2021-12-28,328.7237548828125,-0.35044170864131363,175.28053283691406,-0.576744264949236,30.22650909423828,-2.0132566623384585,61.743431091308594,-0.7830367777184488,83.44921875,-0.9939566415165579,251.10574340820312,-1.1033669515873923,569.3599853515625,-1.4402450196831174,153.14999389648438,-0.7838861810590347,167.31178283691406,-0.8103827851914769,4786.35009765625,-0.10101548486260992,17.540000915527344,-0.7918517377369816,-0.10101548486260992,17.540000915527344,2021-12-28,2021,4,12
2021-12-29,329.39813232421875,0.20515020024842734,175.36856079101562,0.050221181255460934,29.906518936157227,-1.0586408013026238,62.07659530639648,0.539594592006365,83.03501892089844,-0.49634955881664444,250.2111968994141,-0.3562429503393916,569.2899780273438,-0.01229579282350235,148.25999450683594,-3.1929478188250093,168.56105041503906,0.7466704119355017,4793.06005859375,0.14018951394270118,16.950000762939453,-3.363740717171748,0.14018951394270118,16.950000762939453,2021-12-29,2021,4,12
2021-12-30,326.8646850585937,-0.7691140346635095,174.2149200439453,-0.6578378369912596,29.492830276489254,-1.3832725251343714,61.38163757324219,-1.119516509763674,82.84674835205078,-0.22673634725971503,250.98776245117188,0.31036402902064886,570.530029296875,0.21782418756575161,145.14999389648438,-2.0976667513691094,165.41973876953125,-1.8636046926458594,4778.72998046875,-0.29897555945093135,17.329999923706055,2.241882853465449,-0.29897555945093135,17.329999923706055,2021-12-30,2021,4,12
2021-12-31,323.9747619628906,-0.8841343919380629,173.59906005859375,-0.353505879517213,29.318374633789062,-0.5915188236079949,61.412109375,0.04964318803233336,82.09367370605469,-0.9089972279852976,249.8081970214844,-0.4699692997649385,567.0599975585938,-0.6082119362862848,143.89999389648438,-0.8611781278416442,165.54649353027344,0.07662614007557522,4766.18017578125,-0.2626179913657545,17.219999313354492,-0.6347409742402221,-0.2626179913657545,17.219999313354492,2021-12-31,2021,4,12
2022-01-03,322.4623718261719,-0.46682344252851893,177.93972778320312,2.500398172170004,30.026147842407227,2.4140942922615594,61.21919631958008,-0.3141286912031305,82.74320983886719,0.7912133828219536,251.1155548095703,0.5233446314707901,564.3699951171875,-0.4743770417570792,150.24000549316406,4.405845632794425,168.5701141357422,1.826447991129343,4796.56005859375,0.6374052530970564,16.600000381469727,-3.600458516882421,0.6374052530970564,16.600000381469727,2022-01-03,2022,1,1
2022-01-04,316.9330749511719,-1.714710725374391,175.68138122558594,-1.2691637700877556,29.1977596282959,-2.75888941351764,61.92062377929688,1.1457639137488318,83.6280517578125,1.0693831199785953,244.00852966308597,-2.8301811697303503,554.0,-1.83744621558668,144.4199981689453,-3.873806650308964,169.4934844970703,0.5477663499619867,4793.5400390625,-0.0629621957060511,16.90999984741211,1.8674666193889244,-0.0629621957060511,16.90999984741211,2022-01-04,2022,1,1
2022-01-05,304.7667236328125,-3.838776158100188,171.00828552246094,-2.6599834715122395,27.51706886291504,-5.756231939631706,59.34383392333984,-4.161440403348449,81.3876953125,-2.678953291654562,223.7981719970703,-8.28264392803032,514.4299926757812,-7.142600600039484,136.14999389648438,-5.726356721585413,168.8326416015625,-0.3898928017609049,4700.580078125,-1.9392757790687165,19.729999542236328,16.67652111336824,-1.9392757790687165,19.729999542236328,2022-01-05,2022,1,1
2022-01-06,302.3584289550781,-0.7902091964068658,168.15359497070312,-1.669328794821967,28.089258193969727,2.0793978236026023,58.79283905029297,-0.92847872579086,81.5766372680664,0.23215051715241852,225.2530059814453,0.6500651776521371,514.1199951171875,-0.060260397528788534,136.22999572753906,0.05876006951239798,168.334716796875,-0.2949221193035534,4696.0498046875,-0.09637690162076495,19.61000061035156,-0.6082054468774079,-0.09637690162076495,19.61000061035156,2022-01-06,2022,1,1
2022-01-07,302.5125732421875,0.0509806482465569,168.3197784423828,0.09882837872638994,27.161190032958984,-3.3039966901296847,57.14266204833984,-2.806765294224911,82.6821060180664,1.3551290994838983,224.4272918701172,-0.36657185005386506,510.7000122070313,-0.6652110290666036,132.0,-3.105039903252349,163.31956481933594,-2.9792737190336704,4677.02978515625,-0.4050216740091761,18.76000022888184,-4.334525012819368,-0.4050216740091761,18.76000022888184,2022-01-07,2022,1,1
2022-01-10,302.7341613769531,0.07324923139251371,168.33932495117188,0.011612722503517858,27.31371116638184,0.5615406881575469,57.32816696166992,0.32463470668053773,84.35444641113281,2.0226146546158175,225.724853515625,0.5781657100147886,525.8300170898438,2.96260123774561,132.0,0.0,162.65870666503906,-0.40464114328734313,4670.2900390625,-0.14410312534549607,19.399999618530277,3.4115105641796983,-0.14410312534549607,19.399999618530277,2022-01-10,2022,1,1
2022-01-11,303.4181213378906,0.22592757877955005,171.16470336914062,1.6783828845626347,27.729400634765625,1.521907681646062,57.41031265258789,0.14329027992974197,83.59858703613281,-0.8960516097942683,230.84622192382807,2.2688544608352457,529.8900146484375,0.7721121705952516,137.30999755859375,4.022725423177076,167.8368682861328,3.183451858963249,4713.06982421875,0.9159984668711818,18.40999984741211,-5.10309170404597,0.9159984668711818,18.40999984741211,2022-01-11,2022,1,1
2022-01-12,306.5873107910156,1.0444957734069282,171.60462951660156,0.2570191977677716,27.91082572937012,0.6542698019120996,57.40567779541016,-0.00807321361542268,83.43794250488281,-0.1921617780221152,233.78538513183597,1.2732126103314423,532.3699951171875,0.46801796602931045,137.47000122070312,0.11652732135625232,168.7602081298828,0.5501412491657476,4726.35009765625,0.2817754443029452,17.6200008392334,-4.291140764402346,0.2817754443029452,17.6200008392334,2022-01-12,2022,1,1
2022-01-13,293.6117553710937,-4.232254553015958,168.33932495117188,-1.9028068034223966,26.491310119628903,-5.085896144761792,55.11592864990234,-3.988715460634984,82.9466552734375,-0.5888055442121676,224.7418670654297,-3.868299150225518,516.9000244140625,-2.905868257980937,132.74000549316406,-3.440747570770164,166.4698944091797,-1.3571408485941405,4659.02978515625,-1.42436152864307,20.309999465942383,15.266733817170586,-1.42436152864307,20.309999465942383,2022-01-13,2022,1,1
2022-01-14,298.81353759765625,1.7716532568623045,169.19967651367188,0.5110817467929962,26.857154846191406,1.3809989951815593,55.04024124145508,-0.1373240192105385,82.85218048095703,-0.11389825444922952,227.2976531982422,1.1372096201676785,520.5999755859375,0.7157962849912991,136.8800048828125,3.1188784227236255,170.815185546875,2.6102564389298255,4662.85009765625,0.08199802697488323,19.190000534057617,-5.514519750543956,0.08199802697488323,19.190000534057617,2022-01-14,2022,1,1
2022-01-18,291.5406494140625,-2.4339219173485027,166.00277709960938,-1.8894240697937659,25.82142448425293,-3.856441115486786,53.325462341308594,-3.1155003347895005,80.83023071289062,-2.4404303620363166,222.21554565429688,-2.235882101040809,513.3400268554688,-1.394534973286854,131.92999267578125,-3.616315042704099,161.91635131835938,-5.209627118353366,4577.10986328125,-1.8387945694007368,22.790000915527344,18.759772179685964,-1.8387945694007368,22.790000915527344,2022-01-18,2022,1,1
2022-01-19,292.1957092285156,0.22468901532930463,162.5126190185547,-2.10246969480542,24.988059997558597,-3.2274148438346417,52.04997253417969,-2.3918963870676935,78.77994537353516,-2.5365328309380875,222.42198181152344,0.09289906186298325,516.5800170898438,0.6311586988885232,128.27000427246094,-2.7741898025528955,156.13169860839844,-3.572617998652383,4532.759765625,-0.9689541868338813,23.850000381469727,4.651160260463971,-0.9689541868338813,23.850000381469727,2022-01-19,2022,1,1
2022-01-20,290.5292053222656,-0.5703382539908208,160.83103942871094,-1.034737856050283,24.073944091796875,-3.6582107848749934,50.55022811889648,-2.8813548639211484,78.15636444091797,-0.7915478103729057,219.1486053466797,-1.4716964745047356,510.8500061035156,-1.1092204105393355,121.88999938964844,-4.973886856088816,150.7272491455078,-3.4614684340595003,4482.72998046875,-1.103737849414832,25.59000015258789,7.295596407914773,-1.103737849414832,25.59000015258789,2022-01-20,2022,1,1
2022-01-21,285.16363525390625,-1.846826401637558,158.7780303955078,-1.27650050667808,23.300390243530277,-3.213241026551128,49.21293258666992,-2.645478728762951,77.68397521972656,-0.6044155515300464,214.91192626953125,-1.9332448273838065,499.9100036621094,-2.141529276832277,118.80999755859376,-2.5268700028529545,149.30599975585938,-0.9429279693656478,4397.93994140625,-1.8914821867908604,28.850000381469727,12.739352127562054,-1.8914821867908604,28.850000381469727,2022-01-21,2022,1,1
2022-01-24,285.4912414550781,0.11488358285240974,158.00567626953125,-0.48643639428745944,23.29839324951172,-0.008570646232475276,49.98356246948242,1.5659092890986104,77.8729248046875,0.24322852226150715,219.2370758056641,2.0125218787106602,519.6599731445312,3.9507049944475403,116.52999877929688,-1.9190293966401706,153.95909118652344,3.1164798723913645,4410.1298828125,0.2771738943381896,29.899999618530277,3.639512038741466,0.2771738943381896,29.899999618530277,2022-01-24,2022,1,1
2022-01-25,277.900390625,-2.6588734531362235,156.20687866210938,-1.1384385991003443,22.25369644165039,-4.483986499297421,49.29691696166992,-1.3737426343545134,76.59739685058594,-1.6379607640276794,211.72702026367188,-3.4255408280711053,502.7200012207031,-3.2598184965684562,111.12999725341795,-4.634001186343706,149.7767333984375,-2.716538371234578,4356.4501953125,-1.2171906253646725,31.15999984741211,4.214047641997154,-1.2171906253646725,31.15999984741211,2022-01-25,2022,1,1
2022-01-26,285.8186950683594,2.8493318867062634,156.11883544921875,-0.05636321117526988,22.700284957885746,2.0068060036961377,51.41777801513672,4.302218443226047,75.19905853271484,-1.8255689819312693,207.4116668701172,-2.0381684813684187,500.80999755859375,-0.3799338911265715,110.70999908447266,-0.37793411259386955,151.1798858642578,0.9368293953157858,4349.93017578125,-0.1496635847751837,31.959999084472656,2.5673916591080648,-0.1496635847751837,31.959999084472656,2022-01-26,2022,1,1
2022-01-27,288.8337707519531,1.0548909975509613,155.65933227539062,-0.2943291067384335,21.874895095825195,-3.6360330436020494,50.05093765258789,-2.6583030525870854,75.37857055664062,0.23871578637875146,209.12210083007807,0.824656580688865,493.0499877929688,-1.5494917840007894,102.5999984741211,-7.325445467815028,145.9293212890625,-3.4730576393672608,4326.509765625,-0.538408875771057,30.489999771118164,-4.599497357522364,-0.538408875771057,30.489999771118164,2022-01-27,2022,1,1
2022-01-28,296.9447326660156,2.8081764445155866,166.52088928222656,6.977774379514745,22.768068313598636,4.083097147944281,51.692813873291016,3.280410513184928,76.03996276855469,0.8774273736287919,218.35238647460935,4.41382599347131,518.1599731445312,5.092786933017046,105.23999786376952,2.573098858587519,151.0078887939453,3.4801556397449307,4431.85009765625,2.4347646888076113,27.65999984741211,-9.281731534766324,2.4347646888076113,27.65999984741211,2022-01-28,2022,1,1
2022-01-31,299.5648498535156,0.8823585331775963,170.8714141845703,2.6126000894520107,24.40888786315918,7.206670003623161,54.07210159301758,4.6027436725705195,76.68243408203125,0.8449127144263269,228.67384338378903,4.726972338532187,534.2999877929688,3.1148709828915155,114.25,8.561385708021119,159.11004638671875,5.3653869724839875,4515.5498046875,1.8885951732779516,24.82999992370605,-10.231380836290338,1.8885951732779516,24.82999992370605,2022-01-31,2022,1,1
2022-02-01,297.42633056640625,-0.7138752387521707,170.70518493652344,-0.0972832400551904,24.560407638549805,0.6207565712951446,54.70337677001953,1.1674692834270584,76.56905364990234,-0.14785711158779025,228.1725006103516,-0.21923922999624867,535.97998046875,0.3144287318292527,116.77999877929688,2.214440944679974,160.35028076171875,0.7794821277253616,4546.5400390625,0.686300355780145,21.959999084472656,-11.55860188502581,0.686300355780145,21.959999084472656,2022-02-01,2022,1,2
2022-02-02,301.95379638671875,1.5222141939116751,171.90768432617188,0.7044305010978968,25.162511825561523,2.4515235898066257,55.69182968139648,1.8069321671540184,77.94850158691406,1.8015737053757919,221.18341064453125,-3.063072871237693,533.0900268554688,-0.5391905889383763,122.76000213623048,5.1207427808209305,170.3716278076172,6.249659806202779,4589.3798828125,0.942251544733641,22.09000015258789,0.5919903166442086,0.942251544733641,22.09000015258789,2022-02-02,2022,1,2
2022-02-03,290.19207763671875,-3.8952047931652856,169.033447265625,-1.671965434129985,23.872581481933597,-5.126397366726887,53.607872009277344,-3.7419450645473584,77.41939544677734,-0.6787893665239464,209.1515655517578,-5.439759273858957,510.8299865722656,-4.175662488849796,120.08000183105467,-2.1831217485657306,162.13363647460938,-4.8353070514241425,4477.43994140625,-2.4391082077444004,24.350000381469727,10.230874663969036,-2.4391082077444004,24.350000381469727,2022-02-03,2022,1,2
2022-02-04,294.7098693847656,1.5568280791257605,168.74960327148438,-0.16792179224421888,24.242412567138672,1.549187654820483,54.46710968017578,1.6028199566469281,77.58001708984375,0.20746951347201392,215.501708984375,3.036144346261538,513.5399780273438,0.530507512541023,123.5999984741211,2.9313762403325505,162.4685821533203,0.20658617545001867,4500.52978515625,0.5156929864423399,23.21999931335449,-4.640661397998025,0.5156929864423399,23.21999931335449,2022-02-04,2022,1,2
2022-02-07,289.903076171875,-1.6310255312878552,168.03500366210938,-0.4234674307502573,24.650123596191406,1.681808804810947,54.23361587524414,-0.4286877095235786,76.28559875488281,-1.6684945215491465,213.28012084960935,-1.03089119118156,507.1000061035156,-1.2540351675376704,123.66999816894533,0.05663405800031551,158.5034942626953,-2.440525939275562,4483.8701171875,-0.37017126347429485,22.86000061035156,-1.550382057056665,-0.37017126347429485,22.86000061035156,2022-02-07,2022,1,2
2022-02-08,293.3805847167969,1.1995417885321658,171.13807678222656,1.8466825676136889,25.028932571411133,1.5367427012749513,55.39557266235352,2.142502889319209,76.33283996582031,0.06192677478915609,213.7323303222656,0.21202607671773066,511.30999755859375,0.8302093086977269,128.22999572753906,3.687230230540095,161.6719970703125,1.9990113292807754,4521.5400390625,0.8401207191663262,21.440000534057617,-6.211723702452277,0.8401207191663262,21.440000534057617,2022-02-08,2022,1,2
2022-02-09,299.7864990234375,2.183482698019823,172.5574493408203,0.8293727411696317,26.62090301513672,6.3605207260975405,56.42185974121094,1.8526518086794175,78.84608459472656,3.2924814929349067,218.26394653320312,2.1202296368100892,521.75,2.04181465084885,132.85000610351562,3.602909248935071,166.52420043945312,3.0012639523654627,4587.18017578125,1.4517207887505545,19.959999084472656,-6.902991663801339,1.4517207887505545,19.959999084472656,2022-02-09,2022,1,2
2022-02-10,291.2806091308594,-2.8373158632180817,168.48529052734375,-2.3598858403577783,25.742679595947266,-3.2989993565961773,54.57785415649414,-3.2682467277304617,77.33435821533203,-1.917313189570402,213.9682464599609,-1.9681216900330978,495.0199890136719,-5.1231453735176125,125.7699966430664,-5.329325656885953,157.5801544189453,-5.371018744966016,4504.080078125,-1.811572566845976,23.90999984741211,19.789583888369265,-1.811572566845976,23.90999984741211,2022-02-10,2022,1,2
2022-02-11,284.2101135253906,-2.427382868556238,165.07876586914062,-2.021852855843387,23.873580932617188,-7.260699712178898,52.92214584350586,-3.0336632661313034,75.3502197265625,-2.5656623195150052,204.3643798828125,-4.488454121600494,473.9700012207031,-4.252351068673188,113.18000030517578,-10.010333683653394,149.04347229003906,-5.417358651782056,4418.64013671875,-1.896945434456343,27.36000061035156,14.429112442310865,-1.896945434456343,27.36000061035156,2022-02-11,2022,1,2
2022-02-14,284.1714782714844,-0.013593905377617954,165.31369018554688,0.14231043900125862,24.19057846069336,1.3278172594672455,53.39836502075195,0.8998485788053623,74.59434509277344,-1.0031485462577927,202.8899078369141,-0.721491703565913,474.010009765625,0.008441155520144683,114.2699966430664,0.963064441554673,149.48703002929688,0.2976029291605897,4401.669921875,-0.38405967262932217,28.32999992370605,3.545319048668061,-0.38405967262932217,28.32999992370605,2022-02-14,2022,1,2
2022-02-15,289.44073486328125,1.8542524477994426,169.14111328125,2.315248719817009,26.411563873291016,9.181200094931485,55.63091659545898,4.180936202521179,75.36910247802734,1.0386275049272697,210.6063995361328,3.8032900608448994,479.5,1.158201329353692,121.47000122070312,6.300870560210692,156.61151123046875,4.765952738358381,4471.06982421875,1.5766721170720421,25.700000762939453,-9.283442173841516,1.5766721170720421,25.700000762939453,2022-02-15,2022,1,2
2022-02-16,289.10284423828125,-0.1167391401074247,168.9061737060547,-0.13890151876004841,26.427513122558597,0.060387371774339726,55.117774963378906,-0.9224036983096484,74.82111358642578,-0.7270736596091454,208.13909912109372,-1.171522052736007,477.7000122070313,-0.375388486541961,117.69000244140624,-3.1118784401993005,156.24942016601562,-0.2312033525557866,4475.009765625,0.08812077558950637,24.290000915527344,-5.486380566359328,0.08812077558950637,24.290000915527344,2022-02-16,2022,1,2
2022-02-17,280.6372985839844,-2.928212510880557,165.31369018554688,-2.1269107230856843,24.429821014404297,-7.559137702022611,53.437129974365234,-3.049188741980824,71.36304473876953,-4.621782117238659,196.6282196044922,-5.530378273572034,457.7099914550781,-4.184638945181707,112.37000274658205,-4.520349719146988,150.9988250732422,-3.360393329584621,4380.259765625,-2.1173138152195015,28.11000061035156,15.726634626770576,-2.1173138152195015,28.11000061035156,2022-02-17,2022,1,2
2022-02-18,277.9345092773437,-0.9630898388340303,163.76705932617188,-0.9355733682062661,23.56754493713379,-3.529604563054689,53.52850341796875,0.170992423521521,70.45600128173828,-1.2710268463902552,193.49249267578125,-1.594749184536326,442.55999755859375,-3.3099548140345214,113.83000183105467,1.2992783205365122,151.75927734375,0.5036146937825281,4348.8701171875,-0.71661613961429,27.75,-1.2806851744392667,-0.71661613961429,27.75,2022-02-18,2022,1,2
2022-02-22,277.7317810058594,-0.07294102197363816,160.85000610351562,-1.7812209822040015,23.31634521484375,-1.065871404764951,53.29499435424805,-0.4362331259243013,70.03083801269531,-0.6034450739587527,191.81155395507807,-0.8687358860582695,438.3999938964844,-0.9399863713526413,115.6500015258789,1.5988752223033975,150.17501831054688,-1.043928951779749,4304.759765625,-1.0142945264832837,28.809999465942383,3.819817895287869,-1.0142945264832837,28.809999465942383,2022-02-22,2022,1,2
2022-02-23,270.54034423828125,-2.589346001935011,156.68978881835938,-2.5863954785795396,22.316499710083008,-4.288174220907559,52.16256713867188,-2.1248284746012036,68.47185516357422,-2.2261376464443816,187.29962158203125,-2.352273510126246,429.4500122070313,-2.041510450286721,109.76000213623048,-5.092952280100427,146.3095703125,-2.573962062087798,4225.5,-1.8412122845487655,31.020000457763672,7.670951172469942,-1.8412122845487655,31.020000457763672,2022-02-23,2022,1,2
2022-02-24,284.3632507324219,5.109369744116954,159.30337524414062,1.6680004775620816,23.6732120513916,6.07941370256917,53.5294303894043,2.620391069133299,70.6827392578125,3.228894688126438,200.81576538085935,7.216322000366904,463.8200073242188,8.003258619216957,116.61000061035156,6.240887701167397,152.0670623779297,3.9351438550002893,4288.7001953125,1.4956856067329216,30.31999969482422,-2.256611065794678,1.4956856067329216,30.31999969482422,2022-02-24,2022,1,2
2022-02-25,286.9888916015625,0.9233404324848093,161.3688507080078,1.296567295389539,24.08092498779297,1.7222544009502183,54.26868438720703,1.3810234714342506,72.13778686523438,2.0585614291413368,204.55116271972656,1.8601115962100012,465.5400085449219,0.37083377032951503,121.05999755859376,3.8161366306066036,154.73757934570312,1.7561442471588196,4384.64990234375,2.237267765560347,27.59000015258789,-9.003956364492815,2.237267765560347,27.59000015258789,2022-02-25,2022,1,2
2022-02-28,288.4175109863281,0.49779605642332747,161.6331024169922,0.16375633080669694,24.308210372924805,0.9438399282712284,54.21608352661133,-0.09692672890390108,71.77877044677734,-0.4976814982246891,206.9496612548828,1.1725665614732428,467.6799926757813,0.459677813201953,123.33999633789062,1.8833626509808354,155.69717407226562,0.6201432972003706,4373.93994140625,-0.24426034406476171,30.149999618530277,9.278722188416744,-0.24426034406476171,30.149999618530277,2022-02-28,2022,1,2
2022-03-01,284.7107849121094,-1.285194529812883,159.753662109375,-1.1627818061479056,23.403064727783203,-3.7236210780443924,52.61758041381836,-2.9483928178035246,71.8165512084961,0.05263500821146572,205.33755493164065,-0.7789847605774392,466.6799926757813,-0.21382141970166524,113.83000183105467,-7.710389808009454,148.18345642089844,-4.825853581568385,4306.259765625,-1.5473503680411893,33.31999969482422,10.514096571814392,-1.5473503680411893,33.31999969482422,2022-03-01,2022,1,3
2022-03-02,289.7689514160156,1.7765981381659746,163.04269409179688,2.058814764552963,24.147838592529297,3.1823774937558724,54.06287384033203,2.746788079472595,73.96131896972656,2.9864532968226554,206.8120574951172,0.7180871341179618,471.1799926757813,0.9642581791858174,118.27999877929688,3.9093357433542364,153.8559112548828,3.8279946837468826,4386.5400390625,1.8642691757321028,30.739999771118164,-7.743097080840666,1.8642691757321028,30.739999771118164,2022-03-02,2022,1,3
2022-03-03,285.6471252441406,-1.4224526650397973,162.7196502685547,-0.19813449786367787,23.64335060119629,-2.089164168461366,53.40022277832031,-1.2257044713693488,73.93297576904297,-0.038321653911010944,201.26795959472656,-2.6807421035021206,459.0799865722656,-2.5680220492387718,111.9800033569336,-5.326340452639567,150.31063842773438,-2.3042811928592255,4363.490234375,-0.5254666430088317,30.479999542236328,-0.8458042642086161,-0.5254666430088317,30.479999542236328,2022-03-03,2022,1,3
2022-03-04,279.7974853515625,-2.047855334647064,159.72430419921875,-1.8408016882978662,22.86766624450684,-3.280771705217622,55.00517654418945,3.0055188580987213,72.27006530761719,-2.249213485766488,199.5575714111328,-0.849806490331495,452.1300048828125,-1.51389341568674,108.41000366210938,-3.188068929990051,147.50167846679688,-1.8687698956770582,4328.8701171875,-0.7934042550334475,31.979999542236328,4.921259916429599,-0.7934042550334475,31.979999542236328,2022-03-04,2022,1,3
2022-03-07,269.2275390625,-3.7777131112459728,155.93597412109375,-2.37179313262178,21.288379669189453,-6.906199165368498,52.67110443115234,-4.243368096749944,70.21979522705078,-2.836956175201233,192.89285278320312,-3.3397473124178734,437.9700012207031,-3.1318433877838947,102.9499969482422,-5.036441776060485,136.44769287109375,-7.494142243399226,4201.08984375,-2.951815831344917,36.45000076293945,13.97748994586303,-2.951815831344917,36.45000076293945,2022-03-07,2022,1,3
2022-03-08,266.2738342285156,-1.0971035297019482,154.11529541015625,-1.167580939035684,21.449899673461918,0.7587238051105949,53.155643463134766,0.9199333053966585,69.28441619873047,-1.3320731359238946,188.8134307861328,-2.1148642566115594,431.5299987792969,-1.4704209017642245,105.52999877929688,2.5060727610820344,137.04766845703125,0.43971105213505,4170.7001953125,-0.723375351819977,35.130001068115234,-3.6213982639098585,-0.723375351819977,35.130001068115234,2022-03-08,2022,1,3
2022-03-09,278.4847717285156,4.585857087828082,159.50892639160156,3.499737626360133,22.94542694091797,6.972187703545929,55.10023880004883,3.6583045754355448,71.90159606933594,3.7774437805732974,199.7050018310547,5.768430243322387,450.8699951171875,4.48172696975857,111.0500030517578,5.230744182993252,142.82008361816406,4.211976187644995,4277.8798828125,2.569824789143582,32.45000076293945,-7.6288079239718805,2.569824789143582,32.45000076293945,2022-03-09,2022,1,3
2022-03-10,275.6756591796875,-1.0087131628032542,155.1724853515625,-2.718619664828603,22.590496063232425,-1.546847999819101,54.24283981323242,-1.556071272082482,72.42124938964844,0.7227284910496179,196.74620056152344,-1.481585960493026,438.9500122070313,-2.64377382377331,106.45999908447266,-4.133276759250382,140.63836669921875,-1.52759812462947,4259.52001953125,-0.4291813651667864,30.229999542236328,-6.84129789987108,-0.4291813651667864,30.229999542236328,2022-03-10,2022,1,3
2022-03-11,270.34735107421875,-1.93281776175811,151.46249389648438,-2.3908822795953077,22.03415870666504,-2.4627053563151424,53.330997467041016,-1.6810372564029397,73.52668762207031,1.5264003890270939,194.5344696044922,-1.1241543423552103,416.3800048828125,-5.141817222133627,104.29000091552734,-2.0383225508235125,138.48391723632812,-1.5319073404047145,4204.31005859375,-1.2961545123475138,30.75,1.7201470910945371,-1.2961545123475138,30.75,2022-03-11,2022,1,3
2022-03-14,266.8433532714844,-1.296109537900525,147.4392547607422,-2.65626098728563,21.266450881958008,-3.48417125848699,52.40346145629883,-1.7392061930126324,72.81806945800781,-0.9637564086999562,189.8357391357422,-2.415371670790778,411.5,-1.172007499300054,102.25,-1.9560848572431233,128.43899536132812,-7.253493456469718,4173.10986328125,-0.7421002465963666,31.770000457763672,3.317074659394059,-0.7421002465963666,31.770000457763672,2022-03-14,2022,1,3
2022-03-15,277.1815490722656,3.874256440730317,151.81492614746094,2.9677790991411213,22.904556274414062,7.702768090211931,54.70706558227539,4.395900694265431,76.15332794189453,4.58026216392633,192.8043670654297,1.5637876951951402,421.6600036621094,2.469016685810299,109.33000183105467,6.92420716973563,131.09341430664062,2.0666768202639796,4262.4501953125,2.140857417087094,29.82999992370605,-6.106391268822097,2.140857417087094,29.82999992370605,2022-03-15,2022,1,3
2022-03-16,284.17022705078125,2.5213359265459534,156.21987915039062,2.901528271766285,24.42302131652832,6.629532674293648,56.03237915039063,2.4225638023338547,75.54863739013672,-0.7940435015777569,202.07403564453125,4.807810486966724,442.3599853515625,4.909164139276712,115.37000274658205,5.524559420442388,136.76585388183594,4.327021006506793,4357.85986328125,2.238376135718223,26.670000076293945,-10.593361902427755,2.238376135718223,26.670000076293945,2022-03-16,2022,1,3
2022-03-17,284.971435546875,0.2819466713346319,157.2281494140625,0.6454173880785286,24.692214965820312,1.1022127270953863,55.6216926574707,-0.7329449492366691,76.15332794189453,0.8003990179666243,206.83172607421875,2.354429362739485,444.3599853515625,0.45212045985816296,111.69000244140624,-3.1897375553151197,138.92933654785156,1.5818880258553714,4411.669921875,1.234781757145198,25.670000076293945,-3.7495312978602757,1.234781757145198,25.670000076293945,2022-03-17,2022,1,3
2022-03-18,290.00054931640625,1.7647781995694167,160.5171661376953,2.091875237284091,26.37418365478516,6.811736781382627,56.33603286743164,1.284283479756687,77.1737289428711,1.3399296242905256,215.07904052734372,3.987451349782556,453.3299865722656,2.0186338816278404,113.45999908447266,1.584740446214039,139.98387145996094,0.7590440855133274,4463.1201171875,1.1662294827948783,23.8700008392334,-7.012073360774284,1.1662294827948783,23.8700008392334,2022-03-18,2022,1,3
2022-03-21,288.774658203125,-0.42272027283084546,161.88758850097656,0.8537543966516736,26.65435028076172,1.0622760106765439,55.86958694458008,-0.8279708369760219,76.49346923828125,-0.8814653819480656,210.08541870117188,-2.3217612529459752,453.5899963378906,0.05735551878909284,115.91999816894533,2.168164202646583,141.43832397460938,1.039014351781553,4461.18017578125,-0.043466036210393355,23.530000686645508,-1.4243826587096553,-0.043466036210393355,23.530000686645508,2022-03-21,2022,1,3
2022-03-22,293.5044860839844,1.637895759375252,165.2549591064453,2.080067185291634,26.444976806640625,-0.7855133286524429,56.80340194702149,1.6714191987274196,77.2871322631836,1.0375565820266885,214.49905395507807,2.1008765297434673,466.4500122070313,2.8351630267350325,114.77999877929688,-0.9834363420080261,143.27462768554688,1.2983070354164683,4511.60986328125,1.13041136006502,22.940000534057617,-2.5074378893781613,1.13041136006502,22.940000534057617,2022-03-22,2022,1,3
2022-03-23,289.0931701660156,-1.5029807471857448,166.6156005859375,0.8233589399370134,25.557626724243164,-3.3554579717938626,55.692115783691406,-1.9563725503034868,75.95490264892578,-1.7237405183067378,207.5198211669922,-3.2537359300183755,422.8999938964844,-9.336481331512426,113.91999816894533,-0.7492599925925991,138.96572875976562,-3.007440323096311,4456.240234375,-1.2272698789159042,23.56999969482422,2.746290959458708,-1.2272698789159042,23.56999969482422,2022-03-23,2022,1,3
2022-03-24,293.543212890625,1.5393109155964702,170.39410400390625,2.2677968957773853,28.066137313842773,9.815115529565643,58.20549392700195,4.512987355467923,77.70283508300781,2.301276643275041,210.34100341796875,1.3594760419084695,432.1400146484375,2.1849186297729917,120.52999877929688,5.80231804476401,144.0472869873047,3.6566988658935484,4520.16015625,1.434391292056647,21.670000076293945,-8.061093097712247,1.434391292056647,21.670000076293945,2022-03-24,2022,1,3
2022-03-25,293.13775634765625,-0.13812499324241667,171.03038024902344,0.3734144727816302,27.609495162963867,-1.6270217229133355,58.432220458984375,0.3895277175497647,77.22097778320312,-0.620128338032877,207.4411773681641,-1.3786308911165612,431.6199951171875,-0.1203358896706308,119.66999816894533,-0.7135158210084258,143.6018829345703,-0.30920683204094246,4543.06005859375,0.5066170567449069,20.809999465942383,-3.9686230148765267,0.5066170567449069,20.809999465942383,2022-03-25,2022,1,3
2022-03-28,299.9140625,2.3116456360903426,171.89183044433594,0.5036825586531624,28.13492584228516,1.9030796333651123,58.8048095703125,0.6376432529885845,78.98780822753906,2.2880187418712783,211.618896484375,2.0139295241254462,450.010009765625,4.2606957176403615,120.23999786376952,0.4763096043667314,144.03819274902344,0.30383293417672874,4575.52001953125,0.7144955276586762,19.6299991607666,-5.670352404895384,0.7144955276586762,19.6299991607666,2022-03-28,2022,1,3
2022-03-29,304.4605407714844,1.5159270070853603,175.1808624267578,1.9134312398208841,28.570619583129883,1.5485867753378013,59.60296249389648,1.3572919110121928,79.63976287841797,0.8253864305246106,217.5266876220703,2.791712477402286,466.3299865722656,3.626580843199556,123.2300033569336,2.4866978927858163,146.41990661621094,1.6535294019812241,4631.60009765625,1.2256547427530462,18.899999618530277,-3.7187955855613852,1.2256547427530462,18.899999618530277,2022-03-29,2022,1,3
2022-03-30,302.9643249511719,-0.49143176863615246,174.01596069335938,-0.6649708862379144,27.607501983642575,-3.3710070468895292,58.63849639892578,-1.6181512707014511,78.76106262207031,-1.1033436371340355,211.28468322753903,-2.8695349810944126,460.05999755859375,-1.344539101969211,119.22000122070312,-3.254079385696007,138.8384552001953,-5.177882974538273,4602.4501953125,-0.629370017469788,19.32999992370605,2.2751339357392597,-0.629370017469788,19.32999992370605,2022-03-30,2022,1,3
2022-03-31,297.60693359375,-1.7683241610329303,170.92266845703125,-1.7775911037142933,27.204702377319336,-1.4590222851813883,58.50746536254883,-0.22345565528408828,78.16581726074219,-0.7557609579042501,208.7092437744141,-1.2189428091914145,455.6199951171875,-0.9650920455958056,109.33999633789062,-8.28720414498435,138.92030334472656,0.05895207088930654,4530.41015625,-1.5652540713177343,20.559999465942383,6.3631637200778135,-1.5652540713177343,20.559999465942383,2022-03-31,2022,1,3
2022-04-01,298.6784973144531,0.3600600657261088,170.62904357910156,-0.17178814289545707,26.632413864135746,-2.1036382065356074,58.25660705566406,-0.42876290287109375,77.48553466796875,-0.8703070173298078,208.6404266357422,-0.03297273155101754,458.1900024414063,0.5640681602566255,108.19000244140624,-1.0517595893551945,133.6205596923828,-3.81495254814741,4545.85986328125,0.34102225843584133,19.6299991607666,-4.5233479053164665,0.34102225843584133,19.6299991607666,2022-04-01,2022,2,4
2022-04-04,304.0357971191406,1.793667723943071,174.6718292236328,2.369342029779986,27.27848243713379,2.425873134496692,58.98785781860352,1.2552237418165246,79.4319076538086,2.511917862063151,215.1281890869141,3.1095423623239915,468.80999755859375,2.3178146752657502,110.52999877929688,2.162858198619544,139.8202667236328,4.639785258737716,4582.64013671875,0.8090938687879357,18.56999969482422,-5.399895625369899,0.8090938687879357,18.56999969482422,2022-04-04,2022,2,4
2022-04-05,300.0877685546875,-1.2985406987802928,171.36318969726562,-1.894203284566931,25.853742599487305,-5.222943911670863,57.06170272827149,-3.265341650912712,78.36424255371094,-1.3441262228661377,206.5662841796875,-3.9799084181234345,458.5799865722656,-2.182123043365669,106.81999969482422,-3.3565539902707053,132.229736328125,-5.428776938690271,4525.1201171875,-1.2551720801807331,21.030000686645508,13.247178418139317,-1.2551720801807331,21.030000686645508,2022-04-05,2022,2,4
2022-04-06,289.10284423828125,-3.660570495529669,168.20143127441406,-1.8450627748218262,24.334285736083984,-5.877125362242341,55.9355583190918,-1.9735555641274938,77.58948516845703,-0.9886618692484528,197.40481567382807,-4.435122867335927,444.3299865722656,-3.107418643912929,103.66999816894533,-2.94888741329169,126.61178588867188,-4.248628633359985,4481.14990234375,-0.9716916613271898,22.100000381469727,5.087967950013872,-0.9716916613271898,22.100000381469727,2022-04-06,2022,2,4
2022-04-07,290.9079895019531,0.6243955393894662,168.5048370361328,0.18038238998321354,24.135873794555664,-0.8153596274827368,56.03311538696289,0.1744097507967446,77.34284973144531,-0.31787224322501473,196.7560272216797,-0.3286588779173316,452.7200012207031,1.8882395746371516,103.72000122070312,0.04823290502649069,126.55726623535156,-0.04306048835631682,4500.2099609375,0.4253385628492534,21.549999237060547,-2.488692918169999,0.4253385628492534,21.549999237060547,2022-04-07,2022,2,4
2022-04-08,286.66064453125,-1.4600303614812238,166.49815368652344,-1.1908758139560605,23.05011749267578,-4.498516652522422,54.541805267333984,-2.6614799290204827,76.77375030517578,-0.7358138835659611,193.8168792724609,-1.493803260170179,445.3399963378906,-1.6301477431775124,101.0,-2.622446190407679,124.2573699951172,-1.8172771178206149,4488.27978515625,-0.2651026482054286,21.15999984741211,-1.8097420113952323,-0.2651026482054286,21.15999984741211,2022-04-08,2022,2,4
2022-04-11,275.3572082519531,-3.943142002551603,162.24981689453125,-2.551581923239099,21.85169792175293,-5.1991907256162655,53.94807434082031,-1.0885795283150812,75.65446472167969,-1.4579014038612614,192.12612915039065,-0.8723441056407988,434.4400024414063,-2.4475667997747586,97.37000274658205,-3.594056686552427,123.04837799072266,-0.9729740814907406,4412.52978515625,-1.687729010355421,24.3700008392334,15.170137121782057,-1.687729010355421,24.3700008392334,2022-04-11,2022,2,4
2022-04-12,272.2682800292969,-1.1217894901919045,164.11949157714844,1.1523431695658282,21.43993377685547,-1.8843576658066352,54.36248779296875,0.7681709814707283,75.24661254882812,-0.5390986167861822,191.49700927734372,-0.32745149024184794,426.7699890136719,-1.7654942879641755,95.0999984741211,-2.331317868367455,123.71195220947266,0.5392791271088715,4397.4501953125,-0.3417447717741773,24.26000022888184,-0.45137712992798784,-0.3417447717741773,24.26000022888184,2022-04-12,2022,2,4
2022-04-13,277.63525390625,1.9712079116875447,166.80157470703125,1.6342258339388183,22.13684844970703,3.2505448948908944,55.05656814575195,1.276763409773496,75.64498901367188,0.5294277726924035,192.3915100097656,0.4671095051549168,431.6700134277344,1.1481651803556314,97.73999786376952,2.7760246393345955,127.72081756591795,3.2404834657021375,4446.58984375,1.1174577597236057,21.81999969482422,-10.057710268084696,1.1174577597236057,21.81999969482422,2022-04-13,2022,2,4
2022-04-14,270.1156921386719,-2.7084318946459462,161.79949951171875,-2.998817729447756,21.19466590881348,-4.25617288311887,53.31996536254883,-3.154215458191645,75.36042785644531,-0.37617978525336104,186.18885803222656,-3.223973852704931,420.4400024414063,-2.6015267767048766,93.05999755859376,-4.78821404487727,124.45738220214844,-2.555131908770647,4392.58984375,-1.214413784439794,22.700000762939453,4.033002201755176,-1.214413784439794,22.700000762939453,2022-04-14,2022,2,4
2022-04-18,270.7816772460937,0.2465555044761869,161.5841522216797,-0.13309515214134926,21.71809959411621,2.469648200895058,54.495361328125,2.2044199721137803,74.19374084472656,-1.548142765247007,183.8296661376953,-1.2670961729207786,425.4700012207031,1.1963654148246405,93.88999938964844,0.8918996914136779,126.64818572998048,1.7602841141826753,4391.68994140625,-0.02048682840329885,22.170000076293945,-2.3348047085126056,-0.02048682840329885,22.170000076293945,2022-04-18,2022,2,4
2022-04-19,275.39581298828125,1.7040058947541459,163.86497497558594,1.4115386456817536,22.13186264038086,1.905153093490486,55.52857971191406,1.8959749208155463,75.46475982666016,1.713108097074656,188.1351776123047,2.3421200533456865,436.3999938964844,2.5689220495974663,96.93000030517578,3.237832501107163,128.2208251953125,1.2417386449459,4462.2099609375,1.6057604355527166,21.3700008392334,-3.608476474097866,1.6057604355527166,21.3700008392334,2022-04-19,2022,2,4
2022-04-20,276.4189453125,0.3715133912592483,163.6985321044922,-0.10157318311527774,21.417999267578125,-3.2255006476510917,55.53788375854492,0.016755419784053593,76.15718841552734,0.9175522329331942,183.0629119873047,-2.6960750718574067,428.1099853515625,-1.8996353485028483,94.0199966430664,-3.00217028056069,127.57542419433594,-0.5033511521965739,4459.4501953125,-0.06184750715809706,20.31999969482422,-4.913435204370565,-0.06184750715809706,20.31999969482422,2022-04-20,2022,2,4
2022-04-21,271.0616455078125,-1.9381087640830463,162.90567016601562,-0.48434272945737655,20.12286949157715,-6.046922309692581,55.07422637939453,-0.8348488414974153,75.3888931274414,-1.0088283247721486,174.21595764160156,-4.832739875959502,417.4800109863281,-2.4830008009519067,89.8499984741211,-4.435224758384237,123.73011016845705,-3.0141495120732054,4393.66015625,-1.4752948498371943,22.68000030517578,11.61417640647251,-1.4752948498371943,22.68000030517578,2022-04-21,2022,2,4
2022-04-22,264.5169982910156,-2.414449747966374,158.3734130859375,-2.782135867621638,19.45686149597168,-3.3097068779591288,54.53716659545898,-0.9751562922298063,72.2872085571289,-4.114246066816829,168.51463317871094,-3.27256156099055,408.6700134277344,-2.1102800916813824,88.13999938964844,-1.9031709666252006,120.73030853271484,-2.424471805333406,4271.77978515625,-2.7740054250753654,28.209999084472656,24.38271033900683,-2.7740054250753654,28.209999084472656,2022-04-22,2022,2,4
2022-04-25,270.9747009277344,2.441318583849239,159.4403839111328,0.6737057719507167,19.84270477294922,1.983070481626359,54.62357711791992,0.15844336597445885,73.01757049560547,1.0103612424034347,171.60121154785156,1.831638185312534,413.9500122070313,1.2919956458294468,90.69000244140624,2.89312805697306,124.13922119140624,2.823576531958971,4296.1201171875,0.5697936985382235,27.020000457763672,-4.218357551680974,0.5697936985382235,27.020000457763672,2022-04-25,2022,2,4
2022-04-26,260.83935546875,-3.7403290507505127,153.48876953125,-3.7328148828342345,18.73202514648437,-5.597420508815876,52.039581298828125,-4.730550351020646,70.67471313476562,-3.208621356390995,167.18756103515625,-2.572039248956326,399.1199951171875,-3.5825623028190146,85.16000366210938,-6.09769393585553,121.35753631591795,-2.2407784169994893,4175.2001953125,-2.8146308431003852,33.52000045776367,24.05625421864992,-2.8146308431003852,33.52000045776367,2022-04-26,2022,2,4
2022-04-27,273.3879699707031,4.810859342679419,153.263671875,-0.14665415387551395,18.360137939453125,-1.9853016645188681,51.99032974243164,-0.09464249167122629,70.9118423461914,0.3355220005967441,171.70933532714844,2.704611673257995,397.8999938964844,-0.3056727890430322,84.91000366210938,-0.29356504139188555,122.81200408935548,1.1984981053432486,4183.9599609375,0.20980468517017847,31.600000381469727,-5.727923777069188,0.20980468517017847,31.600000381469727,2022-04-27,2022,2,4
2022-04-28,279.575439453125,2.2632559446873035,160.18435668945312,4.515541569497006,19.72306251525879,7.423280698109291,53.79290390014648,3.467133535496081,72.22079467773438,1.8458867915921218,182.58126831054688,6.331591094150313,410.5299987792969,3.174165638740445,89.63999938964844,5.5705988971118,134.71141052246094,9.689123242747266,4287.5,2.474690007293945,29.989999771118164,-5.094938578847829,2.474690007293945,29.989999771118164,2022-04-28,2022,2,4
2022-04-29,267.8858947753906,-4.181177252408219,154.32083129882812,-3.6604856502888916,18.49174118041992,-6.243053450174163,51.511817932128906,-4.240496055486897,69.62183380126953,-3.598632344135788,172.9479217529297,-5.276196537988842,395.9500122070313,-3.55150332877473,85.5199966430664,-4.596165522796514,126.9844970703125,-5.735901229287554,4131.93017578125,-3.6284507106413955,33.400001525878906,11.37046275687117,-3.6284507106413955,33.400001525878906,2022-04-29,2022,2,4
2022-05-02,274.5945739746094,2.504304754396891,154.6243133544922,0.19665657131953118,19.47480773925781,5.3162465840632445,53.55224990844727,3.9610948676026325,70.19096374511719,0.8174589963720225,174.55018615722656,0.9264432830744518,407.2900085449219,2.8639969663547316,89.83999633789062,5.051449794665608,132.05699157714844,3.9945777822211204,4155.3798828125,0.5675242812353654,32.34000015258789,-3.1736566612720285,0.5675242812353654,32.34000015258789,2022-05-02,2022,2,5
2022-05-03,271.9979553222656,-0.9456190684175136,156.11219787597656,0.962257803579214,19.543601989746094,0.3532473922687629,54.00011444091797,0.8363131954985281,69.51750183105469,-0.9594709605470375,175.32675170898438,0.44489528705418113,407.5799865722656,0.07119694106412222,91.12999725341795,1.4358870971850957,131.1388397216797,-0.6952694018721117,4175.47998046875,0.48371263814863674,29.25,-9.554731410044926,0.48371263814863674,29.25,2022-05-03,2022,2,5
2022-05-04,279.9133605957031,2.9100973439521782,162.51409912109375,4.100833459665454,20.273418426513672,3.7342985041881827,56.08979797363281,3.8697761187176383,71.33869171142578,2.619757373901388,182.3256683349609,3.9919273914306386,423.3500061035156,3.8691839763466573,99.41999816894533,9.096895825064276,135.49317932128906,3.3204042439682446,4300.169921875,2.986242108440229,25.420000076293945,-13.094016833183098,2.986242108440229,25.420000076293945,2022-05-04,2022,2,5
2022-05-05,267.7217712402344,-4.355486758303706,153.45945739746094,-5.571603800902192,18.78785896301269,-7.327621973994081,53.890472412109375,-3.9210794850024544,69.05272674560547,-3.204383078774886,169.36984252929688,-7.105870459151231,400.510009765625,-5.395062243675952,93.87000274658205,-5.582373289659614,128.75717163085938,-4.971473637397561,4146.8701171875,-3.5649708609806985,31.200000762939453,22.738004206521587,-3.5649708609806985,31.200000762939453,2022-05-05,2022,2,5
2022-05-06,265.1927490234375,-0.944645706279712,154.18487548828125,0.47270992816133006,18.61935806274414,-0.8968605768239768,53.900691986083984,0.01896360064623792,68.75868225097656,-0.42582604407814806,166.8140411376953,-1.5090061804594712,391.010009765625,-2.3719756731072295,95.33999633789062,1.56598865270845,127.7935791015625,-0.7483796957418742,4123.33984375,-0.5674224842484032,30.190000534057617,-3.2371801416157364,-0.5674224842484032,30.190000534057617,2022-05-06,2022,2,5
2022-05-09,255.3950653076172,-3.6945518879757944,149.06759643554688,-3.3189241399512737,16.899499893188477,-9.236935901656906,52.30439376831055,-2.9615542193513367,67.85759735107422,-1.3105034453878672,160.81776428222656,-3.594587610595179,376.9100036621094,-3.606047352078612,86.36000061035156,-9.41891763422501,122.64839935302734,-4.026164526189602,3991.239990234375,-3.2037100632356763,34.75,15.104337148978209,-3.2037100632356763,34.75,2022-05-09,2022,2,5
2022-05-10,260.144287109375,1.8595589527297562,151.4694061279297,1.6112218549262591,17.542577743530273,3.8053069878180024,54.02054977416992,3.2810933885618176,68.79662322998047,1.383818342473897,164.30740356445312,2.169933960841819,393.0299987792969,4.276881738495497,88.7300033569336,2.7443292378786177,124.366455078125,1.4007975107383608,4001.050048828125,0.24578974498534745,32.9900016784668,-5.06474337131857,0.24578974498534745,32.9900016784668,2022-05-10,2022,2,5
2022-05-11,251.50498962402344,-3.320963754902395,143.61700439453125,-5.184150340410243,16.5804500579834,-5.484528554543299,52.6937141418457,-2.456168324593111,67.37384033203125,-2.0680999025097346,158.52740478515625,-3.517795701171522,379.3299865722656,-3.4857421188158155,87.91999816894531,-0.9128875885757393,120.26667785644533,-3.2965297749334876,3935.179931640625,-1.646320750393837,32.560001373291016,-1.303426139127628,-1.646320750393837,32.560001373291016,2022-05-11,2022,2,5
2022-05-12,246.48553466796875,-1.9957675446353185,139.75454711914062,-2.6894150115957305,16.126808166503906,-2.73600469162818,53.10811233520508,0.7864281349457825,67.08927917480469,-0.4223614919740215,157.6918487548828,-0.5270735564023243,388.489990234375,2.414785012089804,87.05999755859375,-0.9781626800071108,119.78488159179688,-0.400606612933585,3930.080078125,-0.12959645058717717,31.770000457763672,-2.426292635771765,-0.12959645058717717,31.770000457763672,2022-05-12,2022,2,5
2022-05-13,252.05517578125,2.2596218965887482,144.2150115966797,3.191641752977459,17.653249740600586,9.465242956552089,54.65702819824219,2.916533453986725,67.50662231445312,0.6220712828960862,164.0714569091797,4.045616945117669,405.4500122070313,4.365626502351927,95.12000274658205,9.257989218944896,122.65744018554688,2.398097786279174,4023.889892578125,2.386969542307149,28.8700008392334,-9.128106946002879,2.386969542307149,28.8700008392334,2022-05-13,2022,2,5
2022-05-16,252.42198181152344,0.1455260853646445,142.67587280273438,-1.0672528309672469,17.212566375732422,-2.4963299751809442,54.13948822021485,-0.9468864208098005,66.12177276611328,-2.0514276982916857,161.32891845703125,-1.6715512276255007,402.8599853515625,-0.6388030034504721,94.23999786376952,-0.9251522891110864,121.73025512695312,-0.7559142414770514,4008.010009765625,-0.3946400929555671,27.46999931335449,-4.849329702742344,-0.3946400929555671,27.46999931335449,2022-05-16,2022,2,5
2022-05-17,257.5573425292969,2.0344348304847104,146.3031005859375,2.5422853296423797,18.122848510742188,5.288474217843242,56.50698852539063,4.372963954786324,68.18008422851562,3.1129102809796416,160.945556640625,-0.23762746324265116,409.6499938964844,1.6854512217182593,102.47000122070312,8.733025831378583,126.9844970703125,4.316299130302248,4088.85009765625,2.0169632234863677,26.100000381469727,-4.987255064177376,2.0169632234863677,26.100000381469727,2022-05-17,2022,2,5
2022-05-18,245.8308563232422,-4.552961329270122,138.0487518310547,-5.641950663946638,16.887537002563477,-6.8163208860157365,53.01519775390625,-6.179396323545705,64.78435516357422,-4.980529289990487,154.65440368652344,-3.9088702325278057,397.8800048828125,-2.873181786656165,96.27999877929688,-6.040794737646216,118.58493041992188,-6.6146394592874636,3923.679931640625,-4.03952607874526,30.959999084472656,18.620684413680678,-4.03952607874526,30.959999084472656,2022-05-18,2022,2,5
2022-05-19,244.92135620117188,-0.3699698791572392,134.64706420898438,-2.4641205204327554,17.072986602783203,1.0981447453916715,50.75175857543945,-4.269415704103496,63.589202880859375,-1.8448162055440753,152.95382690429688,-1.0995980338675326,394.3800048828125,-0.8796621989161868,96.66999816894533,0.40506792126415725,118.69403839111328,0.0920082938068445,3900.7900390625,-0.5833781800992588,29.350000381469727,-5.200254362444056,-0.5833781800992588,29.350000381469727,2022-05-19,2022,2,5
2022-05-20,244.3601837158203,-0.2291235415545545,134.88233947753906,0.1747347927241183,16.64426040649414,-2.5111376601160806,50.471153259277344,-0.5528977202730934,65.09735870361328,2.371716823655712,156.93495178222656,2.6028278981346853,399.0899963378906,1.1942774473258755,93.5,-3.2791954370427145,119.6303482055664,0.7888431695009412,3901.360107421875,0.014614176965843662,29.43000030517578,0.2725721385562929,0.014614176965843662,29.43000030517578,2022-05-20,2022,2,5
2022-05-23,252.1874542236328,3.2031693497641456,140.29376220703125,4.0119579408639305,16.847658157348633,1.2220293716092678,48.90737915039063,-3.0983522426233923,66.43479919433594,2.054523435907729,157.59356689453125,0.41967395078352787,406.760009765625,1.9218756416135685,95.06999969482422,1.6791440586355177,120.10306549072266,0.39514829827624887,3973.75,1.8555039930923556,28.479999542236328,-3.228001199756625,1.8555039930923556,28.479999542236328,2022-05-23,2022,2,5
2022-05-24,251.19091796875,-0.39515695098738535,137.59783935546875,-1.9216270268553548,16.105873107910156,-4.40289708225664,48.7066764831543,-0.410372975863571,65.47677612304688,-1.442050074519896,154.2611846923828,-2.114542025930932,398.4100036621094,-2.052809003600653,91.16000366210938,-4.112754859856926,116.83959197998048,-2.7172274890804204,3941.47998046875,-0.8120797617175213,29.450000762939453,3.405903217324835,-0.8120797617175213,29.450000762939453,2022-05-24,2022,2,5
2022-05-25,253.99679565429688,1.1170299102517545,137.75469970703125,0.1139991385745942,16.924427032470703,5.08233188648759,49.39704895019531,1.4174082833998902,66.235595703125,1.1589140837540812,156.93495178222656,1.7332727576127471,402.5,1.0265797294988,92.6500015258789,1.634486401835078,119.29399871826172,2.1006635650540284,3978.72998046875,0.9450764734207695,28.3700008392334,-3.6672322435561733,0.9450764734207695,28.3700008392334,2022-05-25,2022,2,5
2022-05-26,257.2669982910156,1.2874975955089019,140.95053100585938,2.319943570437033,17.797813415527344,5.160507835101225,51.16523742675781,3.5795427341120734,67.97142028808594,2.620682378612682,159.6971893310547,1.760116224880992,408.6000061035156,1.5155294667119623,98.75,6.583916215497587,122.57565307617188,2.7508964350004605,4057.840087890625,1.9883256167224195,27.5,-3.0666225361201227,1.9883256167224195,27.5,2022-05-26,2022,2,5
2022-05-27,264.3687744140625,2.760469150813294,146.69520568847656,4.075667286686824,18.75495719909668,5.377872894960767,54.19616317749024,5.923798858690232,69.03375244140625,1.5629100419231934,162.29226684570312,1.6249988653643799,428.2200012207031,4.801760847800107,102.26000213623048,3.5544325430182155,127.04812622070312,3.6487451074414645,4158.240234375,2.474226295510973,25.71999931335449,-6.472729769620045,2.474226295510973,25.71999931335449,2022-05-27,2022,2,5
2022-05-31,263.0433044433594,-0.5013716062499673,145.9109649658203,-0.5346055578133058,18.61636734008789,-0.7389505480474456,53.90348815917969,-0.540029037391554,68.218017578125,-1.1816464185017583,157.51490783691406,-2.943676307960541,416.4800109863281,-2.741579141774897,101.86000061035156,-0.3911612727584779,130.19345092773438,2.4756954711534274,4132.14990234375,-0.6274368617659065,26.190000534057617,1.8273764900883727,-0.6274368617659065,26.190000534057617,2022-05-31,2022,2,5
2022-06-01,263.575439453125,0.20229939358908933,145.78353881835938,-0.08733144043752139,18.265417098999023,-1.8851703701244782,53.298587799072266,-1.1221914958844947,67.91448211669922,-0.44494910905049645,173.07571411132812,9.878941928801567,418.1600036621094,0.40337894531903284,101.22000122070312,-0.6283127683227141,127.95455169677734,-1.719671162414893,4101.22998046875,-0.7482768681131846,25.690000534057617,-1.9091255815355868,-0.7482768681131846,25.690000534057617,2022-06-01,2022,2,6
2022-06-02,265.66522216796875,0.7928594254380084,148.2343292236328,1.6811160060581587,19.533626556396484,6.94322746928655,53.58849334716797,0.5439272597401734,69.37521362304688,2.150839498176027,185.1959991455078,7.0028802691425085,441.2799987792969,5.5289829047996175,108.58999633789062,7.281164817532204,133.60203552246094,4.413663875800866,4176.81982421875,1.8431018038486124,24.71999931335449,-3.775792917626386,1.8431018038486124,24.71999931335449,2022-06-02,2022,2,6
2022-06-03,261.2532958984375,-1.6607090056905416,142.51904296875,-3.8555753480426835,18.66422843933105,-4.4507767902460476,52.341556549072266,-2.326874148182412,68.0947036743164,-1.8457744226751838,181.765380859375,-1.8524257013983303,429.760009765625,-2.610584899732449,106.3000030517578,-2.108843690359141,129.05117797851562,-3.406278599086332,4108.5400390625,-1.6347313992415624,24.790000915527344,0.28317801018318267,-1.6347313992415624,24.790000915527344,2022-06-03,2022,2,6
2022-06-06,260.0245666503906,-0.4703210513847589,143.26409912109375,0.522776561520355,18.730030059814453,0.3525547316209465,52.14736557006836,-0.3710072680430221,69.21398162841797,1.6437077976796166,179.7600555419922,-1.1032493139792376,429.4599914550781,-0.0698106626324968,105.6500015258789,-0.6114783699134985,128.33836364746094,-0.5523501158380406,4121.43017578125,0.3137400778913113,25.06999969482422,1.1294827307630095,0.3137400778913113,25.06999969482422,2022-06-06,2022,2,6
2022-06-07,263.6527709960937,1.3953313690476365,145.78353881835938,1.758598080553364,18.869613647460938,0.7452395281840163,53.24005126953125,2.0953804425550393,68.94837951660156,-0.3837405471662003,183.96728515625,2.34046968976096,433.4200134277344,0.9220933384828323,105.27999877929688,-0.35021556198595594,129.66342163085938,1.0324722442607293,4160.68017578125,0.9523393173235029,24.020000457763672,-4.18826984380587,0.9523393173235029,24.020000457763672,2022-06-07,2022,2,6
2022-06-08,261.630615234375,-0.7669768666109134,145.0482635498047,-0.5043609686761763,18.59637260437012,-1.4480478943329267,52.53110885620117,-1.3315960379921665,67.70582580566406,-1.8021507099210576,185.9725646972656,1.090019640890194,428.8399963378906,-1.0567156448596737,101.9000015258789,-3.2104837505779305,126.9859390258789,-2.064948287885715,4115.77001953125,-1.0793945785935621,23.959999084472656,-0.24979755265417403,-1.0793945785935621,23.959999084472656,2022-06-08,2022,2,6
2022-06-09,256.1931457519531,-2.078300155182855,139.8329620361328,-3.5955628740644063,17.998031616210938,-3.2175145168825803,51.681861877441406,-1.6166553443303422,65.6570053100586,-3.026062338396396,183.9279327392578,-1.0994266607744718,426.4200134277344,-0.5643090501869841,98.8000030517578,-3.042196690579857,124.92981719970705,-1.619172832791227,4017.820068359375,-2.379869397635359,26.09000015258789,8.889821158196899,-2.379869397635359,26.09000015258789,2022-06-09,2022,2,6
2022-06-10,244.7762451171875,-4.456364592134521,134.43141174316406,-3.8628590958210474,16.9270076751709,-5.950783751681832,50.29275131225586,-2.687810606513541,63.68406295776367,-3.00492284559416,175.41522216796875,-4.628285896822948,393.8399963378906,-7.640358347149934,94.81999969482422,-4.028343354249286,121.72223663330078,-2.5675060112181014,3900.860107421875,-2.9110303335524668,27.75,6.362590408982616,-2.9110303335524668,27.75,2022-06-10,2022,2,6
2022-06-13,234.3945770263672,-4.24128905394805,129.2847137451172,-3.8284936022838334,15.603681564331056,-7.8178384285897184,48.09528732299805,-4.369345346835917,60.75312423706055,-4.602311134964754,163.20645141601562,-6.95992662498961,371.6499938964844,-5.634268395221243,86.98999786376953,-8.257753486875508,117.57345581054688,-3.408400089831143,3749.6298828125,-3.8768430665237275,34.02000045776367,22.594596244193422,-3.8768430665237275,34.02000045776367,2022-06-13,2022,2,6
2022-06-14,236.55218505859372,0.9205025387527765,130.1473846435547,0.66726442241134,15.792157173156738,1.207891919920523,48.33222961425781,0.4926517845054379,67.07979583740234,10.413738683882222,161.65333557128906,-0.9516265020477976,370.8200073242188,-0.22332479103894798,86.98999786376953,0.0,119.03557586669922,1.2435800632655925,3735.47998046875,-0.37736797459957394,32.689998626708984,-3.909470350260291,-0.37736797459957394,32.689998626708984,2022-06-14,2022,2,6
2022-06-15,243.58616638183597,2.9735431619454022,132.76486206054688,2.011164053861614,16.481245040893555,4.363481569877714,48.939903259277344,1.257284528086977,66.11231231689453,-1.4422875150856718,165.68360900878906,2.493158228536929,376.9200134277344,1.6450045798586554,89.30000305175781,2.655483670209824,119.73921966552734,0.5911205903822436,3789.989990234375,1.4592504858983224,29.6200008392334,-9.391244773461938,1.4592504858983224,29.6200008392334,2022-06-15,2022,2,6
2022-06-16,237.0165863037109,-2.6970251125947975,127.50050354003906,-3.9651745490512535,15.557808876037598,-5.602951491617958,46.196075439453125,-5.606524813275115,65.17325592041016,-1.4203956321830358,157.1315460205078,-5.161683186070376,365.0799865722656,-3.14125714572564,82.05000305175781,-8.118700730388484,110.40901184082033,-7.792106755639027,3666.77001953125,-3.2511951488163437,32.95000076293945,11.242403205118334,-3.2511951488163437,32.95000076293945,2022-06-16,2022,2,6
2022-06-17,239.60958862304688,1.0940172414825478,128.97100830078125,1.1533325123538773,15.836034774780272,1.7883360115781066,46.33266830444336,0.2956806691712499,64.23421478271484,-1.4408381542915016,160.48353576660156,2.1332379340659458,360.7900085449219,-1.1750789375288284,81.56999969482422,-0.5850132103356609,110.56436920166016,0.14071076105981462,3674.840087890625,0.2200865698254617,31.1299991607666,-5.523525220126546,0.2200865698254617,31.1299991607666,2022-06-17,2022,2,6
2022-06-21,245.5018615722656,2.4591140041930526,133.19619750976562,3.2760767436434524,16.5201358795166,4.319901506062607,47.19645690917969,1.8643187114986137,64.19627380371094,-0.05906661914097944,163.99281311035156,2.1866899473437007,362.989990234375,0.6097679085753205,83.79000091552734,2.721590326111012,113.67139434814452,2.8101504751656625,3764.7900390625,2.4477242280086964,30.190000534057617,-3.0195909156774836,2.4477242280086964,30.190000534057617,2022-06-21,2022,2,6
2022-06-22,244.9116668701172,-0.24040335106569888,132.68649291992188,-0.38267202771038455,16.314706802368164,-1.2435071881167103,46.47788619995117,-1.522509858338017,63.10547637939453,-1.6991600285893083,164.602294921875,0.3716515376276375,365.3299865722656,0.6446448664823246,83.75,-0.04773948572655007,111.633544921875,-1.792754842109301,3759.889892578125,-0.13015723144006452,28.950000762939453,-4.107319473940752,-0.13015723144006452,28.950000762939453,2022-06-22,2022,2,6
2022-06-23,250.4556579589844,2.263669656785816,135.5489959716797,2.1573432146446025,16.180082321166992,-0.8251725442079638,46.52284240722656,0.0967260152107352,64.14884185791016,1.6533675655070468,170.10708618164062,3.344298001664159,376.6400146484375,3.0958389652842477,82.43000030517578,-1.57611903859608,109.74191284179688,-1.6945014882416842,3795.72998046875,0.9532217409177868,29.049999237060547,0.3454178635086791,0.9532217409177868,29.049999237060547,2022-06-23,2022,2,6
2022-06-24,259.00860595703125,3.41495499352924,138.8722686767578,2.451713257818944,17.07858657836914,5.553150097553661,47.69486618041992,2.519243693096662,67.06082916259766,4.539423036097134,182.7582092285156,7.437152284982451,387.7200012207031,2.941797509913524,87.08000183105469,5.641151896959218,114.32019805908205,4.1718656971882595,3911.739990234375,3.056329358583576,27.229999542236328,-6.265059354983915,3.056329358583576,27.229999542236328,2022-06-24,2022,2,6
2022-06-27,256.2898864746094,-1.0496637640190598,138.8722686767578,0.0,16.822301864624023,-1.5006201629689575,47.37820816040039,-0.6639247478369636,66.78575897216797,-0.4101801213384104,178.2266082763672,-2.4795608204292607,381.0700073242188,-1.7151536870802064,86.16000366210938,-1.0564976453838582,116.22097778320312,1.6626805729804017,3900.110107421875,-0.2973071533776239,26.950000762939453,-1.028273169313021,-0.2973071533776239,26.950000762939453,2022-06-27,2022,2,6
2022-06-28,248.15293884277344,-3.1749000102046843,134.73529052734375,-2.9789807488803888,15.937753677368164,-5.258187579643869,46.69805145263672,-1.4355897662085115,65.04994201660156,-2.5990824724920536,168.5441131591797,-5.432687751187704,365.6300048828125,-4.051749585285458,80.77999877929688,-6.244202244827046,120.2601089477539,3.475389074840951,3821.550048828125,-2.0143036075892073,28.36000061035156,5.231910231895354,-2.0143036075892073,28.36000061035156,2022-06-28,2022,2,6
2022-06-29,251.81021118164065,1.4737977135883984,136.49009704589844,1.3024104610503295,15.498969078063965,-2.753114448790106,45.9448127746582,-1.6129980899577512,65.64751434326172,0.9186362172431295,167.70855712890625,-0.4957491630006139,368.5,0.7849451847113498,77.98999786376953,-3.4538263898097443,119.0081558227539,-1.0410377438988538,3818.830078125,-0.07117454091590814,28.15999984741211,-0.7052212927895596,-0.07117454091590814,28.15999984741211,2022-06-29,2022,2,6
2022-06-30,248.4915313720703,-1.3179290045455927,134.02944946289062,-1.8028030137456463,15.117032051086426,-2.464273753007884,45.51383972167969,-0.9380233087297074,66.27355194091797,0.9536348846093112,162.23329162597656,-3.26475022900663,366.05999755859375,-0.6621444888483707,76.47000122070312,-1.948963565458084,116.73272705078124,-1.9119939774225214,3785.3798828125,-0.8759278267998716,28.709999084472656,1.9531223012811516,-0.8759278267998716,28.709999084472656,2022-06-30,2022,2,6
2022-07-01,251.1522216796875,1.0707368146213758,136.19595336914062,1.616438711739887,14.482789039611816,-4.195552469104069,44.76716995239258,-1.6405334593896037,67.22206115722656,1.4312032304443,165.3395538330078,1.9146885179354145,368.4800109863281,0.6610974823456406,73.66999816894531,-3.6615705597762616,112.885498046875,-3.295758696901352,3825.330078125,1.0553814029047315,26.700000762939453,-7.001039309054802,1.0553814029047315,26.700000762939453,2022-07-01,2022,3,7
2022-07-05,254.3161163330078,1.2597518079515257,138.7742156982422,1.8930535491855194,14.92257022857666,3.0365780221061067,44.62289047241211,-0.3222885881191573,68.28440856933594,1.580355308690451,169.27151489257812,2.3781127796810075,376.489990234375,2.1737893533508634,75.19999694824219,2.076827497386624,114.98729705810548,1.8618857582199944,3831.389892578125,0.15841285142366157,27.540000915527344,3.1460678973232126,0.15841285142366157,27.540000915527344,2022-07-05,2022,3,7
2022-07-06,257.5670471191406,1.2783030949859109,140.10745239257812,0.9607236384855389,15.088111877441406,1.1093373750571178,45.214054107666016,1.3247990638781904,67.97142028808594,-0.4583598039546444,169.79249572753906,0.3077782078641844,382.8299865722656,1.6839747409868266,75.3499984741211,0.19947012229555305,116.11133575439452,0.977532931938585,3845.080078125,0.35731642904301975,26.729999542236328,-2.941181359345302,0.35731642904301975,26.729999542236328,2022-07-06,2022,3,7
2022-07-07,259.6858825683594,0.8226345229010112,143.46998596191406,2.3999676761762734,15.814098358154297,4.811645662558539,46.706485748291016,3.300813585685436,68.13265991210938,0.23721679397024076,173.63601684570312,2.263657826392773,390.8900146484375,2.105380549820235,79.30000305175781,5.242209233744499,122.81884002685548,5.776786761500241,3902.6201171875,1.4964587965241805,26.07999992370605,-2.4317232684692214,1.4964587965241805,26.07999992370605,2022-07-07,2022,3,7
2022-07-08,258.96990966796875,-0.27570728655307297,144.1463623046875,0.47144100435960734,15.794153213500977,-0.12612255344317536,46.72053909301758,0.03008863651676741,68.17058563232422,0.055664523099152596,172.51539611816406,-0.6453849540529744,389.4400024414063,-0.3709514576204609,79.3499984741211,0.06304592741395165,124.29010009765624,1.1979107362348085,3899.3798828125,-0.0830271529819071,24.63999938964844,-5.521474456557362,-0.0830271529819071,24.63999938964844,2022-07-08,2022,3,7
2022-07-11,255.92221069335935,-1.1768544764590327,142.0190887451172,-1.4757733220307157,15.110052108764648,-4.331356645011852,45.23747634887695,-3.1743271223560687,68.18965911865234,0.027979055997851,171.394775390625,-0.6495772277458012,384.1600036621094,-1.3557926114925345,76.94999694824219,-3.0245766503217197,120.84497833251952,-2.771839239352003,3854.429931640625,-1.1527461422777274,26.170000076293945,6.209418524938259,-1.1527461422777274,26.170000076293945,2022-07-11,2022,3,7
2022-07-12,245.4341278076172,-4.098152660266274,142.98959350585938,0.6833621939962953,15.040243148803713,-0.46200343624521745,45.09788131713867,-0.3085827128412433,67.08444213867188,-1.6207985114830237,163.50135803222656,-4.605401384265417,375.5400085449219,-2.2438554339377026,76.36000061035156,-0.766726915255711,121.49376678466795,0.5368766340982933,3818.800048828125,-0.9243878717321574,27.290000915527344,4.279712785511025,-0.9243878717321574,27.290000915527344,2022-07-12,2022,3,7
2022-07-13,244.5149688720703,-0.374503311237695,142.62689208984375,-0.2536558130719957,15.122017860412598,0.5437060478333366,45.13161087036133,0.07479187987893265,66.72237396240234,-0.539720037503022,160.7096405029297,-1.7074583128212417,371.9400024414063,-0.9586211912451792,77.5199966430664,1.5191147504490576,123.95198822021484,2.0233313202839165,3801.780029296875,-0.44569025122100925,26.81999969482422,-1.722246994999932,-0.44569025122100925,26.81999969482422,2022-07-13,2022,3,7
2022-07-14,245.8308563232422,0.5381623289739457,145.5482177734375,2.0482292229669685,15.32944107055664,1.3716635706868763,45.404239654541016,0.6040750128835537,66.16978454589844,-0.8281920796392672,158.3013153076172,-1.498556768452608,372.9599914550781,0.27423482469661753,78.5999984741211,1.393191276861705,129.6725616455078,4.615152614679907,3790.3798828125,-0.299863390215227,26.399999618530277,-1.5659958280126118,-0.299863390215227,26.399999618530277,2022-07-14,2022,3,7
2022-07-15,248.38511657714844,1.039031589487549,147.2147674560547,1.1450155200191992,15.718361854553224,2.5370839171924287,46.32423782348633,2.026238465714081,67.39887237548828,1.8574759431735588,164.53347778320312,3.936898732316507,379.8599853515625,1.8500627559445482,81.11000061035156,3.193387003762971,131.92970275878906,1.7406466600480286,3863.159912109375,1.9201249359436678,24.229999542236328,-8.219697377460633,1.9201249359436678,24.229999542236328,2022-07-15,2022,3,7
2022-07-18,245.99530029296875,-0.9621414991012212,144.17581176757812,-2.0643008449432343,16.05642318725586,2.150741507485443,46.00569915771485,-0.6876285088277867,66.89389038085938,-0.7492439811390028,165.0347900390625,0.3046870841203031,375.2300109863281,-1.2188634085660066,81.43000030517578,0.39452557319223924,129.48068237304688,-1.8563070593888953,3830.85009765625,-0.8363571580831342,25.299999237060547,4.416012030702099,-0.8363571580831342,25.299999237060547,2022-07-18,2022,3,7
2022-07-19,251.10386657714844,2.076692635223365,148.02845764160156,2.6721860115025198,16.94495964050293,5.533838034066707,47.68644332885742,3.65333904693137,68.8280029296875,2.89131419598454,170.8541259765625,3.5261267858265555,387.8299865722656,3.3579338584398544,85.87999725341797,5.464812638542194,134.67123413085938,4.008746063646784,3936.68994140625,2.762829164595959,24.5,-3.1620524157513485,2.762829164595959,24.5,2022-07-19,2022,3,7
2022-07-20,253.7549743652344,1.0557813482618972,150.02828979492188,1.3509781735091764,17.75769805908203,4.796343194801378,47.94594955444336,0.5441928721677147,69.1614761352539,0.484502224925909,179.3472137451172,4.970958541393222,401.489990234375,3.5221628381136183,89.43000030517578,4.133678580918354,138.63726806640625,2.944974820452817,3959.89990234375,0.5895806193263242,23.8799991607666,-2.530615670340397,0.5895806193263242,23.8799991607666,2022-07-20,2022,3,7
2022-07-21,256.2414245605469,0.9798626417205414,152.29283142089844,1.5094097447035049,18.00002670288086,1.364639960610714,48.499629974365234,1.1548012398694185,71.01937866210938,2.6863257273776364,182.1978912353516,1.5894740881147396,408.9100036621094,1.8481191581894318,91.08999633789062,1.8561959376609538,142.4296417236328,2.7354647924900277,3998.949951171875,0.986137270919718,23.11000061035156,-3.224449654420858,0.986137270919718,23.11000061035156,2022-07-21,2022,3,7
2022-07-22,251.90695190429688,-1.6915581326023332,151.05763244628906,-0.8110683628933302,17.271053314208984,-4.0498461513682305,48.01621627807617,-0.9967368751979677,71.36236572265625,0.4829485515196019,179.3668670654297,-1.553818296538334,401.8999938964844,-1.7143160360091114,88.0999984741211,-3.282465675680113,140.45578002929688,-1.3858503542162781,3961.6298828125,-0.9332466976346709,23.030000686645508,-0.3461701496892955,-0.9332466976346709,23.030000686645508,2022-07-22,2022,3,7
2022-07-25,250.42662048339844,-0.5876500865529266,149.94007873535156,-0.7398194270884395,16.976865768432617,-1.7033561325083602,48.07149505615234,0.11512522718581941,71.32427215576172,-0.053380470936992275,174.2749481201172,-2.83882917097229,391.9599914550781,-2.473252697775963,87.54000091552734,-0.6356385565185252,140.04457092285156,-0.2927676642139887,3966.840087890625,0.13151670479691902,23.36000061035156,1.432913216964904,0.13151670479691902,23.36000061035156,2022-07-25,2022,3,7
2022-07-26,243.7215881347656,-2.6774439297587938,148.61666870117188,-0.8826259432046513,16.487224578857422,-2.8841671734581964,47.88224411010742,-0.39368641608472643,70.53343963623047,-1.1087845632748783,167.56114196777344,-3.8524218338692795,379.260009765625,-3.2401219426265504,85.25,-2.615948014139391,137.0471954345703,-2.140301097378816,3921.050048828125,-1.154320266205866,24.690000534057617,5.693492675324219,-1.154320266205866,24.690000534057617,2022-07-26,2022,3,7
2022-07-27,260.0148010253906,6.685174265980787,153.7045135498047,3.423468506660643,17.740747451782227,7.602995076152919,49.446807861328125,3.26752386045841,72.28656005859375,2.4855167015884083,177.2337646484375,5.772592957455713,392.7799987792969,3.5648337988566148,89.81999969482422,5.360703454339255,140.19989013671875,2.300444523619327,4023.610107421875,2.6156273782937722,23.239999771118164,-5.872825968307726,2.6156273782937722,23.239999771118164,2022-07-27,2022,3,7
2022-07-28,267.4358825683594,2.8540996565207255,154.25347900390625,0.35715636543338647,17.934206008911133,1.090475796776369,49.99206161499024,1.1027076918519452,73.40129089355469,1.5420997126676994,178.2069091796875,0.5490740058365029,403.5,2.7292635200415916,91.66999816894533,2.0596732135456763,133.8304901123047,-4.543084889868898,4072.429931640625,1.2133338697180918,22.32999992370605,-3.915662032591871,1.2133338697180918,22.32999992370605,2022-07-28,2022,3,7
2022-07-29,271.625244140625,1.5664919501573449,159.31195068359375,3.2793242086678553,18.11271476745605,0.995353563220025,50.16726303100586,0.35045847351709014,74.16351318359375,1.0384317234208185,180.8905029296875,1.5058864790108206,410.1199951171875,1.6406431517193232,94.47000122070312,3.054437774284091,132.56028747558594,-0.9491130426652838,4130.2900390625,1.4207760082581844,21.32999992370605,-4.478280355650055,1.4207760082581844,21.32999992370605,2022-07-29,2022,3,7
2022-08-01,268.9839172363281,-0.9724158417799389,158.3316192626953,-0.6153533471230044,18.38994598388672,1.5305889812209816,50.25063705444336,0.1661920910175363,73.78239440917969,-0.51388986046359,179.86819458007812,-0.5651531357656503,411.0899963378906,0.23651644207836053,96.77999877929688,2.4452180890705,134.72601318359375,1.6337666048036326,4118.6298828125,-0.28230841271976725,22.84000015258789,7.079232228236587,-0.28230841271976725,22.84000015258789,2022-08-01,2022,3,8
2022-08-02,265.8974914550781,-1.1474387810845532,156.86114501953125,-0.9287306287977359,18.474706649780277,0.46090763924933054,49.76722717285156,-0.9619975186942464,72.74388122558594,-1.40753521474839,180.66441345214844,0.4426679624650598,409.9599914550781,-0.27488017049281943,99.29000091552734,2.5935132960214657,134.36053466796875,-0.27127538846336563,4091.18994140625,-0.6662395550704803,23.93000030517578,4.772329883125637,-0.6662395550704803,23.93000030517578,2022-08-02,2022,3,8
2022-08-03,273.29913330078125,2.783644856970602,162.86073303222656,3.8247763727265127,18.8406925201416,1.9810104555336938,51.22217178344727,2.9234994458148034,73.71571350097656,1.335964288703373,186.42477416992188,3.188431306256745,424.5400085449219,3.5564487739631945,98.08999633789062,-1.2085855237907062,136.30697631835938,1.448670664492857,4155.169921875,1.5638477163140152,21.950000762939453,-8.274130869142017,1.5638477163140152,21.950000762939453,2022-08-03,2022,3,8
2022-08-04,274.4407958984375,0.4177337058730357,162.54701232910156,-0.19263127291888615,19.161800384521484,1.7043315368402867,51.78990936279297,1.1083824827770483,73.74430084228516,0.038780525821291434,188.01719665527344,0.8541903791714489,430.5899963378906,1.4250689384269322,103.91000366210938,5.933334225205367,137.99755859375,1.2402756785111935,4151.93994140625,-0.07773401640558397,21.440000534057617,-2.323463376561352,-0.07773401640558397,21.440000534057617,2022-08-04,2022,3,8
2022-08-05,273.7248229980469,-0.2608842821806956,162.3212127685547,-0.13891338715578128,18.93642807006836,-1.1761541709576329,51.66250228881836,-0.24600752452009766,73.6966552734375,-0.06460915393252664,186.9359130859375,-0.5750982296148455,433.4299926757813,0.6595592935378036,102.30999755859376,-1.5397998721263129,137.26651000976562,-0.5297547227893329,4145.18994140625,-0.16257460597355333,21.149999618530277,-1.3526161767891343,-0.16257460597355333,21.149999618530277,2022-08-05,2022,3,8
2022-08-08,271.2188415527344,-0.9155112122696929,161.8500518798828,-0.29026451973573897,17.74374008178711,-6.298378891035206,51.10880279541016,-1.0717628238615884,72.85821533203125,-1.1376906296430622,186.5230407714844,-0.22086302606995067,434.3399963378906,0.20995401275565317,100.06999969482422,-2.1894222629481375,135.0732879638672,-1.5977837899006864,4140.06005859375,-0.12375507238541195,21.290000915527344,0.6619446785918859,-0.12375507238541195,21.290000915527344,2022-08-08,2022,3,8
2022-08-09,273.1346130371094,0.7063563406609852,161.89907836914062,0.030291302775853346,17.038694381713867,-3.973489787516271,49.91617584228516,-2.3335059478875264,73.14404296875,0.3923066677054443,179.14076232910156,-3.9578372794313976,426.5700073242188,-1.788918607354606,95.54000091552734,-4.526830012103189,130.23001098632812,-3.5856660117984718,4122.47021484375,-0.4248692893594086,21.770000457763672,2.254577367755073,-0.4248692893594086,21.770000457763672,2022-08-09,2022,3,8
2022-08-10,279.7719116210937,2.4300466755865058,166.1399688720703,2.6194655001433587,18.046897888183597,5.917140620538075,51.56599426269531,3.3051779159182892,73.87767028808594,1.00298983971856,185.40245056152344,3.495401130937714,438.3999938964844,2.77328137683015,99.0500030517578,3.6738560839389756,134.323974609375,3.1436406954435947,4210.240234375,2.1290637641290244,19.739999771118164,-9.324761800459969,2.1290637641290244,19.739999771118164,2022-08-10,2022,3,8
2022-08-11,277.7013244628906,-0.7400982987196159,165.40374755859375,-0.44313317167132826,17.892324447631836,-0.856509753141399,51.09943771362305,-0.9047756292557163,73.515625,-0.49006051040069165,183.55442810058597,-0.9967626939883512,434.8900146484375,-0.8006339637120607,98.12000274658205,-0.9389200166806555,135.09158325195312,0.571460638214738,4207.27001953125,-0.07054739583503,20.200000762939453,2.3302988710988792,-0.07054739583503,20.200000762939453,2022-08-11,2022,3,8
2022-08-12,282.4325866699219,1.703723313593164,168.9475860595703,2.142538215297196,18.65719985961914,4.274880070646936,52.29862594604492,2.346773831724902,75.4116439819336,2.5790693909404805,186.6606903076172,1.692283994003696,445.6700134277344,2.4787873752427636,100.83000183105467,2.7619231640992004,138.25338745117188,2.340489409559887,4280.14990234375,1.7322368774566943,19.530000686645508,-3.3168319355867615,1.7322368774566943,19.530000686645508,2022-08-12,2022,3,8
2022-08-15,283.94195556640625,0.5344174035584626,170.01759338378906,0.6333368526742156,18.979307174682617,1.726450472134533,52.36701965332031,0.13077534263701285,75.37353515625,-0.05053440512809981,187.8107452392578,0.6161205820814919,451.0199890136719,1.2004342730599804,101.01000213623048,0.17851859754738353,139.0210723876953,0.5552738711697591,4297.14013671875,0.39695418998517695,19.950000762939453,2.150537949448905,0.39695418998517695,19.950000762939453,2022-08-15,2022,3,8
2022-08-16,283.2066345214844,-0.2589687893974846,169.86056518554688,-0.09235996999894525,18.826732635498047,-0.803899414137188,51.68217086791992,-1.307786446382131,75.76417541503906,0.5182724387004845,186.3657684326172,-0.7693791986181808,447.55999755859375,-0.7671481396300694,100.1999969482422,-0.8019059210550683,137.1019744873047,-1.3804366974229154,4305.2001953125,0.18756797165810912,19.690000534057617,-1.3032592428007916,0.18756797165810912,19.690000534057617,2022-08-16,2022,3,8
2022-08-17,282.4600524902344,-0.2636174228444421,171.35269165039062,0.8784419522058107,18.284236907958984,-2.8815182009658935,50.4586296081543,-2.367433951047715,75.50691223144531,-0.3395578216016326,184.76351928710935,-0.859733608260338,437.8200073242188,-2.176242355774838,98.2699966430664,-1.9261480678215315,135.7312469482422,-0.9997868697284362,4274.0400390625,-0.7237794954094601,19.899999618530277,1.0665265554941294,-0.7237794954094601,19.899999618530277,2022-08-17,2022,3,8
2022-08-18,281.34503173828125,-0.3947534322545243,170.96002197265625,-0.2291587450143684,18.72102165222168,2.3888595759365083,52.31923675537109,3.687391357366776,75.5736083984375,0.0883312070658393,184.73399353027344,-0.0159802957585109,439.0299987792969,0.2763673278599166,100.44000244140624,2.2082078685945916,138.335693359375,1.9188259665263052,4283.740234375,0.2269561170191503,19.559999465942383,-1.7085435130928195,0.2269561170191503,19.559999465942383,2022-08-18,2022,3,8
2022-08-19,277.447265625,-1.3854042807150413,168.37823486328125,-1.5101700851371747,17.799583435058594,-4.921944081260843,51.3804931640625,-1.7942608675617144,74.94477844238281,-0.8320761299889012,180.64476013183597,-2.2135792770415885,425.05999755859375,-3.182015183369269,95.9499969482422,-4.470335906038403,134.8814239501953,-2.4970196232768527,4228.47998046875,-1.2900001139847905,20.600000381469727,5.316978240915504,-1.2900001139847905,20.600000381469727,2022-08-19,2022,3,8
2022-08-22,269.3027648925781,-2.9355130655459583,164.5005645751953,-2.3029522142422376,16.986841201782227,-4.566074460347014,49.53675079345703,-3.588409252356206,72.84867858886719,-2.796859096897719,173.97023010253906,-3.6948373284814817,411.3500061035156,-3.225425006781124,92.83999633789062,-3.2412722347757716,129.40753173828125,-4.058299543112243,4137.990234375,-2.14000649197158,23.799999237060547,15.53397473948257,-2.14000649197158,23.799999237060547,2022-08-22,2022,3,8
2022-08-23,268.0325622558594,-0.47166342210612777,164.16677856445312,-0.20290873262602815,17.133438110351562,0.8630027609486168,49.633243560791016,0.1947902633669063,72.80105590820312,-0.06537205833592186,173.00689697265625,-0.5537344690036972,410.4100036621094,-0.22851645252429664,92.48999786376952,-0.37699104688381224,128.59425354003906,-0.6284628006714366,4128.72998046875,-0.22378626777133093,24.11000061035156,1.3025268202878193,-0.22378626777133093,24.11000061035156,2022-08-23,2022,3,8
2022-08-24,267.40240478515625,-0.2351048191307381,164.4613037109375,0.17940605831450185,17.1743221282959,0.23862121356503785,49.73255157470703,0.20008366729928895,72.57239532470703,-0.3140896524693515,176.94871520996094,2.2784168182194975,405.6499938964844,-1.1598181630932958,92.7300033569336,0.2594934573548091,129.13339233398438,0.41925574363044227,4140.77001953125,0.29161604463010526,22.81999969482422,-5.350480642350053,0.29161604463010526,22.81999969482422,2022-08-24,2022,3,8
2022-08-25,270.3692932128906,1.1095219693772362,166.91549682617188,1.4922617417334472,17.863405227661133,4.012287030705686,51.53976440429688,3.633863078340349,73.25839233398438,0.9452588773017911,170.9524383544922,-3.388708897012216,403.9299926757813,-0.42401115409408385,97.18000030517578,4.798874999619485,133.647705078125,3.4958523605304492,4199.1201171875,1.4091605518061545,21.780000686645508,-4.557401499065716,1.4091605518061545,21.780000686645508,2022-08-25,2022,3,8
2022-08-26,259.9365234375,-3.8587110434822214,160.6228790283203,-3.7699422267572835,16.214984893798828,-9.227917705800891,48.79756546020508,-5.320550017615499,71.12419128417969,-2.9132512764884155,162.42005920410156,-4.991083620987979,381.0199890136719,-5.671775821930214,91.18000030517578,-6.174109879767553,126.45590209960938,-5.381164588132348,4057.659912109375,-3.3688058719518743,25.559999465942383,17.355365748976293,-3.3688058719518743,25.559999465942383,2022-08-26,2022,3,8
2022-08-29,257.1635437011719,-1.0667911148680376,158.42393493652344,-1.369010507780255,15.757253646850586,-2.8228903692860907,48.17173385620117,-1.2825057932742134,70.6858901977539,-0.6162475502526688,157.48544311523438,-3.0381814371008287,375.260009765625,-1.511726264797142,88.48999786376953,-2.9502110467239717,125.26791381835938,-0.9394486627553489,4030.610107421875,-0.6666355799502699,26.209999084472656,2.543034554427015,-0.6666355799502699,26.209999084472656,2022-08-29,2022,3,8
2022-08-30,254.97222900390625,-0.8521093875623276,155.99917602539062,-1.5305508679003266,15.425174713134766,-2.107467082515313,47.44191360473633,-1.515038370101962,70.63825988769531,-0.06738305187264926,156.95462036132812,-0.3370614727342347,375.0700073242188,-0.05063221138987828,86.94000244140625,-1.7516052206821175,122.8279800415039,-1.9477723404840996,3986.159912109375,-1.1028155571448206,26.209999084472656,0.0,-1.1028155571448206,26.209999084472656,2022-08-30,2022,3,8
2022-08-31,253.5178985595703,-0.5703877830215198,154.3401641845703,-1.0634747458860283,15.05221176147461,-2.4178847798889014,46.7598762512207,-1.4376261446745975,70.64779663085938,0.013500818365597134,153.46495056152344,-2.2233622634179606,373.4400024414063,-0.4345868373856643,84.87000274658203,-2.3809519630728193,121.5506362915039,-1.0399452547932286,3955.0,-0.7817025105971265,25.8700008392334,-1.297208153817453,-0.7817025105971265,25.8700008392334,2022-08-31,2022,3,8
2022-09-01,252.48043823242188,-0.4092256732337374,155.0666046142578,0.4706749105299446,13.898417472839355,-7.665280736936831,46.09470748901367,-1.4225203647532436,71.74347686767578,1.5509050374796995,150.91903686523438,-1.6589544954555668,370.5299987792969,-0.7792426207918202,82.33000183105469,-2.9928135187077487,119.39107513427734,-1.7766761434695244,3966.85009765625,0.29962320243361873,25.559999465942383,-1.1983044578061208,0.29962320243361873,25.559999465942383,2022-09-01,2022,3,9
2022-09-02,248.27239990234372,-1.66667895522441,152.9559783935547,-1.361109457418963,13.609217643737791,-2.0808112122601474,46.86387634277344,1.6686706471520374,71.15275573730469,-0.8233795686548917,151.07632446289062,0.10421985252708765,368.1400146484375,-0.6450177148228597,80.23999786376953,-2.5385690766459024,118.06775665283205,-1.1083897853813474,3924.260009765625,-1.0736500458081055,25.46999931335449,-0.3521132803927296,-1.0736500458081055,25.46999931335449,2022-09-02,2022,3,9
2022-09-06,245.54788208007807,-1.0973905369011328,151.6993865966797,-0.8215382033919583,13.42772102355957,-1.333630080210635,46.67462158203125,-0.40383932254757227,70.3429183959961,-1.1381672191285275,149.1398162841797,-1.2818078448728842,368.2999877929688,0.0434544298815398,78.72000122070312,-1.894312915669616,116.40444946289062,-1.4087734340817781,3908.18994140625,-0.4095056983834944,26.90999984741211,5.653712496578667,-0.4095056983834944,26.90999984741211,2022-09-06,2022,3,9
2022-09-07,250.24066162109372,1.9111464131811307,153.10321044921875,0.9253985029427758,13.680095672607422,1.8795047097347917,47.323875427246094,1.3910211228467473,70.97172546386719,0.893916661704619,150.6732940673828,1.028214880110312,379.7200012207031,3.100736846658214,79.61000061035156,1.1305886380174046,118.17807006835938,1.5236707992284826,3979.8701171875,1.8341016392734,24.63999938964844,-8.435527575753476,1.8341016392734,24.63999938964844,2022-09-07,2022,3,9
2022-09-08,250.65756225585935,0.1665998771202437,151.63070678710938,-0.9617719039260564,13.95541286468506,2.012538498754246,47.96094512939453,1.3461908949697898,71.12419128417969,0.21482614282799517,154.23170471191406,2.3616730931361296,383.6300048828125,1.029707060344398,82.77999877929688,3.9819094895636953,118.40779876708984,0.19439198710688999,4006.179931640625,0.6610721877456038,23.61000061035156,-4.18018995458903,0.6610721877456038,23.61000061035156,2022-09-08,2022,3,9
2022-09-09,256.4168701171875,2.2976796748104267,154.48739624023438,1.8839781952186163,14.351432800292969,2.83775148358425,48.941837310791016,2.0451894322560227,72.32467651367188,1.6878718869302922,159.82496643066406,3.626531736258465,394.7799987792969,2.9064446874770278,85.44999694824219,3.225414602945209,121.34845733642578,2.4835007490682903,4067.360107421875,1.5271449816332883,22.790000915527344,-3.47310323433323,1.5271449816332883,22.790000915527344,2022-09-09,2022,3,9
2022-09-12,258.540283203125,0.828109743702532,160.4363555908203,3.8507732639464276,14.469141960144045,0.8201909975753319,49.56578826904297,1.2748825800914076,73.43940734863281,1.5412869973227217,162.81326293945312,1.8697307282623088,396.3599853515625,0.400219508878652,84.63999938964844,-0.9479199385862724,122.2214584350586,0.7194167258447459,4110.41015625,1.05842727693497,23.8700008392334,4.73892005405856,1.05842727693497,23.8700008392334,2022-09-12,2022,3,9
2022-09-13,244.32618713378903,-5.497826448255461,151.0220489501953,-5.8679384768845155,13.098538398742676,-9.472597374307078,47.18522262573242,-4.802840278437303,72.44851684570312,-1.3492626625181137,155.41131591796875,-4.546280129670399,368.3900146484375,-7.056708985978055,77.02999877929688,-8.991021579901236,114.80548095703124,-6.067655854366838,3932.68994140625,-4.32366134006168,27.270000457763672,14.243818596528657,-4.32366134006168,27.270000457763672,2022-09-13,2022,3,9
2022-09-14,244.5492248535156,0.09128686627619675,152.4651336669922,0.9555457145683288,13.09554386138916,-0.02286161449740476,47.85039138793945,1.4096972000811947,68.71368408203125,-5.155154206436164,157.5542449951172,1.37887583313403,371.5199890136719,0.8496360489633092,77.44999694824219,0.5452397450357971,117.19474792480467,2.08114364214691,3946.010009765625,0.33870120853238816,26.15999984741211,-4.070409210556313,0.33870120853238816,26.15999984741211,2022-09-14,2022,3,9
2022-09-15,237.91720581054688,-2.7119362357174825,149.57899475097656,-1.892982904746865,12.897035598754885,-1.51584588418322,46.85638046264648,-2.077330814776812,66.92247009277344,-2.606779149142169,152.14776611328125,-3.4315031511867544,309.1300048828125,-16.793170213127738,76.66000366210938,-1.0200042830998957,114.85142517089844,-1.999511748947802,3901.35009765625,-1.1317739184353415,26.270000457763672,0.4204916322369412,-1.1317739184353415,26.270000457763672,2022-09-15,2022,3,9
2022-09-16,237.29669189453125,-0.2608108622920491,147.9395751953125,-1.096022578834288,13.165369987487791,2.0805896570434523,47.07748031616211,0.4718671210463876,65.57907104492188,-2.007396089817415,148.93338012695312,-2.112673796298037,299.5,-3.1151957851723644,76.51000213623047,-0.19567116972765142,114.82384490966795,-0.024013860680827115,3873.330078125,-0.7182134089448455,26.299999237060547,0.11419405700090479,-0.7182134089448455,26.299999237060547,2022-09-16,2022,3,9
2022-09-19,237.08335876464844,-0.08990143443619036,151.65032958984375,2.508290556892745,13.348916053771973,1.3941580560107525,47.01564025878906,-0.13135804413860752,65.8077392578125,0.34869083877993035,150.23094177246094,0.8712362832306253,296.0599975585937,-1.1485817834411716,76.7699966430664,0.3398176703393707,116.38607788085938,1.360547517303945,3899.889892578125,0.6857100716286535,25.76000022888184,-2.053228227542192,0.6857100716286535,25.76000022888184,2022-09-19,2022,3,9
2022-09-20,235.07635498046875,-0.8465392909217329,154.02598571777344,1.5665354202361037,13.143424987792969,-1.5393839106579654,46.19307708740234,-1.749552206157512,64.89308166503906,-1.389893655501695,147.25244140625,-1.982614454166276,291.0599975585937,-1.6888468692939362,75.25,-1.9799357946223006,114.65843963623048,-1.4844028393133257,3855.929931640625,-1.1272103097361819,27.15999984741211,5.4347810795459806,-1.1272103097361819,27.15999984741211,2022-09-20,2022,3,9
2022-09-21,231.6827850341797,-1.4436032694870593,150.9042205810547,-2.0267782232790577,13.228215217590332,0.6451151802221444,45.54877853393555,-1.3947946187860771,63.597293853759766,-1.9968042478978099,145.1193389892578,-1.4486024113564588,286.29998779296875,-1.6354050043124513,74.4800033569336,-1.023251352912169,114.52059936523438,-0.12021816399510055,3789.929931640625,-1.7116493600784488,27.989999771118164,3.0559643901659994,-1.7116493600784488,27.989999771118164,2022-09-21,2022,3,9
2022-09-22,233.6510467529297,0.8495502669564559,149.9422149658203,-0.6374941744705209,12.529946327209473,-5.278632671868921,45.12082290649414,-0.9395545637355895,62.91132736206055,-1.0786095604579993,147.59649658203125,1.7069796555211791,287.0599975585937,0.26545923787273384,69.5,-6.686362959823889,113.6567611694336,-0.7543081337234248,3757.989990234375,-0.8427580979689431,27.350000381469727,-2.286528741986016,-0.8427580979689431,27.350000381469727,2022-09-22,2022,3,9
2022-09-23,230.68411254882807,-1.2698142145448843,147.67449951171875,-1.5123929272476744,12.485055923461914,-0.3582649324688325,44.27718734741211,-1.8697255607025065,61.50121307373047,-2.2414314678416147,144.50990295410156,-2.091237732200657,284.5599975585937,-0.8708980774967512,67.95999908447266,-2.215828655435026,111.36856842041016,-2.0132482445213484,3693.22998046875,-1.7232619015461026,29.920000076293945,9.396708076704297,-1.7232619015461026,29.920000076293945,2022-09-23,2022,3,9
2022-09-26,230.2284240722656,-0.19753786748795132,148.00830078125,0.2260385311174007,12.197769165039062,-2.30104502682269,43.67067337036133,-1.369811438770696,60.45317077636719,-1.704100203855885,143.83164978027344,-0.46934719348856735,276.9599914550781,-2.670792159376034,66.30000305175781,-2.4426074971712564,110.03606414794922,-1.1964814591409745,3655.0400390625,-1.0340526208282075,32.2599983215332,7.820849730188573,-1.0340526208282075,32.2599983215332,2022-09-26,2022,3,9
2022-09-27,229.22006225585935,-0.43798319884678083,148.98011779785156,0.6565962932294278,12.382312774658203,1.5129291850191295,43.905906677246094,0.5386528045716155,59.47181701660156,-1.6233288463824658,146.35794067382812,1.7564221069660269,277.57000732421875,0.22025414787736342,67.16999816894531,1.3122097694449941,110.5874481201172,0.5010938699394174,3647.2900390625,-0.21203598092424114,32.599998474121094,1.0539372916239298,-0.21203598092424114,32.599998474121094,2022-09-27,2022,3,9
2022-09-28,233.7383270263672,1.971147170121812,147.0953369140625,-1.2651224281796325,12.704513549804688,2.6021049622159786,44.02021789550781,0.260354988457534,60.09111404418945,1.0413285799137695,147.6161651611328,0.859689936543151,281.3999938964844,1.3798272404092815,68.36000061035156,1.7716279199727847,109.29171752929688,-1.1716796190223477,3719.0400390625,1.9672139926234733,30.18000030517578,-7.423307614159502,1.9672139926234733,30.18000030517578,2022-09-28,2022,3,9
2022-09-29,230.27688598632807,-1.4809043446471826,139.87014770507812,-4.911909079215437,12.189790725708008,-4.051495730858523,42.52472305297852,-3.397290867753522,58.499996185302734,-2.647842171334436,144.31332397460938,-2.237452234935222,278.25,-1.1194008403721312,64.13999938964844,-6.173202432745595,105.53317260742188,-3.4390025217304165,3640.469970703125,-2.1126437880238824,31.84000015258789,5.500330784050478,-2.1126437880238824,31.84000015258789,2022-09-29,2022,3,9
2022-09-30,225.8167724609375,-1.9368481149494854,135.6685333251953,-3.0039393314591267,12.10898780822754,-0.6628737055350387,41.94655227661133,-1.359610915388898,58.1855697631836,-0.5374810984998479,141.393798828125,-2.0230461513020326,275.20001220703125,-1.0961321807614555,63.36000061035156,-1.2160879119415102,103.82392120361328,-1.6196342454016133,3585.6201171875,-1.5066695771983274,31.6200008392334,-0.6909526140081113,-1.5066695771983274,31.6200008392334,2022-09-30,2022,3,9
2022-10-03,233.41835021972656,3.366259147160555,139.8406524658203,3.07522978126733,12.481066703796388,3.0727497744777343,43.15296173095703,2.8760634399465967,60.10065078735352,3.291333284118969,145.384765625,2.822589696261235,285.239990234375,3.6482476678782794,66.11000061035156,4.340277735967568,107.72029113769533,3.7528633949788004,3678.429931640625,2.5883894952576147,30.100000381469727,-4.807085444089198,2.5883894952576147,30.100000381469727,2022-10-03,2022,4,10
2022-10-04,241.3108062744141,3.3812491808197676,143.42385864257812,2.562349441006506,13.134448051452637,5.234980015430146,45.333377838134766,5.0527612004289235,62.58737182617188,4.137594196137417,153.08160400390625,5.294116165347873,294.9700012207031,3.4111664981944623,67.9000015258789,2.7076098910927326,112.45293426513672,4.393455566687821,3790.929931640625,3.0583700679551518,29.06999969482422,-3.421929148145797,3.0583700679551518,29.06999969482422,2022-10-04,2022,4,10
2022-10-05,241.6210479736328,0.12856519109463171,143.71832275390625,0.20531040938032152,13.176342964172363,0.3189697241605227,45.80007553100586,1.0294791941987347,63.492488861083984,1.4461655898029058,153.57310485839844,0.3210711422122481,297.3800048828125,0.8170334787048983,67.94000244140625,0.05891150902566089,114.76870727539062,2.0593264421129964,3783.280029296875,-0.2017948757084831,28.549999237060547,-1.7887872831875429,-0.2017948757084831,28.549999237060547,2022-10-05,2022,4,10
2022-10-06,239.2843170166016,-0.9671057122830673,142.76608276367188,-0.662573826348456,13.097539901733398,-0.5980647487184965,45.29936981201172,-1.0932421250160806,62.21580123901367,-2.0107695334854347,152.8162078857422,-0.4928577652669963,298.4100036621094,0.3463577787292005,67.8499984741211,-0.13247566095214713,115.12711334228516,0.31228553096318556,3744.52001953125,-1.0245080846639998,30.520000457763672,6.900179591409161,-1.0245080846639998,30.520000457763672,2022-10-06,2022,4,10
2022-10-07,227.11599731445312,-5.085297629975571,137.52391052246094,-3.6718610889454606,12.046144485473633,-8.02742670874107,43.50251007080078,-3.9666329767229502,60.300724029541016,-3.0781203027757,147.73411560058594,-3.3256238690048123,288.7699890136719,-3.2304596126585983,58.43999862670898,-13.868828384721654,111.11125946044922,-3.4881912394488457,3639.659912109375,-2.8003617786773516,31.36000061035156,2.7522940366608184,-2.8003617786773516,31.36000061035156,2022-10-07,2022,4,10
2022-10-10,222.27777099609372,-2.1302886523051234,137.84788513183594,0.23557693214526498,11.64114761352539,-3.3620456108311325,41.35043716430664,-4.947008581784407,59.6147346496582,-1.13761383619001,143.16317749023438,-3.09403017154789,285.7200012207031,-1.0561997122299105,57.810001373291016,-1.0780240729335588,105.31263732910156,-5.2187529504259755,3612.389892578125,-0.749246363390188,32.45000076293945,3.4757657250430674,-0.749246363390188,32.45000076293945,2022-10-10,2022,4,10
2022-10-11,218.55458068847656,-1.6750169353113575,136.43423461914062,-1.0255148356779764,11.55735683441162,-0.7197810894212675,40.69479751586914,-1.585568843764107,59.76795959472656,0.25702529075877223,140.1454315185547,-2.1079065333580838,284.8299865722656,-0.3114988956443465,57.630001068115234,-0.31136533627370566,101.1129913330078,-3.987789217518012,3588.840087890625,-0.6519175777754405,33.630001068115234,3.6363644913174786,-0.6519175777754405,33.630001068115234,2022-10-11,2022,4,10
2022-10-12,218.88421630859372,0.1508253082954214,135.8059539794922,-0.46050072505797734,11.471570014953612,-0.7422702326070008,40.67685317993164,-0.04409491392727283,61.07996368408203,2.1951629238339043,139.87014770507812,-0.19642724739130646,286.1499938964844,0.4634369225319679,57.84999847412109,0.38174111040849557,99.83563232421876,-1.2632986048075168,3577.030029296875,-0.3290773148014958,33.56999969482422,-0.17841620988797713,-0.3290773148014958,33.56999969482422,2022-10-12,2022,4,10
2022-10-13,227.11599731445312,3.7607924155909966,140.37081909179688,3.361314418507755,11.930429458618164,3.9999707369297477,41.37594223022461,1.7186409361623634,62.43984222412109,2.2263905510367055,142.9665985107422,2.213803914894741,294.739990234375,3.001920853088702,58.93999862670898,1.8841835459606715,103.71365356445312,3.8844059480090065,3669.909912109375,2.596564246086497,31.940000534057617,-4.855523311243615,2.596564246086497,31.940000534057617,2022-10-13,2022,4,10
2022-10-14,221.6087646484375,-2.424854581419289,135.8452606201172,-3.2240023253837014,11.199243545532228,-6.128747633286158,40.349029541015625,-2.4819076832015674,61.5875244140625,-1.3650223634442904,139.8013916015625,-2.2139485321404417,287.94000244140625,-2.3071140728346484,55.93999862670898,-5.0899220731242645,101.03945922851562,-2.578440006720639,3583.070068359375,-2.366266361565439,32.02000045776367,0.25046938750283854,-2.366266361565439,32.02000045776367,2022-10-14,2022,4,10
2022-10-17,230.30596923828125,3.924576089596954,139.80142211914062,2.912255812947784,11.858609199523926,5.887590990507041,41.13031768798828,1.9363245060911805,64.18280029296875,4.213963629156137,144.67701721191406,3.487537251594186,293.5,1.9309569741790877,57.959999084472656,3.6110127053153196,102.54654693603516,1.4915833071820206,3677.949951171875,2.6480052302171098,31.3700008392334,-2.029980041342172,2.6480052302171098,31.3700008392334,2022-10-17,2022,4,10
2022-10-18,231.24644470214844,0.40835913501404697,141.1168670654297,0.9409381724085897,11.937417984008787,0.6645702135797293,41.07931518554688,-0.12400220885309121,64.19236755371094,0.014906268811132328,150.91903686523438,4.314451440602607,292.9800109863281,-0.17716831811648293,57.91999816894531,-0.06901469316630271,102.19735717773438,-0.3405182999663525,3719.97998046875,1.1427569666488724,30.5,-2.773352935793738,1.1427569666488724,30.5,2022-10-18,2022,4,10
2022-10-19,229.28787231445312,-0.8469632431400198,141.22483825683594,0.07651189659432234,12.021206855773926,0.7019011303565081,41.12370681762695,0.10806322325376261,63.493289947509766,-1.0890353991325208,151.056640625,0.0911772050920856,299.8299865722656,2.3380351317746184,57.22999954223633,-1.1912960091889913,103.7044448852539,1.4746836406919206,3695.159912109375,-0.6672097293450308,30.76000022888184,0.8524597668257083,-0.6672097293450308,30.76000022888184,2022-10-19,2022,4,10
2022-10-20,228.9679107666016,-0.13954577912116406,140.76345825195312,-0.32669890833489923,12.163851737976074,1.1866103288425967,40.651344299316406,-1.1486379873423158,66.31840515136719,4.449470497107577,154.82151794433594,2.492361344564986,302.3800048828125,0.8504880848307916,57.77000045776367,0.9435626766497229,102.90496063232422,-0.7709257340071551,3665.780029296875,-0.7950909706564868,29.979999542236328,-2.535762941617714,-0.7950909706564868,29.979999542236328,2022-10-20,2022,4,10
2022-10-21,234.75636291503903,2.5280626132532236,144.5723876953125,2.7059078333680597,12.4351806640625,2.2306168467947085,42.486934661865234,4.515448121551291,69.6223373413086,4.9819234681539815,157.4461212158203,1.6952445024005058,306.3699951171875,1.31952846416592,58.81999969482422,1.8175510277660623,106.3602294921875,3.3577281781476342,3752.75,2.372481982226482,29.690000534057617,-0.9673082475206707,2.372481982226482,29.690000534057617,2022-10-21,2022,4,10
2022-10-24,239.7303771972656,2.1187984940909566,146.71246337890625,1.4802796839075372,12.567851066589355,1.0668956576583621,43.1284065246582,1.5098097047907988,69.83303833007812,0.30263417864961895,157.91793823242188,0.2996688727280983,316.2200012207031,3.2150687928000243,58.70000076293945,-0.20401042588805707,106.9483642578125,0.5529649272411508,3797.340087890625,1.1881976654619875,29.850000381469727,0.5389014635704514,1.1881976654619875,29.850000381469727,2022-10-24,2022,4,10
2022-10-25,243.03665161132807,1.3791637308199212,149.5494842529297,1.933728606748586,13.228215217590332,5.254391920322021,43.463775634765625,0.7776060771354398,70.04371643066406,0.3016882919945951,162.45938110351562,2.8758245718796704,323.7900085449219,2.3939052858757526,61.470001220703125,4.718910428894785,109.51226043701172,2.397321545768216,3859.110107421875,1.6266654579669915,28.459999084472656,-4.656620700949654,1.6266654579669915,28.459999084472656,2022-10-25,2022,4,10
2022-10-26,224.2848358154297,-7.715632877417555,146.6143341064453,-1.962661497060214,12.864117622375488,-2.7524317470332793,43.568641662597656,0.24127224637187084,71.65259552001953,2.296964197992102,157.19052124023438,-3.243185975160179,320.4800109863281,-1.022266738083899,59.72999954223633,-2.8306517714542734,108.53816986083984,-0.8894808419484201,3830.60009765625,-0.7387716072364547,27.280000686645508,-4.146164567064014,-0.7387716072364547,27.280000686645508,2022-10-26,2022,4,10
2022-10-27,219.8538360595703,-1.9756127246631006,142.14764404296875,-3.04655754889126,13.143424987792969,2.171212776628084,43.0225944519043,-1.2533032700951185,71.9686279296875,0.44106205417173694,157.03326416015625,-0.10004234278082613,318.6499938964844,-0.5710237852936895,58.59999847412109,-1.8918484459659046,105.40452575683594,-2.8871355653238395,3807.300048828125,-0.6082610618211248,27.38999938964844,0.4032210419143478,-0.6082610618211248,27.38999938964844,2022-10-27,2022,4,10
2022-10-28,228.69644165039065,4.02203834570547,152.88726806640625,7.5552599522445085,13.799798011779783,4.993926808243865,44.67586135864258,3.8427875580272053,74.0850830078125,2.9408023176331177,160.24766540527344,2.0469556321766724,325.67999267578125,2.206181990883893,62.0099983215332,5.819112519120706,109.54901885986328,3.931987809127402,3901.06005859375,2.46263778959277,25.75,-5.987584615530328,2.46263778959277,25.75,2022-10-28,2022,4,10
2022-10-31,225.0702209472656,-1.5856043395150343,150.5312042236328,-1.5410464668320745,13.463629722595217,-2.436037751404818,44.41322326660156,-0.5878747136684126,74.76502227783203,0.9177816132673211,159.82496643066406,-0.2637785539903792,318.5,-2.204615830647305,60.060001373291016,-3.1446492517724245,108.12464904785156,-1.3002122947662342,3871.97998046875,-0.745440410765752,25.8799991607666,0.5048511097732078,-0.745440410765752,25.8799991607666,2022-10-31,2022,4,10
2022-11-01,221.23065185546875,-1.7059427389536697,147.89047241210938,-1.7542753511758935,13.50951862335205,0.340836027893876,44.2034912109375,-0.4722288549180331,73.84565734863281,-1.2296725142176723,157.10206604003906,-1.7036764977556018,316.0199890136719,-0.7786533709036481,59.65999984741211,-0.666003191363207,107.8213882446289,-0.28047332952585435,3856.10009765625,-0.4101230608784645,25.809999465942383,-0.27047796404234825,-0.4101230608784645,25.809999465942383,2022-11-01,2022,4,11
2022-11-02,213.40606689453125,-3.53684486996374,142.3734130859375,-3.7305035518435004,13.186318397521973,-2.392388913631649,43.08210754394531,-2.536866741228616,71.93991088867188,-2.580715682391066,147.45889282226562,-6.1381581164666414,301.2200012207031,-4.683244195774106,58.630001068115234,-1.726447840984291,103.38282012939452,-4.116593365653953,3759.68994140625,-2.500198485734284,25.86000061035156,0.19372780102207,-2.500198485734284,25.86000061035156,2022-11-02,2022,4,11
2022-11-03,207.7339782714844,-2.6578853664221636,136.33609008789062,-4.240484839962855,13.387821197509766,1.5281202373033764,41.95694732666016,-2.611664752327736,71.85369873046875,-0.11983912287094611,143.8414764404297,-2.4531693630685636,285.92999267578125,-5.076026984582249,60.11000061035156,2.524304136574873,95.46139526367188,-7.662225557213609,3719.889892578125,-1.058599231542967,25.299999237060547,-2.1655118332319256,-1.058599231542967,25.299999237060547,2022-11-03,2022,4,11
2022-11-04,214.6568603515625,3.332570885938879,136.07058715820312,-0.19474148739071495,14.12100315093994,5.476484504936119,43.95786285400391,4.768973089880468,72.78264617919922,1.2928317750420248,137.39305114746094,-4.483008275877431,285.75,-0.06294991095436853,62.18999862670898,3.460319406483614,98.04366302490234,2.7050387793914332,3770.550048828125,1.3618724670070526,24.549999237060547,-2.9644269668647527,1.3618724670070526,24.549999237060547,2022-11-04,2022,4,11
2022-11-07,220.9397735595703,2.9269566310239137,136.60157775878906,0.39023172580903154,14.265644073486328,1.0242963690349383,44.89502716064453,2.1319605772309735,73.49131774902344,0.9736820616268682,142.1310577392578,3.448505257163026,299.5400085449219,4.825899753253493,63.08000183105469,1.4311034314181237,101.1681137084961,3.1867951351431723,3806.800048828125,0.9613981920559844,24.350000381469727,-0.814659314892785,0.9613981920559844,24.350000381469727,2022-11-07,2022,4,11
2022-11-08,221.90933227539065,0.43883394112329555,137.171875,0.41748949797488777,14.565899848937988,2.104747419078712,45.54594802856445,1.449872979452227,72.43788146972656,-1.4334159619975972,144.598388671875,1.7359548094995292,302.1700134277344,0.8780145582516052,63.84999847412109,1.2206668051923275,103.4195785522461,2.22546883718453,3828.110107421875,0.5597892802462701,25.540000915527344,4.887065771724597,0.5597892802462701,25.540000915527344,2022-11-08,2022,4,11
2022-11-09,217.6819610595703,-1.904999295195997,132.61917114257812,-3.318977638398446,13.741942405700684,-5.656756203066848,44.351806640625,-2.6218389113133345,72.45703887939453,0.0264466730380164,139.6440887451172,-3.4262483643577757,298.8699951171875,-1.092106484396771,59.91999816894531,-6.155051525598132,101.48056030273438,-1.8749044200872977,3748.570068359375,-2.077788695478977,26.09000015258789,2.1534816654065425,-2.077788695478977,26.09000015258789,2022-11-09,2022,4,11
2022-11-10,235.59022521972656,8.226802107527643,144.41888427734375,8.897441473284307,15.711063385009766,14.329276904058453,47.85672378540039,7.902535229681007,73.90311431884766,1.9957694405096094,153.6419219970703,10.023935404456985,329.95001220703125,10.399176095832985,68.47000122070312,14.269030896247624,110.89987182617188,9.281887580575066,3956.3701171875,5.543448436034493,23.530000686645508,-9.812186473630414,5.543448436034493,23.530000686645508,2022-11-10,2022,4,11
2022-11-11,239.5946044921875,1.699722163229045,147.20167541503906,1.9268886833048837,16.286636352539062,3.663488291177419,48.945045471191406,2.2741249289677246,74.448974609375,0.7386160861533986,155.04759216308594,0.9149001442734006,341.1499938964844,3.394448030032371,72.37000274658203,5.69592734971307,111.58912658691406,0.6215108722781526,3992.929931640625,0.9240746788147902,22.520000457763672,-4.292393537646866,0.9240746788147902,22.520000457763672,2022-11-11,2022,4,11
2022-11-14,234.20372009277344,-2.25000242006278,145.80538940429688,-0.9485530696612843,16.254716873168945,-0.19598570680398053,48.48496627807617,-0.9399913488404743,75.20555114746094,1.0162350012953292,155.9617919921875,0.589625299140395,340.3699951171875,-0.22863807511412926,73.52999877929688,1.6028685763310069,111.01016998291016,-0.5188288695430976,3957.25,-0.8935777048800997,23.729999542236328,5.372997601585361,-0.8935777048800997,23.729999542236328,2022-11-14,2022,4,11
2022-11-15,234.6109313964844,0.1738705531874718,147.53598022460938,1.1869182801699019,16.624797821044922,2.2767603444810325,49.543067932128906,2.182329359546631,75.82801055908203,0.8276774814143684,159.31381225585938,2.149257341079913,345.9599914550781,1.6423293527874083,76.37000274658203,3.8623745606327864,115.80712890625,4.32118870197058,3991.72998046875,0.8713116550319144,24.540000915527344,3.413406611531178,0.8713116550319144,24.540000915527344,2022-11-15,2022,4,11
2022-11-16,235.0387725830078,0.18236199991907842,146.3068389892578,-0.833112867437702,15.87066650390625,-4.536183388552462,48.34419631958008,-2.419857434326056,76.50796508789062,0.896706274891379,152.48199462890625,-4.28827703650777,338.4100036621094,-2.182329743163114,72.69999694824219,-4.805559337896048,110.94586181640624,-4.1977269756675595,3958.7900390625,-0.8252046497990273,24.11000061035156,-1.7522424170070328,-0.8252046497990273,24.11000061035156,2022-11-16,2022,4,11
2022-11-17,234.99012756347656,-0.020696593586089218,148.2046661376953,1.297155458725241,15.638242721557615,-1.4644865878281066,48.38010787963867,0.07428308420145413,75.84717559814453,-0.8636871847094496,147.14431762695312,-3.5005293673809668,337.8299865722656,-0.17139478253216378,73.9000015258789,1.6506253480189859,112.90323638916016,1.764261001454015,3946.56005859375,-0.30893228355314273,23.93000030517578,-0.7465794301908635,-0.30893228355314273,23.93000030517578,2022-11-17,2022,4,11
2022-11-18,234.54286193847656,-0.19033379386509397,148.76513671875,0.3781733704213863,15.370905876159668,-1.7095069449805766,48.66823959350586,0.5955582293946327,76.35475158691406,0.6692088199286239,145.5223846435547,-1.1022736110750997,330.8599853515625,-2.063168308835772,73.56999969482422,-0.44655185959519006,113.81298828125,0.8057801717517465,3965.340087890625,0.47585819088147296,23.1200008392334,-3.3848702700066013,0.47585819088147296,23.1200008392334,2022-11-18,2022,4,11
2022-11-21,235.3498992919922,0.3440894968388841,145.53985595703125,-2.168035356171083,15.279131889343262,-0.5970629678940909,48.88364410400391,0.4425977029314909,76.44091796875,0.11285005850336649,142.3866729736328,-2.154796787863633,321.489990234375,-2.8320121900601625,72.45999908447266,-1.5087679964060907,110.4587860107422,-2.9471173028328135,3949.93994140625,-0.3883688698329779,22.36000061035156,-3.2871981024851893,-0.3883688698329779,22.36000061035156,2022-11-21,2022,4,11
2022-11-22,238.24737548828125,1.231135515674997,147.67364501953125,1.4661200868097524,15.998351097106934,4.707199420572494,50.07494354248047,2.4370102931401183,78.64356231689453,2.8814990801719675,146.71182250976562,3.037608398177638,330.8800048828125,2.920779785893779,75.25,3.850401532954484,113.62921905517578,2.870240710526417,4003.580078125,1.3579987927526016,21.290000915527344,-4.7853294526694174,1.3579987927526016,21.290000915527344,2022-11-22,2022,4,11
2022-11-23,240.7268218994141,1.04070250765671,148.54879760742188,0.5926261167149116,16.47816276550293,2.9991320073152083,50.4140853881836,0.6772685533143363,79.06493377685547,0.5357990502299792,149.65097045898438,2.0033477186360393,335.7799987792969,1.4808975532443647,76.4000015258789,1.5282412304038706,115.00763702392578,1.213084081903859,4027.260009765625,0.5914689147847652,20.350000381469727,-4.415220731024261,0.5914689147847652,20.350000381469727,2022-11-23,2022,4,11
2022-11-25,240.63931274414065,-0.03635205856288293,145.63819885253906,-1.959355310687072,16.229778289794922,-1.5073553966101216,50.06170654296875,-0.6989690331612008,79.2181625366211,0.19380116120515378,150.74212646484375,0.7291339324514645,334.29998779296875,-0.4407680599525232,75.13999938964844,-1.6492174228604828,113.44541931152344,-1.358359977500756,4026.1201171875,-0.02830441976333642,20.5,0.7370988487393815,-0.02830441976333642,20.5,2022-11-25,2022,4,11
2022-11-28,235.0679168701172,-2.3152475838173814,141.81314086914062,-2.6264112118492777,15.787870407104492,-2.7228214384684257,49.33427047729492,-1.4530788419077512,77.9444808959961,-1.6078151775310356,151.07632446289062,0.22170179357581254,328.9700012207031,-1.594372350251616,73.19000244140625,-2.595151668993523,109.85228729248048,-3.167278186152356,3963.93994140625,-1.5444192913123267,22.209999084472656,8.341458948647107,-1.5444192913123267,22.209999084472656,2022-11-28,2022,4,11
2022-11-29,233.6775054931641,-0.5914934694049911,138.8140106201172,-2.1148465019831364,15.600337028503418,-1.1878320113185459,49.25680541992188,-0.15702078215322768,77.42731475830078,-0.6635057822572232,149.10047912597656,-1.307845781884509,326.7799987792969,-0.6657149385293049,73.38999938964844,0.2732571957519747,108.78628540039062,-0.9703957180715261,3957.6298828125,-0.15918653377758885,21.88999938964844,-1.4407911211843816,-0.15918653377758885,21.88999938964844,2022-11-29,2022,4,11
2022-11-30,248.0775451660156,6.162355953972121,145.5595245361328,4.859389830955618,16.885480880737305,8.237923641558487,52.05696868896485,5.68482516308384,79.5150375366211,2.6963646935676433,157.52474975585938,5.650062749137819,344.92999267578125,5.554193636172533,77.62999725341797,5.77735100017942,116.9801788330078,7.5321014983270596,4080.110107421875,3.0947872397389053,20.57999992370605,-5.984465520642612,3.0947872397389053,20.57999992370605,2022-11-30,2022,4,11
2022-12-01,247.6400146484375,-0.17636844853704536,145.83489990234375,0.18918402425982528,17.097013473510742,1.2527484071522599,52.0305061340332,-0.05083383761693705,80.54931640625,1.3007336746241993,144.50009155273438,-8.268324960561014,344.1099853515625,-0.2377315228106358,77.4800033569336,-0.19321641348862828,117.27613067626952,0.2529931533821639,4076.570068359375,-0.08676332180498347,19.84000015258789,-3.5957229050606387,-0.08676332180498347,19.84000015258789,2022-12-01,2022,4,12
2022-12-02,247.96087646484372,0.1295678393743227,145.34320068359375,-0.337161556718768,16.838586807250977,-1.511531044063097,51.09051132202149,-1.8066224641179462,79.82150268554688,-0.9035628769739068,142.10157775878906,-1.6598700860130489,341.5299987792969,-0.7497563808355534,74.9800033569336,-3.2266389928805816,116.21258544921876,-0.9068727122201636,4071.699951171875,-0.1194660488065602,19.059999465942383,-3.9314550435815665,-0.1194660488065602,19.059999465942383,2022-12-02,2022,4,12
2022-12-05,243.2742919921875,-1.89004997057296,144.18292236328125,-0.7983024419823903,16.573171615600586,-1.5762319883999898,50.13067626953125,-1.8786953343262525,76.06743621826172,-4.7030766660383865,131.65235900878906,-7.353344638957548,334.0899963378906,-2.178433071179242,73.62000274658203,-1.8138177506840547,114.02999877929688,-1.878098367302572,3998.840087890625,-1.7894212283564803,20.75,8.866739671621794,-1.7894212283564803,20.75,2022-12-05,2022,4,12
2022-12-06,238.3349151611328,-2.0303735304728843,140.5249786376953,-2.53701594171426,15.951555252075195,-3.7507387115949142,49.675323486328125,-0.9083316186577761,75.5694580078125,-0.6546536010762383,131.0035858154297,-0.49279268388655595,331.1499938964844,-0.8800031349734838,70.2699966430664,-4.550402035500001,110.774658203125,-2.8548106735250656,3941.260009765625,-1.4399194981406072,22.170000076293945,6.843373861657565,-1.4399194981406072,22.170000076293945,2022-12-06,2022,4,12
2022-12-07,237.6056671142578,-0.3059761707100206,138.58787536621094,-1.3784761188106343,16.08426284790039,0.8319414234416511,48.98378372192383,-1.3921192976118713,75.44496154785156,-0.16474441294532793,128.26100158691406,-2.0935184418384045,326.67999267578125,-1.3498418550780378,70.13999938964844,-0.18499681176631366,109.32269287109376,-1.310737812766527,3933.919921875,-0.18623708845491027,22.68000030517578,2.300406978469849,-0.18623708845491027,22.68000030517578,2022-12-07,2022,4,12
2022-12-08,240.55178833007807,1.239920432707331,140.26931762695312,1.2132679401420043,17.130937576293945,6.507446056380428,50.17224884033203,2.4262419684747183,76.68034362792969,1.6374613423251194,127.91698455810548,-0.268216390447773,332.5799865722656,1.8060469048497563,70.47000122070312,0.47049021090153076,112.59654998779295,2.9946729546440176,3963.510009765625,0.752178195750397,22.290000915527344,-1.7195740052941555,0.752178195750397,22.290000915527344,2022-12-08,2022,4,12
2022-12-09,238.6266021728516,-0.8003208667003547,139.78750610351562,-0.3434903167625625,16.96330451965332,-0.9785398837282466,51.46083831787109,2.568331113958755,76.47924041748047,-0.2622617491452761,128.8802947998047,0.7530745389496163,330.6400146484375,-0.5833098809770343,68.58999633789062,-2.6678087842294196,110.09954833984376,-2.217653780883966,3934.3798828125,-0.7349578247904498,22.82999992370605,2.4226064872098885,-0.7349578247904498,22.82999992370605,2022-12-09,2022,4,12
2022-12-12,245.5203399658203,2.8889225803815366,142.07858276367188,1.6389709810400888,17.496124267578125,3.1410138708969804,52.58600234985352,2.1864471484750236,77.8391342163086,1.7781214763703312,130.84629821777344,1.5254491937829906,338.1700134277344,2.277400933248619,70.66999816894531,3.0325148594674056,112.0971450805664,1.8143550730623126,3990.56005859375,1.4279296218109305,25.0,9.505037597659726,1.4279296218109305,25.0,2022-12-12,2022,4,12
2022-12-13,249.80828857421875,1.7464738803291802,143.04225158691406,0.6782646648757273,18.031930923461918,3.062430557130247,53.94734573364258,2.588794209402101,77.14960479736328,-0.8858390138682282,133.3135986328125,1.8856478545022481,342.4599914550781,1.2685861717483427,71.6500015258789,1.3867318272610785,114.2057113647461,1.8810169363940643,4019.64990234375,0.728966443879342,22.549999237060547,-9.80000305175781,0.728966443879342,22.549999237060547,2022-12-13,2022,4,12
2022-12-14,250.0999755859375,0.11676434492369214,140.8199920654297,-1.5535686112533753,17.634815216064453,-2.202291640773557,54.26855850219727,0.5954190408933968,78.35626983642578,1.5640586134327616,132.45840454101562,-0.6414905160218143,339.9200134277344,-0.7416860628161714,68.93000030517578,-3.7962333046436925,112.55953979492188,-1.4414091468391899,3995.320068359375,-0.6052724634100337,21.13999938964844,-6.252771153512038,-0.6052724634100337,21.13999938964844,2022-12-14,2022,4,12
2022-12-15,242.11720275878903,-3.191832709478004,134.2219696044922,-4.685430217800213,16.91441535949707,-4.085100114409668,52.71542739868164,-2.8619354307204414,76.68034362792969,-2.138853995978507,128.2217254638672,-3.198497741105244,328.7099914550781,-3.29784111844873,66.52999877929688,-3.481795321707981,107.87071990966795,-4.165635266274837,3895.75,-2.4921675023714007,22.82999992370605,7.9943263143382515,-2.4921675023714007,22.82999992370605,2022-12-15,2022,4,12
2022-12-16,237.9167938232422,-1.734865960652754,132.26516723632812,-1.4578853029277639,16.534263610839844,-2.247501557562137,52.51797866821289,-0.3745558752193401,76.21109771728516,-0.6119507144117908,126.08860778808594,-1.6636164176267898,338.5400085449219,2.9904832056761865,65.41000366210938,-1.6834437663269974,105.91934967041016,-1.808989724822363,3852.360107421875,-1.1137750774080746,22.6200008392334,-0.919838305626075,-1.1137750774080746,22.6200008392334,2022-12-16,2022,4,12
2022-12-19,233.79415893554688,-1.7328053314127012,130.16087341308594,-1.5909659868968307,16.21796417236328,-1.9129938043880967,52.35795593261719,-0.3047008655962635,77.0921401977539,1.1560553605159951,126.81600952148438,0.576897267849108,328.760009765625,-2.888875327123752,64.58999633789062,-1.253642070492289,104.14371490478516,-1.676402631955587,3817.659912109375,-0.9007516001852345,22.420000076293945,-0.8841766380156879,-0.9007516001852345,22.420000076293945,2022-12-19,2022,4,12
2022-12-20,235.1068115234375,0.5614565367531243,130.09202575683594,-0.052894279551662926,16.04934310913086,-1.039717818095598,51.82353973388672,-1.0206972163280037,77.51351928710938,0.5465915050153702,126.26554870605467,-0.43406255843151387,338.2200012207031,2.8774763274347803,65.05000305175781,0.7121949836639496,103.67203521728516,-0.4529122932970475,3821.6201171875,0.10373383615349674,21.479999542236328,-4.1926874703784645,0.10373383615349674,21.479999542236328,2022-12-20,2022,4,12
2022-12-21,237.66403198242188,1.0876845474676822,133.18948364257812,2.3809744430699054,16.464412689208984,2.586209150466612,53.46297073364258,3.1634871106341222,78.04981231689453,0.6918703146463256,128.08409118652344,1.4402523088085761,341.3800048828125,0.9343041957022846,67.68000030517578,4.043039400513759,105.974853515625,2.2212531021633675,3878.43994140625,1.4867993802734736,20.06999969482422,-6.564245239575605,1.4867993802734736,20.06999969482422,2022-12-21,2022,4,12
2022-12-22,231.5967254638672,-2.5528921932130855,130.02322387695312,-2.3772595846394684,15.30499267578125,-7.041976141594375,52.68754959106445,-1.4503891795338952,77.08256530761719,-1.2392688471180024,126.99298858642578,-0.8518642635397478,336.5199890136719,-1.4236381157733402,63.86000061035156,-5.644207561464931,102.35881042480467,-3.4121708790917804,3822.389892578125,-1.445169956861636,21.96999931335449,9.46686421236096,-1.445169956861636,21.96999931335449,2022-12-22,2022,4,12
2022-12-23,232.121826171875,0.22673062710885095,129.65939331054688,-0.27981967802195307,15.172287940979004,-0.8670682672866525,52.62467193603516,-0.11934063268707051,77.42731475830078,0.44724698679627917,127.23870849609376,0.19349092607641172,338.45001220703125,0.5735240866422853,64.5199966430664,1.033504582534972,102.50677490234376,0.1445547060629382,3844.820068359375,0.5868102525282026,20.8700008392334,-5.006820703232584,0.5868102525282026,20.8700008392334,2022-12-23,2022,4,12
2022-12-27,230.4008026123047,-0.741431164812556,127.85992431640624,-1.3878431390086265,14.089692115783691,-7.135349852353623,52.73041915893555,0.20094609431280386,77.55182647705078,0.16081110282422095,128.43797302246094,0.9425312002471209,335.0899963378906,-0.9927657698192927,63.27000045776367,-1.9373779453490836,101.23052978515624,-1.2450348949163415,3829.25,-0.4049622110409712,21.649999618530277,3.7374161376676263,-0.4049622110409712,21.649999618530277,2022-12-27,2022,4,12
2022-12-28,228.0380401611328,-1.0255009637044066,123.9365234375,-3.0685149392058686,14.004880905151367,-0.6019379979021466,51.90641021728516,-1.562682327949505,76.92932891845703,-0.8026858771378653,126.28518676757812,-1.6761291105912512,328.3299865722656,-2.0173714045490287,62.56999969482422,-1.1063707252645605,98.92774200439452,-2.2747957416097475,3783.219970703125,-1.2020638322615351,22.13999938964844,2.263278428415183,-1.2020638322615351,22.13999938964844,2022-12-28,2022,4,12
2022-12-29,234.3386688232422,2.7629726416072087,127.44696044921876,2.8324475419782447,14.57062530517578,4.039623070384812,53.137168884277344,2.371111124502945,77.95404052734375,1.3320168306327984,130.28598022460938,3.1680623511247674,337.5799865722656,2.8172876003709435,64.81999969482422,3.5959725283267296,101.58195495605467,2.6829814346134073,3849.280029296875,1.7461331644819111,21.440000534057617,-3.161693201844029,1.7461331644819111,21.440000534057617,2022-12-29,2022,4,12
2022-12-30,233.1816253662109,-0.4937484124329594,127.76158905029295,0.24687022739906528,14.581600189208984,0.07532198380879596,53.26292037963867,0.2366544887538069,78.27964782714844,0.4176913699431406,130.33514404296875,0.03773530987341012,336.5299987792969,-0.3110337800620755,64.7699966430664,-0.0771413946208388,101.67445373535156,0.09105827834963165,3839.5,-0.25407424823445934,21.670000076293945,1.0727590322163083,-0.25407424823445934,21.670000076293945,2022-12-30,2022,4,12
2023-01-03,232.94825744628903,-0.10007989246809679,122.98271942138672,-3.740458822115189,14.283263206481934,-2.045982463213014,52.72469711303711,-1.010502733919405,80.17583465576172,2.4223241688571484,132.48789978027344,1.6517077977026506,336.9200134277344,0.11589298126533087,64.0199966430664,-1.157943552372076,99.1404266357422,-2.4922947766261694,3824.139892578125,-0.4000548879248611,22.899999618530277,5.676047706072218,-0.4000548879248611,22.899999618530277,2023-01-03,2023,1,1
2023-01-04,222.7583465576172,-4.374323723379359,124.25118255615234,1.031415747459108,14.716299057006836,3.0317711314623574,53.36865997314453,1.2213685338520186,80.90367126464844,0.9078004763052538,137.21609497070312,3.568775109478861,341.4100036621094,1.332657620630795,64.66000366210938,0.9996986138740782,103.14491271972656,4.039206023086317,3852.969970703125,0.7538970575044379,22.01000022888184,-3.8864602815463223,0.7538970575044379,22.01000022888184,2023-01-04,2023,1,1
2023-01-05,216.1563262939453,-2.9637588739976795,122.93356323242188,-1.0604481153610013,14.233376502990724,-3.2815489284731436,52.87139892578125,-0.9317472981587027,80.74085998535156,-0.2012409038451346,134.0213623046875,-2.328249223750123,328.44000244140625,-3.7989517241971082,62.33000183105469,-3.603466902399921,101.175048828125,-1.909802276874506,3808.10009765625,-1.1645528874622113,22.459999084472656,2.0445199950535287,-1.1645528874622113,22.459999084472656,2023-01-05,2023,1,1
2023-01-06,218.7038116455078,1.1785384195039716,127.4567642211914,3.679386548177921,14.826056480407717,4.164015314935687,56.05405044555664,6.019609059792552,82.03370666503906,1.6012297613897886,138.1204071044922,3.0585010697666393,332.75,1.3122632829606795,63.959999084472656,2.615108624312379,106.66845703125,5.429607661921798,3895.080078125,2.284078102943865,21.1299991607666,-5.921638370081361,2.284078102943865,21.1299991607666,2023-01-06,2023,1,1
2023-01-09,220.8331756591797,0.9736291277462117,127.97791290283205,0.40888271785735064,15.59334945678711,5.175300508219105,54.95474624633789,-1.9611503370063565,83.07184600830078,1.2655033954526385,144.598388671875,4.690097360111323,341.9800109863281,2.7738575466049964,67.23999786376953,5.128203293069067,105.99333953857422,-0.6329120261653332,3892.090087890625,-0.07676325452631305,21.96999931335449,3.9753913201642233,-0.07676325452631305,21.96999931335449,2023-01-09,2023,1,1
2023-01-10,222.51528930664065,0.761712384219404,128.54824829101562,0.4456514215985141,15.873730659484863,1.798081954584263,54.76803970336914,-0.33974598323469607,83.14876556396484,0.09259401272529999,144.93260192871094,0.23113207547169612,338.70001220703125,-0.9591200286346524,68.05000305175781,1.2046478490814083,108.12042236328124,2.0068080069624683,3919.25,0.6978233159061986,20.57999992370605,-6.326806705012156,0.6978233159061986,20.57999992370605,2023-01-10,2023,1,1
2023-01-11,229.2437438964844,3.0238167502150803,131.26220703125,2.11123743521604,15.96552276611328,0.5782642316257913,55.073822021484375,0.5583225541235137,85.16740417480469,2.427743331062371,142.43577575683594,-1.7227498427877075,342.92999267578125,1.2488870139645725,69.05999755859375,1.4841946532577754,109.48916625976562,1.2659439045525023,3969.610107421875,1.2849424614881588,21.09000015258789,2.4781352321307404,1.2849424614881588,21.09000015258789,2023-01-11,2023,1,1
2023-01-12,231.90786743164065,1.1621357642628727,131.1835174560547,-0.059948386496788686,16.474395751953125,3.187324294322047,55.43580627441406,0.6572709858205794,85.3404312133789,0.20316110400533383,147.0558624267578,3.2436279757476205,344.5400085449219,0.46948820561834026,70.80000305175781,2.5195562622019496,112.44857025146484,2.7029194693819925,3983.169921875,0.34159058663651987,18.82999992370605,-10.71598014476316,0.34159058663651987,18.82999992370605,2023-01-12,2023,1,1
2023-01-13,232.60794067382807,0.30187558962129213,132.51100158691406,1.011929056791816,16.86153793334961,2.349962858884136,55.155738830566406,-0.5052103733483859,85.74414825439453,0.47306655857668467,146.96737670898438,-0.060171499669048334,344.3800048828125,-0.04643979164715706,71.0,0.28248155313777,111.20008087158205,-1.110275903989566,3999.090087890625,0.39968583635343613,18.350000381469727,-2.5491213180092953,0.39968583635343613,18.350000381469727,2023-01-13,2023,1,1
2023-01-17,233.6969451904297,0.4681716855611029,133.6713104248047,0.8756320788425809,17.662752151489258,4.751726807523093,55.17861175537109,0.04146970975213993,85.16740417480469,-0.6726337497443002,145.94509887695312,-0.6955814650318581,344.3800048828125,0.0,71.58999633789062,0.8309807575924255,111.237060546875,0.033255079495542184,3990.969970703125,-0.20304911890052235,19.36000061035156,5.504088326350964,-0.20304911890052235,19.36000061035156,2023-01-17,2023,1,1
2023-01-18,229.2826385498047,-1.8889021578899823,132.95347595214844,-0.537014614710507,17.338476181030273,-1.83593115997861,54.70707321166992,-0.8545676099857014,83.35063171386719,-2.133178154882598,142.97642517089844,-2.0341030489537615,341.3099975585937,-0.8914592254749221,70.52999877929688,-1.4806503880664734,112.86473846435548,1.4632514644654648,3928.860107421875,-1.5562598500411085,20.34000015258789,5.0619809470064725,-1.5562598500411085,20.34000015258789,2023-01-18,2023,1,1
2023-01-19,225.51004028320312,-1.645392032498827,133.0125274658203,0.04441517098292547,16.727828979492188,-3.5219196610033365,53.652530670166016,-1.927616448103009,82.61046600341797,-0.8880145179824384,143.92010498046875,0.6600247617342125,342.5299987792969,0.35744667001549324,67.70999908447266,-3.998298232853492,108.74005126953124,-3.654540161032571,3898.85009765625,-0.7638350296294338,20.520000457763672,0.8849572459461275,-0.7638350296294338,20.520000457763672,2023-01-19,2023,1,1
2023-01-20,233.5705718994141,3.5743559825931914,135.56907653808594,1.9220363081384084,17.79945182800293,6.406227908143491,54.37269973754883,1.3422835016117407,83.86970520019531,1.524309518754241,148.6778106689453,3.305796427206764,356.3800048828125,4.043443246686151,70.06999969482422,3.4854536143285264,113.66007995605467,4.524578229532272,3972.610107421875,1.8918401045981525,19.850000381469727,-3.265107511439913,1.8918401045981525,19.850000381469727,2023-01-20,2023,1,1
2023-01-23,235.86520385742188,0.9824148390559895,138.75502014160156,2.35005185907613,19.150447845458984,7.590099012659501,55.406280517578125,1.900918631994153,85.52306365966797,1.9713416847312315,153.21923828125,3.054542969035845,364.9800109863281,2.413156177587328,76.52999877929688,9.219350810058335,121.1788558959961,6.615142223064119,4019.81005859375,1.188134498366522,19.809999465942383,-0.20151594336836887,1.188134498366522,19.809999465942383,2023-01-23,2023,1,1
2023-01-24,235.34014892578125,-0.2226080502989336,140.15130615234375,1.0062958510021813,19.2222900390625,0.37514628474106804,55.73015594482422,0.5845464164361935,86.22477722167969,0.8204962871818156,152.22640991210938,-0.6479789224106303,361.3200073242188,-1.0027956468680155,74.69999694824219,-2.3912215604918408,120.8736801147461,-0.25183913397558433,4016.949951171875,-0.07115031258156934,19.200000762939453,-3.0792464384042373,-0.07115031258156934,19.200000762939453,2023-01-24,2023,1,1
2023-01-25,233.9497528076172,-0.5908027697401286,139.49252319335938,-0.4700512446657368,19.2801570892334,0.3010413954492641,55.79208755493164,0.11112764545058162,86.16712188720703,-0.06686631885917116,153.5141143798828,0.8459139701953999,358.1700134277344,-0.8718016806796625,74.91000366210938,0.28113349725127357,121.30834197998048,0.35960009227962164,4016.219970703125,-0.01817250594663422,19.07999992370605,-0.6250043461718646,-0.01817250594663422,19.07999992370605,2023-01-25,2023,1,1
2023-01-26,241.1351776123047,3.0713538776834026,141.5574493408203,1.480313138073086,19.75809669494629,2.4789196659595003,57.02094268798828,2.2025616658396974,86.3497543334961,0.2119514291403668,162.2824249267578,5.711729232386498,365.8200073242188,2.1358554903223137,75.16000366210938,0.33373379759484845,123.88858795166016,2.1270144571801097,4060.429931640625,1.1007853469181317,18.729999542236328,-1.8343835580149181,1.1007853469181317,18.729999542236328,2023-01-26,2023,1,1
2023-01-27,241.2907867431641,0.064531907953147,143.4945831298828,1.3684435528352745,20.319847106933597,2.8431403118448717,56.29791259765625,-1.2680079568104685,85.54227447509766,-0.9351269897999059,161.72215270996094,-0.34524515951110946,370.7099914550781,1.336718613786858,75.4000015258789,0.31931592878635673,123.37066650390624,-0.41805420201900256,4070.56005859375,0.2494840970949097,18.51000022888184,-1.174582587994133,0.2494840970949097,18.51000022888184,2023-01-27,2023,1,1
2023-01-30,235.99163818359372,-2.196166969777802,140.6134796142578,-2.0078134329413633,19.11952018737793,-5.907165114180845,55.389137268066406,-1.6142256216222117,83.96582794189453,-1.842885921465709,161.94822692871094,0.13979174464455735,363.4200134277344,-1.9664908406514137,72.44999694824219,-3.9124728354603677,121.73374938964844,-1.3268284598316304,4017.77001953125,-1.296874098468337,19.940000534057617,7.725555307905907,-1.296874098468337,19.940000534057617,2023-01-30,2023,1,1
2023-01-31,240.9504547119141,2.101267895120329,141.88197326660156,0.902113834195406,19.493690490722656,1.9570067641746736,55.72826385498047,0.6122619048438915,85.03284454345703,1.2707748231826965,165.11343383789062,1.9544560438892633,370.3399963378906,1.9041281862514303,75.1500015258789,3.7267145498509624,123.19496154785156,1.200334472181619,4076.60009765625,1.4642470285510134,19.399999618530277,-2.708128891997852,1.4642470285510134,19.399999618530277,2023-01-31,2023,1,1
2023-02-01,245.75369262695312,1.9934545966231454,143.0029296875,0.7900626098511498,20.89657211303711,7.196593292491782,57.41818237304688,3.0324262791750156,86.56123352050781,1.7974101481101012,168.89801025390625,2.2921069037491693,383.9200134277344,3.6669053367526683,84.63999938964844,12.628074079947327,128.05026245117188,3.9411521723917264,4119.2099609375,1.045230394459029,17.8700008392334,-7.886591800937315,1.045230394459029,17.8700008392334,2023-02-01,2023,1,2
2023-02-02,257.2757568359375,4.688460257024318,148.30300903320312,3.706273261173898,21.66086769104004,3.6575165240910312,57.70585632324219,0.5010154245675746,85.91718292236328,-0.7440404577783055,171.6699981689453,1.6412199947601014,392.2300109863281,2.1645127286801236,88.30999755859375,4.336009210078218,125.636474609375,-1.8850315458879274,4179.759765625,1.4699373244309921,18.729999542236328,4.812527490848306,1.4699373244309921,18.729999542236328,2023-02-02,2023,1,2
2023-02-03,251.19869995117188,-2.362079101234915,151.92156982421875,2.43997799815745,21.05322265625,-2.8052663607810557,56.92949295043945,-1.3453805597371193,86.14788818359375,0.26852051403842836,168.1312255859375,-2.0613809173139264,379.3299865722656,-3.288892754948358,86.08999633789062,-2.5138730405129373,124.8688735961914,-0.610969876041334,4136.47998046875,-1.0354610691310495,18.32999992370605,-2.135609334256916,-1.0354610691310495,18.32999992370605,2023-02-03,2023,1,2
2023-02-06,249.66241455078125,-0.6115817481098573,149.19778442382812,-1.792889188508373,21.042245864868164,-0.052138295219983366,57.28005599975586,0.6157845980142351,85.10010528564453,-1.2162606884991045,166.17507934570312,-1.1634639748905662,375.2300109863281,-1.0808466852267773,83.68000030517578,-2.7993914917314733,122.9359893798828,-1.5479311702284448,4111.080078125,-0.6140463017754394,19.43000030517578,6.001093213574471,-0.6140463017754394,19.43000030517578,2023-02-06,2023,1,2
2023-02-07,260.1537475585937,4.2022076197130165,152.0690460205078,1.9244666452440384,22.123842239379883,5.140118509486369,58.53271865844727,2.1869089281210785,84.34070587158203,-0.8923601345891652,168.36717224121094,1.3191465917386402,383.8200073242188,2.2892615426231666,85.91000366210938,2.6649179598481343,126.3578643798828,2.783460740228083,4164.0,1.287251059802652,18.65999984741211,-3.9629461949033495,1.287251059802652,18.65999984741211,2023-02-07,2023,1,2
2023-02-08,259.34674072265625,-0.3102038096743809,149.3845977783203,-1.7652824900509234,22.15576934814453,0.14431086797310755,57.31910705566406,-2.073390115133611,83.3313980102539,-1.1967031232402836,166.74522399902344,-0.9633399555251887,378.3599853515625,-1.4225475140601906,84.69000244140625,-1.4200921530646005,122.23314666748048,-3.2643142020838067,4117.85986328125,-1.1080724476164705,19.6299991607666,5.198281464557564,-1.1080724476164705,19.6299991607666,2023-02-08,2023,1,2
2023-02-09,256.3227844238281,-1.165989705674353,148.3521270751953,-0.6911493677930203,22.2874755859375,0.5944557181626342,57.10000228881836,-0.3822543268737988,83.29295349121094,-0.04613449427337546,170.70669555664062,2.3757631328861217,375.80999755859375,-0.6739581064840627,83.20999908447266,-1.7475538012382885,120.7164306640625,-1.240838548928147,4081.5,-0.8829796177735161,20.709999084472656,5.501782831782243,-0.8829796177735161,20.709999084472656,2023-02-09,2023,1,2
2023-02-10,255.8172607421875,-0.19722151613519312,148.71652221679688,0.24562852504086408,21.217851638793945,-4.799215339661189,56.51320266723633,-1.0276700491427815,83.76396179199219,0.565483970779046,164.18943786621094,-3.8178102324447183,370.989990234375,-1.2825649545066264,81.4800033569336,-2.0790719223332976,119.2922134399414,-1.179803955672365,4090.4599609375,0.21952617756952897,20.530000686645508,-0.8691376426090858,0.21952617756952897,20.530000686645508,2023-02-10,2023,1,2
2023-02-13,263.80963134765625,3.124249936177481,151.513427734375,1.8806958876437685,21.739696502685547,2.4594613666610865,57.26290893554688,1.3266037543917086,85.95564270019531,2.616496236944532,168.17056274414062,2.424714360234126,375.0,1.0808943290064654,83.12999725341797,2.0250292446066354,121.00313568115234,1.4342279281055692,4137.2900390625,1.1448609342766147,20.34000015258789,-0.9254774851576553,1.1448609342766147,20.34000015258789,2023-02-13,2023,1,2
2023-02-14,264.6361389160156,0.31329696498842985,150.87326049804688,-0.42251518291199774,22.920074462890625,5.429597234990213,57.376258850097656,0.19794648343547383,85.63842010498047,-0.36905383433788463,167.06961059570312,-0.6546640092490619,377.8999938964844,0.7733317057291744,85.94999694824219,3.3922769012340703,122.39037322998048,1.146447603212164,4136.1298828125,-0.02804145319874607,18.90999984741211,-7.030483256873721,-0.02804145319874607,18.90999984741211,2023-02-14,2023,1,2
2023-02-15,262.5209655761719,-0.7992760733691817,152.97093200683594,1.3903534011689311,22.713533401489254,-0.901136083723364,57.88876724243164,0.8932412161499981,84.91746520996094,-0.8418591727121338,168.19021606445312,0.6707416535864041,375.9400024414063,-0.5186534762461448,85.18000030517578,-0.8958658178080947,123.06546783447266,0.5515912621850028,4147.60009765625,0.2773175690496066,18.229999542236328,-3.595982605303094,0.2773175690496066,18.229999542236328,2023-02-15,2023,1,2
2023-02-16,255.5319366455078,-2.66227457884165,151.3755340576172,-1.0429419029410525,21.953222274780277,-3.3473925578621166,57.20764923095703,-1.1765978857731785,84.32148742675781,-0.7018318101341681,165.25106811523438,-1.7475142240690245,365.1600036621094,-2.867478509679766,80.08000183105469,-5.9873191545541715,120.37425231933594,-2.1868161414349774,4090.409912109375,-1.3788741489130674,20.170000076293945,10.641802428809232,-1.3788741489130674,20.170000076293945,2023-02-16,2023,1,2
2023-02-17,251.5451812744141,-1.5601789050049053,150.233154296875,-0.7546660481523859,21.3405818939209,-2.790662678996225,56.73611068725586,-0.8242578571923009,83.89854431152344,-0.5015840305257258,162.361083984375,-1.7488444485236898,356.8500061035156,-2.275714063767831,78.5,-1.9730292144448547,118.11770629882812,-1.8746085454566463,4079.090087890625,-0.2767405825327751,20.020000457763672,-0.7436768367024893,-0.2767405825327751,20.020000457763672,2023-02-17,2023,1,2
2023-02-21,246.291259765625,-2.088659175330221,146.22494506835938,-2.667992459637125,20.609203338623047,-3.4271725060420866,55.39770126342773,-2.3590080596214813,82.8603744506836,-1.2374110532657356,158.87142944335938,-2.1493170995036337,346.70001220703125,-2.8443305934931273,76.7699966430664,-2.2038259323994835,114.39994049072266,-3.147509314733754,3997.340087890625,-2.0041234255327334,22.8700008392334,14.235765815702116,-2.0041234255327334,22.8700008392334,2023-02-21,2023,1,2
2023-02-22,245.16053771972656,-0.4590995421333455,146.6484375,0.28961709060149055,20.70798683166504,0.4793173778671278,54.88616180419922,-0.9233947394243547,82.97573852539062,0.13922707382367783,160.58184814453125,1.0766055968431276,348.7200012207031,0.5826330956301362,76.61000061035156,-0.20840958670185206,114.6311264038086,0.20208569348398875,3991.050048828125,-0.1573556145886834,22.290000915527344,-2.5360730320178493,-0.1573556145886834,22.290000915527344,2023-02-22,2023,1,2
2023-02-23,248.3382568359375,1.2961788817104747,147.13095092773438,0.3290273227318785,23.611536026000977,14.021397724167262,55.61298751831055,1.3242421955176997,85.14817810058594,2.618162385539402,161.32891845703125,0.465227123197387,347.0199890136719,-0.4875006311884311,79.75,4.098680804897636,116.71199035644533,1.81526956762732,4012.320068359375,0.5329429416074394,21.13999938964844,-5.1592708777226,0.5329429416074394,21.13999938964844,2023-02-23,2023,1,2
2023-02-24,242.9283599853516,-2.178438763126178,144.4818572998047,-1.8005005821180586,23.234376907348636,-1.597351050084217,55.03666687011719,-1.0363058593167773,85.22506713867188,0.09030027394727469,159.4415740966797,-1.169873559187251,320.5400085449219,-7.6306787237281455,78.08999633789062,-2.0815092941810387,114.99181365966795,-1.4738645888257462,3970.0400390625,-1.0537551485558128,21.670000076293945,2.507098873924418,-1.0537551485558128,21.670000076293945,2023-02-24,2023,1,2
2023-02-27,243.8446502685547,0.37718539048234856,145.67344665527344,0.8247328610928362,23.448894500732425,0.9232767215545223,55.77017211914063,1.33275739745371,84.55218505859375,-0.7895354062710913,160.3656005859375,0.579539241564131,322.32000732421875,0.5553125138347381,78.7699966430664,0.8707905456077469,114.1409912109375,-0.7398982776709362,3982.239990234375,0.30730045671669703,20.950000762939453,-3.3225625787705493,0.30730045671669703,20.950000762939453,2023-02-27,2023,1,2
2023-02-28,243.12332153320312,-0.2958148700646701,145.1711883544922,-0.34478370101986844,23.164531707763672,-1.2126916813066435,56.61227035522461,1.5099437639981117,84.0138931274414,-0.6366386992592954,160.82760620117188,0.2880952109095114,323.95001220703125,0.505710115963387,78.58000183105469,-0.24120200597779196,114.2427215576172,0.0891269171578335,3970.14990234375,-0.30360018281855305,20.700000762939453,-1.1933173789771434,-0.30360018281855305,20.700000762939453,2023-02-28,2023,1,2
2023-03-01,240.0528259277344,-1.2629375027065737,143.1031036376953,-1.424583445405736,22.64767837524414,-2.2312272013092604,56.54369735717773,-0.12112744748904447,82.99495697021484,-1.2128186414131825,164.5039825439453,2.2859112496985245,323.3800048828125,-0.17595533345881043,78.29000091552734,-0.3690518055100567,115.08013153076172,0.7330094746755389,3951.389892578125,-0.4725264845680033,20.57999992370605,-0.5797141778286607,-0.4725264845680033,20.57999992370605,2023-03-01,2023,1,3
2023-03-02,244.77066040039065,1.9653317782963864,143.69400024414062,0.4129166953229291,23.262311935424805,2.713892126146189,57.02760696411133,0.8558152889734494,83.60054779052734,0.7296718287712833,183.41677856445312,11.496862099040971,333.5,3.1294436775257006,80.44000244140625,2.746201942440507,115.17317962646484,0.08085504810033672,3981.35009765625,0.7582194086794392,19.59000015258789,-4.81049453249891,0.7582194086794392,19.59000015258789,2023-03-02,2023,1,3
2023-03-03,248.8451232910156,1.664604280578419,148.73622131347656,3.5089990262425985,23.837038040161133,2.4706319231370566,60.27694320678711,5.69783025389905,85.7922134399414,2.621592450453303,183.25950622558597,-0.08574588437223474,344.0400085449219,3.160422352300407,81.5199966430664,1.3426083650940335,115.00569152832033,-0.14542283080811735,4045.639892578125,1.6147737160748799,18.489999771118164,-5.615111653403504,1.6147737160748799,18.489999771118164,2023-03-03,2023,1,3
2023-03-06,250.38525390625,0.6189113111263467,151.49371337890625,1.8539479093112154,23.50178337097168,-1.4064443267851057,60.29218673706055,0.025289156122498824,86.26322174072266,0.5490105475725704,180.67425537109372,-1.4107049111601877,347.0199890136719,0.8661726528125246,81.16000366210938,-0.441600828976052,113.89842987060548,-0.9627885742004128,4048.419921875,0.06871667698291617,18.61000061035156,0.6490040060511015,0.06871667698291617,18.61000061035156,2023-03-06,2023,1,3
2023-03-07,247.7338714599609,-1.0589211644555618,149.29757690429688,-1.449655187417942,23.24031639099121,-1.112541018071933,59.55200958251953,-1.2276502057704253,84.93669891357422,-1.5377617487270623,180.20242309570312,-0.26115080669433244,344.79998779296875,-0.6397329522754513,82.11000061035156,1.170523540384849,110.90235137939452,-2.6304826981501606,3986.3701171875,-1.5326919115337678,19.59000015258789,5.265983396535834,-1.5326919115337678,19.59000015258789,2023-03-07,2023,1,3
2023-03-08,247.29525756835935,-0.1770504327957667,150.5482635498047,0.8377139612316231,24.13148498535156,3.8345803016081037,60.22931671142578,1.1373371505922547,85.0616683959961,0.14713249280977614,179.8386993408203,-0.2018417669609529,345.8399963378906,0.30162661883454955,85.37000274658203,3.970286337836759,112.77259063720705,1.6863837732479459,3992.010009765625,0.141479401368394,19.11000061035156,-2.4502273532291063,0.141479401368394,19.11000061035156,2023-03-08,2023,1,3
2023-03-09,245.9501037597656,-0.543946463761813,148.3029327392578,-1.491435874186664,23.388011932373047,-3.080925411054558,59.30146789550781,-1.5405268838820318,83.50444030761719,-1.8307048494856537,175.68064880371094,-2.3120999831239164,338.3699951171875,-2.159958738087897,84.02999877929688,-1.5696426428178922,109.06932067871094,-3.2838386859530777,3918.320068359375,-1.845935787384867,22.61000061035156,18.31501773005759,-1.845935787384867,22.61000061035156,2023-03-09,2023,1,3
2023-03-10,242.31427001953125,-1.4782810353215714,146.24465942382812,-1.387884431826092,22.917978286743164,-2.0097203943156616,58.56892395019531,-1.2352880481867334,80.81292724609375,-3.223197534895539,170.23484802246094,-3.0998296160293815,329.29998779296875,-2.680499883294185,82.66999816894531,-1.6184703440536463,107.18047332763672,-1.7317861148491542,3861.590087890625,-1.447813845705137,24.799999237060547,9.685973319727982,-1.447813845705137,24.799999237060547,2023-03-10,2023,1,3
2023-03-13,247.5097198486328,2.144095693861847,148.1847381591797,1.3265980056947457,22.918975830078125,0.004352667248741504,58.72515106201172,0.266740621612338,81.63957977294922,1.0229211526246562,172.52520751953125,1.3454116614056044,324.2699890136719,-1.527482224645338,82.01000213623047,-0.7983501237850188,106.47331237792967,-0.6597852460917486,3855.760009765625,-0.1509761003189447,26.520000457763672,6.935489006518969,-0.1509761003189447,26.520000457763672,2023-03-13,2023,1,3
2023-03-14,254.2063140869141,2.70558838754964,150.27252197265625,1.4089060988412117,24.013729095458984,4.776623848715533,60.24835586547852,2.5937860966221304,81.28392028808594,-0.4356459034360771,179.7797393798828,4.204911250160515,333.3299865722656,2.793967331405356,87.44999694824219,6.633330899047052,108.44591522216795,1.8526735011647588,3919.2900390625,1.6476655480623936,23.729999542236328,-10.52036526157215,1.6476655480623936,23.729999542236328,2023-03-14,2023,1,3
2023-03-15,258.7388916015625,1.7830310513446523,150.6664581298828,0.26214783119047347,24.17838859558105,0.6856890051000208,59.63679122924805,-1.0150727392394976,79.76513671875,-1.8684920264094962,179.79937744140625,0.01092340081878529,333.6099853515625,0.08400047717764814,89.68000030517578,2.5500325154424353,107.45960998535156,-0.909490444887473,3891.929931640625,-0.698088356543769,26.13999938964844,10.155920328285827,-0.698088356543769,26.13999938964844,2023-03-15,2023,1,3
2023-03-16,269.2272644042969,4.053651439028982,153.48304748535156,1.8694203012595612,25.48870658874512,5.419376845500579,60.63322067260742,1.67083007455755,81.53385162353516,2.2174034641495144,184.1147308349609,2.4000936237729587,353.2900085449219,5.899110955153319,96.5999984741211,7.716322642057283,112.1305694580078,4.346711730382191,3960.280029296875,1.7562006217166637,22.989999771118164,-12.05049614414946,1.7562006217166637,22.989999771118164,2023-03-16,2023,1,3
2023-03-17,272.37567138671875,1.169423531226732,152.6459197998047,-0.5454202918578122,25.67232322692871,0.7203842907614222,60.106422424316406,-0.868827752257284,81.95679473876953,0.5187331480269286,181.7064208984375,-1.3080484791204494,358.1400146484375,1.3728115673271146,97.83999633789062,1.283641701197058,112.33527374267578,0.18255885585656273,3916.639892578125,-1.1019457310067593,25.51000022888184,10.96128961658145,-1.1019457310067593,25.51000022888184,2023-03-17,2023,1,3
2023-03-20,265.35748291015625,-2.5766576144012787,155.00946044921875,1.5483811506484146,25.84696578979492,0.6802756467440219,61.320045471191406,2.0191237440610355,83.59095001220703,1.9939228695390554,182.099609375,0.21638667176338,362.8800048828125,1.3235019937741122,96.80999755859376,-1.0527379577363827,113.3494644165039,0.9028247673578571,3951.570068359375,0.8918403718310097,24.149999618530277,-5.331244994705253,0.8918403718310097,24.149999618530277,2023-03-20,2023,1,3
2023-03-21,266.86834716796875,0.569369380973539,156.8609161376953,1.1944146396684507,26.14535522460937,1.1544466659690666,61.09360504150391,-0.36927635644672385,84.18692016601562,0.7129601394906482,185.47120666503903,1.8515126427843365,374.2200012207031,3.124998948771718,95.93000030517578,-0.9089941902801657,115.19180297851562,1.625361506113543,4002.8701171875,1.2982193897784988,21.3799991607666,-11.469981372746096,1.2982193897784988,21.3799991607666,2023-03-21,2023,1,3
2023-03-22,265.4159545898437,-0.5442356103816604,155.4329376220703,-0.9103469180120616,26.41380500793457,1.0267589826912005,60.53423690795898,-0.9155919562529147,84.4945297241211,0.3653887771388531,183.33811950683597,-1.1500907319028864,361.7099914550781,-3.3429559416432664,97.58000183105467,1.7200057548523384,113.48904418945312,-1.4781944070969,3936.969970703125,-1.6463223775713631,22.26000022888184,4.116001415613169,-1.6463223775713631,22.26000022888184,2023-03-22,2023,1,3
2023-03-23,270.6503601074219,1.9721517968530167,156.5162353515625,0.6969550637498712,27.13532447814941,2.731599896334891,61.33155822753906,1.317141109406239,84.3791732788086,-0.13652534156843865,184.2523651123047,0.49866640277971275,369.0,2.0154291330454654,100.27999877929688,2.766957263350789,115.51746368408205,1.7873262649412913,3948.719970703125,0.2984528733375402,22.61000061035156,1.572328741558593,0.2984528733375402,22.61000061035156,2023-03-23,2023,1,3
2023-03-24,273.4869384765625,1.0480600757430292,157.81619262695312,0.8305574641957802,26.724166870117188,-1.5152116878620947,61.03796005249024,-0.47870653140684727,84.60027313232422,0.2620313104811478,186.82778930664065,1.397769951428418,374.9599914550781,1.6151738360645318,97.9499969482422,-2.3234960704204832,116.08504486083984,0.4913379835883802,3970.989990234375,0.5639807253104534,21.739999771118164,-3.8478585393539544,0.5639807253104534,21.739999771118164,2023-03-24,2023,1,3
2023-03-27,269.4026794433594,-1.4934018626096668,155.8760986328125,-1.2293377262792227,26.47667694091797,-0.9260903451248859,60.14278030395508,-1.4665951282863077,86.64774322509766,2.42016960107323,188.0073699951172,0.6313732517278181,373.1499938964844,-0.48271751649284766,96.61000061035156,-1.3680412247472629,115.00569152832033,-0.9297953356639743,3977.530029296875,0.16469543057482383,20.600000381469727,-5.243787496092523,0.16469543057482383,20.600000381469727,2023-03-27,2023,1,3
2023-03-28,268.2817687988281,-0.41607256722437924,155.25567626953125,-0.398022768546924,26.35592269897461,-0.45607778579169755,59.93746566772461,-0.3413786911626526,86.36898040771484,-0.3217196513227494,189.0297393798828,0.5437921847383898,373.3999938964844,0.06699718721403514,94.55999755859376,-2.121936692688675,112.90283966064452,-1.8284763473275345,3971.27001953125,-0.15738434957162095,19.96999931335449,-3.0582575555772373,-0.15738434957162095,19.96999931335449,2023-03-28,2023,1,3
2023-03-29,273.428466796875,1.9183927484487828,158.32830810546875,1.9790785817088263,26.928747177124023,2.1734184179091454,60.01421737670898,0.12805297676390381,87.10914611816406,0.8569809519056282,193.2958984375,2.256871893074841,379.1600036621094,1.5425843223826563,96.08999633789062,1.6180190554137885,116.39209747314452,3.090496061027137,4027.81005859375,1.423726887983645,19.1200008392334,-4.256377082360096,1.423726887983645,19.1200008392334,2023-03-29,2023,1,3
2023-03-30,276.8790283203125,1.2619613326511736,159.89414978027344,0.9889840253719084,27.326927185058597,1.4786428990384959,60.8057746887207,1.318949653284851,87.00341796875,-0.12137433797209107,193.25657653808597,-0.02034285245154921,381.8999938964844,0.7226474859982179,97.87999725341795,1.8628379474934897,118.54147338867188,1.8466682551393054,4050.830078125,0.5715269388667954,19.020000457763672,-0.5230145244791484,0.5715269388667954,19.020000457763672,2023-03-30,2023,1,3
2023-03-31,281.021728515625,1.4962130647612426,162.39552307128906,1.5643932529445292,27.720121383666992,1.4388525864824642,61.55318832397461,1.2291819964141526,89.32003784179688,2.6626768546943236,196.38247680664065,1.6174871378509925,385.3699951171875,0.908615154794612,98.01000213623048,0.13282068498217114,118.7089614868164,0.1412907173807154,4109.31005859375,1.4436542471763847,18.700000762939453,-1.682437892337696,1.4436542471763847,18.700000762939453,2023-03-31,2023,1,3
2023-04-03,279.97882080078125,-0.37111283897955927,163.646240234375,0.7701672678112503,27.90773582458496,0.6768168087045723,61.64242935180664,0.1449819745523495,90.28128051757812,1.0761780883745242,193.14845275878903,-1.6467986861352535,380.0799865722656,-1.3727089840798956,96.55999755859376,-1.4794455117154937,116.0664291381836,-2.2260596972085267,4124.509765625,0.36988464765423945,18.549999237060547,-0.8021471644866773,0.36988464765423945,18.549999237060547,2023-04-03,2023,2,4
2023-04-04,279.9300842285156,-0.01740723534953137,163.11448669433594,-0.32494088423753453,27.39678955078125,-1.8308410148902166,60.86909866333008,-1.2545428475295717,90.35818481445312,0.08518299301263355,193.8463592529297,0.3613316514692544,385.1499938964844,1.3339316731571182,95.87000274658205,-0.7145762525449739,113.79608917236328,-1.9560694532243628,4100.60009765625,-0.5796972083329965,19.0,2.425880223436394,-0.5796972083329965,19.0,2023-04-04,2023,2,4
2023-04-05,277.16180419921875,-0.9889183711447869,161.2728729248047,-1.1290313980402589,26.82596015930176,-2.083563077423467,60.35098648071289,-0.8511908242356148,91.21372985839844,0.946837351483043,191.98849487304688,-0.9584210851536712,382.0199890136719,-0.8126716688080071,92.55999755859376,-3.4525973643056873,114.48463439941406,0.6050693236108184,4090.3798828125,-0.2492370531228194,19.07999992370605,0.42105223003183756,-0.2492370531228194,19.07999992370605,2023-04-05,2023,2,4
2023-04-06,284.2384948730469,2.5532705324509797,162.1592559814453,0.5496169570029963,26.981639862060547,0.5803322670812294,59.73981094360352,-1.0127018177319869,92.2038116455078,1.0854525833406736,189.2754364013672,-1.4131359660242704,380.6000061035156,-0.37170382466699126,92.47000122070312,-0.09723027254151528,114.44741821289062,-0.0325075821036358,4105.02001953125,0.35791630944272956,18.399999618530277,-3.5639429134949996,0.35791630944272956,18.399999618530277,2023-04-06,2023,2,4
2023-04-10,282.0843200683594,-0.7578758132847696,159.5691680908203,-1.5972494909087143,27.52253150939941,2.004665580387588,60.19555282592773,0.7628780123767775,90.50492095947266,-1.8425384544478507,188.23345947265625,-0.5505082690716256,376.25,-1.1429337976238796,95.4800033569336,3.255112032545915,115.64771270751952,1.0487737629835792,4109.10986328125,0.09963029974375814,18.96999931335449,3.0978244926167076,0.09963029974375814,18.96999931335449,2023-04-10,2023,2,4
2023-04-11,275.6898193359375,-2.2668756387707933,158.35784912109375,-0.7591184338550439,27.11337280273437,-1.4866318039287396,59.63715744018555,-0.9276356134761965,90.7076187133789,0.22396324062534667,185.6776885986328,-1.3577665103661873,371.1099853515625,-1.3661168500830545,94.02999877929688,-1.5186473886224738,114.97777557373048,-0.5792912960443486,4108.93994140625,-0.004135247794623265,19.100000381469727,0.6852982225661997,-0.004135247794623265,19.100000381469727,2023-04-11,2023,2,4
2023-04-12,276.3332214355469,0.23337898409130364,157.66847229003906,-0.43532848853455874,26.44075584411621,-2.480757239284992,59.16989135742188,-0.7835150144980041,90.64004516601562,-0.07449599969855392,187.08338928222656,0.7570649409754049,369.8900146484375,-0.3287356178167222,92.33000183105467,-1.8079304161561893,111.9072494506836,-2.670538813022949,4091.949951171875,-0.4134884052006904,19.09000015258789,-0.0523572182309362,-0.4134884052006904,19.09000015258789,2023-04-12,2023,2,4
2023-04-13,282.5229187011719,2.239939603884622,163.0455780029297,3.410387400087922,26.408811569213867,-0.12081453000313269,59.8933219909668,1.2226330266096985,92.23277282714844,1.7572008687943397,190.72044372558597,1.9440819718487656,378.7999877929688,2.408816889258225,92.08999633789062,-0.2599431261825491,112.70745086669922,0.7150577106876943,4146.22021484375,1.326268999363811,17.799999237060547,-6.757469383008196,1.326268999363811,17.799999237060547,2023-04-13,2023,2,4
2023-04-14,278.9162902832031,-1.276579059337668,162.7008514404297,-0.21142956878831276,26.70320701599121,1.1147621921788309,59.4423828125,-0.7529039356588219,92.38719940185548,0.1674313478533751,191.3397216796875,0.3247045476637789,379.3800048828125,0.15311961682551445,91.75,-0.36920007754494,111.80489349365234,-0.8007965454869037,4137.64013671875,-0.20693734728036706,17.06999969482422,-4.101121199580893,-0.20693734728036706,17.06999969482422,2023-04-14,2023,2,4
2023-04-17,281.5091552734375,0.9296212091454592,162.72055053710938,0.012107555987128649,26.946712493896484,0.9118960046988089,60.192684173583984,1.2622329818955391,92.2713851928711,-0.12535741935485456,193.7284240722656,1.2484090452357322,377.9200134277344,-0.38483616328939263,89.87000274658203,-2.0490433279759857,111.07913208007812,-0.6491320647028953,4151.31982421875,0.330615690296554,16.950000762939453,-0.7029814530175482,0.330615690296554,16.950000762939453,2023-04-17,2023,2,4
2023-04-18,281.0899658203125,-0.1489079290220019,163.94171142578125,0.7504650670373536,27.610349655151367,2.462775974639575,60.66856384277344,0.7905938665521361,93.1208267211914,0.9205904154844458,195.12425231933597,0.7205077178296104,377.5499877929688,-0.0979110980150133,89.77999877929688,-0.10014906479857144,110.13005828857422,-0.8544123218569122,4154.8701171875,0.08552202959737354,16.829999923706055,-0.7079695211328563,0.08552202959737354,16.829999923706055,2023-04-18,2023,2,4
2023-04-19,281.16802978515625,0.027771878877258516,165.0841064453125,0.6968299950000478,27.87380790710449,0.9542010704089998,60.87772750854492,0.34476449172844426,92.48374938964844,-0.6841405451117999,195.537109375,0.21158674575643133,380.1099853515625,0.6780552619160662,89.94000244140625,0.17821749196356151,110.29753112792967,0.15206823818854076,4154.52001953125,-0.00842619976980652,16.459999084472656,-2.198460136130065,-0.00842619976980652,16.459999084472656,2023-04-19,2023,2,4
2023-04-20,278.8870849609375,-0.8112390395030533,164.11900329589844,-0.5846130013332118,27.048503875732425,-2.9608585741947024,60.7357292175293,-0.23325162884191286,91.53776550292967,-1.0228649821853453,194.1510772705078,-0.7088332792288821,380.260009765625,0.03946868533952763,90.11000061035156,0.1890128578282635,110.3905792236328,0.08436099589137491,4129.7900390625,-0.595254815297297,17.170000076293945,4.313493507366362,-0.595254815297297,17.170000076293945,2023-04-20,2023,2,4
2023-04-21,278.5459289550781,-0.12232764593855805,162.5137481689453,-0.9781043600776251,27.06347274780273,0.0553408504184727,60.724220275878906,-0.018949211277552447,91.8466567993164,0.3374468392248975,195.64524841308597,0.7695919917541039,377.6700134277344,-0.6811119421910816,88.43000030517578,-1.8643882963005898,109.57176971435548,-0.7417385750087879,4133.52001953125,0.09031888869577287,16.770000457763672,-2.3296424971048224,0.09031888869577287,16.770000457763672,2023-04-21,2023,2,4
2023-04-24,274.6566162109375,-1.3962913616188066,162.8190155029297,0.18784092879762238,26.986631393432617,-0.2839301337495659,60.88156509399414,0.2591137727259385,92.1265869140625,0.30477986298156345,191.6051483154297,-2.065013145183059,377.3399963378906,-0.08738239153500693,87.56999969482422,-0.9725213246451037,109.1902847290039,-0.3481599196089258,4137.0400390625,0.08515791660903549,16.889999389648438,0.7155571175265552,0.08515791660903549,16.889999389648438,2023-04-24,2023,2,4
2023-04-25,268.4669494628906,-2.2536019096999205,161.28273010253906,-0.9435540410591581,26.18726921081543,-2.9620672953339366,59.68032836914063,-1.9730713607623906,90.79448699951172,-1.4459451491385278,187.4274139404297,-2.18038732869662,369.5899963378906,-2.0538506586140537,83.80000305175781,-4.305123508284348,106.11974334716795,-2.81210126840189,4071.6298828125,-1.5810858882773227,18.76000022888184,11.071645392595396,-1.5810858882773227,18.76000022888184,2023-04-25,2023,2,4
2023-04-26,287.91326904296875,7.243468746891746,161.2728729248047,-0.0061117378953756685,26.900808334350582,2.7247557497918073,59.1209602355957,-0.9372738871091135,90.45663452148438,-0.37210681968956605,188.2629547119141,0.4457943232092809,363.05999755859375,-1.7668223826401763,85.94000244140625,2.5536984626679526,106.22208404541016,0.09643888593604544,4055.989990234375,-0.3841187197329843,18.84000015258789,0.42643882052244564,-0.3841187197329843,18.84000015258789,2023-04-26,2023,2,4
2023-04-27,297.1344299316406,3.202756482646052,165.8522491455078,2.8395204584954037,27.17025375366211,1.0016257354150238,59.33395385742188,0.3602675277556422,91.74047088623048,1.4192838054804868,192.6077880859375,2.307853598001808,371.4200134277344,2.3026540862000067,87.44000244140625,1.7454037204882589,105.9988021850586,-0.21020286163478952,4135.35009765625,1.956614972249704,17.030000686645508,-9.607215771140842,1.956614972249704,17.030000686645508,2023-04-27,2023,2,4
2023-04-28,299.5031433105469,0.7971857651942971,167.1029815673828,0.7541244862936392,27.692184448242188,1.9209636366010363,60.11016082763672,1.308200313230512,91.43157958984376,-0.33670123273051855,194.9964599609375,1.2401740857613808,377.55999755859375,1.6531107395627798,89.37000274658203,2.2072281007415206,108.67853546142578,2.528078828370872,4169.47998046875,0.8253202753460531,15.779999732971191,-7.3399935600386375,0.8253202753460531,15.779999732971191,2023-04-28,2023,2,4
2023-05-01,297.8461303710937,-0.5532539395538438,167.0143585205078,-0.053034988390832094,28.850805282592773,4.183927188973113,61.20873641967773,1.8276038142555073,91.5763702392578,0.15835956248766436,194.42630004882807,-0.2923950066701986,374.1499938964844,-0.9031686842248643,89.69000244140625,0.35806163700320415,107.7852554321289,-0.8219470620433045,4167.8701171875,-0.03861064902076494,16.079999923706055,1.901141925294425,-0.03861064902076494,16.079999923706055,2023-05-01,2023,2,5
2023-05-02,297.69976806640625,-0.04914024046748233,165.9803009033203,-0.6191429445633778,28.15223693847656,-2.4213131566823143,58.75157165527344,-4.014402041494103,91.50880432128906,-0.07378095221748371,190.54351806640625,-1.9970456576331008,368.6600036621094,-1.46732335264822,89.91000366210938,0.24529068426200062,108.03648376464844,0.233082281535002,4119.580078125,-1.1586262936400304,17.780000686645508,10.572144098292036,-1.1586262936400304,17.780000686645508,2023-05-02,2023,2,5
2023-05-03,296.7153015136719,-0.3306910714538369,164.9068603515625,-0.6467276814873801,27.745073318481445,-1.4462922462784134,58.834083557128906,0.14044203334611094,91.489501953125,-0.02109345467600221,189.33444213867188,-0.6345405711009278,345.25,-6.350025343016464,81.62000274658203,-9.22033208527272,104.9845733642578,-2.8248886802342277,4090.75,-0.6998305064656485,18.34000015258789,3.1496031738794894,-0.6998305064656485,18.34000015258789,2023-05-03,2023,2,5
2023-05-04,297.69976806640625,0.3317882656243887,163.2720489501953,-0.9913543911283962,27.50556755065918,-0.8632371054601906,58.54240036010742,-0.49577248320398226,91.6728973388672,0.20045511433230967,189.1083221435547,-0.11942887546660952,335.8299865722656,-2.728461528670345,86.61000061035156,6.11369480011259,99.16915893554688,-5.539303768500902,4061.219970703125,-0.7218732334382416,20.09000015258789,9.541984653435588,-0.7218732334382416,20.09000015258789,2023-05-04,2023,2,5
2023-05-05,302.8075866699219,1.7157617006863912,170.93392944335938,4.69270799406778,28.621273040771484,4.056289651385758,60.457481384277344,3.2712717831688387,93.6034698486328,2.1059359590537063,194.22972106933597,2.708182732377873,348.3999938964844,3.742967521309737,89.83999633789062,3.729356546330531,101.2161636352539,2.064154543286434,4136.25,1.8474751389515376,17.190000534057617,-14.435040301165502,1.8474751389515376,17.190000534057617,2023-05-05,2023,2,5
2023-05-08,300.85797119140625,-0.6438463117639182,170.8649444580078,-0.04035769000116929,29.091306686401367,1.642252757102436,60.35578155517578,-0.1682171118825515,93.4297103881836,-0.18563356756986504,194.5344696044922,0.15690108263473057,344.0599975585937,-1.2456935746044118,95.04000091552734,5.788073007126315,100.77886199951172,-0.43204723439040915,4138.1201171875,0.04521286642489297,16.979999542236328,-1.221646220459538,0.04521286642489297,16.979999542236328,2023-05-08,2023,2,5
2023-05-09,299.249755859375,-0.5345430355933933,169.16123962402344,-0.9971061292815886,28.512496948242188,-1.9896312819449369,59.34355163574219,-1.6771051477615928,92.80227661132812,-0.6715570178357555,197.7586669921875,1.6573913066668444,342.6499938964844,-0.40981330933980153,95.05999755859376,0.021040238714009618,98.41548919677734,-2.345107650397782,4119.169921875,-0.4579421277258522,17.709999084472656,4.2991729205911655,-0.4579421277258522,17.709999084472656,2023-05-09,2023,2,5
2023-05-10,304.4256286621094,1.7296163827671185,170.9240264892578,1.0420749275379615,28.825857162475582,1.0990276116547237,60.08808898925781,1.254622167014352,94.1343765258789,1.4354172798258347,201.3662567138672,1.8242384905548636,344.0199890136719,0.39982347631424275,97.0199966430664,2.0618547599525527,99.0574951171875,0.6523423555071739,4137.64013671875,0.44839652634049987,16.940000534057617,-4.34781812659798,0.44839652634049987,16.940000534057617,2023-05-10,2023,2,5
2023-05-11,302.2811889648437,-0.7044215385840102,171.1111602783203,0.10948360678495472,28.51948356628418,-1.0628429692985053,60.222415924072266,0.2235500197692586,94.0571517944336,-0.0820366950898932,200.009765625,-0.6736436933396983,341.5799865722656,-0.7092618217917845,97.0999984741211,0.08245911546360674,96.82437133789062,-2.2543713392459974,4130.6201171875,-0.16966239932159066,16.93000030517578,-0.059033226485027956,-0.16966239932159066,16.93000030517578,2023-05-11,2023,2,5
2023-05-12,301.1699523925781,-0.367616845782226,170.18414306640625,-0.5417631499933906,28.281970977783203,-0.8328081676126975,60.55631256103516,0.5544391267594984,94.4529037475586,0.4207568968173092,198.37799072265625,-0.8158476148625526,335.45001220703125,-1.794594123253035,95.26000213623048,-1.8949499143205428,96.41498565673828,-0.422812640552761,4124.080078125,-0.15833068345566526,17.030000686645508,0.5906696967935332,-0.15833068345566526,17.030000686645508,2023-05-12,2023,2,5
2023-05-15,301.6475524902344,0.15858158951849166,169.69110107421875,-0.28971088804384815,28.89371681213379,2.1630240510151832,61.38624572753906,1.370514701778447,93.88340759277344,-0.602941923635536,199.87210083007807,0.7531632425447077,345.6700134277344,3.0466540017281663,97.4000015258789,2.2464826177392094,98.89000701904295,2.5670504905911384,4136.27978515625,0.2958164439133881,17.1200008392334,0.5284800291198266,0.2958164439133881,17.1200008392334,2023-05-15,2023,2,5
2023-05-16,303.8699951171875,0.7367679958302009,169.69110107421875,0.0,29.153186798095703,0.8980152593346835,61.54359817504883,0.2563317656013142,94.83902740478516,1.0178793425956512,201.0811920166016,0.6049324450496663,345.1099853515625,-0.16201233963528683,101.4800033569336,4.188913518621096,96.57315826416016,-2.3428542728656576,4109.89990234375,-0.6377683373153031,17.989999771118164,5.0817692128321434,-0.6377683373153031,17.989999771118164,2023-05-16,2023,2,5
2023-05-17,306.74200439453125,0.9451440825001933,170.30250549316406,0.36030435012492923,30.116209030151367,3.3033171938464445,63.08161544799805,2.499069470352744,96.30624389648438,1.5470598253153112,205.8192443847656,2.3562881842140726,356.6300048828125,3.3380719249588298,103.75,2.2368905872836686,97.52222442626952,0.9827432168194594,4158.77001953125,1.1890829058788244,16.8700008392334,-6.225675075787684,1.1890829058788244,16.8700008392334,2023-05-17,2023,2,5
2023-05-18,311.1575622558594,1.4395021868765179,172.62986755371094,1.3666047095474365,31.61313819885254,4.970509957619473,65.0417709350586,3.1073324187083085,98.78702545166016,2.575930131635351,209.69223022460935,1.8817413558294138,360.4299926757813,1.0655266637526584,107.93000030517578,4.028915956795931,99.5227279663086,2.051330916422578,4198.0498046875,0.9445048649426635,16.049999237060547,-4.860708721874096,0.9445048649426635,16.049999237060547,2023-05-18,2023,2,5
2023-05-19,310.98175048828125,-0.05650248906164945,172.73834228515625,0.06283659541796993,31.199981689453125,-1.3069139381246542,65.45915222167969,0.6417126726728117,99.26966857910156,0.4885693492993948,206.78257751464844,-1.3875825093014993,371.25,3.0019719624031493,105.81999969482422,-1.9549713743958752,98.49921417236328,-1.028422165328713,4191.97998046875,-0.14458676054706077,16.809999465942383,4.73520414335562,-0.14458676054706077,16.809999465942383,2023-05-19,2023,2,5
2023-05-22,313.756103515625,0.8921272785260337,171.79159545898438,-0.5480814587238481,31.112165451049805,-0.2814624677584532,65.08688354492188,-0.5687037856786037,98.23681640625,-1.0404509127866723,206.6842498779297,-0.04755121920838601,372.0499877929688,0.21548492739900116,108.0,2.060102354434612,97.95954895019533,-0.5478878453015867,4192.6298828125,0.01550346964389604,17.209999084472656,2.379533796777844,0.01550346964389604,17.209999084472656,2023-05-22,2023,2,5
2023-05-23,307.97296142578125,-1.8431966820864565,169.1881103515625,-1.515490382673268,30.62516593933105,-1.5653025260648379,65.86693572998047,1.198478314790119,95.11895751953124,-3.173819145181911,203.12582397460935,-1.721672505486993,370.4200134277344,-0.4381062810681957,108.12000274658205,0.11111365424263386,96.35914611816406,-1.6337384657058251,4145.580078125,-1.122202674755013,18.530000686645508,7.669969043541625,-1.122202674755013,18.530000686645508,2023-05-23,2023,2,5
2023-05-24,306.5954895019531,-0.4472704088862356,169.4642333984375,0.16320475847932947,30.4754695892334,-0.488801759945412,65.19817352294922,-1.015323089831932,94.90657806396484,-0.22327773674641893,205.50466918945312,1.1711190474437805,365.760009765625,-1.258032366822559,108.2699966430664,0.13872909052354832,95.856689453125,-0.5214415914633674,4115.240234375,-0.7318600335353365,20.030000686645508,8.09498081174409,-0.7318600335353365,20.030000686645508,2023-05-24,2023,2,5
2023-05-25,318.3865051269531,3.8457890049699683,170.5983428955078,0.6692323650406173,37.90222930908203,24.369631772540146,69.9254379272461,7.25060864263769,100.6693344116211,6.072030480091994,206.34022521972656,0.40658737028653746,392.05999755859375,7.19050390714433,120.3499984741211,11.157293992424155,96.7871551513672,0.9706841573088321,4151.27978515625,0.8757581265902425,19.13999938964844,-4.44334132045463,0.8757581265902425,19.13999938964844,2023-05-25,2023,2,5
2023-05-26,325.1954345703125,2.1385735053828236,173.0045928955078,1.4104767720245937,38.86625289916992,2.5434482553164495,77.97820281982422,11.516216603400654,100.46662902832033,-0.20135762741009255,211.77618408203125,2.6344639570476724,415.3900146484375,5.9506241991334585,127.02999877929688,5.5504780971078915,102.677001953125,6.08535997627635,4205.4501953125,1.304908677799732,17.950000762939453,-6.2173388958025715,1.304908677799732,17.950000762939453,2023-05-26,2023,2,5
2023-05-30,323.5542907714844,-0.5046638496006617,174.84873962402344,1.0659524684581312,40.02887344360352,2.9913368480613878,77.07725524902344,-1.1553838614138168,101.49948120117188,1.028054969934744,215.14781188964844,1.5920712814011084,417.2099914550781,0.438136869558825,125.2699966430664,-1.3855011832978992,107.93415069580078,5.120083994150715,4205.52001953125,0.001660326849850513,17.459999084472656,-2.7298142486906207,0.001660326849850513,17.459999084472656,2023-05-30,2023,2,5
2023-05-31,320.7994384765625,-0.8514343260147106,174.79946899414062,-0.028179002026984534,37.75653839111328,-5.6767399554517155,77.52051544189453,0.5750855961839774,102.26205444335938,0.7513075270562997,219.5811309814453,2.0605922285980682,417.7900085449219,0.13902281865803,118.20999908447266,-5.635824816623813,106.25704193115234,-1.553825877942161,4179.830078125,-0.6108624209833935,17.940000534057617,2.749149339943724,-0.6108624209833935,17.940000534057617,2023-05-31,2023,2,5
2023-06-01,324.8926086425781,1.2759280955894514,177.60020446777344,1.6022562824413944,39.688568115234375,5.117073244659087,75.79254150390625,-2.2290537261500543,102.31031799316406,0.04719595168256596,209.27932739257807,-4.691570511009779,426.75,2.144616020446244,119.47000122070312,1.0659014854826898,108.52442932128906,2.1338702347895477,4221.02001953125,0.9854453563032717,15.649999618530272,-12.76477618370171,0.9854453563032717,15.649999618530272,2023-06-01,2023,2,6
2023-06-02,327.6474304199219,0.8479176515752584,178.44830322265625,0.47753253292943665,39.24647521972656,-1.113904876145222,77.90814208984375,2.7913044528642184,102.21378326416016,-0.09435483233505293,209.40716552734372,0.06108493197030107,436.3699951171875,2.254246073154653,117.86000061035156,-1.3476191461464282,108.32767486572266,-0.18129969150439962,4282.3701171875,1.4534424705965554,14.600000381469728,-6.709260464244993,1.4534424705965554,14.600000381469728,2023-06-02,2023,2,6
2023-06-05,328.1748962402344,0.16098579489436382,177.09722900390625,-0.757123600701437,39.090797424316406,-0.39666694789423085,76.97746276855469,-1.1945854391134159,103.21768951416016,0.9821632836009231,206.29104614257807,-1.4880672191509903,434.1799926757813,-0.5018682461927937,117.93000030517578,0.05939224033744139,105.61994171142578,-2.4995765464856934,4273.7900390625,-0.20035816359177394,14.729999542236328,0.8904051874655705,-0.20035816359177394,14.729999542236328,2023-06-05,2023,2,6
2023-06-06,325.9671630859375,-0.6727306627014928,176.73236083984375,-0.20602703165640834,38.574851989746094,-1.319864184324282,75.7973403930664,-1.5330751794671582,103.38177490234376,0.15897022008140027,209.23020935058597,1.42476528330584,432.8900146484375,-0.2971067412374073,124.2300033569336,5.34215469808772,109.02098846435548,3.220080126745395,4283.85009765625,0.23538963079141606,13.960000038146973,-5.227423815469123,0.23538963079141606,13.960000038146973,2023-06-06,2023,2,6
2023-06-07,315.9052734375,-3.08678013858249,175.361572265625,-0.7756296400413976,37.402130126953125,-3.040120187900397,76.0496597290039,0.3328867934270896,101.59600830078124,-1.727351463301341,202.2312774658203,-3.3450866901529763,418.3200073242188,-3.3657526926444414,117.83000183105467,-5.151735774723154,107.9154052734375,-1.0141012354510592,4267.52001953125,-0.38120096998572883,13.9399995803833,-0.14326975436259604,-0.38120096998572883,13.9399995803833,2023-06-07,2023,2,6
2023-06-08,317.7418212890625,0.5813603019595881,178.0735321044922,1.5464960788326598,38.43512725830078,2.761867112491667,77.15975952148438,1.459703825679437,103.74859619140624,2.118772111845302,205.96665954589844,1.8470842526866038,439.0299987792969,4.950753273205688,121.0500030517578,2.7327515663794877,109.0116195678711,1.0158089029606021,4293.93017578125,0.6188642614241457,13.649999618530272,-2.0803441218256835,0.6188642614241457,13.649999618530272,2023-06-08,2023,2,6
2023-06-09,319.2364501953125,0.47039099234289505,178.45814514160156,0.21598551596297977,38.694618225097656,0.6751401265123524,77.20005798339844,0.052227303667073954,106.03630828857422,2.205053543999158,211.64837646484372,2.7585614737219766,454.0,3.4097900513237134,124.91999816894533,3.1970219079902273,111.59754180908205,2.372152850734355,4298.85986328125,0.1148059539441082,13.829999923706056,1.3186835912539552,0.1148059539441082,13.829999923706056,2023-06-09,2023,2,6
2023-06-12,324.179443359375,1.5483799425279665,181.2490234375,1.5638839536766147,39.40523910522461,1.8364850532781363,82.06836700439453,6.306095031745973,112.38787841796876,5.98999553257642,210.05593872070312,-0.7523978075046123,474.6300048828125,4.54405393894548,129.19000244140625,3.4181911103505325,114.43643188476562,2.543864344736435,4338.93017578125,0.9321148810237156,15.010000228881836,8.532178681744874,0.9321148810237156,15.010000228881836,2023-06-12,2023,2,6
2023-06-13,326.5630798339844,0.7352830425977785,180.77569580078125,-0.2611476893733311,40.94224548339844,3.9005127568685127,81.66154479980469,-0.49571134340721246,112.62918090820312,0.21470508530907484,205.42601013183597,-2.204140771769969,478.989990234375,0.9186071901710058,124.52999877929688,-3.6070930985723226,116.5820083618164,1.8749068296810556,4369.009765625,0.6932489951473775,14.609999656677246,-2.664893844804339,0.6932489951473775,14.609999656677246,2023-06-13,2023,2,6
2023-06-14,329.5425109863281,0.912360072626206,181.4068298339844,0.34912548968899504,42.91340637207031,4.814491402214749,85.02540588378906,4.119271919519729,118.0251007080078,4.790871918177708,205.8389129638672,0.20099832137432383,479.5299987792969,0.11273900414028315,127.33000183105467,2.248456660406961,115.61695098876952,-0.8277927157094411,4372.58984375,0.08194255259321714,13.880000114440918,-4.99657467070983,0.08194255259321714,13.880000114440918,2023-06-14,2023,2,6
2023-06-15,340.0538330078125,3.1896710351644098,183.43833923339844,1.1198637897333663,42.57007598876953,-0.8000539046563171,84.76156616210938,-0.3103069240743106,122.15652465820312,3.5004621266254254,208.31602478027344,1.2034225116808184,490.9100036621094,2.373158073901882,124.23999786376952,-2.4267681794154616,115.813720703125,0.17019105993774097,4425.83984375,1.217813742034668,14.5,4.466857928293733,1.217813742034668,14.5,2023-06-15,2023,2,6
2023-06-16,334.4172668457031,-1.6575511330818804,182.3634185791016,-0.5859847285954567,42.6089973449707,0.09142890938564907,83.29167175292969,-1.7341520169276592,121.10436248779295,-0.8613229406731593,208.15872192382807,-0.07551164468085902,495.1799926757813,0.8698109596094072,120.08000183105467,-3.348354881071658,114.94239044189452,-0.7523549506401217,4409.58984375,-0.36716195284263176,13.539999961853027,-6.620689918254985,-0.36716195284263176,13.539999961853027,2023-06-16,2023,2,6
2023-06-20,330.2362060546875,-1.2502526650170598,182.4521484375,0.048655513857842614,43.72282409667969,2.614064683783157,83.28398895263672,-0.009223971774463546,117.80311584472656,-2.725951877579269,213.28012084960935,2.4603335754796563,485.8599853515625,-1.8821453738178562,118.93000030517578,-0.957696126201657,112.26276397705078,-2.331277829303835,4388.7099609375,-0.47351076976228645,13.880000114440918,2.5110794205745357,-0.47351076976228645,13.880000114440918,2023-06-20,2023,2,6
2023-06-21,325.8498840332031,-1.328237770742191,181.4166717529297,-0.5675332921196152,42.96131134033203,-1.7416824555152366,81.76285552978516,-1.8264416029792008,117.86102294921876,0.049155834357161865,206.025634765625,-3.4013887722333602,477.4800109863281,-1.7247714604796571,112.11000061035156,-5.734465380748355,108.45883178710938,-3.3884184347349744,4365.68994140625,-0.5245281583003636,13.199999809265137,-4.899137604965153,-0.5245281583003636,13.199999809265137,2023-06-21,2023,2,6
2023-06-22,331.8577880859375,1.843764367312839,184.4146728515625,1.6525499391344622,42.94134140014648,-0.04648354429257484,81.25838470458984,-0.6169926697478623,116.39380645751952,-1.2448699790527096,209.6627197265625,1.765355541835878,477.5799865722656,0.020938171994044907,110.6999969482422,-1.2576965965863773,109.05846405029295,0.552866238095362,4381.89013671875,0.3710798414438443,12.90999984741211,-2.196969439722829,0.3710798414438443,12.90999984741211,2023-06-22,2023,2,6
2023-06-23,327.2761535644531,-1.3806017776198498,184.0990753173828,-0.1711347200847313,42.126930236816406,-1.89656665762028,79.30223846435547,-2.40731617708847,114.52114868164062,-1.608898130299019,206.5171356201172,-1.5003068311561174,484.7200012207031,1.495040589888097,110.01000213623048,-0.6233015637157835,106.27578735351562,-2.551545834621405,4348.330078125,-0.7658808766684566,13.4399995803833,4.1053426741707755,-0.7658808766684566,13.4399995803833,2023-06-23,2023,2,6
2023-06-26,321.004638671875,-1.9162761552509622,182.7085876464844,-0.7552931314300348,40.55299758911133,-3.7361674322273664,79.25209045410156,-0.06323656333666605,112.72573852539062,-1.5677542330989835,203.8335723876953,-1.2994385305431622,479.510009765625,-1.074845568979499,107.51000213623048,-2.2725206358092165,109.27395629882812,2.8211213673152047,4328.81982421875,-0.44868382932564677,14.25,6.026789024599055,-0.44868382932564677,14.25,2023-06-26,2023,2,6
2023-06-27,326.8365783691406,1.8167773903189355,185.45999145507807,1.5058973658738095,41.79457473754883,3.061616211500162,81.83424377441406,3.25815168472805,113.74890899658205,0.9076635776140485,205.26876831054688,0.7041018346682248,489.2699890136719,2.035406779686899,110.38999938964844,2.6788179668795653,112.23464965820312,2.7094226837348856,4378.41015625,1.1455854954693034,13.739999771118164,-3.578948974609375,1.1455854954693034,13.739999771118164,2023-06-27,2023,2,6
2023-06-28,328.0870361328125,0.3825941912350972,186.633544921875,0.6327798559621955,41.03705978393555,-1.8124719736236972,81.78988647460938,-0.05420383663220507,112.4843978881836,-1.1116687795541424,208.561767578125,1.6042378461569973,482.4299926757813,-1.3980003865921686,110.16999816894533,-0.19929452116994595,110.1265640258789,-1.8782841473147016,4376.85986328125,-0.035407668843834283,13.43000030517578,-2.2561824680231157,-0.035407668843834283,13.43000030517578,2023-06-28,2023,2,6
2023-06-29,327.30548095703125,-0.2382158054745176,186.9688262939453,0.1796468969234022,40.74262619018555,-0.7174821863462522,83.20104217529297,1.725342535010932,113.69100189208984,1.0726856582418565,206.85137939453125,-0.8200871154168121,483.7699890136719,0.2777597492349848,111.23999786376952,0.9712260257854766,110.61376190185548,0.44239814461304316,4396.43994140625,0.4473544672805918,13.539999961853027,0.8190592269372798,0.4473544672805918,13.539999961853027,2023-06-29,2023,2,6
2023-06-30,332.6686096191406,1.6385697686539746,191.28829956054688,2.3102638831409505,42.21975326538086,3.6255077625583665,83.6698226928711,0.5634310644696772,114.95552825927734,1.1122484155674295,207.6672515869141,0.3944243421392546,488.989990234375,1.0790254334184457,113.91000366210938,2.400221008283099,111.53195190429688,0.8300865883723141,4450.3798828125,1.2269004495714109,13.59000015258789,0.369277628328879,1.2269004495714109,13.59000015258789,2023-06-30,2023,2,6
2023-07-03,330.1775207519531,-0.748819935262135,189.7991943359375,-0.7784612169329463,42.33053588867188,0.2623952409069652,84.53889465332031,1.038692245876205,113.08287048339844,-1.629028028695767,208.0506134033203,0.18460388601317934,485.2099914550781,-0.7730217089893965,115.81999969482422,1.6767588195155003,112.51573181152344,0.8820610510526405,4455.58984375,0.11706778016009611,13.56999969482422,-0.1471704013179198,0.11706778016009611,13.56999969482422,2023-07-03,2023,3,7
2023-07-05,330.3338928222656,0.0473599989352369,188.68479919433597,-0.5871442950537986,42.2347297668457,-0.22632862971105894,83.132568359375,-1.6635257649303514,111.93418884277344,-1.0157874802034117,210.18370056152344,1.025273188725473,487.260009765625,0.4225012564970321,113.9499969482422,-1.6145767151695023,109.74241638183594,-2.464824593891557,4446.81982421875,-0.19683184132291975,14.18000030517578,4.49521462100122,-0.19683184132291975,14.18000030517578,2023-07-05,2023,3,7
2023-07-06,333.3817138671875,0.9226486022618774,189.15814208984372,0.25086435024384013,42.021141052246094,-0.5057181986926729,81.79566955566406,-1.608152893739112,111.44189453125,-0.43980692281152534,206.5662841796875,-1.7210736951398742,481.2900085449219,-1.2252187951099724,113.4800033569336,-0.4124559928879057,107.95286560058594,-1.630682866525801,4411.58984375,-0.7922511336500904,15.4399995803833,8.885749281314293,-0.7922511336500904,15.4399995803833,2023-07-06,2023,3,7
2023-07-07,329.4253234863281,-1.1867448682069903,188.04373168945312,-0.5891421791726414,42.42036056518555,0.9500444370206251,81.67509460449219,-0.14740994459349066,110.63104248046876,-0.7276007413476449,206.025634765625,-0.2617316839529371,485.2699890136719,0.8269401811981547,113.16999816894533,-0.27318045366389043,108.62747955322266,0.6249152802786373,4398.9501953125,-0.28651005386203243,14.829999923706056,-3.950775085850755,-0.28651005386203243,14.829999923706056,2023-07-07,2023,3,7
2023-07-10,324.1599426269531,-1.5983534002945388,186.00241088867188,-1.0855564194782175,42.09798812866211,-0.7599474220122748,84.663330078125,3.6586862716268653,110.40904235839844,-0.2006671157505524,209.1909027099609,1.5363466531418402,496.3500061035156,2.2832685599132763,113.58000183105467,0.36229006692858334,109.73306274414062,1.0177748719432334,4409.52978515625,0.2405026057131332,15.06999969482422,1.6183396652249549,0.2405026057131332,15.06999969482422,2023-07-10,2023,3,7
2023-07-11,324.78515625,0.1928719563497605,185.479736328125,-0.2810041859402035,42.322547912597656,0.5334216524771618,85.08002471923828,0.4921784209630964,111.28084564208984,0.7896122138814077,217.4087371826172,3.9283899855101057,504.739990234375,1.6903362602376237,111.31999969482422,-1.989788783057167,109.49880981445312,-0.21347524969178577,4439.259765625,0.674221105588857,14.84000015258789,-1.5262080085862495,0.674221105588857,14.84000015258789,2023-07-11,2023,3,7
2023-07-12,329.4058837890625,1.4227028083468651,187.1463623046875,0.8985488170061506,43.8166389465332,3.5302483135492446,85.84203338623047,0.8956375712240172,112.3851089477539,0.9923210946973571,223.414794921875,2.762565027095887,507.3599853515625,0.5190781725004312,114.58000183105467,2.9284963574986778,111.19466400146484,1.5487421186452632,4472.16015625,0.7411233485312474,13.539999961853027,-8.76010901191373,0.7411233485312474,13.539999961853027,2023-07-12,2023,3,7
2023-07-13,334.7395935058594,1.6191907853754017,187.9056854248047,0.40573757927548915,45.88760757446289,4.726443373387834,85.88158416748047,0.046073910052957245,113.77032470703124,1.2325616554069496,226.4522705078125,1.3595677882477064,517.280029296875,1.9552278917776,115.91999816894533,1.169485352135391,115.3546371459961,3.741162565567402,4510.0400390625,0.8470153458069118,13.609999656677246,0.5169844536294876,0.8470153458069118,13.609999656677246,2023-07-13,2023,3,7
2023-07-14,337.25994873046875,0.7529301204595162,188.05364990234372,0.07874401309599932,45.38059616088867,-1.1048983382964117,85.70990753173828,-0.19989924196949227,115.5333023071289,1.5495935382425108,225.42996215820312,-0.4514453961167564,514.8300170898438,-0.47363363522103796,115.94000244140624,0.017256964093248506,114.82994842529295,-0.45484839940944655,4505.419921875,-0.10244071333035398,13.34000015258789,-1.9838318214570272,-0.10244071333035398,13.34000015258789,2023-07-14,2023,3,7
2023-07-17,337.7386779785156,0.1419466645384171,191.3080139160156,1.730550837679501,46.37065887451172,2.1816873231743417,87.80976867675781,2.449963143691347,115.16519927978516,-0.31861205383465485,224.12257385253903,-0.5799532116971151,522.0,1.3926893677811636,118.31999969482422,2.052783511558731,115.61695098876952,0.6853635086221166,4522.7900390625,0.38553825145495324,13.479999542236328,1.0494706750155292,0.38553825145495324,13.479999542236328,2023-07-17,2023,3,7
2023-07-18,351.1806030273437,3.9799779904637234,191.0516357421875,-0.13401329540781992,47.40166091918945,2.2233931319971756,87.14228820800781,-0.7601437503008457,116.9863052368164,1.5812988371660897,223.75881958007807,-0.16230148806889444,532.22998046875,1.959766373323757,117.93000030517578,-0.32961408946444726,115.11102294921876,-0.43758984753013985,4554.97998046875,0.7117275205842377,13.300000190734863,-1.3353068072256224,0.7117275205842377,13.300000190734863,2023-07-18,2023,3,7
2023-07-19,346.8725280761719,-1.2267405756565597,192.4026641845703,0.7071535593685896,46.98545837402344,-0.8780336745489947,86.9435806274414,-0.22802658118420416,114.9714584350586,-1.7222928766569168,230.38424682617188,2.960968089895877,527.1699829101562,-0.9507163715462341,116.43000030517578,-1.271940978646946,116.57262420654295,1.2697317944685205,4565.72021484375,0.2357910335732072,13.760000228881836,3.458646853760361,0.2357910335732072,13.760000228881836,2023-07-19,2023,3,7
2023-07-20,338.852294921875,-2.312155764764301,190.4599151611328,-1.0097308328193555,45.43149566650391,-3.307326907719721,85.68673706054688,-1.4455852379489431,112.24950408935548,-2.3675044074009,224.2798309326172,-2.6496672310067027,516.8800048828125,-1.9519279095785436,110.25,-5.307910580586894,113.10599517822266,-2.9737934201242155,4534.8701171875,-0.6756896218903741,13.989999771118164,1.6715082733324893,-0.6756896218903741,13.989999771118164,2023-07-20,2023,3,7
2023-07-21,335.8239440917969,-0.8937082249291906,189.28636169433597,-0.6161682188107642,44.22285079956055,-2.660367767364713,86.49793243408203,0.9466988723843661,113.96405792236328,1.52744891562544,224.1815643310547,-0.04381428376947216,520.22998046875,0.6481147566729684,110.9499969482422,0.634917866886342,116.8537139892578,3.313457262039754,4536.33984375,0.03240945218980773,13.600000381469728,-2.787701186768954,0.03240945218980773,13.600000381469728,2023-07-21,2023,3,7
2023-07-24,337.1329345703125,0.38978473737352193,190.08514404296875,0.4219967785754619,44.52526092529297,0.6838322728290214,86.96479797363281,0.5397418486350114,114.37088775634766,0.35698082483297533,221.8223571777344,-1.0523644798179688,523.8599853515625,0.6977692595766305,110.61000061035156,-0.3064410520436933,116.27281188964844,-0.4971190728801034,4554.64013671875,0.4034153877153557,13.90999984741211,2.2794077738759633,0.4034153877153557,13.90999984741211,2023-07-24,2023,3,7
2023-07-25,342.8673095703125,1.7009240011832905,190.94314575195312,0.4513775725631719,45.59018707275391,2.3917347710723957,88.54669189453125,1.8190048821570937,114.25465393066406,-0.10162885675174538,222.18606567382807,0.163963858612437,525.3400268554688,0.2825261606711482,113.0,2.160744396040415,117.181640625,0.7816347782266586,4567.4599609375,0.2814673351556163,13.859999656677246,-0.3594550056315482,0.2814673351556163,13.859999656677246,2023-07-25,2023,3,7
2023-07-26,329.9626159667969,-3.7637573613209185,191.8109588623047,0.45448769943221556,45.36362838745117,-0.49694616286876103,86.14491271972656,-2.712443710111123,111.88142395019533,-2.077140754291673,221.74371337890625,-0.19909092569792008,514.5499877929688,-2.0539152759948665,110.08999633789062,-2.5752244797428103,116.19786071777344,-0.839534164208211,4566.75,-0.015543889679858758,13.1899995803833,-4.834055504259438,-0.015543889679858758,13.1899995803833,2023-07-26,2023,3,7
2023-07-27,323.0755615234375,-2.0872226458685805,190.54864501953125,-0.658103087675832,45.81075286865234,0.985645322244233,86.18736267089844,0.04927737440514335,112.75322723388672,0.7792207615086033,221.32101440429688,-0.19062500946175343,513.969970703125,-0.11272317629071882,111.0999984741211,0.9174331636187416,117.91244506835938,1.4755730785357635,4537.41015625,-0.6424666064487883,14.40999984741211,9.249433706148412,-0.6424666064487883,14.40999984741211,2023-07-27,2023,3,7
2023-07-28,330.5487670898437,2.3131448046292524,193.12255859375,1.3507908040778283,46.65910339355469,1.8518589452889422,86.79116821289062,0.7005731737004028,112.3560562133789,-0.3522480289490537,221.7633819580078,0.1998759832642305,528.8699951171875,2.899006802611215,112.95999908447266,1.674167989106512,121.31348419189452,2.8843767267852094,4582.22998046875,0.9877842794752345,13.329999923706056,-7.494794830966011,0.9877842794752345,13.329999923706056,2023-07-28,2023,3,7
2023-07-31,328.1554260253906,-0.7240508217665087,193.7340087890625,0.3166125178564627,46.63813781738281,-0.04493351703532822,86.68121337890625,-0.12668896645643413,113.5572280883789,1.069076216700604,221.18341064453125,-0.26152708727466,546.1699829101562,3.2711229513285867,114.4000015258789,1.2747897070443548,123.83380889892578,2.07753055962403,4588.9599609375,0.14687129405193122,13.630000114440918,2.2505640844104002,0.14687129405193122,13.630000114440918,2023-07-31,2023,3,7
2023-08-01,328.5657043457031,0.12502560913947303,192.90560913085935,-0.42759640570134705,46.41657257080078,-0.4750730988651308,88.7405776977539,2.3757908300679142,114.21591186523438,0.5800456632693018,220.4560394287109,-0.3288543266878663,549.0999755859375,0.5364616817953527,117.5999984741211,2.797200092273,123.74949645996094,-0.06808515357358269,4576.72998046875,-0.2665087639215691,13.93000030517578,2.2010285268964314,-0.2665087639215691,13.93000030517578,2023-08-01,2023,3,8
2023-08-02,319.9300231933594,-2.6282965745133446,189.91749572753903,-1.5490028604058348,44.18292999267578,-4.812166117431326,86.06871032714844,-3.010874438642619,112.08483123779295,-1.8658351473443746,216.7501220703125,-1.6810232860945518,530.2999877929688,-3.4237823035609405,109.3499984741211,-7.015306213473704,121.11673736572266,-2.1274907531362075,4513.39013671875,-1.3839541336347905,16.09000015258789,15.506100503167609,-1.3839541336347905,16.09000015258789,2023-08-02,2023,3,8
2023-08-03,319.1094055175781,-0.2564991142720241,188.52700805664065,-0.7321535415005798,44.42845153808594,0.5556932178351515,85.3626480102539,-0.8203472716284188,110.96119689941406,-1.0024856405368987,211.89410400390625,-2.2403761622016405,523.760009765625,-1.2332600750307732,113.1500015258789,3.4750828575979664,111.21338653564452,-8.176698815931694,4501.89013671875,-0.25479738404268204,15.920000076293944,-1.0565573317698473,-0.25479738404268204,15.920000076293944,2023-08-03,2023,3,8
2023-08-04,320.2035827636719,0.3428846744015779,179.4739227294922,-4.80200976001729,44.59312438964844,0.37064728988209783,85.04145812988281,-0.3762651321834731,110.85462188720705,-0.09604710041442033,210.9406280517578,-0.44997757565300445,526.8800048828125,0.5956917403036721,115.81999969482422,2.359697863843735,113.83680725097656,2.3589073195709354,4478.02978515625,-0.5300074155050516,17.100000381469727,7.4120621829197875,-0.5300074155050516,17.100000381469727,2023-08-04,2023,3,8
2023-08-07,322.4796447753906,0.7108171595314738,176.37730407714844,-1.7253863988982099,45.32870101928711,1.6495292485256385,86.52784729003906,1.7478406330781793,112.46261596679688,1.4505431097189048,212.38560485839844,0.685015883372686,529.72998046875,0.5409154948993411,116.80999755859376,0.8547728081316652,111.8130340576172,-1.7777845691837935,4518.43994140625,0.902409277936278,15.770000457763672,-7.777777158106369,0.902409277936278,15.770000457763672,2023-08-07,2023,3,8
2023-08-08,318.5135192871094,-1.2298839795124694,177.314208984375,0.5311935751193708,44.57716369628906,-1.657972335625224,85.18709564208984,-1.5495030674403054,111.61988830566406,-0.7493402619957013,207.98182678222656,-2.0734823714196438,520.5999755859375,-1.7235205141180598,113.2300033569336,-3.0648011955178633,110.23899841308594,-1.4077389615598568,4499.3798828125,-0.4218283044793103,15.989999771118164,1.3950495051900047,-0.4218283044793103,15.989999771118164,2023-08-08,2023,3,8
2023-08-09,314.7818298339844,-1.1715953098245802,175.72647094726562,-0.8954375660042535,42.47126770019531,-4.724158787763033,82.05899810791016,-3.6720321436033765,109.55660247802734,-1.848493005105456,202.35906982421875,-2.703484744316287,513.780029296875,-1.3100166363601229,110.47000122070312,-2.437518373579961,109.21774291992188,-0.9264012807311928,4467.7099609375,-0.7038730380597102,15.960000038146973,-0.18761559349974588,-0.7038730380597102,15.960000038146973,2023-08-09,2023,3,8
2023-08-10,315.4656066894531,0.2172224666936451,175.50949096679688,-0.12347597905945085,42.30559158325195,-0.39008987938120576,81.3037338256836,-0.9203917908348846,109.4500503540039,-0.09725760165372188,204.7084808349609,1.1610109755806786,515.8300170898438,0.3990010658402321,110.2300033569336,-0.21725161683491256,108.31828308105467,-0.8235473603649623,4468.830078125,0.025071394456976925,15.850000381469728,-0.6892209048516729,0.025071394456976925,15.850000381469728,2023-08-10,2023,3,8
2023-08-11,313.5900573730469,-0.5945336913550037,175.56875610351562,0.03376748254029227,40.77556991577149,-3.616594426931896,80.03629302978516,-1.558896173963975,109.5178680419922,0.06196222639363036,205.1507873535156,0.21606653361434525,508.4500122070313,-1.4307048132732203,107.56999969482422,-2.413139418581045,107.38135528564452,-0.8649765937566167,4464.0498046875,-0.10696923700230787,14.84000015258789,-6.37224103831967,-0.10696923700230787,14.84000015258789,2023-08-11,2023,3,8
2023-08-14,316.5500183105469,0.9438950208739749,177.21788024902344,0.9393038841919443,43.667930603027344,7.093366673305823,82.3840560913086,2.9333730644543143,111.94921875,2.220049341241337,208.45364379882807,1.6099652786713436,522.25,2.714128717013309,111.9800033569336,4.099659453956073,106.8285903930664,-0.5147680350165995,4489.72021484375,0.5750475751703066,14.81999969482422,-0.13477397276294711,0.5750475751703066,14.81999969482422,2023-08-14,2023,3,8
2023-08-15,314.4203796386719,-0.672765297326805,175.2329559326172,-1.1200474317924702,43.85456848144531,0.4274026175287382,81.26707458496094,-1.3558224240739936,113.6153335571289,1.4882772972713676,205.22943115234372,-1.5467288495066733,518.7000122070312,-0.6797487396780766,111.3499984741211,-0.5626048079355517,104.63616180419922,-2.052286359672384,4437.85986328125,-1.1550909428841738,16.459999084472656,11.06612296504428,-1.1550909428841738,16.459999084472656,2023-08-15,2023,3,8
2023-08-16,313.6567687988281,-0.24286302329425968,174.36398315429688,-0.49589574843128537,43.40145111083984,-1.0332272926073527,80.34783935546875,-1.131128731022757,111.7264404296875,-1.6625336284310732,203.4698638916016,-0.8573659493486541,514.489990234375,-0.81164871285484,107.19000244140624,-3.735964157809746,103.20266723632812,-1.3699800749128466,4404.330078125,-0.7555395210577687,16.780000686645508,1.9441167677507476,-0.7555395210577687,16.780000686645508,2023-08-16,2023,3,8
2023-08-17,310.2108459472656,-1.0986285629221104,171.82611083984375,-1.4555026035436014,43.25972366333008,-0.32655002052307536,79.77970886230469,-0.7070887004821391,111.28084564208984,-0.39882662141920155,200.37347412109372,-1.5217928155480842,511.6700134277344,-0.5481111120074433,104.44000244140624,-2.565537771587645,103.1370849609375,-0.06354707406974747,4370.35986328125,-0.7712913029036983,17.889999389648438,6.615009878315026,-0.7712913029036983,17.889999389648438,2023-08-17,2023,3,8
2023-08-18,309.8193664550781,-0.12619787389833714,172.30999755859375,0.28161419494678874,43.21480941772461,-0.10382462438968121,79.65818786621094,-0.1523206813194622,112.81134033203124,1.3753442302765206,201.3466033935547,0.4856577332550849,508.1300048828125,-0.6918538221942994,105.4499969482422,0.9670571459461597,103.15581512451172,0.01816045468157057,4369.7099609375,-0.014870682600087726,17.299999237060547,-3.2979327709160122,-0.014870682600087726,17.299999237060547,2023-08-18,2023,3,8
2023-08-21,315.10565185546875,1.7062475664048282,173.64309692382812,0.7736633881507915,46.87568283081055,8.47133994668139,83.44894409179688,4.758777882259468,112.93726348876952,0.11162278221998889,205.4751739501953,2.0504793659572584,520.469970703125,2.428505638661971,108.22000122070312,2.6268414913473315,103.6992416381836,0.5268016282125698,4399.77001953125,0.6879188518795987,17.1299991607666,-0.9826594438788527,0.6879188518795987,17.1299991607666,2023-08-21,2023,3,8
2023-08-22,315.6734313964844,0.18018703811635284,175.0157470703125,0.7905008438582106,45.57920837402344,-2.765771885321655,82.54705810546875,-1.0807638085102877,112.88882446289062,-0.042890206812662424,203.2437896728516,-1.0859629581744912,519.47998046875,-0.1902108267721192,105.66000366210938,-2.3655493713892195,102.5655517578125,-1.093247995319624,4387.5498046875,-0.2777466728829614,16.969999313354492,-0.9340330137234454,-0.2777466728829614,16.969999313354492,2023-08-22,2023,3,8
2023-08-23,320.1178894042969,1.407929070289815,178.8571319580078,2.194879576265807,47.02439498901367,3.17071460112035,84.55239868164062,2.42933015687814,114.14810180664062,1.1155022206506882,205.573486328125,1.1462572406386373,530.7100219726562,2.16178523256525,109.43000030517578,3.5680451565405003,104.15833282470705,1.552939597746783,4436.009765625,1.1044879965972587,15.979999542236328,-5.833823283299056,1.1044879965972587,15.979999542236328,2023-08-23,2023,3,8
2023-08-24,313.2358703613281,-2.14983894082752,174.1763916015625,-2.617027515315551,47.0713005065918,0.09974720055214714,82.41876983642578,-2.523439758638246,109.37257385253906,-4.183624500555416,202.01502990722656,-1.7309899659037842,512.4299926757812,-3.44444772852186,101.8000030517578,-6.972491302329919,101.66608428955078,-2.3927500254353973,4376.31005859375,-1.3457974663146133,17.200000762939453,7.634551036616566,-1.3457974663146133,17.200000762939453,2023-08-24,2023,3,8
2023-08-25,316.1825256347656,0.9407145069427747,176.37847900390625,1.264285809400123,45.92853164672852,-2.4277401464683157,82.16412353515625,-0.308966394153809,112.42385864257812,2.789807977046377,205.9076995849609,1.9269208234268698,525.0599975585938,2.464727877629058,102.25,0.4420402109550192,103.36194610595705,1.6680703582291567,4405.7099609375,0.6717966037625089,15.68000030517578,-8.837211571750581,0.6717966037625089,15.68000030517578,2023-08-25,2023,3,8
2023-08-28,316.8873291015625,0.22291031592651667,177.93878173828125,0.8846332858672978,46.74393844604492,1.7753818162276946,83.05730438232422,1.0870691595533222,113.17942810058594,0.6720721625557591,208.1194305419922,1.0741370825323004,529.9199829101562,0.925605716329625,102.61000061035156,0.35207883652963456,104.63616180419922,1.2327706145702555,4433.31005859375,0.6264619755036449,15.079999923706056,-3.826532970612695,0.6264619755036449,15.079999923706056,2023-08-28,2023,3,8
2023-08-29,321.49822998046875,1.4550600341070918,181.8196563720703,2.181016749624143,48.68914413452149,4.161407346370405,85.84011840820312,3.350474767480094,116.8700714111328,3.2608782112477863,208.3553466796875,0.11335613262102306,540.5700073242188,2.00974199077677,105.91999816894533,3.2258040531186305,106.6037139892578,1.880374959414488,4497.6298828125,1.450830719454621,14.449999809265137,-4.177719612919539,1.450830719454621,14.449999809265137,2023-08-29,2023,3,8
2023-08-30,321.8702392578125,0.11571114322039833,185.30555725097656,1.9172299345747268,49.168212890625,0.9839334098375341,86.06678009033203,0.2640509895979415,117.3253402709961,0.3895512806368684,211.38296508789065,1.4531032951401235,545.3599853515625,0.886097630731264,106.58999633789062,0.6325511523108451,106.87733459472656,0.2566707999463569,4514.8701171875,0.3833182103508026,13.880000114440918,-3.944634618325349,0.3833182103508026,13.880000114440918,2023-08-30,2023,3,8
2023-08-31,320.8619079589844,-0.3132726098421523,185.52279663085935,0.11723306257274135,49.25904083251953,0.18472898760135692,89.01933288574219,3.430537069367867,116.6182098388672,-0.6027090400893553,217.6938018798828,2.9854992285533344,559.3400268554688,2.563452009573841,105.72000122070312,-0.8162070992381087,108.06622314453124,1.1123860398585705,4507.66015625,-0.1596936512094249,13.56999969482422,-2.233432399573032,-0.1596936512094249,13.56999969482422,2023-08-31,2023,3,8
2023-09-01,321.74298095703125,0.2745956987077136,187.09295654296875,0.8463433823896027,48.41468048095703,-1.7141226002213905,84.16078186035156,-5.457860520732794,117.14130401611328,0.4485527414362256,217.7626037597656,0.03160488690474583,563.2100219726562,0.6918859604852612,109.4499969482422,3.5281835834945374,108.87769317626952,0.750900705258295,4515.77001953125,0.1799129260001031,13.09000015258789,-3.5372111498234493,0.1799129260001031,13.09000015258789,2023-09-01,2023,3,9
2023-09-05,326.5300598144531,1.4878580546443088,187.3299560546875,0.1266747375731958,48.45361328125,0.08041527880842114,84.12702941894531,-0.04010471464280796,120.09574127197266,2.522114023464317,214.97088623046875,-1.2820004358400583,564.8800048828125,0.2965115756120795,110.77999877929688,1.2151684496470194,109.97222137451172,1.0052823184545145,4496.830078125,-0.4194177587506065,14.010000228881836,7.028266352709411,-0.4194177587506065,14.010000228881836,2023-09-05,2023,3,9
2023-09-06,325.8741455078125,-0.20087409625114683,180.6248016357422,-3.5793284534737513,46.973365783691406,-3.054978560559496,84.13666534423828,0.011454018238277186,120.43477630615234,0.28230396064745644,217.85108947753903,1.339810844889211,561.9400024414062,-0.5204649511388104,109.27999877929688,-1.3540350392929668,108.20777130126952,-1.6044506978115325,4465.47998046875,-0.6971599351452862,14.449999809265137,3.140610800820931,-0.6971599351452862,14.449999809265137,2023-09-06,2023,3,9
2023-09-07,322.9666748046875,-0.8922066212384783,175.34161376953125,-2.924951511844598,46.1548957824707,-1.742412934575932,82.66665649414062,-1.7471679488166525,121.17096710205078,0.6112775881502941,218.74557495117188,0.41059490488573047,560.4600219726562,-0.2633698370502313,106.58999633789062,-2.461568879442444,100.3950653076172,-7.220096948397881,4451.14013671875,-0.32112659361860363,14.399999618530272,-0.3460220857775087,-0.32112659361860363,14.399999618530272,2023-09-07,2023,3,9
2023-09-08,327.2348937988281,1.321566380408079,175.95387268066406,0.3491806069137571,45.48714065551758,-1.4467698726918887,82.7168197631836,0.060681381309435345,122.3624267578125,0.9832880633512397,220.9376678466797,1.002119881052277,560.3599853515625,-0.01784901994287269,106.08999633789062,-0.46908717251007426,100.14974212646484,-0.2443578082256037,4457.490234375,0.14266227216406246,13.84000015258789,-3.8888852831757026,0.14266227216406246,13.84000015258789,2023-09-08,2023,3,9
2023-09-11,330.8276672363281,1.0979188055992184,177.11912536621094,0.6622489563851142,45.093875885009766,-0.8645625221556097,82.87018585205078,0.18541100746651829,122.7402114868164,0.3087424293665153,221.47830200195312,0.24469985609181233,564.5,0.7388133979338463,105.31999969482422,-0.7257957108547819,104.05608367919922,3.9005008598041346,4487.4599609375,0.6723453106275201,13.800000190734863,-0.28901706222559387,0.6723453106275201,13.800000190734863,2023-09-11,2023,3,9
2023-09-12,324.7875366210937,-1.8257634452682137,174.09735107421875,-1.7060688876734065,44.78644180297852,-0.6817645988453136,81.4599838256836,-1.7017000889618328,106.17595672607422,-13.495377399216368,217.890380859375,-1.619987651226662,542.2100219726562,-3.948623211221214,105.30999755859376,-0.009496901119865342,104.95247650146484,0.8614516235582848,4461.89990234375,-0.5695885604828921,14.229999542236328,3.1159372866542467,-0.5695885604828921,14.229999542236328,2023-09-12,2023,3,9
2023-09-13,328.9872436523437,1.293062866556216,172.03347778320312,-1.185470817494394,45.40030288696289,1.37064044222317,82.27119445800781,0.9958394222863154,108.3360824584961,2.034477295076176,215.07904052734372,-1.2902544485640655,553.5599975585938,2.093280302094791,107.70999908447266,2.2789873530701943,106.28289031982422,1.267634516790861,4467.43994140625,0.12416323054647016,13.479999542236328,-5.2705553346921175,0.12416323054647016,13.479999542236328,2023-09-13,2023,3,9
2023-09-14,331.5716857910156,0.7855751821803203,173.5443878173828,0.8782651223756321,45.49612808227539,0.21106730400253237,84.0759048461914,2.1936115065215755,110.0990753173828,1.6273367274122208,215.0593719482422,-0.00914481441488535,552.1599731445312,-0.25291285863088264,106.62999725341795,-1.0026941233261866,107.6038818359375,1.242901385291817,4505.10009765625,0.8429918867167929,12.81999969482422,-4.896141467543503,0.8429918867167929,12.81999969482422,2023-09-14,2023,3,9
2023-09-15,323.2701110839844,-2.503704345932478,172.82347106933594,-0.41540769892569607,43.81825256347656,-3.6879523368769984,82.15062713623047,-2.2899280281110768,110.34122467041016,0.21993768097443578,210.96029663085935,-1.9060203144131593,528.8900146484375,-4.214350845384929,101.48999786376952,-4.820406566674351,106.75469207763672,-0.7891813416132432,4450.31982421875,-1.2159612938677844,13.789999961853027,7.566304915127442,-1.2159612938677844,13.789999961853027,2023-09-15,2023,3,9
2023-09-18,322.1345520019531,-0.3512725250792603,175.74649047851562,1.6913324278778008,43.88413238525391,0.15034789824608374,81.98858642578125,-0.197248293893737,108.69448852539062,-1.4924033605194675,211.3436737060547,0.1817294919082224,532.4199829101562,0.6674295532059116,102.37000274658205,0.867085329919659,106.3866958618164,-0.34471198282571835,4453.52978515625,0.07212876971294246,14.0,1.5228429204342975,0.07212876971294246,14.0,2023-09-18,2023,3,9
2023-09-19,321.733154296875,-0.12460560426802436,176.832763671875,0.6180909731976492,43.438961029052734,-1.0144244217774823,81.91140747070312,-0.09413377939866407,109.23694610595705,0.49906631690870285,212.03175354003903,0.32557389673339987,541.6900024414062,1.741110369408183,101.61000061035156,-0.742407068320472,104.47128295898438,-1.8004252198225323,4443.9501953125,-0.2151010615372817,14.109999656677246,0.7857118334088975,-0.2151010615372817,14.109999656677246,2023-09-19,2023,3,9
2023-09-20,314.0189819335937,-2.3976927028674044,173.29750061035156,-1.999212695721564,42.16034698486328,-2.943472895989141,80.55075073242188,-1.6611321674186996,109.33380889892578,0.08867219051948982,209.40716552734372,-1.2378278106348395,535.780029296875,-1.0910249622283819,100.33999633789062,-1.2498811778685837,103.05591583251952,-1.3547906050129899,4402.2001953125,-0.9394794758059599,15.140000343322754,7.299792428826057,-0.9394794758059599,15.140000343322754,2023-09-20,2023,3,9
2023-09-21,312.8051452636719,-0.3865488202170253,171.75697326660156,-0.8889495453334728,40.94062042236328,-2.8930657590126474,78.39676666259766,-2.6740707569311795,106.0015869140625,-3.047750753789047,205.0623321533203,-2.0748255500626978,513.8800048828125,-4.087502933396525,96.11000061035156,-4.215662628982697,101.86701965332033,-1.1536418550986638,4330.0,-1.6400934103219411,17.540000915527344,15.852050976095722,-1.6400934103219411,17.540000915527344,2023-09-21,2023,3,9
2023-09-22,310.338134765625,-0.7886732476754421,172.60621643066406,0.49444464926864384,41.53252029418945,1.4457520812333646,80.40624237060547,2.563212481269983,105.6141128540039,-0.3655360936933194,202.91940307617188,-1.0450135110851133,512.9000244140625,-0.1907021988476587,96.1999969482422,0.0936388901457752,101.60283660888672,-0.2593410952167696,4320.06005859375,-0.22955984771939608,17.200000762939453,-1.9384272225830057,-0.22955984771939608,17.200000762939453,2023-09-22,2023,3,9
2023-09-25,310.8570251464844,0.1672016174393942,173.88011169433594,0.7380355644279968,42.14337921142578,1.470796650213857,80.87271881103516,0.5801495340120644,104.906982421875,-0.669541610510338,202.83090209960935,-0.04361385615219149,511.6000061035156,-0.2534642715277702,97.37999725341795,1.2266115827536117,104.1976318359375,2.5538610078764457,4337.43994140625,0.40230650909416354,16.899999618530273,-1.7441926226863136,0.40230650909416354,16.899999618530273,2023-09-25,2023,3,9
2023-09-26,305.5706787109375,-1.7005716480288036,169.8115997314453,-2.3398374450337767,41.83295822143555,-0.7365830547970686,79.15614318847656,-2.122564503574431,101.59412384033205,-3.1579009376330736,199.0464324951172,-1.8658249632167112,506.2999877929688,-1.0359691648389902,95.95999908447266,-1.4582031310290011,103.5276870727539,-0.6429558439854377,4273.52978515625,-1.4734533990868215,18.940000534057617,12.0710116069503,-1.4734533990868215,18.940000534057617,2023-09-26,2023,3,9
2023-09-27,306.2069396972656,0.20822056259199861,168.30068969726562,-0.8897566694908821,42.388916015625,1.3289946918087603,79.21626281738281,0.07595067986461146,101.34227752685548,-0.2478945670837951,199.2823028564453,0.11850017022230208,502.6000061035156,-0.7307884216197436,98.06999969482422,2.1988335040459495,103.0276107788086,-0.4830362853503023,4274.509765625,0.022931406074522265,18.21999931335449,-3.8014846906072375,0.022931406074522265,18.21999931335449,2023-09-27,2023,3,9
2023-09-28,307.0390930175781,0.27176174424237143,168.55743408203125,0.15255099977751208,43.00876235961914,1.4622840172786145,80.68943786621094,1.8596876404334273,102.82434844970705,1.462440907210527,199.7443084716797,0.2318347432823442,504.6700134277344,0.41185978891380426,102.76000213623048,4.782300862649835,104.82980346679688,1.7492327293286758,4299.7001953125,0.5893173970516585,17.34000015258789,-4.829852875579399,0.5893173970516585,17.34000015258789,2023-09-28,2023,3,9
2023-09-29,309.1047058105469,0.6727523758189635,169.07095336914062,0.30465537750146154,43.417999267578125,0.9515198427174854,80.55171203613281,-0.17068631746633978,102.60154724121094,-0.21668137153826317,199.3314666748047,-0.20668513662982502,509.8999938964844,1.0363168663871658,102.81999969482422,0.05838610095998398,104.79206848144533,-0.0359964285953307,4288.0498046875,-0.2709582086142026,17.520000457763672,1.0380640345549086,-0.2709582086142026,17.520000457763672,2023-09-29,2023,3,9
2023-10-02,315.0273742675781,1.9160719153403338,171.57923889160156,1.4835697513247537,44.698612213134766,2.949497828456882,80.97554016113281,0.526156569844094,103.36681365966795,0.7458624543525749,200.2456817626953,0.4586406266613663,521.1300048828125,2.2023948069722854,103.2699966430664,0.43765507642268275,104.82980346679688,0.03600939068992837,4288.39013671875,0.007936755559079245,17.610000610351562,0.5136994876504541,0.007936755559079245,17.610000610351562,2023-10-02,2023,4,10
2023-10-03,306.7943420410156,-2.613433910530427,170.24606323242188,-0.7770028983646093,43.43596267700195,-2.824807021104292,79.02424621582031,-2.409732545691734,101.2454071044922,-2.0523091310141517,196.431640625,-1.904680842114348,507.0299987792969,-2.7056600025719746,100.08000183105467,-3.088985102843911,103.97118377685548,-0.8190606693385116,4229.4501953125,-1.3744071674259506,19.780000686645508,12.32254401523627,-1.3744071674259506,19.780000686645508,2023-10-03,2023,4,10
2023-10-04,312.24713134765625,1.7773435032617524,171.49032592773438,0.7308613613072668,43.9589958190918,1.2041476920385374,79.8951416015625,1.1020609843765072,103.72522735595705,2.449316292348458,198.4369659423828,1.0208769376472748,518.4199829101562,2.24641227506881,104.06999969482422,3.9868083440936397,103.65036010742188,-0.3085697957639577,4263.75,0.8109754957160709,18.57999992370605,-6.066737721347193,0.8109754957160709,18.57999992370605,2023-10-04,2023,4,10
2023-10-05,312.6386413574219,0.12538466184648378,172.72471618652344,0.7198016868363855,44.60478973388672,1.4690825000930774,79.9000015258789,0.006082878406599157,104.9554214477539,1.186012432226513,198.57455444335935,0.06933612410526813,516.4400024414062,-0.3819259546353426,102.91000366210938,-1.1146305718424343,103.60318756103516,-0.04551122286292619,4258.18994140625,-0.1304030159777203,18.489999771118164,-0.4843926423974687,-0.1304030159777203,18.489999771118164,2023-10-05,2023,4,10
2023-10-06,320.3724365234375,2.4737169827878214,175.27249145507812,1.4750496193048468,45.67678451538086,2.4033176434407277,81.97541046142578,2.5975080048961763,106.51497650146484,1.485921386621536,203.8335723876953,2.648384612559229,526.6799926757812,1.9828034594467248,107.23999786376952,4.207554219779319,104.62222290039062,0.9835945817353586,4308.5,1.1814893014644445,17.450000762939453,-5.624656684978524,1.1814893014644445,17.450000762939453,2023-10-06,2023,4,10
2023-10-09,322.8785400390625,0.7822469194979087,176.7537841796875,0.845137027671572,45.18869400024414,-1.0685745949835068,83.00537109375,1.2564263192178515,106.86370849609376,0.3274018415843294,203.6959228515625,-0.06753035553486164,529.2899780273438,0.49555430011734014,106.97000122070312,-0.25176860168291126,105.49030303955078,0.8297282499786229,4335.66015625,0.630385429964031,17.700000762939453,1.432664693808805,0.630385429964031,17.700000762939453,2023-10-09,2023,4,10
2023-10-10,321.4786376953125,-0.43356933650053886,176.16128540039062,-0.3352113687673852,45.71272277832031,1.1596457690796313,83.25074005126953,0.29560612076826587,106.27281188964844,-0.5529441330093143,203.3617248535156,-0.1640671022612672,532.719970703125,0.6480365807349564,109.01000213623048,1.9070775846009136,105.97151184082033,0.4561640145152701,4358.240234375,0.5207990781392224,17.030000686645508,-3.7853110023407632,0.5207990781392224,17.030000686645508,2023-10-10,2023,4,10
2023-10-11,325.4238586425781,1.2272109200004655,177.55364990234375,0.7903918836584811,46.71884536743164,2.2009684130836593,84.81700897216797,1.8813873845852314,106.59364318847656,0.30189405279053005,203.3322296142578,-0.014503830196677114,549.9099731445312,3.226836496990626,108.30999755859376,-0.6421471093651765,104.84867095947266,-1.0595686159826534,4376.9501953125,0.429300817103373,16.09000015258789,-5.519674081955506,0.429300817103373,16.09000015258789,2023-10-11,2023,4,10
2023-10-12,324.1903686523437,-0.37904104369593794,178.4522705078125,0.5061121559387871,46.85757827758789,0.2969527801150784,87.82733154296875,3.5491968029532694,106.078369140625,-0.4834003533779829,202.18215942382807,-0.5656113605853608,559.6300048828125,1.7675678225473002,108.79000091552734,0.44317548495365067,105.16948699951172,0.30598007309321495,4349.60986328125,-0.624643434611849,16.690000534057617,3.729026574143468,-0.624643434611849,16.690000534057617,2023-10-12,2023,4,10
2023-10-13,320.83258056640625,-1.035745787234743,176.6155242919922,-1.0292646939114691,45.376346588134766,-3.1611358160214653,85.65299224853516,-2.4756977768017663,105.24226379394533,-0.7881958908807052,201.11068725585935,-0.5299538648821267,548.760009765625,-1.942353880661507,105.08999633789062,-3.4010520695828217,102.52752685546876,-2.5120975859235894,4327.77978515625,-0.5018858888767519,19.31999969482422,15.757933352966802,-0.5018858888767519,19.31999969482422,2023-10-13,2023,4,10
2023-10-16,325.6391906738281,1.4981677044569874,176.4871368408203,-0.07269318576978989,46.0091667175293,1.3946035257937694,87.53349304199219,2.195487564521348,105.68948364257812,0.424943204859618,204.9836883544922,1.9258057100195236,550.739990234375,0.36080990478799535,106.45999908447266,1.3036471541754802,104.27310943603516,1.7025501678462396,4373.6298828125,1.059436938392988,17.209999084472656,-10.921328383441054,1.059436938392988,17.209999084472656,2023-10-16,2023,4,10
2023-10-17,325.07135009765625,-0.17437722253174082,174.93673706054688,-0.8784774958822017,43.85618209838867,-4.679468837935607,85.77131652832031,-2.0131454286035577,106.01032257080078,0.303567504698643,206.2714080810547,0.6282059498976089,560.0900268554688,1.6977224800971413,105.13999938964844,-1.2399020347321654,105.86772918701172,1.5292722731691022,4373.2001953125,-0.009824505308242415,17.8799991607666,3.8930860658699107,-0.009824505308242415,17.8799991607666,2023-10-17,2023,4,10
2023-10-18,323.16241455078125,-0.5872358626195506,173.64309692382812,-0.7394902628548583,42.11742401123047,-3.964681839512174,86.02638244628906,0.29737904032816065,105.24226379394533,-0.7245131966677087,201.3466033935547,-2.3875362723876803,557.8699951171875,-0.39637051756576946,102.16999816894533,-2.8248061993003226,104.71658325195312,-1.0873435596461478,4314.60009765625,-1.3399820506516447,19.21999931335449,7.494408364001481,-1.3399820506516447,19.21999931335449,2023-10-18,2023,4,10
2023-10-19,324.34698486328125,0.3665557190945634,173.26788330078125,-0.21608323607097413,42.02260971069336,-0.22511894486193507,84.16429901123047,-2.164549272104044,105.32975769042967,0.08313570359494982,204.7772674560547,1.7038599135414056,555.739990234375,-0.38181026071586466,102.4000015258789,0.22511829407421136,104.99966430664062,0.2703306829696661,4278.0,-0.8482848196321058,21.399999618530277,11.342353709976848,-0.8482848196321058,21.399999618530277,2023-10-19,2023,4,10
2023-10-20,319.7948913574219,-1.4034641042765306,170.72012329101562,-1.4704167680878788,41.30993270874024,-1.695937036894135,82.78715515136719,-1.6362565553828534,99.02009582519533,-5.990388664691338,200.26528930664065,-2.2033589008517818,540.9600219726562,-2.6595113760817357,101.80999755859376,-0.5761757407162116,102.4992218017578,-2.381381427640139,4224.16015625,-1.2585283719027562,21.709999084472656,1.448595661066987,-1.2585283719027562,21.709999084472656,2023-10-20,2023,4,10
2023-10-23,322.3890991210937,0.811209882890962,170.83860778808594,0.06940277149889429,42.89497756958008,3.8369582250722845,83.62024688720703,1.006305548628439,100.7798080444336,1.77712635457834,198.56472778320312,-0.8491544038036869,540.4099731445312,-0.10168012529265802,100.01000213623048,-1.7679947603646107,102.52752685546876,0.027614896204486428,4217.0400390625,-0.16855698941634634,20.3700008392334,-6.172263020488311,-0.16855698941634634,20.3700008392334,2023-10-23,2023,4,10
2023-10-24,323.5736083984375,0.36741604495098557,171.27308654785156,0.25432117797667964,43.58169174194336,1.600919760942543,85.4522476196289,2.1908578372089815,100.3325653076172,-0.44378208839136457,200.7469940185547,1.0990200826272556,539.5599975585938,-0.1572834751719432,101.66999816894533,1.6598300142556255,103.21632385253906,0.671816650801782,4247.68017578125,0.7265792222727274,18.96999931335449,-6.872859441333223,0.7265792222727274,18.96999931335449,2023-10-24,2023,4,10
2023-10-25,333.500244140625,3.0678137785465465,168.96234130859375,-1.3491584030116854,41.70120620727539,-4.314852084684395,82.39922332763672,-3.57278407185031,98.61174774169922,-1.7151136927895716,193.708740234375,-3.506031967546752,521.1400146484375,-3.4138896496225035,96.05999755859376,-5.517852573410509,98.86649322509766,-4.214285555893104,4186.77001953125,-1.4339628627712542,20.190000534057617,6.431213836914962,-1.4339628627712542,20.190000534057617,2023-10-25,2023,4,10
2023-10-26,320.9891967773437,-3.751435743479048,164.80490112304688,-2.4605720738408277,40.25090789794922,-3.4778329962866783,80.18028259277344,-2.692914623770548,97.61038208007812,-1.0154628475341876,192.9125213623047,-0.4110392081983161,514.280029296875,-1.316342088256317,93.66999816894533,-2.4880277434846,99.65908813476562,0.8016820297888083,4137.22998046875,-1.1832519778109618,20.68000030517578,2.4269428338627552,-1.1832519778109618,20.68000030517578,2023-10-26,2023,4,10
2023-10-27,322.8687438964844,0.5855484041241477,166.11830139160156,0.7969424814460391,40.424583435058594,0.4314822849454947,81.30622863769531,1.4042679927188884,98.18399047851562,0.5876510123348666,193.2270965576172,0.1630662401232552,508.1199951171875,-1.1977976644571453,96.43000030517578,2.9465166971098355,100.45167541503906,0.7952985473855145,4117.3701171875,-0.48002802297685276,21.270000457763672,2.852998761514658,-0.48002802297685276,21.270000457763672,2023-10-27,2023,4,10
2023-10-30,330.2109069824219,2.2740395980514805,168.1624755859375,1.2305532727047819,41.08434677124024,1.6320844400080192,81.58651733398438,0.34473213305470374,98.8256607055664,0.6535385493332546,195.8811798095703,1.3735564520898969,526.9400024414062,3.703850961401023,96.18000030517578,-0.25925541761776527,101.74435424804688,1.286866373972173,4166.81982421875,1.2010022325859904,19.75,-7.14621732510995,1.2010022325859904,19.75,2023-10-30,2023,4,10
2023-10-31,330.9940490722656,0.2371642102922511,168.63645935058594,0.28186060118162715,40.70406723022461,-0.9256068816988816,81.59815979003906,0.014270073579725207,100.52702331542967,1.721579797915207,197.4146423339844,0.7828534246653307,532.0599975585938,0.9716466947784719,98.5,2.4121435719099082,102.8388900756836,1.0757705778625448,4193.7998046875,0.6474957307233353,18.13999938964844,-8.151901824564856,0.6474957307233353,18.13999938964844,2023-10-31,2023,4,10
2023-11-01,338.7865905761719,2.3542844730132684,171.79647827148438,1.873864603815556,42.246185302734375,3.788609290043321,82.72025299072266,1.3751452282390497,102.8117218017578,2.2727207182483555,200.44227600097656,1.533641897681548,544.5,2.3380826407713995,108.04000091552734,9.685280117286643,104.63166809082033,1.7432879855250771,4237.85986328125,1.0505999486313922,16.8700008392334,-7.001094780299521,1.0505999486313922,16.8700008392334,2023-11-01,2023,4,11
2023-11-02,340.9891967773437,0.6501456263147354,175.35150146484375,2.0693225083121325,43.42498779296875,2.790316999717546,84.5008316040039,2.152530425022925,103.9006118774414,1.0591108256928328,204.57083129882807,2.059722819068055,558.7100219726562,2.6097377360250196,107.83000183105467,-0.1943716056026945,110.73649597167967,5.83458908020118,4317.77978515625,1.885855702012762,15.65999984741211,-7.172501076628713,1.885855702012762,15.65999984741211,2023-11-02,2023,4,11
2023-11-03,345.3749389648437,1.2861821515019356,174.44300842285156,-0.5180982394806244,44.92119598388672,3.4455005446431652,85.60450744628906,1.306112403079429,105.04782104492188,1.1041409157760196,203.94171142578125,-0.30753156207681265,563.6599731445312,0.8859606910930351,112.25,4.099043025029769,112.77460479736328,1.8405032666058307,4358.33984375,0.9393730253031363,14.90999984741211,-4.789272077317042,0.9393730253031363,14.90999984741211,2023-11-03,2023,4,11
2023-11-06,349.0264587402344,1.0572625177538875,176.99075317382812,1.4605026443942126,45.665809631347656,1.6575997836923761,85.42508697509766,-0.2095923176755332,106.078369140625,0.9810275791084067,203.8925628662109,-0.024099317018932975,565.4500122070312,0.3175742731054365,111.75,-0.44543429844098315,113.1614761352539,0.34304827632583024,4365.97998046875,0.17529924220356374,14.890000343322754,-0.13413483765277734,0.17529924220356374,14.890000343322754,2023-11-06,2023,4,11
2023-11-07,352.9422302246094,1.121912504429745,179.54844665527344,1.4451000606417574,45.86943054199219,0.44589357396338514,87.07280731201172,1.928848298854402,105.96170043945312,-0.10998349815993791,208.2373809814453,2.1309350641128377,585.2000122070312,3.4927932750258517,113.4499969482422,1.5212500655411132,113.9068832397461,0.6587110118652539,4378.3798828125,0.28401189192852616,14.8100004196167,-0.5372728130387805,0.28401189192852616,14.8100004196167,2023-11-07,2023,4,11
2023-11-08,355.5559997558594,0.7405658227938927,180.60501098632807,0.5884564031251038,46.48727798461914,1.3469699434383253,88.36365509033203,1.4824924315288923,109.20890808105467,3.0645106940851763,207.8736724853516,-0.17466052174663904,585.3099975585938,0.01879448893853386,113.58999633789062,0.12340184523080833,113.2841339111328,-0.5467179075583695,4382.77978515625,0.10049156221052513,14.449999809265137,-2.430794059092134,0.10049156221052513,14.449999809265137,2023-11-08,2023,4,11
2023-11-09,353.0988464355469,-0.6910735079705299,180.13104248046875,-0.2624337515724884,46.86257553100586,0.8073123715931274,88.38790130615234,0.02743912731486553,109.06307220458984,-0.13353844391209568,206.43849182128903,-0.6904100201355234,577.739990234375,-1.2933329954715078,113.48999786376952,-0.08803457817152527,113.3218765258789,0.03331677035702807,4347.35009765625,-0.8083839306732843,15.289999961853027,5.813149921630401,-0.8083839306732843,15.289999961853027,2023-11-09,2023,4,11
2023-11-10,361.8898620605469,2.489675543758718,184.31365966796875,2.321985777633806,48.2449951171875,2.9499436821755154,92.8626708984375,5.062649442015532,109.92833709716795,0.7933619281831561,209.99696350097656,1.723744272830685,597.219970703125,3.371755599062376,118.58999633789062,4.4937867390243635,117.1999053955078,3.422136121036856,4415.240234375,1.5616441094852496,14.170000076293944,-7.325048321473959,1.5616441094852496,14.170000076293944,2023-11-10,2023,4,11
2023-11-13,358.9627990722656,-0.8088270203577941,182.7316131591797,-0.8583446889606772,48.52946853637695,0.5896433785483213,91.83563232421876,-1.1059756996888326,110.97834014892578,0.9551705042437852,211.618896484375,0.7723602076707525,590.3400268554688,-1.1519949407512775,116.79000091552734,-1.5178307428517557,116.86023712158205,-0.2898195802970127,4411.5498046875,-0.08358389332403515,14.760000228881836,4.163727236494141,-0.08358389332403515,14.760000228881836,2023-11-13,2023,4,11
2023-11-14,362.4772338867188,0.9790526549091405,185.3420562744141,1.4285667762153453,49.56354141235352,2.1308143426327586,94.36007690429688,2.748872650177603,112.87413787841795,1.708259221527486,217.4185333251953,2.7406044248267536,604.3300170898438,2.3698190192006363,119.87999725341795,2.6457713106154968,120.17214965820312,2.8340799387351456,4495.7001953125,1.9075017703661823,14.15999984741211,-4.065043171853533,1.9075017703661823,14.15999984741211,2023-11-14,2023,4,11
2023-11-15,362.6243896484375,0.04059724251943564,185.9056396484375,0.3040774367955468,48.79696273803711,-1.5466583954094615,94.59671783447266,0.2507850119874311,110.8908233642578,-1.757102691049106,215.68849182128903,-0.7957194253162547,595.3099975585938,-1.4925652004985634,118.0,-1.5682326463886787,121.64411926269533,1.2248841421900414,4502.8798828125,0.15970120755575135,14.18000030517578,0.14124617216946245,0.15970120755575135,14.18000030517578,2023-11-15,2023,4,11
2023-11-16,369.0005187988281,1.7583288196837188,187.5866241455078,0.9042138260298094,49.38786697387695,1.2109447036940946,93.05955505371094,-1.624964180524191,111.48387908935548,0.5348104623135397,217.6839599609375,0.9251620811099315,602.0599975585938,1.1338630339960964,119.83000183105467,1.5508490093683713,121.4365005493164,-0.1706771479273561,4508.240234375,0.11904273935798848,14.31999969482422,0.987301739319002,0.11904273935798848,14.31999969482422,2023-11-16,2023,4,11
2023-11-17,362.8009643554688,-1.6800936929682764,187.56686401367188,-0.010533870379059174,49.20620727539063,-0.3678225232573995,94.82268524169922,1.8946256372821324,112.15470886230467,0.601728051112671,217.45785522460935,-0.10386834949562829,602.6599731445312,0.09965378672731617,120.62000274658205,0.6592680492830016,122.16304779052734,0.5982939543913268,4514.02001953125,0.12820490603360213,13.800000190734863,-3.631281530524788,0.12820490603360213,13.800000190734863,2023-11-17,2023,4,11
2023-11-20,370.2462463378906,2.0521670871654685,189.30714416503903,0.9278185464786093,50.31513595581055,2.2536357541511176,96.56641387939452,1.838936150406001,113.67137145996094,1.3522950690534996,221.30137634277344,1.767478628994179,612.7000122070312,1.6659541880827966,121.52999877929688,0.754432110755876,122.20079803466795,0.0309015244980948,4547.3798828125,0.7390278097329839,13.40999984741211,-2.8260894053073637,0.7390278097329839,13.40999984741211,2023-11-20,2023,4,11
2023-11-21,365.9595947265625,-1.1577839488522645,188.50621032714844,-0.42308695819336384,49.85099792480469,-0.9224620428602059,95.15921020507812,-1.4572392385554522,112.8547134399414,-0.7184377293337985,220.5051422119141,-0.35979628505611316,610.989990234375,-0.27909612185195165,119.16000366210938,-1.9501317707502852,119.85133361816406,-1.9226260828815178,4538.18994140625,-0.20209310950652926,13.350000381469728,-0.44742331562337423,-0.20209310950652926,13.350000381469728,2023-11-21,2023,4,11
2023-11-22,370.6484680175781,1.281254367580953,189.1687164306641,0.35145054497986994,48.62528610229492,-2.4587508245243805,94.26697540283205,-0.937623168922086,113.01026916503906,0.13783715394433127,220.03330993652344,-0.21397790122155147,619.719970703125,1.4288254485807839,122.51000213623048,2.811344722362019,120.30422973632812,0.3778815842024441,4556.6201171875,0.406112922094648,12.850000381469728,-3.7453182450392863,0.406112922094648,12.850000381469728,2023-11-22,2023,4,11
2023-11-24,370.2364501953125,-0.11116134499875585,187.84375,-0.7004151932012093,47.687042236328125,-1.9295390139051904,94.9332504272461,0.7067958015698039,113.0199737548828,0.008587352207412025,220.56411743164065,0.2412396083440127,619.4299926757812,-0.04679178355584401,122.30999755859376,-0.16325571312481024,120.5401382446289,0.19609327853045144,4559.33984375,0.059687366788407914,12.460000038146973,-3.0350220369265823,0.059687366788407914,12.460000038146973,2023-11-24,2023,4,11
2023-11-27,371.39398193359375,0.31264661749825784,187.66574096679688,-0.09476441627849219,48.15216827392578,0.9753719580521958,92.15664672851562,-2.924795776226341,113.23387145996094,0.1892565517153999,220.96714782714844,0.18272709097058026,619.27001953125,-0.025825863523365467,122.6500015258789,0.2779854256167891,120.96471405029295,0.352227740773281,4550.43017578125,-0.1954157460090089,12.6899995803833,1.8459032225695893,-0.1954157460090089,12.6899995803833,2023-11-27,2023,4,11
2023-11-28,375.4060363769531,1.0802691046503554,188.26890563964844,0.32140372011655316,47.73195266723633,-0.8726826262504983,91.77938079833984,-0.4093746284922539,113.01026916503906,-0.19746944270199185,221.0949249267578,0.05782628814547941,623.3200073242188,0.653993841980971,122.01000213623048,-0.5218095244078569,119.44559478759766,-1.2558366914038221,4554.89013671875,0.09801185306033133,12.6899995803833,0.0,0.09801185306033133,12.6899995803833,2023-11-28,2023,4,11
2023-11-29,371.6294250488281,-1.006007086240035,187.25042724609372,-0.5409700503088422,48.05036163330078,0.6670771847199441,91.24402618408205,-0.583305977443993,112.98109436035156,-0.025816065126693655,226.4326171875,2.4142084050596813,617.3900146484375,-0.9513560620711403,123.8499984741211,1.5080700808743241,121.45867919921876,1.6853567644757872,4550.580078125,-0.09462486392383118,12.979999542236328,2.285263762351275,-0.09462486392383118,12.979999542236328,2023-11-29,2023,4,11
2023-11-30,371.688232421875,0.015824197192992884,187.8239288330078,0.3062751820375631,46.68291091918945,-2.8458697658658827,89.77959442138672,-1.6049617974341457,112.98109436035156,0.0,247.6161193847656,9.355322771243845,611.010009765625,-1.033383231253826,121.16000366210938,-2.1719780744073214,122.54118347167967,0.8912531237766697,4567.7998046875,0.37840728581564065,12.920000076293944,-0.4622455166284789,0.37840728581564065,12.920000076293944,2023-11-30,2023,4,11
2023-12-01,367.3721618652344,-1.1612072108168836,189.09950256347656,0.6791327060370778,46.67791748046875,-0.010696502472495872,90.19371032714844,0.46125838330037805,113.90470886230467,0.8174947385509057,255.578369140625,3.2155619656921486,612.469970703125,0.23894222912321794,121.38999938964844,0.18982809556564728,123.1299057006836,0.48042805881662876,4594.6298828125,0.5873742123607695,12.630000114440918,-2.244581734833939,0.5873742123607695,12.630000114440918,2023-12-01,2023,4,12
2023-12-04,362.1045227050781,-1.4338699844351877,187.3097686767578,-0.9464508697572982,45.425254821777344,-2.683630132418724,89.60891723632812,-0.6483745803328889,112.56304931640624,-1.177878912381336,246.39720153808597,-3.592310113492958,604.5599975585938,-1.291487505167066,118.56999969482422,-2.323090624436308,123.3957748413086,0.21592572422763912,4569.77978515625,-0.5408509126972105,13.079999923706056,3.56294382571396,-0.5408509126972105,13.079999923706056,2023-12-04,2023,4,12
2023-12-05,365.4200744628906,0.9156338984787737,191.25509643554688,2.1063117992514035,46.48338317871094,2.329383425772913,88.556640625,-1.1742989914194868,111.34778594970705,-1.0796290381963392,246.75108337402344,0.1436225061520302,602.219970703125,-0.3870628002048626,118.37999725341795,-0.1602449539472861,124.15544128417967,0.6156340797308868,4567.18017578125,-0.056886972616143616,12.850000381469728,-1.7584062964670188,-0.056886972616143616,12.850000381469728,2023-12-05,2023,4,12
2023-12-06,361.7709655761719,-0.9986065741140138,190.16741943359372,-0.5687048461580191,45.42226409912109,-2.2827922733383077,87.63724517822266,-1.0382004559890579,108.91722869873048,-2.1828518908084793,244.8932342529297,-0.7529244028799842,595.7000122070312,-1.0826539824777548,116.81999969482422,-1.3177881354856091,123.4052963256836,-0.6041982137368174,4549.33984375,-0.3906202808869552,12.970000267028809,0.9338512217643702,-0.3906202808869552,12.970000267028809,2023-12-06,2023,4,12
2023-12-07,363.8800354003906,0.5829848232457691,192.09559631347656,1.0139365016498925,46.51332092285156,2.402030910105135,89.44305419921875,2.0605497323925803,109.73390197753906,0.7498109239150175,244.61801147460935,-0.1123848027733132,608.780029296875,2.1957389326522136,128.3699951171875,9.887001757007386,126.23497772216795,2.292998340214214,4585.58984375,0.7968189065892917,13.0600004196167,0.693910182998847,0.7968189065892917,13.0600004196167,2023-12-07,2023,4,12
2023-12-08,367.0974731445313,0.8842028776325783,193.51950073242188,0.7412478194563477,47.42170715332031,1.9529593080989116,91.58055877685548,2.3897938154882503,110.4533462524414,0.6556262576442373,246.54466247558597,0.7876161650413049,610.010009765625,0.20204021314078613,128.9199981689453,0.4284514081781543,126.2634735107422,0.022573607639042592,4604.3701171875,0.40954978699407896,12.350000381469728,-5.43644728433944,0.40954978699407896,12.350000381469728,2023-12-08,2023,4,12
2023-12-11,364.2232360839844,-0.7829629106205549,191.01780700683597,-1.292734693980524,46.54426956176758,-1.850286807929269,99.81825256347656,8.99502459544168,111.93109893798828,1.3378976153148647,247.812744140625,0.5143415607971713,625.2000122070312,2.49012347309554,134.41000366210938,4.258459177116647,129.23562622070312,2.3539291509417026,4622.43994140625,0.3924494286698943,12.630000114440918,2.267204245526244,0.3924494286698943,12.630000114440918,2023-12-11,2023,4,12
2023-12-12,367.2445983886719,0.8295358465242986,192.5306701660156,0.7920011138676131,47.57244491577149,2.209026725920471,103.9923858642578,4.1817334942092055,98.0089874267578,-12.438108482204369,252.0887451171875,1.725496802592219,633.6599731445312,1.3531607121431977,137.61000061035156,2.380772904587225,129.78634643554688,0.42613653134875307,4643.7001953125,0.45993575202152304,12.06999969482422,-4.433890851484657,0.45993575202152304,12.06999969482422,2023-12-12,2023,4,12
2023-12-13,367.2348327636719,-0.0026591609632475866,195.7443084716797,1.669156557182827,48.00268173217773,0.9043823944049567,105.68083953857422,1.6236320190983644,100.12841033935548,2.162478123938927,252.9439239501953,0.3392372129149557,624.260009765625,-1.4834396643769399,138.19000244140625,0.42148232576277866,131.79942321777344,1.5510697677480811,4707.08984375,1.3650676351045998,12.1899995803833,0.9941995740939236,1.3650676351045998,12.1899995803833,2023-12-13,2023,4,12
2023-12-14,358.95562744140625,-2.2544716850412705,195.89260864257807,0.07576218795646295,48.26420974731445,0.5448195927799881,107.31015014648438,1.5417275402278108,97.52287292480467,-2.6021959259316274,252.83583068847656,-0.042734081147577374,584.6400146484375,-6.3467136285187635,138.0,-0.13749362330810477,134.36325073242188,1.9452494191967817,4719.5498046875,0.26470624846992585,12.479999542236328,2.3789989486111995,0.26470624846992585,12.479999542236328,2023-12-14,2023,4,12
2023-12-15,363.6641845703125,1.3117379333117851,195.3586578369141,-0.2725732274249326,48.803253173828125,1.1168595307699425,109.56500244140624,2.1012479172229925,100.44923400878906,3.000692038923791,257.1511535644531,1.7067687219117111,584.6799926757812,0.006838058692881788,139.14999389648438,0.833328910495923,135.91102600097656,1.1519334789220181,4719.18994140625,-0.00762494933082003,12.279999732971191,-1.6025626330215204,-0.00762494933082003,12.279999732971191,2023-12-15,2023,4,12
2023-12-18,365.547607421875,0.5179016607829823,193.69744873046875,-0.8503381036903512,49.9881477355957,2.4279007744569814,111.2389144897461,1.5277798667827636,102.0825653076172,1.6260266341953544,259.1073303222656,0.7607108623458592,599.1300048828125,2.4714394862223488,138.89999389648438,-0.1796622428786976,134.50567626953125,-1.034021869156676,4740.56005859375,0.45283443669004164,12.5600004196167,2.280135934316996,0.45283443669004164,12.5600004196167,2023-12-18,2023,4,12
2023-12-19,366.1459045410156,0.16367146357769702,194.73573303222656,0.5360340616579862,49.51598358154297,-0.9445522097561443,111.02749633789062,-0.19005772649368646,103.29784393310548,1.1904859775282217,259.8445739746094,0.28453214790442605,604.6400146484375,0.9196684727386994,140.14999389648438,0.8999280453039882,136.0059814453125,1.1154214583292577,4768.3701171875,0.5866407818910568,12.529999732971191,-0.23885896212750835,0.5866407818910568,12.529999732971191,2023-12-19,2023,4,12
2023-12-20,363.5562744140625,-0.7072672655452417,192.64935302734372,-1.0713904286572706,48.02562713623047,-3.0098492194104987,108.1825942993164,-2.562340080079184,101.25618743896484,-1.9764754194315892,255.8240966796875,-1.547262362813373,596.0599975585938,-1.419028989477733,135.47000122070312,-3.339274262999914,133.3567352294922,-1.9478894881439945,4698.35009765625,-1.4684266911006771,13.670000076293944,9.09816733932547,-1.4684266911006771,13.670000076293944,2023-12-20,2023,4,12
2023-12-21,366.4206237792969,0.787869600064206,192.50099182128903,-0.07701100664149196,48.903076171875,1.8270433682324283,109.83009338378906,1.5228873878864402,102.91867065429688,1.6418583963909716,262.7050476074219,2.689719622600628,600.1400146484375,0.68449771945025,139.91000366210938,3.277480181145598,135.25582885742188,1.4240702763617774,4746.75,1.030146782120256,13.649999618530272,-0.14630912693524012,1.030146782120256,13.649999618530272,2023-12-21,2023,4,12
2023-12-22,367.4407348632813,0.27839892674788036,191.4330902099609,-0.554751225551875,48.74336242675781,-0.32659243061899934,109.31275939941406,-0.4710311795577127,103.24922943115234,0.32118446026747627,261.8105163574219,-0.34050782737024,598.75,-0.23161505890451073,139.60000610351562,-0.2215692591520546,136.25286865234375,0.7371510738904297,4754.6298828125,0.16600585268868873,13.029999732971191,-4.5421238306659895,0.16600585268868873,13.029999732971191,2023-12-22,2023,4,12
2023-12-26,367.519287109375,0.021378208413103117,190.8892517089844,-0.2840880332548701,49.19155883789063,0.9195024487822057,110.27828979492188,0.8832732800934107,103.2395248413086,-0.009399188640168976,261.6925964355469,-0.04504017772686275,598.260009765625,-0.08183552974947439,143.41000366210938,2.729224492847493,138.12350463867188,1.3729149373736593,4774.75,0.42316894655107795,12.989999771118164,-0.3069835968746104,0.42316894655107795,12.989999771118164,2023-12-26,2023,4,12
2023-12-27,366.9405212402344,-0.15747904652644307,190.9881134033203,0.05179007903841626,49.32931900024414,0.280048377420794,109.72097778320312,-0.5053687473347224,102.99644470214844,-0.2354525938915386,262.1841125488281,0.18782194069533187,596.0800170898438,-0.36438883431892943,146.07000732421875,1.8548243457106706,138.3704071044922,0.17875485165701477,4781.580078125,0.14304577464787638,12.43000030517578,-4.31100443271355,0.14304577464787638,12.43000030517578,2023-12-27,2023,4,12
2023-12-28,368.1274719238281,0.3234722291182157,191.413330078125,0.22264038699975064,49.43413162231445,0.21247530716934637,109.35464477539062,-0.33387690778361456,103.29784393310548,0.2926307134470951,261.0635070800781,-0.4274116604000233,595.52001953125,-0.09394670892135526,148.75999450683594,1.8415739356036687,138.5033416748047,0.09607153226927068,4783.35009765625,0.03701746080437829,12.470000267028809,0.32180177691849554,0.03701746080437829,12.470000267028809,2023-12-28,2023,4,12
2023-12-29,368.87298583984375,0.20251515381874974,190.3750457763672,-0.5424305095857451,49.43413162231445,0.0,108.7544937133789,-0.5488116789592268,102.50061798095705,-0.771774048512297,258.6649475097656,-0.9187647852967662,596.5999755859375,0.18134672542788888,147.41000366210938,-0.9074958957897339,137.3353729248047,-0.843278390164981,4769.830078125,-0.2826475013374963,12.449999809265137,-0.1603885913022296,-0.2826475013374963,12.449999809265137,2023-12-29,2023,4,12
2024-01-02,363.8015441894531,-1.374847669813517,183.56219482421875,-3.578647046079486,48.0825309753418,-2.734144613481082,105.7468719482422,-2.765514934089297,101.16869354248048,-1.2994306421879487,251.7741851806641,-2.6639722140323507,580.0700073242188,-2.770695430465653,138.5800018310547,-5.990096744922868,133.15728759765625,-3.042249959474075,4742.830078125,-0.5660579005492328,13.199999809265137,6.024096477831753,-0.5660579005492328,13.199999809265137,2024-01-02,2024,1,1
2024-01-03,363.5366516113281,-0.07281238421216196,182.1877593994141,-0.7487573495843391,47.48459243774414,-1.2435671032049012,103.13579559326172,-2.469175973600879,99.61314392089844,-1.5375800231411274,247.55712890625,-1.6749359237874573,571.7899780273438,-1.4274189653537883,135.32000732421875,-2.352427813365343,130.65994262695312,-1.8754850115669353,4704.81005859375,-0.8016314922730805,14.039999961853027,6.363637611557316,-0.8016314922730805,14.039999961853027,2024-01-03,2024,1,1
2024-01-04,360.9273681640625,-0.717749760773867,179.87393188476562,-1.2700235857096231,47.91283798217773,0.9018621039973196,102.20340728759766,-0.9040394756260395,99.7395248413086,0.12687173141578967,246.9673614501953,-0.23823489093623973,567.0499877929688,-0.8289739968384557,136.00999450683594,0.5098929539399277,129.3020477294922,-1.0392587583922808,4688.68017578125,-0.3428381297357008,14.130000114440918,0.6410267295756666,-0.3428381297357008,14.130000114440918,2024-01-04,2024,1,1
2024-01-05,360.740966796875,-0.05164511855547671,179.152099609375,-0.4012989919256693,49.009883880615234,2.2896700438524986,102.2297134399414,0.0257390169681182,99.8756332397461,0.1364638528748241,246.849365234375,-0.04777806068276824,564.5999755859375,-0.43206282687122677,138.5800018310547,1.8895724049820428,129.83383178710938,0.4112727268865246,4697.240234375,0.18256861788026324,13.350000381469728,-5.5201679168709,0.18256861788026324,13.350000381469728,2024-01-05,2024,1,1
2024-01-08,367.5487060546875,1.8871544638415783,183.48309326171875,2.4174953359670903,52.16028594970703,6.42809535473694,104.72095489501952,2.4369054468118767,101.75201416015624,1.8787174204002222,256.4335632324219,3.8826099426858995,580.5499877929688,2.825011140051581,146.17999267578125,5.484190174850667,132.017822265625,1.6821428193668053,4763.5400390625,1.4114629309846638,13.079999923706056,-2.0224752812624813,1.4114629309846638,13.079999923706056,2024-01-08,2024,1,1
2024-01-09,368.6277465820313,0.2935775611690561,183.0677947998047,-0.22634154162731734,53.04571914672852,1.697523663645617,105.46531677246094,0.7108050897622453,100.7506332397461,-0.9841386715293776,256.89556884765625,0.18016581348037075,586.2000122070312,0.9732192804863704,149.25999450683594,2.1069927386615506,132.83445739746094,0.6185794598193128,4756.5,-0.14779006799081618,12.760000228881836,-2.4464808615499822,-0.14779006799081618,12.760000228881836,2024-01-09,2024,1,1
2024-01-10,375.47467041015625,1.8574086979644244,184.10601806640625,0.5671250193060473,54.25356674194336,2.276993534339389,105.27824401855467,-0.1773784592235872,101.42405700683594,0.6684064858305749,259.63818359375,1.0675990864288387,591.030029296875,0.823953768212804,148.5399932861328,-0.4823805756405508,132.28369140625,-0.41462584483102916,4783.4501953125,0.566597189372442,12.6899995803833,-0.548594414129322,0.566597189372442,12.6899995803833,2024-01-10,2024,1,1
2024-01-11,377.2992858886719,0.48594901928336043,183.51272583007807,-0.3222557538092974,54.724727630615234,0.8684422370107914,107.16931915283205,1.796263940291487,102.2536392211914,0.8179343627513935,266.7648620605469,2.7448499169705487,597.489990234375,1.0930004597541565,148.02000427246094,-0.35006667374100076,132.017822265625,-0.2009840652303141,4780.240234375,-0.06710555783868699,12.4399995803833,-1.9700552266877946,-0.06710555783868699,12.4399995803833,2024-01-11,2024,1,1
2024-01-12,381.0660705566406,0.9983545712514807,183.8390350341797,0.17781284792410812,54.612918853759766,-0.20431125324216204,107.91952514648438,0.7000193708261548,104.0396957397461,1.7466923741375595,267.30548095703125,0.2026574610720866,596.5399780273438,-0.1590005226127067,146.55999755859375,-0.9863577028276227,133.12879943847656,0.8415357516019517,4783.830078125,0.07509755941104146,12.699999809265137,2.0900340647264315,0.07509755941104146,12.699999809265137,2024-01-12,2024,1,1
2024-01-16,382.8317260742188,0.4633462945150102,181.57470703125,-1.231690539775021,56.281959533691406,3.0561279546345688,108.6288070678711,0.6572322482182757,104.01042175292967,-0.028137324516641637,264.612060546875,-1.0076188488590043,597.6799926757812,0.19110448426395976,158.74000549316406,8.310595071960769,134.00241088867188,0.6562152245645603,4765.97998046875,-0.37313402367431525,13.84000015258789,8.9763807908964,-0.37313402367431525,13.84000015258789,2024-01-16,2024,1,1
2024-01-17,382.0470275878906,-0.20497216737362933,180.63531494140625,-0.5173584499751249,55.95354461669922,-0.5835172046481318,107.52882385253906,-1.012607286246603,103.873779296875,-0.13137381211592025,266.8238220214844,0.8358505920094128,596.0999755859375,-0.2643583705671859,160.1699981689453,0.9008395025177363,132.29319763183594,-1.275509332631286,4739.2099609375,-0.5616897183990499,14.789999961853027,6.864160395890595,-0.5616897183990499,14.789999961853027,2024-01-17,2024,1,1
2024-01-18,386.3631286621094,1.1297303113360302,186.51873779296875,3.257072324684107,57.00568008422852,1.8803732180629362,111.4493637084961,3.6460362119588696,106.0892562866211,2.1328548982647355,269.7924194335937,1.1125683567602573,593.7000122070312,-0.40261088361012165,162.6699981689453,1.560841623637299,137.96209716796875,4.285102815270236,4780.93994140625,0.8805260963896,14.130000114440918,-4.462473624843866,0.8805260963896,14.130000114440918,2024-01-18,2024,1,1
2024-01-19,391.07171630859375,1.2186948746349513,189.41595458984372,1.5533113890631167,59.385440826416016,4.174602844262698,118.00531768798828,5.882450793204841,107.03595733642578,0.8923627923707711,276.10321044921875,2.339128367236576,611.5499877929688,3.0065648002232104,174.22999572753906,7.106410333015312,144.29568481445312,4.590817171163497,4839.81005859375,1.2313502764936146,13.300000190734863,-5.874026305617585,1.2313502764936146,13.300000190734863,2024-01-19,2024,1,1
2024-01-22,388.9528198242188,-0.5418178804582507,191.7198486328125,1.2163146699851968,59.548152923583984,0.27399324633048394,118.91140747070312,0.7678380944751817,107.45562744140624,0.39208329184312607,275.5331115722656,-0.20648035059990244,603.5900268554688,-1.3016042999570376,168.17999267578125,-3.4724233485138867,145.15975952148438,0.5988222781175612,4850.43017578125,0.21943252026270788,13.1899995803833,-0.827072246421412,0.21943252026270788,13.1899995803833,2024-01-22,2024,1,1
2024-01-23,391.2972412109375,0.602752124995054,192.9954071044922,0.665324159588021,59.76676559448242,0.3671191467163881,119.47745513916016,0.4760246981320826,109.14407348632812,1.5712960643616158,272.063232421875,-1.2593329094244154,597.1799926757812,-1.061984773519531,168.4199981689453,0.14270751790717018,145.7580108642578,0.4121330489562425,4864.60009765625,0.2921374261968035,12.550000190734863,-4.852156254805884,0.2921374261968035,12.550000190734863,2024-01-23,2024,1,1
2024-01-24,394.8875122070313,0.9175303625916342,192.3230133056641,-0.3483988603231625,61.25312423706055,2.4869317049262207,122.16260528564452,2.247411566773705,111.56451416015624,2.2176565309625307,272.1713256835937,0.039730933414428016,606.47998046875,1.5573173761730175,178.2899932861328,5.860346291707419,146.58413696289062,0.5667792073549727,4868.5498046875,0.08119284117831249,13.140000343322754,4.701196363514493,0.08119284117831249,13.140000343322754,2024-01-24,2024,1,1
2024-01-25,397.1534118652344,0.5738088919396089,191.99673461914065,-0.16965140100257958,61.50766754150391,0.41555970836399947,119.83697509765624,-1.9037169210254001,112.2379379272461,0.6036182491891084,274.28472900390625,0.7764974194120144,622.5800170898438,2.6546690970161935,180.3300018310547,1.1442081001416193,146.67909240722656,0.0647787996050253,4894.16015625,0.5260365527706368,13.449999809265137,2.359204397585213,0.5260365527706368,13.449999809265137,2024-01-25,2024,1,1
2024-01-26,396.2313232421875,-0.23217441812126705,190.2662811279297,-0.9012931884719966,60.92271041870117,-0.9510312229089601,117.38957214355467,-2.042276978459401,111.88658905029295,-0.3130393193617742,275.17926025390625,0.32613235641976157,613.9299926757812,-1.389383561408819,177.25,-1.707980812832377,143.1182403564453,-2.4276479983222354,4890.97021484375,-0.06517852510764532,13.260000228881836,-1.412636305410342,-0.06517852510764532,13.260000228881836,2024-01-26,2024,1,1
2024-01-29,401.91107177734375,1.433442588203615,189.58401489257807,-0.3585849428007104,62.35416412353516,2.349622488881553,118.64541625976562,1.0698089219332019,111.0179672241211,-0.7763413234283312,282.9645690917969,2.8291771809791033,630.22998046875,2.6550238606076526,177.8300018310547,0.32722247168106566,142.09271240234375,-0.7165599238415865,4927.93017578125,0.7556774896180896,13.600000381469728,2.564103670581641,0.7556774896180896,13.600000381469728,2024-01-29,2024,1,1
2024-01-30,400.8025817871094,-0.2758047906797789,185.93533325195312,-1.924572408012537,62.66261672973633,0.49467843974311254,117.7091293334961,-0.7891471544249073,111.41812896728516,0.3604477303716269,282.8367919921875,-0.045156572082327706,627.9600219726562,-0.3601793894992711,172.05999755859375,-3.244674246780166,138.6172637939453,-2.445902080155593,4924.97021484375,-0.06006499345398986,13.3100004196167,-2.1323526008731553,-0.06006499345398986,13.3100004196167,2024-01-30,2024,1,1
2024-01-31,390.0024108886719,-2.6946360600476726,182.33604431152344,-1.9357745929615477,61.41782760620117,-1.9864940031213973,114.96556091308594,-2.3308034270111855,109.01720428466795,-2.154877940305533,276.3097229003906,-2.3077157132998294,617.780029296875,-1.6211211414067561,167.69000244140625,-2.539808891778772,141.01968383789062,1.7331319189192174,4845.64990234375,-1.6105744611597972,14.350000381469728,7.813673396435394,-1.6105744611597972,14.350000381469728,2024-01-31,2024,1,1
2024-02-01,396.084228515625,1.5594307771315874,184.7685089111328,1.3340558137004965,62.915164947509766,2.4379523009332438,116.91510009765624,1.6957592944239597,112.75520324707033,3.4288156506395273,278.9736328125,0.9641028495655624,627.9099731445312,1.6397331359489842,170.47999572753906,1.6637803360445957,133.99290466308594,-4.982835717375689,4906.18994140625,1.2493688211609788,13.880000114440918,-3.2752630978026054,1.2493688211609788,13.880000114440918,2024-02-01,2024,1,2
2024-02-02,403.3824462890625,1.8425923700088997,183.7698211669922,-0.5405075518691072,66.04261016845703,4.970892508279201,119.2855224609375,2.027473235964661,113.00896453857422,0.22505506104923967,280.8019714355469,0.6553804402997798,634.760009765625,1.0909265522236034,177.66000366210938,4.2116424885682235,134.5436553955078,0.41102977340978786,4958.60986328125,1.068444607751462,13.850000381469728,-0.21613640290951697,1.068444607751462,13.850000381469728,2024-02-02,2024,1,2
2024-02-05,397.9186401367188,-1.3544977483795462,185.579345703125,0.9846690412178782,69.208984375,4.794441343954148,121.11327362060548,1.532248945186554,113.59455871582033,0.5181838269531447,283.2102966308594,0.8576596464050512,630.5,-0.671121321457846,174.22999572753906,-1.9306584846715547,136.76564025878906,1.6514973201444905,4942.81005859375,-0.31863375266721894,13.670000076293944,-1.299641156809006,-0.31863375266721894,13.670000076293944,2024-02-05,2024,1,2
2024-02-06,397.76165771484375,-0.039450884186054136,187.1812438964844,0.8631877579318603,68.1019515991211,-1.599550673768868,119.1208724975586,-1.6450724709895947,112.53073120117188,-0.936512740288753,280.96905517578125,-0.7913700461249062,607.1400146484375,-3.7049937115880227,167.8800048828125,-3.6446025371295265,136.83212280273438,0.04861056023977017,4954.22998046875,0.23104108269635937,13.0600004196167,-4.462323725477402,0.23104108269635937,13.0600004196167,2024-02-06,2024,1,2
2024-02-07,406.1585388183594,2.111033313707522,187.2899932861328,0.05809844372470785,69.97461700439453,2.7497969754182616,122.47338104248048,2.8143754109848373,114.45342254638672,1.7085922438179413,283.92791748046875,1.053091879757484,615.8499755859375,1.434588517863289,170.94000244140625,1.8227290145302,138.53182983398438,1.242184215544473,4995.06005859375,0.8241457963390042,12.829999923706056,-1.7611063439567087,0.8241457963390042,12.829999923706056,2024-02-07,2024,1,2
2024-02-08,406.2173461914063,0.014478920772664772,186.21218872070312,-0.5754736526596305,69.51742553710938,-0.653367587930409,124.19786834716795,1.4080507045766355,113.87759399414062,-0.5031116933289725,286.98504638671875,1.0767271261588052,615.8599853515625,0.0016253578017044745,169.35000610351562,-0.9301487745301928,140.70631408691406,1.5696639938529433,4997.91015625,0.057058326082515265,12.789999961853027,-0.3117689952524594,0.057058326082515265,12.789999961853027,2024-02-08,2024,1,2
2024-02-09,412.53460693359375,1.5551430290745794,186.9745330810547,0.40939552109287014,72.0050277709961,3.578386591083982,125.04354095458984,0.6809075056409153,113.83855438232422,-0.03428208346095696,286.34600830078125,-0.22267295595478354,627.2100219726562,1.8429573102747732,172.47999572753906,1.8482370895872346,143.38409423828125,1.903098783266488,5026.60986328125,0.5742341525559524,12.93000030517578,1.0946078478523136,0.5742341525559524,12.93000030517578,2024-02-09,2024,1,2
2024-02-12,407.3454895019531,-1.257862333105042,185.2914276123047,-0.9001789928366088,72.11981964111328,0.15942202047649623,123.2469711303711,-1.4367553977627567,113.0577621459961,-0.6858768020769568,282.43377685546875,-1.366260164941091,611.8400268554688,-2.4505340442180557,171.91000366210938,-0.330468506231929,145.37818908691406,1.3907364406256617,5021.83984375,-0.09489536011326738,13.93000030517578,7.733951866959421,-0.09489536011326738,13.93000030517578,2024-02-12,2024,1,2
2024-02-13,398.5758361816406,-2.152878464675001,183.20237731933597,-1.127440335415708,72.00003051757812,-0.1660973698093815,121.94630432128906,-1.05533369068046,110.94963073730467,-1.8646498645259801,276.3687438964844,-2.1474177155829555,601.8900146484375,-1.6262440785655974,171.5399932861328,-0.2152349299601064,142.4725341796875,-1.998686959492546,4953.169921875,-1.3674255653625456,15.850000381469728,13.783201968635716,-1.3674255653625456,15.850000381469728,2024-02-13,2024,1,2
2024-02-14,402.4282531738281,0.9665455460355243,182.3212127685547,-0.48097877531650957,73.7688980102539,2.4567593651837916,122.9761199951172,0.8444828890549205,111.51571655273438,0.510218746712221,284.23260498046875,2.8454234632733444,604.6599731445312,0.4602100763727801,178.6999969482422,4.1739558950351086,146.17581176757812,2.5992922840973876,5000.6201171875,0.9579763275017639,14.380000114440918,-9.274449411038443,0.9579763275017639,14.380000114440918,2024-02-14,2024,1,2
2024-02-15,399.54876708984375,-0.7155278142811139,182.03407287597656,-0.15749121466334115,72.5290756225586,-1.680684436309432,123.25379180908205,0.2257932791958961,110.0712661743164,-1.2952886131838648,286.9751892089844,0.9649083815363335,590.4400024414062,-2.3517301185282835,176.75999450683594,-1.0856197395281098,148.11293029785156,1.3251977237885848,5029.72998046875,0.5821250684729495,14.010000228881836,-2.573017264356725,0.5821250684729495,14.010000228881836,2024-02-15,2024,1,2
2024-02-16,397.0918884277344,-0.6149133383652527,180.4994659423828,-0.8430327956455264,72.4841537475586,-0.06193636774549649,121.34515380859376,-1.5485430285542279,108.63655090332033,-1.3034421433146481,284.7929992675781,-0.7604106638700037,546.6599731445312,-7.4148142259754195,173.8699951171875,-1.634984996300548,144.98886108398438,-2.1092481308584987,5005.56982421875,-0.48034698371121065,14.239999771118164,1.6416812168366768,-0.48034698371121065,14.239999771118164,2024-02-16,2024,1,2
2024-02-20,395.8437805175781,-0.3143121142811789,179.75692749023438,-0.4113798610271058,69.32877349853516,-4.353200093930488,119.5008544921875,-1.5198788402505214,105.84526824951172,-2.569377093251679,281.5196228027344,-1.1493879671417906,541.9099731445312,-0.8689130782114418,165.69000244140625,-4.704660324093279,144.29568481445312,-0.47808932655160064,4975.509765625,-0.6005322001165325,15.420000076293944,8.2865191302115,-0.6005322001165325,15.420000076293944,2024-02-20,2024,1,2
2024-02-21,395.2442932128906,-0.15144542726013288,180.5093994140625,0.41860524338845906,67.35228729248047,-2.8508887527001314,119.58853149414062,0.07336935147927992,105.5622329711914,-0.267404753184719,278.7278747558594,-0.9916708537334284,538.52001953125,-0.6255566018854464,164.2899932861328,-0.8449569283871083,144.34317016601562,0.032908365640715864,4981.7998046875,0.1264199922982101,15.34000015258789,-0.5188062471480848,0.1264199922982101,15.34000015258789,2024-02-21,2024,1,2
2024-02-22,404.5509948730469,2.354670723896679,182.53903198242188,1.1243916244514818,78.39865112304688,16.4008740825639,127.1343765258789,6.309840030193858,108.3437728881836,2.634976391368382,288.65606689453125,3.561966002635386,537.5700073242188,-0.17641167878181818,181.8600006103516,10.694508516789746,146.94496154785156,1.8025039763526651,5087.02978515625,2.112288421741404,14.539999961853027,-5.215125050698921,2.112288421741404,14.539999961853027,2024-02-22,2024,1,2
2024-02-23,403.2635803222656,-0.31823294642626676,180.7073974609375,-1.0034207487529367,78.6771469116211,0.3552303318804739,126.30327606201172,-0.6537181261104585,109.26119232177734,0.8467671091171747,287.820556640625,-0.2894483607758458,553.4400024414062,2.95217272187136,176.52000427246094,-2.9363226217798077,147.09690856933594,0.10340403637105755,5088.7998046875,0.03479475462115911,13.75,-5.433287234701945,0.03479475462115911,13.75,2024-02-23,2024,1,2
2024-02-26,400.5118713378906,-0.6823599051955065,179.36090087890625,-0.7451253246687495,78.95166778564453,0.34892072831747,127.54647827148438,0.9842992582886678,108.3047332763672,-0.8753877063626958,295.28155517578125,2.5922396309142393,560.47998046875,1.2720399675282046,176.00999450683594,-0.288924627963294,149.10995483398438,1.3685170437824468,5069.52978515625,-0.3786751350190576,13.739999771118164,-0.07272893732244157,-0.3786751350190576,13.739999771118164,2024-02-26,2024,1,2
2024-02-27,400.4529418945313,-0.01471353225123151,180.81629943847656,0.8114357992397236,78.56136322021484,-0.4943588607771665,126.28964233398438,-0.9853944652433388,108.7048797607422,0.3694635241415778,294.4065856933594,-0.2963170123853498,552.489990234375,-1.425562109763967,178.0,1.1306207347712816,150.31593322753906,0.8087846280266042,5078.18017578125,0.17063496993998672,13.43000030517578,-2.2561824680231157,0.17063496993998672,13.43000030517578,2024-02-27,2024,1,2
2024-02-28,400.6887512207031,0.058885652095908014,179.61831665039062,-0.6625413703334582,77.52519226074219,-1.3189320004137084,125.6261978149414,-0.5253356544382526,108.9976806640625,0.26935396457339333,294.6720275878906,0.09016167009514575,551.8200073242188,-0.12126607214585361,176.5399932861328,-0.8202284909366253,148.74118041992188,-1.0476286670378587,5069.759765625,-0.1658155060430544,13.84000015258789,3.0528655107632474,-0.1658155060430544,13.84000015258789,2024-02-28,2024,1,2
2024-02-29,406.5067138671875,1.4519905110288,178.95498657226562,-0.3692997966438516,78.97163391113281,1.8657698332766204,126.70471954345705,0.858516573194712,108.9976806640625,0.0,303.5681457519531,3.0189897008154665,560.280029296875,1.5331125838802029,192.52999877929688,9.05744086397904,150.59266662597656,1.2447704131617332,5096.27001953125,0.5229094697149161,13.399999618530272,-3.179194575191857,0.5229094697149161,13.399999618530272,2024-02-29,2024,1,2
2024-03-01,408.3346252441406,0.44966326867366124,177.87582397460938,-0.603035779179284,82.13301086425781,4.00318037826406,136.31893920898438,7.587893884434083,111.0472412109375,1.8803707880646225,311.4911193847656,2.6099489500740924,570.9299926757812,1.900828661030718,202.63999938964844,5.251130044383867,155.6509246826172,3.3589006489961992,5137.080078125,0.800782894888763,13.109999656677246,-2.1641788814083074,0.800782894888763,13.109999656677246,2024-03-01,2024,1,3
2024-03-04,407.7646484375,-0.1395857150982116,173.36109924316406,-2.538132856149,85.08576202392578,3.5950845203374104,136.6199951171875,0.22084672162947516,111.32051849365234,0.24609101472026218,309.2891845703125,-0.7069013135277302,567.9400024414062,-0.5237052305418044,205.3600006103516,1.3422824856374804,158.96266174316406,2.1276693776794087,5130.9501953125,-0.11932620709189656,13.489999771118164,2.898551673472971,-0.11932620709189656,13.489999771118164,2024-03-04,2024,1,3
2024-03-05,395.7062377929688,-2.9571986416030427,168.4305419921875,-2.8440966701882453,85.81549072265625,0.8576390237009068,130.82200622558594,-4.243880177735527,108.27545928955078,-2.7353979709277,293.6694030761719,-5.050219106704546,544.8400268554688,-4.067326739908705,205.1300048828125,-0.11199636095419185,154.0857391357422,-3.067967379221115,5078.64990234375,-1.0193100883444606,14.460000038146973,7.190513591449865,-1.0193100883444606,14.460000038146973,2024-03-05,2024,1,3
2024-03-06,395.1558837890625,-0.13908145774397251,167.44046020507812,-0.5878279410602927,88.54676818847656,3.182732444713765,131.5283660888672,0.5399396352806507,109.57351684570312,1.1988474255103965,298.60400390625,1.680325147389694,543.0900268554688,-0.321195197441726,210.6300048828125,2.6812264754451975,160.2320098876953,3.988864113205537,5104.759765625,0.5141103203274655,14.5,0.27662490835065334,0.5141103203274655,14.5,2024-03-06,2024,1,3
2024-03-07,402.0843505859375,1.753350280511956,167.32168579101562,-0.07093531271774589,92.50891876220705,4.474641655240119,137.08277893066406,4.22297714703157,111.78899383544922,2.0219091743362005,297.2769775390625,-0.4444101049643434,556.0399780273438,2.3844943805829244,211.3800048828125,0.35607462498863374,167.704833984375,4.6637523313333595,5157.35986328125,1.0304127925951478,14.4399995803833,-0.4137959973565475,1.0304127925951478,14.4399995803833,2024-03-07,2024,1,3
2024-03-08,399.2146606445313,-0.713703464764126,169.0345001220703,1.02366547585111,87.37680053710938,-5.54770101495804,127.50653076171876,-6.985741202247531,109.71990966796876,-1.8508836125013306,300.0883178710937,0.9456972939190234,551.6900024414062,-0.782313459073547,207.38999938964844,-1.887598354147113,162.78976440429688,-2.9307858714055057,5123.68994140625,-0.6528519003437983,14.739999771118164,2.0775637081209553,-0.6528519003437983,14.739999771118164,2024-03-08,2024,1,3
2024-03-11,397.5439758300781,-0.4184928508777386,171.034423828125,1.183145277804476,85.62582397460938,-2.0039376032730205,125.98665618896484,-1.1919974323466032,111.38883209228516,1.5210752810195016,300.7960510253906,0.23584162133261088,560.4199829101562,1.5824068643834455,198.38999938964844,-4.339649947676905,163.3146514892578,0.32243248639229893,5117.93994140625,-0.1122238087346461,15.220000267028809,3.2564484624427736,-0.1122238087346461,15.220000267028809,2024-03-11,2024,1,3
2024-03-12,408.118408203125,2.659940287352436,171.50965881347656,0.2778592605598096,91.75422668457033,7.157189765295824,125.86583709716795,-0.09589832403812393,124.4767608642578,11.749767482191897,301.4055480957031,0.20262801597121793,579.1400146484375,3.3403576441139116,202.75999450683597,2.2027295380976364,165.18527221679688,1.1454090067737122,5175.27001953125,1.1201787981366396,13.84000015258789,-9.067017675620026,1.1201787981366396,13.84000015258789,2024-03-12,2024,1,3
2024-03-13,407.9415283203125,-0.04334033438757601,169.4305419921875,-1.2122447421752391,90.73098754882812,-1.1151956402617347,122.55229949951172,-2.63259489157347,122.50526428222656,-1.58382702790697,299.8897399902344,-0.502913139803074,573.5499877929688,-0.9652289108121992,194.7899932861328,-3.9307562816265795,161.5299530029297,-2.2128602416017884,5165.31005859375,-0.19245297153407392,13.75,-0.650290112685159,-0.19245297153407392,13.75,2024-03-13,2024,1,3
2024-03-14,417.8869934082031,2.4379633838311987,171.28195190429688,1.092725013058593,87.79206848144531,-3.239156926183784,122.98098754882812,0.34980008622205183,122.51502990722656,0.00797159620626875,298.5511779785156,-0.44635138626694104,570.4500122070312,-0.5404891730302785,187.05999755859372,-3.9683741434213604,160.76644897460938,-0.4726702472986344,5150.47998046875,-0.28710915621273925,14.399999618530272,4.727269952947433,-0.28710915621273925,14.399999618530272,2024-03-14,2024,1,3
2024-03-15,409.23870849609375,-2.0695271804407445,170.90570068359375,-0.21966775630473112,87.68526458740234,-0.12165551614214953,120.37284088134766,-2.120772258756609,122.52478790283205,0.007964733480347874,289.70245361328125,-2.963888612045984,492.4599914550781,-13.671666067674392,191.05999755859372,2.138351359032309,159.57345581054688,-0.7420660042388061,5117.08984375,-0.6482917484461503,14.40999984741211,0.06944603574134955,-0.6482917484461503,14.40999984741211,2024-03-15,2024,1,3
2024-03-18,410.1231994628906,0.21613081764608744,171.99484252929688,0.6372764871778624,88.30218505859375,0.7035623078681219,120.5423583984375,0.1408270469058115,124.7305145263672,1.800228885345545,295.78533935546875,2.0997011472700278,513.8599853515625,4.345529437478479,190.6499938964844,-0.21459419415285064,159.3062286376953,-0.16746342397248037,5149.419921875,0.6318059504952345,14.329999923706056,-0.5551694972461774,0.6318059504952345,14.329999923706056,2024-03-18,2024,1,3
2024-03-19,414.1427001953125,0.9800715340380517,174.3313446044922,1.3584721732556204,89.24356842041016,1.06609294117892,120.61737060546876,0.06222891938394426,126.0871353149414,1.087641459450106,296.7105712890625,0.3128052038041673,521.1900024414062,1.4264619349235508,181.4199981689453,-4.841330198285043,156.61488342285156,-1.6894161878407088,5178.509765625,0.5649149650123642,13.81999969482422,-3.5589688178444767,0.5649149650123642,13.81999969482422,2024-03-19,2024,1,3
2024-03-20,417.8968200683594,0.9064797885551146,176.89564514160156,1.470934869989704,90.21588134765624,1.0895047614699616,124.84812927246094,3.507586548898245,126.1359405517578,0.03870754672512522,301.2677307128906,1.5358938523927446,519.1400146484375,-0.3933283031842483,179.72999572753906,-0.9315414278818657,160.02203369140625,2.1754958367242505,5224.6201171875,0.8904173912846591,13.039999961853027,-5.643992403728593,0.8904173912846591,13.039999961853027,2024-03-20,2024,1,3
2024-03-21,421.9654235839844,0.9735904463114675,169.6680908203125,-4.085772894806738,91.2770538330078,1.176259068247898,131.89283752441406,5.642622194665958,125.91144561767578,-0.17797856273160662,303.5414428710937,0.7547148022865935,511.25,-1.5198240216140246,178.67999267578125,-0.5842113596606135,163.05699157714844,1.8965874984409492,5241.52978515625,0.32365354015160275,12.920000076293944,-0.9202445238506884,0.32365354015160275,12.920000076293944,2024-03-21,2024,1,3
2024-03-22,421.3462829589844,-0.1467278100042657,170.56912231445312,0.5310553621392877,94.12611389160156,3.1213321847637143,132.42803955078125,0.40578551224823567,124.72075653076172,-0.9456559577034285,302.9311828613281,-0.20104668541907067,499.5199890136719,-2.2943786770323937,179.64999389648438,0.5428706405105066,162.3411865234375,-0.4389907153243833,5234.18017578125,-0.14021878490156903,13.0600004196167,1.0835939821674856,-0.14021878490156903,13.0600004196167,2024-03-22,2024,1,3
2024-03-25,415.5677185058594,-1.3714525763806273,169.15330505371094,-0.8300548431808497,94.837890625,0.7561947518816448,132.24310302734375,-0.139650578582029,123.05182647705078,-1.3381333629894243,301.248046875,-0.5556166157706599,507.2300109863281,1.5434861751739026,178.6300048828125,-0.5677645690651101,159.87887573242188,-1.5167505201522768,5218.18994140625,-0.30549644525015296,13.1899995803833,0.9953993613303291,-0.30549644525015296,13.1899995803833,2024-03-25,2024,1,3
2024-03-26,414.3785705566406,-0.28615022203702933,168.02464294433594,-0.6672421263164918,92.4011001586914,-2.569427103713162,130.27745056152344,-1.4863931810597864,123.43246459960938,0.30933155033630033,301.02166748046875,-0.07514717419070394,507.6000061035156,0.07294424800852184,177.8699951171875,-0.4254659042995601,159.44940185546875,-0.2686245290290268,5203.580078125,-0.2799795225030266,13.239999771118164,0.3790765149775055,-0.2799795225030266,13.239999771118164,2024-03-26,2024,1,3
2024-03-27,414.162353515625,-0.05217862514588223,171.58888244628906,2.121259976808232,90.09410095214844,-2.4967226608567317,129.0289764404297,-0.9583194295809117,122.2612762451172,-0.9488495253588858,296.64166259765625,-1.4550463823660431,504.3999938964844,-0.6304200489664069,179.58999633789062,0.9669990824309194,161.41542053222656,1.2330047362234087,5248.490234375,0.8630626525532925,12.779999732971191,-3.4743205898720597,0.8630626525532925,12.779999732971191,2024-03-27,2024,1,3
2024-03-28,413.4645690917969,-0.16848089110585995,169.7770538330078,-1.0559125902859012,90.19991302490234,0.11744617198645724,129.68255615234375,0.5065371592835932,122.59310913085938,0.27141290843135657,296.4447631835937,-0.0663761834188481,504.6000061035156,0.03965349116801242,180.4900054931641,0.5011465970410356,161.5776824951172,0.10052444949535388,5254.35009765625,0.11164855071790214,13.010000228881836,1.7996909289228258,0.11164855071790214,13.010000228881836,2024-03-28,2024,1,3
2024-04-01,417.2481384277344,0.915089131880964,168.3414306640625,-0.8455931685311224,90.2068862915039,0.007730901691260783,132.1139678955078,1.8748949861134623,122.46623992919922,-0.10348803661119899,297.5078430175781,0.3586097533205601,502.0899963378906,-0.4974256312454517,183.33999633789065,1.5790297290641409,163.88729858398438,1.4294152838446594,5243.77001953125,-0.20135845401164643,13.649999618530272,4.919288073705452,-0.20135845401164643,13.649999618530272,2024-04-01,2024,2,4
2024-04-02,414.172119140625,-0.737215820470849,167.16326904296875,-0.6998643271868499,89.2974624633789,-1.0081534409537185,130.98880004882812,-0.8516645625007757,121.3536148071289,-0.908515785830899,299.22039794921875,0.5756335410422864,499.2099914550781,-0.5736033188907363,178.6999969482422,-2.5308167788424485,163.23828125,-0.39601441941626847,5205.81005859375,-0.723905907316913,14.609999656677246,7.032967508978882,-0.723905907316913,14.609999656677246,2024-04-02,2024,2,4
2024-04-03,413.1992492675781,-0.23489506610573363,167.96519470214844,0.4797259970870549,88.81031799316406,-0.5455300260235552,133.38104248046875,1.826295401399869,123.2079849243164,1.5280715948467805,299.94873046875,0.24341004975698688,497.010009765625,-0.4406926397928612,180.7700042724609,1.1583700948905262,165.9774169921875,1.6779983967072587,5211.490234375,0.1091122364688113,14.329999923706056,-1.9164937683158745,0.1091122364688113,14.329999923706056,2024-04-03,2024,2,4
2024-04-04,410.6736145019531,-0.6112389531447215,167.14346313476562,-0.4892272883319615,85.75658416748047,-3.438489912758391,128.9086151123047,-3.353120717150615,121.20722198486328,-1.6238906436803924,289.5154724121094,-3.4783471296364166,487.1099853515625,-1.9919165046054177,165.8300018310547,-8.26464683758501,162.0166778564453,-2.3863120703514817,5147.2099609375,-1.2334336350379616,16.350000381469727,14.096304734949738,-1.2334336350379616,16.350000381469727,2024-04-04,2024,2,4
2024-04-05,418.1818542480469,1.8282742014481324,167.89590454101562,0.45017698696556696,87.85597229003906,2.4480780606402686,131.05435180664062,1.664540955983873,121.90016174316406,0.5716984078616427,297.1633605957031,2.6416163944106508,485.1199951171875,-0.40852996124453034,170.4199981689453,2.7678925931429843,163.70596313476562,1.0426613486156588,5204.33984375,1.1099194174331695,16.030000686645508,-1.9571846321599473,1.1099194174331695,16.030000686645508,2024-04-05,2024,2,4
2024-04-08,417.2678527832031,-0.21856554882977441,166.77713012695312,-0.6663500322541815,86.98246765136719,-0.9942461689322335,130.728515625,-0.24862675458604544,121.36337280273438,-0.44035129466084566,296.9861755371094,-0.05962547274959151,484.2799987792969,-0.17315228115627468,169.89999389648438,-0.3051310163408316,165.70062255859375,1.218440297245671,5202.39013671875,-0.037463099831791524,15.1899995803833,-5.240181349224815,-0.037463099831791524,15.1899995803833,2024-04-08,2024,2,4
2024-04-09,418.9287109375,0.39803165837455357,167.98501586914062,0.7242514254010901,85.20653533935547,-2.041712956603847,130.53086853027344,-0.1511889688195711,120.6584014892578,-0.5808765010366423,297.6160888671875,0.2121019030393967,492.5499877929688,1.707687501965327,170.77999877929688,0.5179546288557546,167.56170654296875,1.1231605262779887,5209.91015625,0.14454931932483817,14.979999542236328,-1.3824887685854326,0.14454931932483817,14.979999542236328,2024-04-09,2024,2,4
2024-04-10,415.9608154296875,-0.7084488196501981,166.1138153076172,-1.1139092090101,86.88863372802734,1.9741424551209752,129.3851318359375,-0.8777515289957738,119.2092742919922,-1.2010164061344808,294.9092712402344,-0.9094997643628866,487.2200012207031,-1.0821209429216383,167.13999938964844,-2.1313967769448827,163.06651306152344,-2.682709298077357,5160.64013671875,-0.9456980649108493,15.800000190734863,5.473969783420429,-0.9456980649108493,15.800000190734863,2024-04-10,2024,2,4
2024-04-11,420.5502014160156,1.1033217111057203,173.30169677734375,4.327082281757066,90.4594497680664,4.109646897218089,135.2645263671875,4.54410367545568,120.66818237304688,1.2238209566490799,294.4466247558594,-0.15687756523534713,484.2799987792969,-0.6034240043594763,170.5,2.010291146716159,167.14175415039062,2.4991281240739127,5199.06005859375,0.7444797710585593,14.90999984741211,-5.632913497334324,0.7444797710585593,14.90999984741211,2024-04-11,2024,2,4
2024-04-12,414.6242370605469,-1.4090979710664087,174.7966766357422,0.8626458287475325,88.03366088867188,-2.681631256451522,131.50830078125,-2.7769480194244633,118.5826416015625,-1.7283269959573189,289.692626953125,-1.6145533359997466,474.0899963378906,-2.1041551307284467,163.27999877929688,-4.234604821526755,163.47689819335938,-2.192663332786182,5123.41015625,-1.455068829580164,17.309999465942383,16.09657708311001,-1.455068829580164,17.309999465942383,2024-04-12,2024,2,4
2024-04-15,406.5067138671875,-1.9578023829258218,170.97503662109375,-2.1863344819835095,85.85243225097656,-2.4777211531095023,128.24229431152344,-2.4834983421762935,117.37831115722656,-1.0156043313510277,268.609375,-7.2778006726890165,470.1000061035156,-0.8416102987187424,160.32000732421875,-1.8128316249433007,162.09303283691406,-0.8465204391194692,5061.81982421875,-1.202135494776202,19.229999542236328,11.091855202373434,-1.202135494776202,19.229999542236328,2024-04-15,2024,2,4
2024-04-16,407.4304504394531,0.22723771607064958,167.69789123535156,-1.9167391044371151,87.26399230957031,1.644170143563639,130.03968811035156,1.4015608567185645,118.10286712646484,0.6172826666996034,273.04852294921875,1.6526407349775951,476.2200012207031,1.301849614492423,163.4600067138672,1.9585823641451894,160.89051818847656,-0.7418669559026481,5051.41015625,-0.20565070133361507,18.399999618530277,-4.3161723529065,-0.20565070133361507,18.399999618530277,2024-04-16,2024,2,4
2024-04-17,404.7377624511719,-0.6608951258741058,166.33160400390625,-0.8147313131849909,83.88983154296875,-3.866612880409681,125.496826171875,-3.4934426593068224,116.19356536865234,-1.6166430199937576,271.9756774902344,-0.3929138482041572,474.4500122070313,-0.3716746480901256,154.02000427246094,-5.77511443391211,156.82484436035156,-2.5269816232192377,5022.2099609375,-0.5780602724641426,18.209999084472656,-1.0326116195473967,-0.5780602724641426,18.209999084472656,2024-04-17,2024,2,4
2024-04-18,397.29827880859375,-1.8380997111619002,165.381103515625,-0.5714491205525363,84.52473449707031,0.756829454087482,123.18379974365234,-1.8430955576954844,113.57927703857422,-2.249942431651575,267.6448669433594,-1.5923521495890047,473.1799926757813,-0.26768247414351576,155.0800018310547,0.6882207045771915,154.07620239257812,-1.7526827327547734,5011.1201171875,-0.2208160119998248,18.0,-1.1532075509642303,-0.2208160119998248,18.0,2024-04-18,2024,2,4
2024-04-19,392.237060546875,-1.2739089323256514,163.36138916015625,-1.2212485662111527,76.06836700439453,-10.004606986335919,117.87286376953124,-4.311391583287138,112.48265075683594,-0.9655161666206391,266.11920166015625,-0.5700334553869868,465.0199890136719,-1.7245031041920211,146.63999938964844,-5.442353844308601,150.44000244140625,-2.3600010220313106,4967.22998046875,-0.875854812743615,18.709999084472656,3.9444393581814285,-0.875854812743615,18.709999084472656,2024-04-19,2024,2,4
2024-04-22,394.04534912109375,0.46101930595174867,164.19305419921875,0.5090952295019768,79.38062286376953,4.354314401390602,119.80526733398438,1.6393964672237304,112.13996124267578,-0.3046598847505688,269.5050964355469,1.2723226111712727,466.8900146484375,0.40213876369745716,148.63999938964844,1.3638843482845608,152.87364196777344,1.6176811266106261,5010.60009765625,0.8731248071466746,16.940000534057617,-9.460174436266822,0.8731248071466746,16.940000534057617,2024-04-22,2024,2,4
2024-04-23,400.5413818359375,1.648549520843967,165.24253845214844,0.6391770090690585,82.2806167602539,3.653276822306184,122.22493743896484,2.0196692172432584,112.68827056884766,0.48895087896927425,272.3299560546875,1.0481655658842737,472.8999938964844,1.2872366209357278,152.27000427246094,2.442145383287242,153.99029541015625,0.730442101077311,5070.5498046875,1.1964576270872662,15.6899995803833,-7.378990048797274,1.1964576270872662,15.6899995803833,2024-04-23,2024,2,4
2024-04-24,402.0056762695313,0.36557881407459636,167.3414764404297,1.270216499905108,79.53936004638672,-3.331594756824141,122.97148895263672,0.6108013056211892,112.93304443359376,0.21721325876287167,271.8476257324219,-0.17711247387296458,477.1199951171875,0.8923665204417119,151.74000549316406,-0.3480651240729826,156.16632080078125,1.4130925490006385,5071.6298828125,0.02130100613548791,15.970000267028809,1.7845805872141796,0.02130100613548791,15.970000267028809,2024-04-24,2024,2,4
2024-04-25,392.1584777832031,-2.4495172749068317,168.2028350830078,0.5147311120353049,82.4892578125,3.708727055878902,126.65040588378906,2.9916828384255023,112.4924545288086,-0.3901337354313861,268.8456420898437,-1.1042890790346704,473.4400024414063,-0.7712929060701645,153.75999450683594,1.331217174473398,155.8513641357422,-0.2016802748659563,5048.419921875,-0.4576430353515626,15.369999885559082,-3.757046784203688,-0.4576430353515626,15.369999885559082,2024-04-25,2024,2,4
2024-04-26,399.3128967285156,1.8243693176684728,167.61868286132812,-0.34729035416758425,87.58344268798828,6.175573657199673,131.50830078125,3.8356725851462325,114.76403045654295,2.0193140395497577,269.9775695800781,0.421032485940831,477.55999755859375,0.8702253920120251,157.39999389648438,2.3673253900165836,158.1037139892578,1.445190977958899,5099.9599609375,1.020914263474304,15.029999732971191,-2.2121025056567434,1.020914263474304,15.029999732971191,2024-04-26,2024,2,4
2024-04-29,395.3131103515625,-1.001667216291413,171.7769775390625,2.4808062005680753,87.60540008544922,0.02507026075597718,130.97508239746094,-0.40546367082638923,114.05904388427734,-0.6142922738606393,271.4047241210937,0.5286196713435665,473.0700073242188,-0.9401939562209805,160.1999969482422,1.7789092505297477,161.48223876953125,2.13690412136871,5116.169921875,0.31784486665891176,14.670000076293944,-2.3952073391426576,0.31784486665891176,14.670000076293944,2024-04-29,2024,2,4
2024-04-30,382.6159057617188,-3.211936122875292,168.63845825195312,-1.8270895972632095,86.25273132324219,-1.54404724011038,127.2227783203125,-2.8648991918642785,111.37623596191406,-2.3521220510012486,264.711669921875,-2.46607873937833,462.8299865722656,-2.164588875518203,158.3800048828125,-1.1360749688513971,158.28504943847656,-1.9799015392756192,5035.68994140625,-1.5730513586862171,15.649999618530272,6.6802967766848464,-1.5730513586862171,15.649999618530272,2024-04-30,2024,2,4
2024-05-01,388.129150390625,1.4409345105322657,167.61868286132812,-0.6047110494223129,82.89753723144531,-3.8899569211586993,121.60559844970705,-4.415231253999908,112.23786163330078,0.773617158045603,264.4656066894531,-0.09295518875103159,469.3900146484375,1.4173731751383922,144.27000427246094,-8.90895326136133,156.62440490722656,-1.0491480636618644,5018.39013671875,-0.34354388154940185,15.390000343322754,-1.6613372622684808,-0.34354388154940185,15.390000343322754,2024-05-01,2024,2,5
2024-05-02,390.9790954589844,0.7342775118774458,171.31166076660156,2.203201840172353,85.66874694824219,3.342933709912055,121.18585205078124,-0.34517029172748126,112.56097412109376,0.28788189929049857,267.8515014648437,1.280277922628481,476.5700073242188,1.5296432501145096,146.16000366210938,1.3100432062641998,171.8850555419922,9.743469189111998,5064.2001953125,0.9128437077573048,14.68000030517578,-4.61338546009209,0.9128437077573048,14.68000030517578,2024-05-02,2024,2,5
2024-05-03,399.6470642089844,2.216990332903701,181.55886840820312,5.98161712737264,88.63560485839844,3.4631741630920754,125.0545654296875,3.192380392131189,113.38345336914062,0.7306966330639986,269.3574523925781,0.5622335209989782,486.1799926757813,2.0164897504816537,150.60000610351562,3.037768425123044,171.44602966308594,-0.25541829539624805,5127.7900390625,1.2556739721478527,13.489999771118164,-8.106270499449874,1.2556739721478527,13.489999771118164,2024-05-03,2024,2,5
2024-05-06,406.4084167480469,1.6918309039614998,179.9054718017578,-0.9106669483794905,91.98082733154295,3.7741294578953255,128.20513916015625,2.519359225025797,115.87043762207033,2.1934278583250366,271.2964782714844,0.7198708859483149,493.5899963378906,1.5241276427947925,155.77999877929688,3.439570030442596,173.55523681640625,1.2302455515972976,5180.740234375,1.032612390701182,13.489999771118164,0.0,1.032612390701182,13.489999771118164,2024-05-06,2024,2,5
2024-05-07,402.2808532714844,-1.0156195852413674,180.58859252929688,0.3797109230184059,90.3975601196289,-1.7213013383834852,127.50066375732422,-0.5494907672554228,115.46900177001952,-0.3464523482341164,272.8221130371094,0.562349638795645,492.2699890136719,-0.2674299183557882,154.42999267578125,-0.8666106779396388,171.93276977539062,-0.9348418813382997,5187.7001953125,0.13434298232750663,13.229999542236328,-1.927355324634561,0.13434298232750663,13.229999542236328,2024-05-07,2024,2,5
2024-05-08,403.4601745605469,0.2931586923592855,180.9252166748047,0.186403881215913,90.2558135986328,-0.1568034809883434,129.67864990234375,1.7082155345990557,114.94027709960938,-0.45789316812767655,274.583984375,0.6457949167965715,488.1000061035156,-0.8470926530604439,153.6199951171875,-0.5245079304603162,172.31451416015625,0.2220311958356369,5187.669921875,-0.0005835618166138978,13.0,-1.7384697671535276,-0.0005835618166138978,13.0,2024-05-08,2024,2,5
2024-05-09,405.20947265625,0.43357392030289876,182.73704528808597,1.0014240394902396,88.59369659423828,-1.8415622641062668,127.75113677978516,-1.486376611732254,114.20592498779295,-0.6388988528190365,270.8437805175781,-1.3621347457446253,482.6499938964844,-1.1165769594101205,152.38999938964844,-0.8006742394443989,172.30499267578125,-0.00552564270132061,5214.080078125,0.5090947698625836,12.6899995803833,-2.3846186124361513,0.5090947698625836,12.6899995803833,2024-05-09,2024,2,5
2024-05-10,407.5877380371094,0.5869224540258733,181.4779510498047,-0.6890196983848074,89.72273254394531,1.2743976074031993,130.40562438964844,2.0778583085636626,114.23528289794922,0.025706118276613843,272.3201904296875,0.5451149401651367,482.2900085449219,-0.0745851768600092,151.9199981689453,-0.3084199898848783,173.7747344970703,0.8529885283443894,5222.68017578125,0.1649398844549843,12.550000190734863,-1.1032261172400193,0.1649398844549843,12.550000190734863,2024-05-10,2024,2,5
2024-05-13,406.5852966308594,-0.2459449371754019,184.68020629882807,1.7645423207057087,90.24283599853516,0.5796785717990804,130.86648559570312,0.35340592724562025,113.94155883789062,-0.2571220139761854,273.1567687988281,0.3072039454072861,483.1099853515625,0.17001737380264448,150.55999755859375,-0.8952084167610064,175.80758666992188,1.1698203301733878,5221.419921875,-0.024130405535727206,13.600000381469728,8.36653525718698,-0.024130405535727206,13.600000381469728,2024-05-13,2024,2,5
2024-05-14,409.3763122558594,0.6864526701106932,185.8203582763672,0.6173655533469935,91.19818878173828,1.0586466755307056,135.02679443359375,3.17904833995728,118.34765625,3.866980105457496,272.44805908203125,-0.2594516401381308,475.9500122070313,-1.4820586122476498,153.16000366210938,1.7268903730579321,180.3504943847656,2.5840225674521156,5246.68017578125,0.4837813139759728,13.420000076293944,-1.3235316185802426,0.4837813139759728,13.420000076293944,2024-05-14,2024,2,5
2024-05-15,416.5338439941406,1.7483990949158201,188.09066772460935,1.221776488486559,94.46653747558594,3.583786846545478,140.51971435546875,4.068022161761697,119.09178924560548,0.6287686796547565,283.01922607421875,3.880066911764879,485.3500061035156,1.9749960406336697,159.6699981689453,4.250453350208727,185.7332000732422,2.9845805007847392,5308.14990234375,1.1715927882596233,12.449999809265137,-7.228019832446087,1.1715927882596233,12.449999809265137,2024-05-15,2024,2,5
2024-05-16,414.4761657714844,-0.49400024807713105,188.2096405029297,0.06325288742901058,94.19599151611328,-0.286393432746046,138.1675262451172,-1.6739203613816755,119.61073303222656,0.43575110417632956,280.20416259765625,-0.9946545030210308,482.8800048828125,-0.5089113401960721,162.6199951171875,1.8475587036212104,184.454345703125,-0.6885437657957127,5297.10009765625,-0.20816677921287052,12.420000076293944,-0.24096171430354474,-0.20816677921287052,12.420000076293944,2024-05-16,2024,2,5
2024-05-17,413.708251953125,-0.18527333578518546,188.2393798828125,0.015801199026443946,92.3192367553711,-1.9923934453422554,136.5198516845703,-1.1925194040340648,120.92276763916016,1.0969204632999663,281.1195678710937,0.3266922464502775,483.4299926757813,0.11389740461551501,164.47000122070312,1.1376252361725125,185.01742553710935,0.30526786009725804,5303.27001953125,0.11647735102702228,11.989999771118164,-3.4621602458483114,0.11647735102702228,11.989999771118164,2024-05-17,2024,2,5
2024-05-20,418.75885009765625,1.2208115551689547,189.3993682861328,0.6162304635950466,94.61627197265624,2.488143639414897,138.3534393310547,1.3430923223685332,121.92147827148438,0.8259078516168472,282.556640625,0.5111962730980357,484.6900024414063,0.2606395516858262,166.3300018310547,1.1309056949878826,188.7395172119141,2.011751954714236,5308.1298828125,0.09163899374069473,12.149999618530272,1.334444123990064,0.09163899374069473,12.149999618530272,2024-05-20,2024,2,5
2024-05-21,422.4016418457031,0.8699020324459683,190.69810485839844,0.6857132544938471,95.22122192382812,0.6393720007766834,136.9024200439453,-1.0487771710809057,122.02919006347656,0.08834521490326264,279.2986755371094,-1.1530307978903531,481.8500061035156,-0.5859407711290676,164.66000366210938,-1.0040270249269678,191.68858337402344,1.5625059371102257,5321.41015625,0.2501874243978186,11.859999656677246,-2.3868310366918832,0.2501874243978186,11.859999656677246,2024-05-21,2024,2,5
2024-05-22,423.8587341308594,0.34495421911464597,189.26052856445312,-0.7538492818335962,94.78597259521484,-0.4570927780799261,136.221435546875,-0.49742327188352364,121.9998016357422,-0.024083112998685152,279.3577575683594,0.02115370978268416,483.9299926757813,0.43166681455200084,165.52000427246094,0.5222887108130569,193.67372131347656,1.035605722840427,5307.009765625,-0.2706123039226127,12.289999961853027,3.625635055846632,-0.2706123039226127,12.289999961853027,2024-05-22,2024,2,5
2024-05-23,420.3931884765625,-0.8176180824498336,185.2750701904297,-2.1058053701177193,103.61968994140624,9.319646256008717,136.3241729736328,0.07541942745308283,121.50045013427734,-0.40930517490166407,274.1903076171875,-1.8497606782612364,483.30999755859375,-0.12811669592112107,160.42999267578125,-3.0751640075486364,192.5570526123047,-0.5765721304876736,5267.83984375,-0.7380789485015526,12.770000457763672,3.905618367782915,-0.7380789485015526,12.770000457763672,2024-05-23,2024,2,5
2024-05-24,423.5043029785156,0.740048741804622,188.34844970703125,1.6588197826305828,106.28507232666016,2.572274040542988,137.7477569580078,1.0442637965977886,120.34508514404295,-0.9509141644804875,268.0090026855469,-2.2543849143897177,475.4299926757813,-1.6304245562098307,166.36000061035156,3.696321264911151,200.7647857666016,4.262494176633669,5304.72021484375,0.700104258816947,11.93000030517578,-6.57791795204834,0.700104258816947,11.93000030517578,2024-05-24,2024,2,5
2024-05-28,423.661865234375,0.03720440494965338,188.3583526611328,0.005257783707257602,113.70423889160156,6.980440811235544,138.19883728027344,0.32746836117494293,121.89210510253906,1.2854866126393638,265.5876770019531,-0.9034493839129243,478.4299926757813,0.6310077290487381,171.61000061035156,3.1558066727209066,203.36073303222656,1.2930291812444095,5306.0400390625,0.02488018529340774,12.920000076293944,8.298405245544348,0.02488018529340774,12.920000076293944,2024-05-28,2024,2,5
2024-05-29,422.5296630859375,-0.2672419307343521,188.65576171875,0.15789533801680022,114.62663269042967,0.8112219982471025,136.0678253173828,-1.5419897915413316,121.15776824951172,-0.6024482491377103,267.3494873046875,0.6633629702335275,477.6000061035156,-0.1734813002888247,165.13999938964844,-3.7701772610522655,198.7605743408203,-2.262068307295717,5266.9501953125,-0.7367046509680453,14.279999732971191,10.526313070017878,-0.7367046509680453,14.279999732971191,2024-05-29,2024,2,5
2024-05-30,408.25396728515625,-3.3786257032273115,189.64720153808597,0.5255285130459031,110.30909729003906,-3.76660754926903,133.4661865234375,-1.9120161492086063,114.64653778076172,-5.37417498095607,214.58238220214844,-19.737125974886382,445.8699951171875,-6.643637056288254,166.75,0.9749307353167369,196.2594451904297,-1.2583628109777312,5235.47998046875,-0.5975035585443322,14.470000267028809,1.330535977664793,-0.5975035585443322,14.470000267028809,2024-05-30,2024,2,5
2024-05-31,408.7068481445313,0.11093115944142973,190.59893798828125,0.5018457654405006,109.44361114501952,-0.784600877245778,129.9897918701172,-2.6047006690416152,114.74445343017578,0.08540654720974317,230.75405883789065,7.5363487299286325,444.760009765625,-0.24894820546754737,166.89999389648438,0.08995136220952826,195.5406951904297,-0.36622441243661097,5277.509765625,0.802787620486467,12.920000076293944,-10.711818674023654,0.802787620486467,12.920000076293944,2024-05-31,2024,2,5
2024-06-03,407.1217651367188,-0.3878288350216197,192.3636474609375,0.9258758161416081,114.80134582519533,4.895429366887827,129.33912658691406,-0.500551061619714,116.79083251953124,1.7834231007956447,232.8998260498047,0.929893594383735,439.0199890136719,-1.290588323122388,163.5500030517578,-2.007184522010419,197.32313537597656,0.911544363597061,5283.39990234375,0.11160825806737495,13.109999656677246,1.4705849788029024,0.11160825806737495,13.109999656677246,2024-06-03,2024,2,6
2024-06-04,409.6322937011719,0.6166529965820011,192.68089294433597,0.1649196652204754,116.23585510253906,1.2495578924031303,130.2119140625,0.6748054503054268,117.56434631347656,0.6623069441824336,231.16748046875,-0.7438157470689655,448.3699951171875,2.1297449632126986,159.99000549316406,-2.176702838377287,195.84735107421875,-0.7479023171539811,5291.33984375,0.15028090913065117,13.15999984741211,0.3813897181103032,0.15028090913065117,13.15999984741211,2024-06-04,2024,2,6
2024-06-05,417.449462890625,1.9083381143664813,194.1878662109375,0.7821083053818345,122.22848510742188,5.155577854695803,138.261474609375,6.1818924979563095,120.0709228515625,2.1320890360776,232.8112030029297,0.7110526665976558,455.7999877929688,1.6571119291422187,166.1699981689453,3.862736710791159,203.06336975097656,3.68451175733453,5354.02978515625,1.1847649793331305,12.630000114440918,-4.027353640702469,1.1847649793331305,12.630000114440918,2024-06-05,2024,2,6
2024-06-06,417.95159912109375,0.12028671135224656,192.80978393554688,-0.7096644616784054,120.78897857666016,-1.1777177222613844,137.10498046875,-0.8364543658256229,120.92276763916016,0.7094513537226232,238.9432830810547,2.6339282642029227,458.1300048828125,0.5111928811419864,166.77999877929688,0.36709431129160475,200.7059326171875,-1.1609366754230743,5352.9599609375,-0.019981663563317653,12.579999923706056,-0.39588432527163375,-0.019981663563317653,12.579999923706056,2024-06-06,2024,2,6
2024-06-07,417.2919921875,-0.15781897592468397,195.1990966796875,1.2392072100134266,120.6791763305664,-0.09090419290537222,137.63038635253906,0.3832142946176953,123.2922592163086,1.9595082244719508,238.04759216308597,-0.374855031043031,465.4299926757813,1.593431496554376,167.8699951171875,0.6535533912151115,198.0035400390625,-1.346443796098118,5346.990234375,-0.11152197300303701,12.220000267028809,-2.8616825028659587,-0.11152197300303701,12.220000267028809,2024-06-07,2024,2,6
2024-06-10,421.2497253417969,0.9484325672174831,191.4614715576172,-1.9147758292158423,121.57959747314452,0.7461280147551319,140.9404296875,2.40502364534696,121.9019012451172,-1.1276928332962899,238.0377349853516,-0.004140843284661244,459.9400024414063,-1.1795523109313977,160.33999633789062,-4.485613271174693,200.6196746826172,1.321256500282053,5360.7900390625,0.25808546645145203,12.739999771118164,4.2553149977613725,0.25808546645145203,12.739999771118164,2024-06-10,2024,2,6
2024-06-11,425.98529052734375,1.1241705099521493,205.3709716796875,7.264908186963592,120.71104431152344,-0.7143905553832153,142.95205688476562,1.4272889629511676,121.29483032226562,-0.4979995526328107,237.2010955810547,-0.35147343523008745,462.6900024414063,0.5979040712707606,158.9600067138672,-0.8606646223911163,199.8242950439453,-0.39646143377023435,5375.31982421875,0.27103813151374556,12.850000381469728,0.8634270983343129,0.27103813151374556,12.850000381469728,2024-06-11,2024,2,6
2024-06-12,434.2356262207031,1.936765394679707,211.2401428222656,2.857838717212724,124.99398803710938,3.5480959923872346,146.32569885253906,2.3599814100562,137.45050048828125,13.31933943358672,232.09271240234372,-2.153608593669154,459.8699951171875,-0.6094809287728098,160.24000549316406,0.8052332191963885,206.4077911376953,3.2946424719287215,5421.02978515625,0.8503672791998707,12.039999961853027,-6.303505023896793,0.8503672791998707,12.039999961853027,2024-06-12,2024,2,6
2024-06-13,434.7475891113281,0.11789978981706639,212.40008544921875,0.5491108893677987,129.39671325683594,3.522349585661222,164.27801513671875,12.268737771258674,136.93157958984375,-0.37753292755871026,225.42913818359372,-2.8710829175878527,458.739990234375,-0.2457226813687985,159.89999389648438,-0.2121889572040736,208.72686767578125,1.1235411828707909,5433.740234375,0.23446558536817097,11.9399995803833,-0.8305679550378975,0.23446558536817097,11.9399995803833,2024-06-13,2024,2,6
2024-06-14,435.7222900390625,0.2241992715190877,210.6651306152344,-0.8168333973665676,131.66299438476562,1.7514209371233491,169.7621307373047,3.3383137701181953,135.24746704101562,-1.2298934649498716,228.2933807373047,1.270573350361781,525.3099975585938,14.511489894353314,159.6300048828125,-0.1688486704049863,206.3502960205078,-1.138603612336575,5431.60009765625,-0.0393860697500914,12.65999984741211,6.0301532021133974,-0.0393860697500914,12.65999984741211,2024-06-14,2024,2,6
2024-06-17,441.43255615234375,1.310528803281863,214.8092193603516,1.9671450766506338,130.7644805908203,-0.6824345733164261,178.94276428222656,5.407939630027547,138.36109924316406,2.3021741332901913,226.8563537597656,-0.6294650212362751,518.739990234375,-1.2506914687999915,158.39999389648438,-0.7705387137155739,212.9529571533203,3.199734267478971,5473.22998046875,0.7664386564552705,12.75,0.7109016877775653,0.7664386564552705,12.75,2024-06-17,2024,2,6
2024-06-18,439.4339904785156,-0.45274541851834105,212.44967651367188,-1.0984364887623776,135.3568878173828,3.5119683921911227,176.36459350585938,-1.4407795625091202,141.62161254882812,2.356524574825647,228.1654357910156,0.577053280436779,522.25,0.6766414449826952,154.6300048828125,-2.380043660945841,217.6198883056641,2.191531507582556,5487.02978515625,0.2521327394745754,12.300000190734863,-3.5294102687461693,0.2521327394745754,12.300000190734863,2024-06-18,2024,2,6
2024-06-20,438.8038940429688,-0.14338818780510465,207.87924194335935,-2.1513022026269812,130.56480407714844,-3.5403323890688343,169.71517944335938,-3.7702658625066277,139.92771911621094,-1.1960698668313507,237.9983673095703,4.309562263217215,522.9500122070312,0.13403776103997345,161.77999877929688,4.623936927314376,206.48443603515625,-5.116927665575877,5473.169921875,-0.25259318472709014,13.279999732971191,7.967475829590032,-0.25259318472709014,13.279999732971191,2024-06-20,2024,2,6
2024-06-21,442.8207702636719,0.9154148983713695,205.7080841064453,-1.044432246633653,126.36173248291016,-3.2191459436149095,162.2859649658203,-4.377460225953733,138.54713439941406,-0.9866413356243497,241.2071075439453,1.34821943135488,533.4400024414062,2.0059259947434738,161.22999572753906,-0.3399697465124474,203.6670684814453,-1.3644454796734706,5464.6201171875,-0.1562130321101196,13.199999809265137,-0.6024090761646117,-0.1562130321101196,13.199999809265137,2024-06-21,2024,2,6
2024-06-24,440.743408203125,-0.4691202852363796,206.35247802734372,0.31325648853204324,117.91564178466795,-6.684057374240648,156.28182983398438,-3.699725440274826,136.97073364257812,-1.137808272736529,236.1676025390625,-2.0892854510784598,524.1699829101562,-1.737781097934854,160.25,-0.6078246936104592,192.464599609375,-5.500383029812639,5447.8701171875,-0.3065171894990004,13.329999923706056,0.9848493660558288,-0.3065171894990004,13.329999923706056,2024-06-24,2024,2,6
2024-06-25,443.97265625,0.7326820972865855,207.2745056152344,0.4468216697492311,125.88251495361328,6.756417595126241,155.16091918945312,-0.717236703538715,136.2657470703125,-0.5146986903824757,237.95899963378903,0.7585278740466661,526.8800048828125,0.5170120497191455,160.25,0.0,193.73910522460935,0.6622026169077699,5469.2998046875,0.39335900157368986,12.84000015258789,-3.675917283740948,0.39335900157368986,12.84000015258789,2024-06-25,2024,2,6
2024-06-26,445.1639099121094,0.2683168986512108,211.41860961914065,1.9993312692295095,126.19202423095705,0.24587153939354955,156.26121520996094,0.7091321875738243,135.3453826904297,-0.6754187311708737,239.32716369628903,0.5749578980436043,528.6599731445312,0.33783181089110936,157.5399932861328,-1.6911118339264841,189.1009521484375,-2.3940200770487974,5477.89990234375,0.15724312002203256,12.550000190734863,-2.2585666542580096,0.15724312002203256,12.550000190734863,2024-06-26,2024,2,6
2024-06-27,445.8432922363281,0.15261397186328018,212.2613067626953,0.3985917536174943,123.78598022460938,-1.906652992541047,155.73709106445312,-0.3354153779001168,137.2546844482422,1.4106885065887864,248.87461853027344,3.9892900941659537,546.760009765625,3.4237577158400256,159.47000122070312,1.2250907812754175,187.01182556152344,-1.1047678835980568,5482.8701171875,0.09073212238914774,12.239999771118164,-2.4701228279307874,0.09073212238914774,12.239999771118164,2024-06-27,2024,2,6
2024-06-28,440.0344848632813,-1.3028809615840853,208.8111572265625,-1.6254255609525758,123.33672332763672,-0.3629303545987006,157.58924865722656,1.1892848261862765,138.25338745117188,0.7276276266594772,253.05783081054688,1.6808513077698928,555.5399780273438,1.6058175625321303,162.2100067138672,1.7181949408603625,190.8737945556641,2.065093468043888,5460.47998046875,-0.4083652583445674,12.4399995803833,1.633985400367921,-0.4083652583445674,12.4399995803833,2024-06-28,2024,2,6
2024-07-01,449.6632080078125,2.188174671701648,214.88853454589844,2.91046580080101,124.09546661376952,0.6151803499086395,161.05113220214844,2.196776477088136,140.10397338867188,1.3385465424155196,252.18179321289065,-0.34618078992073587,560.010009765625,0.8046282743059852,157.69000244140625,-2.786513831069659,191.6883544921875,0.42675315300333416,5475.08984375,0.26755639309195,12.220000267028809,-1.7684832859754307,0.26755639309195,12.220000267028809,2024-07-01,2024,3,7
2024-07-02,452.1737060546875,0.5583063061791238,218.3783264160156,1.6240009628674557,122.46814727783205,-1.3113447093134223,162.6883544921875,1.0165853959871907,140.2899932861328,0.13277274938154893,252.16212463378903,-0.007799365232130651,567.7100219726562,1.3749776026778182,164.30999755859375,4.198107054787648,191.8129425048828,0.06499508696047318,5509.009765625,0.6195317856513505,12.029999732971191,-1.5548324869538943,0.6195317856513505,12.029999732971191,2024-07-02,2024,3,7
2024-07-03,453.64068603515625,0.32442841342290585,219.64730834960935,0.5810933504345694,128.06890869140625,4.573239277367591,169.72991943359375,4.328253834385176,141.36703491210938,0.7677251960372278,256.8473205566406,1.8580093777587736,570.1500244140625,0.4297973167582736,163.89999389648438,-0.24953056308284483,195.31069946289065,1.8235249990593339,5537.02001953125,0.5084444409779065,12.09000015258789,0.49875661636344937,0.5084444409779065,12.09000015258789,2024-07-03,2024,3,7
2024-07-05,460.3256530761719,1.4736259878809888,224.39617919921875,2.162043726049534,125.62295532226562,-1.9098728911904561,167.18673706054688,-1.4983701055970244,141.80764770507812,0.3116800131251818,259.0520935058594,0.8583982672821122,578.3400268554688,1.4364644550919792,171.89999389648438,4.881025197019007,197.16978454589844,0.9518603374624623,5567.18994140625,0.5448765178485582,12.479999542236328,3.225801362500036,0.5448765178485582,12.479999542236328,2024-07-05,2024,3,7
2024-07-08,459.0260620117188,-0.28231993063354555,225.86346435546875,0.6538815239573781,127.98902130126952,1.8834662605525576,171.3632049560547,2.498085654961546,142.0034942626953,0.13810719011748684,253.32354736328125,-2.211349101661886,575.4000244140625,-0.5083518872784132,178.69000244140625,3.9499760244382065,199.22056579589844,1.0401092919603006,5572.85009765625,0.10166989647510949,12.369999885559082,-0.8814075377564845,0.10166989647510949,12.369999885559082,2024-07-08,2024,3,7
2024-07-09,452.42974853515625,-1.4370237384024986,226.7160797119141,0.37749148977166413,131.16383361816406,2.4805348807390715,170.13134765625,-0.7188575284411747,137.74423217773438,-2.999406533674187,248.84799194335935,-1.7667348600261312,566.02001953125,-1.6301710957284499,177.10000610351562,-0.8898071051356093,198.4826812744141,-0.37038571722575186,5576.97998046875,0.07410719362856977,12.510000228881836,1.131773198205055,0.07410719362856977,12.510000228881836,2024-07-09,2024,3,7
2024-07-10,459.0359191894531,1.460153908023476,230.9791412353516,1.880352522350659,134.68801879882812,2.6868574083641406,171.2483673095703,0.656563101808394,139.1052703857422,0.9880908888087792,249.00572204589844,0.06338411706974245,564.5499877929688,-0.2597137358319346,183.9600067138672,3.8735179977023027,200.09263610839844,0.811131139325183,5633.91015625,1.0208065293514812,12.850000381469728,2.7178269094107144,1.0208065293514812,12.850000381469728,2024-07-10,2024,3,7
2024-07-11,447.6646728515625,-2.4772018621047165,225.6156311035156,-2.322075535977053,127.1903839111328,-5.5666680336978525,167.44586181640625,-2.220462333687634,140.17550659179688,0.769371428621568,247.5565643310547,-0.5819776762305162,557.6300048828125,-1.2257520254688181,181.94000244140625,-1.098067079114029,191.51585388183597,-4.286405733550369,5584.5400390625,-0.8763028841120457,12.920000076293944,0.5447446906317488,-0.8763028841120457,12.920000076293944,2024-07-11,2024,3,7
2024-07-12,446.5323791503906,-0.25293344993235767,228.5601043701172,1.305083895206982,129.02735900878906,1.444271996961466,166.92762756347656,-0.3094936162100548,142.14910888671875,1.4079508916412742,250.3661346435547,1.13492054637776,559.0499877929688,0.25464607315286436,181.6100006103516,-0.18137948039268492,193.98825073242188,1.2909619754567947,5615.35009765625,0.5517027074430692,12.460000038146973,-3.5603717912586874,0.5517027074430692,12.460000038146973,2024-07-12,2024,3,7
2024-07-15,446.93603515625,0.09039792514653477,232.38694763183597,1.6743268788159904,128.22865295410156,-0.6190206951636412,168.25563049316406,0.7955561036069314,140.47987365722656,-1.1742846948287422,249.2718811035156,-0.43706132284901944,565.7100219726562,1.1913128208767443,179.8300018310547,-0.9801215645144579,199.49842834472656,2.840469766339182,5631.22021484375,0.28262026252154904,13.119999885559082,5.29694899993165,0.28262026252154904,13.119999885559082,2024-07-15,2024,3,7
2024-07-16,442.5647583007813,-0.9780542430284145,232.8033447265625,0.17918265159462266,126.15206909179688,-1.6194382569455712,166.25331115722656,-1.1900459616528858,140.02821350097656,-0.3215123593804381,252.3968963623047,1.2536573499404735,566.5399780273438,0.14671050935131102,177.5500030517578,-1.2678634021473623,200.89761352539065,0.7013514804469212,5667.2001953125,0.6389375498743188,13.1899995803833,0.5335342639847473,0.6389375498743188,13.1899995803833,2024-07-16,2024,3,7
2024-07-17,436.6576232910156,-1.3347504289419776,226.9143829345703,-2.529586419348495,117.79583740234376,-6.623935500711086,153.1006317138672,-7.911228565499561,136.73887634277344,-2.349053148621494,247.65516662597656,-1.8786798905488844,563.0900268554688,-0.6089510547671373,159.42999267578125,-10.205581562673572,183.6099090576172,-8.605231373536714,5588.27001953125,-1.3927543241993745,14.479999542236328,9.780136488947022,-1.3927543241993745,14.479999542236328,2024-07-17,2024,3,7
2024-07-18,433.5563354492188,-0.7102332986706927,222.25473022460935,-2.0534849530911226,120.8907470703125,2.6273506230935384,157.55685424804688,2.910649345005978,135.53114318847656,-0.8832405140359323,243.840087890625,-1.5404801714124172,556.8499755859375,-1.1081800372807704,155.77000427246094,-2.2956711857619605,183.4757232666016,-0.0730819985175657,5544.58984375,-0.7816403936922511,15.93000030517578,10.013817740186948,-0.7816403936922511,15.93000030517578,2024-07-18,2024,3,7
2024-07-19,430.34674072265625,-0.7402947354550826,222.3835906982422,0.05797873165742651,117.73595428466795,-2.6096230374105134,154.4453887939453,-1.9748207521350203,136.05152893066406,0.3839602691639854,244.1161193847656,0.11320185147916106,551.0,-1.0505478750864494,151.5800018310547,-2.6898647534716713,178.44467163085938,-2.742080285156734,5505.0,-0.7140265531926926,16.520000457763672,3.7037045906157084,-0.7140265531926926,16.520000457763672,2024-07-19,2024,3,7
2024-07-22,436.0865478515625,1.3337633553974992,222.03662109375,-0.15602302463179063,123.33672332763672,4.757059198269165,158.0869140625,2.357807699531289,137.6323699951172,1.161942888020584,250.4745635986328,2.6046801947745557,554.8200073242188,0.6932862657384353,155.8699951171875,2.830184215800635,186.83935546875,4.704362288416397,5564.41015625,1.079203564940956,14.90999984741211,-9.745766136434542,1.079203564940956,14.90999984741211,2024-07-22,2024,3,7
2024-07-23,437.9669799804688,0.431206176427712,223.07760620117188,0.4688348716054058,122.3882827758789,-0.7689847161241103,160.7468719482422,1.6825920738072986,140.5191650390625,2.0974680912983823,252.42648315429688,0.7792885343806288,546.010009765625,-1.587901921757029,154.0,-1.1997146184431373,185.28692626953125,-0.8308898279615451,5555.740234375,-0.1558102589770738,14.720000267028809,-1.2743097406287318,-0.1558102589770738,14.720000267028809,2024-07-23,2024,3,7
2024-07-24,422.2637939453125,-3.5854725933577414,216.6631774902344,-2.8754247547164935,114.06199645996094,-6.803172760553656,148.5463104248047,-7.58992158016355,136.2577362060547,-3.032631763662408,246.23562622070312,-2.4525385990540327,531.0399780273438,-2.7417137910543343,144.6300048828125,-6.084412413758122,173.51902770996094,-6.351175874358184,5427.1298828125,-2.314909375473495,18.040000915527344,22.554351822499452,-2.314909375473495,18.040000915527344,2024-07-24,2024,3,7
2024-07-25,411.9262390136719,-2.448127232281594,215.6221618652344,-0.48047648754109273,112.0952377319336,-1.7242892366150508,146.50469970703125,-1.3743934211054798,135.32493591308594,-0.684585197832821,252.87994384765625,2.698357556512865,532.1500244140625,0.20903254606974286,138.32000732421875,-4.3628551099797575,168.0758819580078,-3.1369157744771448,5399.22021484375,-0.5142620237842288,18.459999084472656,2.3281493771090345,-0.5142620237842288,18.459999084472656,2024-07-25,2024,3,7
2024-07-26,418.6899719238281,1.6419767107702432,216.0881500244141,0.21611329519595213,112.87393951416016,0.6946787374578323,148.83096313476562,1.5878421868965598,136.49339294433594,0.8634454717203477,258.98211669921875,2.4130711035109442,542.4400024414062,1.9336611021814276,139.99000549316406,1.2073438985806817,172.54156494140625,2.6569445487212517,5459.10009765625,1.1090468702846357,16.389999389648438,-11.213433355830272,1.1090468702846357,16.389999389648438,2024-07-26,2024,3,7
2024-07-29,420.1274108886719,0.3433182214130692,216.3657684326172,0.12847461009395378,111.40637969970705,-1.3001759491782505,147.44699096679688,-0.929895324748764,135.80604553222656,-0.50357559240225,254.92059326171875,-1.5682640520762514,536.6099853515625,-1.0747763925234244,139.75,-0.17144473444269392,171.19036865234375,-0.7831135005187617,5463.5400390625,0.08133101292933098,16.600000381469727,1.2812751655983723,0.08133101292933098,16.600000381469727,2024-07-29,2024,3,7
2024-07-30,416.3763427734375,-0.8928406045442094,216.92092895507807,0.2565842676882424,103.5593032836914,-7.043650854795946,140.8706817626953,-4.460117606321623,133.2138671875,-1.9087356049340531,254.2699432373047,-0.2552363526574952,538.7100219726562,0.3913525052497757,138.44000244140625,-0.9373864462209336,159.978271484375,-6.549490637956657,5436.43994140625,-0.49601718780302173,17.690000534057617,6.566265828551643,-0.49601718780302173,17.690000534057617,2024-07-30,2024,3,7
2024-07-31,411.8770446777344,-1.0805844697452716,220.1727752685547,1.4990929317613366,116.82743072509766,12.812105741054868,157.71388244628906,11.956498309539732,136.92543029785156,2.7861687290614334,255.12759399414065,0.3372993071522945,551.6500244140625,2.4020348450215057,144.47999572753906,4.362895969096203,173.4040069580078,8.392224362134137,5522.2998046875,1.5793398659167401,16.360000610351562,-7.518371303299154,1.5793398659167401,16.360000610351562,2024-07-31,2024,3,7
2024-08-01,410.65618896484375,-0.2964126621443186,216.48471069335935,-1.6750774798095946,109.03030395507812,-6.67405481882647,144.3060760498047,-8.501348257056907,135.02053833007812,-1.391189323728803,249.4690704345703,-2.2179190698205287,546.4099731445312,-0.9498868916206438,132.5399932861328,-8.26412153549807,157.160888671875,-9.367210464788345,5446.68017578125,-1.3693502993456064,18.59000015258789,13.630803539367387,-1.3693502993456064,18.59000015258789,2024-08-01,2024,3,8
2024-08-02,402.1695861816406,-2.0665956124016116,217.97183227539065,0.6869406976909964,107.09346771240234,-1.7764201074535912,141.16514587402344,-2.1765751392874177,130.86712646484375,-3.0761333917072142,240.50804138183597,-3.5920401022557225,526.1699829101562,-3.704176576041618,132.5,-0.030174504420321657,152.6664581298828,-2.8597640163360194,5346.56005859375,-1.8381860868696753,23.38999938964844,25.82032919667485,-1.8381860868696753,23.38999938964844,2024-08-02,2024,3,8
2024-08-05,389.0359497070313,-3.265696095844872,207.4727783203125,-4.816702160769748,100.2847137451172,-6.357767763735067,139.45724487304688,-1.2098602600536412,125.54525756835938,-4.066620120916342,235.6184234619141,-2.0330371873757858,509.3200073242188,-3.20238252527123,134.82000732421875,1.7509489239386777,151.3631591796875,-0.8536904347951291,5186.330078125,-2.996879838863975,38.56999969482422,64.89953271180455,-2.996879838863975,38.56999969482422,2024-08-05,2024,3,8
2024-08-06,393.4269714355469,1.128693050558005,205.4502868652344,-0.9748225629656382,104.07845306396484,3.7829686870222146,141.26329040527344,1.2950532142454563,125.888916015625,0.2737327191180361,235.03677368164065,-0.2468609082971196,514.2000122070312,0.9581412103659925,130.17999267578125,-3.441636549743743,152.10107421875,0.48751297413560657,5240.02978515625,1.0354085880061037,27.709999084472656,-28.156600197766878,1.0354085880061037,27.709999084472656,2024-08-06,2024,3,8
2024-08-07,392.2652587890625,-0.2952803775108426,208.0180511474609,1.2498226804184664,98.74725341796876,-5.122289473998631,133.75450134277344,-5.315456719829948,123.62074279785156,-1.8017259100808536,236.6337890625,0.679474686383541,513.6199951171875,-0.11279989810856206,128.6699981689453,-1.15992824688248,149.60948181152344,-1.6381162460714638,5199.5,-0.7734647858502863,27.850000381469727,0.5052374652567915,-0.7734647858502863,27.850000381469727,2024-08-07,2024,3,8
2024-08-08,396.4593505859375,1.0691978713134986,211.47808837890625,1.6633350867192531,104.79727172851562,6.1267712276906305,143.04969787597656,6.949445768095885,126.62535095214844,2.4305048540357754,245.5849609375,3.782710791414412,530.239990234375,3.2358543816806584,136.32000732421875,5.945449027852545,158.07125854492188,5.655909392199154,5319.31005859375,2.3042611519136447,23.790000915527344,-14.57809483063327,2.3042611519136447,23.790000915527344,2024-08-08,2024,3,8
2024-08-09,399.7378234863281,0.8269379686833611,214.3829040527344,1.3735776108509068,104.57763671875,-0.20958084704209012,145.52316284179688,1.7290948548278617,129.66920471191406,2.4038265141045123,248.9465789794922,1.3688208061110485,536.2999877929688,1.1428782570539697,134.27000427246094,-1.5038167118654577,157.62086486816406,-0.28493078432080265,5344.16015625,0.46716768495385086,20.3700008392334,-14.37578791374391,0.46716768495385086,20.3700008392334,2024-08-09,2024,3,8
2024-08-12,400.515625,0.19457791281500825,215.91148376464844,0.713013809878249,108.84061431884766,4.076375919224939,145.8765411376953,0.2428330232779663,130.17982482910156,0.39378672701968487,247.743896484375,-0.48310866533990415,530.9299926757812,-1.0013043519330633,136.77000427246094,1.8619199526701324,156.09715270996094,-0.9666944534770683,5344.39013671875,0.004303397765514916,20.709999084472656,1.669112573546916,0.004303397765514916,20.709999084472656,2024-08-12,2024,3,8
2024-08-13,407.604248046875,1.7698742831506298,219.62364196777344,1.7192963238450876,115.94889068603516,6.530904305964191,153.27734375,5.073332939337338,131.8293914794922,1.267144622875449,250.9872131347656,1.3091408896102275,535.219970703125,0.8080119952770248,141.1300048828125,3.1878339359162178,162.4027557373047,4.039537504607771,5434.43017578125,1.6847579753558328,18.1200008392334,-12.506027811373066,1.6847579753558328,18.1200008392334,2024-08-13,2024,3,8
2024-08-14,410.4100646972656,0.6883678626597556,220.0702972412109,0.20337303827382414,117.88570404052734,1.6704026602002209,154.7790985107422,0.9797630386860101,133.1451416015625,0.9980703903006205,251.69700622558597,0.28280049886018066,539.7899780273438,0.8538559049310335,140.75,-0.26925874701700936,160.17950439453125,-1.3689739023700187,5455.2099609375,0.38237284285767004,16.190000534057617,-10.651215318914042,0.38237284285767004,16.190000534057617,2024-08-14,2024,3,8
2024-08-15,415.2626953125,1.1823858702914247,223.0479736328125,1.353056922687701,122.65784454345705,4.048107903982245,163.0633087158203,5.352279658421177,134.45103454589844,0.9808040523505035,259.0610046386719,2.9257393735092174,554.1599731445312,2.6621455940516903,147.36000061035156,4.6962704158803215,166.11135864257812,3.703254214993934,5543.22021484375,1.6133247764330783,15.229999542236328,-5.929592094835401,1.6133247764330783,15.229999542236328,2024-08-15,2024,3,8
2024-08-16,412.7377624511719,-0.6080326718074236,224.3680725097656,0.5918452678374431,124.375,1.399955675834974,162.66087341308594,-0.24679696855393063,134.98126220703125,0.3943648800647903,259.17926025390625,0.045647786859825956,553.4600219726562,-0.12630850400529026,148.55999755859375,0.8143301732301156,164.99974060058594,-0.669200499638356,5554.25,0.1989779357261412,14.800000190734863,-2.8233707447526624,0.1989779357261412,14.800000190734863,2024-08-16,2024,3,8
2024-08-19,415.7558288574219,0.7312309850996623,224.2092437744141,-0.07078936569488992,129.78610229492188,4.350635010992465,164.6141357421875,1.2008187882657895,135.42312622070312,0.32735211276522236,261.6141967773437,0.9394796948845485,563.1199951171875,1.7453786653100822,155.27999877929688,4.523425774864243,166.9929962158203,1.2080356053767671,5608.25,0.9722284736913167,14.649999618530272,-1.0135173666990571,0.9722284736913167,14.649999618530272,2024-08-19,2024,3,8
2024-08-20,418.9811096191406,0.7757632095219069,224.8246307373047,0.2744699337685397,127.04061126708984,-2.115396779227763,162.88662719726562,-1.0494290403027295,136.6505126953125,0.9063344709743681,258.1244506835937,-1.3339284093668913,562.25,-0.15449551156613284,156.39999389648438,0.721274553060347,164.93267822265625,-1.233775092280709,5597.1201171875,-0.19845553982971165,15.880000114440918,8.395908040535804,-0.19845553982971165,15.880000114440918,2024-08-20,2024,3,8
2024-08-21,418.3301086425781,-0.15537716656349732,224.71548461914065,-0.04854722447718007,128.28854370117188,0.9823098469342151,162.7197723388672,-0.1024361921352579,137.66184997558594,0.7400903665311542,257.3851013183594,-0.28643135637723693,565.7899780273438,0.6296092534181952,157.80999755859375,0.9015369035388909,166.9546661376953,1.225947420989204,5620.85009765625,0.4239676828782013,16.270000457763672,2.4559215397492062,0.4239676828782013,16.270000457763672,2024-08-21,2024,3,8
2024-08-22,409.8577880859375,-2.025271521605776,222.85939025878903,-0.8259752831441203,123.53639221191406,-3.704268013461287,159.34326171875,-2.0750463029689747,135.58023071289062,-1.5121250099896844,254.92059326171875,-0.9575177599702167,557.4400024414062,-1.4758083229134078,151.6999969482422,-3.8717449495447642,161.95236206054688,-2.9962050135351137,5570.64013671875,-0.8932805548120926,17.549999237060547,7.867232595473528,-0.8932805548120926,17.549999237060547,2024-08-22,2024,3,8
2024-08-23,411.0807800292969,0.2983942184119126,225.15219116210935,1.0288105431222272,129.1571044921875,4.549843313079505,163.28903198242188,2.476270550201476,136.670166015625,0.8039042985864553,260.2538146972656,2.0921108676659195,558.2999877929688,0.15427406497490193,154.97999572753906,2.162161400976137,166.2646942138672,2.662716429975953,5634.60986328125,1.148337085011919,15.859999656677246,-9.629627657273677,1.148337085011919,15.859999656677246,2024-08-23,2024,3,8
2024-08-26,407.8259582519531,-0.7917718208844016,225.4896545410156,0.14988234276755996,126.25189971923828,-2.2493573112928877,156.67347717285156,-4.05143856219472,136.3853759765625,-0.20837761990422088,261.515625,0.484838350670147,559.4400024414062,0.20419392322470475,149.99000549316406,-3.21976408048662,162.42193603515625,-2.311229210073895,5616.83984375,-0.31537266931381813,16.149999618530273,1.8284991685414864,-0.31537266931381813,16.149999618530273,2024-08-26,2024,3,8
2024-08-27,408.1712341308594,0.08466255566128567,226.3333282470703,0.3741518464658755,128.08888244628906,1.4550139294029707,158.41079711914062,1.1088794208431008,135.9729766845703,-0.30237794121200645,260.4510192871094,-0.40709067111788233,567.8200073242188,1.497927364193119,150.5,0.340018993371638,166.67677307128906,2.619619701621989,5625.7998046875,0.15951960865450143,15.43000030517578,-4.45820018799491,0.15951960865450143,15.43000030517578,2024-08-27,2024,3,8
2024-08-28,404.9755554199219,-0.7829259986295245,224.80479431152344,-0.6753463784521796,125.40331268310548,-2.0966454792122224,155.2600555419922,-1.9889689556822132,135.38388061523438,-0.4332449606531119,255.2261505126953,-2.0060849785557555,560.5399780273438,-1.282101582010331,146.36000061035156,-2.7508301592348405,164.68350219726562,-1.1958900075242584,5592.18017578125,-0.597597320797616,17.110000610351562,10.887882514248881,-0.597597320797616,17.110000610351562,2024-08-28,2024,3,8
2024-08-29,407.4610290527344,0.6137342364368914,228.08023071289065,1.4570135887886249,117.39649963378906,-6.3848497125029375,154.0331268310547,-0.7902410614594069,136.89598083496094,1.1168982694653273,253.36302185058597,-0.7299912874784598,569.6300048828125,1.6216554058210875,145.49000549316406,-0.5944213675590615,162.42193603515625,-1.373280341949712,5591.9599609375,-0.003937906806072977,15.649999618530272,-8.53302711712347,-0.003937906806072977,15.649999618530272,2024-08-29,2024,3,8
2024-08-30,411.4259948730469,0.9730908081026168,227.296142578125,-0.34377733322826787,119.173583984375,1.5137456024067575,159.81442260742188,3.753280800894321,138.73211669921875,1.3412635294760111,249.31130981445312,-1.5991726048019017,574.4099731445312,0.8391356179880516,148.55999755859375,2.110105127168982,167.98965454101562,3.427935069468835,5648.39990234375,1.0093051774424433,15.0,-4.153352296319834,1.0093051774424433,15.0,2024-08-30,2024,3,8
2024-09-03,403.8314514160156,-1.845907539064151,221.11248779296875,-2.720527816714191,107.82228088378906,-9.525016132832109,149.96954345703125,-6.1601944241128965,136.97451782226562,-1.2669012185287487,244.54000854492188,-1.9137925483935003,571.0399780273438,-0.5866881277737712,136.94000244140625,-7.821752361435275,156.43258666992188,-6.879630714564044,5528.93017578125,-2.115107439771169,20.71999931335449,38.133328755696596,-2.115107439771169,20.71999931335449,2024-09-03,2024,3,9
2024-09-04,403.2988586425781,-0.13188491673196134,219.20677185058597,-0.8618762157690196,106.03523254394533,-1.6574017217923842,151.27499389648438,0.8704770377774507,138.20188903808594,0.8960580663718076,244.1654052734375,-0.15318690537117208,575.25,0.7372552071047256,140.8699951171875,2.8698646164131647,158.43539428710938,1.2803007735296745,5520.06982421875,-0.16025435809103872,21.31999969482422,2.8957548327861904,-0.16025435809103872,21.31999969482422,2024-09-04,2024,3,9
2024-09-05,402.7958679199219,-0.12471910392933827,220.72537231445312,0.6927707803216387,107.0335922241211,0.9415358048675104,149.99900817871094,-0.8434875354525362,140.02821350097656,1.321490231140987,242.6275329589844,-0.6298485703700951,567.9299926757812,-1.272491494866368,139.44000244140625,-1.0151151596134111,157.68408203125,-0.4742073317896889,5503.41015625,-0.3018017615584734,19.899999618530277,-6.660413211162808,-0.3018017615584734,19.899999618530277,2024-09-05,2024,3,9
2024-09-06,396.197509765625,-1.6381394844915964,219.177001953125,-0.7014917882309679,102.66079711914062,-4.08544178898913,134.4710235595703,-10.352058195371772,139.24269104003906,-0.5609744217239587,240.50804138183597,-0.8735577332465105,563.4099731445312,-0.7958761800823555,134.35000610351562,-3.6503128576962585,152.37655639648438,-3.365923539266169,5408.419921875,-1.7260249859284649,22.3799991607666,12.462309496363133,-1.7260249859284649,22.3799991607666,2024-09-06,2024,3,9
2024-09-09,400.1624145507813,1.0007394512655532,219.26632690429688,0.04075470983537777,106.29480743408205,3.5398228115490316,138.22052001953125,2.7883304229479045,137.3574676513672,-1.3539119178110237,242.27264404296875,0.73369798822287,569.8800048828125,1.1483701117625644,138.14999389648438,2.828423982385897,154.86175537109375,1.630958878046096,5471.0498046875,1.15800702824842,19.450000762939453,-13.092039802055044,1.15800702824842,19.450000762939453,2024-09-09,2024,3,9
2024-09-10,408.5262756347656,2.0901166076213062,218.4722595214844,-0.36214743687436046,107.92211151123048,1.530934686680352,145.47409057617188,5.2478246758264735,153.06781005859375,11.437559730717851,242.6669921875,0.16277039700005602,574.47998046875,0.8071831870787305,142.83999633789062,3.3948625759046003,155.73831176757812,0.5660250940484834,5495.52001953125,0.4472672652839682,19.07999992370605,-1.9023178648836403,0.4472672652839682,19.07999992370605,2024-09-10,2024,3,9
2024-09-11,417.24517822265625,2.1342329999076037,221.0032958984375,1.158516134953147,116.71762084960938,8.14986772887929,155.34840393066406,6.787678352470539,154.33444213867188,0.8274973553180631,246.0285797119141,1.3852677259941215,580.3800048828125,1.0270200206538682,149.86000061035156,4.914592867851231,160.43898010253906,3.0183121170442417,5554.1298828125,1.0665025888896507,17.690000534057617,-7.285112134206151,1.0665025888896507,17.690000534057617,2024-09-11,2024,3,9
2024-09-12,421.1509399414063,0.9360831287224203,221.11248779296875,0.04940736023295589,118.9541244506836,1.9161662007795233,161.5222930908203,3.974221172501924,158.4584197998047,2.6721045568216972,249.77464294433597,1.522613038212195,586.5499877929688,1.0630936383485556,150.77000427246094,0.6072358590705429,158.91702270507812,-0.9486207133006186,5595.759765625,0.7495302358939249,17.06999969482422,-3.5048096128643014,0.7495302358939249,17.06999969482422,2024-09-12,2024,3,9
2024-09-13,424.6917114257813,0.8407369302957379,220.844482421875,-0.1212077046253035,118.91419219970705,-0.03356945474648487,164.59449768066406,1.9020313116260068,159.0966339111328,0.4027644047785106,250.9576568603516,0.47363251211984814,536.8699951171875,-8.469865094143781,152.30999755859375,1.0214188780878652,161.56597900390625,1.6668801452089266,5626.02001953125,0.5407711405364557,16.559999465942383,-2.9876991095463934,0.5407711405364557,16.559999465942383,2024-09-13,2024,3,9
2024-09-16,425.4314880371094,0.17419144085588645,214.71047973632807,-2.7775213662930787,116.59780883789062,-1.9479452527636387,160.99224853515625,-2.1885598827833697,167.2463836669922,5.122515514949,253.26443481445312,0.9191901067936659,521.5,-2.862889574194316,152.0800018310547,-0.15100501032480063,160.48712158203125,-0.6677503695557863,5633.08984375,0.12566297656613212,17.139999389648438,3.5024151111773483,0.12566297656613212,17.139999389648438,2024-09-16,2024,3,9
2024-09-17,429.1892700195313,0.8832872244036061,215.1769561767578,0.21725834761423535,115.40966796875,-1.0190078878690834,159.47085571289062,-0.9450099840883963,164.43817138671875,-1.6790869965026767,251.56881713867188,-0.6695048505422796,515.030029296875,-1.2406463476749785,150.82000732421875,-0.8285076878389752,162.50033569335938,1.254439665614604,5634.580078125,0.026455008109871336,17.610000610351562,2.7421309068831112,0.026455008109871336,17.610000610351562,2024-09-17,2024,3,9
2024-09-18,424.90869140625,-0.9973638467444701,219.0479431152344,1.798978388418493,113.19313049316406,-1.9205821441112936,158.68563842773438,-0.49238920907902495,161.55136108398438,-1.7555597209514717,249.2386932373047,-0.9262371735375918,508.1300048828125,-1.3397324469570204,148.2899932861328,-1.6775055796457772,162.11502075195312,-0.23711639718292377,5618.259765625,-0.2896455862498093,18.229999542236328,3.520720672322497,-0.2896455862498093,18.229999542236328,2024-09-18,2024,3,9
2024-09-19,432.6807861328125,1.8291211462021284,227.16709899902344,3.7065656807002245,117.68611145019533,3.9693053257349398,164.86997985839844,3.897228187716828,164.55599975585938,1.8598658975785387,262.6272277832031,5.371772084020265,526.4400024414062,3.603408061450031,156.74000549316406,5.698302373462605,167.5284881591797,3.339275646461859,5713.64013671875,1.697685316676334,16.329999923706055,-10.422378860340853,1.697685316676334,16.329999923706055,2024-09-19,2024,3,9
2024-09-20,429.3075866699219,-0.7796046348716779,226.5020751953125,-0.29274653180026977,115.81903076171876,-1.5864919534423594,168.49391174316406,2.198054423175222,164.95855712890625,0.24463244952728225,263.4269714355469,0.3045166562104962,522.2999877929688,-0.7864171850995083,155.9499969482422,-0.5040248291661165,162.71224975585938,-2.874877255947117,5702.5498046875,-0.19410273951238066,16.149999618530273,-1.1022676424785383,-0.19410273951238066,16.149999618530273,2024-09-20,2024,3,9
2024-09-23,427.5717468261719,-0.40433477013873675,224.78494262695312,-0.7581089784182704,116.07862854003906,0.22414086580846426,170.305908203125,1.075407675692741,162.9456787109375,-1.2202327984693673,260.8697509765625,-0.970751189617669,527.8699951171875,1.0664383408767408,156.75,0.5129868979884211,159.86102294921875,-1.752312324928662,5718.56982421875,0.2809273058532735,15.890000343322754,-1.609902670890473,0.2809273058532735,15.890000343322754,2024-09-23,2024,3,9
2024-09-24,423.2912292480469,-1.0011226443044752,225.67825317382807,0.3974067552902971,120.6814422607422,3.965255084931929,172.17697143554688,1.0986484568640043,162.7984161376953,-0.09037525536558233,267.02099609375,2.3579756158620846,524.0700073242188,-0.7198719056053071,158.32000732421875,1.0015995688795742,160.81463623046875,0.5965264475712218,5732.93017578125,0.25111788443470395,15.390000343322754,-3.1466330345934046,0.25111788443470395,15.390000343322754,2024-09-24,2024,3,9
2024-09-25,426.19091796875,0.6850339719663534,224.68569946289065,-0.43980919604730273,123.31731414794922,2.1841567666319284,172.84658813476562,0.38891188155751877,163.26971435546875,0.2894980362553534,270.6248474121094,1.3496509155010772,517.9000244140625,-1.1773203625330075,162.02000427246094,2.3370368728350854,162.0861358642578,0.790661636025991,5722.259765625,-0.18612489301417234,15.40999984741211,0.12995129072905787,-0.18612489301417234,15.40999984741211,2024-09-25,2024,3,9
2024-09-26,425.40185546875,-0.1851429645100655,225.8271484375,0.5080203045133569,123.8464813232422,0.4291102015554049,175.37744140625,1.4642193975568096,165.05674743652344,1.094528209416712,272.2737121582031,0.6092806192266709,515.3800048828125,-0.4865841692324846,167.49000549316406,3.3761270685467304,166.31480407714844,2.60890185970748,5745.3701171875,0.403867571712313,15.369999885559082,-0.2595714617073419,0.403867571712313,15.369999885559082,2024-09-26,2024,3,9
2024-09-27,422.1569213867188,-0.7627926489543913,226.0951385498047,0.11867045842757218,121.21060943603516,-2.1283381320518546,170.0596923828125,-3.03217391062246,165.6851806640625,0.3807376779799476,273.1426086425781,0.3191261019977354,515.47998046875,0.019398421551142242,164.35000610351562,-1.8747383644790672,163.8777618408203,-1.4653188871855627,5738.169921875,-0.12532169669905446,16.959999084472656,10.344822451218505,-0.12532169669905446,16.959999084472656,2024-09-27,2024,3,9
2024-09-30,424.40570068359375,0.5326880084040919,231.26638793945312,2.2872006106886333,121.25054168701172,0.032944517944732965,169.87258911132812,-0.11002211568347242,167.3151092529297,0.983750376668846,270.2496643066406,-1.0591333041426232,517.780029296875,0.44619556826115403,164.0800018310547,-0.164286134733016,163.80072021484375,-0.04701164154987669,5762.47998046875,0.42365525811767224,16.729999542236328,-1.3561294495994303,0.42365525811767224,16.729999542236328,2024-09-30,2024,3,9
2024-10-01,414.9273681640625,-2.233318851340693,224.5269012451172,-2.9141661070524294,116.81746673583984,-3.656127955795141,164.91920471191406,-2.9159409562938943,164.13377380371094,-1.9014035632666793,267.4454650878906,-1.0376328222070241,502.7999877929688,-2.8931284824268877,159.75,-2.6389576930362812,159.6876220703125,-2.5110378874625527,5708.75,-0.9324107094664358,19.26000022888184,15.122538887453674,-0.9324107094664358,19.26000022888184,2024-10-01,2024,4,10
2024-10-02,411.4161376953125,-0.8462277348168734,225.09263610839844,0.2519675193235038,118.66458129882812,1.5811972426736265,168.06063842773438,1.9048319577503747,164.67381286621094,0.3290237286238451,275.9467163085937,3.178685874486331,505.80999755859375,0.5986495303703876,159.77999877929688,0.018778578589584427,162.13427734375,1.5321508591067845,5709.5400390625,0.013839090212397487,18.899999618530277,-1.8691620253031727,0.013839090212397487,18.899999618530277,2024-10-02,2024,4,10
2024-10-03,410.8341979980469,-0.14144795110020425,223.9908905029297,-0.4894631936951388,122.6583480834961,3.3655929519614824,169.2718963623047,0.7207267245335158,163.83920288085938,-0.5068261740132529,277.3586120605469,0.5116552104117877,503.7999877929688,-0.3973843489307627,162.85000610351562,1.921396512500495,162.71224975585938,0.3564776194018293,5699.93994140625,-0.1681413492255035,20.489999771118164,8.41269938984015,-0.1681413492255035,20.489999771118164,2024-10-03,2024,4,10
2024-10-04,410.3608093261719,-0.11522620905994874,225.1125030517578,0.5007402516726156,124.72511291503906,1.684976900337909,173.94952392578125,2.763381083333938,167.7667999267578,2.39722665689146,284.11212158203125,2.4349377404621952,507.2200012207031,0.6788434915841579,170.89999389648438,4.943191581983597,162.6929931640625,-0.011834752347017474,5751.06982421875,0.8970249395274354,19.209999084472656,-6.246953152482426,0.8970249395274354,19.209999084472656,2024-10-04,2024,4,10
2024-10-07,403.9300842285156,-1.5670904607620217,220.04049682617188,-2.2530984093850126,127.520751953125,2.24144037455416,172.41329956054688,-0.8831437595022251,166.8928985595703,-0.5209024476648616,280.97235107421875,-1.1051167019306307,487.2999877929688,-3.9272925712301787,170.97000122070312,0.0409639126500716,160.8050079345703,-1.160458845076573,5695.93994140625,-0.9586022165882668,22.63999938964844,17.855286145995898,-0.9586022165882668,22.63999938964844,2024-10-07,2024,4,10
2024-10-08,409.0292663574219,1.262392262424683,224.0901641845703,1.8404191123044145,132.68267822265625,4.047910783516007,177.9772491455078,3.2270999970086534,171.21324157714844,2.588691942477128,287.88385009765625,2.459850229751548,496.239990234375,1.8345993567322694,172.8000030517578,1.0703642849556827,160.22706604003906,-0.35940540780073915,5751.1298828125,0.9689347495581924,21.420000076293945,-5.388689691892434,0.9689347495581924,21.420000076293945,2024-10-08,2024,4,10
2024-10-09,411.7415771484375,0.6631092232519009,227.83209228515625,1.6698314779687973,132.44305419921875,-0.18059932663959666,183.11773681640625,2.888283584322493,175.0623016357422,2.248108863039877,284.27996826171875,-1.2518527297432636,494.0799865722656,-0.43527400141395445,171.02000427246094,-1.0300918679750914,163.96444702148438,2.3325528412979635,5792.0400390625,0.7113411987488272,20.86000061035156,-2.614376582389244,0.7113411987488272,20.86000061035156,2024-10-09,2024,4,10
2024-10-10,410.143798828125,-0.3880536746806329,227.3358154296875,-0.217825702468466,134.5996856689453,1.6283462222810074,182.8616943359375,-0.13982396512767226,172.62168884277344,-1.3941395549836977,286.50152587890625,0.7814682233052261,503.5700073242188,1.9207458326315319,164.17999267578125,-3.999538899427524,162.32693481445312,-0.9986995576038993,5780.0498046875,-0.2070122839989974,20.93000030517578,0.3355689970089726,-0.2070122839989974,20.93000030517578,2024-10-10,2024,4,10
2024-10-11,410.61724853515625,0.11543505189741676,225.85690307617188,-0.6505408532836432,134.58970642089844,-0.007414020320539727,178.71583557128906,-2.2672100790185334,172.97596740722656,0.2052340970756017,284.4577331542969,-0.7133618986284951,495.4200134277344,-1.6184430720547538,167.88999938964844,2.259719137150662,163.73329162597656,0.8663730471661912,5815.02978515625,0.6051847587953629,20.459999084472656,-2.2455863060207304,0.6051847587953629,20.459999084472656,2024-10-11,2024,4,10
2024-10-14,413.3985595703125,0.6773488072111755,229.57904052734372,1.6480069462019076,137.85459899902344,2.425811501449293,179.53317260742188,0.457338899779125,173.32041931152344,0.19913280986945114,287.9529724121094,1.2287376472611466,509.6499938964844,2.8723063427121165,165.27000427246094,-1.5605426926632249,171.49710083007812,4.741741356935991,5859.85009765625,0.770766688322233,19.700000762939453,-3.7145569674535084,0.770766688322233,19.700000762939453,2024-10-14,2024,4,10
2024-10-15,413.0040283203125,-0.09543604854600485,232.11004638671875,1.1024551080801137,131.3946990966797,-4.6860242235295395,173.2996063232422,-3.472097213928471,171.3226776123047,-1.1526291634617158,284.7045593261719,-1.1281054189947626,508.0299987792969,-0.31786424734393526,156.63999938964844,-5.221761154301929,167.69224548339844,-2.218612051319513,5815.259765625,-0.7609466332438197,20.63999938964844,4.771566448247833,-0.7609466332438197,20.63999938964844,2024-10-15,2024,4,10
2024-10-16,410.4199523925781,-0.6256781412626422,230.055419921875,-0.8851949740342313,135.5082550048828,3.1306863492083448,174.12681579589844,0.4773291124004819,171.9918670654297,0.3906017944917739,287.1828308105469,0.8704713019842325,502.5400085449219,-1.0806429241514204,156.1300048828125,-0.32558382841110234,165.17816162109375,-1.4992248777261352,5842.47021484375,0.4679145956573816,19.57999992370605,-5.135656479108286,0.4679145956573816,19.57999992370605,2024-10-16,2024,4,10
2024-10-17,411.0117492675781,0.14419300805188495,230.42269897460935,0.15964807647612655,136.7163543701172,0.8915319330109028,178.76504516601562,2.6637076827694672,172.88742065429688,0.5206953120210578,287.4296569824219,0.08594739844940413,496.8299865722656,-1.136232314953256,156.25,0.07685589792785219,164.81211853027344,-0.2216050155952165,5841.47021484375,-0.017116047891174713,19.11000061035156,-2.4004050826652468,-0.017116047891174713,19.11000061035156,2024-10-17,2024,4,10
2024-10-18,412.4320373535156,0.3455589988530683,233.25148010253903,1.227648639009038,137.7847137451172,0.7814422641110985,177.15003967285156,-0.9034235365556142,171.9131317138672,-0.5635395199618753,289.2365417480469,0.6286354667067284,494.8999938964844,-0.38846139080627173,155.97000122070312,-0.17919921875000355,164.6387481689453,-0.1051927266478736,5864.669921875,0.39715527389487804,18.030000686645508,-5.651490786039193,0.39715527389487804,18.030000686645508,2024-10-18,2024,4,10
2024-10-21,413.0435180664063,0.1482621759488989,234.720458984375,0.6297833056365665,143.4857940673828,4.1376725815984505,177.24850463867188,0.05558280765962653,170.99795532226562,-0.5323481589089907,287.607421875,-0.5632482891688051,497.7099914550781,0.5677909867142672,157.89999389648438,1.2374127464743978,162.7989044189453,-1.1175034859424615,5853.97998046875,-0.18227694906369774,18.3700008392334,1.8857467534081795,-0.18227694906369774,18.3700008392334,2024-10-21,2024,4,10
2024-10-22,421.6539916992188,2.0846407838866376,234.10508728027344,-0.2621721629057161,143.36598205566406,-0.08350095735782936,176.64781188964844,-0.3388986272397476,172.5232696533203,0.8920073507195259,284.6847839355469,-1.0161900275033053,493.1099853515625,-0.9242342292681949,154.08999633789062,-2.412918116444951,166.815673828125,2.4673196809991804,5851.2001953125,-0.04748538883844189,18.200000762939453,-0.9254222565459602,-0.04748538883844189,18.200000762939453,2024-10-22,2024,4,10
2024-10-23,418.7838439941406,-0.6806879008809608,229.04302978515625,-2.162301363855812,139.34226989746094,-2.8066017478545646,170.8672332763672,-3.272374874868178,170.34841918945312,-1.2606128252945048,280.8341064453125,-1.3526109253194862,485.0299987792969,-1.638576952868842,152.91000366210938,-0.7657814938185514,160.47752380371094,-3.7994931045534974,5797.419921875,-0.9191323428069387,19.239999771118164,5.714280025176999,-0.9191323428069387,19.239999771118164,2024-10-23,2024,4,10
2024-10-24,418.9120178222656,0.030606201734650895,228.8544769287109,-0.08232202334303995,140.19094848632812,0.6090604017658929,168.74012756347656,-1.2448880174996235,171.60806274414062,0.7394512732675107,283.1347045898437,0.8192018318754934,482.8699951171875,-0.4453340345021095,153.44000244140625,0.3466083098578876,161.92236328125,0.9003375945072056,5809.85986328125,0.2145772011323821,19.07999992370605,-0.8316000484173358,0.2145772011323821,19.07999992370605,2024-10-24,2024,4,10
2024-10-25,422.2851867675781,0.8052213356990912,229.68820190429688,0.36430354641725504,141.31918334960938,0.804784385484969,170.364990234375,0.9629379178270447,170.76174926757812,-0.4931664998889418,286.7878723144531,1.2902578403101383,483.7200012207031,0.17603208153560423,156.22999572753906,1.8182959083295147,164.01263427734375,1.290909392461792,5808.1201171875,-0.029944716993013376,20.32999992370605,6.551362709634656,-0.029944716993013376,20.32999992370605,2024-10-25,2024,4,10
2024-10-28,420.74652099609375,-0.3643665038933097,231.6633758544922,0.8599370511064741,140.30079650878906,-0.7206288747798162,169.39991760253906,-0.5664735639102081,169.6792449951172,-0.633926670992746,290.0560302734375,1.1395732785384194,481.0400085449219,-0.5540380114566479,159.9199981689453,2.3619039507890127,165.89096069335938,1.145232758617487,5823.52001953125,0.26514435020339455,19.799999237060547,-2.6069881388808613,0.26514435020339455,19.799999237060547,2024-10-28,2024,4,10
2024-10-29,426.0331115722656,1.2564787377578712,231.93136596679688,0.11568082840724969,141.02963256835938,0.5194810562067387,176.5099639892578,4.197195894392913,170.6731719970703,0.5857681662726266,295.1113586425781,1.7428799409462181,485.3900146484375,0.9042919562291196,166.25,3.9582303048599554,169.53204345703125,2.1948650779123557,5832.919921875,0.1614127248163344,19.34000015258789,-2.3232277888761477,0.1614127248163344,19.34000015258789,2024-10-29,2024,4,10
2024-10-30,426.6051940917969,0.134281234014888,228.387939453125,-1.5277909906239895,139.12261962890625,-1.3522072664613694,173.94952392578125,-1.4505923663507114,171.7852020263672,0.6515552598483243,292.6528015136719,-0.8330947138784683,486.6799926757813,0.2657611381392089,148.60000610351562,-10.616537682095862,161.45999145507812,-4.76137244461341,5813.669921875,-0.3300233889343751,20.350000381469727,5.222338267389759,-0.3300233889343751,20.350000381469727,2024-10-30,2024,4,10
2024-10-31,400.7837829589844,-6.052765294567941,224.2291259765625,-1.820942684854887,132.55287170410156,-4.722271577640457,167.1842041015625,-3.8892430812890844,165.17201232910156,-3.849685315881035,287.6863708496094,-1.6970384832726393,478.0799865722656,-1.76707615536702,144.07000732421875,-3.048451274047226,156.78823852539062,-2.893443067589463,5705.4501953125,-1.8614700871699585,23.15999984741211,13.808350925148428,-1.8614700871699585,23.15999984741211,2024-10-31,2024,4,10
2024-11-01,404.7487182617188,0.9892953436043017,221.25143432617188,-1.3279682723741582,135.1887664794922,1.9885610485110838,166.3471221923828,-0.5006943770065608,167.3173828125,1.298870464279278,290.9940185546875,1.1497408428872813,482.7999877929688,0.9872827462501954,141.86000061035156,-1.5339811213403554,159.1963653564453,1.535910380589356,5728.7998046875,0.4092509543626166,21.8799991607666,-5.526773294813014,0.4092509543626166,21.8799991607666,2024-11-01,2024,4,11
2024-11-04,402.8648376464844,-0.4654444919122036,220.35812377929688,-0.40375356191276746,135.8377685546875,0.4800710089279292,165.98277282714844,-0.219029557248962,166.8942108154297,-0.2529157401084392,294.2424621582031,1.1163265896838803,481.3500061035156,-0.3003276151852252,140.7100067138672,-0.8106540896211323,159.10968017578125,-0.054451733536742264,5712.68994140625,-0.2812083478299976,21.979999542236328,0.45704015221827987,-0.2812083478299976,21.979999542236328,2024-11-04,2024,4,11
2024-11-05,405.8237609863281,0.7344704881988795,221.78741455078125,0.6486217739428035,139.6917266845703,2.8371771495430798,171.25128173828125,3.1741299542087598,169.0493927001953,1.2913461013630112,293.72900390625,-0.1745017521220471,486.4200134277344,1.0532891367884156,141.66000366210938,0.6751452653783074,159.81285095214844,0.44194091496527754,5782.759765625,1.2265644545291332,20.489999771118164,-6.778888999770039,1.2265644545291332,20.489999771118164,2024-11-05,2024,4,11
2024-11-06,414.4243774414063,2.1192983954845257,221.06285095214844,-0.32669283786925796,145.38284301757812,4.0740539673180365,176.8152313232422,3.2489973379960846,178.35903930664062,5.507057113748837,303.02001953125,3.1631250238963293,504.8299865722656,3.784789407573652,145.10000610351562,2.428351230041903,166.63267517089844,4.267381614255794,5929.0400390625,2.5295927786425976,16.270000457763672,-20.595409275225197,2.5295927786425976,16.270000457763672,2024-11-06,2024,4,11
2024-11-07,419.6024169921875,1.2494534184377848,225.7874298095703,2.137210678805812,148.6477508544922,2.2457311806175717,181.0103302001953,2.372589083846477,183.4074859619141,2.830496662742177,306.8510131835937,1.2642708089947163,500.9200134277344,-0.7745128555218139,149.82000732421875,3.252929718924924,166.5556182861328,-0.046243562186465414,5973.10009765625,0.7431229727488331,15.199999809265137,-6.5765250054922735,0.7431229727488331,15.199999809265137,2024-11-07,2024,4,11
2024-11-08,416.7520446777344,-0.6793031210080458,225.5191650390625,-0.11881297853209016,147.399658203125,-0.8396310365899273,180.8429107666016,-0.09249164586825342,186.24169921875,1.5453094741315176,317.8798217773437,3.5941900531223814,494.6799926757813,-1.2457120068438465,147.9499969482422,-1.2481713286328633,164.6291046142578,-1.1566788870282174,5995.5400390625,0.3756833309231711,14.9399995803833,-1.7105278430553206,0.3756833309231711,14.9399995803833,2024-11-08,2024,4,11
2024-11-11,412.28411865234375,-1.0720825686279634,222.8064727783203,-1.2028655126815169,145.0333709716797,-1.605354625846167,176.1849822998047,-2.5756765620790545,186.1236267089844,-0.06339746161084792,337.40972900390625,6.143802119104658,504.4800109863281,1.9810824079497191,147.35000610351562,-0.4055362332561985,162.1053924560547,-1.532968404412105,6001.35009765625,0.09690634297987444,14.970000267028809,0.20080781451226049,0.09690634297987444,14.970000267028809,2024-11-11,2024,4,11
2024-11-12,417.23529052734375,1.2009125869762327,222.8064727783203,0.0,148.0586395263672,2.0859120452204394,173.53594970703125,-1.5035518681528304,186.56643676757807,0.2379117935876085,336.8370666503906,-0.16972313015579665,526.4199829101562,4.34902700722124,143.6300048828125,-2.524602013310928,157.4047393798828,-2.8997512081198495,5983.990234375,-0.289265965137242,14.710000038146973,-1.7368084451840793,-0.289265965137242,14.710000038146973,2024-11-12,2024,4,11
2024-11-13,419.3755798339844,0.5129693856757767,223.6908264160156,0.3969155952552539,146.0417938232422,-1.3621938642532472,170.9361572265625,-1.4981290532928737,186.6156463623047,0.026376445613274235,337.3997802734375,0.16705810576094215,532.5,1.1549745996024319,139.3000030517578,-3.0146916966183546,154.52464294433594,-1.8297393375151239,5985.3798828125,0.023222772482434095,14.020000457763672,-4.690683742990798,0.023222772482434095,14.020000457763672,2024-11-13,2024,4,11
2024-11-14,421.04241943359375,0.3974574772019901,226.7711639404297,1.3770513408025709,146.5310516357422,0.33501219047757935,167.78489685058594,-1.8435306064589985,184.07667541503903,-1.3605348730172273,327.4571533203125,-2.9468385975436107,529.8699951171875,-0.49389763057511304,138.83999633789062,-0.3302273537612699,157.94415283203125,2.212922044367449,5949.169921875,-0.6049734794859041,14.3100004196167,2.068473269502902,-0.6049734794859041,14.3100004196167,2024-11-14,2024,4,11
2024-11-15,409.3153381347656,-2.785249361478581,223.5715789794922,-1.4109311366316435,141.75848388671875,-3.2570350760106725,162.32925415039062,-3.2515696004829397,180.8192901611328,-1.7695806633631128,321.14794921875,-1.9267266076154255,503.3699951171875,-5.001226762073818,134.89999389648438,-2.837800738497276,154.6016845703125,-2.1162342522887623,5870.6201171875,-1.3203489851361216,16.139999389648438,12.78825238553527,-1.3203489851361216,16.139999389648438,2024-11-15,2024,4,11
2024-11-18,410.0649108886719,0.18312843034957726,226.57241821289065,1.3422275081188761,139.9313507080078,-1.288905699761167,163.1466064453125,0.5035150929509236,182.77764892578125,1.0830474795600065,318.1759338378906,-0.925434955474369,499.510009765625,-0.7668286526819834,138.92999267578125,2.9873973029155954,158.4546661376953,2.492198955070557,5893.6201171875,0.3917814394541086,15.579999923706056,-3.469637466662745,0.3917814394541086,15.579999923706056,2024-11-18,2024,4,11
2024-11-19,412.0671081542969,0.48826349498813926,226.83078002929688,0.11403056843550807,146.78065490722656,4.8947602982201355,162.83151245117188,-0.19313548777138978,185.8972625732422,1.706780706391342,319.341064453125,0.36619067984822173,499.6099853515625,0.020014731233186644,139.38999938964844,0.33110684381931765,158.65696716308594,0.12767123261288038,5916.97998046875,0.3963584828470035,16.350000381469727,4.9422365952137115,0.3963584828470035,16.350000381469727,2024-11-19,2024,4,11
2024-11-20,409.798583984375,-0.5505229912872389,227.5461883544922,0.31539296611460266,145.6623992919922,-0.7618549024332788,160.76348876953125,-1.2700389810975654,187.7178497314453,0.9793512464906895,321.5823974609375,0.7018618202612847,499.5,-0.02201424206625946,137.60000610351562,-1.2841619154679074,148.6006317138672,-6.33841401927322,5917.10986328125,0.002195086225209586,17.15999984741211,4.954125058372449,0.002195086225209586,17.15999984741211,2024-11-20,2024,4,11
2024-11-21,408.0295715332031,-0.4316785172784554,227.0692596435547,-0.2095964403475259,146.44119262695312,0.5346563963976703,161.44297790527344,0.4226638404919658,189.3711395263672,0.8807312662525879,331.5349426269531,3.0948662752054323,504.4400024414063,0.988989477759028,137.49000549316406,-0.07994230048856688,149.74688720703125,0.7713665008983295,5948.7099609375,0.5340461540581654,16.8700008392334,-1.6899709251596895,0.5340461540581654,16.8700008392334,2024-11-21,2024,4,11
2024-11-22,412.1111450195313,1.0003131564683798,228.41067504882807,0.5907516532088541,141.72854614257812,-3.2181153402513485,161.72854614257812,0.17688489212099867,189.2333831787109,-0.07274410873844284,337.696044921875,1.8583568435060593,512.1500244140625,1.5284319116923628,138.35000610351562,0.6255004552998766,151.02801513671875,0.8555289218908912,5969.33984375,0.3467959094991535,15.239999771118164,-9.66212796103989,0.3467959094991535,15.239999771118164,2024-11-22,2024,4,11
2024-11-25,413.8801574707031,0.4292561539649631,231.39161682128903,1.3050798837767719,135.80780029296875,-4.177525283899508,162.3095703125,0.3592588839632871,185.0017547607422,-2.2361955099499564,334.82281494140625,-0.8508331748846687,518.72998046875,1.2847712078536855,141.1300048828125,2.009395487280896,152.98342895507812,1.294735825395854,5987.3701171875,0.3020480305938378,14.600000381469728,-4.199471123755005,0.3020480305938378,14.600000381469728,2024-11-25,2024,4,11
2024-11-26,422.9722595214844,2.196795832480758,233.56771850585935,0.9404410213577297,136.7063751220703,0.6616518544318772,162.2307891845703,-0.04853757408019854,187.34390258789065,1.2660138441267677,338.84136962890625,1.2002033637412701,525.2999877929688,1.2665563147674197,137.72000122070312,-2.416214514369841,151.16287231445312,-1.19003519077846,6021.6298828125,0.5722005647630368,14.100000381469728,-3.42465744476691,0.5722005647630368,14.100000381469728,2024-11-26,2024,4,11
2024-11-27,418.0309448242188,-1.1682361162067112,233.4385528564453,-0.05530115644418743,135.12884521484375,-1.1539548948013012,157.23800659179688,-3.077580167037919,179.79580688476562,-4.029005267243169,325.8378601074219,-3.837639286998995,513.6799926757812,-2.2120684156130554,136.24000549316406,-1.0746410938286988,150.65231323242188,-0.3377542872889938,5998.740234375,-0.3801238017440034,14.100000381469728,0.0,-0.3801238017440034,14.100000381469728,2024-11-27,2024,4,11
2024-11-29,418.4953918457031,0.1111035025599838,235.8233184814453,1.0215817378145475,138.03433227539062,2.1501605049072836,159.61131286621094,1.5093718916033838,181.9018096923828,1.1713303241643214,325.818115234375,-0.006059723397511263,515.9299926757812,0.43801589162149046,137.17999267578125,0.6899494603032297,152.7040557861328,1.3619057747527474,6032.3798828125,0.5607785488815242,13.510000228881836,-4.184398132097023,0.5607785488815242,13.510000228881836,2024-11-29,2024,4,11
2024-12-02,425.92724609375,1.7758509156504454,238.0689697265625,0.9522600477246179,138.41372680664062,0.2748551936289756,163.97381591796875,2.733204165430636,178.5263214111328,-1.8556650354157211,326.8252258300781,0.3091020875185757,516.2000122070312,0.052336467172531265,142.05999755859375,3.5573736283440294,157.0386962890625,2.8385889822078347,6047.14990234375,0.24484564662998753,13.34000015258789,-1.2583277084667777,0.24484564662998753,13.34000015258789,2024-12-02,2024,4,12
2024-12-03,426.1446838378906,0.051050442566147325,241.1095428466797,1.2771816182552076,140.0411834716797,1.1757913774784523,165.5888671875,0.9849446147787377,179.9827880859375,0.8158274159755674,327.23992919921875,0.12688842120045507,516.260009765625,0.011622928549970268,141.97999572753906,-0.05631552332083789,156.605224609375,-0.276028577624976,6049.8798828125,0.04514491145146682,13.300000190734863,-0.2998497855734139,0.04514491145146682,13.300000190734863,2024-12-03,2024,4,12
2024-12-04,432.291748046875,1.442482903605291,241.4672393798828,0.14835436581230876,144.91355895996094,3.4792447246538627,167.96214294433594,1.4332338865200578,185.19854736328125,2.8979211472451194,363.21923828125,10.994779631591832,536.489990234375,3.9185643059849173,143.99000549316406,1.4156992718060257,157.33731079101562,0.46747238699518245,6086.490234375,0.6051417924264779,13.449999809265137,1.127816664504766,0.6051417924264779,13.449999809265137,2024-12-04,2024,4,12
2024-12-05,437.4307861328125,1.1887893093393664,241.4970550537109,0.012347709736793,144.84368896484375,-0.04821494663345138,167.87350463867188,-0.05277278802845453,183.27952575683597,-1.0361968999038518,356.811279296875,-1.764212439488999,538.219970703125,0.3224627672911984,141.36000061035156,-1.8265190516555396,155.30389404296875,-1.2923932268982141,6075.10986328125,-0.18697756269248078,13.539999961853027,0.6691461253842901,-0.18697756269248078,13.539999961853027,2024-12-05,2024,4,12
2024-12-06,438.3696899414063,0.21464054162587676,241.2983245849609,-0.08229105266140957,142.2275848388672,-1.806156791968716,176.7955322265625,5.314732427308444,188.64292907714844,2.926351592282228,357.4135437011719,0.16879074156055385,552.9600219726562,2.7386667295669076,138.58999633789062,-1.9595389505523864,154.45179748535156,-0.5486640002609566,6090.27001953125,0.24954538421815275,12.770000457763672,-5.6868501200791455,0.24954538421815275,12.770000457763672,2024-12-06,2024,4,12
2024-12-09,440.7909240722656,0.5523269939541109,245.1835174560547,1.610120119058589,138.60299682617188,-2.5484423551181634,176.2145233154297,-0.32863325436768287,187.42263793945312,-0.6468788115542079,347.12530517578125,-2.878525088571482,547.9299926757812,-0.9096551463034563,130.8699951171875,-5.570388501837686,155.64279174804688,0.7711106520519984,6052.85009765625,-0.6144213927296471,14.1899995803833,11.119804790267839,-0.6144213927296471,14.1899995803833,2024-12-09,2024,4,12
2024-12-10,438.1324462890625,-0.6031153633207054,246.197021484375,0.41336548183830146,134.8685760498047,-2.6943290274240583,169.19309997558594,-3.984588334569439,174.91465759277344,-6.673676394801564,344.4100952148437,-0.7821987969337418,547.0499877929688,-0.16060535005850696,127.73999786376952,-2.3916843968819768,151.49853515625,-2.6626717146692958,6034.91015625,-0.2963883313944371,14.18000030517578,-0.07046705780981988,-0.2963883313944371,14.18000030517578,2024-12-10,2024,4,12
2024-12-11,443.7261047363281,1.2767049084456916,244.92515563964844,-0.516604887036487,139.1022491455078,3.1391101023708456,180.40960693359372,6.629411577438016,175.74131774902344,0.47260770916899286,350.36383056640625,1.72867620150583,549.9299926757812,0.5264610085143451,130.14999389648438,1.88664167294339,154.76165771484375,2.1538971021919595,6084.18994140625,0.8165786048233592,13.579999923706056,-4.231314305760058,0.8165786048233592,13.579999923706056,2024-12-11,2024,4,12
2024-12-12,444.2894287109375,0.12695308403010142,246.3858337402344,0.5963773287277263,137.13516235351562,-1.41413011225614,177.9083251953125,-1.3864459774594495,172.53314208984375,-1.8255101875139568,353.503662109375,0.8961631507147461,474.6300048828125,-13.692649754668484,130.60000610351562,0.3457642936112393,153.22206115722656,-0.9948178252613293,6051.25,-0.5414022527810203,13.920000076293944,2.5036830228132967,-0.5414022527810203,13.920000076293944,2024-12-12,2024,4,12
2024-12-13,442.0262451171875,-0.5093939777762402,246.55474853515625,0.06855702389931828,134.04978942871094,-2.2498773267581207,221.37599182128903,24.432620889582644,170.6337890625,-1.1008627121360193,349.8306579589844,-1.0390285997247117,465.6900024414063,-1.8835729619777197,126.91000366210938,-2.825422870563643,153.5028839111328,0.18327827715232115,6051.08984375,-0.0026466639124200775,13.8100004196167,-0.7902274143272159,-0.0026466639124200775,13.8100004196167,2024-12-13,2024,4,12
2024-12-16,446.295654296875,0.9658723270052905,249.4462738037109,1.1727720864164848,131.8031463623047,-1.675976572571225,246.1921844482422,11.209974678277934,168.50814819335938,-1.2457326774605204,352.7137451171875,0.8241379343434163,461.5299987792969,-0.8932988984733159,126.69000244140624,-0.17335215062233011,152.88316345214844,-0.4037190984262917,6074.080078125,0.3799354326022186,14.6899995803833,6.372187791657047,0.3799354326022186,14.6899995803833,2024-12-16,2024,4,12
2024-12-17,449.1319580078125,0.6355212477715089,251.87075805664065,0.9719464700593372,130.195556640625,-1.2196899437140085,236.57098388671875,-3.90800405914028,167.01229858398438,-0.8877016485034028,346.5329284667969,-1.7523605858731361,455.2300109863281,-1.3650223841638942,125.0199966430664,-1.318182781717292,152.91221618652344,0.01900322685570721,6050.60986328125,-0.3863994965801476,15.869999885559082,8.032677596203118,-0.3863994965801476,15.869999885559082,2024-12-17,2024,4,12
2024-12-18,432.2621154785156,-3.7560993441939416,246.4752655029297,-2.1421671159212674,128.71775817871094,-1.1350605965710359,220.2139587402344,-6.91421444749828,162.78065490722656,-2.5337317746272903,333.3465270996094,-3.8052376221588857,441.30999755859375,-3.0577978366528313,121.41000366210938,-2.8875324571185246,148.19667053222656,-3.083825329262657,5872.16015625,-2.949284635160343,27.6200008392334,74.03907396600702,-2.949284635160343,27.6200008392334,2024-12-18,2024,4,12
2024-12-19,431.90631103515625,-0.08231219684045055,248.2041931152344,0.7014608986329218,130.48509216308594,1.3730304267117965,214.9947052001953,-2.3700829728944384,166.10691833496094,2.0434021657119494,332.3580322265625,-0.2965367246053563,437.3900146484375,-0.8882606176706442,118.87999725341795,-2.083853333645036,145.6306915283203,-1.7314687264504025,5867.080078125,-0.08651123249070469,24.09000015258789,-12.780595870334821,-0.08651123249070469,24.09000015258789,2024-12-19,2024,4,12
2024-12-20,431.4813537597656,-0.09839107800303504,252.8743896484375,1.8815945349621277,134.49911499023438,3.0762309782726316,217.4270782470703,1.1313641629499882,166.9630889892578,0.5154334707301977,339.69256591796875,2.2068170407286702,447.1700134277344,2.2359904094193306,119.20999908447266,0.2775923945819381,148.041748046875,1.6555964221908637,5930.85009765625,1.0869123768910471,18.36000061035156,-23.785801186974176,1.0869123768910471,18.36000061035156,2024-12-20,2024,4,12
2024-12-23,430.1472473144531,-0.3091921432264888,253.6494140625,0.3064859257357,139.46170043945312,3.6896788871652264,229.4240875244141,5.517716272538564,166.4513702392578,-0.3064861539743835,338.95123291015625,-0.21823645324976493,446.739990234375,-0.09616548078952292,124.5999984741211,4.521432288435023,153.22206115722656,3.4992244949116014,5974.06982421875,0.7287273468533639,16.780000686645508,-8.605663786390238,0.7287273468533639,16.780000686645508,2024-12-23,2024,4,12
2024-12-24,434.1793212890625,0.9373706329130149,256.56085205078125,1.147819717637466,140.01089477539062,0.39379581218854653,236.6617584228516,3.1547127315771917,168.685302734375,1.342093184277271,340.4635925292969,0.44618796814983597,447.9400024414063,0.2686153541799019,126.29000091552734,1.3563422649296886,154.3065643310547,0.7077983194047288,6040.0400390625,1.104275925539211,14.270000457763672,-14.958284422952605,1.104275925539211,14.270000457763672,2024-12-24,2024,4,12
2024-12-26,432.9736633300781,-0.2776866377248943,257.3755798339844,0.31755732672802406,139.72132873535156,-0.20681679129583852,242.27023315429688,2.3698272035249657,168.95098876953125,0.15750396202247607,337.7847900390625,-0.7868102637153096,450.1600036621094,0.4956023593792436,125.05999755859376,-0.9739514989443254,153.5028839111328,-0.5208335908494677,6037.58984375,-0.040565878647391695,14.729999542236328,3.2235393813347057,-0.040565878647391695,14.729999542236328,2024-12-26,2024,4,12
2024-12-27,425.4825439453125,-1.7301559007423362,253.96739196777344,-1.3242079409434782,136.80567932128906,-2.0867604398359774,238.7057037353516,-1.4713030868613197,166.2742462158203,-1.5843308010243917,334.552490234375,-0.9569109977727863,446.4800109863281,-0.8174854820161781,125.19000244140624,0.10395401035536711,152.25379943847656,-0.8137205248725965,5970.83984375,-1.1055736101235558,15.949999809265137,8.282418906603617,-1.1055736101235558,15.949999809265137,2024-12-27,2024,4,12
2024-12-30,419.849365234375,-1.3239506041078708,250.59890747070312,-1.3263452725055913,137.28494262695312,0.35032412984734584,232.61338806152344,-2.5522287815051947,164.25682067871094,-1.2133120931372643,331.8736572265625,-0.8007212876926406,445.7999877929688,-0.15230764572350397,122.44000244140624,-2.1966610323273295,149.67813110351562,-1.6916939639340378,5906.93994140625,-1.0701995701766776,17.399999618530273,9.090908003791021,-1.0701995701766776,17.399999618530273,2024-12-30,2024,4,12
2024-12-31,416.5583801269531,-0.7838490134633669,248.8302001953125,-0.7057920935259476,134.08973693847656,-2.3274261745943603,228.9204864501953,-1.5875705358590064,163.99110412597656,-0.16176896133531793,330.4798889160156,-0.4199695517247304,444.6799926757813,-0.25123264868899264,120.79000091552734,-1.3476000432689483,148.74856567382812,-0.6210429157781361,5881.6298828125,-0.42848003949274016,17.350000381469727,-0.2873519434293592,-0.42848003949274016,17.350000381469727,2024-12-31,2024,4,12
2025-01-02,413.6726379394531,-0.6927581643227376,242.3019256591797,-2.623586096466035,138.10374450683594,2.993523337435655,229.0587310791016,0.060389802175420115,163.3907928466797,-0.36606331940769454,326.8521423339844,-1.0977208307381026,441.0,-0.8275597590162831,120.62999725341795,-0.13246432725940727,148.76792907714844,0.01301753951885587,5868.5498046875,-0.22238866412221947,17.93000030517578,3.342938968033171,-0.22238866412221947,17.93000030517578,2025-01-02,2025,1,1
2025-01-03,418.38671875,1.139567952579168,241.8150177001953,-0.20095092420736593,144.2545623779297,4.45376618357316,229.6215362548828,0.2457034373367195,163.67620849609375,0.1746828229677977,329.0663452148437,0.6774325739608678,430.5700073242188,-2.365077704258778,125.37000274658205,3.929375446479,152.8250732421875,2.727163166286406,5942.47021484375,1.259602672149196,16.1299991607666,-10.039046925668938,1.259602672149196,16.1299991607666,2025-01-03,2025,1,1
2025-01-06,422.8339538574219,1.0629484417451707,243.4446258544922,0.673906926788681,149.2071533203125,3.4332300211119993,233.43295288085935,1.659868968799949,163.0561981201172,-0.37880299261169315,326.72369384765625,-0.7119085258196045,431.1799926757813,0.14166926195191554,129.5500030517578,3.3341311426985154,154.78102111816406,1.2798605847071265,5975.3798828125,0.5538045085450305,16.040000915527344,-0.5579556721748813,0.5538045085450305,16.040000915527344,2025-01-06,2025,1,1
2025-01-07,417.4181823730469,-1.2808270090346574,240.6723480224609,-1.138771423809648,139.93101501464844,-6.216952806378117,225.7607879638672,-3.286667465885984,159.45437622070312,-2.2089451004866034,321.1881408691406,-1.6942612619630593,422.6300048828125,-1.982927765249498,127.33000183105467,-1.7136249852624075,155.4297637939453,0.4191358030168235,5909.02978515625,-1.110391288210788,17.81999969482422,11.097248614080613,-1.110391288210788,17.81999969482422,2025-01-07,2025,1,1
2025-01-08,419.58251953125,0.5185057215042033,241.1592254638672,0.20229887039653338,139.9010467529297,-0.021416454183231792,226.42237854003903,0.29304937413565657,160.54673767089844,0.6850620698445775,323.1354675292969,0.6062884684617353,419.5799865722656,-0.7216757625603476,121.83999633789062,-4.311635446647022,154.03543090820312,-0.8970822908736187,5918.25,0.1560360190925314,17.700000762939453,-0.6733946910202238,0.1560360190925314,17.700000762939453,2025-01-08,2025,1,1
2025-01-10,414.0382995605469,-1.3213658130698636,235.34634399414065,-2.410391499037834,135.7073211669922,-2.9976370322259083,221.48532104492188,-2.180463577386249,152.4178009033203,-5.063283680196273,314.1897277832031,-2.7684177829481627,405.9200134277344,-3.2556302925994207,116.04000091552734,-4.760337817376936,152.0020294189453,-1.3200868639563934,5827.0400390625,-1.541164380306681,19.540000915527344,10.39548063998117,-1.541164380306681,19.540000915527344,2025-01-10,2025,1,1
2025-01-13,412.2989807128906,-0.4200864628954193,232.91189575195312,-1.034410903042593,133.0313262939453,-1.9718868886623886,222.4529571533203,0.43688498354352845,151.84561157226562,-0.37540846781908277,315.39569091796875,0.3838327698599153,408.5,0.6355898913382729,117.31999969482422,1.103066846947609,152.14727783203125,0.09555689068176942,5836.22021484375,0.15754440882007614,19.190000534057617,-1.7911994118260277,0.15754440882007614,19.190000534057617,2025-01-13,2025,1,1
2025-01-14,410.7967529296875,-0.36435398908958305,231.79904174804688,-0.4778004147505732,131.56349182128906,-1.10337505725,221.87039184570312,-0.26188247397208597,154.20339965820312,1.552753524796735,319.81414794921875,1.4009249835944093,412.7099914550781,1.0305976634218172,116.08999633789062,-1.048417456642614,154.47117614746094,1.5274005217466025,5842.91015625,0.11462798112440442,18.709999084472656,-2.501310246099653,0.11462798112440442,18.709999084472656,2025-01-14,2025,1,1
2025-01-15,421.3119812011719,2.5597155275675076,236.35989379882807,1.9675888288350096,136.03683471679688,3.400139988367168,225.12884521484372,1.468629203759031,156.1764373779297,1.2795033858526317,317.4615478515625,-0.735614766495507,417.2799987792969,1.1073168614373463,119.95999908447266,3.3336229379472337,159.1964111328125,3.0589752102623713,5949.91015625,1.8312792279639112,16.1200008392334,-13.842856076827314,1.8312792279639112,16.1200008392334,2025-01-15,2025,1,1
2025-01-16,419.6022338867188,-0.40581502324679164,226.81088256835935,-4.040030259362071,133.3708038330078,-1.9597860309961135,226.52110290527344,0.6184270563379224,157.38986206054688,0.7769575891149572,316.31494140625,-0.36117963043783563,426.9299926757813,2.3125944029702694,118.44000244140624,-1.2670862409694394,156.31089782714844,-1.812549218371995,5937.33984375,-0.21126894641922966,16.600000381469727,2.9776644990494594,-0.21126894641922966,16.600000381469727,2025-01-16,2025,1,1
2025-01-17,424.0000915527344,1.048101585465555,228.5199737548828,0.7535313857827575,137.504638671875,3.0995050791199574,234.4499664306641,3.5002758788024835,158.8597869873047,0.9339387604217819,320.82244873046875,1.4250061360300048,429.989990234375,0.716744574307171,121.45999908447266,2.5498113650921805,159.34165954589844,1.938931808901434,5996.66015625,0.9991058969353706,15.970000267028809,-3.7951813250810207,0.9991058969353706,15.970000267028809,2025-01-17,2025,1,1
2025-01-21,423.4763488769531,-0.1235241893140282,221.22657775878903,-3.1915792200802873,140.61997985839844,2.265626248404251,237.2838134765625,1.2087214551751657,170.24427795410156,7.166376829969345,323.076171875,0.7024829943944155,436.3599853515625,1.48142869877399,122.27999877929688,0.675119134698754,161.9657440185547,1.6468288833783484,6049.240234375,0.8768227105582893,15.0600004196167,-5.6981830444353125,0.8768227105582893,15.0600004196167,2025-01-21,2025,1,1
2025-01-22,440.9688415527344,4.130689405009469,222.4090118408203,0.5344900662525909,146.85067749023438,4.430876492878277,237.87628173828125,0.24968760112129562,181.7372589111328,6.75087650236903,328.78961181640625,1.7684498080585254,437.3200073242188,0.22000687617651504,123.75,1.2021599896777202,164.841552734375,1.7755660206091761,6086.3701171875,0.6137941522227575,15.100000381469728,0.26560398896753323,0.6137941522227575,15.100000381469728,2025-01-22,2025,1,1
2025-01-23,441.4728393554688,0.11429329132637278,222.24008178710935,-0.07595468021407425,147.00045776367188,0.10199494888094573,237.25421142578125,-0.2615100202316145,183.95692443847656,1.2213596378875424,330.8060913085937,0.6133038939543534,437.2799987792969,-0.009148574099482332,123.04000091552734,-0.5737366339172989,168.83091735839844,2.4201207510171185,6118.7099609375,0.531348622041139,15.020000457763672,-0.5298008058611026,0.531348622041139,15.020000457763672,2025-01-23,2025,1,1
2025-01-24,438.8539123535156,-0.5932249435269266,221.36566162109372,-0.3934574533019042,142.40731811523438,-3.1245750648081327,241.61854553222656,1.8395180765044428,181.1256103515625,-1.5391179731649496,330.0350952148437,-0.23306586970636145,435.3800048828125,-0.43450281325200235,122.83999633789062,-0.16255248386581878,166.65223693847656,-1.2904510939171887,6101.240234375,-0.2855132319398823,14.850000381469728,-1.1318247078086596,-0.2855132319398823,14.850000381469728,2025-01-24,2025,1,1
2025-01-27,429.46533203125,-2.139340691282876,228.40072631835935,3.178028898315488,118.24339294433594,-16.96817655911844,199.58462524414065,-17.396810412667396,156.1468505859375,-13.790849188660593,343.10284423828125,3.9595028567888546,438.6000061035156,0.7395840839245382,115.01000213623048,-6.3741406993553795,165.75172424316406,-0.5403544001902238,6012.27978515625,-1.4580715690809543,17.899999618530273,20.538714873478558,-1.4580715690809543,17.899999618530273,2025-01-27,2025,1,1
2025-01-28,441.9570617675781,2.908670107839839,236.74742126464844,3.6544082327719662,128.79763793945312,8.925864466766175,204.74876403808597,2.5874431898891492,161.7897491455078,3.613840777700905,355.8049011230469,3.702113549354369,442.8399963378906,0.9667100263045292,114.16999816894533,-0.7303747080103173,166.11000061035156,0.21615242243990807,6067.7001953125,0.9217869449967608,16.40999984741211,-8.324021245093771,0.9217869449967608,16.40999984741211,2025-01-28,2025,1,1
2025-01-29,437.1441955566406,-1.088989548371233,237.8404083251953,0.4616679897539777,123.5155258178711,-4.101093937813605,203.75149536132807,-0.48706944896252935,159.83645629882812,-1.2073032172903453,349.9233703613281,-1.653021288676615,441.6799926757813,-0.26194645282767715,117.3499984741211,2.7853204486086636,166.2649383544922,0.0932741819103855,6039.31005859375,-0.4678895760321544,16.559999465942383,0.9140744663317601,-0.4678895760321544,16.559999465942383,2025-01-29,2025,1,1
2025-01-30,410.1247253417969,-6.1809056346815545,236.0816650390625,-0.7394636170183988,124.464111328125,0.7679888855856465,212.9442443847656,4.5117455492217795,168.0837860107422,5.1598552063084835,339.6134948730469,-2.94632378444325,446.0,0.9780853549754998,118.86000061035156,1.2867508784531134,166.4779510498047,0.12811642515895283,6071.169921875,0.5275414405311762,15.84000015258789,-4.347822080763086,0.5275414405311762,15.84000015258789,2025-01-30,2025,1,1
2025-01-31,410.1938781738281,0.01686141501797689,234.50173950195312,-0.6692283946946764,119.89093780517578,-3.674290905346167,218.48362731933597,2.6013301982284798,167.7681121826172,-0.18780742367667802,337.7650146484375,-0.5442893914743729,437.4500122070313,-1.9170376217418572,115.9499969482422,-2.4482615237812255,167.44622802734375,0.5816247565717525,6040.52978515625,-0.5046825754019935,16.43000030517578,3.724748402174094,-0.5046825754019935,16.43000030517578,2025-01-31,2025,1,1
2025-02-03,406.1024169921875,-0.9974456956441391,226.5624847412109,-3.385584592081925,116.4860382080078,-2.839997467282296,214.98817443847656,-1.599869483927252,166.32777404785156,-0.8585291424140218,335.3333740234375,-0.7199208087110387,438.6000061035156,0.2628857845225152,114.2699966430664,-1.4489006894288337,164.841552734375,-1.5555293921242663,5994.56982421875,-0.7608597684666707,18.6200008392334,13.32927871807601,-0.7608597684666707,18.6200008392334,2025-02-03,2025,1,2
2025-02-04,407.5354614257813,0.3528775928514971,231.32205200195312,2.1007746565715912,118.47305297851562,1.7057965066677339,219.6289825439453,2.1586341284072885,165.62733459472656,-0.42111995854852147,340.17694091796875,1.444403471213307,440.2300109863281,0.3716381350044484,119.5,4.576882393083492,167.552734375,1.64471979040004,6037.8798828125,0.7224881828679752,17.209999084472656,-7.572511768043466,0.7224881828679752,17.209999084472656,2025-02-04,2025,1,2
2025-02-05,408.4447021484375,0.2231071424987574,230.99417114257807,-0.14174215408234714,124.64383697509766,5.208597095662815,229.0784912109375,4.302487111463726,169.34652709960938,2.2455185395474198,343.9232788085937,1.1012909577337693,437.6300048828125,-0.59060173968839,112.01000213623048,-6.267780639137676,170.2833251953125,1.629690395980754,6061.47998046875,0.3908672930614365,15.770000457763672,-8.367220821110855,0.3908672930614365,15.770000457763672,2025-02-05,2025,1,2
2025-02-06,410.9449768066406,0.6121452047367804,231.73941040039065,0.32262253810404484,128.4880828857422,3.084184508386545,228.446533203125,-0.2758696394724369,170.02723693847656,0.4019626800299214,327.0004577636719,-4.920522130268479,435.3999938964844,-0.5095653774757181,110.16000366210938,-1.6516368528152303,163.9507293701172,-3.7188584483723863,6083.56982421875,0.3644298722618622,15.5,-1.7121144573635672,0.3644298722618622,15.5,2025-02-06,2025,1,2
2025-02-07,404.9461975097656,-1.4597524329145295,226.1848907470703,-2.3968817577137425,129.6463623046875,0.9014683641714205,222.0382537841797,-2.8051550308480055,172.10879516601562,1.2242498702088822,322.0777587890625,-1.505410423054232,433.0700073242188,-0.5351370245585074,107.55999755859376,-2.3602088027252943,162.63385009765625,-0.8032164769990691,6025.990234375,-0.9464770111542897,16.540000915527344,6.709683325982874,-0.9464770111542897,16.540000915527344,2025-02-07,2025,1,2
2025-02-10,407.3871765136719,0.6027909433196754,226.45347595214844,0.11874586502707007,133.3708038330078,2.8727697886095305,232.08018493652344,4.522613099860018,176.50868225097656,2.5564568508638974,323.4320373535156,0.4204818642382868,451.1000061035156,4.163298883406319,110.4800033569336,2.7147693051491117,165.926025390625,2.024286635895245,6066.43994140625,0.6712541085862833,15.8100004196167,-4.413545680190001,0.6712541085862833,15.8100004196167,2025-02-10,2025,1,2
2025-02-11,406.6163330078125,-0.18921643839064917,231.3973388671875,2.1831693659159157,132.6019744873047,-0.5764600074434356,232.08018493652344,0.0,174.802001953125,-0.9669101123449764,320.66424560546875,-0.8557568293773077,458.8200073242188,1.7113724487362703,111.0999984741211,0.5611831085707397,166.53604125976562,0.3676432721777756,6068.5,0.03395827888592606,16.020000457763672,1.3282734508116123,0.03395827888592606,16.020000457763672,2025-02-11,2025,1,2
2025-02-12,404.2444763183594,-0.5833156459574718,235.62501525878903,1.8270203159199028,130.94442749023438,-1.2500168292961633,233.37371826171875,0.5573648286901767,169.89898681640625,-2.804896443939786,322.3644714355469,0.530219958532574,462.760009765625,0.8587250726889151,111.72000122070312,0.5580582854161298,164.88995361328125,-0.9884272701767838,6051.97021484375,-0.27238667143857365,15.890000343322754,-0.8114863341212808,-0.27238667143857365,15.890000343322754,2025-02-12,2025,1,2
2025-02-13,405.7268676757813,0.3667066451773726,240.26052856445312,1.9673264744716867,135.08822631835938,3.1645476692271135,232.83062744140625,-0.23271293115509906,171.51686096191406,0.9522565000673611,326.051513671875,1.1437495639358364,459.2200012207031,-0.7649771955694273,111.80999755859376,0.08055526038963645,166.6909637451172,1.0922497655981411,6115.06982421875,1.0426292122230674,15.100000381469728,-4.9716799545885255,1.0426292122230674,15.100000381469728,2025-02-13,2025,1,2
2025-02-14,403.6416320800781,-0.5139505814955037,243.31439208984372,1.2710633509537717,138.64292907714844,2.631393464602727,230.1053771972656,-1.1704861487033091,171.8128204345703,0.17255415648143035,322.7796325683594,-1.003485942042981,460.1600036621094,0.20469544856660526,113.0999984741211,1.1537438008182743,166.7684326171875,0.04647454806774309,6114.6298828125,-0.007194380749464546,14.770000457763672,-2.1854299031079716,-0.007194380749464546,14.770000457763672,2025-02-14,2025,1,2
2025-02-18,404.8374938964844,0.29626820460606496,243.18505859375,-0.05315488943455904,139.19210815429688,0.39611041169134165,225.65219116210935,-1.9352811696089156,177.3768310546875,3.238414110218324,325.1717529296875,0.7411001562564579,464.1099853515625,0.8583930932757777,114.27999877929688,1.0433247755045505,168.13372802734375,0.8186773652123058,6129.580078125,0.24449877750611915,15.350000381469728,3.926878170143766,0.24449877750611915,15.350000381469728,2025-02-18,2025,1,2
2025-02-19,409.90728759765625,1.252303400155963,243.5829620361328,0.16362166519758858,139.02235412597656,-0.12195664723472222,225.84963989257807,0.08750135748820664,179.0736541748047,0.9566204954885249,320.7927551269531,-1.3466722626676808,456.989990234375,-1.5341180629402151,114.69000244140624,0.3587711467351262,169.6636199951172,0.9099256798282829,6144.14990234375,0.23769693899173827,15.270000457763672,-0.5211721284556492,0.23769693899173827,15.270000457763672,2025-02-19,2025,1,2
2025-02-20,412.0759582519531,0.5290636980393337,244.5379180908203,0.3920455054429617,139.9010467529297,0.6320513218736723,223.8847198486328,-0.8700124759463135,173.6280059814453,-3.0410102582949183,314.76300048828125,-1.8796417756646644,454.6900024414063,-0.5032906282671723,114.16999816894533,-0.4533998268302142,168.19183349609375,-0.86747323855626,6117.52001953125,-0.43341850761716705,15.65999984741211,2.5540234312838583,-0.43341850761716705,15.65999984741211,2025-02-20,2025,1,2
2025-02-21,404.2331237792969,-1.9032497081183597,244.2593994140625,-0.113895905768846,134.22950744628906,-4.053964883234052,215.90647888183597,-3.563548674599537,165.54840087890625,-4.653399696015914,306.232421875,-2.7101592626986193,444.3200073242188,-2.2806736593078747,110.83999633789062,-2.916704812526194,160.18406677246094,-4.761091283197638,6013.1298828125,-1.706412670256352,18.209999084472656,16.28352019097845,-1.706412670256352,18.209999084472656,2025-02-21,2025,1,2
2025-02-24,400.0641174316406,-1.0313371424585327,245.8012542724609,0.631236653368128,130.08572387695312,-3.0870884116102726,205.3115997314453,-4.907161288193285,167.66943359375,1.2812160694896768,304.7694091796875,-0.4777458527594036,444.4200134277344,0.02250767506910556,108.11000061035156,-2.463005970531429,155.99136352539062,-2.6174283944394916,5983.25,-0.49691065044024096,18.979999542236328,4.228448635234905,-0.49691065044024096,18.979999542236328,2025-02-24,2025,1,2
2025-02-25,394.0235595703125,-1.5098974384675445,245.74154663085935,-0.024291023973121995,126.441162109375,-2.8016615958761815,199.9894561767578,-2.5922274053921224,166.2685546875,-0.8355004703148317,302.3575439453125,-0.7913737933432197,443.4100036621094,-0.2272646899573627,103.95999908447266,-3.8386842127920096,156.10757446289062,0.07449831508208327,5955.25,-0.46797309154723576,19.43000030517578,2.3709208313628327,-0.46797309154723576,19.43000030517578,2025-02-25,2025,1,2
2025-02-26,395.8357543945313,0.4599204235896437,239.0966644287109,-2.7040125258632197,131.084228515625,3.6721162070889823,210.2584991455078,5.134792186080972,170.14559936523438,2.3317967038453125,303.79083251953125,0.47403764282394345,441.5,-0.4307533989613921,104.73999786376952,0.7502874049306829,156.95968627929688,0.5458491167632751,5956.06005859375,0.013602428004699796,19.100000381469727,-1.6984041097423352,0.013602428004699796,19.100000381469727,2025-02-26,2025,1,2
2025-02-27,388.7058715820313,-1.801222535696867,236.05276489257807,-1.2730832290805183,119.9708251953125,-8.478062880758996,195.30914306640625,-7.109988961138725,162.53952026367188,-4.470335483220634,291.5039978027344,-4.044504771554269,437.1900024414063,-0.9762168875636856,99.51000213623048,-4.993312807148853,149.54258728027344,-4.725480264929505,5861.56982421875,-1.5864553655509872,21.1299991607666,10.62826564792283,-1.5864553655509872,21.1299991607666,2025-02-27,2025,1,2
2025-02-28,393.1224365234375,1.1362228523666973,240.56887817382807,1.9131795737724833,124.73370361328124,3.970030555524451,196.9186248779297,0.8240688511833794,163.82200622558594,0.7890302369747415,294.4200134277344,1.0003346941997338,438.55999755859375,0.3133637799439537,99.86000061035156,0.3517219039367747,152.18597412109375,1.7676481923280196,5954.5,1.585414463498891,19.6299991607666,-7.098911782188544,1.585414463498891,19.6299991607666,2025-02-28,2025,1,2
2025-03-03,384.7052001953125,-2.1411233616077663,236.77891540527344,-1.5754169023543096,113.88990020751952,-8.693563240438495,185.01048278808597,-6.047240121255982,159.83645629882812,-2.432853814077718,289.6851806640625,-1.608189847064878,440.7200012207031,0.4925218155175548,98.2300033569336,-1.6322824388697255,148.74856567382812,-2.25868938784759,5849.72021484375,-1.75967394669998,22.780000686645508,16.046875499488777,-1.75967394669998,22.780000686645508,2025-03-03,2025,1,3
2025-03-04,384.8240356445313,0.030890003347616712,234.68994140625,-0.8822466288638586,115.81702423095705,1.6920938730529356,185.11911010742188,0.05871414294957855,155.3477783203125,-2.8082942292737334,284.0310363769531,-1.9518237951102746,446.0299987792969,1.2048460573348407,100.75,2.5654042114908737,149.5619354248047,0.5468084665502637,5778.14990234375,-1.2234826602200433,23.51000022888184,3.2045633021612785,-1.2234826602200433,23.51000022888184,2025-03-04,2025,1,3
2025-03-05,397.1131286621094,3.193431771223798,234.50094604492188,-0.08052980890261852,117.12507629394533,1.129412598600199,189.16749572753903,2.186908535681664,159.3826446533203,2.5973119001987177,288.60772705078125,1.6113347091245789,451.239990234375,1.1680809518052504,101.66999816894533,0.9131495473402751,153.46412658691406,2.6090804127573586,5842.6298828125,1.1159277893187936,21.93000030517578,-6.720544059225664,1.1159277893187936,21.93000030517578,2025-03-05,2025,1,3
2025-03-06,393.0234375,-1.0298554409137073,234.09310913085935,-0.1739169589466849,110.40511322021484,-5.737424714128336,177.1902313232422,-6.33156576833257,148.90576171875,-6.573415165345642,282.7558898925781,-2.0276093152466035,444.7799987792969,-1.4316088101417601,98.8499984741211,-2.7736793012804295,151.90650939941406,-1.0149715260118763,5738.52001953125,-1.7819007085749905,24.8700008392334,13.406294998380531,-1.7819007085749905,24.8700008392334,2025-03-06,2025,1,3
2025-03-07,389.478271484375,-0.9020240721967165,237.8134613037109,1.589261720118329,112.52194213867188,1.9173286967559156,192.5049285888672,8.643082155972204,153.0688934326172,2.7958164048281997,279.6322937011719,-1.104697126766463,449.3999938964844,1.0387146746407394,100.30999755859376,1.476984427930872,156.94931030273438,3.319674004266049,5770.2001953125,0.552061780274804,23.3700008392334,-6.0313628845307115,0.552061780274804,23.3700008392334,2025-03-07,2025,1,3
2025-03-10,376.4563903808594,-3.343416579797065,226.28436279296875,-4.847958752014625,106.82044982910156,-5.067004889183124,182.1272735595703,-5.390851603316838,146.78475952148438,-4.105428457872251,269.7573547363281,-3.5314014823325746,435.0799865722656,-3.1864725230764557,96.62999725341795,-3.668627649029921,150.8745880126953,-3.870499512436043,5614.56005859375,-2.69730913054258,27.86000061035156,19.212664141544987,-2.69730913054258,27.86000061035156,2025-03-10,2025,1,3
2025-03-11,376.7435607910156,0.07628251704419053,219.67926025390625,-2.9189390099861323,108.59780883789062,1.6638752332840845,187.6962432861328,3.0577351857963286,142.23684692382812,-3.0983547695839553,273.8595275878906,1.5206899013271213,433.6600036621094,-0.3263728403927413,96.76000213623048,0.13453884560461482,149.04441833496094,-1.2130403813135016,5572.06982421875,-0.7567865323653167,26.920000076293945,-3.37401476476763,-0.7567865323653167,26.920000076293945,2025-03-11,2025,1,3
2025-03-12,379.53607177734375,0.7412232820821041,215.83956909179688,-1.7478623870416543,115.57803344726562,6.427592493873169,191.7841033935547,2.177912586769337,148.8564453125,4.653926554078391,281.3028259277344,2.7179256480149183,438.6000061035156,1.1391418160977773,100.79000091552734,4.164942838284502,148.75234985351562,-0.19596069729288512,5599.2998046875,0.48868699294464246,24.229999542236328,-9.992572535044165,0.48868699294464246,24.229999542236328,2025-03-12,2025,1,3
2025-03-13,375.0799255371094,-1.1741034835942021,208.57791137695312,-3.3643774148545247,115.41825103759766,-0.13824634742628517,188.9502410888672,-1.4776314900678766,145.66998291015625,-2.140627767682002,268.6107177734375,-4.5119021156074135,377.8399963378906,-13.853171208411885,98.11000061035156,-2.6589942264430566,147.91514587402344,-0.562817313687225,5521.52001953125,-1.3890984206835322,24.65999984741211,1.7746608060236646,-1.3890984206835322,24.65999984741211,2025-03-13,2025,1,3
2025-03-14,384.7745666503906,2.5846867436050136,212.36788940429688,1.8170562751941066,121.49972534179688,5.269075080871022,193.0775909423828,2.1843580774127958,147.25828552246094,1.0903431033449706,276.18243408203125,2.8188437048815684,394.739990234375,4.472791144474608,100.97000122070312,2.9150959051668757,152.43222045898438,3.0538283001850575,5638.93994140625,2.1265869083087807,21.770000457763672,-11.719381214642311,2.1265869083087807,21.770000457763672,2025-03-14,2025,1,3
2025-03-17,384.9132080078125,0.03603184031335527,212.87522888183597,0.23889651065525097,119.36272430419922,-1.75885256660947,192.0507049560547,-0.5318514599835455,151.93438720703125,3.175442161356057,277.5169372558594,0.4831962533257128,399.3399963378906,1.1653255857822842,104.58999633789062,3.585218454414796,153.76593017578125,0.8749526266697227,5675.1201171875,0.6416130719105961,20.51000022888184,-5.787782280144549,0.6416130719105961,20.51000022888184,2025-03-17,2025,1,3
2025-03-18,379.78363037109375,-1.3326582538613851,211.5720977783203,-0.612157229547361,115.26846313476562,-3.4301003041780964,186.2941436767578,-2.9974174167254897,147.43585205078125,-2.96084068850071,275.5202331542969,-0.7194890954427158,391.3699951171875,-1.9957933825289875,103.51000213623048,-1.032597991657913,152.14990234375,-1.0509661211582144,5614.66015625,-1.0653512117636543,21.700000762939453,5.80205032071075,-1.0653512117636543,21.700000762939453,2025-03-18,2025,1,3
2025-03-19,384.041748046875,1.1211956849273896,214.10870361328125,1.198932118931273,117.35552978515624,1.810613756470869,193.10723876953125,3.6571708365642275,150.39540100097656,2.0073468624008495,276.1726379394531,0.23679015427910954,387.8900146484375,-0.8891791686043815,106.2300033569336,2.6277665583692045,154.06768798828125,1.260458018696875,5675.2900390625,1.0798495567894584,19.899999618530277,-8.294935857713536,1.0798495567894584,19.899999618530277,2025-03-19,2025,1,3
2025-03-20,383.07135009765625,-0.2526803281554413,212.9747009277344,-0.5296387612504838,118.3641128540039,0.8594252615910847,188.7098693847656,-2.277164446442015,150.6617889404297,0.17712505680369528,275.81671142578125,-0.1288782684365386,389.6099853515625,0.44341711262763095,107.13999938964844,0.8566280748925958,153.76593017578125,-0.19586054444001855,5662.89013671875,-0.21848931523151816,19.799999237060547,-0.5025144893802569,-0.21848931523151816,19.799999237060547,2025-03-20,2025,1,3
2025-03-21,387.4482421875,1.142578814293449,217.12278747558597,1.947689810001929,117.5352783203125,-0.700241410767577,189.81912231445312,0.5878086468418031,150.1783905029297,-0.32085005819965096,277.3883972167969,0.5698297912737349,387.260009765625,-0.6031610262290932,106.44000244140624,-0.6533479113588925,152.66586303710938,-0.7154166969330022,5667.56005859375,0.08246534476661349,19.280000686645508,-2.626255406322109,0.08246534476661349,19.280000686645508,2025-03-21,2025,1,3
2025-03-24,389.2504577636719,0.46515002003795214,219.56985473632807,1.1270430382703367,121.24009704589844,3.1520908262874014,189.4130706787109,-0.2139150317371885,152.78280639648438,1.7342148126856305,282.6669311523437,1.902939700618167,394.4700012207031,1.8617960216036122,113.8499984741211,6.961664658730116,155.83950805664062,2.078817724142956,5767.56982421875,1.7646000146633645,17.479999542236328,-9.336105188294773,1.7646000146633645,17.479999542236328,2025-03-24,2025,1,3
2025-03-25,391.3102416992188,0.5291667342874451,222.573974609375,1.3681841146429008,120.52110290527344,-0.5930332935586535,186.45176696777344,-1.5634104343097532,151.85546875,-0.6069646633390491,285.2864074707031,0.9267006606257899,403.6400146484375,2.324641518837267,114.80999755859376,0.8432139634072078,155.90765380859375,0.0437281616214813,5776.64990234375,0.15743334544251475,17.149999618530273,-1.8878714665219953,0.15743334544251475,17.149999618530273,2025-03-25,2025,1,3
2025-03-26,386.17083740234375,-1.3133835379717684,220.3656311035156,-0.9921840636287871,113.60079956054688,-5.7419847461616325,177.54812622070312,-4.775305105373029,145.80810546875,-3.982315112540191,277.754150390625,-2.640243938313691,397.80999755859375,-1.4443605386650238,110.19000244140624,-4.02403555041424,154.19427490234375,-1.098970361232876,5712.2001953125,-1.1156934922627149,18.32999992370605,6.880468404796969,-1.1156934922627149,18.32999992370605,2025-03-26,2025,1,3
2025-03-27,386.77490234375,0.15642427726278996,222.6734619140625,1.0472734786228122,111.27405548095705,-2.0481757950565505,170.3380584716797,-4.060908950433461,143.81532287597656,-1.3667159218391567,274.6107788085937,-1.1317100311950545,396.1499938964844,-0.417285556496072,106.6500015258789,-3.212633484974947,153.78541564941406,-0.265158517194386,5693.31005859375,-0.3306980860763864,18.690000534057617,1.963996791325573,-0.3306980860763864,18.690000534057617,2025-03-27,2025,1,3
2025-03-28,375.109619140625,-3.0160393377224315,216.75469970703125,-2.658045622569749,109.51651763916016,-1.5794677691941095,167.49562072753906,-1.6687038525880604,138.97146606445312,-3.3681089849519563,266.8610534667969,-2.822076167373766,385.7099914550781,-2.635366048783594,103.22000122070312,-3.21612776005773,148.6744842529297,-3.3234174872185607,5580.93994140625,-1.973722070834405,21.649999618530277,15.837340823392921,-1.973722070834405,21.649999618530277,2025-03-28,2025,1,3
2025-03-31,371.73291015625,-0.9001925869325911,220.9624938964844,1.941270106318549,108.22832489013672,-1.1762543009884885,165.8218536376953,-0.9992900605839905,137.92576599121094,-0.7524566753560835,265.26959228515625,-0.5963632238447425,383.5299987792969,-0.5651895787187944,102.73999786376952,-0.46502940443420293,149.5408935546875,0.5827558818255918,5611.85009765625,0.5538521570653376,22.280000686645508,2.909935700765609,0.5538521570653376,22.280000686645508,2025-03-31,2025,1,3
2025-04-01,378.4666137695313,1.811435960956742,222.0169219970703,0.4771977732473731,109.99585723876952,1.6331513496370187,166.90139770507812,0.6510264140102473,140.02706909179688,1.5235029405019418,267.08843994140625,0.6856600640056776,383.2000122070313,-0.08603931200058534,102.77999877929688,0.03893412143185504,148.9957275390625,-0.3645598221770907,5633.06982421875,0.37812354559083605,21.770000457763672,-2.289049430718948,0.37812354559083605,21.770000457763672,2025-04-01,2025,2,4
2025-04-02,378.4171447753906,-0.01307090040201242,222.71322631835935,0.3136266889143702,110.26546478271484,0.24510699831183924,170.43707275390625,2.1184214736630347,143.8942413330078,2.761731903904785,268.4129943847656,0.49592353890342,385.7799987792969,0.6732741362418526,102.95999908447266,0.17513164751277177,149.99844360351562,0.6729830989215646,5670.97021484375,0.6728194715792668,21.51000022888184,-1.194305114445282,0.6728194715792668,21.51000022888184,2025-04-02,2025,2,4
2025-04-03,369.47503662109375,-2.3630293388542056,202.1220245361328,-9.24561245087091,101.65753936767578,-7.806547074373227,152.53076171875,-10.506112752247942,135.3805389404297,-5.91663871584357,252.29080200195312,-6.006487286417139,367.25,-4.803255440388399,93.8000030517578,-8.89665512253901,135.72679138183594,-9.514533537030111,5396.52001953125,-4.8395633359901495,30.020000457763672,39.562994599392475,-4.8395633359901495,30.020000457763672,2025-04-03,2025,2,4
2025-04-04,356.3343505859375,-3.5565829170300267,187.38987731933597,-7.288739191390404,94.17801666259766,-7.3575681170347185,144.8848876953125,-5.0126767461737725,126.5413055419922,-6.529175808885601,237.98745727539065,-5.669388108113327,349.07000732421875,-4.950304336495915,85.76000213623047,-8.57142926860135,124.08361053466795,-8.578395413778395,5074.080078125,-5.974960534553109,45.310001373291016,50.932713798720464,-5.974960534553109,45.310001373291016,2025-04-04,2025,2,4
2025-04-07,354.3736572265625,-0.5502397835490558,180.5062561035156,-3.6734221262602174,97.50334930419922,3.530901116249785,152.6595001220703,5.366061671737321,125.4462661743164,-0.865361205960069,241.3977203369141,1.4329591569933964,340.70001220703125,-2.3977984191043356,83.63999938964844,-2.4720180664342672,126.2837371826172,1.7731001205308683,5062.25,-0.23314724921273955,46.97999954223633,3.685716438600095,-0.23314724921273955,46.97999954223633,2025-04-07,2025,2,4
2025-04-08,351.10577392578125,-0.9221575120331171,171.51376342773438,-4.981817733023208,96.16522979736328,-1.3723831195389558,154.53134155273438,1.2261545656623296,122.82209777832033,-2.0918664827772604,241.1802673339844,-0.09008080218246839,340.0,-0.2054629239654604,78.20999908447266,-6.492109450980954,121.35778045654295,-3.9007055349897457,4982.77001953125,-1.5700524562941354,52.33000183105469,11.387829589075583,-1.5700524562941354,52.33000183105469,2025-04-08,2025,2,4
2025-04-09,386.6857604980469,10.133694520155267,197.8048553466797,15.328852561749539,114.17000579833984,18.722750456600302,183.37164306640625,18.6630758679009,137.80738830566406,12.200809787820477,262.1163635253906,8.680683715477478,364.6400146484375,7.247063131893383,96.83999633789062,23.82048008119291,139.78631591796875,15.185293758750706,5456.89990234375,9.515387644904848,33.619998931884766,-35.753873962348436,9.515387644904848,33.619998931884766,2025-04-09,2025,2,4
2025-04-10,377.6347961425781,-2.340651060905685,189.41915893554688,-4.239378450258846,107.4194564819336,-5.912716977811005,170.6450958251953,-6.9403027798590085,132.02542114257812,-4.195687353323341,252.57830810546875,-3.6388630193238347,350.04998779296875,-4.0012138737805625,88.69999694824219,-8.405617201023684,130.8397674560547,-6.400160418537815,5268.0498046875,-3.4607579584726933,40.720001220703125,21.118389394369697,-3.4607579584726933,40.720001220703125,2025-04-10,2025,2,4
2025-04-11,384.6656188964844,1.861804798107558,197.1085205078125,4.05944235814184,110.7747573852539,3.1235504378898327,180.19248962402344,5.59488320051591,131.03533935546875,-0.7499175375022316,252.45953369140625,-0.04702478805618249,352.4700012207031,0.6913336700830497,93.4000015258789,5.298765207826617,135.56130981445312,3.608644718804066,5363.35986328125,1.8092095201708958,37.560001373291016,-7.760313734483592,1.8092095201708958,37.560001373291016,2025-04-11,2025,2,4
2025-04-14,384.0318603515625,-0.16475570308049914,201.4555511474609,2.2053996592583225,110.55506134033205,-0.19832681208932224,176.64686584472656,-1.967686770239374,133.30259704589844,1.730264294793904,252.01400756835935,-0.17647427155256246,350.9100036621094,-0.442590164607215,94.5,1.17772853977558,135.50289916992188,-0.04308799067462843,5405.97021484375,0.7944712390868913,30.88999938964844,-17.758258093104395,0.7944712390868913,30.88999938964844,2025-04-14,2025,2,4
2025-04-15,381.9721374511719,-0.5363416718875968,201.0775451660156,-0.18763741147476143,112.04297637939452,1.3458588155291107,177.231201171875,0.3307929208673732,132.60955810546875,-0.5198990535728698,252.3902130126953,0.1492795769433286,350.3800048828125,-0.15103552870131542,95.29000091552734,0.8359798047908429,134.9285125732422,-0.42389247772433025,5396.6298828125,-0.17277808903947145,30.1200008392334,-2.4927114458703326,-0.17277808903947145,30.1200008392334,2025-04-15,2025,2,4
2025-04-16,367.9896545410156,-3.6606028396360846,193.2489318847656,-3.8933304436288285,104.3437728881836,-6.8716520571001745,172.93289184570312,-2.425255427797657,128.47105407714844,-3.1208188063101883,247.35092163085935,-1.9966270964645094,344.19000244140625,-1.7666540199622882,88.29000091552734,-7.345996361365725,132.14427185058594,-2.0634932302725173,5275.7001953125,-2.24083715440897,32.63999938964844,8.366528818726216,-2.24083715440897,32.63999938964844,2025-04-16,2025,2,4
2025-04-17,364.1969909667969,-1.0306440758366509,195.94468688964844,1.3949650218456622,101.34796142578124,-2.87109750728749,169.34767150878906,-2.0731859038782052,127.3423843383789,-0.8785401091920275,244.796630859375,-1.032658683720733,348.79998779296875,1.3393722417452514,87.5,-0.8947795982958362,133.0399169921875,0.6777782563395895,5282.7001953125,0.13268380955802073,29.649999618530277,-9.160538685752606,0.13268380955802073,29.649999618530277,2025-04-17,2025,2,4
2025-04-21,355.6213684082031,-2.3546659558688066,192.14476013183597,-1.9392854269901671,96.77438354492188,-4.512747781521654,164.6135711669922,-2.7954918420895924,121.60000610351562,-4.5094005932890475,233.9062042236328,-4.44876491866355,343.2200012207031,-1.5997668484947436,85.55999755859375,-2.217145647321428,132.53369140625,-0.38050654073035206,5158.2001953125,-2.3567493023827546,33.81999969482422,14.064081382610972,-2.3567493023827546,33.81999969482422,2025-04-21,2025,2,4
2025-04-22,363.246337890625,2.1441257921457346,198.690185546875,3.406507370041223,98.75160217285156,2.0431219042711612,167.95120239257812,2.027555323613073,125.9760971069336,3.598758868229579,240.96517944335935,3.017865748006243,349.9100036621094,1.9491878146997488,86.26000213623047,0.818144690989886,135.06480407714844,1.909788102966159,5287.759765625,2.5117204723895226,30.56999969482422,-9.609698490025053,2.5117204723895226,30.56999969482422,2025-04-22,2025,2,4
2025-04-23,370.7426452636719,2.0636979897933783,203.52462768554688,2.4331559837067696,102.56626892089844,3.8628909952972856,175.21080017089844,4.322444659462055,130.09478759765625,3.2694222041396825,247.9845428466797,2.9130198062373047,351.9599914550781,0.5858614419461672,90.38999938964844,4.787847381333776,136.73924255371094,1.2397296897614263,5375.85986328125,1.6661138470960069,28.450000762939453,-6.93490007539549,1.6661138470960069,28.450000762939453,2025-04-23,2025,2,4
2025-04-24,383.52679443359375,3.4482542899346713,207.27479553222656,1.8426113288234847,106.28104400634766,3.6218292081133807,186.3428192138672,6.353500487476071,136.14407348632812,4.649906426213235,262.0628662109375,5.677097129784392,360.9100036621094,2.5429061326061486,94.47000122070312,4.513775703733369,143.31044006347656,4.805641297292151,5484.77001953125,2.0259113708281262,26.46999931335449,-6.959583115949242,2.0259113708281262,26.46999931335449,2025-04-24,2025,2,4
2025-04-25,388.0325012207031,1.1748088666825973,208.18002319335935,0.43672828565981536,110.85465240478516,4.303315272443453,190.46286010742188,2.2110006229035806,137.11436462402344,0.7126943632935756,265.1814880371094,1.190028129991405,367.7200012207031,1.886896314730424,96.6500015258789,2.3076111749832817,144.62466430664062,0.9170471059763319,5525.2099609375,0.7373133469998461,24.84000015258789,-6.157911609556566,0.7373133469998461,24.84000015258789,2025-04-25,2025,2,4
2025-04-28,387.3492431640625,-0.1760826875303434,209.03550720214844,0.41093472642881324,108.5778350830078,-2.0538761994973176,190.6213531494141,0.08321467077772038,138.74794006347656,1.1913962799831257,262.9935607910156,-0.8250678666482103,368.6199951171875,0.2447497806746135,96.38999938964844,-0.26901410463077147,143.7095489501953,-0.6327519312370078,5528.75,0.06407067039131409,25.149999618530277,1.247984959895776,0.06407067039131409,25.149999618530277,2025-04-28,2025,2,4
2025-04-29,390.2012023925781,0.7362759264015528,210.0998687744141,0.5091774055574039,108.867431640625,0.2667179331728331,189.33383178710935,-0.6754339642608409,139.39149475097656,0.46383008440022966,265.0923767089844,0.7980484053130565,370.9800109863281,0.6402300201838962,96.05999755859376,-0.34236106768781305,142.98919677734375,-0.5012556076570918,5560.830078125,0.5802410694099036,24.170000076293945,-3.8966185172992107,0.5802410694099036,24.170000076293945,2025-04-29,2025,2,4
2025-04-30,391.4092712402344,0.30960151845991213,211.3831024169922,0.610773176615309,108.76756286621094,-0.09173429822770807,190.6213531494141,0.6800270982485923,139.3221893310547,-0.04971997756799684,266.03289794921875,0.35478999883382656,374.9800109863281,1.0782252093219702,97.3499984741211,1.3429116680337971,144.52732849121094,1.0756978488817515,5569.06005859375,0.147999135976562,24.700000762939453,2.1928038269446892,0.147999135976562,24.700000762939453,2025-04-30,2025,2,4
2025-05-01,421.2556457519531,7.625362173242944,212.1988067626953,0.38588909727230725,111.45380401611328,2.4697079525506593,195.4346618652344,2.525062715323134,144.04483032226562,3.389726370139856,266.6467590332031,0.23074630570747434,374.6300048828125,-0.09333993633287019,96.6500015258789,-0.7190518327827911,131.62831115722656,-8.924967664346472,5604.14013671875,0.6299102138585644,24.600000381469727,-0.40485983150158056,0.6299102138585644,24.600000381469727,2025-05-01,2025,2,5
2025-05-02,431.0394287109375,2.3225286254668687,204.27069091796875,-3.7361736221225184,114.33976745605467,2.589380833985855,201.68405151367188,3.1976874464299865,149.23277282714844,3.6016165892771346,272.3394775390625,2.134928819873827,380.8699951171875,1.6656408064076311,98.8000030517578,2.2245230128663973,136.1064453125,3.4021056077551792,5686.669921875,1.472657412963474,22.68000030517578,-7.804878237889012,1.472657412963474,22.68000030517578,2025-05-02,2025,2,5
2025-05-05,431.9207458496094,0.20446323003617817,197.8446350097656,-3.145853122308051,113.66072082519533,-0.5938849150802561,198.7921142578125,-1.433894863850127,147.80703735351562,-0.955376923327822,269.91387939453125,-0.8906524189771003,381.05999755859375,0.049886429448919856,100.58999633789062,1.8117340393148718,135.7462615966797,-0.2646338422793493,5650.3798828125,-0.6381597588933863,23.63999938964844,4.232800139132187,-0.6381597588933863,23.63999938964844,2025-05-05,2025,2,5
2025-05-06,429.0885925292969,-0.6557113423069083,197.4666290283203,-0.19106203280500056,113.38111114501952,-0.2460037893001199,198.1681671142578,-0.31386916220705885,146.2328643798828,-1.0650189610849181,270.6365661621094,0.2677471678000698,382.9800109863281,0.503861187223964,98.62000274658205,-1.9584388736740732,136.19406127929688,0.32987993728155196,5606.91015625,-0.7693239651855532,24.76000022888184,4.737736328892739,-0.7693239651855532,24.76000022888184,2025-05-06,2025,2,5
2025-05-07,429.1282043457031,0.009231617222149602,195.2185211181641,-1.138474850772786,116.89617919921876,3.100223678089842,202.8428192138672,2.3589318949062577,147.88626098632812,1.130660069784395,275.4581298828125,1.781564032191807,384.9700012207031,0.5196068142694799,100.36000061035156,1.7643457871733048,140.47752380371094,3.145116963382022,5631.27978515625,0.43463562331358396,23.549999237060547,-4.886918338594604,0.43463562331358396,23.549999237060547,2025-05-07,2025,2,5
2025-05-08,433.9012451171875,1.1122645221518068,196.45199584960935,0.6318430876231407,117.20575714111328,0.2648315317192118,205.7743988037109,1.4452469164081272,148.80703735351562,0.6226246853807682,276.9530334472656,0.5426972023258481,383.989990234375,-0.25456814380876436,101.6999969482422,1.3351896470120472,141.25633239746094,0.5544008554978719,5663.93994140625,0.5799775094835535,22.479999542236328,-4.543523267467309,0.5799775094835535,22.479999542236328,2025-05-08,2025,2,5
2025-05-09,434.4557800292969,0.12780210205656228,197.4865264892578,0.5266073450536091,116.48675537109376,-0.6134526046820854,206.20025634765625,0.20695360862239554,148.8466339111328,0.026609331333649067,272.67608642578125,-1.5442860358844013,383.2799987792969,-0.18489842785869293,102.83999633789062,1.1209433862899632,141.33419799804688,0.05512361765618312,5659.91015625,-0.0711480912216289,21.899999618530277,-2.5800708875297063,-0.0711480912216289,21.899999618530277,2025-05-09,2025,2,5
2025-05-12,444.8832092285156,2.4001128949223682,209.95706176757807,6.31462586334901,122.82787322998048,5.4436384966563,219.4517517089844,6.426517404025911,155.6582794189453,4.576284547945719,285.94256591796875,4.865288946340529,395.9400024414063,3.303069218960064,108.12000274658205,5.134195446043632,148.0903778076172,4.780286657630928,5844.18994140625,3.2558782749008364,18.38999938964844,-16.027398584573106,3.2558782749008364,18.38999938964844,2025-05-12,2025,2,5
2025-05-13,444.7643737792969,-0.026711605822304918,212.08859252929688,1.0152222286661683,129.7481689453125,5.634141122328629,230.1876220703125,4.892132451767783,160.65814208984375,3.212076279888465,286.28912353515625,0.12119833088681808,397.3999938964844,0.3687405783895592,112.45999908447266,4.014054964522096,147.33102416992188,-0.5127636575293137,5886.5498046875,0.7248200983532183,18.21999931335449,-0.9244158887228848,0.7248200983532183,18.21999931335449,2025-05-13,2025,2,5
2025-05-14,448.52734375,0.8460592152937041,211.49095153808597,-0.2817883715873881,135.1505889892578,4.16377362999425,229.8905029296875,-0.1290769407810477,161.3313751220703,0.4190469424512955,287.8434143066406,0.5429094728754302,399.4700012207031,0.5208876084577874,117.72000122070312,4.677220504225232,148.92759704589844,1.0836637327214849,5892.580078125,0.1024415597859818,18.6200008392334,2.195398139152105,0.1024415597859818,18.6200008392334,2025-05-14,2025,2,5
2025-05-15,449.5392761230469,0.2256121922437071,210.61444091796875,-0.4144435559737758,134.6413116455078,-0.376822141552402,230.405517578125,0.22402606539819736,157.81663513183594,-2.1785842881305473,287.8632507324219,0.006891394694230613,404.6900024414063,1.306731720717913,114.98999786376952,-2.3190650090254117,148.56739807128906,-0.24186180516856393,5916.93017578125,0.41323320741357694,17.829999923706055,-4.242754457146781,0.41323320741357694,17.829999923706055,2025-05-15,2025,2,5
2025-05-16,450.6702575683594,0.25158679238583836,210.4252014160156,-0.08985115224214857,135.21051025390625,0.422751829614576,226.4142303466797,-1.7322880430117982,158.89581298828125,0.6838175554457759,288.2493896484375,0.13413970523612484,417.1300048828125,3.07395842900946,117.16999816894533,1.8958173281805601,148.4602813720703,-0.07209973426831606,5958.3798828125,0.7005272294898557,17.239999771118164,-3.309030595134499,0.7005272294898557,17.239999771118164,2025-05-16,2025,2,5
2025-05-19,455.2337646484375,1.0126044493597108,207.9550018310547,-1.1739086232723905,135.38026428222656,0.12554795333701296,228.41482543945312,0.8835995377632244,158.05426025390625,-0.5296254939310852,284.76446533203125,-1.208996251702954,420.6799926757813,0.8510506919698013,114.73999786376952,-2.0739099967143737,149.62852478027344,0.7869063680913335,5963.60009765625,0.08761131291423752,18.13999938964844,5.220415490016594,0.08761131291423752,18.13999938964844,2025-05-19,2025,2,5
2025-05-20,454.5393371582031,-0.15254305461517292,206.04258728027344,-0.9196290225973569,134.1919403076172,-0.8777675098432969,229.4547119140625,0.4552622504291115,158.71759033203125,0.4196850354172055,285.1901550292969,0.14948834882515527,417.6099853515625,-0.7297726009482197,113.51000213623048,-1.071985140699938,149.74534606933594,0.07807421027110628,5940.4599609375,-0.38802294486252054,18.09000015258789,-0.27562976153726604,-0.38802294486252054,18.09000015258789,2025-05-20,2025,2,5
2025-05-21,448.9837036132813,-1.2222558293097041,201.29144287109372,-2.305904071529097,131.6155548095703,-1.919925661810129,227.5234832763672,-0.8416600476779945,155.61868286132812,-1.9524663045981994,279.4677429199219,-2.006525123136582,414.0299987792969,-0.8572559799430612,112.05999755859376,-1.2774245003506213,147.3018341064453,-1.6317782335346975,5844.60986328125,-1.613513066101424,20.8700008392334,15.36761007847649,-1.613513066101424,20.8700008392334,2025-05-21,2025,2,5
2025-05-22,451.2555541992188,0.5059984510917381,200.5643310546875,-0.36122341120673473,132.64410400390625,0.7814799670328609,228.31576538085935,0.3482199257339058,155.74740600585938,0.08271702482276488,280.5964050292969,0.40386131779739376,414.3299865722656,0.07245556936772424,110.70999908447266,-1.2047104261404429,143.4661865234375,-2.6039374229624657,5842.009765625,-0.04448710379429954,20.280000686645508,-2.827025054444432,-0.04448710379429954,20.280000686645508,2025-05-22,2025,2,5
2025-05-23,446.6126403808594,-1.0288879051247535,194.49838256835935,-3.0244403151994947,131.10626220703125,-1.1593744090047986,226.52316284179688,-0.7851418127312382,154.42071533203125,-0.8518220032365798,270.40887451171875,-3.630670363191024,407.6900024414063,-1.6025835314966264,110.30999755859376,-0.3613056898082778,141.5289306640625,-1.3503222650018132,5802.81982421875,-0.6708297825321674,22.290000915527344,9.911243396581494,-0.6708297825321674,22.290000915527344,2025-05-23,2025,2,5
2025-05-27,457.0393371582031,2.334617481594825,199.4188690185547,2.5298341226390297,135.31036376953125,3.20663673247068,233.3865966796875,3.0299037642715687,160.30169677734375,3.8084148442567356,274.428466796875,1.486486822007782,413.1000061035156,1.3269895336437187,114.55999755859376,3.852778618495134,144.69281005859375,2.2355001056576507,5921.5400390625,2.04590558452733,18.959999084472656,-14.939442325168272,2.04590558452733,18.959999084472656,2025-05-27,2025,2,5
2025-05-28,453.7357482910156,-0.7228237481107569,199.62803649902344,0.10488851004830657,134.621337890625,-0.5092188504347228,237.1302947998047,1.6040758866950888,162.22244262695312,1.1982068114208877,273.280029296875,-0.4184833714244496,412.2300109863281,-0.21060157451788797,112.86000061035156,-1.483935915215695,143.6901092529297,-0.6929859232521762,5888.5498046875,-0.5571225417268844,19.309999465942383,1.8459936622906348,-0.5571225417268844,19.309999465942383,2025-05-28,2025,2,5
2025-05-29,455.0453186035156,0.28861960236381545,199.15988159179688,-0.2345136061230768,138.99520874023438,3.2490175169429536,239.64588928222656,1.0608490511706314,161.28187561035156,-0.579800797824559,264.26080322265625,-3.3003604754523796,413.3599853515625,0.27411259130083465,113.02999877929688,0.15062747477048166,144.4104766845703,0.5013340412822753,5912.169921875,0.4011194261904327,19.18000030517578,-0.6732219801242612,0.4011194261904327,19.18000030517578,2025-05-29,2025,2,5
2025-05-30,456.71197509765625,0.36626165043416314,200.0563507080078,0.45012535107264995,134.94090270996094,-2.916867471202156,239.7449493408203,0.04133601410416521,163.8857421875,1.614481830208403,262.7261962890625,-0.5807168202318524,415.0899963378906,0.41852405835962614,110.7300033569336,-2.034853974345574,141.3536834716797,-2.116739230469722,5911.68994140625,-0.008118516130162234,18.56999969482422,-3.180399377715093,-0.008118516130162234,18.56999969482422,2025-05-30,2025,2,5
2025-06-02,458.3092346191406,0.34973016005170887,200.90298461914065,0.4231977181112123,137.187744140625,1.665055876714705,246.32118225097656,2.743012075223117,164.91542053222656,0.6282903753448643,259.0135498046875,-1.4131238288435433,403.3999938964844,-2.8162573284205017,114.62999725341795,3.522075118080581,142.7458038330078,0.9848490164085622,5935.93994140625,0.41020419271569075,18.36000061035156,-1.1308513081515592,0.41020419271569075,18.36000061035156,2025-06-02,2025,2,6
2025-06-03,459.3013000488281,0.21646202056389008,202.4667816162109,0.7783841539411585,141.02235412597656,2.7951549239128015,254.38299560546875,3.2728867573711184,167.45989990234375,1.5428996038729936,261.8351745605469,1.0893734161734336,412.489990234375,2.253345680571117,117.30999755859376,2.337957227069465,144.99461364746094,1.5753946904694338,5970.3701171875,0.5800290454605506,17.690000534057617,-3.649237766997615,0.5800290454605506,17.690000534057617,2025-06-03,2025,2,6
2025-06-04,460.1941223144531,0.19438705388599153,202.0185546875,-0.22138294743112574,141.7213897705078,0.49569137379936734,258.5723571777344,1.6468717031554503,166.4302215576172,-0.6148805447316219,260.54815673828125,-0.4915374049440424,413.9100036621094,0.34425403315303527,118.58000183105467,1.0826053182948714,145.1016845703125,0.07384475889007369,5970.81005859375,0.00736874595066439,17.610000610351562,-0.45223245500776166,0.00736874595066439,17.610000610351562,2025-06-04,2025,2,6
2025-06-05,463.9739685058594,0.8213590761212419,199.8372039794922,-1.0797774052893838,139.79409790039062,-1.3599160107292785,257.433349609375,-0.44049858259846975,169.44003295898438,1.8084524392255386,264.47857666015625,1.5085195654725325,415.2000122070313,0.3116640171796803,115.69000244140624,-2.437172664043241,144.51406860351562,-0.40496839753237923,5939.2998046875,-0.5277383403094138,18.479999542236328,4.940368550432428,-0.5277383403094138,18.479999542236328,2025-06-05,2025,2,6
2025-06-06,466.6525573730469,0.5773144721488155,203.1142120361328,1.6398388244948325,141.5216522216797,1.23578487735585,244.5582427978516,-5.001336008353185,172.2914276123047,1.682834099784758,271.775146484375,2.758850987614969,416.9200134277344,0.4142584706489316,116.19000244140624,0.4321894627439704,146.15940856933594,1.138532726757857,6000.35986328125,1.0280683010067904,16.770000457763672,-9.25324202830431,1.0280683010067904,16.770000457763672,2025-06-06,2025,2,6
2025-06-09,469.00384521484375,0.5038626285545522,200.65396118164065,-1.2112647509148644,142.43040466308594,0.6421296156031264,241.9337310791016,-1.0731642854170276,175.39031982421875,1.7986340091668884,269.53765869140625,-0.8232863902061682,416.260009765625,-0.15830462459288652,121.7300033569336,4.768053015853191,152.2020263671875,4.134265359308031,6005.8798828125,0.09199480792858594,17.15999984741211,2.32557769232431,0.09199480792858594,17.15999984741211,2025-06-09,2025,2,6
2025-06-10,467.1882934570313,-0.3871080751972844,201.869140625,0.6056094961710334,143.75852966308594,0.932472952767105,242.2803649902344,0.14327638795412767,175.717041015625,0.18628233971731412,265.5477905273437,-1.4802637165556742,416.05999755859375,-0.04804982519072132,123.23999786376952,1.2404456298324096,155.8452606201172,2.3936831459394625,6038.81005859375,0.548298940767844,16.950000762939453,-1.2237708994171426,0.548298940767844,16.950000762939453,2025-06-10,2025,2,6
2025-06-11,468.8748474121094,0.3610009023552685,197.9945068359375,-1.9193789486923962,142.6400146484375,-0.7780512344344404,250.48085021972656,3.3847089630324234,174.6279754638672,-0.6197836848737759,263.2608642578125,-0.861210806909618,412.8399963378906,-0.7739271354126442,121.13999938964844,-1.7039910017220494,156.18801879882812,0.219934938892008,6022.240234375,-0.2743888954607865,17.260000228881836,1.828905321468688,-0.2743888954607865,17.260000228881836,2025-06-11,2025,2,6
2025-06-12,475.0752868652344,1.3224082049501096,198.4128570556641,0.21129385173965787,144.80712890625,1.5192891441814238,253.6104736328125,1.2494461793548517,197.87472534179688,13.312156781397121,264.2508850097656,0.3760607391243731,413.6799926757813,0.20346777088990908,118.5,-2.179296188665847,155.4241180419922,-0.4890904966403653,6045.259765625,0.38224199557175265,18.020000457763672,4.403245763636199,0.38224199557175265,18.020000457763672,2025-06-12,2025,2,6
2025-06-13,471.1962890625,-0.8165017019365006,195.6737060546875,-1.380531000674079,141.78115844726562,-2.0896557247146452,246.31126403808597,-2.878118356142745,213.08218383789065,7.685397147020834,255.82565307617188,-3.1883457772648116,391.6799926757813,-5.3181203803690735,116.16000366210938,-1.9746804539161444,151.52627563476562,-2.5078748757470515,5976.97021484375,-1.1296379879250695,20.81999969482422,15.538286159444613,-1.1296379879250695,20.81999969482422,2025-06-13,2025,2,6
2025-06-16,475.3431701660156,0.8800750769422105,197.6359405517578,1.0028094916962882,144.49754333496094,1.915899769365792,249.67860412597656,1.3671076314926145,209.0030975341797,-1.9143253697898377,261.25103759765625,2.1207351398293772,401.7300109863281,2.5658748208938764,126.38999938964844,8.806814226088067,153.63189697265625,1.3896080591104587,6033.10986328125,0.9392659896159117,19.11000061035156,-8.213252207192678,0.9392659896159117,19.11000061035156,2025-06-16,2025,2,6
2025-06-17,474.25189208984375,-0.2295768919517105,194.86692810058597,-1.4010672570188176,143.92828369140625,-0.39395800815456017,246.97483825683597,-1.0828985041010597,206.1120758056641,-1.3832434842468322,260.1422119140625,-0.4244291979813686,382.6799926757813,-4.741995317645098,127.0999984741211,0.561752581613506,151.27163696289062,-1.5363085767180928,5982.72021484375,-0.8352184790166306,21.600000381469727,13.029825701676723,-0.8352184790166306,21.600000381469727,2025-06-17,2025,2,6
2025-06-18,476.4344482421875,0.4602103204535579,195.80319213867188,0.4804632818980137,145.28648376464844,0.9436644684475581,248.8466644287109,0.7579015680651668,208.7753753662109,1.2921608547856067,257.3221130371094,-1.0840604668513887,378.0400085449219,-1.2124971829375442,126.79000091552734,-0.24390052109786176,150.45877075195312,-0.5373553345872195,5980.8701171875,-0.03092402101070313,20.13999938964844,-6.759263731651577,-0.03092402101070313,20.13999938964844,2025-06-18,2025,2,6
2025-06-20,473.6169738769531,-0.5913666351435087,200.2057647705078,2.2484682623141072,143.65866088867188,-1.1204227907487208,248.17161560058597,-0.2712709972121474,203.13198852539065,-2.7030902619244457,258.44256591796875,0.43542813621222365,376.9200134277344,-0.29626364719923526,128.24000549316406,1.1436269162919066,148.19647216796875,-1.5036003369414797,5967.83984375,-0.2178658486505891,20.6200008392334,2.383324052292024,-0.2178658486505891,20.6200008392334,2025-06-20,2025,2,6
2025-06-23,482.1488037109375,1.801419776859814,200.70376586914065,0.24874463490283105,143.97824096679688,0.2224579264125559,251.9241485595703,1.5120717773880132,204.9833984375,0.9114319834849338,261.19927978515625,1.0666640216157264,380.1199951171875,0.8489816341542333,129.5800018310547,1.0449128824796095,149.9788818359375,1.2027342094544036,6025.169921875,0.9606504133156335,19.82999992370605,-3.831236097838675,0.9606504133156335,19.82999992370605,2025-06-23,2025,2,6
2025-06-24,486.2261962890625,0.8456709934241635,199.5084991455078,-0.5955377660487704,147.7032470703125,2.587200731515149,261.8513488769531,3.9405513025026373,213.1316680908203,3.9750875999866597,268.8941345214844,2.9459708857763056,382.3399963378906,0.5840264256603334,138.42999267578125,6.8297505168005035,152.49583435058594,1.6782046137680418,6092.18017578125,1.112172017970181,17.479999542236328,-11.850733184624884,1.112172017970181,17.479999542236328,2025-06-24,2025,2,6
2025-06-25,488.36907958984375,0.44071736922772775,200.76351928710935,0.6290559785556926,154.10475158691406,4.3340310003842974,262.7250061035156,0.33364625781364676,208.6268615722656,-2.113626078614983,265.51275634765625,-1.2575128051214413,387.5499877929688,1.3626592836167406,143.39999389648438,3.5902632981737126,152.71128845214844,0.1412852373837037,6092.16015625,-0.00032861029504172024,16.760000228881836,-4.118989314700972,-0.00032861029504172024,16.760000228881836,2025-06-25,2025,2,6
2025-06-26,493.508056640625,1.0522732223541276,200.2057647705078,-0.2778166663854331,154.8137969970703,0.460106130962723,268.2048645019531,2.0857772466007285,210.7060089111328,0.9965865963750931,268.4677429199219,1.1129358200765438,384.9500122070313,-0.6708748981631762,143.67999267578125,0.19525717657908892,154.92465209960938,1.4493778881018882,6141.02001953125,0.8020121275230219,16.59000015258789,-1.0143202504316884,0.8020121275230219,16.59000015258789,2025-06-26,2025,2,6
2025-06-27,492.0100402832031,-0.30354445834563926,200.2854461669922,0.039799751308722264,157.54017639160156,1.7610700385979339,267.3907775878906,-0.30353174823067874,208.15164184570312,-1.2122896155785545,271.12530517578125,0.989900025587831,385.8299865722656,0.22859445053375893,143.80999755859375,0.09048224487724355,155.2674102783203,0.2212418579391473,6173.06982421875,0.5218970885222163,16.31999969482422,-1.627489181918751,0.5218970885222163,16.31999969482422,2025-06-27,2025,2,6
2025-06-30,493.4684143066406,0.29641143554672844,204.3592529296875,2.034000393268065,157.7798614501953,0.15214217990842105,273.6449584960937,2.3389665734254272,216.45831298828125,3.9906824990290524,270.4013671875,-0.2670123276806935,386.8800048828125,0.272145335274554,141.89999389648438,-1.3281438665842193,155.97254943847656,0.4541449869565506,6204.9501953125,0.5164427424532603,16.729999542236328,2.512254013963844,0.5164427424532603,16.729999542236328,2025-06-30,2025,2,6
2025-07-01,488.15087890625,-1.0775837411726052,206.9987945556641,1.291618357444646,153.09609985351562,-2.9685420899917325,262.8143005371094,-3.9579234415674125,216.78501892089844,0.15093249508735251,269.6279296875,-0.28603313217114845,392.1000061035156,1.349255881622602,136.11000061035156,-4.080333710483874,156.10968017578125,0.08791978960296376,6198.009765625,-0.1118531087121899,16.829999923706055,0.5977309277102272,-0.1118531087121899,16.829999923706055,2025-07-01,2025,3,7
2025-07-02,487.198486328125,-0.19510209225863662,211.6005401611328,2.223078455769101,157.04083251953125,2.5766382486490436,267.93682861328125,1.9491055340988162,227.695556640625,5.032883625462903,266.9505920410156,-0.992974893063725,378.4700012207031,-3.4761552335232926,138.52000427246094,1.7706293816048158,158.9694061279297,1.8318697142472917,6227.419921875,0.47450967910880326,16.639999389648438,-1.128939601419665,0.47450967910880326,16.639999389648438,2025-07-02,2025,3,7
2025-07-03,494.8870849609375,1.5781244910589187,212.70616149902344,0.5225040243511225,159.1280517578125,1.3290933350226908,273.1783752441406,1.9562621002820801,234.9626617431641,3.1915884568660458,269.8659362792969,1.0920913177197011,379.30999755859375,0.22194528897436783,137.91000366210938,-0.440370048756078,158.86166381835938,-0.06777549982391884,6279.35009765625,0.8338955206607324,16.3799991607666,-1.5625014328040088,0.8338955206607324,16.3799991607666,2025-07-03,2025,3,7
2025-07-07,493.7759399414063,-0.2245249579747921,209.120361328125,-1.6857998591239265,158.02952575683594,-0.6903408851184123,272.1856689453125,-0.36339124498450115,229.95291137695312,-2.132147435275089,267.53564453125,-0.8634997733226846,376.9299926757813,-0.6274564071949595,134.8000030517578,-2.255094284509862,154.8267059326172,-2.53991919054537,6229.97998046875,-0.7862297279128794,17.790000915527344,8.608069761920255,-0.7862297279128794,17.790000915527344,2025-07-07,2025,3,7
2025-07-08,492.68463134765625,-0.22101291405157708,209.1801300048828,0.02858099344236198,159.7871856689453,1.1122351368781036,269.8229675292969,-0.8680476915521762,232.170654296875,0.9644335036430141,271.35333251953125,1.4269829334219164,382.239990234375,1.408749014876376,137.82000732421875,2.2403592018476193,156.15863037109375,0.860267891416755,6225.52001953125,-0.07158868810946961,16.809999465942383,-5.508720624795494,-0.07158868810946961,16.809999465942383,2025-07-08,2025,3,7
2025-07-09,499.5200805664063,1.3873883583607638,210.30567932128903,0.5380765928293174,162.66334533691406,1.7999939456520009,275.87860107421875,2.244298771291353,233.46763610839844,0.5586329656740219,268.646240234375,-0.9976263272762242,373.3800048828125,-2.3179116727503835,138.41000366210938,0.42809193624744335,156.0607147216797,-0.06270268199802809,6263.259765625,0.6062103402663555,15.9399995803833,-5.175490262933858,0.6062103402663555,15.9399995803833,2025-07-09,2025,3,7
2025-07-10,497.5061645507813,-0.40317018153532835,211.57064819335935,0.601490590341025,163.88172912597656,0.7490217212359207,273.39678955078125,-0.8996027650473026,233.1600646972656,-0.13174049142726796,261.7546081542969,-2.5653186413722606,371.4299926757813,-0.5222594090551813,144.16000366210938,4.154323999612819,155.80606079101562,-0.16317619147023787,6280.4599609375,0.27462050044453346,15.779999732971191,-1.0037631845926431,0.27462050044453346,15.779999732971191,2025-07-10,2025,3,7
2025-07-11,499.33154296875,0.3669056884183286,210.3255920410156,-0.5884824586848469,164.7006378173828,0.4996949298580855,272.3842163085937,-0.3703676417895485,228.7548370361328,-1.8893577109152515,255.90408325195312,-2.2351182061692842,363.3500061035156,-2.1753726763036774,146.4199981689453,1.567698702431386,154.209716796875,-1.0245711790902834,6259.75,-0.32975229626984737,16.399999618530273,3.9290234223745557,-0.32975229626984737,16.399999618530273,2025-07-11,2025,3,7
2025-07-14,499.033935546875,-0.059601166011979956,207.79562377929688,-1.202881797297095,163.85177612304688,-0.5153967255895786,273.5953674316406,0.444648056139485,227.48486328125,-0.5551680442421492,257.50054931640625,0.6238532985350265,366.989990234375,1.001784524484739,146.24000549316406,-0.12292902474535516,151.1051483154297,-2.013211972585782,6268.56005859375,0.1407413809457303,17.200000762939453,4.8780558720578515,0.1407413809457303,17.200000762939453,2025-07-14,2025,3,7
2025-07-15,501.8117370605469,0.5566357948438405,208.28369140625,0.234878684197648,170.4729461669922,4.040951035509699,278.896484375,1.9375755492950342,233.12039184570312,2.477320241516767,255.418212890625,-0.8086726149941326,364.1799926757813,-0.7656877935006134,155.61000061035156,6.407272131582009,151.1149444580078,0.006482997228962617,6243.759765625,-0.3956298214731202,17.3799991607666,1.0465022665288926,-0.3956298214731202,17.3799991607666,2025-07-15,2025,3,7
2025-07-16,501.61334228515625,-0.039535698497761285,209.3295440673828,0.5021289252517214,171.14205932617188,0.3925040155780657,278.7674255371094,-0.04627481704541081,239.41075134277344,2.698330869842458,255.78512573242188,0.14365179273805317,361.7699890136719,-0.6617616866874343,160.0800018310547,2.8725668036568175,150.8896942138672,-0.1490588802772086,6263.7001953125,0.3193657417327689,17.15999984741211,-1.2658188951534366,0.3193657417327689,17.15999984741211,2025-07-16,2025,3,7
2025-07-17,507.6451721191406,1.2024859240198138,209.1901092529297,-0.06661019354642361,172.7698974609375,0.9511619418247186,284.3664245605469,2.00848395850044,246.80242919921875,3.087446079588285,257.69891357421875,0.7482013804817056,366.4500122070313,1.2936460556385532,160.41000366210938,0.20614806801599883,149.4598388671875,-0.9476163061561071,6297.35986328125,0.537376740890938,16.520000457763672,-3.7296002059402977,0.537376740890938,16.520000457763672,2025-07-17,2025,3,7
2025-07-18,506.0082092285156,-0.3224620227927244,210.3455047607422,0.5523184207602894,172.18069458007812,-0.34103329892442025,281.279052734375,-1.085701953366336,243.52825927734372,-1.3266360191423132,260.17791748046875,0.9619768558069675,365.7900085449219,-0.1801074198727437,156.99000549316406,-2.1320354659110086,151.60462951660156,1.4350280755487388,6296.7900390625,-0.009048620868445933,16.40999984741211,-0.6658632403358511,-0.009048620868445933,16.40999984741211,2025-07-18,2025,3,7
2025-07-21,506.0181274414063,0.0019600893246041196,211.64036560058597,0.6155875978032466,171.1520538330078,-0.5974193271661488,286.1136169433594,1.7187786157506268,241.63319396972656,-0.7781705963984087,260.0787658691406,-0.038109157106147595,367.6799926757813,0.5166855536534731,157.0,0.006366333197171947,155.6885528564453,2.693798568596173,6305.60009765625,0.1399134882868358,16.649999618530273,1.4625214707483014,0.1399134882868358,16.649999618530273,2025-07-21,2025,3,7
2025-07-22,501.2660827636719,-0.9391056209314685,213.55279541015625,0.9036224276702809,166.80784606933594,-2.5382153858991896,276.5635986328125,-3.337841243829176,236.2457275390625,-2.2296052715915504,261.37774658203125,0.4994566582741333,372.8699951171875,1.411554216925448,154.72000122070312,-1.4522285218451447,154.72877502441406,-0.6164729611920938,6309.6201171875,0.06375316336257875,16.5,-0.900898630432001,0.06375316336257875,16.5,2025-07-22,2025,3,7
2025-07-23,501.8613586425781,0.11875446980658122,213.30377197265625,-0.11660977652936388,170.55284118652344,2.2450953030295873,281.62652587890625,1.8306556868374013,240.00604248046875,1.59169648508648,264.977294921875,1.3771441474701218,372.4599914550781,-0.10995887775322455,158.64999389648438,2.5400676349370155,156.57977294921875,1.1962855160668306,6358.91015625,0.7811886951519131,15.369999885559082,-6.848485542066173,0.7811886951519131,15.369999885559082,2025-07-23,2025,3,7
2025-07-24,506.8316345214844,0.9903683145380482,212.91531372070312,-0.18211504107996657,173.5089111328125,1.7332282040708913,286.6099853515625,1.7695277307788304,240.9287872314453,0.38446729983960815,265.4532775878906,0.1796314911268082,371.6900024414063,-0.20673066405434426,162.1199951171875,2.1872053918686074,155.56121826171875,-0.6505020848576182,6363.35009765625,0.06982236416543941,15.390000343322754,0.13012659669868754,0.06982236416543941,15.390000343322754,2025-07-24,2025,3,7
2025-07-25,509.6392822265625,0.5539606279171716,213.03485107421875,0.05614314509685414,173.26922607421875,-0.13813991283150306,288.0692749023437,0.5091551674276884,243.2008514404297,0.9430438907251704,266.8514099121094,0.5266961993926955,370.739990234375,-0.2555926177167156,166.47000122070312,2.6832014770116652,155.13031005859375,-0.2770023325479709,6388.64013671875,0.397432777929585,14.93000030517578,-2.9889540473373333,0.397432777929585,14.93000030517578,2025-07-25,2025,3,7
2025-07-28,508.4388122558594,-0.23555287289833693,213.2041778564453,0.07948313685424147,176.514892578125,1.8731927056198527,292.1593017578125,1.4198066964466571,245.7705535888672,1.05661724998809,267.9818420410156,0.42361857082882093,369.4700012207031,-0.3425551726613074,173.66000366210938,4.319097968812935,157.72561645507812,1.6729847284544963,6389.77001953125,0.017685810881817865,15.029999732971191,0.669788518093628,0.017685810881817865,15.029999732971191,2025-07-28,2025,3,7
2025-07-29,508.50823974609375,0.013655033518444881,210.4351501464844,-1.298768034379394,175.27655029296875,-0.7015511649297035,295.2566223144531,1.0601478501643502,248.0227813720703,0.9163944786366507,265.1458740234375,-1.0582687229771626,370.7000122070313,0.3329122749517799,177.44000244140625,2.176666301730368,158.73435974121094,0.6395557733769319,6370.85986328125,-0.2959442388724254,15.979999542236328,6.32069079270261,-0.2959442388724254,15.979999542236328,2025-07-29,2025,3,7
2025-07-30,509.17291259765625,0.13071034048424135,208.2239227294922,-1.0507880529716518,179.03155517578125,2.1423315763210438,300.4187927246094,1.7483673591098814,248.637939453125,0.24802482967556383,262.5875244140625,-0.9648838092607304,364.0,-1.8073946550855369,179.50999450683594,1.1665870361522446,155.7766876220703,-1.8632841206923323,6362.89990234375,-0.12494327466496813,15.479999542236328,-3.128911228554565,-0.12494327466496813,15.479999542236328,2025-07-30,2025,3,7
2025-07-31,529.2723388671875,3.947465737521205,206.7497711181641,-0.7079645758298336,177.63340759277344,-0.7809503646633909,291.5636901855469,-2.9475860876585935,251.7831115722656,1.264960659687886,256.161865234375,-2.447054251349412,357.69000244140625,-1.733515812800479,176.30999755859375,-1.7826288486239794,143.7305908203125,-7.732926528122642,6339.39013671875,-0.36948193411530106,16.719999313354492,8.01033467562382,-0.36948193411530106,16.719999313354492,2025-07-31,2025,3,7
2025-08-01,519.956787109375,-1.7600677522182195,201.58029174804688,-2.500355546784472,173.4889373779297,-2.3331592131278556,286.5404968261719,-1.722845995047706,242.5063323974609,-3.6844326519263393,248.63560485839844,-2.9380877474055045,347.79998779296875,-2.7649681514533286,171.6999969482422,-2.614713104297728,145.13107299804688,0.9743800326300844,6238.009765625,-1.5992133140148468,20.3799991607666,21.889952139464608,-1.5992133140148468,20.3799991607666,2025-08-01,2025,3,8
2025-08-04,531.3955078125,2.199936799886193,202.5464630126953,0.4792984751981866,179.76058959960938,3.615015641036212,295.554443359375,3.145784499240034,250.55284118652344,3.3180613097865574,250.2023468017578,0.6301357942084085,338.8500061035156,-2.573312824490581,176.77999877929688,2.9586499250702003,144.46510314941406,-0.45887475016584967,6329.93994140625,1.473710033091602,17.520000457763672,-14.033360258957684,1.473710033091602,17.520000457763672,2025-08-04,2025,3,8
2025-08-05,523.5679321289062,-1.4730225544841602,202.1181488037109,-0.21146466969287347,178.02288818359375,-0.9666754097136132,290.79931640625,-1.6088835948722569,253.66824340820312,1.243411252862403,245.4128875732422,-1.9142343346245427,338.739990234375,-0.03246742427592819,174.30999755859375,-1.3972175799066622,143.68162536621094,-0.5423301310301998,6299.18994140625,-0.48578659963033344,17.850000381469727,1.8835611591540902,-0.48578659963033344,17.850000381469727,2025-08-05,2025,3,8
2025-08-06,520.7802734375,-0.5324349564480024,212.40733337402344,5.0906782152972285,179.1813507080078,0.6507379675917635,299.4757385253906,2.9836459818287864,254.4222869873047,0.2972558050509111,247.0787811279297,0.6788125803663503,345.6199951171875,2.031057767360811,163.1199951171875,-6.419598759758327,142.82957458496094,-0.5930130446940018,6345.06005859375,0.7281907295092482,16.770000457763672,-6.050419611347535,0.7281907295092482,16.770000457763672,2025-08-06,2025,3,8
2025-08-07,516.7127685546875,-0.7810405060015513,219.16053771972656,3.1793649675039948,180.52957153320312,0.7524336767571027,301.5505065917969,0.6928000500549203,247.4374084472656,-2.7453878442605273,238.8583526611328,-3.327047522765869,338.2699890136719,-2.126614839232177,172.39999389648438,5.689062688255975,142.88833618164062,0.04114105699077886,6340.0,-0.07974800154801898,16.56999969482422,-1.192610360644697,-0.07974800154801898,16.56999969482422,2025-08-07,2025,3,8
2025-08-08,517.9031982421875,0.2303851888215913,228.4437255859375,4.235793525056386,182.4569854736328,1.0676444440988364,302.751708984375,0.39834202441058064,248.0922393798828,0.2646450820538604,238.49143981933597,-0.15361105764527538,341.04998779296875,0.8218283825304207,172.75999450683594,0.2088170667614575,144.51406860351562,1.1377642607639737,6389.4501953125,0.7799715348974834,15.149999618530272,-8.569704903117747,0.7799715348974834,15.149999618530272,2025-08-08,2025,3,8
2025-08-11,517.6354370117188,-0.051701018911942676,226.5391082763672,-0.8337358816422502,181.8178253173828,-0.3503073091944531,301.6894836425781,-0.35085692674048374,250.70166015625,1.0517945998188116,230.7271728515625,-3.2555746963727983,333.6499938964844,-2.1697681165074423,172.27999877929688,-0.27783962884999625,144.91561889648438,0.277862423256825,6373.4501953125,-0.25041278217863283,16.25,7.260728773380931,-0.25041278217863283,16.25,2025-08-11,2025,3,8
2025-08-12,525.0462036132812,1.4316575086791739,229.0021209716797,1.0872350977508605,182.9163818359375,0.604207269907131,310.5545349121094,2.938468773420677,251.87242126464844,0.4669937597017837,229.7157287597656,-0.43837233356455174,338.42999267578125,1.4326386533008328,174.9499969482422,1.549801594998712,150.5567169189453,3.892677728886129,6445.759765625,1.134543584661274,14.729999542236328,-9.353848970853363,1.134543584661274,14.729999542236328,2025-08-12,2025,3,8
2025-08-13,516.454833984375,-1.6363073515781812,232.6717529296875,1.6024445286520361,181.3484649658203,-0.8571768446215433,306.8417358398437,-1.195538514134542,242.2681884765625,-3.813133942915703,235.0406646728516,2.318054554572857,351.07000732421875,3.734897887891031,184.4199981689453,5.4129759279188505,153.357666015625,1.8603946432942164,6466.580078125,0.32300788824048965,14.489999771118164,-1.6293263990266649,0.32300788824048965,14.489999771118164,2025-08-13,2025,3,8
2025-08-14,518.3397216796875,0.36496660913614143,232.1233062744141,-0.23571690519696986,181.7778778076172,0.2367887932648305,308.9661865234375,0.6923604045515619,243.0421142578125,0.31945002194329053,231.411376953125,-1.5441105583912984,348.5799865722656,-0.7092661577477233,180.9499969482422,-1.881575347118425,154.8267059326172,0.9579174978070704,6468.5400390625,0.030309080129242716,14.829999923706056,2.3464469148273492,0.030309080129242716,14.829999923706056,2025-08-14,2025,3,8
2025-08-15,516.0479736328125,-0.44213243767013966,230.9366455078125,-0.5112200001143874,180.20997619628903,-0.8625370866016668,304.1117553710937,-1.5711852507120705,246.3361053466797,1.3553169988362646,240.4052581787109,3.8865337322666393,354.8500061035156,1.7987319332087193,177.50999450683594,-1.9010790270365119,154.5916748046875,-0.15180270516894634,6449.7998046875,-0.2897135097229109,15.09000015258789,1.7532045193487722,-0.2897135097229109,15.09000015258789,2025-08-15,2025,3,8
2025-08-18,513.0023193359375,-0.5901882097190669,230.23861694335935,-0.30225976605758875,181.7678985595703,0.8645039504274532,303.5359802246094,-0.18933011839076253,247.1199188232422,0.31818862909251955,241.9224395751953,0.631093266419569,357.239990234375,0.6735195405808136,176.13999938964844,-0.771784778087381,155.61997985839844,0.665174922912315,6449.14990234375,-0.010076318078544588,14.989999771118164,-0.6626930447881874,-0.010076318078544588,14.989999771118164,2025-08-18,2025,3,8
2025-08-19,505.7304382324219,-1.4175142741905788,229.90956115722656,-0.14291945916863336,175.4063720703125,-3.499807468573979,292.764892578125,-3.5485373557737843,232.78305053710935,-5.80158343949101,243.9353790283203,0.8320598356480025,361.0299987792969,1.060913853019474,166.5500030517578,-5.444530697809357,153.02468872070312,-1.6677107528588642,6411.3701171875,-0.5858103118756786,15.56999969482422,3.8692457142232017,-0.5858103118756786,15.56999969482422,2025-08-19,2025,3,8
2025-08-20,501.7125549316406,-0.7944713224745104,225.3723907470703,-1.9734587754066668,175.16668701171875,-0.13664558234958157,289.0521240234375,-1.2681741044810346,233.2196044921875,0.18753683056857984,244.3816070556641,0.18292878594374784,353.42999267578125,-2.1050899175172444,165.1999969482422,-0.8105710470002747,152.23141479492188,-0.5183960394973375,6395.77978515625,-0.24316693228262354,15.6899995803833,0.7707121895382585,-0.24316693228262354,15.6899995803833,2025-08-20,2025,3,8
2025-08-21,501.066650390625,-0.12873995969736596,224.26551818847656,-0.4911305040181113,174.7472381591797,-0.23945697649176978,287.4935302734375,-0.5392085442256112,231.33448791503903,-0.8083010779703192,243.76681518554688,-0.25157043425824144,353.42999267578125,0.0,163.7100067138672,-0.9019311512710404,150.94845581054688,-0.8427688766496244,6370.169921875,-0.40041815293089256,16.600000381469727,5.799877791100583,-0.40041815293089256,16.600000381469727,2025-08-21,2025,3,8
2025-08-22,504.0378112792969,0.5929672003426312,227.11746215820312,1.271681885277487,177.75326538085938,1.7202144384917073,291.86151123046875,1.5193319143136375,234.51934814453125,1.376733861948809,246.20616149902344,1.0006884290709506,362.0899963378906,2.4502741254485594,167.75999450683594,2.473879193009454,154.74835205078125,2.5173468783301622,6466.91015625,1.5186444876893468,14.220000267028809,-14.337349757519691,1.5186444876893468,14.220000267028809,2025-08-22,2025,3,8
2025-08-25,501.0865173339844,-0.5855302676245344,226.5191650390625,-0.2634306994518387,179.57083129882812,1.0225218164484184,292.0898742675781,0.07824362868080748,233.5668792724609,-0.4061365851500409,245.7896881103516,-0.16915636316172655,363.2099914550781,0.30931401820402105,163.36000061035156,-2.622790915926676,153.19117736816406,-1.006262530088975,6439.31982421875,-0.4266385548063467,14.789999961853027,4.008436597190856,-0.4266385548063467,14.789999961853027,2025-08-25,2025,3,8
2025-08-26,498.8804626464844,-0.44025424975256966,228.6630859375,0.946463359101557,181.5282287597656,1.090041988879653,295.8423156738281,1.284687261295625,232.3762664794922,-0.5097524086794203,241.69435119628903,-1.66619557783233,354.9100036621094,-2.285176065701733,166.6199951171875,1.9955891862486697,155.88441467285156,1.758089043349309,6465.93994140625,0.4133995191134998,14.619999885559082,-1.1494258061691465,0.4133995191134998,14.619999885559082,2025-08-26,2025,3,8
2025-08-27,503.5509033203125,0.9361843214007903,229.8397674560547,0.5145918125483151,181.3584442138672,-0.09353065749519995,298.0660400390625,0.7516586530799341,233.96372985839844,0.6831435081372073,248.06048583984372,2.6339608733281894,356.3500061035156,0.40573734934143957,167.1300048828125,0.30609157398324705,156.47203063964844,0.37695620054774004,6481.39990234375,0.23909843081744153,14.850000381469728,1.5731908188168386,0.23909843081744153,14.850000381469728,2025-08-27,2025,3,8
2025-08-28,506.4326477050781,0.5722846222226963,231.9039306640625,0.8980879291928812,179.93035888671875,-0.7874380116893676,306.4049377441406,2.797667826896788,238.4384307861328,1.9125618019693036,252.39378356933597,1.7468714192110157,353.9599914550781,-0.6706930286240032,168.5800018310547,0.8675862537423473,157.48077392578125,0.6446796159090828,6501.85986328125,0.31567194195349924,14.43000030517578,-2.8282832693932947,0.31567194195349924,14.43000030517578,2025-08-28,2025,3,8
2025-08-29,503.5011901855469,-0.5788444984373142,231.485107421875,-0.18060204541949787,173.94830322265625,-3.3246505487318556,295.22686767578125,-3.648136401017621,224.35952758789065,-5.904628357024466,254.099365234375,0.6757621526643165,356.70001220703125,0.7741046497061088,162.6300048828125,-3.529479703176819,157.4122314453125,-0.04352434824904661,6460.259765625,-0.639818429357164,15.359999656677246,6.44490181450581,-0.639818429357164,15.359999656677246,2025-08-29,2025,3,8
2025-09-02,501.9410705566406,-0.30985420875198066,229.0719451904297,-1.042469754672981,170.55284118652344,-1.9519949164359285,296.0706787109375,0.28581783284131745,223.53602600097656,-0.36704551652770867,250.73782348632807,-1.3229241029178995,345.6300048828125,-3.1034502229827954,162.32000732421875,-0.1906152304534059,155.50247192382812,-1.2132218087181235,6415.5400390625,-0.6922279936861564,17.170000076293945,11.783857161935952,-0.6922279936861564,17.170000076293945,2025-09-02,2025,3,9
2025-09-03,502.1696472167969,0.0455385449735779,237.79725646972656,3.8089829254487784,170.39306640625,-0.09368051517751885,300.19049072265625,1.3914961216882515,221.70050048828125,-0.8211318531212042,254.2976837158203,1.419753980470495,348.5,0.8303663098232938,162.1300048828125,-0.11705423412576854,154.03343200683594,-0.944705186237671,6448.259765625,0.5100073627984258,16.350000381469727,-4.775769896217796,0.5100073627984258,16.350000381469727,2025-09-03,2025,3,9
2025-09-04,504.7731323242188,0.5184473258890376,239.1035614013672,0.5493355773038333,171.4316864013672,0.6095435788689318,303.8735046386719,1.2268922666901938,221.2540283203125,-0.20138527742852297,241.96206665039065,-4.8508570291245,344.3099975585937,-1.2022962529142922,161.7899932861328,-0.20971540519316711,157.3033905029297,2.122888812831647,6502.080078125,0.8346486409699372,15.300000190734863,-6.422019365362708,0.8346486409699372,15.300000190734863,2025-09-04,2025,3,9
2025-09-05,491.884765625,-2.5532988730748274,239.0137939453125,-0.0375433370914946,166.79786682128906,-2.7030123061550726,332.4541320800781,9.405435816258723,230.97732543945312,4.394630548856759,248.65542602539065,2.766284594796087,348.9700012207031,1.3534325738875586,151.13999938964844,-6.582603583924618,157.4314422607422,0.08140432154901678,6481.5,-0.3165152978388819,15.18000030517578,-0.7843129677328475,-0.3165152978388819,15.18000030517578,2025-09-05,2025,3,9
2025-09-08,495.0646362304688,0.6464665766642286,237.2089080810547,-0.7551387869566994,168.08612060546875,0.7723442803737823,343.13580322265625,3.2129759000875557,236.61282348632807,2.439849035463948,250.15277099609372,0.6021766726096667,358.6600036621094,2.7767436763935116,151.41000366210938,0.17864514592516034,157.82542419433594,0.2502561927503866,6495.14990234375,0.21059789159529885,15.109999656677246,-0.46113733261695655,0.21059789159529885,15.109999656677246,2025-09-08,2025,3,9
2025-09-09,495.2733154296875,0.042151909861232184,233.6888732910156,-1.4839387013392824,170.53285217285156,1.455641642849126,334.2211608886719,-2.5979924712781433,239.6190948486328,1.2705445622132272,249.9445343017578,-0.08324380877602344,354.0599975585937,-1.2825534089519808,155.82000732421875,2.9126237074472705,156.26922607421875,-0.9860249880912608,6512.60986328125,0.26881536531127015,15.039999961853027,-0.4632673488730754,0.26881536531127015,15.039999961853027,2025-09-09,2025,3,9
2025-09-10,497.2209777832031,0.3932500081951451,226.1501922607422,-3.2259477843797013,177.09413146972656,3.8475163074294327,366.8818359375,9.772174497265684,325.7593078613281,35.94880995068861,240.5341796875,-3.7649771540499866,350.1600036621094,-1.1015065026765414,159.5399932861328,2.3873609209719815,156.5548553466797,0.18278024383717728,6532.0400390625,0.2983469943562689,15.350000381469728,2.061173007998507,0.2983469943562689,15.350000381469728,2025-09-10,2025,3,9
2025-09-11,497.8569641113281,0.12790818500065804,229.3810577392578,1.4286370691166894,176.9443359375,-0.08458526038293002,357.0141296386719,-2.6896142932813727,305.4496154785156,-6.234570092915992,244.21304321289065,1.5294556183949481,350.54998779296875,0.1113731227955217,155.6699981689453,-2.4257209978984506,159.07627868652344,1.6105685986296914,6587.47021484375,0.8485890387959882,14.710000038146973,-4.169383240506974,0.8485890387959882,14.710000038146973,2025-09-11,2025,3,9
2025-09-12,506.6910095214844,1.7744143492950837,233.40968322753903,1.7563026031820916,177.59349060058594,0.36686942232229125,357.2523803710937,0.06673425857484094,289.8923645019531,-5.093229844860203,240.7225799560547,-1.4292697928477094,349.3599853515625,-0.33946726083158296,158.57000732421875,1.8629210441218902,159.39146423339844,0.19813485044877233,6584.2900390625,-0.048276131466740146,14.760000228881836,0.3399061224010902,-0.048276131466740146,14.760000228881836,2025-09-12,2025,3,9
2025-09-15,512.1166381835938,1.070796315733591,236.0322265625,1.1235794928029508,177.52357482910156,-0.039368431381092694,361.4416809082031,1.1726445413065667,299.7744140625,3.4088685217786407,240.48458862304688,-0.09886539644567982,347.1000061035156,-0.6468912705536844,161.16000366210938,1.6333456632785515,158.7906494140625,-0.3769429073417374,6615.27978515625,0.4706619226962694,15.6899995803833,6.30080851680257,0.4706619226962694,15.6899995803833,2025-09-15,2025,3,9
2025-09-16,505.8364562988281,-1.226318657999581,237.4781494140625,0.6125955224930424,174.65724182128906,-1.6146210499489166,357.38140869140625,-1.1233547294807078,304.24908447265625,1.4926792281956702,237.30154418945312,-1.3235960157858995,352.7300109863281,1.6220123260768382,160.4600067138672,-0.4343490520823057,161.66664123535156,1.8111846206948945,6606.759765625,-0.12879303382402618,16.360000610351562,4.270242497685861,-0.12879303382402618,16.360000610351562,2025-09-16,2025,3,9
2025-09-17,506.8102416992188,0.19250992850847748,238.3157958984375,0.3527257082143187,170.0730743408203,-2.6246649910796838,343.6520690917969,-3.8416490801468806,299.05010986328125,-1.7087889083992502,240.59542846679688,1.3880585095198628,362.0700073242188,2.6479165500473023,159.16000366210938,-0.8101726270496656,162.76976013183594,0.6823416927914439,6600.35009765625,-0.09701681605103207,15.720000267028809,-3.911982392701152,-0.09701681605103207,15.720000267028809,2025-09-17,2025,3,9
2025-09-18,505.2501525878906,-0.30782509566057437,237.2089080810547,-0.4644626316983702,176.01551818847656,3.494053288969079,342.8380126953125,-0.23688389208182947,294.2976379394531,-1.5891891582988649,242.651611328125,0.8546225813313324,367.4599914550781,1.4886580003388161,157.9199981689453,-0.7790936570952534,165.59652709960938,1.736665929521486,6631.9599609375,0.47891191851283654,15.699999809265137,-0.12722937292578562,0.47891191851283654,15.699999809265137,2025-09-18,2025,3,9
2025-09-19,514.6705322265625,1.864498128386649,244.8074188232422,3.203299068174581,176.4449462890625,0.24397172760990404,342.43096923828125,-0.1187276328640352,306.2433776855469,4.059067490222734,245.44288635253903,1.1503220642699707,365.8999938964844,-0.42453534939039805,157.38999938964844,-0.3356121994947503,164.3358154296875,-0.7613152836010495,6664.35986328125,0.48854188708296054,15.449999809265137,-1.592356707243181,0.48854188708296054,15.449999809265137,2025-09-19,2025,3,9
2025-09-22,511.21240234375,-0.671911381413659,255.3575592041016,4.309567263758818,183.3761138916016,3.9282324307458705,336.9019470214844,-1.6146384858518714,325.58074951171875,6.314380403036068,248.0255584716797,1.0522497341524328,364.0799865722656,-0.4974056721995024,159.7899932861328,1.5248706434916048,167.16256713867188,1.720106905237473,6693.75,0.44100464743330736,16.100000381469727,4.207123496628107,0.44100464743330736,16.100000381469727,2025-09-22,2025,3,9
2025-09-23,506.0252380371094,-1.014678885500253,253.71221923828125,-0.6443278871197444,178.2027130126953,-2.8211967028401563,337.0511474609375,0.044286012821292964,311.37286376953125,-4.363859277151805,242.9297637939453,-2.0545441805007503,361.7799987792969,-0.6317259607216075,160.89999389648438,0.6946621546969567,166.97543334960938,-0.11194718546483351,6656.919921875,-0.5502159197012135,16.639999389648438,3.3540310272304197,-0.5502159197012135,16.639999389648438,2025-09-23,2025,3,9
2025-09-24,506.9394226074219,0.1806598765426548,251.59820556640625,-0.8332328960039437,176.74456787109375,-0.8182508094013552,337.4190673828125,0.10915848370391945,306.044921875,-1.7111131105101207,244.2509002685547,0.5438347504136853,353.2699890136719,-2.352260985775645,160.8800048828125,-0.012423253219473462,170.9348602294922,2.371263125631584,6637.97021484375,-0.2846617843333288,16.18000030517578,-2.764417676354103,-0.2846617843333288,16.18000030517578,2025-09-24,2025,3,9
2025-09-25,503.8390502929688,-0.6115863505951946,256.14532470703125,1.8072939472633998,177.4636688232422,0.4068588702951903,334.2269592285156,-0.9460366834205369,289.0490417480469,-5.553393934075757,239.34381103515625,-2.0090362934192196,354.1600036621094,0.251936104428907,161.27000427246094,0.2424163213648134,167.1231689453125,-2.229908679284154,6604.72021484375,-0.500906134312662,16.739999771118164,3.461059674784095,-0.500906134312662,16.739999771118164,2025-09-25,2025,3,9
2025-09-26,508.2411804199219,0.8737175342787173,254.73931884765625,-0.54890943685314,177.96302795410156,0.281386682790119,332.66571044921875,-0.4671223359422161,281.2406616210937,-2.7014032220039175,241.8072967529297,1.029266521293759,360.3699951171875,1.7534423398647858,159.4600067138672,-1.1223398714219734,166.650390625,-0.28289214672994056,6643.7001953125,0.5901836747171263,15.289999961853027,-8.66188667318173,0.5901836747171263,15.289999961853027,2025-09-26,2025,3,9
2025-09-29,511.3613586425781,0.6139168455571165,253.71221923828125,-0.4031963397017835,181.61837768554688,2.053993896073769,326.0726318359375,-1.981893055457451,280.546142578125,-0.246948303622041,243.46617126464844,0.6860316185634874,359.4200134277344,-0.26361287075085116,161.36000061035156,1.191517506890416,162.80917358398438,-2.3049553179021354,6661.2099609375,0.263554421636214,16.1200008392334,5.428390316881204,0.263554421636214,16.1200008392334,2025-09-29,2025,3,9
2025-09-30,514.6903686523438,0.6510093016419027,253.9116668701172,0.07861175643599783,186.3423309326172,2.601032619754662,328.0714416503906,0.6129952713905817,279.0380249023437,-0.5375649302899688,235.42015075683597,-3.3047796603604684,352.75,-1.8557712922336878,161.7899932861328,0.2664803384697434,163.8531951904297,0.6412547791152301,6688.4599609375,0.40908483833717035,16.280000686645508,0.9925548330164791,0.40908483833717035,16.280000686645508,2025-09-30,2025,3,9
2025-10-01,516.439208984375,0.33978493450546043,254.72933959960935,0.32203038937570483,187.00149536132807,0.3537384261599996,331.5320739746094,1.0548410757150295,286.7471923828125,2.762765928825228,234.118896484375,-0.5527369973545859,343.7200012207031,-2.5598862591911797,164.00999450683594,1.372149893582697,163.98126220703125,0.07815960894306251,6711.2001953125,0.3399920834961989,16.290000915527344,0.06142646474234237,0.3399920834961989,16.290000915527344,2025-10-01,2025,4,10
2025-10-02,512.4942626953125,-0.7638742799603859,256.40460205078125,0.6576637201686886,188.6493988037109,0.881224740582276,336.2953491210937,1.4367464026569854,286.5189819335937,-0.07958594025714305,237.28761291503903,1.3534646191515343,351.4800109863281,2.2576544100040064,169.72999572753906,3.487593081081841,166.30567932128906,1.417489463718824,6715.35009765625,0.06183547238911569,16.6299991607666,2.0871591536571144,0.06183547238911569,16.6299991607666,2025-10-02,2025,4,10
2025-10-03,514.0940551757812,0.3121581248646699,257.2920837402344,0.34612549164674267,187.3809967041016,-0.6723594708770264,336.4842834472656,0.05618107020084473,283.8996887207031,-0.9141779002612926,238.75775146484372,0.6195597535599395,346.739990234375,-1.3485889961854736,164.6699981689453,-2.981204080577704,166.6306915283203,0.19543061208593393,6715.7900390625,0.006551280273581206,16.649999618530273,0.12026734078771639,0.006551280273581206,16.649999618530273,2025-10-03,2025,4,10
2025-10-06,525.2435302734375,2.168761724708901,255.9658660888672,-0.515452178741016,185.30364990234372,-1.1086219191363655,333.6203308105469,-0.8511400911144218,289.3069763183594,1.9046472442510787,244.14161682128903,2.254948927695044,350.1400146484375,0.9805688728791617,203.7100067138672,23.708027557556832,166.0791473388672,-0.3309979598562607,6740.27978515625,0.36465919796933033,16.3700008392334,-1.6816743886603813,0.36465919796933033,16.3700008392334,2025-10-06,2025,4,10
2025-10-07,520.682373046875,-0.8683890354990176,255.7564392089844,-0.08181828424344006,184.8042907714844,-0.26948154076970043,334.5351867675781,0.2742206851748419,282.0145263671875,-2.5206616321436726,238.14187622070312,-2.4574837664721905,348.3099975585937,-0.5226529426181847,211.50999450683597,3.828966440477677,162.96676635742188,-1.874034778788225,6714.58984375,-0.38114057910215715,17.239999771118164,5.314593080531016,-0.38114057910215715,17.239999771118164,2025-10-07,2025,4,10
2025-10-08,521.5468139648438,0.16602077633438572,257.3319702148437,0.6160278938556418,188.86911010742188,2.1995264931179204,343.5745849609375,2.702076956598165,286.37017822265625,1.544477836506064,238.8272857666016,0.28781563191484505,348.7699890136719,0.13206381048560534,235.55999755859372,11.370622512583184,165.24195861816406,1.3961081216719906,6753.72021484375,0.5827663640568082,16.299999237060547,-5.45243936506532,0.5827663640568082,16.299999237060547,2025-10-08,2025,4,10
2025-10-09,519.1123046875,-0.4667863386675464,253.32330322265625,-1.5577803989300865,192.32470703125,1.8296252478039898,343.0972595214844,-0.13892920499558592,295.146240234375,3.0645865663062377,243.6946258544922,2.038016750166194,347.4700012207031,-0.372734992665269,232.88999938964844,-1.1334684142544793,163.16375732421875,-1.2576716660370524,6735.10986328125,-0.2755570407195318,16.43000030517578,0.7975526024544655,-0.2755570407195318,16.43000030517578,2025-10-09,2025,4,10
2025-10-10,507.7443237304688,-2.1898885567496973,244.57806396484372,-3.452204809648318,182.92669677734372,-4.886532988389913,322.82086181640625,-5.9098104523940265,291.1706848144531,-1.3469781680989334,240.06895446777344,-1.4877929187012917,337.510009765625,-2.866432043079259,214.8999938964844,-7.724679265022861,151.27561950683594,-7.286016216064562,6552.509765625,-2.711167321141361,21.65999984741211,31.83201123002275,-2.711167321141361,21.65999984741211,2025-10-10,2025,4,10
2025-10-13,510.81488037109375,0.6047446514153343,246.9613342285156,0.9744415443628807,188.0801239013672,2.817208868258403,354.712158203125,9.878945309567966,306.1287841796875,5.137227112944531,247.09181213378903,2.9253502109779506,339.32000732421875,0.5362796676313897,216.4199981689453,0.7073077317969023,159.34222412109375,5.332389079321076,6654.72021484375,1.5598671787557583,19.030000686645508,-12.142193810222157,1.5598671787557583,19.030000686645508,2025-10-13,2025,4,10
2025-10-14,510.3379211425781,-0.09337222677795465,247.07101440429688,0.04441188177246591,179.8006591796875,-4.402094463751838,342.2121887207031,-3.5239754807794843,297.1737976074219,-2.925235075904964,238.1716766357422,-3.6100490020353204,335.94000244140625,-0.9961112842906794,218.08999633789065,0.7716468824852774,159.3028106689453,-0.024735096027328485,6644.31005859375,-0.15643266604626893,20.809999465942383,9.353645376092956,-0.15643266604626893,20.809999465942383,2025-10-14,2025,4,10
2025-10-15,510.1987915039063,-0.02726225759597245,248.63656616210935,0.6336444449330125,179.60093688964844,-0.11107984306079066,349.3720397949219,2.0922256162132946,301.7655639648437,1.545145095022038,235.00294494628903,-1.3304401825660395,330.6300048828125,-1.5806386616669443,238.6000061035156,9.40437897658013,160.51426696777344,0.760473901082448,6671.06005859375,0.40260011595036893,20.63999938964844,-0.8169153323245526,0.40260011595036893,20.63999938964844,2025-10-15,2025,4,10
2025-10-16,508.3902587890625,-0.3544760875487052,246.7519073486328,-0.7579974428410297,181.5784149169922,1.101039928627312,352.1763610839844,0.8026747906640264,311.0882873535156,3.0893927279780797,244.3601531982422,3.981740847584603,329.2300109863281,-0.4234321978674016,234.55999755859372,-1.6932139319263628,161.6075439453125,0.6811089121184333,6629.06982421875,-0.6294387099829435,25.309999465942383,22.62597003096851,-0.6294387099829435,25.309999465942383,2025-10-16,2025,4,10
2025-10-17,510.3478698730469,0.38506069896917516,251.5782470703125,1.955948293789933,182.9866180419922,0.7755344299286593,347.3832092285156,-1.3610089674149672,289.5307922363281,-6.929703236525231,241.4596405029297,-1.186982680011417,333.260009765625,1.2240678689113382,233.0800018310547,-0.6309668071894148,160.98703002929688,-0.38396345917217634,6664.009765625,0.5270715550257155,20.780000686645508,-17.89805956097521,0.5270715550257155,20.780000686645508,2025-10-17,2025,4,10
2025-10-20,513.5376586914062,0.6250224614737565,261.50018310546875,3.9438767662544505,182.4073486328125,-0.31656380962610253,347.2936706542969,-0.025775158913865504,275.487060546875,-4.850514026843122,252.5849609375,4.6075279543188685,343.3999938964844,3.0426645363152316,240.55999755859372,3.2091967001788513,164.52294921875,2.1964000384438798,6735.1298828125,1.0672270853256949,18.229999542236328,-12.271419923715232,1.0672270853256949,18.229999542236328,2025-10-20,2025,4,10
2025-10-21,514.4021606445312,0.1683424649572718,262.0286865234375,0.20210441602466211,180.92922973632807,-0.8103395546085634,340.7503967285156,-1.8840752016740736,273.469482421875,-0.7323676549435221,261.65411376953125,3.590535556182761,357.54998779296875,4.120557410595005,238.02999877929688,-1.0517121736670298,166.28598022460938,1.0716018733138766,6735.35009765625,0.0032696450934288634,17.8700008392334,-1.974759802757342,0.0032696450934288634,17.8700008392334,2025-10-21,2025,4,10
2025-10-22,517.2640380859375,0.5563501984168218,257.72088623046875,-1.6440185806081309,180.05035400390625,-0.4857566318624218,338.4035339355469,-0.688733693489596,270.99468994140625,-0.9049611161551674,254.9292449951172,-2.5701368411648273,354.0899963378906,-0.9676944688029376,230.22999572753903,-3.276899168911085,166.71934509277344,0.26061419464147306,6699.39990234375,-0.5337539220865439,18.600000381469727,4.085056004214738,-0.5337539220865439,18.600000381469727,2025-10-22,2025,4,10
2025-10-23,517.2838745117188,0.003834874323493942,258.84765625,0.43720555055193344,181.92796325683597,1.042824527236963,342.3713073730469,1.1724976365807382,278.35943603515625,2.7176717356869107,253.34983825683597,-0.619547097592299,354.1199951171875,0.008472077609411599,234.9900054931641,2.0675019997212774,167.46788024902344,0.44897918464918973,6738.43994140625,0.5827393442932483,17.299999237060547,-6.9892533212220105,0.5827393442932483,17.299999237060547,2025-10-23,2025,4,10
2025-10-24,520.3146362304688,0.5858991296820992,262.0785522460937,1.2481843733494147,186.0227203369141,2.2507573914282597,352.156494140625,2.858062739736611,281.5994873046875,1.1639811158124402,253.1313018798828,-0.08625873947928353,353.5199890136719,-0.1694358160479137,252.9199981689453,7.630108624472043,166.39431762695312,-0.6410558373784458,6791.68994140625,0.7902422587873881,16.3700008392334,-5.375713519309755,0.7902422587873881,16.3700008392334,2025-10-24,2025,4,10
2025-10-27,528.1749877929688,1.5106919957981635,268.0516662597656,2.2791311850895557,191.2460784912109,2.807914078902063,360.0323486328125,2.2364643626428427,279.6813049316406,-0.6811739578813314,253.7670135498047,0.2511390986419837,357.79998779296875,1.2106808419060533,259.6700134277344,2.6688341403039884,184.8519287109375,11.092693156364453,6875.16015625,1.2290050865671143,15.789999961853027,-3.543071763260408,1.2290050865671143,15.789999961853027,2025-10-27,2025,4,10
2025-10-28,538.6585083007812,1.9848574336355673,268.2411193847656,0.07067783895675639,200.77394104003903,4.981991068259206,370.8914794921875,3.016154215200806,279.1147766113281,-0.2025620984752563,252.56509399414065,-0.47363112283628217,359.9100036621094,0.5897193798568567,258.010009765625,-0.6392743005619872,178.30213928222656,-3.543262693760252,6890.89013671875,0.22879438603986557,16.420000076293945,3.9898677388406023,0.22879438603986557,16.420000076293945,2025-10-28,2025,4,10
2025-10-29,538.1417846679688,-0.09592786985627155,268.93914794921875,0.26022429598195895,206.7762756347656,2.98959843276152,383.8289794921875,3.4882170972796667,273.6185607910156,-1.9691597439020825,249.7837677001953,-1.1012314686723368,337.8599853515625,-6.126536658105197,264.3299865722656,2.449508378524401,175.9777069091797,-1.303648056273532,6890.58984375,-0.0043578255173426506,16.920000076293945,3.045066977325206,-0.0043578255173426506,16.920000076293945,2025-10-29,2025,4,10
2025-10-30,522.4512329101562,-2.9156910325210172,270.63433837890625,0.6303249053230431,202.63156127929688,-2.0044438573744494,374.3719787597656,-2.4638579257182824,255.3209991455078,-6.687251622335344,254.93914794921875,2.0639372592102134,339.239990234375,0.40845466839658506,254.83999633789065,-3.5902056960837814,174.5889434814453,-0.7891700898518317,6822.33984375,-0.9904812439519239,16.90999984741211,-0.05910300730935791,-0.9904812439519239,16.90999984741211,2025-10-30,2025,4,10
2025-10-31,514.5512084960938,-1.5121075262963357,269.6072692871094,-0.37950435186790976,202.2320709228516,-0.19715110218918586,367.5700988769531,-1.816877402348871,261.00604248046875,2.226625837274354,258.6741027832031,1.4650377802032821,340.3099975585937,0.31541308661147127,256.1199951171875,0.5022754660535034,178.17410278320312,2.0534858796134703,6840.2001953125,0.26179217059763005,17.440000534057617,3.1342441834889767,0.26179217059763005,17.440000534057617,2025-10-31,2025,4,10
2025-11-03,513.776123046875,-0.15063329682659665,268.2909545898437,-0.48823412690105483,206.6164703369141,2.1680040134361755,360.529541015625,-1.9154326978280678,256.275146484375,-1.8125618668187626,259.597900390625,0.3571279836219743,337.4700012207031,-0.8345321495885738,259.6499938964844,1.3782597401978514,177.99681091308594,-0.09950484798170178,6851.97021484375,0.17207127269924793,17.170000076293945,-1.548167714997506,0.17207127269924793,17.170000076293945,2025-11-03,2025,4,11
2025-11-04,511.0931701660156,-0.5222027183646616,269.2781982421875,0.36797500454426313,198.43690490722656,-3.9588157789888334,349.9786682128906,-2.9264932834663693,246.6542510986328,-3.7541273579288603,252.743896484375,-2.640238575095011,335.3500061035156,-0.6282025393424595,250.0500030517578,-3.697281367375582,170.2355499267578,-4.360337101835987,6771.5498046875,-1.1736830084583816,19.0,10.658124144289749,-1.1736830084583816,19.0,2025-11-04,2025,4,11
2025-11-05,503.96826171875,-1.394052760468567,269.3779296875,0.037036583712879434,194.9613494873047,-1.7514662514751311,356.9794311523437,2.000339899343384,248.7811737060547,0.8623093248740998,250.99562072753903,-0.6917182892066553,335.5299987792969,0.05367307961989809,256.3299865722656,2.51149107932942,177.0118865966797,3.9805649717919334,6796.2900390625,0.36535556982648654,18.010000228881836,-5.210525111148234,0.36535556982648654,18.010000228881836,2025-11-05,2025,4,11
2025-11-06,493.9715576171875,-1.9835979487020539,269.0089416503906,-0.13697782796735503,187.8404235839844,-3.6524808235306017,353.6083374023437,-0.944338372414899,242.3109436035156,-2.6007715962398037,237.67503356933597,-5.307099430496775,327.3500061035156,-2.4379318408312645,237.6999969482422,-7.267971208967861,170.5901336669922,-3.6278653672108585,6720.31982421875,-1.1178189042419073,19.5,8.273180189796548,-1.1178189042419073,19.5,2025-11-06,2025,4,11
2025-11-07,493.6933288574219,-0.05632485423001654,267.7126159667969,-0.4818894404181151,187.91033935546875,0.03722083359394279,347.482666015625,-1.732332283712179,237.7986602783203,-1.8621871790399092,238.28097534179688,0.25494548727353905,326.95001220703125,-0.12219150420845759,233.5399932861328,-1.750106737702306,168.31494140625,-1.333718552084362,6728.7998046875,0.12618418007710464,19.07999992370605,-2.153846545097171,0.12618418007710464,19.07999992370605,2025-11-07,2025,4,11
2025-11-10,502.8155517578125,1.8477508945690335,268.93035888671875,0.454869456011342,198.7964630126953,5.793254216114918,356.39276123046875,2.56418408348551,239.3590850830078,0.6561957930550033,240.0987701416016,0.7628786969657186,328.8500061035156,0.5811267244367757,243.97999572753903,4.470327456340706,168.9846954345703,0.3979171562100259,6832.43017578125,1.540101862170995,17.600000381469727,-7.7568110490267355,1.540101862170995,17.600000381469727,2025-11-10,2025,4,11
2025-11-11,505.4786987304688,0.5296468980217739,274.73956298828125,2.160114657791201,192.91395568847656,-2.9590603550341266,349.9985656738281,-1.7941429378543705,234.70767211914065,-1.943278218269462,242.87014770507807,1.1542656223695102,333.2200012207031,1.328871837031964,237.5200042724609,-2.6477545570138594,171.35836791992188,1.4046671381969134,6846.60986328125,0.2075350517340535,17.280000686645508,-1.8181800448205276,0.2075350517340535,17.280000686645508,2025-11-11,2025,4,11
2025-11-12,507.9232177734375,0.48360475903499456,272.9628601074219,-0.6466862149501096,193.5531463623047,0.3313345950255231,353.2403869628906,0.9262384498122778,225.60362243652344,-3.8788888324007953,244.38003540039065,0.6216851719240912,337.04998779296875,1.1493867589685625,258.8900146484375,8.997141289818655,174.00784301757812,1.546160324597845,6850.919921875,0.06295171887717999,17.510000228881836,1.3310158165333874,0.06295171887717999,17.510000228881836,2025-11-12,2025,4,11
2025-11-13,500.1226196289063,-1.5357829434784143,272.44384765625,-0.19014031834500011,186.62196350097656,-3.5810230893141393,338.0853271484375,-4.290296459233933,216.24114990234372,-4.1499655160962545,238.8272857666016,-2.2721780953552373,333.6000061035156,-1.0235816093760675,247.9600067138672,-4.221873118363728,171.87054443359375,-1.2282771551673455,6737.490234375,-1.6556854961596978,20.0,14.22044396670561,-1.6556854961596978,20.0,2025-11-13,2025,4,11
2025-11-14,506.96923828125,1.3689880008674438,271.9048156738281,-0.197850671637112,189.92776489257807,1.7713892457166258,340.5514831542969,0.7294478073508914,221.4889068603516,2.4268077377399333,242.0357666015625,1.3434314360949662,331.1099853515625,-0.7464090846510563,246.80999755859372,-0.46378816104829523,171.35836791992188,-0.2980013331311482,6734.10986328125,-0.05017255648851471,19.82999992370605,-0.8500003814697399,-0.05017255648851471,19.82999992370605,2025-11-14,2025,4,11
2025-11-17,504.296142578125,-0.5272698028360612,266.9639892578125,-1.8171161859606544,186.3623046875,-1.877271712798112,340.74041748046875,0.055478932119723545,218.5171661376953,-1.3417108625354168,235.449951171875,-2.7210091806509795,325.07000732421875,-1.824160639834127,240.5200042724609,-2.548516408716195,164.23731994628906,-4.155646473570862,6672.41015625,-0.9162266176807821,22.3799991607666,12.85930028679485,-0.9162266176807821,22.3799991607666,2025-11-17,2025,4,11
2025-11-18,490.6824035644531,-2.699552478048717,266.9440612792969,-0.007464669137968727,181.1289825439453,-2.808144142845914,338.6024169921875,-0.6274572603069073,219.143310546875,0.2865424351994106,231.9434814453125,-1.4892633059001237,324.4700012207031,-0.18457750330598266,230.2899932861328,-4.253289042328278,162.57278442382812,-1.0134940846607154,6617.31982421875,-0.8256436690967983,24.690000534057617,10.321722340993556,-0.8256436690967983,24.690000534057617,2025-11-18,2025,4,11
2025-11-19,484.0543518066406,-1.3507824429130677,268.0619506835937,0.41877290655558674,186.2823944091797,2.8451613832612743,352.4448547363281,4.088109549572416,224.1525421142578,2.2858245386921494,226.36094665527344,-2.4068513394955304,318.1099853515625,-1.960124463036128,223.5500030517578,-2.9267403842426765,163.60696411132812,0.6361333424688587,6642.16015625,0.37538357962292324,23.65999984741211,-4.171732135950002,0.37538357962292324,23.65999984741211,2025-11-19,2025,4,11
2025-11-20,476.308837890625,-1.6001331022243659,265.7562561035156,-0.860134970367199,180.40989685058597,-3.152470515111827,344.8871765136719,-2.144357655131701,209.40318298339844,-6.580054364648314,223.86767578125,-1.1014580522233142,312.3999938964844,-1.7949739769305473,206.0200042724609,-7.841645511066375,157.18519592285156,-3.9251190946290038,6538.759765625,-1.5567283563270418,26.420000076293945,11.665258861714323,-1.5567283563270418,26.420000076293945,2025-11-20,2025,4,11
2025-11-21,470.0268249511719,-1.3188948933371858,270.98651123046875,1.9680647235321702,178.6521453857422,-0.9743098884977153,338.3041076660156,-1.9087601093789264,197.5460357666016,-5.662352905942636,225.59608459472656,0.7720671630885523,324.19000244140625,3.7740104914434136,203.77999877929688,-1.0872757240610653,160.8393096923828,2.3247187803390412,6602.990234375,0.9823035415319481,23.43000030517578,-11.317183052550483,0.9823035415319481,23.43000030517578,2025-11-21,2025,4,11
2025-11-24,471.89849853515625,0.398205694787479,275.4083251953125,1.6317468883471742,182.3174743652344,2.051656850567407,375.8536376953125,11.09934203529297,199.05674743652344,0.7647390462984127,225.3080139160156,-0.12769311986441378,318.7300109863281,-1.6841948900213066,215.0500030517578,5.5304761703659056,162.57278442382812,1.077768074708052,6705.1201171875,1.5467217001293498,20.520000457763672,-12.419973578785138,1.5467217001293498,20.520000457763672,2025-11-24,2025,4,11
2025-11-25,474.8752136230469,0.6307956259938852,276.4563903808594,0.3805495657415614,177.59349060058594,-2.591075694250222,382.8842468261719,1.8705709951273075,195.82659912109372,-1.6227273664560227,232.559326171875,3.2183996165189077,319.54998779296875,0.25726375878543095,206.1300048828125,-4.14787167745283,160.8393096923828,-1.066276091406626,6765.8798828125,0.9061696817220577,18.559999465942383,-9.551661540434953,0.9061696817220577,18.559999465942383,2025-11-25,2025,4,11
2025-11-26,483.3475341796875,1.784115134584785,277.0352783203125,0.2093957526739132,180.03038024902344,1.3721728427074753,395.3543701171875,3.2568911869275796,203.7081756591797,4.024773229714418,226.62913513183597,-2.5499691358996657,317.5199890136719,-0.6352679883724677,214.2400054931641,3.934410526484111,162.65158081054688,1.126758826328067,6812.60986328125,0.6906711511012631,17.190000534057617,-7.381459974709137,0.6906711511012631,17.190000534057617,2025-11-26,2025,4,11
2025-11-28,489.8286743164063,1.3408861488697355,278.3328857421875,0.46839067924580036,176.7745361328125,-1.8084970501686226,400.7143249511719,1.3557343080324635,200.716552734375,-1.4685826502171984,229.00320434570312,1.0475569314978506,320.1300048828125,0.8220004911338785,217.52999877929688,1.5356577678195427,165.55711364746094,1.7863538875151574,6849.08984375,0.5354773163420257,16.350000381469727,-4.886562690464402,0.5354773163420257,16.350000381469727,2025-11-28,2025,4,11
2025-12-01,484.5820007324219,-1.0711242234453855,282.57501220703125,1.524119743713337,179.69082641601562,1.6497230579703537,383.9284057617188,-4.188999031042496,199.7127227783203,-0.5001231549563001,231.27793884277344,0.9933199422119676,322.8500061035156,0.8496551960816001,219.75999450683597,1.025143998553335,165.50787353515625,-0.029742069802896065,6812.6298828125,-0.5323329342915684,17.239999771118164,5.443421216412436,-0.5323329342915684,17.239999771118164,2025-12-01,2025,4,12
2025-12-02,487.82757568359375,0.6697679538790746,285.6592712402344,1.0914832876105063,181.22885131835935,0.8559284483354412,379.4435729980469,-1.1681429913407815,199.8717498779297,0.07962792625180182,233.1454162597656,0.8074602473267856,322.8099975585937,-0.012392301119890092,215.2400054931641,-2.0567842767812206,168.1278076171875,1.5829664329985782,6829.3701171875,0.24572352619998128,16.59000015258789,-3.7702994614837837,0.24572352619998128,16.59000015258789,2025-12-02,2025,4,12
2025-12-03,475.6119689941406,-2.5040828559835693,283.623046875,-0.7128157809805358,179.36123657226562,-1.0305283802814258,378.4889221191406,-0.251592317498861,206.46124267578125,3.2968605127418282,237.1286773681641,1.7084878494717737,326.7799987792969,1.2298259814529366,217.6000061035156,1.0964507294748405,172.4319610595703,2.560048515105251,6849.72021484375,0.29797912994984355,16.079999923706055,-3.074142400187263,0.29797912994984355,16.079999923706055,2025-12-03,2025,4,12
2025-12-04,478.7081909179688,0.6509974781282901,280.179443359375,-1.2141479874668626,183.1566162109375,2.1160534523537944,378.9065551757813,0.1103422140606769,213.0209503173828,3.1772101904388395,245.8104248046875,3.6611967531215983,328.7300109863281,0.5967354839083283,215.97999572753903,-0.744490041606849,172.60025024414062,0.09759744280364302,6857.1201171875,0.10803218396737702,15.779999732971191,-1.8656728368050879,0.10803218396737702,15.779999732971191,2025-12-04,2025,4,12
2025-12-05,481.0178833007813,0.48248440837903583,278.26300048828125,-0.6840055245008081,182.1877899169922,-0.5289605770121497,388.0652160644531,2.417129174348265,216.25108337402344,1.5163452476519401,258.8330383300781,5.297828005357363,346.260009765625,5.33264326147147,217.97000122070312,0.9213841710018933,173.0556182861328,0.26382814703227453,6870.39990234375,0.1936641757662061,15.40999984741211,-2.3447394918898135,0.1936641757662061,15.40999984741211,2025-12-05,2025,4,12
2025-12-08,488.8430480957031,1.6267929045017837,277.3746643066406,-0.3192433705098474,185.323974609375,1.7214022376646154,398.8647155761719,2.7829084042217067,219.1930084228516,1.3604209527773081,257.7999572753906,-0.3991302892987214,339.1199951171875,-2.0620384817959247,221.1100006103516,1.440564927312682,173.5506134033203,0.28603238778937,6846.509765625,-0.3477255626794018,16.65999984741211,8.111615914194314,-0.3477255626794018,16.65999984741211,2025-12-08,2025,4,12
2025-12-09,489.8385925292969,0.20365318428314794,276.6659545898437,-0.2555062909471273,184.7446746826172,-0.3125876875773148,404.0257873535156,1.2939404203473837,220.17697143554688,0.4489025538611635,259.280029296875,0.5741164727592674,344.32000732421875,1.5333841359706168,221.6199951171875,0.23065194040436943,174.2336883544922,0.3935883243376681,6840.509765625,-0.08763589340257116,16.93000030517578,1.6206510218282677,-0.08763589340257116,16.93000030517578,2025-12-09,2025,4,12
2025-12-10,476.4382934570313,-2.7356560460197077,278.26300048828125,0.5772469911613065,183.55612182617188,-0.6433489130266867,410.6685485839844,1.6441428835472838,221.64791870117188,0.6680749835164201,262.4388122558594,1.2182901118726663,343.1300048828125,-0.34560943775936437,221.4199981689453,-0.0902431877306209,180.38136291503903,3.5284075190091357,6886.68017578125,0.674955693920154,15.770000457763672,-6.851741444195236,0.674955693920154,15.770000457763672,2025-12-10,2025,4,12
2025-12-11,481.3265075683594,1.025991020969208,277.514404296875,-0.2690246960942222,180.70957946777344,-1.5507749510496383,404.1053161621094,-1.5981823893028824,197.63548278808597,-10.833594131537838,260.6011657714844,-0.7002190219423166,350.42999267578125,2.1274699644707296,221.42999267578125,0.004513823014451468,179.45079040527344,-0.5158917167090604,6901.0,0.2079350841514227,14.850000381469728,-5.833862077290064,0.2079350841514227,14.850000381469728,2025-12-11,2025,4,12
2025-12-12,476.4084167480469,-1.0217785106327315,277.7639465332031,0.08992046267306542,174.80679321289062,-3.266449001911087,357.92413330078125,-11.428006763168208,188.80972290039065,-4.465675780071687,260.4819641113281,-0.045741031051560466,356.42999267578125,1.712182211969293,210.77999877929688,-4.809643792057628,176.50070190429688,-1.6439540301349753,6827.41015625,-1.0663649289958,15.739999771118164,5.9932617291983625,-1.0663649289958,15.739999771118164,2025-12-12,2025,4,12
2025-12-15,472.7148742675781,-0.7752890903315213,273.6016540527344,-1.498499906996098,176.0752410888672,0.72562847968487,337.916259765625,-5.5899761076861125,183.79055786132807,-2.6583191596073252,252.88296508789065,-2.9172841387934745,351.1499938964844,-1.4813564761088194,207.5800018310547,-1.5181691653736284,177.46096801757812,0.5440579572323356,6816.509765625,-0.15965630269072495,16.5,4.828464040237068,-0.15965630269072495,16.5,2025-12-15,2025,4,12
2025-12-16,474.2779235839844,0.33065371992535564,274.1007385253906,0.18241281266524467,177.50350952148438,0.8111693749698334,339.39794921875,0.4384782946380561,187.49778747558597,2.017094706821143,253.21075439453125,0.12962095193982393,347.8900146484375,-0.9283722923850823,209.1699981689453,0.765967975655335,174.35247802734375,-1.7516471508971287,6800.259765625,-0.23839179519623555,16.479999542236328,-0.12121489553740261,-0.23839179519623555,16.479999542236328,2025-12-16,2025,4,12
2025-12-17,474.0090942382813,-0.056681817207848706,271.3358764648437,-1.0087028861802239,170.7317657470703,-3.8149914853342293,324.2030944824219,-4.477002519109119,177.37002563476562,-5.4015367206074805,256.41925048828125,1.2671247322895374,354.6600036621094,1.946014179370259,198.1100006103516,-5.287564017503421,170.61041259765625,-2.1462645509980227,6721.43017578125,-1.1592143912241393,17.6200008392334,6.917483790429602,-1.1592143912241393,17.6200008392334,2025-12-17,2025,4,12
2025-12-18,481.8342590332031,1.6508469753089061,271.68524169921875,0.1287574790797441,173.9278564453125,1.8719953397407174,328.0415954589844,1.1839803635096402,178.93043518066406,0.879748165065708,256.54461669921875,0.048891107316939575,355.8099975585937,0.3242524910082478,201.05999755859372,1.4890701828042863,172.44186401367188,1.073469894439949,6774.759765625,0.7934262269941872,16.8700008392334,-4.256526471497213,0.7934262269941872,16.8700008392334,2025-12-18,2025,4,12
2025-12-19,483.7656555175781,0.4008424988813264,273.1625061035156,0.5437411303821804,180.7695159912109,3.933619194605331,338.4631652832031,3.176904992684615,190.7975006103516,6.632222974087942,258.5941772460937,0.7989099803555444,355.8599853515625,0.014049013043981873,213.42999267578125,6.152389966871752,173.4912109375,0.6085221415519593,6834.5,0.8818059450332205,14.90999984741211,-11.618262562637515,0.8818059450332205,14.90999984741211,2025-12-19,2025,4,12
2025-12-22,482.7701110839844,-0.20579063896725147,270.4674987792969,-0.9865948891234266,183.4662322998047,1.491798157342461,340.19683837890625,0.5122191344669735,197.1683654785156,3.3390714489361484,263.290283203125,1.8160138047355279,357.5299987792969,0.4692894667784886,214.9499969482422,0.7121793209120098,172.47154235839844,-0.5877350060510489,6878.490234375,0.6436496360377575,14.079999923706056,-5.566733281020886,0.6436496360377575,14.079999923706056,2025-12-22,2025,4,12
2025-12-23,484.6915283203125,0.39799838312564173,271.8549194335937,0.5129713035979089,188.97950744628903,3.0050626087284815,348.0379333496094,2.3048700299706626,194.1469268798828,-1.5324155025071784,262.0963439941406,-0.4534687700811446,352.4200134277344,-1.429246600008216,214.8999938964844,-0.023262643623034318,172.99623107910156,0.30421756165015523,6909.7900390625,0.45503887657032394,14.0,-0.5681812794001706,0.45503887657032394,14.0,2025-12-23,2025,4,12
2025-12-24,485.8563232421875,0.24031674865694352,273.3022155761719,0.5323781322749577,188.38023376464844,-0.3171104051114759,348.93463134765625,0.25764375435080034,196.28379821777344,1.1006464908984492,263.9170837402344,0.6946833818233022,352.9800109863281,0.15890061212673334,215.0399932861328,0.06514629763825219,173.0160369873047,0.0114487512702377,6932.0498046875,0.32214822012188726,13.470000267028809,-3.7857123783656577,0.32214822012188726,13.470000267028809,2025-12-24,2025,4,12
2025-12-26,485.5476989746094,-0.06352171471570855,272.8929748535156,-0.14973926274014504,190.2978973388672,1.0179749413702144,350.8376159667969,0.5453699484602392,196.7807464599609,0.2531784317909569,264.73291015625,0.30912224568933055,353.79998779296875,0.23230120151829237,214.9900054931641,-0.023245812188155135,173.0556182861328,0.022877242778962525,6929.93994140625,-0.030436354912266594,13.600000381469728,0.96510847708835,-0.030436354912266594,13.600000381469728,2025-12-26,2025,4,12
2025-12-29,484.9404296875,-0.12506892492577526,273.2523498535156,0.1316908213532919,187.9907073974609,-1.2124095818556668,348.1076965332031,-0.7781148056404841,194.1866912841797,-1.3182464354097978,264.8821716308594,0.056381911308744925,353.1600036621094,-0.18088868087634546,215.6100006103516,0.2883832277529752,171.68946838378906,-0.7894282288396615,6905.740234375,-0.349205148036813,14.199999809265137,4.411760374749107,-0.349205148036813,14.199999809265137,2025-12-29,2025,4,12
2025-12-30,485.3187255859375,0.07800873577012979,272.5735778808594,-0.24840480713893553,187.31153869628903,-0.361277804937421,348.56597900390625,0.13164962316751794,196.0055084228516,0.9366332608294892,264.5737609863281,-0.11643314558785756,352.510009765625,-0.1840508239167038,215.33999633789065,-0.1252280838999198,171.9072723388672,0.12685924019011363,6896.240234375,-0.13756671519022934,14.329999923706056,0.9154937759653814,-0.13756671519022934,14.329999923706056,2025-12-30,2025,4,12
